model,arm,dataset,fault_type,n,MRR,AC1,AC3,AC5,AVG3,AVG5,input_tokens,output_tokens,total_tokens,wall_time_s,model_failures
gemma-4-26b-a4b,SIRCL_TEXT,aegislab,ContainerKill,6,0.16666666666666666,0.16666666666666666,0.16666666666666666,0.16666666666666666,0.16666666666666666,0.16666666666666666,17840.166666666668,71.66666666666667,17911.833333333332,5.940739030166999,0
gemma-4-26b-a4b,SIRCL_TEXT,aegislab,HTTPRequestAbort,7,0.19047619047619047,0.14285714285714285,0.2857142857142857,0.2857142857142857,0.19047619047619047,0.2285714285714286,20871.428571428572,66.71428571428571,20938.14285714286,5.501505652429062,0
gemma-4-26b-a4b,SIRCL_TEXT,aegislab,HTTPRequestDelay,5,0.4,0.4,0.4,0.4,0.4,0.4,18301.8,63.2,18365.0,4.982247018400085,0
gemma-4-26b-a4b,SIRCL_TEXT,aegislab,HTTPRequestReplaceMethod,17,0.2549019607843137,0.23529411764705882,0.29411764705882354,0.29411764705882354,0.2549019607843137,0.27058823529411763,18602.470588235294,66.05882352941177,18668.529411764706,5.722994990764539,0
gemma-4-26b-a4b,SIRCL_TEXT,aegislab,HTTPResponseAbort,4,0.25,0.25,0.25,0.25,0.25,0.25,21580.25,64.5,21644.75,5.546743683999011,0
gemma-4-26b-a4b,SIRCL_TEXT,aegislab,HTTPResponseDelay,3,1.0,1.0,1.0,1.0,1.0,1.0,15893.0,54.0,15947.0,4.367133594332699,0
gemma-4-26b-a4b,SIRCL_TEXT,aegislab,HTTPResponseReplaceBody,4,0.3333333333333333,0.25,0.5,0.5,0.3333333333333333,0.4,19723.75,62.5,19786.25,5.635839845999726,0
gemma-4-26b-a4b,SIRCL_TEXT,aegislab,HTTPResponseReplaceCode,23,0.4057971014492754,0.34782608695652173,0.4782608695652174,0.4782608695652174,0.42028985507246375,0.4434782608695652,18588.130434782608,66.17391304347827,18654.304347826088,5.54997820434785,0
gemma-4-26b-a4b,SIRCL_TEXT,aegislab,JVMCPUStress,1,0.0,0.0,0.0,0.0,0.0,0.0,10473.0,62.0,10535.0,4.13193264200163,0
gemma-4-26b-a4b,SIRCL_TEXT,aegislab,JVMException,4,0.0,0.0,0.0,0.0,0.0,0.0,16139.0,55.5,16194.5,4.630293061000884,0
gemma-4-26b-a4b,SIRCL_TEXT,aegislab,JVMMemoryStress,16,0.25,0.1875,0.3125,0.3125,0.2708333333333333,0.2875,22595.9375,66.3125,22662.25,5.576212753624759,0
gemma-4-26b-a4b,SIRCL_TEXT,aegislab,JVMMySQLLatency,1,0.0,0.0,0.0,0.0,0.0,0.0,22149.0,61.0,22210.0,4.689583452996885,0
gemma-4-26b-a4b,SIRCL_TEXT,aegislab,JVMReturn,1,0.0,0.0,0.0,0.0,0.0,0.0,20718.0,61.0,20779.0,5.826221719002206,0
gemma-4-26b-a4b,SIRCL_TEXT,aegislab,NetworkBandwidth,1,0.0,0.0,0.0,0.0,0.0,0.0,7288.0,57.0,7345.0,3.0297517529979814,0
gemma-4-26b-a4b,SIRCL_TEXT,aegislab,NetworkCorrupt,4,0.5,0.5,0.5,0.5,0.5,0.5,18892.25,60.0,18952.25,4.613450759750776,0
gemma-4-26b-a4b,SIRCL_TEXT,aegislab,NetworkDelay,1,1.0,1.0,1.0,1.0,1.0,1.0,10549.0,43.0,10592.0,2.8156210010020004,0
gemma-4-26b-a4b,SIRCL_TEXT,aegislab,NetworkLoss,4,0.5,0.5,0.5,0.5,0.5,0.5,15361.75,63.5,15425.25,4.919287953500316,0
gemma-4-26b-a4b,SIRCL_TEXT,aegislab,NetworkPartition,13,0.46153846153846156,0.3076923076923077,0.6153846153846154,0.6153846153846154,0.5128205128205128,0.5538461538461539,16504.53846153846,69.6923076923077,16574.23076923077,5.390160064615954,0
gemma-4-26b-a4b,SIRCL_TEXT,aegislab,PodFailure,2,0.0,0.0,0.0,0.0,0.0,0.0,13694.0,54.5,13748.5,3.5792675914999563,0
gemma-4-26b-a4b,SIRCL_TEXT,aegislab,PodKill,2,0.25,0.0,0.5,0.5,0.3333333333333333,0.4,15812.5,82.5,15895.0,6.58819666150157,0
gemma-4-26b-a4b,SIRCL_TEXT,aegislab,TimeSkew,1,0.0,0.0,0.0,0.0,0.0,0.0,25472.0,68.0,25540.0,6.531043400998897,0
gemma-4-26b-a4b,SIRCL_TEXT,aiops2022,k8s容器cpu负载,10,0.2,0.2,0.2,0.2,0.2,0.2,19705.0,80.6,19785.6,6.377280915200027,1
gemma-4-26b-a4b,SIRCL_TEXT,aiops2022,k8s容器内存负载,13,0.23076923076923078,0.23076923076923078,0.23076923076923078,0.23076923076923078,0.23076923076923078,0.23076923076923078,15912.461538461539,77.6923076923077,15990.153846153846,6.401958291923131,0
gemma-4-26b-a4b,SIRCL_TEXT,aiops2022,k8s容器写io负载,9,0.2592592592592593,0.1111111111111111,0.4444444444444444,0.4444444444444444,0.2962962962962963,0.35555555555555557,18893.88888888889,84.55555555555556,18978.444444444445,7.007272922889064,0
gemma-4-26b-a4b,SIRCL_TEXT,aiops2022,k8s容器网络丢包,14,0.13095238095238096,0.07142857142857142,0.21428571428571427,0.21428571428571427,0.14285714285714285,0.17142857142857143,21974.785714285714,73.42857142857143,22048.214285714286,6.373528973643,0
gemma-4-26b-a4b,SIRCL_TEXT,aiops2022,k8s容器网络延迟,8,0.125,0.125,0.125,0.125,0.125,0.125,19365.125,67.125,19432.25,6.474726405875572,0
gemma-4-26b-a4b,SIRCL_TEXT,aiops2022,k8s容器网络资源包损坏,5,0.0,0.0,0.0,0.0,0.0,0.0,24829.0,91.2,24920.2,7.820512758000405,0
gemma-4-26b-a4b,SIRCL_TEXT,aiops2022,k8s容器网络资源包重复发送,8,0.1875,0.125,0.25,0.25,0.20833333333333331,0.225,17548.125,76.5,17624.625,5.4542513938749835,0
gemma-4-26b-a4b,SIRCL_TEXT,aiops2022,k8s容器读io负载,11,0.13636363636363635,0.09090909090909091,0.18181818181818182,0.18181818181818182,0.1515151515151515,0.16363636363636364,16488.090909090908,68.18181818181819,16556.272727272728,5.493188715363596,1
gemma-4-26b-a4b,SIRCL_TEXT,aiops2022,k8s容器进程中止,11,0.2727272727272727,0.2727272727272727,0.2727272727272727,0.2727272727272727,0.2727272727272727,0.2727272727272727,16381.272727272728,72.72727272727273,16454.0,5.7299272051819905,0
gemma-4-26b-a4b,SIRCL_TEXT,aiops2022,node 内存消耗,6,0.5,0.5,0.5,0.5,0.5,0.5,17231.666666666668,77.33333333333333,17309.0,6.376914532501057,0
gemma-4-26b-a4b,SIRCL_TEXT,aiops2022,node 磁盘写IO消耗,5,0.6,0.6,0.6,0.6,0.6,0.6,17165.0,80.8,17245.8,6.703192945999763,0
gemma-4-26b-a4b,SIRCL_TEXT,aiops2022,node 磁盘空间消耗,6,0.3333333333333333,0.3333333333333333,0.3333333333333333,0.3333333333333333,0.3333333333333333,0.3333333333333333,18483.5,81.83333333333333,18565.333333333332,6.985237529500107,0
gemma-4-26b-a4b,SIRCL_TEXT,aiops2022,node 磁盘读IO消耗,5,0.4,0.4,0.4,0.4,0.4,0.4,17139.0,77.6,17216.6,6.945684712200455,0
gemma-4-26b-a4b,SIRCL_TEXT,aiops2022,node节点CPU故障,5,0.0,0.0,0.0,0.0,0.0,0.0,18114.4,78.8,18193.2,6.933363950000057,0
gemma-4-26b-a4b,SIRCL_TEXT,aiops2022,node节点CPU爬升,4,0.0,0.0,0.0,0.0,0.0,0.0,16605.5,84.25,16689.75,7.236448092249702,0
gemma-4-26b-a4b,SIRCL_TEXT,aiops2025,code error,9,0.16666666666666666,0.1111111111111111,0.2222222222222222,0.2222222222222222,0.18518518518518517,0.2,8960.888888888889,69.33333333333333,9030.222222222223,4.181826325333128,0
gemma-4-26b-a4b,SIRCL_TEXT,aiops2025,cpu stress,4,0.5,0.5,0.5,0.5,0.5,0.5,5940.0,61.25,6001.25,3.8075934147500448,0
gemma-4-26b-a4b,SIRCL_TEXT,aiops2025,dns error,8,0.25,0.25,0.25,0.25,0.25,0.25,5320.125,68.25,5388.375,4.517165196875794,0
gemma-4-26b-a4b,SIRCL_TEXT,aiops2025,io fault,9,0.3333333333333333,0.3333333333333333,0.3333333333333333,0.3333333333333333,0.3333333333333333,0.3333333333333333,5808.444444444444,64.88888888888889,5873.333333333333,4.232411284333163,0
gemma-4-26b-a4b,SIRCL_TEXT,aiops2025,jvm cpu,3,1.0,1.0,1.0,1.0,1.0,1.0,6796.0,62.333333333333336,6858.333333333333,4.9577636100002564,0
gemma-4-26b-a4b,SIRCL_TEXT,aiops2025,jvm exception,4,0.08333333333333333,0.0,0.25,0.25,0.08333333333333333,0.15,5274.5,79.75,5354.25,5.188426238999455,0
gemma-4-26b-a4b,SIRCL_TEXT,aiops2025,jvm gc,8,0.125,0.125,0.125,0.125,0.125,0.125,4976.25,72.5,5048.75,4.7742462520004665,0
gemma-4-26b-a4b,SIRCL_TEXT,aiops2025,jvm latency,7,0.35714285714285715,0.2857142857142857,0.42857142857142855,0.42857142857142855,0.38095238095238093,0.39999999999999997,5998.142857142857,73.14285714285714,6071.285714285715,4.389084521856213,0
gemma-4-26b-a4b,SIRCL_TEXT,aiops2025,memory stress,8,0.375,0.375,0.375,0.375,0.375,0.375,5420.375,66.0,5486.375,4.046206693500153,0
gemma-4-26b-a4b,SIRCL_TEXT,aiops2025,network corrupt,8,0.4375,0.375,0.5,0.5,0.4583333333333333,0.475,9742.0,72.75,9814.75,5.086178089249188,0
gemma-4-26b-a4b,SIRCL_TEXT,aiops2025,network delay,6,0.6666666666666666,0.6666666666666666,0.6666666666666666,0.6666666666666666,0.6666666666666666,0.6666666666666666,6288.833333333333,60.166666666666664,6349.0,3.19046675633399,0
gemma-4-26b-a4b,SIRCL_TEXT,aiops2025,network loss,5,0.4,0.4,0.4,0.4,0.4,0.4,11174.2,74.2,11248.4,4.878352358600386,0
gemma-4-26b-a4b,SIRCL_TEXT,aiops2025,node cpu stress,4,0.75,0.75,0.75,0.75,0.75,0.75,4731.25,74.75,4806.0,5.636570825999115,0
gemma-4-26b-a4b,SIRCL_TEXT,aiops2025,node disk fill,8,0.125,0.125,0.125,0.125,0.125,0.125,5662.875,69.5,5732.375,4.233562133624218,0
gemma-4-26b-a4b,SIRCL_TEXT,aiops2025,node memory stress,8,0.125,0.125,0.125,0.125,0.125,0.125,5267.875,63.75,5331.625,3.8205880279997473,0
gemma-4-26b-a4b,SIRCL_TEXT,aiops2025,pod failure,13,0.07692307692307693,0.0,0.15384615384615385,0.15384615384615385,0.10256410256410256,0.12307692307692308,7614.692307692308,75.76923076923077,7690.461538461538,4.820058878922562,0
gemma-4-26b-a4b,SIRCL_TEXT,aiops2025,pod kill,6,0.0,0.0,0.0,0.0,0.0,0.0,8831.666666666666,67.33333333333333,8899.0,4.380514600999959,0
gemma-4-26b-a4b,SIRCL_TEXT,aiops2025,target port misconfig,2,0.0,0.0,0.0,0.0,0.0,0.0,7344.0,75.5,7419.5,4.565215344498938,0
gemma-4-26b-a4b,T,aegislab,ContainerKill,6,0.9166666666666666,0.8333333333333334,1.0,1.0,0.9444444444444443,0.9666666666666667,15279.833333333334,133.0,15412.833333333334,11.644874926000435,0
gemma-4-26b-a4b,T,aegislab,HTTPRequestAbort,7,0.11904761904761904,0.0,0.2857142857142857,0.2857142857142857,0.14285714285714285,0.19999999999999998,15526.285714285714,116.28571428571429,15642.57142857143,11.1484761584283,0
gemma-4-26b-a4b,T,aegislab,HTTPRequestDelay,5,0.2,0.2,0.2,0.2,0.2,0.2,14800.2,107.8,14908.0,9.436584164800298,0
gemma-4-26b-a4b,T,aegislab,HTTPRequestReplaceMethod,17,0.47058823529411764,0.47058823529411764,0.47058823529411764,0.47058823529411764,0.47058823529411764,0.47058823529411764,15377.117647058823,110.0,15487.117647058823,9.867079503646357,0
gemma-4-26b-a4b,T,aegislab,HTTPResponseAbort,4,0.3333333333333333,0.25,0.5,0.5,0.3333333333333333,0.4,15726.75,125.75,15852.5,10.928426356250384,0
gemma-4-26b-a4b,T,aegislab,HTTPResponseDelay,3,0.0,0.0,0.0,0.0,0.0,0.0,14939.333333333334,116.66666666666667,15056.0,10.118489092333524,0
gemma-4-26b-a4b,T,aegislab,HTTPResponseReplaceBody,4,0.5,0.5,0.5,0.5,0.5,0.5,15417.75,108.0,15525.75,10.330071515749296,0
gemma-4-26b-a4b,T,aegislab,HTTPResponseReplaceCode,23,0.34782608695652173,0.34782608695652173,0.34782608695652173,0.34782608695652173,0.34782608695652173,0.34782608695652173,15326.0,109.04347826086956,15435.04347826087,9.949114699304038,0
gemma-4-26b-a4b,T,aegislab,JVMCPUStress,1,1.0,1.0,1.0,1.0,1.0,1.0,15149.0,118.0,15267.0,10.485456390000763,0
gemma-4-26b-a4b,T,aegislab,JVMException,4,1.0,1.0,1.0,1.0,1.0,1.0,15435.25,121.5,15556.75,10.832368069499353,0
gemma-4-26b-a4b,T,aegislab,JVMMemoryStress,16,0.7395833333333334,0.625,0.875,0.875,0.7708333333333334,0.8125,15405.8125,118.25,15524.0625,10.750943038813148,0
gemma-4-26b-a4b,T,aegislab,JVMMySQLLatency,1,1.0,1.0,1.0,1.0,1.0,1.0,15454.0,125.0,15579.0,10.08888199699868,0
gemma-4-26b-a4b,T,aegislab,JVMReturn,1,1.0,1.0,1.0,1.0,1.0,1.0,14988.0,105.0,15093.0,8.833154010000726,0
gemma-4-26b-a4b,T,aegislab,NetworkBandwidth,1,1.0,1.0,1.0,1.0,1.0,1.0,15717.0,122.0,15839.0,10.29249473499658,0
gemma-4-26b-a4b,T,aegislab,NetworkCorrupt,4,0.75,0.75,0.75,0.75,0.75,0.75,15016.25,110.0,15126.25,9.696215014500012,0
gemma-4-26b-a4b,T,aegislab,NetworkDelay,1,1.0,1.0,1.0,1.0,1.0,1.0,15674.0,98.0,15772.0,8.220351566000318,0
gemma-4-26b-a4b,T,aegislab,NetworkLoss,4,0.25,0.25,0.25,0.25,0.25,0.25,15153.25,116.0,15269.25,9.595546204499442,0
gemma-4-26b-a4b,T,aegislab,NetworkPartition,13,0.34615384615384615,0.3076923076923077,0.38461538461538464,0.38461538461538464,0.3589743589743589,0.3692307692307692,15435.538461538461,117.76923076923077,15553.307692307691,10.937069211846952,0
gemma-4-26b-a4b,T,aegislab,PodFailure,2,1.0,1.0,1.0,1.0,1.0,1.0,15364.0,133.5,15497.5,12.508178697999028,0
gemma-4-26b-a4b,T,aegislab,PodKill,2,1.0,1.0,1.0,1.0,1.0,1.0,15074.5,128.5,15203.0,10.02507938600138,0
gemma-4-26b-a4b,T,aegislab,TimeSkew,1,0.0,0.0,0.0,0.0,0.0,0.0,15683.0,104.0,15787.0,9.308265251998819,0
gemma-4-26b-a4b,T,aiops2022,k8s容器cpu负载,10,0.4,0.4,0.4,0.4,0.4,0.4,14435.6,118.2,14553.8,9.926809808999314,0
gemma-4-26b-a4b,T,aiops2022,k8s容器内存负载,13,0.4230769230769231,0.38461538461538464,0.46153846153846156,0.46153846153846156,0.43589743589743585,0.4461538461538461,14257.076923076924,109.46153846153847,14366.538461538461,9.387494844231137,0
gemma-4-26b-a4b,T,aiops2022,k8s容器写io负载,9,0.5555555555555556,0.5555555555555556,0.5555555555555556,0.5555555555555556,0.5555555555555556,0.5555555555555556,13852.222222222223,107.66666666666667,13959.888888888889,9.735731523555943,0
gemma-4-26b-a4b,T,aiops2022,k8s容器网络丢包,14,0.10714285714285714,0.07142857142857142,0.14285714285714285,0.14285714285714285,0.11904761904761904,0.1285714285714286,13985.285714285714,106.71428571428571,14092.0,9.509226832642526,0
gemma-4-26b-a4b,T,aiops2022,k8s容器网络延迟,8,0.0,0.0,0.0,0.0,0.0,0.0,14693.875,109.125,14803.0,10.855081950124713,0
gemma-4-26b-a4b,T,aiops2022,k8s容器网络资源包损坏,5,0.0,0.0,0.0,0.0,0.0,0.0,13486.0,110.4,13596.4,9.84712402740115,0
gemma-4-26b-a4b,T,aiops2022,k8s容器网络资源包重复发送,8,0.0,0.0,0.0,0.0,0.0,0.0,14330.0,120.875,14450.875,10.149753336249432,0
gemma-4-26b-a4b,T,aiops2022,k8s容器读io负载,11,0.18181818181818182,0.18181818181818182,0.18181818181818182,0.18181818181818182,0.18181818181818182,0.18181818181818182,14311.818181818182,117.27272727272727,14429.09090909091,9.893313722000709,0
gemma-4-26b-a4b,T,aiops2022,k8s容器进程中止,11,0.2424242424242424,0.18181818181818182,0.36363636363636365,0.36363636363636365,0.2424242424242424,0.29090909090909095,14689.181818181818,117.45454545454545,14806.636363636364,10.521657824909529,0
gemma-4-26b-a4b,T,aiops2022,node 内存消耗,6,0.5,0.5,0.5,0.5,0.5,0.5,14757.833333333334,102.66666666666667,14860.5,9.135334801333252,0
gemma-4-26b-a4b,T,aiops2022,node 磁盘写IO消耗,5,0.3,0.2,0.4,0.4,0.3333333333333333,0.36,14404.2,107.0,14511.2,9.161676529599935,0
gemma-4-26b-a4b,T,aiops2022,node 磁盘空间消耗,6,0.3333333333333333,0.3333333333333333,0.3333333333333333,0.3333333333333333,0.3333333333333333,0.3333333333333333,14066.166666666666,103.83333333333333,14170.0,9.067012021831639,0
gemma-4-26b-a4b,T,aiops2022,node 磁盘读IO消耗,5,0.2,0.2,0.2,0.2,0.2,0.2,13970.4,108.2,14078.6,9.039520305200858,0
gemma-4-26b-a4b,T,aiops2022,node节点CPU故障,5,0.2,0.2,0.2,0.2,0.2,0.2,14597.4,122.0,14719.4,11.217226815800677,0
gemma-4-26b-a4b,T,aiops2022,node节点CPU爬升,4,0.0,0.0,0.0,0.0,0.0,0.0,14687.25,111.0,14798.25,9.86878627124861,0
gemma-4-26b-a4b,T,aiops2025,code error,9,0.2222222222222222,0.2222222222222222,0.2222222222222222,0.2222222222222222,0.2222222222222222,0.2222222222222222,13439.777777777777,115.55555555555556,13555.333333333334,9.166692168777242,0
gemma-4-26b-a4b,T,aiops2025,cpu stress,4,0.25,0.25,0.25,0.25,0.25,0.25,12305.5,115.75,12421.25,8.883436887999778,0
gemma-4-26b-a4b,T,aiops2025,dns error,8,0.0,0.0,0.0,0.0,0.0,0.0,13397.0,107.125,13504.125,8.700729315498847,0
gemma-4-26b-a4b,T,aiops2025,io fault,9,0.35185185185185186,0.2222222222222222,0.5555555555555556,0.5555555555555556,0.37037037037037035,0.4444444444444444,13329.0,112.77777777777777,13441.777777777777,8.461981720443873,0
gemma-4-26b-a4b,T,aiops2025,jvm cpu,3,0.6666666666666666,0.6666666666666666,0.6666666666666666,0.6666666666666666,0.6666666666666666,0.6666666666666666,13550.666666666666,107.66666666666667,13658.333333333334,8.427609462332233,0
gemma-4-26b-a4b,T,aiops2025,jvm exception,4,0.5,0.5,0.5,0.5,0.5,0.5,13366.0,111.25,13477.25,8.530165815750479,0
gemma-4-26b-a4b,T,aiops2025,jvm gc,8,0.0,0.0,0.0,0.0,0.0,0.0,13066.25,108.25,13174.5,8.263802963250328,0
gemma-4-26b-a4b,T,aiops2025,jvm latency,7,0.047619047619047616,0.0,0.14285714285714285,0.14285714285714285,0.047619047619047616,0.08571428571428572,13308.57142857143,108.85714285714286,13417.42857142857,8.27825455828497,0
gemma-4-26b-a4b,T,aiops2025,memory stress,8,0.041666666666666664,0.0,0.125,0.125,0.041666666666666664,0.075,13059.0,99.375,13158.375,7.4249759601248115,0
gemma-4-26b-a4b,T,aiops2025,network corrupt,8,0.25,0.25,0.25,0.25,0.25,0.25,13805.25,119.0,13924.25,9.50042296937454,0
gemma-4-26b-a4b,T,aiops2025,network delay,6,0.05555555555555555,0.0,0.16666666666666666,0.16666666666666666,0.05555555555555555,0.09999999999999999,13161.5,119.83333333333333,13281.333333333334,8.778749106000154,0
gemma-4-26b-a4b,T,aiops2025,network loss,5,0.4666666666666666,0.4,0.6,0.6,0.4666666666666666,0.52,12959.2,115.0,13074.2,8.75292397440062,0
gemma-4-26b-a4b,T,aiops2025,node cpu stress,4,0.25,0.25,0.25,0.25,0.25,0.25,12804.0,101.5,12905.5,7.628242887750275,0
gemma-4-26b-a4b,T,aiops2025,node disk fill,8,0.4375,0.375,0.5,0.5,0.4583333333333333,0.475,13552.875,113.75,13666.625,8.975473796125243,0
gemma-4-26b-a4b,T,aiops2025,node memory stress,8,0.4375,0.375,0.5,0.5,0.4583333333333333,0.475,13075.0,113.5,13188.5,8.806779992000429,0
gemma-4-26b-a4b,T,aiops2025,pod failure,13,0.038461538461538464,0.0,0.07692307692307693,0.07692307692307693,0.05128205128205128,0.06153846153846154,13158.461538461539,122.6923076923077,13281.153846153846,9.612722007076696,0
gemma-4-26b-a4b,T,aiops2025,pod kill,6,0.0,0.0,0.0,0.0,0.0,0.0,12923.5,107.66666666666667,13031.166666666666,8.442435375332934,0
gemma-4-26b-a4b,T,aiops2025,target port misconfig,2,0.0,0.0,0.0,0.0,0.0,0.0,12884.0,102.0,12986.0,7.209738345001824,0
gemma-4-26b-a4b,TPV,aegislab,ContainerKill,6,0.75,0.6666666666666666,0.8333333333333334,0.8333333333333334,0.7777777777777777,0.7999999999999999,15916.333333333334,104.33333333333333,16020.666666666666,8.250819644332902,0
gemma-4-26b-a4b,TPV,aegislab,HTTPRequestAbort,7,0.42857142857142855,0.42857142857142855,0.42857142857142855,0.42857142857142855,0.42857142857142855,0.42857142857142855,16107.285714285714,106.85714285714286,16214.142857142857,9.665462273428732,0
gemma-4-26b-a4b,TPV,aegislab,HTTPRequestDelay,5,0.4,0.4,0.4,0.4,0.4,0.4,15380.6,100.0,15480.6,8.488647076599591,0
gemma-4-26b-a4b,TPV,aegislab,HTTPRequestReplaceMethod,17,0.5294117647058824,0.5294117647058824,0.5294117647058824,0.5294117647058824,0.5294117647058824,0.5294117647058824,15791.117647058823,108.70588235294117,15899.823529411764,9.70995821964671,0
gemma-4-26b-a4b,TPV,aegislab,HTTPResponseAbort,4,0.0,0.0,0.0,0.0,0.0,0.0,16161.25,122.0,16283.25,10.918235362500127,0
gemma-4-26b-a4b,TPV,aegislab,HTTPResponseDelay,3,0.6666666666666666,0.6666666666666666,0.6666666666666666,0.6666666666666666,0.6666666666666666,0.6666666666666666,15619.0,108.0,15727.0,8.877670300335012,0
gemma-4-26b-a4b,TPV,aegislab,HTTPResponseReplaceBody,4,0.5,0.5,0.5,0.5,0.5,0.5,15725.25,113.5,15838.75,10.547947104499144,0
gemma-4-26b-a4b,TPV,aegislab,HTTPResponseReplaceCode,23,0.34782608695652173,0.34782608695652173,0.34782608695652173,0.34782608695652173,0.34782608695652173,0.34782608695652173,15754.869565217392,107.82608695652173,15862.695652173914,9.416695412738868,0
gemma-4-26b-a4b,TPV,aegislab,JVMCPUStress,1,1.0,1.0,1.0,1.0,1.0,1.0,15680.0,88.0,15768.0,8.406309122001403,0
gemma-4-26b-a4b,TPV,aegislab,JVMException,4,1.0,1.0,1.0,1.0,1.0,1.0,15830.0,106.75,15936.75,9.330728786999316,0
gemma-4-26b-a4b,TPV,aegislab,JVMMemoryStress,16,0.65625,0.625,0.6875,0.6875,0.6666666666666666,0.675,15951.5625,117.4375,16069.0,10.731966388436831,0
gemma-4-26b-a4b,TPV,aegislab,JVMMySQLLatency,1,1.0,1.0,1.0,1.0,1.0,1.0,15757.0,98.0,15855.0,7.414304828998866,0
gemma-4-26b-a4b,TPV,aegislab,JVMReturn,1,1.0,1.0,1.0,1.0,1.0,1.0,15294.0,107.0,15401.0,9.867427679000684,0
gemma-4-26b-a4b,TPV,aegislab,NetworkBandwidth,1,1.0,1.0,1.0,1.0,1.0,1.0,16542.0,123.0,16665.0,9.915711403999012,0
gemma-4-26b-a4b,TPV,aegislab,NetworkCorrupt,4,0.5,0.5,0.5,0.5,0.5,0.5,15295.0,88.0,15383.0,7.31719083400003,0
gemma-4-26b-a4b,TPV,aegislab,NetworkDelay,1,0.0,0.0,0.0,0.0,0.0,0.0,16352.0,111.0,16463.0,8.607291000997066,0
gemma-4-26b-a4b,TPV,aegislab,NetworkLoss,4,0.5,0.5,0.5,0.5,0.5,0.5,15559.25,107.75,15667.0,8.993259348249921,0
gemma-4-26b-a4b,TPV,aegislab,NetworkPartition,13,0.38461538461538464,0.38461538461538464,0.38461538461538464,0.38461538461538464,0.38461538461538464,0.38461538461538464,15994.384615384615,103.76923076923077,16098.153846153846,9.102986181000093,0
gemma-4-26b-a4b,TPV,aegislab,PodFailure,2,1.0,1.0,1.0,1.0,1.0,1.0,15788.5,99.0,15887.5,8.735385265001241,0
gemma-4-26b-a4b,TPV,aegislab,PodKill,2,0.5,0.5,0.5,0.5,0.5,0.5,15691.5,116.5,15808.0,10.249074439501783,0
gemma-4-26b-a4b,TPV,aegislab,TimeSkew,1,0.0,0.0,0.0,0.0,0.0,0.0,15891.0,128.0,16019.0,11.72243718000027,0
gemma-4-26b-a4b,TPV,aiops2022,k8s容器cpu负载,10,0.4,0.4,0.4,0.4,0.4,0.4,14993.7,102.0,15095.7,8.724967474000005,0
gemma-4-26b-a4b,TPV,aiops2022,k8s容器内存负载,13,0.38461538461538464,0.38461538461538464,0.38461538461538464,0.38461538461538464,0.38461538461538464,0.38461538461538464,14795.461538461539,108.76923076923077,14904.23076923077,9.264510454692823,0
gemma-4-26b-a4b,TPV,aiops2022,k8s容器写io负载,9,0.6666666666666666,0.6666666666666666,0.6666666666666666,0.6666666666666666,0.6666666666666666,0.6666666666666666,14499.111111111111,98.88888888888889,14598.0,8.919763915222575,0
gemma-4-26b-a4b,TPV,aiops2022,k8s容器网络丢包,14,0.14285714285714285,0.14285714285714285,0.14285714285714285,0.14285714285714285,0.14285714285714285,0.14285714285714285,14505.42857142857,113.35714285714286,14618.785714285714,9.959478291570901,0
gemma-4-26b-a4b,TPV,aiops2022,k8s容器网络延迟,8,0.0,0.0,0.0,0.0,0.0,0.0,15177.5,104.75,15282.25,9.974206977750327,0
gemma-4-26b-a4b,TPV,aiops2022,k8s容器网络资源包损坏,5,0.2,0.2,0.2,0.2,0.2,0.2,14032.4,120.6,14153.0,10.775718160399993,0
gemma-4-26b-a4b,TPV,aiops2022,k8s容器网络资源包重复发送,8,0.0,0.0,0.0,0.0,0.0,0.0,14889.375,117.875,15007.25,9.479893259373966,0
gemma-4-26b-a4b,TPV,aiops2022,k8s容器读io负载,11,0.09090909090909091,0.09090909090909091,0.09090909090909091,0.09090909090909091,0.09090909090909091,0.09090909090909091,14841.272727272728,112.63636363636364,14953.90909090909,9.763988226090243,0
gemma-4-26b-a4b,TPV,aiops2022,k8s容器进程中止,11,0.36363636363636365,0.36363636363636365,0.36363636363636365,0.36363636363636365,0.36363636363636365,0.36363636363636365,15255.09090909091,111.0,15366.09090909091,9.439082693363492,0
gemma-4-26b-a4b,TPV,aiops2022,node 内存消耗,6,0.3333333333333333,0.3333333333333333,0.3333333333333333,0.3333333333333333,0.3333333333333333,0.3333333333333333,15330.166666666666,111.0,15441.166666666666,9.770098278667016,0
gemma-4-26b-a4b,TPV,aiops2022,node 磁盘写IO消耗,5,0.4,0.4,0.4,0.4,0.4,0.4,14969.4,107.6,15077.0,8.697362659600913,0
gemma-4-26b-a4b,TPV,aiops2022,node 磁盘空间消耗,6,0.3333333333333333,0.3333333333333333,0.3333333333333333,0.3333333333333333,0.3333333333333333,0.3333333333333333,14736.0,111.66666666666667,14847.666666666666,10.27784720966641,0
gemma-4-26b-a4b,TPV,aiops2022,node 磁盘读IO消耗,5,0.2,0.2,0.2,0.2,0.2,0.2,14545.6,102.6,14648.2,8.447769928599882,0
gemma-4-26b-a4b,TPV,aiops2022,node节点CPU故障,5,0.4,0.4,0.4,0.4,0.4,0.4,15230.6,104.6,15335.2,9.631940425400535,0
gemma-4-26b-a4b,TPV,aiops2022,node节点CPU爬升,4,0.0,0.0,0.0,0.0,0.0,0.0,15267.0,108.5,15375.5,9.602291960750335,0
gemma-4-26b-a4b,TPV,aiops2025,code error,9,0.1111111111111111,0.1111111111111111,0.1111111111111111,0.1111111111111111,0.1111111111111111,0.1111111111111111,13922.777777777777,112.44444444444444,14035.222222222223,8.497011245998793,0
gemma-4-26b-a4b,TPV,aiops2025,cpu stress,4,0.25,0.25,0.25,0.25,0.25,0.25,13066.25,107.5,13173.75,8.19188850474984,0
gemma-4-26b-a4b,TPV,aiops2025,dns error,8,0.0,0.0,0.0,0.0,0.0,0.0,13989.75,102.375,14092.125,8.14649886674988,0
gemma-4-26b-a4b,TPV,aiops2025,io fault,9,0.2222222222222222,0.2222222222222222,0.2222222222222222,0.2222222222222222,0.2222222222222222,0.2222222222222222,14006.666666666666,106.66666666666667,14113.333333333334,7.819970114221683,0
gemma-4-26b-a4b,TPV,aiops2025,jvm cpu,3,0.6666666666666666,0.6666666666666666,0.6666666666666666,0.6666666666666666,0.6666666666666666,0.6666666666666666,14169.0,98.0,14267.0,7.687117572999948,0
gemma-4-26b-a4b,TPV,aiops2025,jvm exception,4,0.25,0.25,0.25,0.25,0.25,0.25,13894.25,101.75,13996.0,7.606470247748803,0
gemma-4-26b-a4b,TPV,aiops2025,jvm gc,8,0.0,0.0,0.0,0.0,0.0,0.0,13761.625,100.625,13862.25,7.8608890411251195,0
gemma-4-26b-a4b,TPV,aiops2025,jvm latency,7,0.14285714285714285,0.14285714285714285,0.14285714285714285,0.14285714285714285,0.14285714285714285,0.14285714285714285,13910.714285714286,107.71428571428571,14018.42857142857,7.872252728715206,0
gemma-4-26b-a4b,TPV,aiops2025,memory stress,8,0.125,0.125,0.125,0.125,0.125,0.125,13700.125,106.625,13806.75,7.716702660750343,0
gemma-4-26b-a4b,TPV,aiops2025,network corrupt,8,0.625,0.625,0.625,0.625,0.625,0.625,14327.875,105.75,14433.625,8.374393367875655,0
gemma-4-26b-a4b,TPV,aiops2025,network delay,6,0.16666666666666666,0.16666666666666666,0.16666666666666666,0.16666666666666666,0.16666666666666666,0.16666666666666666,13789.833333333334,103.33333333333333,13893.166666666666,7.593973894333128,0
gemma-4-26b-a4b,TPV,aiops2025,network loss,5,0.2,0.2,0.2,0.2,0.2,0.2,13473.2,117.2,13590.4,9.326205348999064,0
gemma-4-26b-a4b,TPV,aiops2025,node cpu stress,4,0.25,0.25,0.25,0.25,0.25,0.25,13607.75,108.5,13716.25,8.532290312250552,0
gemma-4-26b-a4b,TPV,aiops2025,node disk fill,8,0.375,0.375,0.375,0.375,0.375,0.375,14228.0,105.375,14333.375,7.7758593518751695,0
gemma-4-26b-a4b,TPV,aiops2025,node memory stress,8,0.25,0.25,0.25,0.25,0.25,0.25,13783.625,101.25,13884.875,7.34988744400016,0
gemma-4-26b-a4b,TPV,aiops2025,pod failure,13,0.07692307692307693,0.07692307692307693,0.07692307692307693,0.07692307692307693,0.07692307692307693,0.07692307692307693,13724.153846153846,111.6923076923077,13835.846153846154,8.192497398692536,0
gemma-4-26b-a4b,TPV,aiops2025,pod kill,6,0.0,0.0,0.0,0.0,0.0,0.0,13463.833333333334,107.33333333333333,13571.166666666666,8.14736142083287,0
gemma-4-26b-a4b,TPV,aiops2025,target port misconfig,2,0.0,0.0,0.0,0.0,0.0,0.0,13580.5,89.0,13669.5,5.692483709499356,0
gemma-4-26b-a4b,T_COMPACT,aegislab,ContainerKill,6,0.9166666666666666,0.8333333333333334,1.0,1.0,0.9444444444444445,0.9666666666666667,15278.833333333334,116.0,15394.833333333334,9.884826952000973,0
gemma-4-26b-a4b,T_COMPACT,aegislab,HTTPRequestAbort,7,0.047619047619047616,0.0,0.14285714285714285,0.14285714285714285,0.047619047619047616,0.08571428571428572,15511.57142857143,105.57142857142857,15617.142857142857,9.214130839857328,0
gemma-4-26b-a4b,T_COMPACT,aegislab,HTTPRequestDelay,5,0.36666666666666664,0.2,0.6,0.6,0.4,0.48,14791.2,109.0,14900.2,9.562755527000263,0
gemma-4-26b-a4b,T_COMPACT,aegislab,HTTPRequestReplaceMethod,17,0.5882352941176471,0.5882352941176471,0.5882352941176471,0.5882352941176471,0.5882352941176471,0.5882352941176471,15357.35294117647,106.23529411764706,15463.588235294117,9.715310887529673,0
gemma-4-26b-a4b,T_COMPACT,aegislab,HTTPResponseAbort,4,0.5,0.5,0.5,0.5,0.5,0.5,15708.5,105.0,15813.5,9.513579760748144,0
gemma-4-26b-a4b,T_COMPACT,aegislab,HTTPResponseDelay,3,0.3333333333333333,0.3333333333333333,0.3333333333333333,0.3333333333333333,0.3333333333333333,0.3333333333333333,14938.333333333334,107.33333333333333,15045.666666666666,9.252269512666922,0
gemma-4-26b-a4b,T_COMPACT,aegislab,HTTPResponseReplaceBody,4,0.25,0.25,0.25,0.25,0.25,0.25,15390.0,97.5,15487.5,9.221431734248654,0
gemma-4-26b-a4b,T_COMPACT,aegislab,HTTPResponseReplaceCode,23,0.43478260869565216,0.43478260869565216,0.43478260869565216,0.43478260869565216,0.43478260869565216,0.43478260869565216,15305.08695652174,97.78260869565217,15402.869565217392,8.814225796738395,0
gemma-4-26b-a4b,T_COMPACT,aegislab,JVMCPUStress,1,1.0,1.0,1.0,1.0,1.0,1.0,15133.0,122.0,15255.0,10.593025668000337,0
gemma-4-26b-a4b,T_COMPACT,aegislab,JVMException,4,1.0,1.0,1.0,1.0,1.0,1.0,15413.0,92.0,15505.0,8.303986928498489,0
gemma-4-26b-a4b,T_COMPACT,aegislab,JVMMemoryStress,16,0.6875,0.5625,0.8125,0.8125,0.7291666666666666,0.7625,15394.5625,106.5625,15501.125,9.69558550481247,0
gemma-4-26b-a4b,T_COMPACT,aegislab,JVMMySQLLatency,1,1.0,1.0,1.0,1.0,1.0,1.0,15425.0,115.0,15540.0,8.654366208000283,0
gemma-4-26b-a4b,T_COMPACT,aegislab,JVMReturn,1,1.0,1.0,1.0,1.0,1.0,1.0,14962.0,82.0,15044.0,7.192188746001193,0
gemma-4-26b-a4b,T_COMPACT,aegislab,NetworkBandwidth,1,1.0,1.0,1.0,1.0,1.0,1.0,15717.0,85.0,15802.0,6.0803414119982335,0
gemma-4-26b-a4b,T_COMPACT,aegislab,NetworkCorrupt,4,0.75,0.75,0.75,0.75,0.75,0.75,14977.25,103.25,15080.5,8.33901083300043,0
gemma-4-26b-a4b,T_COMPACT,aegislab,NetworkDelay,1,0.0,0.0,0.0,0.0,0.0,0.0,15680.0,98.0,15778.0,7.236839504999807,0
gemma-4-26b-a4b,T_COMPACT,aegislab,NetworkLoss,4,0.25,0.25,0.25,0.25,0.25,0.25,15132.0,116.75,15248.75,9.544247500250094,0
gemma-4-26b-a4b,T_COMPACT,aegislab,NetworkPartition,13,0.3076923076923077,0.3076923076923077,0.3076923076923077,0.3076923076923077,0.3076923076923077,0.3076923076923077,15424.615384615385,96.84615384615384,15521.461538461539,8.573910826384795,0
gemma-4-26b-a4b,T_COMPACT,aegislab,PodFailure,2,1.0,1.0,1.0,1.0,1.0,1.0,15343.0,113.5,15456.5,10.026260922000802,0
gemma-4-26b-a4b,T_COMPACT,aegislab,PodKill,2,0.5,0.5,0.5,0.5,0.5,0.5,15073.5,119.5,15193.0,9.850917248499172,0
gemma-4-26b-a4b,T_COMPACT,aegislab,TimeSkew,1,0.0,0.0,0.0,0.0,0.0,0.0,15653.0,120.0,15773.0,11.842171454998606,0
gemma-4-26b-a4b,T_COMPACT,aiops2022,k8s容器cpu负载,10,0.3333333333333333,0.3,0.4,0.4,0.3333333333333333,0.36,14426.2,111.5,14537.7,9.779301093799585,0
gemma-4-26b-a4b,T_COMPACT,aiops2022,k8s容器内存负载,13,0.4230769230769231,0.38461538461538464,0.46153846153846156,0.46153846153846156,0.43589743589743585,0.4461538461538461,14244.76923076923,106.61538461538461,14351.384615384615,9.434807124846534,0
gemma-4-26b-a4b,T_COMPACT,aiops2022,k8s容器写io负载,9,0.48148148148148145,0.4444444444444444,0.5555555555555556,0.5555555555555556,0.48148148148148145,0.5111111111111111,13845.222222222223,106.66666666666667,13951.888888888889,9.656068732554964,0
gemma-4-26b-a4b,T_COMPACT,aiops2022,k8s容器网络丢包,14,0.0,0.0,0.0,0.0,0.0,0.0,13973.714285714286,100.71428571428571,14074.42857142857,8.946868556571385,0
gemma-4-26b-a4b,T_COMPACT,aiops2022,k8s容器网络延迟,8,0.0,0.0,0.0,0.0,0.0,0.0,14679.25,103.75,14783.0,10.235270026250419,0
gemma-4-26b-a4b,T_COMPACT,aiops2022,k8s容器网络资源包损坏,5,0.0,0.0,0.0,0.0,0.0,0.0,13474.8,113.6,13588.4,9.477772765000555,0
gemma-4-26b-a4b,T_COMPACT,aiops2022,k8s容器网络资源包重复发送,8,0.0,0.0,0.0,0.0,0.0,0.0,14318.625,101.25,14419.875,8.794261192750128,0
gemma-4-26b-a4b,T_COMPACT,aiops2022,k8s容器读io负载,11,0.25757575757575757,0.18181818181818182,0.36363636363636365,0.36363636363636365,0.2727272727272727,0.3090909090909091,14298.636363636364,103.18181818181819,14401.818181818182,8.803917129091133,0
gemma-4-26b-a4b,T_COMPACT,aiops2022,k8s容器进程中止,11,0.30303030303030304,0.2727272727272727,0.36363636363636365,0.36363636363636365,0.30303030303030304,0.32727272727272727,14679.454545454546,103.9090909090909,14783.363636363636,8.993161141636268,0
gemma-4-26b-a4b,T_COMPACT,aiops2022,node 内存消耗,6,0.5,0.5,0.5,0.5,0.5,0.5,14747.833333333334,106.66666666666667,14854.5,9.143383253334227,0
gemma-4-26b-a4b,T_COMPACT,aiops2022,node 磁盘写IO消耗,5,0.4,0.4,0.4,0.4,0.4,0.4,14394.0,110.8,14504.8,9.636171379400185,0
gemma-4-26b-a4b,T_COMPACT,aiops2022,node 磁盘空间消耗,6,0.5,0.5,0.5,0.5,0.5,0.5,14063.666666666666,101.83333333333333,14165.5,9.227959801666657,0
gemma-4-26b-a4b,T_COMPACT,aiops2022,node 磁盘读IO消耗,5,0.2,0.2,0.2,0.2,0.2,0.2,13961.6,105.6,14067.2,8.945977961600875,0
gemma-4-26b-a4b,T_COMPACT,aiops2022,node节点CPU故障,5,0.2,0.2,0.2,0.2,0.2,0.2,14592.0,109.4,14701.4,10.012198721000459,0
gemma-4-26b-a4b,T_COMPACT,aiops2022,node节点CPU爬升,4,0.0,0.0,0.0,0.0,0.0,0.0,14677.75,99.5,14777.25,8.651216662498882,0
gemma-4-26b-a4b,T_COMPACT,aiops2025,code error,9,0.5,0.4444444444444444,0.5555555555555556,0.5555555555555556,0.5185185185185185,0.5333333333333333,13426.888888888889,114.0,13540.888888888889,9.202249314778681,0
gemma-4-26b-a4b,T_COMPACT,aiops2025,cpu stress,4,0.25,0.25,0.25,0.25,0.25,0.25,12293.5,113.75,12407.25,8.396991022499606,0
gemma-4-26b-a4b,T_COMPACT,aiops2025,dns error,8,0.041666666666666664,0.0,0.125,0.125,0.041666666666666664,0.075,13380.375,107.625,13488.0,8.471905140125727,0
gemma-4-26b-a4b,T_COMPACT,aiops2025,io fault,9,0.2222222222222222,0.0,0.4444444444444444,0.4444444444444444,0.2962962962962963,0.35555555555555557,13326.111111111111,128.22222222222223,13454.333333333334,9.677136702221711,0
gemma-4-26b-a4b,T_COMPACT,aiops2025,jvm cpu,3,0.6666666666666666,0.6666666666666666,0.6666666666666666,0.6666666666666666,0.6666666666666666,0.6666666666666666,13539.333333333334,134.0,13673.333333333334,10.27178625466695,0
gemma-4-26b-a4b,T_COMPACT,aiops2025,jvm exception,4,0.5,0.5,0.5,0.5,0.5,0.5,13354.5,99.5,13454.0,7.019555819749257,0
gemma-4-26b-a4b,T_COMPACT,aiops2025,jvm gc,8,0.0,0.0,0.0,0.0,0.0,0.0,13050.5,103.875,13154.375,8.265735806125122,0
gemma-4-26b-a4b,T_COMPACT,aiops2025,jvm latency,7,0.2857142857142857,0.2857142857142857,0.2857142857142857,0.2857142857142857,0.2857142857142857,0.2857142857142857,13288.42857142857,115.14285714285714,13403.57142857143,9.075228581142644,0
gemma-4-26b-a4b,T_COMPACT,aiops2025,memory stress,8,0.20833333333333331,0.125,0.375,0.375,0.20833333333333331,0.275,13049.0,106.5,13155.5,7.563472435375388,0
gemma-4-26b-a4b,T_COMPACT,aiops2025,network corrupt,8,0.3333333333333333,0.25,0.5,0.5,0.3333333333333333,0.4,13794.75,104.875,13899.625,8.247341629125003,0
gemma-4-26b-a4b,T_COMPACT,aiops2025,network delay,6,0.05555555555555555,0.0,0.16666666666666666,0.16666666666666666,0.05555555555555555,0.09999999999999999,13144.666666666666,113.66666666666667,13258.333333333334,8.76083597116667,0
gemma-4-26b-a4b,T_COMPACT,aiops2025,network loss,5,0.26666666666666666,0.2,0.4,0.4,0.26666666666666666,0.32,12939.0,120.8,13059.8,9.453530215800857,0
gemma-4-26b-a4b,T_COMPACT,aiops2025,node cpu stress,4,0.0,0.0,0.0,0.0,0.0,0.0,12787.5,112.25,12899.75,9.046515299750354,0
gemma-4-26b-a4b,T_COMPACT,aiops2025,node disk fill,8,0.4375,0.375,0.5,0.5,0.4583333333333333,0.475,13551.25,109.125,13660.375,8.440578525000092,0
gemma-4-26b-a4b,T_COMPACT,aiops2025,node memory stress,8,0.5,0.375,0.625,0.625,0.5416666666666666,0.575,13068.5,112.5,13181.0,8.789729445124976,0
gemma-4-26b-a4b,T_COMPACT,aiops2025,pod failure,13,0.038461538461538464,0.0,0.07692307692307693,0.07692307692307693,0.05128205128205128,0.06153846153846154,13145.615384615385,113.46153846153847,13259.076923076924,8.87078296576902,0
gemma-4-26b-a4b,T_COMPACT,aiops2025,pod kill,6,0.3055555555555555,0.16666666666666666,0.5,0.5,0.3333333333333333,0.39999999999999997,12906.0,119.66666666666667,13025.666666666666,9.439500601666927,0
gemma-4-26b-a4b,T_COMPACT,aiops2025,target port misconfig,2,0.0,0.0,0.0,0.0,0.0,0.0,12884.5,109.5,12994.0,7.705084360999535,0
gemma-4-26b-a4b,X_C,aegislab,ContainerKill,6,0.3333333333333333,0.3333333333333333,0.3333333333333333,0.3333333333333333,0.3333333333333333,0.3333333333333333,5207.166666666667,108.0,5315.166666666667,8.400244816833947,0
gemma-4-26b-a4b,X_C,aegislab,HTTPRequestAbort,7,0.14285714285714285,0.14285714285714285,0.14285714285714285,0.14285714285714285,0.14285714285714285,0.14285714285714285,5321.714285714285,111.57142857142857,5433.285714285715,8.619811698715369,0
gemma-4-26b-a4b,X_C,aegislab,HTTPRequestDelay,5,0.6,0.6,0.6,0.6,0.6,0.6,5208.0,116.4,5324.4,8.706884341601107,0
gemma-4-26b-a4b,X_C,aegislab,HTTPRequestReplaceMethod,17,0.17647058823529413,0.17647058823529413,0.17647058823529413,0.17647058823529413,0.17647058823529413,0.17647058823529413,5260.235294117647,115.17647058823529,5375.411764705882,9.099848452294228,0
gemma-4-26b-a4b,X_C,aegislab,HTTPResponseAbort,4,0.0,0.0,0.0,0.0,0.0,0.0,5293.75,122.5,5416.25,9.32203149175075,0
gemma-4-26b-a4b,X_C,aegislab,HTTPResponseDelay,3,1.0,1.0,1.0,1.0,1.0,1.0,5238.666666666667,120.33333333333333,5359.0,9.335960051334647,0
gemma-4-26b-a4b,X_C,aegislab,HTTPResponseReplaceBody,4,0.0,0.0,0.0,0.0,0.0,0.0,5260.75,112.75,5373.5,9.019001092000508,0
gemma-4-26b-a4b,X_C,aegislab,HTTPResponseReplaceCode,23,0.08695652173913043,0.08695652173913043,0.08695652173913043,0.08695652173913043,0.08695652173913043,0.08695652173913043,5264.913043478261,109.34782608695652,5374.260869565217,8.69813235426061,0
gemma-4-26b-a4b,X_C,aegislab,JVMCPUStress,1,0.0,0.0,0.0,0.0,0.0,0.0,5034.0,104.0,5138.0,8.725884390998544,0
gemma-4-26b-a4b,X_C,aegislab,JVMException,4,0.0,0.0,0.0,0.0,0.0,0.0,5254.5,140.5,5395.0,10.340263393251007,0
gemma-4-26b-a4b,X_C,aegislab,JVMMemoryStress,16,0.25,0.25,0.25,0.25,0.25,0.25,5252.6875,108.0,5360.6875,8.55526665256275,0
gemma-4-26b-a4b,X_C,aegislab,JVMMySQLLatency,1,0.0,0.0,0.0,0.0,0.0,0.0,5187.0,109.0,5296.0,9.127871263000998,0
gemma-4-26b-a4b,X_C,aegislab,JVMReturn,1,0.0,0.0,0.0,0.0,0.0,0.0,5584.0,110.0,5694.0,7.803235305000271,0
gemma-4-26b-a4b,X_C,aegislab,NetworkBandwidth,1,1.0,1.0,1.0,1.0,1.0,1.0,5190.0,126.0,5316.0,8.88501701000132,0
gemma-4-26b-a4b,X_C,aegislab,NetworkCorrupt,4,0.5,0.5,0.5,0.5,0.5,0.5,5343.5,122.75,5466.25,9.799576140250792,0
gemma-4-26b-a4b,X_C,aegislab,NetworkDelay,1,1.0,1.0,1.0,1.0,1.0,1.0,5350.0,97.0,5447.0,8.594801627998095,0
gemma-4-26b-a4b,X_C,aegislab,NetworkLoss,4,1.0,1.0,1.0,1.0,1.0,1.0,5271.75,103.25,5375.0,8.560287715250524,0
gemma-4-26b-a4b,X_C,aegislab,NetworkPartition,13,0.6923076923076923,0.6923076923076923,0.6923076923076923,0.6923076923076923,0.6923076923076923,0.6923076923076923,5293.538461538462,110.15384615384616,5403.692307692308,9.132110551384708,0
gemma-4-26b-a4b,X_C,aegislab,PodFailure,2,0.0,0.0,0.0,0.0,0.0,0.0,5337.5,119.0,5456.5,9.042981486500139,0
gemma-4-26b-a4b,X_C,aegislab,PodKill,2,0.0,0.0,0.0,0.0,0.0,0.0,5330.0,102.0,5432.0,6.870247466500587,0
gemma-4-26b-a4b,X_C,aegislab,TimeSkew,1,0.0,0.0,0.0,0.0,0.0,0.0,5377.0,114.0,5491.0,10.196422549001,0
gemma-4-26b-a4b,X_C,aiops2022,k8s容器cpu负载,10,0.4,0.4,0.4,0.4,0.4,0.4,5443.6,122.7,5566.3,9.383175235800445,0
gemma-4-26b-a4b,X_C,aiops2022,k8s容器内存负载,13,0.07692307692307693,0.07692307692307693,0.07692307692307693,0.07692307692307693,0.07692307692307693,0.07692307692307693,5453.923076923077,112.76923076923077,5566.692307692308,8.8795267286153,0
gemma-4-26b-a4b,X_C,aiops2022,k8s容器写io负载,9,0.0,0.0,0.0,0.0,0.0,0.0,5477.222222222223,102.44444444444444,5579.666666666667,8.267516642888141,2
gemma-4-26b-a4b,X_C,aiops2022,k8s容器网络丢包,14,0.21428571428571427,0.21428571428571427,0.21428571428571427,0.21428571428571427,0.21428571428571427,0.21428571428571427,5441.857142857143,125.21428571428571,5567.071428571428,9.497246555071147,0
gemma-4-26b-a4b,X_C,aiops2022,k8s容器网络延迟,8,0.375,0.375,0.375,0.375,0.375,0.375,5454.625,124.375,5579.0,9.474801286375168,0
gemma-4-26b-a4b,X_C,aiops2022,k8s容器网络资源包损坏,5,0.0,0.0,0.0,0.0,0.0,0.0,5479.2,114.8,5594.0,8.631623693799337,1
gemma-4-26b-a4b,X_C,aiops2022,k8s容器网络资源包重复发送,8,0.125,0.125,0.125,0.125,0.125,0.125,5427.5,112.0,5539.5,8.265939783998874,0
gemma-4-26b-a4b,X_C,aiops2022,k8s容器读io负载,11,0.18181818181818182,0.18181818181818182,0.18181818181818182,0.18181818181818182,0.18181818181818182,0.18181818181818182,5502.363636363636,119.36363636363636,5621.727272727273,9.254011017818398,0
gemma-4-26b-a4b,X_C,aiops2022,k8s容器进程中止,11,0.18181818181818182,0.18181818181818182,0.18181818181818182,0.18181818181818182,0.18181818181818182,0.18181818181818182,5400.0,108.72727272727273,5508.727272727273,8.2111990814549,0
gemma-4-26b-a4b,X_C,aiops2022,node 内存消耗,6,0.0,0.0,0.0,0.0,0.0,0.0,5523.5,105.66666666666667,5629.166666666667,8.683417755333116,0
gemma-4-26b-a4b,X_C,aiops2022,node 磁盘写IO消耗,5,0.0,0.0,0.0,0.0,0.0,0.0,5476.0,102.6,5578.6,8.160914138999214,2
gemma-4-26b-a4b,X_C,aiops2022,node 磁盘空间消耗,6,0.0,0.0,0.0,0.0,0.0,0.0,5600.5,109.0,5709.5,8.548368094333151,1
gemma-4-26b-a4b,X_C,aiops2022,node 磁盘读IO消耗,5,0.0,0.0,0.0,0.0,0.0,0.0,5494.4,109.0,5603.4,9.971151404400734,0
gemma-4-26b-a4b,X_C,aiops2022,node节点CPU故障,5,0.0,0.0,0.0,0.0,0.0,0.0,5359.8,106.0,5465.8,8.632279117200232,0
gemma-4-26b-a4b,X_C,aiops2022,node节点CPU爬升,4,0.0,0.0,0.0,0.0,0.0,0.0,5401.5,111.5,5513.0,8.542265224249604,0
gemma-4-26b-a4b,X_C,aiops2025,code error,9,0.4444444444444444,0.4444444444444444,0.4444444444444444,0.4444444444444444,0.4444444444444444,0.4444444444444444,5799.222222222223,116.22222222222223,5915.444444444444,9.495000407444524,0
gemma-4-26b-a4b,X_C,aiops2025,cpu stress,4,0.0,0.0,0.0,0.0,0.0,0.0,5416.5,98.5,5515.0,7.4951825230000395,0
gemma-4-26b-a4b,X_C,aiops2025,dns error,8,0.0,0.0,0.0,0.0,0.0,0.0,6636.75,108.375,6745.125,8.692467616624981,0
gemma-4-26b-a4b,X_C,aiops2025,io fault,9,0.1111111111111111,0.1111111111111111,0.1111111111111111,0.1111111111111111,0.1111111111111111,0.1111111111111111,6498.666666666667,109.77777777777777,6608.444444444444,8.950591178778268,0
gemma-4-26b-a4b,X_C,aiops2025,jvm cpu,3,1.0,1.0,1.0,1.0,1.0,1.0,6562.333333333333,102.66666666666667,6665.0,9.10334171466699,0
gemma-4-26b-a4b,X_C,aiops2025,jvm exception,4,0.25,0.25,0.25,0.25,0.25,0.25,6328.75,108.5,6437.25,8.011376268001186,0
gemma-4-26b-a4b,X_C,aiops2025,jvm gc,8,0.125,0.125,0.125,0.125,0.125,0.125,7266.375,99.875,7366.25,8.221414372749678,0
gemma-4-26b-a4b,X_C,aiops2025,jvm latency,7,0.2857142857142857,0.2857142857142857,0.2857142857142857,0.2857142857142857,0.2857142857142857,0.2857142857142857,5752.857142857143,99.0,5851.857142857143,8.258503227142812,1
gemma-4-26b-a4b,X_C,aiops2025,memory stress,8,0.5,0.5,0.5,0.5,0.5,0.5,6050.75,97.875,6148.625,7.2631188041250425,0
gemma-4-26b-a4b,X_C,aiops2025,network corrupt,8,0.625,0.625,0.625,0.625,0.625,0.625,6529.125,124.625,6653.75,9.248912458750056,0
gemma-4-26b-a4b,X_C,aiops2025,network delay,6,0.8333333333333334,0.8333333333333334,0.8333333333333334,0.8333333333333334,0.8333333333333334,0.8333333333333334,5522.0,111.16666666666667,5633.166666666667,8.594242539167075,0
gemma-4-26b-a4b,X_C,aiops2025,network loss,5,0.6,0.6,0.6,0.6,0.6,0.6,6732.8,131.0,6863.8,9.590971087599609,0
gemma-4-26b-a4b,X_C,aiops2025,node cpu stress,4,0.0,0.0,0.0,0.0,0.0,0.0,5535.75,96.25,5632.0,7.368313239000599,0
gemma-4-26b-a4b,X_C,aiops2025,node disk fill,8,0.0,0.0,0.0,0.0,0.0,0.0,6737.375,112.0,6849.375,9.13535665637528,0
gemma-4-26b-a4b,X_C,aiops2025,node memory stress,8,0.0,0.0,0.0,0.0,0.0,0.0,6421.25,103.625,6524.875,8.558513109375326,0
gemma-4-26b-a4b,X_C,aiops2025,pod failure,13,0.07692307692307693,0.07692307692307693,0.07692307692307693,0.07692307692307693,0.07692307692307693,0.07692307692307693,6611.0,114.6923076923077,6725.692307692308,8.76631062692356,1
gemma-4-26b-a4b,X_C,aiops2025,pod kill,6,0.3333333333333333,0.3333333333333333,0.3333333333333333,0.3333333333333333,0.3333333333333333,0.3333333333333333,7208.833333333333,109.83333333333333,7318.666666666667,9.521468079166274,0
gemma-4-26b-a4b,X_C,aiops2025,target port misconfig,2,0.5,0.5,0.5,0.5,0.5,0.5,6108.0,123.5,6231.5,9.525461492499744,0
gemma-4-26b-a4b,X_C_TABLE,aegislab,ContainerKill,6,0.3333333333333333,0.3333333333333333,0.3333333333333333,0.3333333333333333,0.3333333333333333,0.3333333333333333,7349.0,126.5,7475.5,10.781575817666331,0
gemma-4-26b-a4b,X_C_TABLE,aegislab,HTTPRequestAbort,7,0.14285714285714285,0.14285714285714285,0.14285714285714285,0.14285714285714285,0.14285714285714285,0.14285714285714285,7703.857142857143,114.85714285714286,7818.714285714285,9.278399575714243,0
gemma-4-26b-a4b,X_C_TABLE,aegislab,HTTPRequestDelay,5,0.8,0.8,0.8,0.8,0.8,0.8,7499.2,128.6,7627.8,9.715974758199446,0
gemma-4-26b-a4b,X_C_TABLE,aegislab,HTTPRequestReplaceMethod,17,0.29411764705882354,0.29411764705882354,0.29411764705882354,0.29411764705882354,0.29411764705882354,0.29411764705882354,7936.764705882353,114.11764705882354,8050.882352941177,8.946369159000502,0
gemma-4-26b-a4b,X_C_TABLE,aegislab,HTTPResponseAbort,4,0.0,0.0,0.0,0.0,0.0,0.0,7859.25,123.75,7983.0,9.6810818187505,0
gemma-4-26b-a4b,X_C_TABLE,aegislab,HTTPResponseDelay,3,1.0,1.0,1.0,1.0,1.0,1.0,7681.333333333333,158.33333333333334,7839.666666666667,11.755274085666315,0
gemma-4-26b-a4b,X_C_TABLE,aegislab,HTTPResponseReplaceBody,4,0.0,0.0,0.0,0.0,0.0,0.0,8017.0,118.75,8135.75,9.874072339001032,0
gemma-4-26b-a4b,X_C_TABLE,aegislab,HTTPResponseReplaceCode,23,0.0,0.0,0.0,0.0,0.0,0.0,7993.95652173913,126.21739130434783,8120.173913043478,9.732911690304363,0
gemma-4-26b-a4b,X_C_TABLE,aegislab,JVMCPUStress,1,0.0,0.0,0.0,0.0,0.0,0.0,6597.0,128.0,6725.0,10.23837837300016,0
gemma-4-26b-a4b,X_C_TABLE,aegislab,JVMException,4,0.0,0.0,0.0,0.0,0.0,0.0,7970.25,135.75,8106.0,10.680828278498666,0
gemma-4-26b-a4b,X_C_TABLE,aegislab,JVMMemoryStress,16,0.1875,0.1875,0.1875,0.1875,0.1875,0.1875,7799.8125,119.3125,7919.125,9.267609299250353,0
gemma-4-26b-a4b,X_C_TABLE,aegislab,JVMMySQLLatency,1,0.0,0.0,0.0,0.0,0.0,0.0,7041.0,139.0,7180.0,10.87283936500171,0
gemma-4-26b-a4b,X_C_TABLE,aegislab,JVMReturn,1,0.0,0.0,0.0,0.0,0.0,0.0,8449.0,126.0,8575.0,8.90292226299789,0
gemma-4-26b-a4b,X_C_TABLE,aegislab,NetworkBandwidth,1,1.0,1.0,1.0,1.0,1.0,1.0,7871.0,146.0,8017.0,10.640477043001738,0
gemma-4-26b-a4b,X_C_TABLE,aegislab,NetworkCorrupt,4,0.25,0.25,0.25,0.25,0.25,0.25,8170.75,123.0,8293.75,10.400657643750492,0
gemma-4-26b-a4b,X_C_TABLE,aegislab,NetworkDelay,1,1.0,1.0,1.0,1.0,1.0,1.0,8869.0,142.0,9011.0,11.140163754000241,0
gemma-4-26b-a4b,X_C_TABLE,aegislab,NetworkLoss,4,1.0,1.0,1.0,1.0,1.0,1.0,7799.75,127.5,7927.25,10.1434613502488,0
gemma-4-26b-a4b,X_C_TABLE,aegislab,NetworkPartition,13,0.7692307692307693,0.7692307692307693,0.7692307692307693,0.7692307692307693,0.7692307692307693,0.7692307692307693,7850.846153846154,127.07692307692308,7977.923076923077,10.136380769383742,0
gemma-4-26b-a4b,X_C_TABLE,aegislab,PodFailure,2,0.0,0.0,0.0,0.0,0.0,0.0,8736.5,107.0,8843.5,8.600561114000811,0
gemma-4-26b-a4b,X_C_TABLE,aegislab,PodKill,2,0.0,0.0,0.0,0.0,0.0,0.0,8466.5,116.5,8583.0,7.982790292500795,0
gemma-4-26b-a4b,X_C_TABLE,aegislab,TimeSkew,1,0.0,0.0,0.0,0.0,0.0,0.0,8223.0,98.0,8321.0,9.1114088860013,0
gemma-4-26b-a4b,X_C_TABLE,aiops2022,k8s容器cpu负载,10,0.4,0.4,0.4,0.4,0.4,0.4,8742.0,131.9,8873.9,10.078235219999987,0
gemma-4-26b-a4b,X_C_TABLE,aiops2022,k8s容器内存负载,13,0.07692307692307693,0.07692307692307693,0.07692307692307693,0.07692307692307693,0.07692307692307693,0.07692307692307693,8742.23076923077,131.23076923076923,8873.461538461539,10.240145604922592,0
gemma-4-26b-a4b,X_C_TABLE,aiops2022,k8s容器写io负载,9,0.1111111111111111,0.1111111111111111,0.1111111111111111,0.1111111111111111,0.1111111111111111,0.1111111111111111,8747.111111111111,123.77777777777777,8870.888888888889,9.715040911778082,0
gemma-4-26b-a4b,X_C_TABLE,aiops2022,k8s容器网络丢包,14,0.21428571428571427,0.21428571428571427,0.21428571428571427,0.21428571428571427,0.21428571428571427,0.21428571428571427,8591.92857142857,111.78571428571429,8703.714285714286,8.516986278785355,0
gemma-4-26b-a4b,X_C_TABLE,aiops2022,k8s容器网络延迟,8,0.625,0.625,0.625,0.625,0.625,0.625,8820.125,129.5,8949.625,9.988466478125247,0
gemma-4-26b-a4b,X_C_TABLE,aiops2022,k8s容器网络资源包损坏,5,0.0,0.0,0.0,0.0,0.0,0.0,8893.4,127.4,9020.8,9.39672633759983,0
gemma-4-26b-a4b,X_C_TABLE,aiops2022,k8s容器网络资源包重复发送,8,0.125,0.125,0.125,0.125,0.125,0.125,8543.25,126.25,8669.5,9.753882468624852,1
gemma-4-26b-a4b,X_C_TABLE,aiops2022,k8s容器读io负载,11,0.2727272727272727,0.2727272727272727,0.2727272727272727,0.2727272727272727,0.2727272727272727,0.2727272727272727,9016.0,128.54545454545453,9144.545454545454,9.922695261181532,1
gemma-4-26b-a4b,X_C_TABLE,aiops2022,k8s容器进程中止,11,0.09090909090909091,0.09090909090909091,0.09090909090909091,0.09090909090909091,0.09090909090909091,0.09090909090909091,8333.636363636364,136.8181818181818,8470.454545454546,10.695172391727034,0
gemma-4-26b-a4b,X_C_TABLE,aiops2022,node 内存消耗,6,0.0,0.0,0.0,0.0,0.0,0.0,9097.833333333334,107.5,9205.333333333334,9.134059118499257,0
gemma-4-26b-a4b,X_C_TABLE,aiops2022,node 磁盘写IO消耗,5,0.0,0.0,0.0,0.0,0.0,0.0,8852.8,116.2,8969.0,9.089025359400694,0
gemma-4-26b-a4b,X_C_TABLE,aiops2022,node 磁盘空间消耗,6,0.0,0.0,0.0,0.0,0.0,0.0,9709.833333333334,123.66666666666667,9833.5,9.77125484916663,0
gemma-4-26b-a4b,X_C_TABLE,aiops2022,node 磁盘读IO消耗,5,0.0,0.0,0.0,0.0,0.0,0.0,9016.0,123.0,9139.0,10.815264498399483,0
gemma-4-26b-a4b,X_C_TABLE,aiops2022,node节点CPU故障,5,0.0,0.0,0.0,0.0,0.0,0.0,8194.2,125.4,8319.6,9.765714339399711,0
gemma-4-26b-a4b,X_C_TABLE,aiops2022,node节点CPU爬升,4,0.0,0.0,0.0,0.0,0.0,0.0,8394.0,129.25,8523.25,10.259803010500036,0
gemma-4-26b-a4b,X_C_TABLE,aiops2025,code error,9,0.4444444444444444,0.4444444444444444,0.4444444444444444,0.4444444444444444,0.4444444444444444,0.4444444444444444,7547.777777777777,123.33333333333333,7671.111111111111,9.949423265888376,0
gemma-4-26b-a4b,X_C_TABLE,aiops2025,cpu stress,4,0.0,0.0,0.0,0.0,0.0,0.0,6534.5,126.0,6660.5,9.530588124501264,0
gemma-4-26b-a4b,X_C_TABLE,aiops2025,dns error,8,0.125,0.125,0.125,0.125,0.125,0.125,8117.5,113.0,8230.5,9.121682956499171,0
gemma-4-26b-a4b,X_C_TABLE,aiops2025,io fault,9,0.1111111111111111,0.1111111111111111,0.1111111111111111,0.1111111111111111,0.1111111111111111,0.1111111111111111,8066.333333333333,108.55555555555556,8174.888888888889,9.108250881666512,0
gemma-4-26b-a4b,X_C_TABLE,aiops2025,jvm cpu,3,1.0,1.0,1.0,1.0,1.0,1.0,8196.0,109.33333333333333,8305.333333333334,9.24667095466672,0
gemma-4-26b-a4b,X_C_TABLE,aiops2025,jvm exception,4,0.25,0.25,0.25,0.25,0.25,0.25,8100.5,110.25,8210.75,9.197067699999934,0
gemma-4-26b-a4b,X_C_TABLE,aiops2025,jvm gc,8,0.25,0.25,0.25,0.25,0.25,0.25,8520.25,106.5,8626.75,9.061569392499678,0
gemma-4-26b-a4b,X_C_TABLE,aiops2025,jvm latency,7,0.14285714285714285,0.14285714285714285,0.14285714285714285,0.14285714285714285,0.14285714285714285,0.14285714285714285,7252.857142857143,116.0,7368.857142857143,9.210551075428937,0
gemma-4-26b-a4b,X_C_TABLE,aiops2025,memory stress,8,0.375,0.375,0.375,0.375,0.375,0.375,7440.375,109.125,7549.5,9.048020293999343,1
gemma-4-26b-a4b,X_C_TABLE,aiops2025,network corrupt,8,0.625,0.625,0.625,0.625,0.625,0.625,8105.875,115.25,8221.125,9.053671456875236,0
gemma-4-26b-a4b,X_C_TABLE,aiops2025,network delay,6,0.8333333333333334,0.8333333333333334,0.8333333333333334,0.8333333333333334,0.8333333333333334,0.8333333333333334,6930.5,117.16666666666667,7047.666666666667,9.528564435998609,0
gemma-4-26b-a4b,X_C_TABLE,aiops2025,network loss,5,0.6,0.6,0.6,0.6,0.6,0.6,8189.0,126.2,8315.2,9.950458355199226,0
gemma-4-26b-a4b,X_C_TABLE,aiops2025,node cpu stress,4,0.0,0.0,0.0,0.0,0.0,0.0,6761.5,105.5,6867.0,8.604576130499481,0
gemma-4-26b-a4b,X_C_TABLE,aiops2025,node disk fill,8,0.0,0.0,0.0,0.0,0.0,0.0,8231.875,117.875,8349.75,9.741784318375721,0
gemma-4-26b-a4b,X_C_TABLE,aiops2025,node memory stress,8,0.0,0.0,0.0,0.0,0.0,0.0,8063.625,107.875,8171.5,8.857909862374981,0
gemma-4-26b-a4b,X_C_TABLE,aiops2025,pod failure,13,0.07692307692307693,0.07692307692307693,0.07692307692307693,0.07692307692307693,0.07692307692307693,0.07692307692307693,8154.615384615385,114.3076923076923,8268.923076923076,8.945658836615621,0
gemma-4-26b-a4b,X_C_TABLE,aiops2025,pod kill,6,0.6666666666666666,0.6666666666666666,0.6666666666666666,0.6666666666666666,0.6666666666666666,0.6666666666666666,8490.333333333334,106.16666666666667,8596.5,9.157277376833008,0
gemma-4-26b-a4b,X_C_TABLE,aiops2025,target port misconfig,2,0.5,0.5,0.5,0.5,0.5,0.5,7792.0,119.0,7911.0,9.19215587349936,0
gemma-4-26b-a4b,X_MTEXT,aegislab,ContainerKill,6,0.0,0.0,0.0,0.0,0.0,0.0,3402.0,111.66666666666667,3513.6666666666665,9.8337925291659,0
gemma-4-26b-a4b,X_MTEXT,aegislab,HTTPRequestAbort,7,0.14285714285714285,0.14285714285714285,0.14285714285714285,0.14285714285714285,0.14285714285714285,0.14285714285714285,3453.4285714285716,97.42857142857143,3550.8571428571427,8.329882963571956,0
gemma-4-26b-a4b,X_MTEXT,aegislab,HTTPRequestDelay,5,0.6,0.6,0.6,0.6,0.6,0.6,3405.0,102.4,3507.4,8.200524478399165,0
gemma-4-26b-a4b,X_MTEXT,aegislab,HTTPRequestReplaceMethod,17,0.29411764705882354,0.29411764705882354,0.29411764705882354,0.29411764705882354,0.29411764705882354,0.29411764705882354,3408.176470588235,106.0,3514.176470588235,9.004396543941445,0
gemma-4-26b-a4b,X_MTEXT,aegislab,HTTPResponseAbort,4,0.25,0.25,0.25,0.25,0.25,0.25,3396.0,93.5,3489.5,7.997836992500197,0
gemma-4-26b-a4b,X_MTEXT,aegislab,HTTPResponseDelay,3,1.0,1.0,1.0,1.0,1.0,1.0,3406.0,112.0,3518.0,8.61861965866774,0
gemma-4-26b-a4b,X_MTEXT,aegislab,HTTPResponseReplaceBody,4,0.25,0.25,0.25,0.25,0.25,0.25,3413.5,103.25,3516.75,8.73037107925029,0
gemma-4-26b-a4b,X_MTEXT,aegislab,HTTPResponseReplaceCode,23,0.13043478260869565,0.13043478260869565,0.13043478260869565,0.13043478260869565,0.13043478260869565,0.13043478260869565,3403.1304347826085,105.95652173913044,3509.086956521739,8.798660733912781,0
gemma-4-26b-a4b,X_MTEXT,aegislab,JVMCPUStress,1,1.0,1.0,1.0,1.0,1.0,1.0,3406.0,89.0,3495.0,7.763583355001174,0
gemma-4-26b-a4b,X_MTEXT,aegislab,JVMException,4,0.0,0.0,0.0,0.0,0.0,0.0,3412.5,110.0,3522.5,9.04272338275041,0
gemma-4-26b-a4b,X_MTEXT,aegislab,JVMMemoryStress,16,0.4375,0.4375,0.4375,0.4375,0.4375,0.4375,3407.25,100.9375,3508.1875,8.54337844724978,0
gemma-4-26b-a4b,X_MTEXT,aegislab,JVMMySQLLatency,1,0.0,0.0,0.0,0.0,0.0,0.0,3399.0,106.0,3505.0,10.556361701001151,0
gemma-4-26b-a4b,X_MTEXT,aegislab,JVMReturn,1,0.0,0.0,0.0,0.0,0.0,0.0,3617.0,123.0,3740.0,9.510355596001318,0
gemma-4-26b-a4b,X_MTEXT,aegislab,NetworkBandwidth,1,1.0,1.0,1.0,1.0,1.0,1.0,3410.0,84.0,3494.0,6.496957500999997,0
gemma-4-26b-a4b,X_MTEXT,aegislab,NetworkCorrupt,4,0.25,0.25,0.25,0.25,0.25,0.25,3420.75,114.5,3535.25,9.597610924250148,0
gemma-4-26b-a4b,X_MTEXT,aegislab,NetworkDelay,1,1.0,1.0,1.0,1.0,1.0,1.0,3406.0,114.0,3520.0,9.6215329810002,0
gemma-4-26b-a4b,X_MTEXT,aegislab,NetworkLoss,4,0.75,0.75,0.75,0.75,0.75,0.75,3405.5,103.25,3508.75,9.087613704999967,0
gemma-4-26b-a4b,X_MTEXT,aegislab,NetworkPartition,13,0.38461538461538464,0.38461538461538464,0.38461538461538464,0.38461538461538464,0.38461538461538464,0.38461538461538464,3448.6153846153848,103.23076923076923,3551.846153846154,9.147125309461934,0
gemma-4-26b-a4b,X_MTEXT,aegislab,PodFailure,2,0.0,0.0,0.0,0.0,0.0,0.0,3409.0,100.5,3509.5,8.439621651999914,0
gemma-4-26b-a4b,X_MTEXT,aegislab,PodKill,2,0.0,0.0,0.0,0.0,0.0,0.0,3417.5,106.0,3523.5,7.258568194502004,0
gemma-4-26b-a4b,X_MTEXT,aegislab,TimeSkew,1,0.0,0.0,0.0,0.0,0.0,0.0,3390.0,113.0,3503.0,9.677987305996794,0
gemma-4-26b-a4b,X_MTEXT,aiops2022,k8s容器cpu负载,10,0.5,0.5,0.5,0.5,0.5,0.5,3316.0,107.9,3423.9,9.53771022939909,0
gemma-4-26b-a4b,X_MTEXT,aiops2022,k8s容器内存负载,13,0.15384615384615385,0.15384615384615385,0.15384615384615385,0.15384615384615385,0.15384615384615385,0.15384615384615385,3330.3846153846152,112.61538461538461,3443.0,9.568638144076361,0
gemma-4-26b-a4b,X_MTEXT,aiops2022,k8s容器写io负载,9,0.1111111111111111,0.1111111111111111,0.1111111111111111,0.1111111111111111,0.1111111111111111,0.1111111111111111,3361.222222222222,107.88888888888889,3469.1111111111113,8.84163517544544,0
gemma-4-26b-a4b,X_MTEXT,aiops2022,k8s容器网络丢包,14,0.07142857142857142,0.07142857142857142,0.07142857142857142,0.07142857142857142,0.07142857142857142,0.07142857142857142,3329.5,103.07142857142857,3432.5714285714284,8.354053306142825,0
gemma-4-26b-a4b,X_MTEXT,aiops2022,k8s容器网络延迟,8,0.375,0.375,0.375,0.375,0.375,0.375,3318.875,116.625,3435.5,9.982460985374018,0
gemma-4-26b-a4b,X_MTEXT,aiops2022,k8s容器网络资源包损坏,5,0.0,0.0,0.0,0.0,0.0,0.0,3340.8,116.0,3456.8,9.822755551199226,0
gemma-4-26b-a4b,X_MTEXT,aiops2022,k8s容器网络资源包重复发送,8,0.0,0.0,0.0,0.0,0.0,0.0,3336.375,119.5,3455.875,10.49469518662545,0
gemma-4-26b-a4b,X_MTEXT,aiops2022,k8s容器读io负载,11,0.18181818181818182,0.18181818181818182,0.18181818181818182,0.18181818181818182,0.18181818181818182,0.18181818181818182,3338.7272727272725,107.54545454545455,3446.2727272727275,8.508079819453997,0
gemma-4-26b-a4b,X_MTEXT,aiops2022,k8s容器进程中止,11,0.09090909090909091,0.09090909090909091,0.09090909090909091,0.09090909090909091,0.09090909090909091,0.09090909090909091,3332.0,106.36363636363636,3438.3636363636365,8.631578810727,0
gemma-4-26b-a4b,X_MTEXT,aiops2022,node 内存消耗,6,0.0,0.0,0.0,0.0,0.0,0.0,3331.8333333333335,105.83333333333333,3437.6666666666665,9.319808564833389,0
gemma-4-26b-a4b,X_MTEXT,aiops2022,node 磁盘写IO消耗,5,0.0,0.0,0.0,0.0,0.0,0.0,3314.4,108.6,3423.0,9.305987789199571,0
gemma-4-26b-a4b,X_MTEXT,aiops2022,node 磁盘空间消耗,6,0.0,0.0,0.0,0.0,0.0,0.0,3330.1666666666665,107.83333333333333,3438.0,8.620006330499868,1
gemma-4-26b-a4b,X_MTEXT,aiops2022,node 磁盘读IO消耗,5,0.0,0.0,0.0,0.0,0.0,0.0,3327.0,104.6,3431.6,10.071179519400175,0
gemma-4-26b-a4b,X_MTEXT,aiops2022,node节点CPU故障,5,0.0,0.0,0.0,0.0,0.0,0.0,3323.0,95.4,3418.4,7.602823725399503,0
gemma-4-26b-a4b,X_MTEXT,aiops2022,node节点CPU爬升,4,0.0,0.0,0.0,0.0,0.0,0.0,3308.75,100.5,3409.25,8.450412309000058,0
gemma-4-26b-a4b,X_MTEXT,aiops2025,code error,9,0.3333333333333333,0.3333333333333333,0.3333333333333333,0.3333333333333333,0.3333333333333333,0.3333333333333333,4441.666666666667,92.33333333333333,4534.0,8.231972762888795,0
gemma-4-26b-a4b,X_MTEXT,aiops2025,cpu stress,4,0.25,0.25,0.25,0.25,0.25,0.25,4749.0,109.0,4858.0,8.481831886750115,0
gemma-4-26b-a4b,X_MTEXT,aiops2025,dns error,8,0.125,0.125,0.125,0.125,0.125,0.125,5575.625,89.75,5665.375,8.19545232524979,0
gemma-4-26b-a4b,X_MTEXT,aiops2025,io fault,9,0.1111111111111111,0.1111111111111111,0.1111111111111111,0.1111111111111111,0.1111111111111111,0.1111111111111111,5295.666666666667,85.66666666666667,5381.333333333333,7.379492922443912,0
gemma-4-26b-a4b,X_MTEXT,aiops2025,jvm cpu,3,0.6666666666666666,0.6666666666666666,0.6666666666666666,0.6666666666666666,0.6666666666666666,0.6666666666666666,5316.666666666667,104.33333333333333,5421.0,8.933843038999234,0
gemma-4-26b-a4b,X_MTEXT,aiops2025,jvm exception,4,0.25,0.25,0.25,0.25,0.25,0.25,5036.75,86.0,5122.75,8.097500064000087,0
gemma-4-26b-a4b,X_MTEXT,aiops2025,jvm gc,8,0.0,0.0,0.0,0.0,0.0,0.0,6433.625,92.75,6526.375,8.097441526500461,1
gemma-4-26b-a4b,X_MTEXT,aiops2025,jvm latency,7,0.42857142857142855,0.42857142857142855,0.42857142857142855,0.42857142857142855,0.42857142857142855,0.42857142857142855,4743.571428571428,101.14285714285714,4844.714285714285,8.583256655999971,0
gemma-4-26b-a4b,X_MTEXT,aiops2025,memory stress,8,0.25,0.25,0.25,0.25,0.25,0.25,5061.125,93.75,5154.875,8.235324562249389,0
gemma-4-26b-a4b,X_MTEXT,aiops2025,network corrupt,8,0.25,0.25,0.25,0.25,0.25,0.25,5336.625,111.25,5447.875,9.116303579874511,0
gemma-4-26b-a4b,X_MTEXT,aiops2025,network delay,6,0.0,0.0,0.0,0.0,0.0,0.0,4591.833333333333,93.33333333333333,4685.166666666667,7.879437969166854,1
gemma-4-26b-a4b,X_MTEXT,aiops2025,network loss,5,0.2,0.2,0.2,0.2,0.2,0.2,5835.4,89.2,5924.6,7.602556832400296,0
gemma-4-26b-a4b,X_MTEXT,aiops2025,node cpu stress,4,0.0,0.0,0.0,0.0,0.0,0.0,4766.25,92.5,4858.75,7.801597447998574,0
gemma-4-26b-a4b,X_MTEXT,aiops2025,node disk fill,8,0.0,0.0,0.0,0.0,0.0,0.0,5613.25,89.125,5702.375,7.970894512875475,1
gemma-4-26b-a4b,X_MTEXT,aiops2025,node memory stress,8,0.0,0.0,0.0,0.0,0.0,0.0,5280.5,94.875,5375.375,8.116760366624476,0
gemma-4-26b-a4b,X_MTEXT,aiops2025,pod failure,13,0.07692307692307693,0.07692307692307693,0.07692307692307693,0.07692307692307693,0.07692307692307693,0.07692307692307693,5506.384615384615,97.84615384615384,5604.2307692307695,8.397194687614851,0
gemma-4-26b-a4b,X_MTEXT,aiops2025,pod kill,6,0.16666666666666666,0.16666666666666666,0.16666666666666666,0.16666666666666666,0.16666666666666666,0.16666666666666666,6359.666666666667,101.83333333333333,6461.5,9.263650210667038,0
gemma-4-26b-a4b,X_MTEXT,aiops2025,target port misconfig,2,0.0,0.0,0.0,0.0,0.0,0.0,4782.5,100.5,4883.0,8.383486864498991,0
gemma-4-26b-a4b,X_V_CONTRAST,aegislab,ContainerKill,6,0.16666666666666666,0.16666666666666666,0.16666666666666666,0.16666666666666666,0.16666666666666666,0.16666666666666666,2467.6666666666665,92.83333333333333,2560.5,8.665086285166884,0
gemma-4-26b-a4b,X_V_CONTRAST,aegislab,HTTPRequestAbort,7,0.14285714285714285,0.14285714285714285,0.14285714285714285,0.14285714285714285,0.14285714285714285,0.14285714285714285,2526.1428571428573,94.0,2620.1428571428573,8.057694325998975,0
gemma-4-26b-a4b,X_V_CONTRAST,aegislab,HTTPRequestDelay,5,0.4,0.4,0.4,0.4,0.4,0.4,2472.0,100.6,2572.6,8.048722318400541,0
gemma-4-26b-a4b,X_V_CONTRAST,aegislab,HTTPRequestReplaceMethod,17,0.23529411764705882,0.23529411764705882,0.23529411764705882,0.23529411764705882,0.23529411764705882,0.23529411764705882,2470.470588235294,107.82352941176471,2578.294117647059,8.759812909882063,1
gemma-4-26b-a4b,X_V_CONTRAST,aegislab,HTTPResponseAbort,4,0.25,0.25,0.25,0.25,0.25,0.25,2465.0,107.75,2572.75,9.0763659357508,0
gemma-4-26b-a4b,X_V_CONTRAST,aegislab,HTTPResponseDelay,3,0.3333333333333333,0.3333333333333333,0.3333333333333333,0.3333333333333333,0.3333333333333333,0.3333333333333333,2473.0,101.0,2574.0,7.721597743333405,0
gemma-4-26b-a4b,X_V_CONTRAST,aegislab,HTTPResponseReplaceBody,4,0.25,0.25,0.25,0.25,0.25,0.25,2470.0,106.5,2576.5,9.0383243185006,0
gemma-4-26b-a4b,X_V_CONTRAST,aegislab,HTTPResponseReplaceCode,23,0.08695652173913043,0.08695652173913043,0.08695652173913043,0.08695652173913043,0.08695652173913043,0.08695652173913043,2469.7391304347825,100.3913043478261,2570.1304347826085,8.127182487217278,0
gemma-4-26b-a4b,X_V_CONTRAST,aegislab,JVMCPUStress,1,0.0,0.0,0.0,0.0,0.0,0.0,2473.0,81.0,2554.0,7.029107813999872,0
gemma-4-26b-a4b,X_V_CONTRAST,aegislab,JVMException,4,0.0,0.0,0.0,0.0,0.0,0.0,2471.5,94.0,2565.5,7.892836126000475,1
gemma-4-26b-a4b,X_V_CONTRAST,aegislab,JVMMemoryStress,16,0.375,0.375,0.375,0.375,0.375,0.375,2472.0,98.9375,2570.9375,8.061500498125497,0
gemma-4-26b-a4b,X_V_CONTRAST,aegislab,JVMMySQLLatency,1,0.0,0.0,0.0,0.0,0.0,0.0,2473.0,101.0,2574.0,8.615544450000016,0
gemma-4-26b-a4b,X_V_CONTRAST,aegislab,JVMReturn,1,0.0,0.0,0.0,0.0,0.0,0.0,2473.0,102.0,2575.0,7.299089771000581,0
gemma-4-26b-a4b,X_V_CONTRAST,aegislab,NetworkBandwidth,1,0.0,0.0,0.0,0.0,0.0,0.0,2473.0,102.0,2575.0,7.861031733002164,0
gemma-4-26b-a4b,X_V_CONTRAST,aegislab,NetworkCorrupt,4,0.25,0.25,0.25,0.25,0.25,0.25,2465.0,102.75,2567.75,9.018669684000088,0
gemma-4-26b-a4b,X_V_CONTRAST,aegislab,NetworkDelay,1,1.0,1.0,1.0,1.0,1.0,1.0,2473.0,122.0,2595.0,9.891270327996608,0
gemma-4-26b-a4b,X_V_CONTRAST,aegislab,NetworkLoss,4,0.5,0.5,0.5,0.5,0.5,0.5,2473.0,102.75,2575.75,8.647463879249699,0
gemma-4-26b-a4b,X_V_CONTRAST,aegislab,NetworkPartition,13,0.38461538461538464,0.38461538461538464,0.38461538461538464,0.38461538461538464,0.38461538461538464,0.38461538461538464,2496.923076923077,104.53846153846153,2601.4615384615386,8.912590699307867,0
gemma-4-26b-a4b,X_V_CONTRAST,aegislab,PodFailure,2,0.5,0.5,0.5,0.5,0.5,0.5,2473.0,96.0,2569.0,8.819576212001266,0
gemma-4-26b-a4b,X_V_CONTRAST,aegislab,PodKill,2,0.0,0.0,0.0,0.0,0.0,0.0,2480.0,134.0,2614.0,8.86897934350236,0
gemma-4-26b-a4b,X_V_CONTRAST,aegislab,TimeSkew,1,0.0,0.0,0.0,0.0,0.0,0.0,2473.0,101.0,2574.0,9.07654685200032,0
gemma-4-26b-a4b,X_V_CONTRAST,aiops2022,k8s容器cpu负载,10,0.4,0.4,0.4,0.4,0.4,0.4,2343.4,99.3,2442.7,8.06578735639996,0
gemma-4-26b-a4b,X_V_CONTRAST,aiops2022,k8s容器内存负载,13,0.07692307692307693,0.07692307692307693,0.07692307692307693,0.07692307692307693,0.07692307692307693,0.07692307692307693,2353.3846153846152,111.23076923076923,2464.6153846153848,9.035813496000348,0
gemma-4-26b-a4b,X_V_CONTRAST,aiops2022,k8s容器写io负载,9,0.0,0.0,0.0,0.0,0.0,0.0,2364.5555555555557,94.77777777777777,2459.3333333333335,7.871700780444371,0
gemma-4-26b-a4b,X_V_CONTRAST,aiops2022,k8s容器网络丢包,14,0.14285714285714285,0.14285714285714285,0.14285714285714285,0.14285714285714285,0.14285714285714285,0.14285714285714285,2350.4285714285716,106.85714285714286,2457.285714285714,8.24764443042815,0
gemma-4-26b-a4b,X_V_CONTRAST,aiops2022,k8s容器网络延迟,8,0.125,0.125,0.125,0.125,0.125,0.125,2353.125,117.5,2470.625,9.854253379124657,0
gemma-4-26b-a4b,X_V_CONTRAST,aiops2022,k8s容器网络资源包损坏,5,0.0,0.0,0.0,0.0,0.0,0.0,2355.4,108.4,2463.8,9.303214979400218,0
gemma-4-26b-a4b,X_V_CONTRAST,aiops2022,k8s容器网络资源包重复发送,8,0.0,0.0,0.0,0.0,0.0,0.0,2364.125,109.25,2473.375,9.169393996749932,0
gemma-4-26b-a4b,X_V_CONTRAST,aiops2022,k8s容器读io负载,11,0.18181818181818182,0.18181818181818182,0.18181818181818182,0.18181818181818182,0.18181818181818182,0.18181818181818182,2356.4545454545455,114.9090909090909,2471.3636363636365,9.008437512636275,0
gemma-4-26b-a4b,X_V_CONTRAST,aiops2022,k8s容器进程中止,11,0.0,0.0,0.0,0.0,0.0,0.0,2356.3636363636365,113.45454545454545,2469.818181818182,9.098964427090818,0
gemma-4-26b-a4b,X_V_CONTRAST,aiops2022,node 内存消耗,6,0.0,0.0,0.0,0.0,0.0,0.0,2362.6666666666665,102.0,2464.6666666666665,8.936890755333783,0
gemma-4-26b-a4b,X_V_CONTRAST,aiops2022,node 磁盘写IO消耗,5,0.0,0.0,0.0,0.0,0.0,0.0,2337.8,108.6,2446.4,8.186430161399766,0
gemma-4-26b-a4b,X_V_CONTRAST,aiops2022,node 磁盘空间消耗,6,0.0,0.0,0.0,0.0,0.0,0.0,2368.0,99.5,2467.5,8.087490561666831,0
gemma-4-26b-a4b,X_V_CONTRAST,aiops2022,node 磁盘读IO消耗,5,0.0,0.0,0.0,0.0,0.0,0.0,2344.2,103.8,2448.0,9.362523712599796,0
gemma-4-26b-a4b,X_V_CONTRAST,aiops2022,node节点CPU故障,5,0.0,0.0,0.0,0.0,0.0,0.0,2355.6,105.4,2461.0,8.318984194600489,0
gemma-4-26b-a4b,X_V_CONTRAST,aiops2022,node节点CPU爬升,4,0.0,0.0,0.0,0.0,0.0,0.0,2352.25,107.75,2460.0,8.507750888000373,0
gemma-4-26b-a4b,X_V_CONTRAST,aiops2025,code error,9,0.2222222222222222,0.2222222222222222,0.2222222222222222,0.2222222222222222,0.2222222222222222,0.2222222222222222,2242.1111111111113,108.55555555555556,2350.6666666666665,9.397000775667241,0
gemma-4-26b-a4b,X_V_CONTRAST,aiops2025,cpu stress,4,0.25,0.25,0.25,0.25,0.25,0.25,2240.75,90.0,2330.75,7.36559835774915,0
gemma-4-26b-a4b,X_V_CONTRAST,aiops2025,dns error,8,0.125,0.125,0.125,0.125,0.125,0.125,2240.0,99.0,2339.0,8.37290527412415,0
gemma-4-26b-a4b,X_V_CONTRAST,aiops2025,io fault,9,0.1111111111111111,0.1111111111111111,0.1111111111111111,0.1111111111111111,0.1111111111111111,0.1111111111111111,2237.1111111111113,103.44444444444444,2340.5555555555557,8.650844903666034,0
gemma-4-26b-a4b,X_V_CONTRAST,aiops2025,jvm cpu,3,0.0,0.0,0.0,0.0,0.0,0.0,2237.0,100.66666666666667,2337.6666666666665,8.695116087665761,0
gemma-4-26b-a4b,X_V_CONTRAST,aiops2025,jvm exception,4,0.25,0.25,0.25,0.25,0.25,0.25,2237.75,88.75,2326.5,7.853367523999623,0
gemma-4-26b-a4b,X_V_CONTRAST,aiops2025,jvm gc,8,0.125,0.125,0.125,0.125,0.125,0.125,2238.125,102.375,2340.5,8.670378439374872,0
gemma-4-26b-a4b,X_V_CONTRAST,aiops2025,jvm latency,7,0.14285714285714285,0.14285714285714285,0.14285714285714285,0.14285714285714285,0.14285714285714285,0.14285714285714285,2233.8571428571427,93.0,2326.8571428571427,7.824959547143537,0
gemma-4-26b-a4b,X_V_CONTRAST,aiops2025,memory stress,8,0.25,0.25,0.25,0.25,0.25,0.25,2236.5,95.375,2331.875,8.40395268412567,1
gemma-4-26b-a4b,X_V_CONTRAST,aiops2025,network corrupt,8,0.375,0.375,0.375,0.375,0.375,0.375,2237.75,110.75,2348.5,8.837599990749368,0
gemma-4-26b-a4b,X_V_CONTRAST,aiops2025,network delay,6,0.16666666666666666,0.16666666666666666,0.16666666666666666,0.16666666666666666,0.16666666666666666,0.16666666666666666,2237.5,87.33333333333333,2324.8333333333335,7.589299711832912,1
gemma-4-26b-a4b,X_V_CONTRAST,aiops2025,network loss,5,0.4,0.4,0.4,0.4,0.4,0.4,2235.8,117.2,2353.0,8.854679763599416,0
gemma-4-26b-a4b,X_V_CONTRAST,aiops2025,node cpu stress,4,0.0,0.0,0.0,0.0,0.0,0.0,2240.0,105.0,2345.0,8.6206177797485,1
gemma-4-26b-a4b,X_V_CONTRAST,aiops2025,node disk fill,8,0.0,0.0,0.0,0.0,0.0,0.0,2237.375,101.875,2339.25,8.868206899250254,0
gemma-4-26b-a4b,X_V_CONTRAST,aiops2025,node memory stress,8,0.0,0.0,0.0,0.0,0.0,0.0,2237.375,105.25,2342.625,8.609158773625495,0
gemma-4-26b-a4b,X_V_CONTRAST,aiops2025,pod failure,13,0.07692307692307693,0.07692307692307693,0.07692307692307693,0.07692307692307693,0.07692307692307693,0.07692307692307693,2239.769230769231,102.23076923076923,2342.0,8.259948376384553,0
gemma-4-26b-a4b,X_V_CONTRAST,aiops2025,pod kill,6,0.3333333333333333,0.3333333333333333,0.3333333333333333,0.3333333333333333,0.3333333333333333,0.3333333333333333,2235.5,103.83333333333333,2339.3333333333335,8.861359056834166,0
gemma-4-26b-a4b,X_V_CONTRAST,aiops2025,target port misconfig,2,0.0,0.0,0.0,0.0,0.0,0.0,2232.5,104.5,2337.0,8.202646754500165,0
qwen3.8-27b,SIRCL_TEXT,aegislab,ContainerKill,6,0.5,0.3333333333333333,0.6666666666666666,0.6666666666666666,0.5555555555555555,0.6,16941.833333333332,100.83333333333333,17042.666666666668,16.997114431833023,0
qwen3.8-27b,SIRCL_TEXT,aegislab,HTTPRequestAbort,7,0.5476190476190476,0.14285714285714285,1.0,1.0,0.6666666666666666,0.8,19800.428571428572,97.28571428571429,19897.714285714286,17.205719673429225,0
qwen3.8-27b,SIRCL_TEXT,aegislab,HTTPRequestDelay,5,0.5,0.4,0.6,0.6,0.5333333333333333,0.5599999999999999,17439.2,98.2,17537.4,14.04158009260027,0
qwen3.8-27b,SIRCL_TEXT,aegislab,HTTPRequestReplaceMethod,17,0.5686274509803921,0.35294117647058826,0.8235294117647058,0.8235294117647058,0.6274509803921569,0.7058823529411765,17652.941176470587,95.94117647058823,17748.882352941175,15.894540082706204,0
qwen3.8-27b,SIRCL_TEXT,aegislab,HTTPResponseAbort,4,0.5416666666666666,0.25,1.0,1.0,0.5833333333333333,0.75,20432.0,100.75,20532.75,17.006543665000663,0
qwen3.8-27b,SIRCL_TEXT,aegislab,HTTPResponseDelay,3,1.0,1.0,1.0,1.0,1.0,1.0,15252.0,94.66666666666667,15346.666666666666,12.053171177332842,0
qwen3.8-27b,SIRCL_TEXT,aegislab,HTTPResponseReplaceBody,4,0.5,0.25,0.75,0.75,0.5833333333333333,0.65,18713.5,103.75,18817.25,19.502775137500066,0
qwen3.8-27b,SIRCL_TEXT,aegislab,HTTPResponseReplaceCode,23,0.4746376811594203,0.34782608695652173,0.6086956521739131,0.6521739130434783,0.4927536231884058,0.5565217391304348,17574.521739130436,102.56521739130434,17677.08695652174,16.880076755174187,1
qwen3.8-27b,SIRCL_TEXT,aegislab,JVMCPUStress,1,0.0,0.0,0.0,0.0,0.0,0.0,10237.0,197.0,10434.0,30.277019850000215,0
qwen3.8-27b,SIRCL_TEXT,aegislab,JVMException,4,0.75,0.5,1.0,1.0,0.8333333333333333,0.9,15317.5,137.0,15454.5,23.950412857749598,0
qwen3.8-27b,SIRCL_TEXT,aegislab,JVMMemoryStress,16,0.41666666666666663,0.25,0.625,0.625,0.4583333333333333,0.525,21378.0625,105.6875,21483.75,18.83130594043746,0
qwen3.8-27b,SIRCL_TEXT,aegislab,JVMMySQLLatency,1,0.0,0.0,0.0,0.0,0.0,0.0,21003.0,105.0,21108.0,21.20803451000029,0
qwen3.8-27b,SIRCL_TEXT,aegislab,JVMReturn,1,0.0,0.0,0.0,0.0,0.0,0.0,19329.0,86.0,19415.0,16.31329042300058,0
qwen3.8-27b,SIRCL_TEXT,aegislab,NetworkBandwidth,1,1.0,1.0,1.0,1.0,1.0,1.0,7180.0,78.0,7258.0,6.820085939998535,0
qwen3.8-27b,SIRCL_TEXT,aegislab,NetworkCorrupt,4,0.875,0.75,1.0,1.0,0.9166666666666666,0.95,17640.5,104.25,17744.75,19.25093022675037,0
qwen3.8-27b,SIRCL_TEXT,aegislab,NetworkDelay,1,1.0,1.0,1.0,1.0,1.0,1.0,10213.0,82.0,10295.0,12.742242675998568,0
qwen3.8-27b,SIRCL_TEXT,aegislab,NetworkLoss,4,0.6666666666666666,0.5,1.0,1.0,0.6666666666666666,0.8,14526.75,100.5,14627.25,14.96493302575027,0
qwen3.8-27b,SIRCL_TEXT,aegislab,NetworkPartition,13,0.8461538461538461,0.8461538461538461,0.8461538461538461,0.8461538461538461,0.8461538461538461,0.8461538461538461,15767.538461538461,105.07692307692308,15872.615384615385,18.422896110769777,0
qwen3.8-27b,SIRCL_TEXT,aegislab,PodFailure,2,0.0,0.0,0.0,0.0,0.0,0.0,13027.0,80.0,13107.0,11.288038947501263,0
qwen3.8-27b,SIRCL_TEXT,aegislab,PodKill,2,0.5,0.5,0.5,0.5,0.5,0.5,15106.0,91.0,15197.0,18.91401487549956,0
qwen3.8-27b,SIRCL_TEXT,aegislab,TimeSkew,1,0.0,0.0,0.0,0.0,0.0,0.0,23710.0,82.0,23792.0,18.337999780000246,0
qwen3.8-27b,SIRCL_TEXT,aiops2022,k8s容器cpu负载,10,0.4333333333333333,0.4,0.5,0.5,0.4333333333333333,0.45999999999999996,18461.9,100.2,18562.1,17.599828585099566,2
qwen3.8-27b,SIRCL_TEXT,aiops2022,k8s容器内存负载,13,0.21794871794871792,0.15384615384615385,0.3076923076923077,0.3076923076923077,0.23076923076923078,0.26153846153846155,15067.538461538461,119.38461538461539,15186.923076923076,19.196622987692955,1
qwen3.8-27b,SIRCL_TEXT,aiops2022,k8s容器写io负载,9,0.31851851851851853,0.1111111111111111,0.5555555555555556,0.6666666666666666,0.3333333333333333,0.4444444444444444,17716.222222222223,121.33333333333333,17837.555555555555,22.103364294999967,1
qwen3.8-27b,SIRCL_TEXT,aiops2022,k8s容器网络丢包,14,0.35714285714285715,0.2857142857142857,0.5,0.5,0.35714285714285715,0.41428571428571426,20617.714285714286,106.78571428571429,20724.5,19.222061285714258,2
qwen3.8-27b,SIRCL_TEXT,aiops2022,k8s容器网络延迟,8,0.125,0.0,0.375,0.375,0.125,0.22499999999999998,18192.0,94.5,18286.5,18.80597083124985,2
qwen3.8-27b,SIRCL_TEXT,aiops2022,k8s容器网络资源包损坏,5,0.3,0.2,0.4,0.4,0.3333333333333333,0.36,23206.6,117.6,23324.2,23.180625661199883,0
qwen3.8-27b,SIRCL_TEXT,aiops2022,k8s容器网络资源包重复发送,8,0.0,0.0,0.0,0.0,0.0,0.0,16513.25,107.75,16621.0,19.92498913187501,2
qwen3.8-27b,SIRCL_TEXT,aiops2022,k8s容器读io负载,11,0.06363636363636363,0.0,0.09090909090909091,0.18181818181818182,0.0606060606060606,0.09090909090909091,15622.0,125.0909090909091,15747.09090909091,19.036371964817757,3
qwen3.8-27b,SIRCL_TEXT,aiops2022,k8s容器进程中止,11,0.18181818181818182,0.18181818181818182,0.18181818181818182,0.18181818181818182,0.18181818181818182,0.18181818181818182,15506.181818181818,113.63636363636364,15619.818181818182,18.842456983090994,1
qwen3.8-27b,SIRCL_TEXT,aiops2022,node 内存消耗,6,0.3333333333333333,0.3333333333333333,0.3333333333333333,0.3333333333333333,0.3333333333333333,0.3333333333333333,16179.333333333334,128.33333333333334,16307.666666666666,23.493585795500014,0
qwen3.8-27b,SIRCL_TEXT,aiops2022,node 磁盘写IO消耗,5,0.1,0.0,0.2,0.2,0.13333333333333333,0.16,16258.8,118.0,16376.8,18.025193756600128,0
qwen3.8-27b,SIRCL_TEXT,aiops2022,node 磁盘空间消耗,6,0.3333333333333333,0.3333333333333333,0.3333333333333333,0.3333333333333333,0.3333333333333333,0.3333333333333333,17347.333333333332,108.0,17455.333333333332,19.27731204916563,1
qwen3.8-27b,SIRCL_TEXT,aiops2022,node 磁盘读IO消耗,5,0.2,0.2,0.2,0.2,0.2,0.2,16174.0,114.4,16288.4,20.093164906399032,0
qwen3.8-27b,SIRCL_TEXT,aiops2022,node节点CPU故障,5,0.0,0.0,0.0,0.0,0.0,0.0,17022.6,111.4,17134.0,20.126018468400435,0
qwen3.8-27b,SIRCL_TEXT,aiops2022,node节点CPU爬升,4,0.0,0.0,0.0,0.0,0.0,0.0,15685.0,127.5,15812.5,19.996647888000098,0
qwen3.8-27b,SIRCL_TEXT,aiops2025,code error,9,0.3703703703703704,0.2222222222222222,0.5555555555555556,0.5555555555555556,0.4074074074074074,0.4666666666666667,8528.222222222223,105.66666666666667,8633.888888888889,17.33177232511116,0
qwen3.8-27b,SIRCL_TEXT,aiops2025,cpu stress,4,0.5,0.5,0.5,0.5,0.5,0.5,5724.25,109.25,5833.5,12.727042038249692,0
qwen3.8-27b,SIRCL_TEXT,aiops2025,dns error,8,0.28125,0.25,0.25,0.375,0.25,0.3,5198.875,106.375,5305.25,14.914352874625138,0
qwen3.8-27b,SIRCL_TEXT,aiops2025,io fault,9,0.25,0.1111111111111111,0.3333333333333333,0.4444444444444444,0.25925925925925924,0.3333333333333333,5666.444444444444,113.11111111111111,5779.555555555556,18.243782340222523,0
qwen3.8-27b,SIRCL_TEXT,aiops2025,jvm cpu,3,0.3333333333333333,0.3333333333333333,0.3333333333333333,0.3333333333333333,0.3333333333333333,0.3333333333333333,6521.666666666667,108.33333333333333,6630.0,14.311052281998855,0
qwen3.8-27b,SIRCL_TEXT,aiops2025,jvm exception,4,0.0625,0.0,0.0,0.25,0.0,0.1,5178.75,99.0,5277.75,12.435641281000699,2
qwen3.8-27b,SIRCL_TEXT,aiops2025,jvm gc,8,0.0625,0.0,0.125,0.125,0.08333333333333333,0.1,4864.75,96.25,4961.0,14.93525586649912,0
qwen3.8-27b,SIRCL_TEXT,aiops2025,jvm latency,7,0.42857142857142855,0.2857142857142857,0.5714285714285714,0.5714285714285714,0.47619047619047616,0.5142857142857143,5805.571428571428,114.0,5919.571428571428,18.138866126856946,0
qwen3.8-27b,SIRCL_TEXT,aiops2025,memory stress,8,0.4375,0.375,0.5,0.5,0.4583333333333333,0.475,5278.0,107.25,5385.25,11.5032097037506,1
qwen3.8-27b,SIRCL_TEXT,aiops2025,network corrupt,8,0.625,0.375,0.875,0.875,0.7083333333333333,0.775,9240.125,109.125,9349.25,19.09476226212496,0
qwen3.8-27b,SIRCL_TEXT,aiops2025,network delay,6,0.8333333333333334,0.8333333333333334,0.8333333333333334,0.8333333333333334,0.8333333333333334,0.8333333333333334,6062.666666666667,101.0,6163.666666666667,14.128465961999913,0
qwen3.8-27b,SIRCL_TEXT,aiops2025,network loss,5,0.6666666666666666,0.6,0.8,0.8,0.6666666666666666,0.72,10543.0,109.6,10652.6,16.502302913201127,0
qwen3.8-27b,SIRCL_TEXT,aiops2025,node cpu stress,4,0.75,0.75,0.75,0.75,0.75,0.75,4624.75,123.25,4748.0,20.25138016075016,0
qwen3.8-27b,SIRCL_TEXT,aiops2025,node disk fill,8,0.0625,0.0,0.125,0.125,0.08333333333333333,0.1,5503.0,89.75,5592.75,13.267274453000027,1
qwen3.8-27b,SIRCL_TEXT,aiops2025,node memory stress,8,0.275,0.25,0.25,0.375,0.25,0.275,5147.375,102.75,5250.125,15.711991507125504,1
qwen3.8-27b,SIRCL_TEXT,aiops2025,pod failure,13,0.11538461538461539,0.07692307692307693,0.15384615384615385,0.15384615384615385,0.1282051282051282,0.13846153846153847,7289.2307692307695,140.69230769230768,7429.923076923077,20.432649216922773,3
qwen3.8-27b,SIRCL_TEXT,aiops2025,pod kill,6,0.5555555555555555,0.3333333333333333,0.8333333333333334,0.8333333333333334,0.611111111111111,0.7000000000000001,8389.833333333334,108.66666666666667,8498.5,18.469402173000464,1
qwen3.8-27b,SIRCL_TEXT,aiops2025,target port misconfig,2,0.0,0.0,0.0,0.0,0.0,0.0,7033.0,136.0,7169.0,18.00402622549973,0
qwen3.8-27b,T,aegislab,ContainerKill,6,0.638888888888889,0.5,0.8333333333333334,0.8333333333333334,0.6666666666666666,0.7333333333333334,13950.5,155.83333333333334,14106.333333333334,30.768569931000457,0
qwen3.8-27b,T,aegislab,HTTPRequestAbort,7,0.35714285714285715,0.14285714285714285,0.5714285714285714,0.5714285714285714,0.42857142857142855,0.48571428571428577,14195.57142857143,165.0,14360.57142857143,32.018268488714185,0
qwen3.8-27b,T,aegislab,HTTPRequestDelay,5,0.4333333333333333,0.2,0.8,0.8,0.4666666666666666,0.6,13467.2,139.4,13606.6,23.43737329639989,0
qwen3.8-27b,T,aegislab,HTTPRequestReplaceMethod,17,0.2647058823529412,0.17647058823529413,0.4117647058823529,0.4117647058823529,0.2745098039215686,0.32941176470588235,14008.764705882353,163.8235294117647,14172.588235294117,29.99375160241171,0
qwen3.8-27b,T,aegislab,HTTPResponseAbort,4,0.25,0.25,0.25,0.25,0.25,0.25,14384.75,148.0,14532.75,26.802705762250298,0
qwen3.8-27b,T,aegislab,HTTPResponseDelay,3,0.4444444444444444,0.3333333333333333,0.6666666666666666,0.6666666666666666,0.4444444444444444,0.5333333333333333,13603.333333333334,155.0,13758.333333333334,27.816421930665456,0
qwen3.8-27b,T,aegislab,HTTPResponseReplaceBody,4,0.375,0.25,0.5,0.5,0.41666666666666663,0.45,14074.0,164.5,14238.5,31.466412483500335,0
qwen3.8-27b,T,aegislab,HTTPResponseReplaceCode,23,0.2355072463768116,0.13043478260869565,0.34782608695652173,0.391304347826087,0.24637681159420288,0.30434782608695654,13965.478260869566,161.6086956521739,14127.08695652174,30.57641686617377,0
qwen3.8-27b,T,aegislab,JVMCPUStress,1,1.0,1.0,1.0,1.0,1.0,1.0,13802.0,165.0,13967.0,32.84993627599761,0
qwen3.8-27b,T,aegislab,JVMException,4,0.75,0.75,0.75,0.75,0.75,0.75,14075.75,134.75,14210.5,24.15427970699966,0
qwen3.8-27b,T,aegislab,JVMMemoryStress,16,0.5364583333333334,0.25,0.8125,0.875,0.6041666666666666,0.7125,14077.25,149.875,14227.125,30.930239033312546,0
qwen3.8-27b,T,aegislab,JVMMySQLLatency,1,0.3333333333333333,0.0,1.0,1.0,0.3333333333333333,0.6,14110.0,178.0,14288.0,25.44864702799896,0
qwen3.8-27b,T,aegislab,JVMReturn,1,0.3333333333333333,0.0,1.0,1.0,0.3333333333333333,0.6,13631.0,133.0,13764.0,25.76780942500045,0
qwen3.8-27b,T,aegislab,NetworkBandwidth,1,1.0,1.0,1.0,1.0,1.0,1.0,14393.0,162.0,14555.0,31.812694901000214,0
qwen3.8-27b,T,aegislab,NetworkCorrupt,4,0.375,0.25,0.5,0.5,0.41666666666666663,0.45,13652.5,143.25,13795.75,25.981187744999716,0
qwen3.8-27b,T,aegislab,NetworkDelay,1,1.0,1.0,1.0,1.0,1.0,1.0,14374.0,150.0,14524.0,25.008814988999802,0
qwen3.8-27b,T,aegislab,NetworkLoss,4,0.5833333333333333,0.5,0.75,0.75,0.5833333333333333,0.65,13785.75,164.25,13950.0,27.654988714999945,0
qwen3.8-27b,T,aegislab,NetworkPartition,13,0.25,0.07692307692307693,0.38461538461538464,0.46153846153846156,0.28205128205128205,0.35384615384615387,14102.538461538461,166.15384615384616,14268.692307692309,30.560504505307808,0
qwen3.8-27b,T,aegislab,PodFailure,2,0.625,0.5,0.5,1.0,0.5,0.7,14016.5,190.0,14206.5,34.21684775400172,0
qwen3.8-27b,T,aegislab,PodKill,2,0.5,0.5,0.5,0.5,0.5,0.5,13749.0,139.0,13888.0,26.080916961499497,0
qwen3.8-27b,T,aegislab,TimeSkew,1,0.0,0.0,0.0,0.0,0.0,0.0,14246.0,170.0,14416.0,34.87954748899938,0
qwen3.8-27b,T,aiops2022,k8s容器cpu负载,10,0.4,0.4,0.4,0.4,0.4,0.4,13111.7,170.7,13282.4,33.632450838999645,0
qwen3.8-27b,T,aiops2022,k8s容器内存负载,13,0.47435897435897434,0.38461538461538464,0.6153846153846154,0.6153846153846154,0.48717948717948717,0.5384615384615384,12924.076923076924,168.76923076923077,13092.846153846154,30.455736329230813,0
qwen3.8-27b,T,aiops2022,k8s容器写io负载,9,0.16666666666666666,0.1111111111111111,0.2222222222222222,0.2222222222222222,0.18518518518518517,0.2,12530.555555555555,156.88888888888889,12687.444444444445,27.638022727333617,0
qwen3.8-27b,T,aiops2022,k8s容器网络丢包,14,0.08333333333333333,0.0,0.21428571428571427,0.21428571428571427,0.09523809523809523,0.14285714285714285,12655.214285714286,169.5,12824.714285714286,32.41747037785691,0
qwen3.8-27b,T,aiops2022,k8s容器网络延迟,8,0.08333333333333333,0.0,0.25,0.25,0.08333333333333333,0.15,13349.0,154.75,13503.75,31.000150720750753,0
qwen3.8-27b,T,aiops2022,k8s容器网络资源包损坏,5,0.2,0.2,0.2,0.2,0.2,0.2,12147.2,162.2,12309.4,31.309843502798685,0
qwen3.8-27b,T,aiops2022,k8s容器网络资源包重复发送,8,0.0625,0.0,0.125,0.125,0.08333333333333333,0.1,12998.625,146.625,13145.25,29.685712422373854,0
qwen3.8-27b,T,aiops2022,k8s容器读io负载,11,0.36363636363636365,0.18181818181818182,0.5454545454545454,0.5454545454545454,0.4242424242424242,0.4727272727272727,12984.0,160.72727272727272,13144.727272727272,29.341267386181325,0
qwen3.8-27b,T,aiops2022,k8s容器进程中止,11,0.34848484848484845,0.2727272727272727,0.45454545454545453,0.45454545454545453,0.36363636363636365,0.4,13362.272727272728,150.0,13512.272727272728,28.305555293908995,0
qwen3.8-27b,T,aiops2022,node 内存消耗,6,0.05555555555555555,0.0,0.16666666666666666,0.16666666666666666,0.05555555555555555,0.09999999999999999,13429.833333333334,388.3333333333333,13818.166666666666,62.991587215000436,0
qwen3.8-27b,T,aiops2022,node 磁盘写IO消耗,5,0.4,0.2,0.6,0.6,0.4666666666666666,0.52,13067.6,161.2,13228.8,28.36770644980097,0
qwen3.8-27b,T,aiops2022,node 磁盘空间消耗,6,0.25,0.16666666666666666,0.3333333333333333,0.3333333333333333,0.27777777777777773,0.3,12748.333333333334,171.66666666666666,12920.0,32.35285202033325,0
qwen3.8-27b,T,aiops2022,node 磁盘读IO消耗,5,0.5666666666666667,0.4,0.8,0.8,0.6,0.6799999999999999,12639.0,168.8,12807.8,28.57344510380026,0
qwen3.8-27b,T,aiops2022,node节点CPU故障,5,0.0,0.0,0.0,0.0,0.0,0.0,13273.0,149.2,13422.2,28.64512471979979,0
qwen3.8-27b,T,aiops2022,node节点CPU爬升,4,0.0,0.0,0.0,0.0,0.0,0.0,13362.0,170.5,13532.5,30.434185973749663,0
qwen3.8-27b,T,aiops2025,code error,9,0.3888888888888889,0.2222222222222222,0.5555555555555556,0.5555555555555556,0.4444444444444444,0.48888888888888893,12061.0,159.66666666666666,12220.666666666666,27.583270935777463,0
qwen3.8-27b,T,aiops2025,cpu stress,4,0.5,0.5,0.5,0.5,0.5,0.5,11023.25,160.25,11183.5,27.316274849248657,0
qwen3.8-27b,T,aiops2025,dns error,8,0.125,0.0,0.25,0.25,0.16666666666666666,0.2,12027.75,153.25,12181.0,25.585363639000207,0
qwen3.8-27b,T,aiops2025,io fault,9,0.3333333333333333,0.2222222222222222,0.4444444444444444,0.4444444444444444,0.37037037037037035,0.4,11919.0,165.0,12084.0,29.096433752333624,0
qwen3.8-27b,T,aiops2025,jvm cpu,3,0.4444444444444444,0.3333333333333333,0.6666666666666666,0.6666666666666666,0.4444444444444444,0.5333333333333333,12192.333333333334,158.0,12350.333333333334,25.423092473334084,0
qwen3.8-27b,T,aiops2025,jvm exception,4,0.25,0.25,0.25,0.25,0.25,0.25,11989.75,187.75,12177.5,30.67521635274943,0
qwen3.8-27b,T,aiops2025,jvm gc,8,0.125,0.125,0.125,0.125,0.125,0.125,11750.625,142.5,11893.125,25.092763337749602,0
qwen3.8-27b,T,aiops2025,jvm latency,7,0.2857142857142857,0.2857142857142857,0.2857142857142857,0.2857142857142857,0.2857142857142857,0.2857142857142857,11961.857142857143,149.14285714285714,12111.0,25.15582890357161,0
qwen3.8-27b,T,aiops2025,memory stress,8,0.22916666666666666,0.0,0.5,0.5,0.29166666666666663,0.375,11699.875,158.25,11858.125,26.099982370625185,0
qwen3.8-27b,T,aiops2025,network corrupt,8,0.5833333333333334,0.375,0.875,0.875,0.625,0.725,12438.25,150.0,12588.25,28.028092492250607,0
qwen3.8-27b,T,aiops2025,network delay,6,0.041666666666666664,0.0,0.0,0.16666666666666666,0.0,0.06666666666666667,11814.5,148.83333333333334,11963.333333333334,23.10036205350055,0
qwen3.8-27b,T,aiops2025,network loss,5,0.4666666666666666,0.2,0.8,0.8,0.5333333333333333,0.64,11607.8,158.0,11765.8,24.810217309000656,0
qwen3.8-27b,T,aiops2025,node cpu stress,4,0.375,0.25,0.5,0.5,0.41666666666666663,0.45,11494.5,168.25,11662.75,30.73068674400065,0
qwen3.8-27b,T,aiops2025,node disk fill,8,0.5,0.375,0.625,0.625,0.5416666666666666,0.575,12188.125,148.625,12336.75,23.08861480374958,0
qwen3.8-27b,T,aiops2025,node memory stress,8,0.6875,0.625,0.75,0.75,0.7083333333333334,0.725,11709.5,175.5,11885.0,26.377739062124874,0
qwen3.8-27b,T,aiops2025,pod failure,13,0.044871794871794865,0.0,0.07692307692307693,0.15384615384615385,0.02564102564102564,0.07692307692307693,11791.461538461539,156.92307692307693,11948.384615384615,27.307680764691984,0
qwen3.8-27b,T,aiops2025,pod kill,6,0.3055555555555555,0.0,0.6666666666666666,0.6666666666666666,0.38888888888888884,0.5,11537.833333333334,172.5,11710.333333333334,32.35916408216599,0
qwen3.8-27b,T,aiops2025,target port misconfig,2,0.25,0.0,0.5,0.5,0.3333333333333333,0.4,11492.0,147.0,11639.0,21.901803339499565,0
qwen3.8-27b,TPV,aegislab,ContainerKill,6,0.5,0.3333333333333333,0.6666666666666666,0.6666666666666666,0.5555555555555555,0.6,15668.166666666666,139.0,15807.166666666666,25.906902790000157,0
qwen3.8-27b,TPV,aegislab,HTTPRequestAbort,7,0.4523809523809524,0.2857142857142857,0.7142857142857143,0.7142857142857143,0.47619047619047616,0.5714285714285714,15869.285714285714,146.28571428571428,16015.57142857143,27.196481388713956,0
qwen3.8-27b,TPV,aegislab,HTTPRequestDelay,5,0.1,0.0,0.2,0.2,0.13333333333333333,0.16,15141.4,161.2,15302.6,27.788439821400242,0
qwen3.8-27b,TPV,aegislab,HTTPRequestReplaceMethod,17,0.38235294117647056,0.23529411764705882,0.5294117647058824,0.6470588235294118,0.37254901960784315,0.48235294117647054,15590.823529411764,167.47058823529412,15758.29411764706,29.60740345511776,0
qwen3.8-27b,TPV,aegislab,HTTPResponseAbort,4,0.3958333333333333,0.25,0.5,0.75,0.3333333333333333,0.5,15969.0,149.75,16118.75,21.470166387250174,0
qwen3.8-27b,TPV,aegislab,HTTPResponseDelay,3,0.8333333333333334,0.6666666666666666,1.0,1.0,0.8888888888888888,0.9333333333333332,15353.0,149.33333333333334,15502.333333333334,24.157873759000115,0
qwen3.8-27b,TPV,aegislab,HTTPResponseReplaceBody,4,0.5,0.5,0.5,0.5,0.5,0.5,15611.5,123.0,15734.5,21.112005448000218,0
qwen3.8-27b,TPV,aegislab,HTTPResponseReplaceCode,23,0.2789855072463768,0.17391304347826086,0.391304347826087,0.43478260869565216,0.28985507246376807,0.34782608695652173,15560.217391304348,154.2608695652174,15714.478260869566,25.443124674608438,0
qwen3.8-27b,TPV,aegislab,JVMCPUStress,1,0.3333333333333333,0.0,1.0,1.0,0.3333333333333333,0.6,15478.0,205.0,15683.0,34.10572189100276,0
qwen3.8-27b,TPV,aegislab,JVMException,4,0.875,0.75,1.0,1.0,0.9166666666666666,0.95,15660.25,159.75,15820.0,25.828112978999798,0
qwen3.8-27b,TPV,aegislab,JVMMemoryStress,16,0.75,0.625,0.875,0.875,0.7916666666666666,0.825,15738.9375,157.9375,15896.875,30.78169738987515,0
qwen3.8-27b,TPV,aegislab,JVMMySQLLatency,1,1.0,1.0,1.0,1.0,1.0,1.0,15619.0,159.0,15778.0,19.101524218998748,0
qwen3.8-27b,TPV,aegislab,JVMReturn,1,0.0,0.0,0.0,0.0,0.0,0.0,15143.0,161.0,15304.0,30.557729620999453,0
qwen3.8-27b,TPV,aegislab,NetworkBandwidth,1,1.0,1.0,1.0,1.0,1.0,1.0,16261.0,156.0,16417.0,29.160683371999767,0
qwen3.8-27b,TPV,aegislab,NetworkCorrupt,4,0.625,0.5,0.75,0.75,0.6666666666666666,0.7,15174.0,170.75,15344.75,29.39252612700011,0
qwen3.8-27b,TPV,aegislab,NetworkDelay,1,0.5,0.0,1.0,1.0,0.6666666666666666,0.8,16094.0,199.0,16293.0,30.054157599002792,0
qwen3.8-27b,TPV,aegislab,NetworkLoss,4,0.5416666666666666,0.25,1.0,1.0,0.5833333333333333,0.75,15378.25,158.25,15536.5,25.99809594725093,0
qwen3.8-27b,TPV,aegislab,NetworkPartition,13,0.6153846153846154,0.46153846153846156,0.7692307692307693,0.7692307692307693,0.6666666666666666,0.7076923076923076,15774.923076923076,152.23076923076923,15927.153846153846,26.307545152845986,0
qwen3.8-27b,TPV,aegislab,PodFailure,2,0.25,0.0,0.5,0.5,0.3333333333333333,0.4,15615.5,130.0,15745.5,22.239929855499213,0
qwen3.8-27b,TPV,aegislab,PodKill,2,0.6666666666666666,0.5,1.0,1.0,0.6666666666666666,0.8,15458.0,285.5,15743.5,42.43061040650082,0
qwen3.8-27b,TPV,aegislab,TimeSkew,1,0.0,0.0,0.0,0.0,0.0,0.0,15712.0,286.0,15998.0,43.60392400800083,0
qwen3.8-27b,TPV,aiops2022,k8s容器cpu负载,10,0.3833333333333333,0.3,0.5,0.5,0.4,0.44000000000000006,14777.5,153.2,14930.7,27.747359093899284,0
qwen3.8-27b,TPV,aiops2022,k8s容器内存负载,13,0.34615384615384615,0.15384615384615385,0.5384615384615384,0.5384615384615384,0.41025641025641024,0.46153846153846156,14561.384615384615,156.53846153846155,14717.923076923076,26.893594694922704,0
qwen3.8-27b,TPV,aiops2022,k8s容器写io负载,9,0.3611111111111111,0.3333333333333333,0.3333333333333333,0.4444444444444444,0.3333333333333333,0.37777777777777777,14234.222222222223,178.66666666666666,14412.888888888889,32.90679665633312,0
qwen3.8-27b,TPV,aiops2022,k8s容器网络丢包,14,0.21428571428571427,0.14285714285714285,0.2857142857142857,0.2857142857142857,0.23809523809523808,0.2571428571428572,14288.714285714286,167.71428571428572,14456.42857142857,29.17394872299974,0
qwen3.8-27b,TPV,aiops2022,k8s容器网络延迟,8,0.25,0.0,0.5,0.5,0.3333333333333333,0.4,14966.5,167.125,15133.625,31.386056483124776,0
qwen3.8-27b,TPV,aiops2022,k8s容器网络资源包损坏,5,0.15,0.0,0.2,0.4,0.13333333333333333,0.24000000000000005,13798.2,161.4,13959.6,29.683297628401487,0
qwen3.8-27b,TPV,aiops2022,k8s容器网络资源包重复发送,8,0.0,0.0,0.0,0.0,0.0,0.0,14657.25,162.5,14819.75,30.08190709450014,0
qwen3.8-27b,TPV,aiops2022,k8s容器读io负载,11,0.4090909090909091,0.2727272727272727,0.5454545454545454,0.5454545454545454,0.45454545454545453,0.49090909090909096,14626.09090909091,149.36363636363637,14775.454545454546,24.784686553090566,0
qwen3.8-27b,TPV,aiops2022,k8s容器进程中止,11,0.25757575757575757,0.18181818181818182,0.36363636363636365,0.36363636363636365,0.2727272727272727,0.3090909090909091,15021.545454545454,162.72727272727272,15184.272727272728,27.208390906181442,0
qwen3.8-27b,TPV,aiops2022,node 内存消耗,6,0.3333333333333333,0.3333333333333333,0.3333333333333333,0.3333333333333333,0.3333333333333333,0.3333333333333333,15094.5,175.83333333333334,15270.333333333334,29.870993675832626,0
qwen3.8-27b,TPV,aiops2022,node 磁盘写IO消耗,5,0.0,0.0,0.0,0.0,0.0,0.0,14726.2,147.2,14873.4,22.8213532527996,0
qwen3.8-27b,TPV,aiops2022,node 磁盘空间消耗,6,0.5,0.5,0.5,0.5,0.5,0.5,14473.5,142.33333333333334,14615.833333333334,26.72384747533336,0
qwen3.8-27b,TPV,aiops2022,node 磁盘读IO消耗,5,0.3,0.2,0.4,0.4,0.3333333333333333,0.36,14325.2,190.4,14515.6,30.976016143599555,0
qwen3.8-27b,TPV,aiops2022,node节点CPU故障,5,0.0,0.0,0.0,0.0,0.0,0.0,14967.6,194.0,15161.6,34.53050834900059,0
qwen3.8-27b,TPV,aiops2022,node节点CPU爬升,4,0.0,0.0,0.0,0.0,0.0,0.0,15035.75,167.5,15203.25,29.807477137250316,0
qwen3.8-27b,TPV,aiops2025,code error,9,0.537037037037037,0.3333333333333333,0.7777777777777778,0.7777777777777778,0.5925925925925926,0.6666666666666666,13687.222222222223,154.66666666666666,13841.888888888889,26.4465052804444,0
qwen3.8-27b,TPV,aiops2025,cpu stress,4,0.625,0.5,0.75,0.75,0.6666666666666666,0.7,12834.75,171.75,13006.5,24.95964132275003,0
qwen3.8-27b,TPV,aiops2025,dns error,8,0.03125,0.0,0.0,0.125,0.0,0.05,13735.5,158.5,13894.0,26.35261816250022,0
qwen3.8-27b,TPV,aiops2025,io fault,9,0.3333333333333333,0.3333333333333333,0.3333333333333333,0.3333333333333333,0.3333333333333333,0.3333333333333333,13673.111111111111,160.55555555555554,13833.666666666666,28.047999063222555,0
qwen3.8-27b,TPV,aiops2025,jvm cpu,3,0.6666666666666666,0.6666666666666666,0.6666666666666666,0.6666666666666666,0.6666666666666666,0.6666666666666666,13922.0,166.66666666666666,14088.666666666666,22.072011992665768,0
qwen3.8-27b,TPV,aiops2025,jvm exception,4,0.25,0.25,0.25,0.25,0.25,0.25,13654.5,185.5,13840.0,28.911874346749755,0
qwen3.8-27b,TPV,aiops2025,jvm gc,8,0.0,0.0,0.0,0.0,0.0,0.0,13522.25,150.0,13672.25,27.83616230199982,0
qwen3.8-27b,TPV,aiops2025,jvm latency,7,0.32142857142857145,0.2857142857142857,0.2857142857142857,0.42857142857142855,0.2857142857142857,0.34285714285714286,13683.42857142857,153.85714285714286,13837.285714285714,24.14684543614255,0
qwen3.8-27b,TPV,aiops2025,memory stress,8,0.375,0.25,0.5,0.5,0.41666666666666663,0.45,13429.75,162.875,13592.625,25.85991532074968,0
qwen3.8-27b,TPV,aiops2025,network corrupt,8,0.9375,0.875,1.0,1.0,0.9583333333333333,0.975,14089.375,165.0,14254.375,28.178384464875535,0
qwen3.8-27b,TPV,aiops2025,network delay,6,0.4166666666666667,0.3333333333333333,0.5,0.5,0.4444444444444444,0.4666666666666666,13538.5,163.16666666666666,13701.666666666666,24.216004054333705,0
qwen3.8-27b,TPV,aiops2025,network loss,5,0.6,0.4,0.8,0.8,0.6666666666666666,0.72,13256.4,148.4,13404.8,24.755027804001656,0
qwen3.8-27b,TPV,aiops2025,node cpu stress,4,0.5,0.5,0.5,0.5,0.5,0.5,13335.5,148.25,13483.75,23.855557149500328,0
qwen3.8-27b,TPV,aiops2025,node disk fill,8,0.5,0.5,0.5,0.5,0.5,0.5,13938.375,166.625,14105.0,25.731462669875327,0
qwen3.8-27b,TPV,aiops2025,node memory stress,8,0.4166666666666667,0.375,0.5,0.5,0.4166666666666667,0.45,13491.375,168.125,13659.5,24.26216800237421,0
qwen3.8-27b,TPV,aiops2025,pod failure,13,0.23076923076923078,0.23076923076923078,0.23076923076923078,0.23076923076923078,0.23076923076923078,0.23076923076923078,13475.538461538461,167.3846153846154,13642.923076923076,26.276746830615313,0
qwen3.8-27b,TPV,aiops2025,pod kill,6,0.75,0.6666666666666666,0.8333333333333334,0.8333333333333334,0.7777777777777777,0.7999999999999999,13214.0,150.83333333333334,13364.833333333334,25.158954301499154,0
qwen3.8-27b,TPV,aiops2025,target port misconfig,2,0.0,0.0,0.0,0.0,0.0,0.0,13279.5,216.0,13495.5,33.32246241949997,0
qwen3.8-27b,T_COMPACT,aegislab,ContainerKill,6,0.75,0.6666666666666666,0.8333333333333334,0.8333333333333334,0.7777777777777777,0.7999999999999999,13944.333333333334,152.0,14096.333333333334,28.399382635333193,0
qwen3.8-27b,T_COMPACT,aegislab,HTTPRequestAbort,7,0.2857142857142857,0.14285714285714285,0.42857142857142855,0.42857142857142855,0.3333333333333333,0.37142857142857144,14177.0,157.0,14334.0,28.648566868428002,0
qwen3.8-27b,T_COMPACT,aegislab,HTTPRequestDelay,5,0.3333333333333333,0.2,0.6,0.6,0.3333333333333333,0.44000000000000006,13450.6,154.2,13604.8,23.74633370699994,0
qwen3.8-27b,T_COMPACT,aegislab,HTTPRequestReplaceMethod,17,0.2549019607843137,0.11764705882352941,0.47058823529411764,0.47058823529411764,0.2745098039215686,0.35294117647058826,13978.764705882353,220.7058823529412,14199.470588235294,36.035589034764975,0
qwen3.8-27b,T_COMPACT,aegislab,HTTPResponseAbort,4,0.25,0.25,0.25,0.25,0.25,0.25,14356.5,155.5,14512.0,27.623593476500446,0
qwen3.8-27b,T_COMPACT,aegislab,HTTPResponseDelay,3,0.3333333333333333,0.3333333333333333,0.3333333333333333,0.3333333333333333,0.3333333333333333,0.3333333333333333,13597.0,463.0,14060.0,68.28421030233221,0
qwen3.8-27b,T_COMPACT,aegislab,HTTPResponseReplaceBody,4,0.5,0.5,0.5,0.5,0.5,0.5,14031.5,142.25,14173.75,24.613927678250093,0
qwen3.8-27b,T_COMPACT,aegislab,HTTPResponseReplaceCode,23,0.30072463768115937,0.13043478260869565,0.5217391304347826,0.5652173913043478,0.3188405797101449,0.41739130434782606,13935.173913043478,160.17391304347825,14095.347826086956,28.228617313826007,0
qwen3.8-27b,T_COMPACT,aegislab,JVMCPUStress,1,1.0,1.0,1.0,1.0,1.0,1.0,13776.0,142.0,13918.0,22.19500677399992,0
qwen3.8-27b,T_COMPACT,aegislab,JVMException,4,0.75,0.75,0.75,0.75,0.75,0.75,14045.25,155.25,14200.5,26.39623477274972,0
qwen3.8-27b,T_COMPACT,aegislab,JVMMemoryStress,16,0.53125,0.3125,0.75,0.75,0.6041666666666666,0.6625,14057.0625,153.5,14210.5625,30.417927872937526,0
qwen3.8-27b,T_COMPACT,aegislab,JVMMySQLLatency,1,0.0,0.0,0.0,0.0,0.0,0.0,14067.0,167.0,14234.0,22.054716652000934,0
qwen3.8-27b,T_COMPACT,aegislab,JVMReturn,1,0.3333333333333333,0.0,1.0,1.0,0.3333333333333333,0.6,13589.0,123.0,13712.0,25.638378562998696,0
qwen3.8-27b,T_COMPACT,aegislab,NetworkBandwidth,1,1.0,1.0,1.0,1.0,1.0,1.0,14407.0,149.0,14556.0,26.42879093599913,0
qwen3.8-27b,T_COMPACT,aegislab,NetworkCorrupt,4,0.625,0.5,0.75,0.75,0.6666666666666666,0.7,13602.5,159.5,13762.0,29.25091805625061,0
qwen3.8-27b,T_COMPACT,aegislab,NetworkDelay,1,0.5,0.0,1.0,1.0,0.6666666666666666,0.8,14376.0,197.0,14573.0,27.766530426000827,0
qwen3.8-27b,T_COMPACT,aegislab,NetworkLoss,4,0.4583333333333333,0.25,0.75,0.75,0.5,0.6,13752.5,155.75,13908.25,28.628919176249838,0
qwen3.8-27b,T_COMPACT,aegislab,NetworkPartition,13,0.4230769230769231,0.38461538461538464,0.46153846153846156,0.46153846153846156,0.43589743589743585,0.4461538461538461,14084.153846153846,262.7692307692308,14346.923076923076,43.2156871081535,0
qwen3.8-27b,T_COMPACT,aegislab,PodFailure,2,0.6666666666666666,0.5,1.0,1.0,0.6666666666666666,0.8,13983.0,174.0,14157.0,29.375808241999948,0
qwen3.8-27b,T_COMPACT,aegislab,PodKill,2,0.5,0.5,0.5,0.5,0.5,0.5,13742.0,125.0,13867.0,21.39778372549972,0
qwen3.8-27b,T_COMPACT,aegislab,TimeSkew,1,0.0,0.0,0.0,0.0,0.0,0.0,14203.0,136.0,14339.0,24.629913556000247,0
qwen3.8-27b,T_COMPACT,aiops2022,k8s容器cpu负载,10,0.4,0.4,0.4,0.4,0.4,0.4,13092.2,169.6,13261.8,30.85095279519992,0
qwen3.8-27b,T_COMPACT,aiops2022,k8s容器内存负载,13,0.47435897435897434,0.38461538461538464,0.6153846153846154,0.6153846153846154,0.48717948717948717,0.5384615384615384,12902.384615384615,149.3846153846154,13051.76923076923,25.68739133523083,0
qwen3.8-27b,T_COMPACT,aiops2022,k8s容器写io负载,9,0.2222222222222222,0.1111111111111111,0.3333333333333333,0.3333333333333333,0.25925925925925924,0.2888888888888889,12518.222222222223,160.22222222222223,12678.444444444445,28.69063317222208,0
qwen3.8-27b,T_COMPACT,aiops2022,k8s容器网络丢包,14,0.09523809523809523,0.0,0.21428571428571427,0.21428571428571427,0.11904761904761904,0.15714285714285717,12631.214285714286,149.5,12780.714285714286,28.062109995071037,0
qwen3.8-27b,T_COMPACT,aiops2022,k8s容器网络延迟,8,0.125,0.0,0.375,0.375,0.125,0.22499999999999998,13322.0,283.25,13605.25,52.85845931575,0
qwen3.8-27b,T_COMPACT,aiops2022,k8s容器网络资源包损坏,5,0.2,0.2,0.2,0.2,0.2,0.2,12124.4,144.8,12269.2,26.490769421599907,0
qwen3.8-27b,T_COMPACT,aiops2022,k8s容器网络资源包重复发送,8,0.0625,0.0,0.125,0.125,0.08333333333333333,0.1,12979.75,150.375,13130.125,27.26894584825027,0
qwen3.8-27b,T_COMPACT,aiops2022,k8s容器读io负载,11,0.3939393939393939,0.2727272727272727,0.5454545454545454,0.5454545454545454,0.42424242424242425,0.4727272727272727,12961.545454545454,165.54545454545453,13127.09090909091,28.635727519363915,0
qwen3.8-27b,T_COMPACT,aiops2022,k8s容器进程中止,11,0.34848484848484845,0.2727272727272727,0.45454545454545453,0.45454545454545453,0.36363636363636365,0.4,13342.545454545454,158.8181818181818,13501.363636363636,28.575849985454457,0
qwen3.8-27b,T_COMPACT,aiops2022,node 内存消耗,6,0.05555555555555555,0.0,0.16666666666666666,0.16666666666666666,0.05555555555555555,0.09999999999999999,13411.166666666666,174.66666666666666,13585.833333333334,31.978255253999123,0
qwen3.8-27b,T_COMPACT,aiops2022,node 磁盘写IO消耗,5,0.3,0.2,0.4,0.4,0.3333333333333333,0.36,13049.4,201.4,13250.8,34.3471887286003,0
qwen3.8-27b,T_COMPACT,aiops2022,node 磁盘空间消耗,6,0.25,0.16666666666666666,0.3333333333333333,0.3333333333333333,0.27777777777777773,0.3,12737.666666666666,164.66666666666666,12902.333333333334,28.094445754500764,0
qwen3.8-27b,T_COMPACT,aiops2022,node 磁盘读IO消耗,5,0.5666666666666667,0.4,0.8,0.8,0.6,0.68,12620.4,163.2,12783.6,27.649839359600445,0
qwen3.8-27b,T_COMPACT,aiops2022,node节点CPU故障,5,0.0,0.0,0.0,0.0,0.0,0.0,13259.6,173.4,13433.0,33.50014962860005,0
qwen3.8-27b,T_COMPACT,aiops2022,node节点CPU爬升,4,0.0,0.0,0.0,0.0,0.0,0.0,13343.5,139.5,13483.0,24.076247286749094,0
qwen3.8-27b,T_COMPACT,aiops2025,code error,9,0.4259259259259259,0.2222222222222222,0.6666666666666666,0.6666666666666666,0.48148148148148145,0.5555555555555556,12043.111111111111,144.44444444444446,12187.555555555555,22.470282636777686,0
qwen3.8-27b,T_COMPACT,aiops2025,cpu stress,4,0.5,0.5,0.5,0.5,0.5,0.5,11018.0,153.0,11171.0,25.393090304500674,0
qwen3.8-27b,T_COMPACT,aiops2025,dns error,8,0.0,0.0,0.0,0.0,0.0,0.0,12019.5,154.5,12174.0,25.300801928875217,0
qwen3.8-27b,T_COMPACT,aiops2025,io fault,9,0.3333333333333333,0.2222222222222222,0.4444444444444444,0.4444444444444444,0.37037037037037035,0.4,11921.0,156.11111111111111,12077.111111111111,26.216008825778367,0
qwen3.8-27b,T_COMPACT,aiops2025,jvm cpu,3,0.5555555555555555,0.3333333333333333,1.0,1.0,0.5555555555555555,0.7333333333333334,12187.0,155.66666666666666,12342.666666666666,23.93429562499902,0
qwen3.8-27b,T_COMPACT,aiops2025,jvm exception,4,0.3333333333333333,0.25,0.5,0.5,0.3333333333333333,0.4,11978.0,158.5,12136.5,26.319441994749923,0
qwen3.8-27b,T_COMPACT,aiops2025,jvm gc,8,0.125,0.125,0.125,0.125,0.125,0.125,11744.375,155.25,11899.625,26.846470320999515,0
qwen3.8-27b,T_COMPACT,aiops2025,jvm latency,7,0.3333333333333333,0.2857142857142857,0.42857142857142855,0.42857142857142855,0.3333333333333333,0.37142857142857144,11947.714285714286,139.42857142857142,12087.142857142857,22.235040787000408,0
qwen3.8-27b,T_COMPACT,aiops2025,memory stress,8,0.20833333333333331,0.0,0.5,0.5,0.25,0.35,11692.625,147.75,11840.375,23.225181044998862,0
qwen3.8-27b,T_COMPACT,aiops2025,network corrupt,8,0.53125,0.25,0.875,1.0,0.5416666666666666,0.725,12423.875,166.25,12590.125,31.048836935374993,0
qwen3.8-27b,T_COMPACT,aiops2025,network delay,6,0.18055555555555555,0.0,0.3333333333333333,0.5,0.16666666666666666,0.3,11801.0,164.5,11965.5,26.13355856033407,0
qwen3.8-27b,T_COMPACT,aiops2025,network loss,5,0.7,0.6,0.8,0.8,0.7333333333333333,0.76,11582.0,170.2,11752.2,25.31158390079945,0
qwen3.8-27b,T_COMPACT,aiops2025,node cpu stress,4,0.375,0.25,0.5,0.5,0.41666666666666663,0.45,11485.75,122.25,11608.0,18.104660949499703,0
qwen3.8-27b,T_COMPACT,aiops2025,node disk fill,8,0.47916666666666663,0.375,0.625,0.625,0.5,0.55,12190.375,164.25,12354.625,26.296346626625564,0
qwen3.8-27b,T_COMPACT,aiops2025,node memory stress,8,0.5625,0.5,0.625,0.625,0.5833333333333334,0.6,11707.75,165.25,11873.0,24.345365587874767,0
qwen3.8-27b,T_COMPACT,aiops2025,pod failure,13,0.044871794871794865,0.0,0.07692307692307693,0.15384615384615385,0.02564102564102564,0.07692307692307693,11776.153846153846,158.53846153846155,11934.692307692309,25.555970173616096,0
qwen3.8-27b,T_COMPACT,aiops2025,pod kill,6,0.3055555555555555,0.16666666666666666,0.5,0.5,0.3333333333333333,0.39999999999999997,11517.0,141.33333333333334,11658.333333333334,25.611819127999905,0
qwen3.8-27b,T_COMPACT,aiops2025,target port misconfig,2,0.0,0.0,0.0,0.0,0.0,0.0,11495.5,166.5,11662.0,24.184045648500614,0
qwen3.8-27b,X_C,aegislab,ContainerKill,6,0.3333333333333333,0.3333333333333333,0.3333333333333333,0.3333333333333333,0.3333333333333333,0.3333333333333333,5059.0,162.5,5221.5,30.66181599083302,1
qwen3.8-27b,X_C,aegislab,HTTPRequestAbort,7,0.369047619047619,0.2857142857142857,0.42857142857142855,0.5714285714285714,0.3333333333333333,0.42857142857142855,5173.714285714285,179.14285714285714,5352.857142857143,31.600646658286028,0
qwen3.8-27b,X_C,aegislab,HTTPRequestDelay,5,0.3,0.0,0.6,0.6,0.4,0.4800000000000001,5061.2,391.2,5452.4,59.53737295959945,2
qwen3.8-27b,X_C,aegislab,HTTPRequestReplaceMethod,17,0.17647058823529413,0.058823529411764705,0.35294117647058826,0.35294117647058826,0.196078431372549,0.25882352941176473,5114.176470588235,195.88235294117646,5310.058823529412,31.02383403564668,5
qwen3.8-27b,X_C,aegislab,HTTPResponseAbort,4,0.3333333333333333,0.25,0.5,0.5,0.3333333333333333,0.4,5147.0,170.75,5317.75,29.743500789249993,0
qwen3.8-27b,X_C,aegislab,HTTPResponseDelay,3,0.6666666666666666,0.3333333333333333,1.0,1.0,0.7777777777777777,0.8666666666666667,5093.0,213.66666666666666,5306.666666666667,35.01121078466713,0
qwen3.8-27b,X_C,aegislab,HTTPResponseReplaceBody,4,0.625,0.5,0.75,0.75,0.6666666666666666,0.7,5113.5,166.25,5279.75,27.857265136500246,0
qwen3.8-27b,X_C,aegislab,HTTPResponseReplaceCode,23,0.14855072463768115,0.043478260869565216,0.17391304347826086,0.391304347826087,0.10144927536231883,0.21739130434782608,5119.95652173913,220.08695652173913,5340.04347826087,34.777276947608854,1
qwen3.8-27b,X_C,aegislab,JVMCPUStress,1,0.0,0.0,0.0,0.0,0.0,0.0,4886.0,171.0,5057.0,29.439660584001103,0
qwen3.8-27b,X_C,aegislab,JVMException,4,0.25,0.25,0.25,0.25,0.25,0.25,5111.0,156.5,5267.5,26.486064614000497,1
qwen3.8-27b,X_C,aegislab,JVMMemoryStress,16,0.44791666666666663,0.375,0.5625,0.5625,0.4583333333333333,0.5,5105.625,231.125,5336.75,37.86261974575007,0
qwen3.8-27b,X_C,aegislab,JVMMySQLLatency,1,0.0,0.0,0.0,0.0,0.0,0.0,5039.0,169.0,5208.0,30.007581328000015,0
qwen3.8-27b,X_C,aegislab,JVMReturn,1,0.25,0.0,0.0,1.0,0.0,0.4,5433.0,231.0,5664.0,37.232983197001886,0
qwen3.8-27b,X_C,aegislab,NetworkBandwidth,1,1.0,1.0,1.0,1.0,1.0,1.0,5048.0,220.0,5268.0,29.770005651997053,0
qwen3.8-27b,X_C,aegislab,NetworkCorrupt,4,0.25,0.25,0.25,0.25,0.25,0.25,5196.25,172.25,5368.5,29.343359532500017,2
qwen3.8-27b,X_C,aegislab,NetworkDelay,1,1.0,1.0,1.0,1.0,1.0,1.0,5209.0,152.0,5361.0,25.692116588001227,0
qwen3.8-27b,X_C,aegislab,NetworkLoss,4,0.75,0.75,0.75,0.75,0.75,0.75,5125.75,199.75,5325.5,36.039428757250334,1
qwen3.8-27b,X_C,aegislab,NetworkPartition,13,0.6307692307692307,0.5384615384615384,0.6923076923076923,0.7692307692307693,0.641025641025641,0.676923076923077,5148.615384615385,170.53846153846155,5319.153846153846,28.529084152615514,1
qwen3.8-27b,X_C,aegislab,PodFailure,2,0.25,0.0,0.5,0.5,0.3333333333333333,0.4,5194.0,187.5,5381.5,30.28722628200194,0
qwen3.8-27b,X_C,aegislab,PodKill,2,0.6666666666666666,0.5,1.0,1.0,0.6666666666666666,0.8,5186.0,220.5,5406.5,33.31341136649917,0
qwen3.8-27b,X_C,aegislab,TimeSkew,1,0.5,0.0,1.0,1.0,0.6666666666666666,0.8,5229.0,162.0,5391.0,24.11848824000117,0
qwen3.8-27b,X_C,aiops2022,k8s容器cpu负载,10,0.525,0.5,0.5,0.6,0.5,0.54,5288.4,165.4,5453.8,28.89571752409993,0
qwen3.8-27b,X_C,aiops2022,k8s容器内存负载,13,0.07692307692307693,0.07692307692307693,0.07692307692307693,0.07692307692307693,0.07692307692307693,0.07692307692307693,5299.692307692308,145.6153846153846,5445.307692307692,24.25257505269166,0
qwen3.8-27b,X_C,aiops2022,k8s容器写io负载,9,0.3333333333333333,0.3333333333333333,0.3333333333333333,0.3333333333333333,0.3333333333333333,0.3333333333333333,5322.333333333333,168.66666666666666,5491.0,28.804036182222262,2
qwen3.8-27b,X_C,aiops2022,k8s容器网络丢包,14,0.25,0.21428571428571427,0.2857142857142857,0.2857142857142857,0.2619047619047619,0.2714285714285714,5286.5,172.21428571428572,5458.714285714285,26.724085798214478,0
qwen3.8-27b,X_C,aiops2022,k8s容器网络延迟,8,0.4375,0.375,0.5,0.5,0.4583333333333333,0.475,5300.875,179.875,5480.75,30.66418541987514,0
qwen3.8-27b,X_C,aiops2022,k8s容器网络资源包损坏,5,0.0,0.0,0.0,0.0,0.0,0.0,5326.4,149.2,5475.6,29.724303382800645,0
qwen3.8-27b,X_C,aiops2022,k8s容器网络资源包重复发送,8,0.0,0.0,0.0,0.0,0.0,0.0,5271.375,143.75,5415.125,28.490735578375734,0
qwen3.8-27b,X_C,aiops2022,k8s容器读io负载,11,0.09090909090909091,0.09090909090909091,0.09090909090909091,0.09090909090909091,0.09090909090909091,0.09090909090909091,5347.636363636364,144.0,5491.636363636364,24.008156177000107,0
qwen3.8-27b,X_C,aiops2022,k8s容器进程中止,11,0.09090909090909091,0.09090909090909091,0.09090909090909091,0.09090909090909091,0.09090909090909091,0.09090909090909091,5244.181818181818,152.0909090909091,5396.272727272727,24.65632684681788,0
qwen3.8-27b,X_C,aiops2022,node 内存消耗,6,0.0,0.0,0.0,0.0,0.0,0.0,5368.333333333333,154.0,5522.333333333333,26.512423494000057,0
qwen3.8-27b,X_C,aiops2022,node 磁盘写IO消耗,5,0.0,0.0,0.0,0.0,0.0,0.0,5320.0,177.6,5497.6,32.29203110159942,0
qwen3.8-27b,X_C,aiops2022,node 磁盘空间消耗,6,0.0,0.0,0.0,0.0,0.0,0.0,5446.833333333333,169.5,5616.333333333333,28.932568033167627,1
qwen3.8-27b,X_C,aiops2022,node 磁盘读IO消耗,5,0.0,0.0,0.0,0.0,0.0,0.0,5340.2,156.8,5497.0,24.986354575199222,0
qwen3.8-27b,X_C,aiops2022,node节点CPU故障,5,0.0,0.0,0.0,0.0,0.0,0.0,5204.6,181.6,5386.2,28.544865050400404,0
qwen3.8-27b,X_C,aiops2022,node节点CPU爬升,4,0.0,0.0,0.0,0.0,0.0,0.0,5246.75,163.5,5410.25,26.51079026224943,0
qwen3.8-27b,X_C,aiops2025,code error,9,0.4629629629629629,0.3333333333333333,0.6666666666666666,0.6666666666666666,0.48148148148148145,0.5555555555555556,5542.777777777777,208.44444444444446,5751.222222222223,35.00506630888898,1
qwen3.8-27b,X_C,aiops2025,cpu stress,4,0.125,0.0,0.25,0.25,0.16666666666666666,0.2,5135.0,175.5,5310.5,31.745913587499217,1
qwen3.8-27b,X_C,aiops2025,dns error,8,0.3333333333333333,0.125,0.625,0.625,0.375,0.475,6289.375,178.625,6468.0,32.77689571950032,0
qwen3.8-27b,X_C,aiops2025,io fault,9,0.1111111111111111,0.1111111111111111,0.1111111111111111,0.1111111111111111,0.1111111111111111,0.1111111111111111,6171.333333333333,1062.7777777777778,7234.111111111111,187.94136109755567,1
qwen3.8-27b,X_C,aiops2025,jvm cpu,3,0.6666666666666666,0.6666666666666666,0.6666666666666666,0.6666666666666666,0.6666666666666666,0.6666666666666666,6224.0,168.0,6392.0,24.352632907000345,0
qwen3.8-27b,X_C,aiops2025,jvm exception,4,0.0,0.0,0.0,0.0,0.0,0.0,6017.0,175.25,6192.25,30.182146456750615,1
qwen3.8-27b,X_C,aiops2025,jvm gc,8,0.125,0.125,0.125,0.125,0.125,0.125,6821.25,146.375,6967.625,27.666002308500083,2
qwen3.8-27b,X_C,aiops2025,jvm latency,7,0.17142857142857143,0.14285714285714285,0.14285714285714285,0.2857142857142857,0.14285714285714285,0.17142857142857143,5474.571428571428,161.28571428571428,5635.857142857143,29.62424092314229,2
qwen3.8-27b,X_C,aiops2025,memory stress,8,0.29166666666666663,0.25,0.375,0.375,0.29166666666666663,0.325,5740.0,155.125,5895.125,27.901173762124472,2
qwen3.8-27b,X_C,aiops2025,network corrupt,8,0.75,0.625,0.875,0.875,0.7916666666666666,0.825,6192.125,175.875,6368.0,32.00035250374958,0
qwen3.8-27b,X_C,aiops2025,network delay,6,0.8333333333333334,0.8333333333333334,0.8333333333333334,0.8333333333333334,0.8333333333333334,0.8333333333333334,5251.833333333333,202.66666666666666,5454.5,32.41464326283343,0
qwen3.8-27b,X_C,aiops2025,network loss,5,0.6,0.6,0.6,0.6,0.6,0.6,6362.6,162.0,6524.6,25.958947633600474,0
qwen3.8-27b,X_C,aiops2025,node cpu stress,4,0.0,0.0,0.0,0.0,0.0,0.0,5253.75,172.0,5425.75,29.347448815749885,1
qwen3.8-27b,X_C,aiops2025,node disk fill,8,0.0,0.0,0.0,0.0,0.0,0.0,6376.0,164.25,6540.25,27.72317928837515,1
qwen3.8-27b,X_C,aiops2025,node memory stress,8,0.0,0.0,0.0,0.0,0.0,0.0,6090.75,176.75,6267.5,30.26971222300017,0
qwen3.8-27b,X_C,aiops2025,pod failure,13,0.0,0.0,0.0,0.0,0.0,0.0,6264.153846153846,165.69230769230768,6429.846153846154,28.72771189492344,1
qwen3.8-27b,X_C,aiops2025,pod kill,6,0.8333333333333334,0.8333333333333334,0.8333333333333334,0.8333333333333334,0.8333333333333334,0.8333333333333334,6791.833333333333,169.83333333333334,6961.666666666667,32.044275346332746,1
qwen3.8-27b,X_C,aiops2025,target port misconfig,2,0.5,0.5,0.5,0.5,0.5,0.5,5827.0,197.0,6024.0,30.199378722499205,1
qwen3.8-27b,X_C_TABLE,aegislab,ContainerKill,6,0.5,0.3333333333333333,0.6666666666666666,0.6666666666666666,0.5555555555555555,0.6,7160.666666666667,171.0,7331.666666666667,33.22021650966568,0
qwen3.8-27b,X_C_TABLE,aegislab,HTTPRequestAbort,7,0.32142857142857145,0.2857142857142857,0.2857142857142857,0.42857142857142855,0.2857142857142857,0.34285714285714286,7511.285714285715,297.2857142857143,7808.571428571428,44.771936804143216,1
qwen3.8-27b,X_C_TABLE,aegislab,HTTPRequestDelay,5,0.6666666666666666,0.4,1.0,1.0,0.7333333333333333,0.8400000000000001,7310.0,182.0,7492.0,29.88185054759997,0
qwen3.8-27b,X_C_TABLE,aegislab,HTTPRequestReplaceMethod,17,0.2549019607843137,0.11764705882352941,0.47058823529411764,0.47058823529411764,0.2745098039215686,0.35294117647058826,7741.176470588235,275.6470588235294,8016.823529411765,46.45927043064715,0
qwen3.8-27b,X_C_TABLE,aegislab,HTTPResponseAbort,4,0.25,0.25,0.25,0.25,0.25,0.25,7664.0,158.5,7822.5,25.50820844925056,2
qwen3.8-27b,X_C_TABLE,aegislab,HTTPResponseDelay,3,1.0,1.0,1.0,1.0,1.0,1.0,7491.0,203.0,7694.0,32.983167811332656,0
qwen3.8-27b,X_C_TABLE,aegislab,HTTPResponseReplaceBody,4,0.5,0.5,0.5,0.5,0.5,0.5,7819.75,162.0,7981.75,29.263923990499734,0
qwen3.8-27b,X_C_TABLE,aegislab,HTTPResponseReplaceCode,23,0.18115942028985504,0.043478260869565216,0.34782608695652173,0.43478260869565216,0.17391304347826084,0.2782608695652174,7798.434782608696,182.34782608695653,7980.782608695652,29.791161942739325,3
qwen3.8-27b,X_C_TABLE,aegislab,JVMCPUStress,1,0.0,0.0,0.0,0.0,0.0,0.0,6420.0,164.0,6584.0,30.878703565998876,0
qwen3.8-27b,X_C_TABLE,aegislab,JVMException,4,0.375,0.25,0.5,0.5,0.41666666666666663,0.45,7776.75,164.75,7941.5,27.03658213825156,0
qwen3.8-27b,X_C_TABLE,aegislab,JVMMemoryStress,16,0.5125,0.4375,0.5625,0.625,0.5208333333333334,0.55,7605.1875,171.1875,7776.375,29.91940897393829,5
qwen3.8-27b,X_C_TABLE,aegislab,JVMMySQLLatency,1,0.0,0.0,0.0,0.0,0.0,0.0,6858.0,202.0,7060.0,31.899587715000962,0
qwen3.8-27b,X_C_TABLE,aegislab,JVMReturn,1,0.0,0.0,0.0,0.0,0.0,0.0,8245.0,161.0,8406.0,27.309298659001797,0
qwen3.8-27b,X_C_TABLE,aegislab,NetworkBandwidth,1,1.0,1.0,1.0,1.0,1.0,1.0,7680.0,176.0,7856.0,23.78369252199991,0
qwen3.8-27b,X_C_TABLE,aegislab,NetworkCorrupt,4,0.5,0.5,0.5,0.5,0.5,0.5,7971.0,183.0,8154.0,33.692040034,1
qwen3.8-27b,X_C_TABLE,aegislab,NetworkDelay,1,1.0,1.0,1.0,1.0,1.0,1.0,8665.0,220.0,8885.0,31.144635934997495,0
qwen3.8-27b,X_C_TABLE,aegislab,NetworkLoss,4,0.5,0.5,0.5,0.5,0.5,0.5,7606.75,147.25,7754.0,27.245779703000153,2
qwen3.8-27b,X_C_TABLE,aegislab,NetworkPartition,13,0.6923076923076923,0.6153846153846154,0.7692307692307693,0.7692307692307693,0.717948717948718,0.7384615384615384,7658.538461538462,163.84615384615384,7822.384615384615,28.136947185845763,2
qwen3.8-27b,X_C_TABLE,aegislab,PodFailure,2,0.125,0.0,0.0,0.5,0.0,0.2,8529.0,193.0,8722.0,29.84660621350031,0
qwen3.8-27b,X_C_TABLE,aegislab,PodKill,2,0.29166666666666663,0.0,0.5,1.0,0.16666666666666666,0.5,8264.0,233.0,8497.0,33.44975875799901,0
qwen3.8-27b,X_C_TABLE,aegislab,TimeSkew,1,0.0,0.0,0.0,0.0,0.0,0.0,8022.0,231.0,8253.0,31.481407377999858,0
qwen3.8-27b,X_C_TABLE,aiops2022,k8s容器cpu负载,10,0.7,0.7,0.7,0.7,0.7,0.7,8524.4,164.7,8689.1,28.96670642730005,0
qwen3.8-27b,X_C_TABLE,aiops2022,k8s容器内存负载,13,0.17948717948717946,0.15384615384615385,0.23076923076923078,0.23076923076923078,0.17948717948717946,0.2,8525.461538461539,165.76923076923077,8691.23076923077,29.878205968537888,1
qwen3.8-27b,X_C_TABLE,aiops2022,k8s容器写io负载,9,0.3611111111111111,0.3333333333333333,0.3333333333333333,0.4444444444444444,0.3333333333333333,0.37777777777777777,8530.333333333334,196.33333333333334,8726.666666666666,32.97829739977775,3
qwen3.8-27b,X_C_TABLE,aiops2022,k8s容器网络丢包,14,0.32142857142857145,0.2857142857142857,0.35714285714285715,0.35714285714285715,0.3333333333333333,0.34285714285714286,8376.714285714286,170.07142857142858,8546.785714285714,27.505701655928664,1
qwen3.8-27b,X_C_TABLE,aiops2022,k8s容器网络延迟,8,0.35416666666666663,0.25,0.5,0.5,0.375,0.425,8603.875,188.5,8792.375,33.15835328949902,0
qwen3.8-27b,X_C_TABLE,aiops2022,k8s容器网络资源包损坏,5,0.2,0.2,0.2,0.2,0.2,0.2,8674.0,167.4,8841.4,31.751406056198903,0
qwen3.8-27b,X_C_TABLE,aiops2022,k8s容器网络资源包重复发送,8,0.0,0.0,0.0,0.0,0.0,0.0,8327.375,143.5,8470.875,28.502393297249455,1
qwen3.8-27b,X_C_TABLE,aiops2022,k8s容器读io负载,11,0.18181818181818182,0.18181818181818182,0.18181818181818182,0.18181818181818182,0.18181818181818182,0.18181818181818182,8794.454545454546,164.0909090909091,8958.545454545454,27.028587360818246,0
qwen3.8-27b,X_C_TABLE,aiops2022,k8s容器进程中止,11,0.09090909090909091,0.09090909090909091,0.09090909090909091,0.09090909090909091,0.09090909090909091,0.09090909090909091,8122.272727272727,160.8181818181818,8283.09090909091,28.933422493727036,1
qwen3.8-27b,X_C_TABLE,aiops2022,node 内存消耗,6,0.0,0.0,0.0,0.0,0.0,0.0,8874.0,154.5,9028.5,27.5874218521667,0
qwen3.8-27b,X_C_TABLE,aiops2022,node 磁盘写IO消耗,5,0.0,0.0,0.0,0.0,0.0,0.0,8633.0,165.4,8798.4,29.306219014799353,0
qwen3.8-27b,X_C_TABLE,aiops2022,node 磁盘空间消耗,6,0.0,0.0,0.0,0.0,0.0,0.0,9477.5,172.16666666666666,9649.666666666666,29.097378870500204,1
qwen3.8-27b,X_C_TABLE,aiops2022,node 磁盘读IO消耗,5,0.2,0.2,0.2,0.2,0.2,0.2,8794.4,156.2,8950.6,27.637438139799634,0
qwen3.8-27b,X_C_TABLE,aiops2022,node节点CPU故障,5,0.0,0.0,0.0,0.0,0.0,0.0,7984.8,188.6,8173.4,33.54194297820068,0
qwen3.8-27b,X_C_TABLE,aiops2022,node节点CPU爬升,4,0.0,0.0,0.0,0.0,0.0,0.0,8182.75,154.25,8337.0,25.919769963249564,0
qwen3.8-27b,X_C_TABLE,aiops2025,code error,9,0.48148148148148145,0.3333333333333333,0.6666666666666666,0.6666666666666666,0.5185185185185186,0.5777777777777778,7258.444444444444,199.66666666666666,7458.111111111111,34.83878810200016,2
qwen3.8-27b,X_C_TABLE,aiops2025,cpu stress,4,0.08333333333333333,0.0,0.25,0.25,0.08333333333333333,0.15,6233.25,142.0,6375.25,24.83285794125004,0
qwen3.8-27b,X_C_TABLE,aiops2025,dns error,8,0.3375,0.125,0.5,0.625,0.375,0.45,7742.0,243.375,7985.375,44.32537879175061,0
qwen3.8-27b,X_C_TABLE,aiops2025,io fault,9,0.1111111111111111,0.1111111111111111,0.1111111111111111,0.1111111111111111,0.1111111111111111,0.1111111111111111,7708.888888888889,177.77777777777777,7886.666666666667,32.26133524933337,1
qwen3.8-27b,X_C_TABLE,aiops2025,jvm cpu,3,0.6666666666666666,0.6666666666666666,0.6666666666666666,0.6666666666666666,0.6666666666666666,0.6666666666666666,7826.666666666667,213.33333333333334,8040.0,36.482612034667305,0
qwen3.8-27b,X_C_TABLE,aiops2025,jvm exception,4,0.25,0.25,0.25,0.25,0.25,0.25,7755.25,180.25,7935.5,32.40645884124933,1
qwen3.8-27b,X_C_TABLE,aiops2025,jvm gc,8,0.08333333333333333,0.0,0.25,0.25,0.08333333333333333,0.15,8050.875,194.0,8244.875,35.71031126425055,2
qwen3.8-27b,X_C_TABLE,aiops2025,jvm latency,7,0.4571428571428572,0.42857142857142855,0.42857142857142855,0.5714285714285714,0.42857142857142855,0.4571428571428572,6945.857142857143,151.57142857142858,7097.428571428572,28.017496348714694,1
qwen3.8-27b,X_C_TABLE,aiops2025,memory stress,8,0.3125,0.25,0.375,0.375,0.3333333333333333,0.35,7103.125,172.625,7275.75,31.60882303749986,3
qwen3.8-27b,X_C_TABLE,aiops2025,network corrupt,8,0.6875,0.625,0.75,0.75,0.7083333333333334,0.725,7738.875,177.5,7916.375,34.04077027849985,0
qwen3.8-27b,X_C_TABLE,aiops2025,network delay,6,0.7222222222222222,0.6666666666666666,0.8333333333333334,0.8333333333333334,0.7222222222222222,0.7666666666666666,6632.666666666667,189.16666666666666,6821.833333333333,33.49481297733413,0
qwen3.8-27b,X_C_TABLE,aiops2025,network loss,5,0.6,0.6,0.6,0.6,0.6,0.6,7791.4,171.0,7962.4,29.934907149799983,1
qwen3.8-27b,X_C_TABLE,aiops2025,node cpu stress,4,0.0,0.0,0.0,0.0,0.0,0.0,6456.0,155.75,6611.75,27.150722662750013,0
qwen3.8-27b,X_C_TABLE,aiops2025,node disk fill,8,0.0,0.0,0.0,0.0,0.0,0.0,7841.75,175.125,8016.875,29.730631012374488,0
qwen3.8-27b,X_C_TABLE,aiops2025,node memory stress,8,0.0,0.0,0.0,0.0,0.0,0.0,7701.875,177.5,7879.375,30.340165535750202,1
qwen3.8-27b,X_C_TABLE,aiops2025,pod failure,13,0.10256410256410256,0.07692307692307693,0.15384615384615385,0.15384615384615385,0.10256410256410256,0.12307692307692308,7778.307692307692,170.53846153846155,7948.846153846154,31.33164653584656,1
qwen3.8-27b,X_C_TABLE,aiops2025,pod kill,6,0.8333333333333334,0.8333333333333334,0.8333333333333334,0.8333333333333334,0.8333333333333334,0.8333333333333334,8048.666666666667,155.33333333333334,8204.0,29.425493179165944,0
qwen3.8-27b,X_C_TABLE,aiops2025,target port misconfig,2,0.5,0.5,0.5,0.5,0.5,0.5,7479.0,249.0,7728.0,33.854915735999384,0
qwen3.8-27b,X_MTEXT,aegislab,ContainerKill,6,0.375,0.3333333333333333,0.3333333333333333,0.5,0.3333333333333333,0.39999999999999997,8180.666666666667,177.5,8358.166666666666,38.14557580799889,0
qwen3.8-27b,X_MTEXT,aegislab,HTTPRequestAbort,7,0.3333333333333333,0.14285714285714285,0.5714285714285714,0.5714285714285714,0.38095238095238093,0.4571428571428572,8171.142857142857,158.42857142857142,8329.57142857143,30.421865957427922,0
qwen3.8-27b,X_MTEXT,aegislab,HTTPRequestDelay,5,0.4,0.2,0.6,0.6,0.4666666666666666,0.52,8098.4,156.6,8255.0,24.933090179399734,0
qwen3.8-27b,X_MTEXT,aegislab,HTTPRequestReplaceMethod,17,0.16666666666666669,0.058823529411764705,0.35294117647058826,0.35294117647058826,0.17647058823529413,0.24705882352941178,7934.058823529412,159.0,8093.058823529412,28.247492508646996,0
qwen3.8-27b,X_MTEXT,aegislab,HTTPResponseAbort,4,0.25,0.25,0.25,0.25,0.25,0.25,8061.0,188.0,8249.0,32.30690356949981,0
qwen3.8-27b,X_MTEXT,aegislab,HTTPResponseDelay,3,0.6666666666666666,0.3333333333333333,1.0,1.0,0.7777777777777777,0.8666666666666667,8029.333333333333,138.33333333333334,8167.666666666667,21.391469083666987,0
qwen3.8-27b,X_MTEXT,aegislab,HTTPResponseReplaceBody,4,0.875,0.75,1.0,1.0,0.9166666666666666,0.95,7799.5,342.75,8142.25,58.86891007575059,0
qwen3.8-27b,X_MTEXT,aegislab,HTTPResponseReplaceCode,23,0.09565217391304348,0.0,0.21739130434782608,0.2608695652173913,0.10144927536231883,0.1565217391304348,7920.565217391304,155.8695652173913,8076.434782608696,27.30023385900036,0
qwen3.8-27b,X_MTEXT,aegislab,JVMCPUStress,1,0.0,0.0,0.0,0.0,0.0,0.0,8281.0,161.0,8442.0,31.497861383999407,0
qwen3.8-27b,X_MTEXT,aegislab,JVMException,4,0.0,0.0,0.0,0.0,0.0,0.0,7967.25,152.25,8119.5,26.269236979499055,0
qwen3.8-27b,X_MTEXT,aegislab,JVMMemoryStress,16,0.375,0.375,0.375,0.375,0.375,0.375,8028.9375,152.625,8181.5625,28.16868452456208,1
qwen3.8-27b,X_MTEXT,aegislab,JVMMySQLLatency,1,0.0,0.0,0.0,0.0,0.0,0.0,8348.0,185.0,8533.0,37.648487407001085,0
qwen3.8-27b,X_MTEXT,aegislab,JVMReturn,1,0.0,0.0,0.0,0.0,0.0,0.0,8222.0,168.0,8390.0,29.347497246002604,0
qwen3.8-27b,X_MTEXT,aegislab,NetworkBandwidth,1,1.0,1.0,1.0,1.0,1.0,1.0,7833.0,153.0,7986.0,20.65672553799959,0
qwen3.8-27b,X_MTEXT,aegislab,NetworkCorrupt,4,0.25,0.25,0.25,0.25,0.25,0.25,8046.5,208.75,8255.25,36.1763488837496,0
qwen3.8-27b,X_MTEXT,aegislab,NetworkDelay,1,1.0,1.0,1.0,1.0,1.0,1.0,7754.0,172.0,7926.0,25.337044849999074,0
qwen3.8-27b,X_MTEXT,aegislab,NetworkLoss,4,0.75,0.5,1.0,1.0,0.8333333333333333,0.9,8054.0,145.0,8199.0,25.553775532250256,0
qwen3.8-27b,X_MTEXT,aegislab,NetworkPartition,13,0.5384615384615384,0.46153846153846156,0.6153846153846154,0.6153846153846154,0.5641025641025641,0.5846153846153845,8039.307692307692,180.69230769230768,8220.0,32.93860925000067,0
qwen3.8-27b,X_MTEXT,aegislab,PodFailure,2,0.0,0.0,0.0,0.0,0.0,0.0,7681.5,168.5,7850.0,27.775177123499816,0
qwen3.8-27b,X_MTEXT,aegislab,PodKill,2,0.5,0.5,0.5,0.5,0.5,0.5,7803.5,150.0,7953.5,20.655702623999787,0
qwen3.8-27b,X_MTEXT,aegislab,TimeSkew,1,0.25,0.0,0.0,1.0,0.0,0.4,7996.0,209.0,8205.0,29.345759857000303,0
qwen3.8-27b,X_MTEXT,aiops2022,k8s容器cpu负载,10,0.75,0.7,0.8,0.8,0.7666666666666667,0.78,7753.5,141.6,7895.1,28.07503631629952,0
qwen3.8-27b,X_MTEXT,aiops2022,k8s容器内存负载,13,0.07692307692307693,0.07692307692307693,0.07692307692307693,0.07692307692307693,0.07692307692307693,0.07692307692307693,7754.615384615385,139.84615384615384,7894.461538461538,26.607156013846318,0
qwen3.8-27b,X_MTEXT,aiops2022,k8s容器写io负载,9,0.1111111111111111,0.1111111111111111,0.1111111111111111,0.1111111111111111,0.1111111111111111,0.1111111111111111,7849.222222222223,157.55555555555554,8006.777777777777,30.356565686888846,0
qwen3.8-27b,X_MTEXT,aiops2022,k8s容器网络丢包,14,0.2857142857142857,0.2857142857142857,0.2857142857142857,0.2857142857142857,0.2857142857142857,0.2857142857142857,7712.928571428572,150.78571428571428,7863.714285714285,26.305126786999868,0
qwen3.8-27b,X_MTEXT,aiops2022,k8s容器网络延迟,8,0.125,0.125,0.125,0.125,0.125,0.125,7802.75,148.5,7951.25,25.059906746750585,0
qwen3.8-27b,X_MTEXT,aiops2022,k8s容器网络资源包损坏,5,0.2,0.2,0.2,0.2,0.2,0.2,7710.6,151.4,7862.0,28.17906616679902,1
qwen3.8-27b,X_MTEXT,aiops2022,k8s容器网络资源包重复发送,8,0.0,0.0,0.0,0.0,0.0,0.0,7739.25,155.375,7894.625,31.623587215874295,0
qwen3.8-27b,X_MTEXT,aiops2022,k8s容器读io负载,11,0.18181818181818182,0.18181818181818182,0.18181818181818182,0.18181818181818182,0.18181818181818182,0.18181818181818182,7724.0,145.1818181818182,7869.181818181818,27.150585061545414,0
qwen3.8-27b,X_MTEXT,aiops2022,k8s容器进程中止,11,0.09090909090909091,0.09090909090909091,0.09090909090909091,0.09090909090909091,0.09090909090909091,0.09090909090909091,7809.454545454545,152.0,7961.454545454545,27.73978368981757,0
qwen3.8-27b,X_MTEXT,aiops2022,node 内存消耗,6,0.0,0.0,0.0,0.0,0.0,0.0,7644.0,130.33333333333334,7774.333333333333,26.832845194499896,0
qwen3.8-27b,X_MTEXT,aiops2022,node 磁盘写IO消耗,5,0.0,0.0,0.0,0.0,0.0,0.0,7732.8,139.0,7871.8,26.83279109239993,0
qwen3.8-27b,X_MTEXT,aiops2022,node 磁盘空间消耗,6,0.0,0.0,0.0,0.0,0.0,0.0,7605.166666666667,128.16666666666666,7733.333333333333,25.910994695166362,0
qwen3.8-27b,X_MTEXT,aiops2022,node 磁盘读IO消耗,5,0.0,0.0,0.0,0.0,0.0,0.0,7680.2,132.0,7812.2,26.47675531259956,0
qwen3.8-27b,X_MTEXT,aiops2022,node节点CPU故障,5,0.0,0.0,0.0,0.0,0.0,0.0,7773.0,151.0,7924.0,27.92406677820072,0
qwen3.8-27b,X_MTEXT,aiops2022,node节点CPU爬升,4,0.0,0.0,0.0,0.0,0.0,0.0,7805.75,148.0,7953.75,25.968498654250197,0
qwen3.8-27b,X_MTEXT,aiops2025,code error,9,0.48148148148148145,0.3333333333333333,0.6666666666666666,0.6666666666666666,0.5185185185185185,0.5777777777777778,8640.888888888889,177.55555555555554,8818.444444444445,33.77382745155572,0
qwen3.8-27b,X_MTEXT,aiops2025,cpu stress,4,0.0625,0.0,0.0,0.25,0.0,0.1,7935.25,164.5,8099.75,30.243849281250277,0
qwen3.8-27b,X_MTEXT,aiops2025,dns error,8,0.4791666666666667,0.25,0.75,0.75,0.5416666666666666,0.625,9725.25,133.875,9859.125,27.33102267137565,0
qwen3.8-27b,X_MTEXT,aiops2025,io fault,9,0.1111111111111111,0.1111111111111111,0.1111111111111111,0.1111111111111111,0.1111111111111111,0.1111111111111111,9280.777777777777,171.33333333333334,9452.111111111111,32.17134602433301,0
qwen3.8-27b,X_MTEXT,aiops2025,jvm cpu,3,0.4444444444444444,0.3333333333333333,0.6666666666666666,0.6666666666666666,0.4444444444444444,0.5333333333333333,9425.666666666666,183.33333333333334,9609.0,29.88885491333167,0
qwen3.8-27b,X_MTEXT,aiops2025,jvm exception,4,0.25,0.25,0.25,0.25,0.25,0.25,9146.0,123.5,9269.5,24.713271723750495,0
qwen3.8-27b,X_MTEXT,aiops2025,jvm gc,8,0.10416666666666666,0.0,0.25,0.25,0.125,0.175,10525.375,263.875,10789.25,46.56459703774976,0
qwen3.8-27b,X_MTEXT,aiops2025,jvm latency,7,0.2857142857142857,0.2857142857142857,0.2857142857142857,0.2857142857142857,0.2857142857142857,0.2857142857142857,8372.0,116.57142857142857,8488.57142857143,23.089702151285955,0
qwen3.8-27b,X_MTEXT,aiops2025,memory stress,8,0.4375,0.375,0.5,0.5,0.4583333333333333,0.475,8719.375,145.25,8864.625,27.285527232124423,0
qwen3.8-27b,X_MTEXT,aiops2025,network corrupt,8,0.8125,0.75,0.875,0.875,0.8333333333333333,0.85,9304.375,186.75,9491.125,38.396858917500595,0
qwen3.8-27b,X_MTEXT,aiops2025,network delay,6,0.6666666666666666,0.6666666666666666,0.6666666666666666,0.6666666666666666,0.6666666666666666,0.6666666666666666,8040.166666666667,175.0,8215.166666666666,31.42338862750027,0
qwen3.8-27b,X_MTEXT,aiops2025,network loss,5,0.7,0.6,0.8,0.8,0.7333333333333333,0.76,9855.0,145.6,10000.6,26.060752556800434,0
qwen3.8-27b,X_MTEXT,aiops2025,node cpu stress,4,0.0,0.0,0.0,0.0,0.0,0.0,8112.25,152.5,8264.75,28.45331227550014,0
qwen3.8-27b,X_MTEXT,aiops2025,node disk fill,8,0.0,0.0,0.0,0.0,0.0,0.0,9460.375,152.25,9612.625,29.856714551250434,0
qwen3.8-27b,X_MTEXT,aiops2025,node memory stress,8,0.0,0.0,0.0,0.0,0.0,0.0,9426.625,156.25,9582.875,28.653545786999075,0
qwen3.8-27b,X_MTEXT,aiops2025,pod failure,13,0.19230769230769232,0.15384615384615385,0.23076923076923078,0.23076923076923078,0.20512820512820512,0.21538461538461537,9522.76923076923,153.07692307692307,9675.846153846154,29.161322984077252,0
qwen3.8-27b,X_MTEXT,aiops2025,pod kill,6,0.6666666666666666,0.6666666666666666,0.6666666666666666,0.6666666666666666,0.6666666666666666,0.6666666666666666,10242.166666666666,150.16666666666666,10392.333333333334,28.20850280666612,0
qwen3.8-27b,X_MTEXT,aiops2025,target port misconfig,2,0.5,0.5,0.5,0.5,0.5,0.5,8950.0,394.5,9344.5,59.09383007500037,0
qwen3.8-27b,X_V_CONTRAST,aegislab,ContainerKill,6,0.3333333333333333,0.3333333333333333,0.3333333333333333,0.3333333333333333,0.3333333333333333,0.3333333333333333,7395.0,142.66666666666666,7537.666666666667,29.798616161666967,0
qwen3.8-27b,X_V_CONTRAST,aegislab,HTTPRequestAbort,7,0.3333333333333333,0.14285714285714285,0.5714285714285714,0.5714285714285714,0.38095238095238093,0.4571428571428572,7412.428571428572,149.85714285714286,7562.285714285715,26.29934108057075,0
qwen3.8-27b,X_V_CONTRAST,aegislab,HTTPRequestDelay,5,0.4666666666666666,0.2,0.8,0.8,0.5333333333333333,0.64,7308.8,164.4,7473.2,28.034290565399715,0
qwen3.8-27b,X_V_CONTRAST,aegislab,HTTPRequestReplaceMethod,17,0.28431372549019607,0.17647058823529413,0.4117647058823529,0.5294117647058824,0.2549019607843137,0.3647058823529412,7320.764705882353,185.88235294117646,7506.64705882353,32.780122984235064,0
qwen3.8-27b,X_V_CONTRAST,aegislab,HTTPResponseAbort,4,0.25,0.25,0.25,0.25,0.25,0.25,7276.25,153.0,7429.25,26.531212187000165,0
qwen3.8-27b,X_V_CONTRAST,aegislab,HTTPResponseDelay,3,1.0,1.0,1.0,1.0,1.0,1.0,7295.0,159.66666666666666,7454.666666666667,25.023396718668057,0
qwen3.8-27b,X_V_CONTRAST,aegislab,HTTPResponseReplaceBody,4,0.75,0.75,0.75,0.75,0.75,0.75,7273.25,133.75,7407.0,27.398520946750068,0
qwen3.8-27b,X_V_CONTRAST,aegislab,HTTPResponseReplaceCode,23,0.07536231884057971,0.0,0.13043478260869565,0.21739130434782608,0.07246376811594202,0.11304347826086956,7297.739130434783,166.34782608695653,7464.086956521739,28.995949402434434,1
qwen3.8-27b,X_V_CONTRAST,aegislab,JVMCPUStress,1,0.0,0.0,0.0,0.0,0.0,0.0,7445.0,157.0,7602.0,30.265962809000484,0
qwen3.8-27b,X_V_CONTRAST,aegislab,JVMException,4,0.0,0.0,0.0,0.0,0.0,0.0,7293.5,200.0,7493.5,33.62404734125039,0
qwen3.8-27b,X_V_CONTRAST,aegislab,JVMMemoryStress,16,0.4375,0.4375,0.4375,0.4375,0.4375,0.4375,7326.6875,166.8125,7493.5,29.674312110187202,0
qwen3.8-27b,X_V_CONTRAST,aegislab,JVMMySQLLatency,1,0.0,0.0,0.0,0.0,0.0,0.0,7520.0,149.0,7669.0,27.00446221399943,0
qwen3.8-27b,X_V_CONTRAST,aegislab,JVMReturn,1,0.0,0.0,0.0,0.0,0.0,0.0,7295.0,140.0,7435.0,23.178555488997517,0
qwen3.8-27b,X_V_CONTRAST,aegislab,NetworkBandwidth,1,1.0,1.0,1.0,1.0,1.0,1.0,7220.0,115.0,7335.0,18.759653551001975,0
qwen3.8-27b,X_V_CONTRAST,aegislab,NetworkCorrupt,4,0.5,0.5,0.5,0.5,0.5,0.5,7313.75,161.0,7474.75,28.96681013649959,0
qwen3.8-27b,X_V_CONTRAST,aegislab,NetworkDelay,1,1.0,1.0,1.0,1.0,1.0,1.0,7295.0,208.0,7503.0,32.54792938600076,0
qwen3.8-27b,X_V_CONTRAST,aegislab,NetworkLoss,4,0.875,0.75,1.0,1.0,0.9166666666666666,0.95,7313.75,160.75,7474.5,30.712326129000758,0
qwen3.8-27b,X_V_CONTRAST,aegislab,NetworkPartition,13,0.5769230769230769,0.5384615384615384,0.6153846153846154,0.6153846153846154,0.5897435897435896,0.6,7353.538461538462,169.3846153846154,7522.923076923077,29.988169079846138,0
qwen3.8-27b,X_V_CONTRAST,aegislab,PodFailure,2,0.125,0.0,0.0,0.5,0.0,0.2,7407.5,169.0,7576.5,28.34671811750013,0
qwen3.8-27b,X_V_CONTRAST,aegislab,PodKill,2,0.0,0.0,0.0,0.0,0.0,0.0,7302.0,152.0,7454.0,23.043702320000193,0
qwen3.8-27b,X_V_CONTRAST,aegislab,TimeSkew,1,0.0,0.0,0.0,0.0,0.0,0.0,7295.0,230.0,7525.0,32.58004190799875,0
qwen3.8-27b,X_V_CONTRAST,aiops2022,k8s容器cpu负载,10,0.7,0.7,0.7,0.7,0.7,0.7,7117.0,188.0,7305.0,35.57381746230003,0
qwen3.8-27b,X_V_CONTRAST,aiops2022,k8s容器内存负载,13,0.19230769230769232,0.15384615384615385,0.23076923076923078,0.23076923076923078,0.20512820512820512,0.21538461538461537,7115.0,181.0,7296.0,33.141146606538314,0
qwen3.8-27b,X_V_CONTRAST,aiops2022,k8s容器写io负载,9,0.2592592592592593,0.2222222222222222,0.3333333333333333,0.3333333333333333,0.2592592592592593,0.2888888888888889,7190.0,192.44444444444446,7382.444444444444,35.17685847522201,0
qwen3.8-27b,X_V_CONTRAST,aiops2022,k8s容器网络丢包,14,0.26785714285714285,0.21428571428571427,0.2857142857142857,0.35714285714285715,0.2619047619047619,0.3,7127.142857142857,181.28571428571428,7308.428571428572,30.98253771192867,0
qwen3.8-27b,X_V_CONTRAST,aiops2022,k8s容器网络延迟,8,0.125,0.0,0.25,0.25,0.16666666666666666,0.2,7211.25,197.0,7408.25,33.3422758651252,0
qwen3.8-27b,X_V_CONTRAST,aiops2022,k8s容器网络资源包损坏,5,0.0,0.0,0.0,0.0,0.0,0.0,7130.0,142.4,7272.4,27.937968709599954,0
qwen3.8-27b,X_V_CONTRAST,aiops2022,k8s容器网络资源包重复发送,8,0.0,0.0,0.0,0.0,0.0,0.0,7105.625,169.75,7275.375,33.49593960837478,1
qwen3.8-27b,X_V_CONTRAST,aiops2022,k8s容器读io负载,11,0.36363636363636365,0.36363636363636365,0.36363636363636365,0.36363636363636365,0.36363636363636365,0.36363636363636365,7149.090909090909,165.54545454545453,7314.636363636364,29.919528136182304,0
qwen3.8-27b,X_V_CONTRAST,aiops2022,k8s容器进程中止,11,0.09090909090909091,0.09090909090909091,0.09090909090909091,0.09090909090909091,0.09090909090909091,0.09090909090909091,7142.272727272727,167.45454545454547,7309.727272727273,31.05863527800102,0
qwen3.8-27b,X_V_CONTRAST,aiops2022,node 内存消耗,6,0.0,0.0,0.0,0.0,0.0,0.0,7127.5,191.33333333333334,7318.833333333333,37.395297911666,0
qwen3.8-27b,X_V_CONTRAST,aiops2022,node 磁盘写IO消耗,5,0.0,0.0,0.0,0.0,0.0,0.0,7119.0,160.4,7279.4,28.7757205228012,0
qwen3.8-27b,X_V_CONTRAST,aiops2022,node 磁盘空间消耗,6,0.03333333333333333,0.0,0.0,0.16666666666666666,0.0,0.03333333333333333,7277.5,144.66666666666666,7422.166666666667,27.69909719150049,0
qwen3.8-27b,X_V_CONTRAST,aiops2022,node 磁盘读IO消耗,5,0.0,0.0,0.0,0.0,0.0,0.0,7134.0,152.0,7286.0,29.160390254800223,0
qwen3.8-27b,X_V_CONTRAST,aiops2022,node节点CPU故障,5,0.0,0.0,0.0,0.0,0.0,0.0,7025.0,220.8,7245.8,37.780832327400276,0
qwen3.8-27b,X_V_CONTRAST,aiops2022,node节点CPU爬升,4,0.0,0.0,0.0,0.0,0.0,0.0,7077.5,178.0,7255.5,32.50851330325031,1
qwen3.8-27b,X_V_CONTRAST,aiops2025,code error,9,0.48148148148148145,0.3333333333333333,0.6666666666666666,0.6666666666666666,0.5185185185185185,0.5777777777777778,7232.0,186.44444444444446,7418.444444444444,37.05357129511221,0
qwen3.8-27b,X_V_CONTRAST,aiops2025,cpu stress,4,0.0,0.0,0.0,0.0,0.0,0.0,6573.75,176.0,6749.75,32.68823573800046,0
qwen3.8-27b,X_V_CONTRAST,aiops2025,dns error,8,0.37916666666666665,0.25,0.5,0.625,0.375,0.45,7398.25,179.75,7578.0,34.451256777500475,0
qwen3.8-27b,X_V_CONTRAST,aiops2025,io fault,9,0.1111111111111111,0.1111111111111111,0.1111111111111111,0.1111111111111111,0.1111111111111111,0.1111111111111111,7419.777777777777,181.0,7600.777777777777,33.470986507110666,0
qwen3.8-27b,X_V_CONTRAST,aiops2025,jvm cpu,3,0.2222222222222222,0.0,0.6666666666666666,0.6666666666666666,0.2222222222222222,0.39999999999999997,7512.0,179.33333333333334,7691.333333333333,28.70604566199957,0
qwen3.8-27b,X_V_CONTRAST,aiops2025,jvm exception,4,0.375,0.25,0.5,0.5,0.41666666666666663,0.45,7380.75,133.0,7513.75,28.45641242624879,0
qwen3.8-27b,X_V_CONTRAST,aiops2025,jvm gc,8,0.0625,0.0,0.125,0.125,0.08333333333333333,0.1,7472.0,190.125,7662.125,35.04027477549971,0
qwen3.8-27b,X_V_CONTRAST,aiops2025,jvm latency,7,0.2857142857142857,0.2857142857142857,0.2857142857142857,0.2857142857142857,0.2857142857142857,0.2857142857142857,6884.0,150.42857142857142,7034.428571428572,27.981070568143487,0
qwen3.8-27b,X_V_CONTRAST,aiops2025,memory stress,8,0.3125,0.25,0.375,0.375,0.3333333333333333,0.35,7059.25,169.875,7229.125,32.36251267749958,0
qwen3.8-27b,X_V_CONTRAST,aiops2025,network corrupt,8,0.6041666666666666,0.375,0.875,0.875,0.6666666666666666,0.75,7399.5,180.5,7580.0,36.46103409062471,0
qwen3.8-27b,X_V_CONTRAST,aiops2025,network delay,6,0.7083333333333334,0.6666666666666666,0.6666666666666666,0.8333333333333334,0.6666666666666666,0.7333333333333334,6720.833333333333,171.16666666666666,6892.0,28.66088854950067,0
qwen3.8-27b,X_V_CONTRAST,aiops2025,network loss,5,0.7,0.6,0.8,0.8,0.7333333333333333,0.76,7345.0,185.2,7530.2,31.259929465798997,0
qwen3.8-27b,X_V_CONTRAST,aiops2025,node cpu stress,4,0.0,0.0,0.0,0.0,0.0,0.0,6705.0,157.75,6862.75,30.29854772825138,0
qwen3.8-27b,X_V_CONTRAST,aiops2025,node disk fill,8,0.0,0.0,0.0,0.0,0.0,0.0,7418.25,170.375,7588.625,30.98623569512506,0
qwen3.8-27b,X_V_CONTRAST,aiops2025,node memory stress,8,0.0,0.0,0.0,0.0,0.0,0.0,7285.75,147.25,7433.0,26.329136451000295,0
qwen3.8-27b,X_V_CONTRAST,aiops2025,pod failure,13,0.11538461538461539,0.07692307692307693,0.15384615384615385,0.15384615384615385,0.1282051282051282,0.13846153846153847,7361.2307692307695,149.53846153846155,7510.7692307692305,28.37642217353837,0
qwen3.8-27b,X_V_CONTRAST,aiops2025,pod kill,6,0.75,0.6666666666666666,0.8333333333333334,0.8333333333333334,0.7777777777777778,0.7999999999999999,7460.333333333333,180.83333333333334,7641.166666666667,35.020609643000775,0
qwen3.8-27b,X_V_CONTRAST,aiops2025,target port misconfig,2,0.5,0.5,0.5,0.5,0.5,0.5,7318.5,130.0,7448.5,20.318199041000298,0
