ac@1,ac@3,ac@5,arm,avg@3,avg@5,dataset,experiment,fact_count,fact_count_available_n,image_tokens,image_tokens_available_n,incomplete,infeasible_rate,input_tokens,input_tokens_available_n,model,mrr,n,output_tokens,output_tokens_available_n,parse_failure_rate,subset,text_tokens,text_tokens_available_n,truncation_rate,unknown_id_rate
0.3,0.3666666666666666,0.3666666666666666,D0,0.3222222222222222,0.3399999999999999,aegislab,exp_canvas_composition,52.266666666666666,30,2117.1666666666665,30,False,0.0,5441.866666666667,30,qwen3.8-27b,0.3222222222222222,30,174.5,30,0.0,selection,3324.7,30,0.0,0.0
0.3333333333333333,0.4,0.4,D_AIRY,0.3666666666666666,0.3799999999999999,aegislab,exp_canvas_composition,52.266666666666666,30,2117.1666666666665,30,False,0.0,5441.866666666667,30,qwen3.8-27b,0.361111111111111,30,185.16666666666663,30,0.0,selection,3324.7,30,0.0,0.0
0.2666666666666666,0.4,0.4,D_COMPACT,0.3444444444444444,0.3666666666666666,aegislab,exp_canvas_composition,52.266666666666666,30,2117.1666666666665,30,False,0.0,5441.866666666667,30,qwen3.8-27b,0.3277777777777777,30,180.9,30,0.0333333333333333,selection,3324.7,30,0.0,0.0333333333333333
0.1666666666666666,0.3666666666666666,0.3666666666666666,D_ENTITY,0.2777777777777777,0.3133333333333333,aegislab,exp_canvas_composition,52.266666666666666,30,2117.1666666666665,30,False,0.0,5441.866666666667,30,qwen3.8-27b,0.2555555555555555,30,188.76666666666668,30,0.0,selection,3324.7,30,0.0,0.0
0.2666666666666666,0.4,0.4,D_LANDSCAPE,0.3444444444444444,0.3666666666666667,aegislab,exp_canvas_composition,52.266666666666666,30,2118.866666666667,30,False,0.0,5443.566666666667,30,qwen3.8-27b,0.3277777777777777,30,200.9,30,0.0,selection,3324.7,30,0.0,0.0
0.3333333333333333,0.5,0.5333333333333333,D_ONSET_ORDER,0.4222222222222222,0.46,aegislab,exp_canvas_composition,52.266666666666666,30,2117.1666666666665,30,False,0.0,5441.866666666667,30,qwen3.8-27b,0.4122222222222222,30,202.46666666666667,30,0.0333333333333333,selection,3324.7,30,0.0,0.0333333333333333
0.1333333333333333,0.3,0.3333333333333333,D_PORTRAIT,0.2333333333333333,0.2733333333333333,aegislab,exp_canvas_composition,52.266666666666666,30,2117.833333333333,30,False,0.0,5442.533333333334,30,qwen3.8-27b,0.2194444444444444,30,204.1,30,0.0,selection,3324.7,30,0.0,0.0
0.2,0.3333333333333333,0.3333333333333333,D_SCALE_075,0.2666666666666666,0.2933333333333333,aegislab,exp_canvas_composition,52.266666666666666,30,1193.4,30,False,0.0,4518.1,30,qwen3.8-27b,0.2555555555555555,30,191.2,30,0.0333333333333333,selection,3324.7,30,0.0,0.0333333333333333
0.2666666666666666,0.5,0.5,D_SCALE_125,0.3888888888888889,0.4333333333333333,aegislab,exp_canvas_composition,52.266666666666666,30,3285.833333333333,30,False,0.0,6610.533333333334,30,qwen3.8-27b,0.3666666666666666,30,169.56666666666666,30,0.0,selection,3324.7,30,0.0,0.0
0.2666666666666666,0.4,0.4,D_SCALE_150,0.3444444444444444,0.3666666666666666,aegislab,exp_canvas_composition,52.266666666666666,30,4809.533333333334,30,False,0.0,8134.233333333334,30,qwen3.8-27b,0.3277777777777777,30,173.23333333333332,30,0.0,selection,3324.7,30,0.0,0.0
0.1666666666666666,0.3333333333333333,0.3333333333333333,D_TOPOLOGY_CENTER,0.2444444444444444,0.2799999999999999,aegislab,exp_canvas_composition,52.266666666666666,30,2117.1666666666665,30,False,0.0,5441.866666666667,30,qwen3.8-27b,0.2333333333333333,30,181.03333333333333,30,0.0,selection,3324.7,30,0.0,0.0
0.0333333333333333,0.2333333333333333,0.2666666666666666,D0,0.1555555555555555,0.1933333333333333,aiops2022,exp_canvas_composition,49.06666666666667,30,2063.266666666667,30,False,0.0,5132.6,30,qwen3.8-27b,0.1344444444444444,30,185.3,30,0.0,selection,3069.333333333333,30,0.0,0.0
0.0333333333333333,0.2333333333333333,0.2333333333333333,D_AIRY,0.1555555555555555,0.1866666666666666,aiops2022,exp_canvas_composition,49.06666666666667,30,2063.266666666667,30,False,0.0,5132.6,30,qwen3.8-27b,0.1277777777777777,30,190.06666666666663,30,0.0,selection,3069.333333333333,30,0.0,0.0
0.0333333333333333,0.2333333333333333,0.2333333333333333,D_COMPACT,0.1555555555555555,0.1866666666666666,aiops2022,exp_canvas_composition,49.06666666666667,30,2063.266666666667,30,True,0.0,5132.6,30,qwen3.8-27b,0.1277777777777777,30,195.86666666666667,30,0.0666666666666666,selection,3069.333333333333,30,0.0,0.0666666666666666
0.0333333333333333,0.2333333333333333,0.2333333333333333,D_ENTITY,0.1444444444444444,0.18,aiops2022,exp_canvas_composition,49.06666666666667,30,2063.266666666667,30,False,0.0,5132.6,30,qwen3.8-27b,0.1222222222222222,30,199.56666666666663,30,0.0,selection,3069.333333333333,30,0.0,0.0
0.1,0.2666666666666666,0.2666666666666666,D_LANDSCAPE,0.1999999999999999,0.2266666666666666,aiops2022,exp_canvas_composition,49.06666666666667,30,2069.0666666666666,30,False,0.0,5138.4,30,qwen3.8-27b,0.1777777777777777,30,195.1,30,0.0,selection,3069.333333333333,30,0.0,0.0
0.0333333333333333,0.2333333333333333,0.3,D_ONSET_ORDER,0.1444444444444444,0.2066666666666666,aiops2022,exp_canvas_composition,49.06666666666667,30,2063.266666666667,30,False,0.0,5132.6,30,qwen3.8-27b,0.1388888888888888,30,192.7,30,0.0333333333333333,selection,3069.333333333333,30,0.0,0.0333333333333333
0.0666666666666666,0.2,0.2,D_PORTRAIT,0.1444444444444444,0.1666666666666666,aiops2022,exp_canvas_composition,49.06666666666667,30,2068.7,30,True,0.0,5138.033333333334,30,qwen3.8-27b,0.1277777777777777,30,181.6,30,0.1,selection,3069.333333333333,30,0.0,0.1
0.0666666666666666,0.2333333333333333,0.2666666666666666,D_SCALE_075,0.1555555555555555,0.2,aiops2022,exp_canvas_composition,49.06666666666667,30,1167.5,30,True,0.0,4236.833333333333,30,qwen3.8-27b,0.1472222222222222,30,186.4333333333333,30,0.1,selection,3069.333333333333,30,0.0,0.1
0.0333333333333333,0.2,0.2333333333333333,D_SCALE_125,0.1333333333333333,0.1733333333333333,aiops2022,exp_canvas_composition,49.06666666666667,30,3192.3,30,False,0.0,6261.633333333333,30,qwen3.8-27b,0.1194444444444444,30,245.16666666666663,30,0.0333333333333333,selection,3069.333333333333,30,0.0,0.0333333333333333
0.0333333333333333,0.3,0.3,D_SCALE_150,0.1666666666666666,0.22,aiops2022,exp_canvas_composition,49.06666666666667,30,4686.2,30,False,0.0,7755.533333333334,30,qwen3.8-27b,0.1444444444444444,30,173.46666666666667,30,0.0333333333333333,selection,3069.333333333333,30,0.0,0.0333333333333333
0.0333333333333333,0.1666666666666666,0.1666666666666666,D_TOPOLOGY_CENTER,0.1111111111111111,0.1333333333333333,aiops2022,exp_canvas_composition,49.06666666666667,30,2063.266666666667,30,False,0.0,5132.6,30,qwen3.8-27b,0.0944444444444444,30,182.5,30,0.0333333333333333,selection,3069.333333333333,30,0.0,0.0333333333333333
0.2,0.3666666666666666,0.3666666666666666,D0,0.2888888888888888,0.32,aiops2025,exp_canvas_composition,49.766666666666666,30,2074.7,30,False,0.0,4821.133333333333,30,qwen3.8-27b,0.2722222222222222,30,184.33333333333331,30,0.0,selection,2746.4333333333334,30,0.0,0.0
0.2,0.3333333333333333,0.3333333333333333,D_AIRY,0.2888888888888888,0.3066666666666666,aiops2025,exp_canvas_composition,50.642857142857146,28,2079.25,28,False,0.0666666666666666,4507.4,30,qwen3.8-27b,0.2666666666666666,30,179.03333333333333,30,0.0,selection,2750.1071428571427,28,0.0,0.0
0.2,0.3333333333333333,0.3666666666666666,D_COMPACT,0.2777777777777777,0.3133333333333333,aiops2025,exp_canvas_composition,49.766666666666666,30,2074.7,30,False,0.0,4821.133333333333,30,qwen3.8-27b,0.2694444444444444,30,184.46666666666667,30,0.0,selection,2746.4333333333334,30,0.0,0.0
0.1666666666666666,0.3333333333333333,0.3333333333333333,D_ENTITY,0.2777777777777777,0.3,aiops2025,exp_canvas_composition,49.766666666666666,30,2074.7,30,False,0.0,4821.133333333333,30,qwen3.8-27b,0.25,30,187.03333333333333,30,0.0333333333333333,selection,2746.4333333333334,30,0.0,0.0333333333333333
0.2,0.4666666666666667,0.4666666666666667,D_LANDSCAPE,0.3444444444444444,0.3933333333333333,aiops2025,exp_canvas_composition,49.766666666666666,30,2078.6666666666665,30,False,0.0,4825.1,30,qwen3.8-27b,0.3166666666666666,30,186.2,30,0.0333333333333333,selection,2746.4333333333334,30,0.0,0.0333333333333333
0.2333333333333333,0.4,0.4,D_ONSET_ORDER,0.3444444444444444,0.3666666666666666,aiops2025,exp_canvas_composition,49.766666666666666,30,2074.7,30,False,0.0,4821.133333333333,30,qwen3.8-27b,0.3166666666666666,30,189.03333333333333,30,0.0,selection,2746.4333333333334,30,0.0,0.0
0.2,0.3,0.3,D_PORTRAIT,0.2666666666666666,0.28,aiops2025,exp_canvas_composition,49.766666666666666,30,2074.833333333333,30,False,0.0,4821.266666666666,30,qwen3.8-27b,0.25,30,203.56666666666663,30,0.0333333333333333,selection,2746.4333333333334,30,0.0,0.0333333333333333
0.2,0.4333333333333333,0.4333333333333333,D_SCALE_075,0.3333333333333333,0.3733333333333333,aiops2025,exp_canvas_composition,49.766666666666666,30,1169.9666666666667,30,False,0.0,3916.4,30,qwen3.8-27b,0.3055555555555555,30,195.7333333333333,30,0.0333333333333333,selection,2746.4333333333334,30,0.0,0.0333333333333333
0.2333333333333333,0.4,0.4,D_SCALE_125,0.3333333333333333,0.36,aiops2025,exp_canvas_composition,49.766666666666666,30,3210.6,30,False,0.0,5957.033333333334,30,qwen3.8-27b,0.311111111111111,30,187.0,30,0.0,selection,2746.4333333333334,30,0.0,0.0
0.2,0.4333333333333333,0.4333333333333333,D_SCALE_150,0.3333333333333333,0.3733333333333333,aiops2025,exp_canvas_composition,49.766666666666666,30,4708.4,30,False,0.0,7454.833333333333,30,qwen3.8-27b,0.3055555555555555,30,190.6,30,0.0,selection,2746.4333333333334,30,0.0,0.0
0.2,0.4,0.4,D_TOPOLOGY_CENTER,0.311111111111111,0.3466666666666667,aiops2025,exp_canvas_composition,49.766666666666666,30,2074.7,30,False,0.0,4821.133333333333,30,qwen3.8-27b,0.2888888888888888,30,193.03333333333333,30,0.0333333333333333,selection,2746.4333333333334,30,0.0,0.0333333333333333
0.1777777777777777,0.3222222222222222,0.3333333333333333,D0,0.2555555555555555,0.2844444444444444,pooled_descriptive,exp_canvas_composition,50.36666666666667,90,2085.0444444444443,90,False,0.0,5131.866666666667,90,qwen3.8-27b,0.2429629629629629,90,181.37777777777777,90,0.0,selection,3046.822222222222,90,0.0,0.0
0.1888888888888888,0.3222222222222222,0.3222222222222222,D_AIRY,0.2703703703703703,0.2911111111111111,pooled_descriptive,exp_canvas_composition,50.65909090909091,88,2086.7272727272725,88,False,0.0222222222222222,5027.288888888889,90,qwen3.8-27b,0.2518518518518518,90,184.7555555555556,90,0.0,selection,3054.818181818182,88,0.0,0.0
0.1666666666666666,0.3222222222222222,0.3333333333333333,D_COMPACT,0.2592592592592592,0.2888888888888888,pooled_descriptive,exp_canvas_composition,50.36666666666667,90,2085.0444444444443,90,False,0.0,5131.866666666667,90,qwen3.8-27b,0.2416666666666666,90,187.07777777777775,90,0.0333333333333333,selection,3046.822222222222,90,0.0,0.0333333333333333
0.1222222222222222,0.3111111111111111,0.3111111111111111,D_ENTITY,0.2333333333333333,0.2644444444444444,pooled_descriptive,exp_canvas_composition,50.36666666666667,90,2085.0444444444443,90,False,0.0,5131.866666666667,90,qwen3.8-27b,0.2092592592592592,90,191.7888888888889,90,0.0111111111111111,selection,3046.822222222222,90,0.0,0.0111111111111111
0.1888888888888888,0.3777777777777777,0.3777777777777777,D_LANDSCAPE,0.2962962962962963,0.3288888888888889,pooled_descriptive,exp_canvas_composition,50.36666666666667,90,2088.866666666667,90,False,0.0,5135.688888888889,90,qwen3.8-27b,0.274074074074074,90,194.06666666666663,90,0.0111111111111111,selection,3046.822222222222,90,0.0,0.0111111111111111
0.2,0.3777777777777777,0.4111111111111111,D_ONSET_ORDER,0.3037037037037037,0.3444444444444444,pooled_descriptive,exp_canvas_composition,50.36666666666667,90,2085.0444444444443,90,False,0.0,5131.866666666667,90,qwen3.8-27b,0.2892592592592592,90,194.7333333333333,90,0.0222222222222222,selection,3046.822222222222,90,0.0,0.0222222222222222
0.1333333333333333,0.2666666666666666,0.2777777777777778,D_PORTRAIT,0.2148148148148148,0.24,pooled_descriptive,exp_canvas_composition,50.36666666666667,90,2087.1222222222223,90,False,0.0,5133.944444444444,90,qwen3.8-27b,0.199074074074074,90,196.42222222222225,90,0.0444444444444444,selection,3046.822222222222,90,0.0,0.0444444444444444
0.1555555555555555,0.3333333333333333,0.3444444444444444,D_SCALE_075,0.2518518518518518,0.2888888888888888,pooled_descriptive,exp_canvas_composition,50.36666666666667,90,1176.9555555555555,90,True,0.0,4223.777777777777,90,qwen3.8-27b,0.2361111111111111,90,191.12222222222223,90,0.0555555555555555,selection,3046.822222222222,90,0.0,0.0555555555555555
0.1777777777777777,0.3666666666666666,0.3777777777777777,D_SCALE_125,0.2851851851851851,0.3222222222222222,pooled_descriptive,exp_canvas_composition,50.36666666666667,90,3229.5777777777776,90,False,0.0,6276.4,90,qwen3.8-27b,0.2657407407407407,90,200.57777777777775,90,0.0111111111111111,selection,3046.822222222222,90,0.0,0.0111111111111111
0.1666666666666666,0.3777777777777777,0.3777777777777777,D_SCALE_150,0.2814814814814814,0.3199999999999999,pooled_descriptive,exp_canvas_composition,50.36666666666667,90,4734.711111111111,90,False,0.0,7781.533333333334,90,qwen3.8-27b,0.2592592592592592,90,179.1,90,0.0111111111111111,selection,3046.822222222222,90,0.0,0.0111111111111111
0.1333333333333333,0.3,0.3,D_TOPOLOGY_CENTER,0.2222222222222222,0.2533333333333333,pooled_descriptive,exp_canvas_composition,50.36666666666667,90,2085.0444444444443,90,False,0.0,5131.866666666667,90,qwen3.8-27b,0.2055555555555555,90,185.5222222222222,90,0.0222222222222222,selection,3046.822222222222,90,0.0,0.0222222222222222
0.2714285714285714,0.6142857142857143,0.6142857142857143,D0,0.4476190476190476,0.5142857142857142,aegislab,exp_canvas_composition,52.0,70,2117.4,70,False,0.0,5441.371428571429,70,qwen3.8-27b,0.4166666666666666,70,176.24285714285713,70,0.0,main_report,3323.9714285714285,70,0.0,0.0
0.3285714285714285,0.6142857142857143,0.6285714285714286,D_AIRY,0.4809523809523809,0.54,aegislab,exp_canvas_composition,52.130434782608695,69,2118.231884057971,69,False,0.0142857142857142,5364.4,70,qwen3.8-27b,0.4559523809523809,70,177.71428571428572,70,0.0,main_report,3323.913043478261,69,0.0,0.0
0.3142857142857143,0.5857142857142857,0.6,D_COMPACT,0.4666666666666666,0.52,aegislab,exp_canvas_composition,52.0,70,2117.4,70,False,0.0,5441.371428571429,70,qwen3.8-27b,0.4392857142857142,70,183.77142857142857,70,0.0,main_report,3323.9714285714285,70,0.0,0.0
0.3142857142857143,0.5285714285714286,0.5285714285714286,D_ENTITY,0.4428571428571428,0.477142857142857,aegislab,exp_canvas_composition,52.0,70,2117.4,70,False,0.0,5441.371428571429,70,qwen3.8-27b,0.4142857142857143,70,194.3571428571429,70,0.0,main_report,3323.9714285714285,70,0.0,0.0
0.3428571428571428,0.6,0.6142857142857143,D_LANDSCAPE,0.4857142857142856,0.537142857142857,aegislab,exp_canvas_composition,52.0,70,2121.557142857143,70,True,0.0,5445.528571428571,70,qwen3.8-27b,0.4607142857142857,70,188.57142857142856,70,0.0571428571428571,main_report,3323.9714285714285,70,0.0,0.0571428571428571
0.3,0.5285714285714286,0.5428571428571428,D_ONSET_ORDER,0.4285714285714285,0.4742857142857142,aegislab,exp_canvas_composition,52.0,70,2117.4,70,False,0.0,5441.371428571429,70,qwen3.8-27b,0.4059523809523809,70,187.8,70,0.0,main_report,3323.9714285714285,70,0.0,0.0
0.2571428571428571,0.5285714285714286,0.5428571428571428,D_PORTRAIT,0.4047619047619047,0.46,aegislab,exp_canvas_composition,52.0,70,2119.714285714286,70,False,0.0,5443.685714285714,70,qwen3.8-27b,0.3797619047619047,70,188.11428571428573,70,0.0142857142857142,main_report,3323.9714285714285,70,0.0,0.0142857142857142
0.2142857142857142,0.5428571428571428,0.5428571428571428,D_SCALE_075,0.3761904761904762,0.4428571428571429,aegislab,exp_canvas_composition,52.0,70,1198.6857142857143,70,False,0.0,4522.657142857143,70,qwen3.8-27b,0.3499999999999999,70,184.0857142857143,70,0.0285714285714285,main_report,3323.9714285714285,70,0.0,0.0285714285714285
0.3428571428571428,0.5142857142857142,0.5285714285714286,D_SCALE_125,0.4428571428571428,0.4771428571428571,aegislab,exp_canvas_composition,52.0,70,3282.928571428572,70,False,0.0,6606.9,70,qwen3.8-27b,0.425,70,181.55714285714285,70,0.0,main_report,3323.9714285714285,70,0.0,0.0
0.3428571428571428,0.6428571428571429,0.6428571428571429,D_SCALE_150,0.5047619047619047,0.5599999999999999,aegislab,exp_canvas_composition,52.0,70,4802.4857142857145,70,False,0.0,8126.457142857143,70,qwen3.8-27b,0.4738095238095239,70,174.71428571428572,70,0.0142857142857142,main_report,3323.9714285714285,70,0.0,0.0142857142857142
0.2571428571428571,0.4571428571428571,0.4571428571428571,D_TOPOLOGY_CENTER,0.3666666666666666,0.4028571428571429,aegislab,exp_canvas_composition,52.0,70,2117.4,70,False,0.0,5441.371428571429,70,qwen3.8-27b,0.3452380952380952,70,188.27142857142857,70,0.0,main_report,3323.9714285714285,70,0.0,0.0
0.1571428571428571,0.2285714285714285,0.2571428571428571,D0,0.1952380952380952,0.22,aiops2022,exp_canvas_composition,49.5,70,2075.4,70,False,0.0,5144.442857142857,70,qwen3.8-27b,0.1952380952380952,70,190.82857142857145,70,0.0142857142857142,main_report,3069.042857142857,70,0.0,0.0142857142857142
0.1714285714285714,0.2857142857142857,0.3,D_AIRY,0.2285714285714285,0.2571428571428571,aiops2022,exp_canvas_composition,49.5,70,2075.4,70,False,0.0,5144.442857142857,70,qwen3.8-27b,0.2226190476190476,70,194.0,70,0.0142857142857142,main_report,3069.042857142857,70,0.0,0.0142857142857142
0.1285714285714285,0.2571428571428571,0.2714285714285714,D_COMPACT,0.1904761904761904,0.2228571428571428,aiops2022,exp_canvas_composition,49.5,70,2075.4,70,False,0.0,5144.442857142857,70,qwen3.8-27b,0.1845238095238094,70,198.72857142857143,70,0.0142857142857142,main_report,3069.042857142857,70,0.0,0.0142857142857142
0.2142857142857142,0.3285714285714285,0.3428571428571428,D_ENTITY,0.2714285714285714,0.3,aiops2022,exp_canvas_composition,49.5,70,2075.4,70,False,0.0,5144.442857142857,70,qwen3.8-27b,0.2654761904761905,70,196.15714285714284,70,0.0285714285714285,main_report,3069.042857142857,70,0.0,0.0285714285714285
0.1428571428571428,0.3285714285714285,0.3285714285714285,D_LANDSCAPE,0.238095238095238,0.2742857142857143,aiops2022,exp_canvas_composition,49.5,70,2079.457142857143,70,False,0.0,5148.5,70,qwen3.8-27b,0.2214285714285714,70,194.68571428571428,70,0.0285714285714285,main_report,3069.042857142857,70,0.0,0.0285714285714285
0.1428571428571428,0.2142857142857142,0.2285714285714285,D_ONSET_ORDER,0.1904761904761904,0.2057142857142856,aiops2022,exp_canvas_composition,49.5,70,2075.4,70,False,0.0,5144.442857142857,70,qwen3.8-27b,0.1821428571428571,70,196.17142857142855,70,0.0142857142857142,main_report,3069.042857142857,70,0.0,0.0142857142857142
0.1,0.2428571428571428,0.2571428571428571,D_PORTRAIT,0.1761904761904761,0.2085714285714286,aiops2022,exp_canvas_composition,49.5,70,2073.1714285714284,70,False,0.0,5142.214285714285,70,qwen3.8-27b,0.1654761904761904,70,202.3,70,0.0285714285714285,main_report,3069.042857142857,70,0.0,0.0285714285714285
0.1428571428571428,0.2857142857142857,0.3,D_SCALE_075,0.2047619047619047,0.2428571428571429,aiops2022,exp_canvas_composition,49.5,70,1171.2,70,False,0.0,4240.242857142857,70,qwen3.8-27b,0.2011904761904762,70,188.24285714285716,70,0.0428571428571428,main_report,3069.042857142857,70,0.0,0.0428571428571428
0.2,0.3,0.3285714285714285,D_SCALE_125,0.2571428571428571,0.2857142857142857,aiops2022,exp_canvas_composition,49.5,70,3208.8571428571427,70,False,0.0,6277.9,70,qwen3.8-27b,0.2523809523809524,70,184.27142857142857,70,0.0142857142857142,main_report,3069.042857142857,70,0.0,0.0142857142857142
0.1428571428571428,0.2571428571428571,0.2714285714285714,D_SCALE_150,0.1952380952380952,0.2257142857142857,aiops2022,exp_canvas_composition,49.5,70,4706.285714285715,70,False,0.0,7775.328571428571,70,qwen3.8-27b,0.1916666666666666,70,192.2142857142857,70,0.0,main_report,3069.042857142857,70,0.0,0.0
0.1285714285714285,0.2142857142857142,0.2428571428571428,D_TOPOLOGY_CENTER,0.1809523809523809,0.2028571428571428,aiops2022,exp_canvas_composition,49.5,70,2075.4,70,False,0.0,5144.442857142857,70,qwen3.8-27b,0.1754761904761904,70,194.02857142857144,70,0.0285714285714285,main_report,3069.042857142857,70,0.0,0.0285714285714285
0.1571428571428571,0.2857142857142857,0.3,D0,0.2238095238095237,0.2542857142857143,aiops2025,exp_canvas_composition,49.2,70,2065.6,70,False,0.0,4815.614285714286,70,qwen3.8-27b,0.2154761904761905,70,190.3428571428572,70,0.0,main_report,2750.014285714285,70,0.0,0.0
0.1571428571428571,0.3,0.3142857142857143,D_AIRY,0.2333333333333333,0.2628571428571429,aiops2025,exp_canvas_composition,50.12307692307692,65,2069.8,65,False,0.0714285714285714,4477.785714285715,70,qwen3.8-27b,0.2219047619047619,70,166.74285714285713,70,0.0,main_report,2752.4307692307693,65,0.0,0.0
0.1428571428571428,0.3142857142857143,0.3285714285714285,D_COMPACT,0.2333333333333333,0.2714285714285714,aiops2025,exp_canvas_composition,49.2,70,2065.6,70,False,0.0,4815.614285714286,70,qwen3.8-27b,0.2202380952380952,70,189.95714285714288,70,0.0,main_report,2750.014285714285,70,0.0,0.0
0.1857142857142857,0.3714285714285714,0.3714285714285714,D_ENTITY,0.2761904761904761,0.3142857142857143,aiops2025,exp_canvas_composition,49.2,70,2065.6,70,False,0.0,4815.614285714286,70,qwen3.8-27b,0.2619047619047618,70,182.28571428571428,70,0.0142857142857142,main_report,2750.014285714285,70,0.0,0.0142857142857142
0.1571428571428571,0.3,0.3285714285714285,D_LANDSCAPE,0.2333333333333333,0.2714285714285714,aiops2025,exp_canvas_composition,49.2,70,2072.3142857142857,70,False,0.0,4822.328571428571,70,qwen3.8-27b,0.2261904761904761,70,194.5857142857143,70,0.0285714285714285,main_report,2750.014285714285,70,0.0,0.0285714285714285
0.2,0.3142857142857143,0.3142857142857143,D_ONSET_ORDER,0.2571428571428571,0.28,aiops2025,exp_canvas_composition,49.2,70,2065.6,70,False,0.0,4815.614285714286,70,qwen3.8-27b,0.2476190476190476,70,191.02857142857144,70,0.0142857142857142,main_report,2750.014285714285,70,0.0,0.0142857142857142
0.1428571428571428,0.3142857142857143,0.3142857142857143,D_PORTRAIT,0.238095238095238,0.2685714285714285,aiops2025,exp_canvas_composition,49.2,70,2069.9857142857145,70,False,0.0,4820.0,70,qwen3.8-27b,0.219047619047619,70,184.4857142857143,70,0.0,main_report,2750.014285714285,70,0.0,0.0
0.1285714285714285,0.2571428571428571,0.2714285714285714,D_SCALE_075,0.1999999999999999,0.2285714285714285,aiops2025,exp_canvas_composition,49.2,70,1168.0285714285717,70,False,0.0,3918.042857142857,70,qwen3.8-27b,0.1892857142857142,70,189.47142857142856,70,0.0285714285714285,main_report,2750.014285714285,70,0.0,0.0285714285714285
0.1714285714285714,0.3285714285714285,0.3285714285714285,D_SCALE_125,0.2571428571428571,0.2857142857142857,aiops2025,exp_canvas_composition,49.2,70,3196.657142857143,70,False,0.0,5946.671428571429,70,qwen3.8-27b,0.2404761904761905,70,169.7,70,0.0,main_report,2750.014285714285,70,0.0,0.0
0.1857142857142857,0.3428571428571428,0.3428571428571428,D_SCALE_150,0.2619047619047618,0.2942857142857143,aiops2025,exp_canvas_composition,49.2,70,4691.4857142857145,70,False,0.0,7441.5,70,qwen3.8-27b,0.25,70,178.22857142857143,70,0.0,main_report,2750.014285714285,70,0.0,0.0
0.1428571428571428,0.3142857142857143,0.3142857142857143,D_TOPOLOGY_CENTER,0.238095238095238,0.2685714285714285,aiops2025,exp_canvas_composition,49.2,70,2065.6,70,False,0.0,4815.614285714286,70,qwen3.8-27b,0.219047619047619,70,178.0857142857143,70,0.0,main_report,2750.014285714285,70,0.0,0.0
0.1952380952380952,0.3761904761904762,0.3904761904761905,D0,0.2888888888888888,0.3295238095238095,pooled_descriptive,exp_canvas_composition,50.23333333333333,210,2086.133333333333,210,False,0.0,5133.809523809524,210,qwen3.8-27b,0.2757936507936507,210,185.8047619047619,210,0.0047619047619047,main_report,3047.67619047619,210,0.0,0.0047619047619047
0.219047619047619,0.4,0.4142857142857143,D_AIRY,0.3142857142857143,0.3533333333333333,pooled_descriptive,exp_canvas_composition,50.588235294117645,204,2088.1029411764707,204,False,0.0285714285714285,4995.542857142857,210,qwen3.8-27b,0.3001587301587301,210,179.4857142857143,210,0.0047619047619047,main_report,3054.3676470588234,204,0.0,0.0047619047619047
0.1952380952380952,0.3857142857142857,0.4,D_COMPACT,0.2968253968253968,0.3380952380952381,pooled_descriptive,exp_canvas_composition,50.23333333333333,210,2086.133333333333,210,False,0.0,5133.809523809524,210,qwen3.8-27b,0.2813492063492063,210,190.8190476190476,210,0.0047619047619047,main_report,3047.67619047619,210,0.0,0.0047619047619047
0.238095238095238,0.4095238095238095,0.4142857142857143,D_ENTITY,0.3301587301587302,0.3638095238095237,pooled_descriptive,exp_canvas_composition,50.23333333333333,210,2086.133333333333,210,False,0.0,5133.809523809524,210,qwen3.8-27b,0.3138888888888888,210,190.9333333333333,210,0.0142857142857142,main_report,3047.67619047619,210,0.0,0.0142857142857142
0.2142857142857142,0.4095238095238095,0.4238095238095238,D_LANDSCAPE,0.319047619047619,0.3609523809523809,pooled_descriptive,exp_canvas_composition,50.23333333333333,210,2091.109523809524,210,False,0.0,5138.785714285715,210,qwen3.8-27b,0.3027777777777778,210,192.61428571428573,210,0.0380952380952381,main_report,3047.67619047619,210,0.0,0.0380952380952381
0.2142857142857142,0.3523809523809524,0.3619047619047619,D_ONSET_ORDER,0.292063492063492,0.32,pooled_descriptive,exp_canvas_composition,50.23333333333333,210,2086.133333333333,210,False,0.0,5133.809523809524,210,qwen3.8-27b,0.2785714285714286,210,191.66666666666663,210,0.0095238095238095,main_report,3047.67619047619,210,0.0,0.0095238095238095
0.1666666666666666,0.3619047619047619,0.3714285714285714,D_PORTRAIT,0.273015873015873,0.3123809523809523,pooled_descriptive,exp_canvas_composition,50.23333333333333,210,2087.623809523809,210,False,0.0,5135.3,210,qwen3.8-27b,0.2547619047619047,210,191.63333333333333,210,0.0142857142857142,main_report,3047.67619047619,210,0.0,0.0142857142857142
0.1619047619047619,0.3619047619047619,0.3714285714285714,D_SCALE_075,0.2603174603174603,0.3047619047619047,pooled_descriptive,exp_canvas_composition,50.23333333333333,210,1179.304761904762,210,False,0.0,4226.980952380953,210,qwen3.8-27b,0.2468253968253968,210,187.26666666666668,210,0.0333333333333333,main_report,3047.67619047619,210,0.0,0.0333333333333333
0.238095238095238,0.3809523809523809,0.3952380952380952,D_SCALE_125,0.319047619047619,0.3495238095238094,pooled_descriptive,exp_canvas_composition,50.23333333333333,210,3229.480952380952,210,False,0.0,6277.157142857143,210,qwen3.8-27b,0.305952380952381,210,178.5095238095238,210,0.0047619047619047,main_report,3047.67619047619,210,0.0,0.0047619047619047
0.2238095238095238,0.4142857142857143,0.419047619047619,D_SCALE_150,0.3206349206349206,0.36,pooled_descriptive,exp_canvas_composition,50.23333333333333,210,4733.419047619048,210,False,0.0,7781.0952380952385,210,qwen3.8-27b,0.3051587301587301,210,181.7190476190476,210,0.0047619047619047,main_report,3047.67619047619,210,0.0,0.0047619047619047
0.1761904761904762,0.3285714285714285,0.3380952380952381,D_TOPOLOGY_CENTER,0.2619047619047619,0.2914285714285714,pooled_descriptive,exp_canvas_composition,50.23333333333333,210,2086.133333333333,210,False,0.0,5133.809523809524,210,qwen3.8-27b,0.2465873015873015,210,186.7952380952381,210,0.0095238095238095,main_report,3047.67619047619,210,0.0,0.0095238095238095
0.28,0.54,0.54,D0,0.41,0.4619999999999999,aegislab,exp_canvas_composition,52.08,100,2117.33,100,False,0.0,5441.52,100,qwen3.8-27b,0.3883333333333333,100,175.72,100,0.0,all,3324.19,100,0.0,0.0
0.33,0.55,0.56,D_AIRY,0.4466666666666666,0.492,aegislab,exp_canvas_composition,52.17171717171717,99,2117.909090909091,99,False,0.01,5387.64,100,qwen3.8-27b,0.4275,100,179.95,100,0.0,all,3324.151515151515,99,0.0,0.0
0.3,0.53,0.54,D_COMPACT,0.43,0.474,aegislab,exp_canvas_composition,52.08,100,2117.33,100,False,0.0,5441.52,100,qwen3.8-27b,0.4058333333333334,100,182.91,100,0.01,all,3324.19,100,0.0,0.01
0.27,0.48,0.48,D_ENTITY,0.3933333333333333,0.4279999999999999,aegislab,exp_canvas_composition,52.08,100,2117.33,100,False,0.0,5441.52,100,qwen3.8-27b,0.3666666666666667,100,192.68,100,0.0,all,3324.19,100,0.0,0.0
0.32,0.54,0.55,D_LANDSCAPE,0.4433333333333333,0.486,aegislab,exp_canvas_composition,52.08,100,2120.75,100,False,0.0,5444.94,100,qwen3.8-27b,0.4208333333333333,100,192.27,100,0.04,all,3324.19,100,0.0,0.04
0.31,0.52,0.54,D_ONSET_ORDER,0.4266666666666666,0.47,aegislab,exp_canvas_composition,52.08,100,2117.33,100,False,0.0,5441.52,100,qwen3.8-27b,0.4078333333333334,100,192.2,100,0.01,all,3324.19,100,0.0,0.01
0.22,0.46,0.48,D_PORTRAIT,0.3533333333333333,0.4039999999999999,aegislab,exp_canvas_composition,52.08,100,2119.15,100,False,0.0,5443.34,100,qwen3.8-27b,0.3316666666666665,100,192.91,100,0.01,all,3324.19,100,0.0,0.01
0.21,0.48,0.48,D_SCALE_075,0.3433333333333332,0.3979999999999999,aegislab,exp_canvas_composition,52.08,100,1197.1,100,False,0.0,4521.29,100,qwen3.8-27b,0.3216666666666666,100,186.22,100,0.03,all,3324.19,100,0.0,0.03
0.32,0.51,0.52,D_SCALE_125,0.4266666666666667,0.4639999999999999,aegislab,exp_canvas_composition,52.08,100,3283.8,100,False,0.0,6607.99,100,qwen3.8-27b,0.4075000000000001,100,177.96,100,0.0,all,3324.19,100,0.0,0.0
0.32,0.57,0.57,D_SCALE_150,0.4566666666666666,0.502,aegislab,exp_canvas_composition,52.08,100,4804.6,100,False,0.0,8128.79,100,qwen3.8-27b,0.43,100,174.27,100,0.01,all,3324.19,100,0.0,0.01
0.23,0.42,0.42,D_TOPOLOGY_CENTER,0.33,0.366,aegislab,exp_canvas_composition,52.08,100,2117.33,100,False,0.0,5441.52,100,qwen3.8-27b,0.3116666666666667,100,186.1,100,0.0,all,3324.19,100,0.0,0.0
0.12,0.23,0.26,D0,0.1833333333333333,0.212,aiops2022,exp_canvas_composition,49.37,100,2071.76,100,False,0.0,5140.89,100,qwen3.8-27b,0.177,100,189.17,100,0.01,all,3069.13,100,0.0,0.01
0.13,0.27,0.28,D_AIRY,0.2066666666666666,0.236,aiops2022,exp_canvas_composition,49.37,100,2071.76,100,False,0.0,5140.89,100,qwen3.8-27b,0.1941666666666666,100,192.82,100,0.01,all,3069.13,100,0.0,0.01
0.1,0.25,0.26,D_COMPACT,0.18,0.212,aiops2022,exp_canvas_composition,49.37,100,2071.76,100,False,0.0,5140.89,100,qwen3.8-27b,0.1675,100,197.87,100,0.03,all,3069.13,100,0.0,0.03
0.16,0.3,0.31,D_ENTITY,0.2333333333333333,0.264,aiops2022,exp_canvas_composition,49.37,100,2071.76,100,False,0.0,5140.89,100,qwen3.8-27b,0.2225,100,197.18,100,0.02,all,3069.13,100,0.0,0.02
0.13,0.31,0.31,D_LANDSCAPE,0.2266666666666666,0.26,aiops2022,exp_canvas_composition,49.37,100,2076.34,100,False,0.0,5145.47,100,qwen3.8-27b,0.2083333333333333,100,194.81,100,0.02,all,3069.13,100,0.0,0.02
0.11,0.22,0.25,D_ONSET_ORDER,0.1766666666666666,0.206,aiops2022,exp_canvas_composition,49.37,100,2071.76,100,False,0.0,5140.89,100,qwen3.8-27b,0.1691666666666666,100,195.13,100,0.02,all,3069.13,100,0.0,0.02
0.09,0.23,0.24,D_PORTRAIT,0.1666666666666666,0.196,aiops2022,exp_canvas_composition,49.37,100,2071.83,100,False,0.0,5140.96,100,qwen3.8-27b,0.1541666666666666,100,196.09,100,0.05,all,3069.13,100,0.0,0.05
0.12,0.27,0.29,D_SCALE_075,0.19,0.2299999999999999,aiops2022,exp_canvas_composition,49.37,100,1170.09,100,True,0.0,4239.22,100,qwen3.8-27b,0.185,100,187.7,100,0.06,all,3069.13,100,0.0,0.06
0.15,0.27,0.3,D_SCALE_125,0.22,0.252,aiops2022,exp_canvas_composition,49.37,100,3203.89,100,False,0.0,6273.02,100,qwen3.8-27b,0.2125,100,202.54,100,0.02,all,3069.13,100,0.0,0.02
0.11,0.27,0.28,D_SCALE_150,0.1866666666666666,0.2239999999999999,aiops2022,exp_canvas_composition,49.37,100,4700.26,100,False,0.0,7769.39,100,qwen3.8-27b,0.1775,100,186.59,100,0.01,all,3069.13,100,0.0,0.01
0.1,0.2,0.22,D_TOPOLOGY_CENTER,0.1599999999999999,0.182,aiops2022,exp_canvas_composition,49.37,100,2071.76,100,False,0.0,5140.89,100,qwen3.8-27b,0.1511666666666666,100,190.57,100,0.03,all,3069.13,100,0.0,0.03
0.17,0.31,0.32,D0,0.2433333333333333,0.2739999999999999,aiops2025,exp_canvas_composition,49.37,100,2068.33,100,False,0.0,4817.27,100,qwen3.8-27b,0.2325,100,188.54,100,0.0,all,2748.94,100,0.0,0.0
0.17,0.31,0.32,D_AIRY,0.2499999999999999,0.276,aiops2025,exp_canvas_composition,50.27956989247312,93,2072.6451612903224,93,False,0.07,4486.67,100,qwen3.8-27b,0.2353333333333333,100,170.43,100,0.0,all,2751.7311827956987,93,0.0,0.0
0.16,0.32,0.34,D_COMPACT,0.2466666666666666,0.284,aiops2025,exp_canvas_composition,49.37,100,2068.33,100,False,0.0,4817.27,100,qwen3.8-27b,0.235,100,188.31,100,0.0,all,2748.94,100,0.0,0.0
0.18,0.36,0.36,D_ENTITY,0.2766666666666666,0.31,aiops2025,exp_canvas_composition,49.37,100,2068.33,100,False,0.0,4817.27,100,qwen3.8-27b,0.2583333333333333,100,183.71,100,0.02,all,2748.94,100,0.0,0.02
0.17,0.35,0.37,D_LANDSCAPE,0.2666666666666666,0.308,aiops2025,exp_canvas_composition,49.37,100,2074.22,100,False,0.0,4823.16,100,qwen3.8-27b,0.2533333333333333,100,192.07,100,0.03,all,2748.94,100,0.0,0.03
0.21,0.34,0.34,D_ONSET_ORDER,0.2833333333333332,0.306,aiops2025,exp_canvas_composition,49.37,100,2068.33,100,False,0.0,4817.27,100,qwen3.8-27b,0.2683333333333333,100,190.43,100,0.01,all,2748.94,100,0.0,0.01
0.16,0.31,0.31,D_PORTRAIT,0.2466666666666666,0.272,aiops2025,exp_canvas_composition,49.37,100,2071.44,100,False,0.0,4820.38,100,qwen3.8-27b,0.2283333333333332,100,190.21,100,0.01,all,2748.94,100,0.0,0.01
0.15,0.31,0.32,D_SCALE_075,0.24,0.272,aiops2025,exp_canvas_composition,49.37,100,1168.61,100,False,0.0,3917.55,100,qwen3.8-27b,0.2241666666666666,100,191.35,100,0.03,all,2748.94,100,0.0,0.03
0.19,0.35,0.35,D_SCALE_125,0.2799999999999999,0.308,aiops2025,exp_canvas_composition,49.37,100,3200.84,100,False,0.0,5949.78,100,qwen3.8-27b,0.2616666666666666,100,174.89,100,0.0,all,2748.94,100,0.0,0.0
0.19,0.37,0.37,D_SCALE_150,0.2833333333333333,0.318,aiops2025,exp_canvas_composition,49.37,100,4696.56,100,False,0.0,7445.5,100,qwen3.8-27b,0.2666666666666666,100,181.94,100,0.0,all,2748.94,100,0.0,0.0
0.16,0.34,0.34,D_TOPOLOGY_CENTER,0.26,0.292,aiops2025,exp_canvas_composition,49.37,100,2068.33,100,False,0.0,4817.27,100,qwen3.8-27b,0.24,100,182.57,100,0.01,all,2748.94,100,0.0,0.01
0.3777777777777777,0.8,0.8111111111111111,D0,0.5962962962962963,0.6822222222222222,re2_ob,exp_canvas_composition,48.86666666666667,90,2109.0,90,False,0.0,4008.677777777778,90,qwen3.8-27b,0.5601851851851851,90,193.1888888888889,90,0.0,all,1899.6777777777777,90,0.0,0.0
0.3222222222222222,0.8111111111111111,0.8111111111111111,D_AIRY,0.5962962962962963,0.6822222222222222,re2_ob,exp_canvas_composition,48.86666666666667,90,2109.0,90,False,0.0,4008.677777777778,90,qwen3.8-27b,0.5407407407407407,90,188.83333333333331,90,0.0,all,1899.6777777777777,90,0.0,0.0
0.4,0.8,0.8,D_COMPACT,0.6222222222222222,0.6933333333333332,re2_ob,exp_canvas_composition,48.86666666666667,90,2109.0,90,False,0.0,4008.677777777778,90,qwen3.8-27b,0.5777777777777778,90,191.9333333333333,90,0.0,all,1899.6777777777777,90,0.0,0.0
0.4111111111111111,0.7555555555555555,0.7555555555555555,D_ENTITY,0.6000000000000001,0.6622222222222223,re2_ob,exp_canvas_composition,48.86666666666667,90,2109.0,90,False,0.0,4008.677777777778,90,qwen3.8-27b,0.562962962962963,90,187.6555555555556,90,0.0,all,1899.6777777777777,90,0.0,0.0
0.3,0.8,0.8111111111111111,D_LANDSCAPE,0.5814814814814815,0.6733333333333332,re2_ob,exp_canvas_composition,48.86666666666667,90,2122.0,90,False,0.0,4021.677777777778,90,qwen3.8-27b,0.5268518518518519,90,183.61111111111111,90,0.0,all,1899.6777777777777,90,0.0,0.0
0.4222222222222222,0.7444444444444445,0.7555555555555555,D_ONSET_ORDER,0.6074074074074073,0.6666666666666666,re2_ob,exp_canvas_composition,48.86666666666667,90,2109.0,90,False,0.0,4008.677777777778,90,qwen3.8-27b,0.5712962962962963,90,188.83333333333331,90,0.0111111111111111,all,1899.6777777777777,90,0.0,0.0111111111111111
0.3111111111111111,0.7333333333333333,0.7333333333333333,D_PORTRAIT,0.5333333333333332,0.6133333333333333,re2_ob,exp_canvas_composition,48.86666666666667,90,2130.0,90,False,0.0,4029.677777777778,90,qwen3.8-27b,0.4925925925925925,90,178.87777777777777,90,0.0,all,1899.6777777777777,90,0.0,0.0
0.3,0.7666666666666667,0.7666666666666667,D_SCALE_075,0.548148148148148,0.6355555555555555,re2_ob,exp_canvas_composition,48.86666666666667,90,1186.0,90,False,0.0,3085.677777777778,90,qwen3.8-27b,0.5018518518518518,90,180.44444444444449,90,0.0,all,1899.6777777777777,90,0.0,0.0
0.3666666666666666,0.8666666666666667,0.8666666666666667,D_SCALE_125,0.637037037037037,0.7288888888888887,re2_ob,exp_canvas_composition,48.86666666666667,90,3296.0,90,False,0.0,5195.677777777778,90,qwen3.8-27b,0.5851851851851851,90,179.1888888888889,90,0.0,all,1899.6777777777777,90,0.0,0.0
0.3777777777777777,0.8555555555555555,0.8555555555555555,D_SCALE_150,0.6481481481481481,0.7311111111111109,re2_ob,exp_canvas_composition,48.86666666666667,90,4812.0,90,False,0.0,6711.677777777778,90,qwen3.8-27b,0.5925925925925927,90,191.7111111111111,90,0.0,all,1899.6777777777777,90,0.0,0.0
0.3888888888888889,0.7444444444444445,0.7444444444444445,D_TOPOLOGY_CENTER,0.5814814814814815,0.6466666666666666,re2_ob,exp_canvas_composition,48.86666666666667,90,2109.0,90,False,0.0,4008.677777777778,90,qwen3.8-27b,0.5444444444444444,90,186.0,90,0.0,all,1899.6777777777777,90,0.0,0.0
0.3111111111111111,0.6777777777777778,0.6777777777777778,D0,0.5148148148148148,0.58,re2_tt,exp_canvas_composition,50.888888888888886,90,2106.822222222222,90,False,0.0,4690.311111111111,90,qwen3.8-27b,0.474074074074074,90,181.53333333333333,90,0.0,all,2583.488888888889,90,0.0,0.0
0.3222222222222222,0.6222222222222222,0.6222222222222222,D_AIRY,0.4962962962962963,0.5466666666666667,re2_tt,exp_canvas_composition,50.888888888888886,90,2106.822222222222,90,False,0.0,4690.311111111111,90,qwen3.8-27b,0.4592592592592592,90,185.3111111111111,90,0.0,all,2583.488888888889,90,0.0,0.0
0.3222222222222222,0.6333333333333333,0.6333333333333333,D_COMPACT,0.4925925925925925,0.5488888888888889,re2_tt,exp_canvas_composition,50.888888888888886,90,2106.822222222222,90,False,0.0,4690.311111111111,90,qwen3.8-27b,0.4592592592592593,90,180.4333333333333,90,0.0111111111111111,all,2583.488888888889,90,0.0,0.0111111111111111
0.2888888888888888,0.7777777777777778,0.7777777777777778,D_ENTITY,0.5740740740740741,0.6555555555555556,re2_tt,exp_canvas_composition,50.888888888888886,90,2106.822222222222,90,False,0.0,4690.311111111111,90,qwen3.8-27b,0.5129629629629631,90,190.54444444444445,90,0.0,all,2583.488888888889,90,0.0,0.0
0.3222222222222222,0.6444444444444445,0.6444444444444445,D_LANDSCAPE,0.5074074074074074,0.5622222222222222,re2_tt,exp_canvas_composition,50.888888888888886,90,2110.233333333333,90,False,0.0,4693.722222222223,90,qwen3.8-27b,0.4685185185185185,90,192.35555555555555,90,0.0111111111111111,all,2583.488888888889,90,0.0,0.0111111111111111
0.3666666666666666,0.7333333333333333,0.7333333333333333,D_ONSET_ORDER,0.5777777777777777,0.6399999999999999,re2_tt,exp_canvas_composition,50.888888888888886,90,2106.822222222222,90,False,0.0,4690.311111111111,90,qwen3.8-27b,0.5333333333333333,90,185.06666666666663,90,0.0,all,2583.488888888889,90,0.0,0.0
0.3888888888888889,0.6777777777777778,0.6777777777777778,D_PORTRAIT,0.5518518518518518,0.6022222222222222,re2_tt,exp_canvas_composition,50.888888888888886,90,2112.411111111111,90,False,0.0,4695.9,90,qwen3.8-27b,0.5185185185185186,90,179.4,90,0.0111111111111111,all,2583.488888888889,90,0.0,0.0111111111111111
0.2666666666666666,0.5444444444444444,0.5444444444444444,D_SCALE_075,0.4111111111111111,0.4644444444444444,re2_tt,exp_canvas_composition,50.888888888888886,90,1193.4,90,False,0.0,3776.8888888888887,90,qwen3.8-27b,0.3851851851851852,90,181.16666666666663,90,0.0,all,2583.488888888889,90,0.0,0.0
0.3888888888888889,0.7222222222222222,0.7222222222222222,D_SCALE_125,0.5814814814814814,0.6377777777777778,re2_tt,exp_canvas_composition,50.888888888888886,90,3262.788888888889,90,False,0.0,5846.277777777777,90,qwen3.8-27b,0.5407407407407407,90,183.74444444444444,90,0.0,all,2583.488888888889,90,0.0,0.0
0.4666666666666667,0.7777777777777778,0.7777777777777778,D_SCALE_150,0.6333333333333333,0.691111111111111,re2_tt,exp_canvas_composition,50.888888888888886,90,4780.755555555556,90,False,0.0,7364.2444444444445,90,qwen3.8-27b,0.6018518518518519,90,186.9333333333333,90,0.0,all,2583.488888888889,90,0.0,0.0
0.2888888888888888,0.7,0.7,D_TOPOLOGY_CENTER,0.5,0.58,re2_tt,exp_canvas_composition,50.888888888888886,90,2106.822222222222,90,False,0.0,4690.311111111111,90,qwen3.8-27b,0.462962962962963,90,189.2333333333333,90,0.0222222222222222,all,2583.488888888889,90,0.0,0.0222222222222222
0.2479166666666666,0.5020833333333333,0.5125,D0,0.3826388888888888,0.4341666666666666,pooled_descriptive,exp_canvas_composition,50.125,480,2094.0958333333333,480,False,0.0,4839.327083333334,480,qwen3.8-27b,0.3601388888888889,480,185.5583333333333,480,0.0020833333333333,all,2745.23125,480,0.0,0.0020833333333333
0.2520833333333333,0.5041666666666667,0.5104166666666666,D_AIRY,0.3930555555555555,0.4395833333333333,pooled_descriptive,exp_canvas_composition,50.33050847457627,472,2095.4004237288136,472,False,0.0166666666666666,4759.227083333333,480,qwen3.8-27b,0.3660416666666666,480,183.31875,480,0.0020833333333333,all,2744.491525423729,472,0.0,0.0020833333333333
0.2520833333333333,0.4979166666666667,0.50625,D_COMPACT,0.3875,0.4349999999999999,pooled_descriptive,exp_canvas_composition,50.125,480,2094.0958333333333,480,False,0.0,4839.327083333334,480,qwen3.8-27b,0.3628472222222222,480,188.37916666666663,480,0.0104166666666666,all,2745.23125,480,0.0,0.0104166666666666
0.2583333333333333,0.525,0.5270833333333333,D_ENTITY,0.4083333333333333,0.4558333333333333,pooled_descriptive,exp_canvas_composition,50.125,480,2094.0958333333333,480,False,0.0,4839.327083333334,480,qwen3.8-27b,0.378298611111111,480,190.40625,480,0.0083333333333333,all,2745.23125,480,0.0,0.0083333333333333
0.2458333333333333,0.5208333333333334,0.5291666666666667,D_LANDSCAPE,0.3993055555555555,0.45125,pooled_descriptive,exp_canvas_composition,50.125,480,2100.0666666666666,480,False,0.0,4845.297916666666,480,qwen3.8-27b,0.3704861111111111,480,191.15,480,0.0208333333333333,all,2745.23125,480,0.0,0.0208333333333333
0.2791666666666667,0.5020833333333333,0.5145833333333333,D_ONSET_ORDER,0.4069444444444444,0.4495833333333333,pooled_descriptive,exp_canvas_composition,50.125,480,2094.0958333333333,480,False,0.0,4839.327083333334,480,qwen3.8-27b,0.3832291666666666,480,190.47291666666663,480,0.0104166666666666,all,2745.23125,480,0.0,0.0104166666666666
0.2291666666666666,0.4729166666666666,0.4791666666666667,D_PORTRAIT,0.3631944444444444,0.4095833333333333,pooled_descriptive,exp_canvas_composition,50.125,480,2100.1229166666667,480,False,0.0,4845.354166666667,480,qwen3.8-27b,0.3383680555555555,480,187.84583333333333,480,0.0166666666666666,all,2745.23125,480,0.0,0.0166666666666666
0.20625,0.4666666666666667,0.4729166666666666,D_SCALE_075,0.3409722222222222,0.39375,pooled_descriptive,exp_canvas_composition,50.125,480,1182.7625,480,False,0.0,3927.99375,480,qwen3.8-27b,0.3185763888888889,480,185.56666666666663,480,0.025,all,2745.23125,480,0.0,0.025
0.2791666666666667,0.5333333333333333,0.5416666666666666,D_SCALE_125,0.4215277777777778,0.4695833333333333,pooled_descriptive,exp_canvas_composition,50.125,480,3248.2166666666667,480,False,0.0,5993.447916666667,480,qwen3.8-27b,0.3947916666666666,480,183.75625,480,0.0041666666666666,all,2745.23125,480,0.0,0.0041666666666666
0.2875,0.5583333333333333,0.5604166666666667,D_SCALE_150,0.4333333333333333,0.4841666666666666,pooled_descriptive,exp_canvas_composition,50.125,480,4757.270833333333,480,False,0.0,7502.502083333334,480,qwen3.8-27b,0.4060763888888889,480,184.07916666666668,480,0.0041666666666666,all,2745.23125,480,0.0,0.0041666666666666
0.2291666666666666,0.4708333333333333,0.475,D_TOPOLOGY_CENTER,0.3590277777777778,0.4049999999999999,pooled_descriptive,exp_canvas_composition,50.125,480,2094.0958333333333,480,False,0.0,4839.327083333334,480,qwen3.8-27b,0.3353124999999999,480,186.86458333333331,480,0.0125,all,2745.23125,480,0.0,0.0125
0.3666666666666666,0.3666666666666666,0.3666666666666666,D0,0.3666666666666666,0.3666666666666666,aegislab,exp_canvas_composition,52.266666666666666,30,1085.8666666666666,30,False,0.0,4477.566666666667,30,gemma-4-26b-a4b,0.3666666666666666,30,102.9,30,0.0,selection,3391.7,30,0.0,0.0
0.3666666666666666,0.3666666666666666,0.3666666666666666,D_AIRY,0.3666666666666666,0.3666666666666666,aegislab,exp_canvas_composition,52.266666666666666,30,1085.8666666666666,30,False,0.0,4477.566666666667,30,gemma-4-26b-a4b,0.3666666666666666,30,105.5,30,0.0,selection,3391.7,30,0.0,0.0
0.3666666666666666,0.3666666666666666,0.3666666666666666,D_COMPACT,0.3666666666666666,0.3666666666666666,aegislab,exp_canvas_composition,52.266666666666666,30,1085.8666666666666,30,False,0.0,4477.566666666667,30,gemma-4-26b-a4b,0.3666666666666666,30,101.9,30,0.0,selection,3391.7,30,0.0,0.0
0.3333333333333333,0.3333333333333333,0.3333333333333333,D_ENTITY,0.3333333333333333,0.3333333333333333,aegislab,exp_canvas_composition,52.266666666666666,30,1085.8666666666666,30,False,0.0,4477.566666666667,30,gemma-4-26b-a4b,0.3333333333333333,30,101.33333333333331,30,0.0,selection,3391.7,30,0.0,0.0
0.3333333333333333,0.3333333333333333,0.3333333333333333,D_LANDSCAPE,0.3333333333333333,0.3333333333333333,aegislab,exp_canvas_composition,52.266666666666666,30,1066.0,30,False,0.0,4457.7,30,gemma-4-26b-a4b,0.3333333333333333,30,108.1,30,0.0,selection,3391.7,30,0.0,0.0
0.3333333333333333,0.3333333333333333,0.3333333333333333,D_ONSET_ORDER,0.3333333333333333,0.3333333333333333,aegislab,exp_canvas_composition,52.266666666666666,30,1085.8666666666666,30,False,0.0,4477.566666666667,30,gemma-4-26b-a4b,0.3333333333333333,30,103.06666666666666,30,0.0,selection,3391.7,30,0.0,0.0
0.2,0.2,0.2,D_PORTRAIT,0.2,0.2,aegislab,exp_canvas_composition,52.266666666666666,30,1082.0,30,False,0.0,4473.7,30,gemma-4-26b-a4b,0.2,30,108.16666666666669,30,0.0,selection,3391.7,30,0.0,0.0
0.4333333333333333,0.4333333333333333,0.4333333333333333,D_SCALE_075,0.4333333333333333,0.4333333333333333,aegislab,exp_canvas_composition,52.266666666666666,30,1085.8666666666666,30,False,0.0,4477.566666666667,30,gemma-4-26b-a4b,0.4333333333333333,30,103.4,30,0.0,selection,3391.7,30,0.0,0.0
0.3666666666666666,0.3666666666666666,0.3666666666666666,D_SCALE_125,0.3666666666666666,0.3666666666666666,aegislab,exp_canvas_composition,52.266666666666666,30,1085.8666666666666,30,False,0.0,4477.566666666667,30,gemma-4-26b-a4b,0.3666666666666666,30,99.43333333333334,30,0.0,selection,3391.7,30,0.0,0.0
0.3333333333333333,0.3333333333333333,0.3333333333333333,D_SCALE_150,0.3333333333333333,0.3333333333333333,aegislab,exp_canvas_composition,52.266666666666666,30,1085.8666666666666,30,False,0.0,4477.566666666667,30,gemma-4-26b-a4b,0.3333333333333333,30,104.0,30,0.0,selection,3391.7,30,0.0,0.0
0.2333333333333333,0.2333333333333333,0.2333333333333333,D_TOPOLOGY_CENTER,0.2333333333333333,0.2333333333333333,aegislab,exp_canvas_composition,52.266666666666666,30,1085.8666666666666,30,False,0.0,4477.566666666667,30,gemma-4-26b-a4b,0.2333333333333333,30,108.66666666666669,30,0.0,selection,3391.7,30,0.0,0.0
0.1,0.1,0.1,D0,0.1,0.1,aiops2022,exp_canvas_composition,49.06666666666667,30,1083.8333333333333,30,False,0.0,4220.166666666667,30,gemma-4-26b-a4b,0.1,30,104.2,30,0.0,selection,3136.333333333333,30,0.0,0.0
0.1333333333333333,0.1333333333333333,0.1333333333333333,D_AIRY,0.1333333333333333,0.1333333333333333,aiops2022,exp_canvas_composition,49.06666666666667,30,1083.8333333333333,30,False,0.0,4220.166666666667,30,gemma-4-26b-a4b,0.1333333333333333,30,111.3,30,0.0,selection,3136.333333333333,30,0.0,0.0
0.1333333333333333,0.1333333333333333,0.1333333333333333,D_COMPACT,0.1333333333333333,0.1333333333333333,aiops2022,exp_canvas_composition,49.06666666666667,30,1083.8333333333333,30,False,0.0,4220.166666666667,30,gemma-4-26b-a4b,0.1333333333333333,30,101.06666666666666,30,0.0,selection,3136.333333333333,30,0.0,0.0
0.1,0.1,0.1,D_ENTITY,0.1,0.1,aiops2022,exp_canvas_composition,49.06666666666667,30,1083.8333333333333,30,False,0.0,4220.166666666667,30,gemma-4-26b-a4b,0.1,30,111.06666666666666,30,0.0,selection,3136.333333333333,30,0.0,0.0
0.0666666666666666,0.0666666666666666,0.0666666666666666,D_LANDSCAPE,0.0666666666666666,0.0666666666666666,aiops2022,exp_canvas_composition,49.06666666666667,30,1066.0,30,False,0.0,4202.333333333333,30,gemma-4-26b-a4b,0.0666666666666666,30,107.03333333333332,30,0.0,selection,3136.333333333333,30,0.0,0.0
0.1,0.1,0.1,D_ONSET_ORDER,0.1,0.1,aiops2022,exp_canvas_composition,49.06666666666667,30,1083.8333333333333,30,False,0.0,4220.166666666667,30,gemma-4-26b-a4b,0.1,30,106.63333333333334,30,0.0,selection,3136.333333333333,30,0.0,0.0
0.1,0.1,0.1,D_PORTRAIT,0.1,0.1,aiops2022,exp_canvas_composition,49.06666666666667,30,1082.0,30,False,0.0,4218.333333333333,30,gemma-4-26b-a4b,0.1,30,110.2,30,0.0,selection,3136.333333333333,30,0.0,0.0
0.1,0.1,0.1,D_SCALE_075,0.1,0.1,aiops2022,exp_canvas_composition,49.06666666666667,30,1083.8333333333333,30,False,0.0,4220.166666666667,30,gemma-4-26b-a4b,0.1,30,107.26666666666668,30,0.0,selection,3136.333333333333,30,0.0,0.0
0.1333333333333333,0.1333333333333333,0.1333333333333333,D_SCALE_125,0.1333333333333333,0.1333333333333333,aiops2022,exp_canvas_composition,49.06666666666667,30,1083.8333333333333,30,False,0.0,4220.166666666667,30,gemma-4-26b-a4b,0.1333333333333333,30,100.9,30,0.0,selection,3136.333333333333,30,0.0,0.0
0.1,0.1,0.1,D_SCALE_150,0.1,0.1,aiops2022,exp_canvas_composition,49.06666666666667,30,1083.8333333333333,30,False,0.0,4220.166666666667,30,gemma-4-26b-a4b,0.1,30,104.46666666666668,30,0.0,selection,3136.333333333333,30,0.0,0.0
0.0,0.0,0.0,D_TOPOLOGY_CENTER,0.0,0.0,aiops2022,exp_canvas_composition,49.06666666666667,30,1083.8333333333333,30,False,0.0,4220.166666666667,30,gemma-4-26b-a4b,0.0,30,107.5,30,0.0,selection,3136.333333333333,30,0.0,0.0
0.2333333333333333,0.2333333333333333,0.2333333333333333,D0,0.2333333333333333,0.2333333333333333,aiops2025,exp_canvas_composition,49.766666666666666,30,1084.5,30,False,0.0,3897.933333333333,30,gemma-4-26b-a4b,0.2333333333333333,30,106.26666666666668,30,0.0,selection,2813.4333333333334,30,0.0,0.0
0.2666666666666666,0.2666666666666666,0.2666666666666666,D_AIRY,0.2666666666666666,0.2666666666666666,aiops2025,exp_canvas_composition,50.642857142857146,28,1084.678571428571,28,False,0.0666666666666666,3641.6666666666665,30,gemma-4-26b-a4b,0.2666666666666666,30,91.83333333333331,30,0.0,selection,2817.1071428571427,28,0.0,0.0
0.2333333333333333,0.2333333333333333,0.2333333333333333,D_COMPACT,0.2333333333333333,0.2333333333333333,aiops2025,exp_canvas_composition,49.766666666666666,30,1084.5,30,False,0.0,3897.933333333333,30,gemma-4-26b-a4b,0.2333333333333333,30,102.76666666666668,30,0.0,selection,2813.4333333333334,30,0.0,0.0
0.2666666666666666,0.2666666666666666,0.2666666666666666,D_ENTITY,0.2666666666666666,0.2666666666666666,aiops2025,exp_canvas_composition,49.766666666666666,30,1084.5,30,False,0.0,3897.933333333333,30,gemma-4-26b-a4b,0.2666666666666666,30,101.83333333333331,30,0.0,selection,2813.4333333333334,30,0.0,0.0
0.2,0.2,0.2,D_LANDSCAPE,0.2,0.2,aiops2025,exp_canvas_composition,49.766666666666666,30,1066.0,30,False,0.0,3879.433333333333,30,gemma-4-26b-a4b,0.2,30,101.73333333333332,30,0.0,selection,2813.4333333333334,30,0.0,0.0
0.2,0.2,0.2,D_ONSET_ORDER,0.2,0.2,aiops2025,exp_canvas_composition,49.766666666666666,30,1084.5,30,False,0.0,3897.933333333333,30,gemma-4-26b-a4b,0.2,30,107.06666666666666,30,0.0,selection,2813.4333333333334,30,0.0,0.0
0.1333333333333333,0.1333333333333333,0.1333333333333333,D_PORTRAIT,0.1333333333333333,0.1333333333333333,aiops2025,exp_canvas_composition,49.766666666666666,30,1082.0,30,False,0.0,3895.433333333333,30,gemma-4-26b-a4b,0.1333333333333333,30,103.13333333333334,30,0.0333333333333333,selection,2813.4333333333334,30,0.0,0.0333333333333333
0.2,0.2,0.2,D_SCALE_075,0.2,0.2,aiops2025,exp_canvas_composition,49.766666666666666,30,1084.5,30,False,0.0,3897.933333333333,30,gemma-4-26b-a4b,0.2,30,104.96666666666668,30,0.0,selection,2813.4333333333334,30,0.0,0.0
0.2333333333333333,0.2333333333333333,0.2333333333333333,D_SCALE_125,0.2333333333333333,0.2333333333333333,aiops2025,exp_canvas_composition,49.766666666666666,30,1084.5,30,False,0.0,3897.933333333333,30,gemma-4-26b-a4b,0.2333333333333333,30,100.23333333333332,30,0.0,selection,2813.4333333333334,30,0.0,0.0
0.3333333333333333,0.3333333333333333,0.3333333333333333,D_SCALE_150,0.3333333333333333,0.3333333333333333,aiops2025,exp_canvas_composition,49.766666666666666,30,1084.5,30,False,0.0,3897.933333333333,30,gemma-4-26b-a4b,0.3333333333333333,30,104.5,30,0.0,selection,2813.4333333333334,30,0.0,0.0
0.1666666666666666,0.1666666666666666,0.1666666666666666,D_TOPOLOGY_CENTER,0.1666666666666666,0.1666666666666666,aiops2025,exp_canvas_composition,49.766666666666666,30,1084.5,30,False,0.0,3897.933333333333,30,gemma-4-26b-a4b,0.1666666666666666,30,100.76666666666668,30,0.0,selection,2813.4333333333334,30,0.0,0.0
0.2333333333333333,0.2333333333333333,0.2333333333333333,D0,0.2333333333333333,0.2333333333333333,pooled_descriptive,exp_canvas_composition,50.36666666666667,90,1084.7333333333331,90,False,0.0,4198.555555555556,90,gemma-4-26b-a4b,0.2333333333333333,90,104.45555555555556,90,0.0,selection,3113.822222222222,90,0.0,0.0
0.2555555555555555,0.2555555555555555,0.2555555555555555,D_AIRY,0.2555555555555555,0.2555555555555555,pooled_descriptive,exp_canvas_composition,50.65909090909091,88,1084.7954545454545,88,False,0.0222222222222222,4113.133333333333,90,gemma-4-26b-a4b,0.2555555555555555,90,102.87777777777778,90,0.0,selection,3121.818181818182,88,0.0,0.0
0.2444444444444444,0.2444444444444444,0.2444444444444444,D_COMPACT,0.2444444444444444,0.2444444444444444,pooled_descriptive,exp_canvas_composition,50.36666666666667,90,1084.7333333333331,90,False,0.0,4198.555555555556,90,gemma-4-26b-a4b,0.2444444444444444,90,101.91111111111113,90,0.0,selection,3113.822222222222,90,0.0,0.0
0.2333333333333333,0.2333333333333333,0.2333333333333333,D_ENTITY,0.2333333333333333,0.2333333333333333,pooled_descriptive,exp_canvas_composition,50.36666666666667,90,1084.7333333333331,90,False,0.0,4198.555555555556,90,gemma-4-26b-a4b,0.2333333333333333,90,104.74444444444444,90,0.0,selection,3113.822222222222,90,0.0,0.0
0.2,0.2,0.2,D_LANDSCAPE,0.2,0.2,pooled_descriptive,exp_canvas_composition,50.36666666666667,90,1066.0,90,False,0.0,4179.822222222222,90,gemma-4-26b-a4b,0.2,90,105.62222222222222,90,0.0,selection,3113.822222222222,90,0.0,0.0
0.2111111111111111,0.2111111111111111,0.2111111111111111,D_ONSET_ORDER,0.2111111111111111,0.2111111111111111,pooled_descriptive,exp_canvas_composition,50.36666666666667,90,1084.7333333333331,90,False,0.0,4198.555555555556,90,gemma-4-26b-a4b,0.2111111111111111,90,105.58888888888887,90,0.0,selection,3113.822222222222,90,0.0,0.0
0.1444444444444444,0.1444444444444444,0.1444444444444444,D_PORTRAIT,0.1444444444444444,0.1444444444444444,pooled_descriptive,exp_canvas_composition,50.36666666666667,90,1082.0,90,False,0.0,4195.822222222222,90,gemma-4-26b-a4b,0.1444444444444444,90,107.16666666666669,90,0.0111111111111111,selection,3113.822222222222,90,0.0,0.0111111111111111
0.2444444444444444,0.2444444444444444,0.2444444444444444,D_SCALE_075,0.2444444444444444,0.2444444444444444,pooled_descriptive,exp_canvas_composition,50.36666666666667,90,1084.7333333333331,90,False,0.0,4198.555555555556,90,gemma-4-26b-a4b,0.2444444444444444,90,105.21111111111112,90,0.0,selection,3113.822222222222,90,0.0,0.0
0.2444444444444444,0.2444444444444444,0.2444444444444444,D_SCALE_125,0.2444444444444444,0.2444444444444444,pooled_descriptive,exp_canvas_composition,50.36666666666667,90,1084.7333333333331,90,False,0.0,4198.555555555556,90,gemma-4-26b-a4b,0.2444444444444444,90,100.18888888888888,90,0.0,selection,3113.822222222222,90,0.0,0.0
0.2555555555555555,0.2555555555555555,0.2555555555555555,D_SCALE_150,0.2555555555555555,0.2555555555555555,pooled_descriptive,exp_canvas_composition,50.36666666666667,90,1084.7333333333331,90,False,0.0,4198.555555555556,90,gemma-4-26b-a4b,0.2555555555555555,90,104.32222222222222,90,0.0,selection,3113.822222222222,90,0.0,0.0
0.1333333333333333,0.1333333333333333,0.1333333333333333,D_TOPOLOGY_CENTER,0.1333333333333333,0.1333333333333333,pooled_descriptive,exp_canvas_composition,50.36666666666667,90,1084.7333333333331,90,False,0.0,4198.555555555556,90,gemma-4-26b-a4b,0.1333333333333333,90,105.64444444444445,90,0.0,selection,3113.822222222222,90,0.0,0.0
0.4857142857142857,0.4857142857142857,0.4857142857142857,D0,0.4857142857142857,0.4857142857142857,aegislab,exp_canvas_composition,52.0,70,1085.8285714285714,70,False,0.0,4476.8,70,gemma-4-26b-a4b,0.4857142857142857,70,102.9,70,0.0,main_report,3390.9714285714285,70,0.0,0.0
0.3571428571428571,0.3571428571428571,0.3571428571428571,D_AIRY,0.3571428571428571,0.3571428571428571,aegislab,exp_canvas_composition,52.130434782608695,69,1085.8840579710145,69,False,0.0142857142857142,4412.842857142857,70,gemma-4-26b-a4b,0.3571428571428571,70,102.77142857142856,70,0.0,main_report,3390.913043478261,69,0.0,0.0
0.4142857142857143,0.4142857142857143,0.4142857142857143,D_COMPACT,0.4142857142857143,0.4142857142857143,aegislab,exp_canvas_composition,52.0,70,1085.8285714285714,70,False,0.0,4476.8,70,gemma-4-26b-a4b,0.4142857142857143,70,102.71428571428572,70,0.0,main_report,3390.9714285714285,70,0.0,0.0
0.4142857142857143,0.4142857142857143,0.4142857142857143,D_ENTITY,0.4142857142857143,0.4142857142857143,aegislab,exp_canvas_composition,52.0,70,1085.8285714285714,70,False,0.0,4476.8,70,gemma-4-26b-a4b,0.4142857142857143,70,104.32857142857142,70,0.0,main_report,3390.9714285714285,70,0.0,0.0
0.4142857142857143,0.4142857142857143,0.4142857142857143,D_LANDSCAPE,0.4142857142857143,0.4142857142857143,aegislab,exp_canvas_composition,52.0,70,1066.0,70,False,0.0,4456.971428571429,70,gemma-4-26b-a4b,0.4142857142857143,70,106.61428571428571,70,0.0,main_report,3390.9714285714285,70,0.0,0.0
0.3714285714285714,0.3714285714285714,0.3714285714285714,D_ONSET_ORDER,0.3714285714285714,0.3714285714285714,aegislab,exp_canvas_composition,52.0,70,1085.8285714285714,70,False,0.0,4476.8,70,gemma-4-26b-a4b,0.3714285714285714,70,104.88571428571429,70,0.0,main_report,3390.9714285714285,70,0.0,0.0
0.2428571428571428,0.2428571428571428,0.2428571428571428,D_PORTRAIT,0.2428571428571428,0.2428571428571428,aegislab,exp_canvas_composition,52.0,70,1082.0,70,False,0.0,4472.971428571429,70,gemma-4-26b-a4b,0.2428571428571428,70,109.74285714285716,70,0.0,main_report,3390.9714285714285,70,0.0,0.0
0.4857142857142857,0.4857142857142857,0.4857142857142857,D_SCALE_075,0.4857142857142857,0.4857142857142857,aegislab,exp_canvas_composition,52.0,70,1085.8285714285714,70,False,0.0,4476.8,70,gemma-4-26b-a4b,0.4857142857142857,70,106.04285714285714,70,0.0,main_report,3390.9714285714285,70,0.0,0.0
0.4571428571428571,0.4571428571428571,0.4571428571428571,D_SCALE_125,0.4571428571428571,0.4571428571428571,aegislab,exp_canvas_composition,52.0,70,1085.8285714285714,70,False,0.0,4476.8,70,gemma-4-26b-a4b,0.4571428571428571,70,104.8,70,0.0,main_report,3390.9714285714285,70,0.0,0.0
0.4857142857142857,0.4857142857142857,0.4857142857142857,D_SCALE_150,0.4857142857142857,0.4857142857142857,aegislab,exp_canvas_composition,52.0,70,1085.8285714285714,70,False,0.0,4476.8,70,gemma-4-26b-a4b,0.4857142857142857,70,104.27142857142856,70,0.0,main_report,3390.9714285714285,70,0.0,0.0
0.3,0.3,0.3,D_TOPOLOGY_CENTER,0.3,0.3,aegislab,exp_canvas_composition,52.0,70,1085.8285714285714,70,False,0.0,4476.8,70,gemma-4-26b-a4b,0.3,70,110.38571428571429,70,0.0,main_report,3390.9714285714285,70,0.0,0.0
0.2142857142857142,0.2142857142857142,0.2142857142857142,D0,0.2142857142857142,0.2142857142857142,aiops2022,exp_canvas_composition,49.5,70,1084.4714285714283,70,False,0.0,4220.5142857142855,70,gemma-4-26b-a4b,0.2142857142857142,70,99.61428571428571,70,0.0,main_report,3136.042857142857,70,0.0,0.0
0.1714285714285714,0.1714285714285714,0.1714285714285714,D_AIRY,0.1714285714285714,0.1714285714285714,aiops2022,exp_canvas_composition,49.5,70,1084.4714285714283,70,False,0.0,4220.5142857142855,70,gemma-4-26b-a4b,0.1714285714285714,70,104.78571428571428,70,0.0,main_report,3136.042857142857,70,0.0,0.0
0.2571428571428571,0.2571428571428571,0.2571428571428571,D_COMPACT,0.2571428571428571,0.2571428571428571,aiops2022,exp_canvas_composition,49.5,70,1084.4714285714283,70,False,0.0,4220.5142857142855,70,gemma-4-26b-a4b,0.2571428571428571,70,98.77142857142856,70,0.0,main_report,3136.042857142857,70,0.0,0.0
0.1857142857142857,0.1857142857142857,0.1857142857142857,D_ENTITY,0.1857142857142857,0.1857142857142857,aiops2022,exp_canvas_composition,49.5,70,1084.4714285714283,70,False,0.0,4220.5142857142855,70,gemma-4-26b-a4b,0.1857142857142857,70,104.25714285714284,70,0.0,main_report,3136.042857142857,70,0.0,0.0
0.2714285714285714,0.2857142857142857,0.2857142857142857,D_LANDSCAPE,0.2809523809523809,0.2828571428571428,aiops2022,exp_canvas_composition,49.5,70,1066.0,70,False,0.0,4202.042857142857,70,gemma-4-26b-a4b,0.2785714285714286,70,105.22857142857144,70,0.0142857142857142,main_report,3136.042857142857,70,0.0,0.0142857142857142
0.1857142857142857,0.1857142857142857,0.1857142857142857,D_ONSET_ORDER,0.1857142857142857,0.1857142857142857,aiops2022,exp_canvas_composition,49.5,70,1084.4714285714283,70,False,0.0,4220.5142857142855,70,gemma-4-26b-a4b,0.1857142857142857,70,102.32857142857142,70,0.0,main_report,3136.042857142857,70,0.0,0.0
0.2,0.2142857142857142,0.2142857142857142,D_PORTRAIT,0.2047619047619047,0.2085714285714285,aiops2022,exp_canvas_composition,49.5,70,1082.0,70,False,0.0,4218.042857142857,70,gemma-4-26b-a4b,0.2047619047619047,70,105.42857142857144,70,0.0,main_report,3136.042857142857,70,0.0,0.0
0.2,0.2,0.2,D_SCALE_075,0.2,0.2,aiops2022,exp_canvas_composition,49.5,70,1084.4714285714283,70,False,0.0,4220.5142857142855,70,gemma-4-26b-a4b,0.2,70,104.11428571428571,70,0.0,main_report,3136.042857142857,70,0.0,0.0
0.2571428571428571,0.2571428571428571,0.2571428571428571,D_SCALE_125,0.2571428571428571,0.2571428571428571,aiops2022,exp_canvas_composition,49.5,70,1084.4714285714283,70,False,0.0,4220.5142857142855,70,gemma-4-26b-a4b,0.2571428571428571,70,103.44285714285714,70,0.0,main_report,3136.042857142857,70,0.0,0.0
0.2,0.2142857142857142,0.2142857142857142,D_SCALE_150,0.2047619047619047,0.2085714285714285,aiops2022,exp_canvas_composition,49.5,70,1084.4714285714283,70,False,0.0,4220.5142857142855,70,gemma-4-26b-a4b,0.2047619047619047,70,105.58571428571427,70,0.0,main_report,3136.042857142857,70,0.0,0.0
0.1428571428571428,0.1428571428571428,0.1428571428571428,D_TOPOLOGY_CENTER,0.1428571428571428,0.1428571428571428,aiops2022,exp_canvas_composition,49.5,70,1084.4714285714283,70,False,0.0,4220.5142857142855,70,gemma-4-26b-a4b,0.1428571428571428,70,110.82857142857142,70,0.0,main_report,3136.042857142857,70,0.0,0.0
0.1285714285714285,0.1285714285714285,0.1285714285714285,D0,0.1285714285714285,0.1285714285714285,aiops2025,exp_canvas_composition,49.2,70,1084.1142857142856,70,False,0.0,3901.1285714285714,70,gemma-4-26b-a4b,0.1285714285714285,70,101.45714285714286,70,0.0,main_report,2817.014285714285,70,0.0,0.0
0.1285714285714285,0.1285714285714285,0.1285714285714285,D_AIRY,0.1285714285714285,0.1285714285714285,aiops2025,exp_canvas_composition,50.12307692307692,65,1084.2769230769231,65,False,0.0714285714285714,3624.8714285714286,70,gemma-4-26b-a4b,0.1285714285714285,70,92.15714285714286,70,0.0,main_report,2819.4307692307693,65,0.0,0.0
0.1285714285714285,0.1285714285714285,0.1285714285714285,D_COMPACT,0.1285714285714285,0.1285714285714285,aiops2025,exp_canvas_composition,49.2,70,1084.1142857142856,70,False,0.0,3901.1285714285714,70,gemma-4-26b-a4b,0.1285714285714285,70,102.64285714285714,70,0.0,main_report,2817.014285714285,70,0.0,0.0
0.1428571428571428,0.1428571428571428,0.1428571428571428,D_ENTITY,0.1428571428571428,0.1428571428571428,aiops2025,exp_canvas_composition,49.2,70,1084.1142857142856,70,False,0.0,3901.1285714285714,70,gemma-4-26b-a4b,0.1428571428571428,70,99.05714285714286,70,0.0,main_report,2817.014285714285,70,0.0,0.0
0.1571428571428571,0.1571428571428571,0.1571428571428571,D_LANDSCAPE,0.1571428571428571,0.1571428571428571,aiops2025,exp_canvas_composition,49.2,70,1066.0,70,False,0.0,3883.0142857142855,70,gemma-4-26b-a4b,0.1571428571428571,70,95.45714285714286,70,0.0,main_report,2817.014285714285,70,0.0,0.0
0.1428571428571428,0.1428571428571428,0.1428571428571428,D_ONSET_ORDER,0.1428571428571428,0.1428571428571428,aiops2025,exp_canvas_composition,49.2,70,1084.1142857142856,70,False,0.0,3901.1285714285714,70,gemma-4-26b-a4b,0.1428571428571428,70,101.22857142857144,70,0.0,main_report,2817.014285714285,70,0.0,0.0
0.2,0.2,0.2,D_PORTRAIT,0.2,0.2,aiops2025,exp_canvas_composition,49.2,70,1082.0,70,False,0.0,3899.0142857142855,70,gemma-4-26b-a4b,0.2,70,100.28571428571428,70,0.0142857142857142,main_report,2817.014285714285,70,0.0,0.0142857142857142
0.1428571428571428,0.1428571428571428,0.1428571428571428,D_SCALE_075,0.1428571428571428,0.1428571428571428,aiops2025,exp_canvas_composition,49.2,70,1084.1142857142856,70,False,0.0,3901.1285714285714,70,gemma-4-26b-a4b,0.1428571428571428,70,99.14285714285714,70,0.0,main_report,2817.014285714285,70,0.0,0.0
0.1285714285714285,0.1285714285714285,0.1285714285714285,D_SCALE_125,0.1285714285714285,0.1285714285714285,aiops2025,exp_canvas_composition,49.2,70,1084.1142857142856,70,False,0.0,3901.1285714285714,70,gemma-4-26b-a4b,0.1285714285714285,70,101.02857142857142,70,0.0,main_report,2817.014285714285,70,0.0,0.0
0.1285714285714285,0.1285714285714285,0.1285714285714285,D_SCALE_150,0.1285714285714285,0.1285714285714285,aiops2025,exp_canvas_composition,49.2,70,1084.1142857142856,70,False,0.0,3901.1285714285714,70,gemma-4-26b-a4b,0.1285714285714285,70,103.24285714285716,70,0.0,main_report,2817.014285714285,70,0.0,0.0
0.1571428571428571,0.1571428571428571,0.1571428571428571,D_TOPOLOGY_CENTER,0.1571428571428571,0.1571428571428571,aiops2025,exp_canvas_composition,49.2,70,1084.1142857142856,70,False,0.0,3901.1285714285714,70,gemma-4-26b-a4b,0.1571428571428571,70,100.77142857142856,70,0.0,main_report,2817.014285714285,70,0.0,0.0
0.2761904761904762,0.2761904761904762,0.2761904761904762,D0,0.2761904761904762,0.2761904761904762,pooled_descriptive,exp_canvas_composition,50.23333333333333,210,1084.804761904762,210,False,0.0,4199.480952380953,210,gemma-4-26b-a4b,0.2761904761904762,210,101.32380952380952,210,0.0,main_report,3114.67619047619,210,0.0,0.0
0.219047619047619,0.219047619047619,0.219047619047619,D_AIRY,0.219047619047619,0.219047619047619,pooled_descriptive,exp_canvas_composition,50.588235294117645,204,1084.887254901961,204,False,0.0285714285714285,4086.0761904761903,210,gemma-4-26b-a4b,0.219047619047619,210,99.9047619047619,210,0.0,main_report,3121.3676470588234,204,0.0,0.0
0.2666666666666666,0.2666666666666666,0.2666666666666666,D_COMPACT,0.2666666666666666,0.2666666666666666,pooled_descriptive,exp_canvas_composition,50.23333333333333,210,1084.804761904762,210,False,0.0,4199.480952380953,210,gemma-4-26b-a4b,0.2666666666666666,210,101.37619047619047,210,0.0,main_report,3114.67619047619,210,0.0,0.0
0.2476190476190476,0.2476190476190476,0.2476190476190476,D_ENTITY,0.2476190476190476,0.2476190476190476,pooled_descriptive,exp_canvas_composition,50.23333333333333,210,1084.804761904762,210,False,0.0,4199.480952380953,210,gemma-4-26b-a4b,0.2476190476190476,210,102.54761904761904,210,0.0,main_report,3114.67619047619,210,0.0,0.0
0.2809523809523809,0.2857142857142857,0.2857142857142857,D_LANDSCAPE,0.2841269841269841,0.2847619047619047,pooled_descriptive,exp_canvas_composition,50.23333333333333,210,1066.0,210,False,0.0,4180.676190476191,210,gemma-4-26b-a4b,0.2833333333333333,210,102.43333333333334,210,0.0047619047619047,main_report,3114.67619047619,210,0.0,0.0047619047619047
0.2333333333333333,0.2333333333333333,0.2333333333333333,D_ONSET_ORDER,0.2333333333333333,0.2333333333333333,pooled_descriptive,exp_canvas_composition,50.23333333333333,210,1084.804761904762,210,False,0.0,4199.480952380953,210,gemma-4-26b-a4b,0.2333333333333333,210,102.81428571428572,210,0.0,main_report,3114.67619047619,210,0.0,0.0
0.2142857142857142,0.219047619047619,0.219047619047619,D_PORTRAIT,0.2158730158730158,0.2171428571428571,pooled_descriptive,exp_canvas_composition,50.23333333333333,210,1082.0,210,False,0.0,4196.676190476191,210,gemma-4-26b-a4b,0.2158730158730158,210,105.15238095238097,210,0.0047619047619047,main_report,3114.67619047619,210,0.0,0.0047619047619047
0.2761904761904762,0.2761904761904762,0.2761904761904762,D_SCALE_075,0.2761904761904762,0.2761904761904762,pooled_descriptive,exp_canvas_composition,50.23333333333333,210,1084.804761904762,210,False,0.0,4199.480952380953,210,gemma-4-26b-a4b,0.2761904761904762,210,103.1,210,0.0,main_report,3114.67619047619,210,0.0,0.0
0.2809523809523809,0.2809523809523809,0.2809523809523809,D_SCALE_125,0.2809523809523809,0.2809523809523809,pooled_descriptive,exp_canvas_composition,50.23333333333333,210,1084.804761904762,210,False,0.0,4199.480952380953,210,gemma-4-26b-a4b,0.2809523809523809,210,103.0904761904762,210,0.0,main_report,3114.67619047619,210,0.0,0.0
0.2714285714285714,0.2761904761904762,0.2761904761904762,D_SCALE_150,0.273015873015873,0.2742857142857143,pooled_descriptive,exp_canvas_composition,50.23333333333333,210,1084.804761904762,210,False,0.0,4199.480952380953,210,gemma-4-26b-a4b,0.273015873015873,210,104.36666666666666,210,0.0,main_report,3114.67619047619,210,0.0,0.0
0.2,0.2,0.2,D_TOPOLOGY_CENTER,0.2,0.2,pooled_descriptive,exp_canvas_composition,50.23333333333333,210,1084.804761904762,210,False,0.0,4199.480952380953,210,gemma-4-26b-a4b,0.2,210,107.32857142857142,210,0.0,main_report,3114.67619047619,210,0.0,0.0
0.45,0.45,0.45,D0,0.45,0.45,aegislab,exp_canvas_composition,52.08,100,1085.84,100,False,0.0,4477.03,100,gemma-4-26b-a4b,0.45,100,102.9,100,0.0,all,3391.19,100,0.0,0.0
0.36,0.36,0.36,D_AIRY,0.36,0.36,aegislab,exp_canvas_composition,52.17171717171717,99,1085.878787878788,99,False,0.01,4432.26,100,gemma-4-26b-a4b,0.36,100,103.59,100,0.0,all,3391.151515151515,99,0.0,0.0
0.4,0.4,0.4,D_COMPACT,0.4,0.4,aegislab,exp_canvas_composition,52.08,100,1085.84,100,False,0.0,4477.03,100,gemma-4-26b-a4b,0.4,100,102.47,100,0.0,all,3391.19,100,0.0,0.0
0.39,0.39,0.39,D_ENTITY,0.39,0.39,aegislab,exp_canvas_composition,52.08,100,1085.84,100,False,0.0,4477.03,100,gemma-4-26b-a4b,0.39,100,103.43,100,0.0,all,3391.19,100,0.0,0.0
0.39,0.39,0.39,D_LANDSCAPE,0.39,0.39,aegislab,exp_canvas_composition,52.08,100,1066.0,100,False,0.0,4457.19,100,gemma-4-26b-a4b,0.39,100,107.06,100,0.0,all,3391.19,100,0.0,0.0
0.36,0.36,0.36,D_ONSET_ORDER,0.36,0.36,aegislab,exp_canvas_composition,52.08,100,1085.84,100,False,0.0,4477.03,100,gemma-4-26b-a4b,0.36,100,104.34,100,0.0,all,3391.19,100,0.0,0.0
0.23,0.23,0.23,D_PORTRAIT,0.23,0.23,aegislab,exp_canvas_composition,52.08,100,1082.0,100,False,0.0,4473.19,100,gemma-4-26b-a4b,0.23,100,109.27,100,0.0,all,3391.19,100,0.0,0.0
0.47,0.47,0.47,D_SCALE_075,0.47,0.47,aegislab,exp_canvas_composition,52.08,100,1085.84,100,False,0.0,4477.03,100,gemma-4-26b-a4b,0.47,100,105.25,100,0.0,all,3391.19,100,0.0,0.0
0.43,0.43,0.43,D_SCALE_125,0.43,0.43,aegislab,exp_canvas_composition,52.08,100,1085.84,100,False,0.0,4477.03,100,gemma-4-26b-a4b,0.43,100,103.19,100,0.0,all,3391.19,100,0.0,0.0
0.44,0.44,0.44,D_SCALE_150,0.44,0.44,aegislab,exp_canvas_composition,52.08,100,1085.84,100,False,0.0,4477.03,100,gemma-4-26b-a4b,0.44,100,104.19,100,0.0,all,3391.19,100,0.0,0.0
0.28,0.28,0.28,D_TOPOLOGY_CENTER,0.28,0.28,aegislab,exp_canvas_composition,52.08,100,1085.84,100,False,0.0,4477.03,100,gemma-4-26b-a4b,0.28,100,109.87,100,0.0,all,3391.19,100,0.0,0.0
0.18,0.18,0.18,D0,0.18,0.18,aiops2022,exp_canvas_composition,49.37,100,1084.28,100,False,0.0,4220.41,100,gemma-4-26b-a4b,0.18,100,100.99,100,0.0,all,3136.13,100,0.0,0.0
0.16,0.16,0.16,D_AIRY,0.16,0.16,aiops2022,exp_canvas_composition,49.37,100,1084.28,100,False,0.0,4220.41,100,gemma-4-26b-a4b,0.16,100,106.74,100,0.0,all,3136.13,100,0.0,0.0
0.22,0.22,0.22,D_COMPACT,0.22,0.22,aiops2022,exp_canvas_composition,49.37,100,1084.28,100,False,0.0,4220.41,100,gemma-4-26b-a4b,0.22,100,99.46,100,0.0,all,3136.13,100,0.0,0.0
0.16,0.16,0.16,D_ENTITY,0.16,0.16,aiops2022,exp_canvas_composition,49.37,100,1084.28,100,False,0.0,4220.41,100,gemma-4-26b-a4b,0.16,100,106.3,100,0.0,all,3136.13,100,0.0,0.0
0.21,0.22,0.22,D_LANDSCAPE,0.2166666666666666,0.218,aiops2022,exp_canvas_composition,49.37,100,1066.0,100,False,0.0,4202.13,100,gemma-4-26b-a4b,0.215,100,105.77,100,0.01,all,3136.13,100,0.0,0.01
0.16,0.16,0.16,D_ONSET_ORDER,0.16,0.16,aiops2022,exp_canvas_composition,49.37,100,1084.28,100,False,0.0,4220.41,100,gemma-4-26b-a4b,0.16,100,103.62,100,0.0,all,3136.13,100,0.0,0.0
0.17,0.18,0.18,D_PORTRAIT,0.1733333333333333,0.176,aiops2022,exp_canvas_composition,49.37,100,1082.0,100,False,0.0,4218.13,100,gemma-4-26b-a4b,0.1733333333333333,100,106.86,100,0.0,all,3136.13,100,0.0,0.0
0.17,0.17,0.17,D_SCALE_075,0.17,0.17,aiops2022,exp_canvas_composition,49.37,100,1084.28,100,False,0.0,4220.41,100,gemma-4-26b-a4b,0.17,100,105.06,100,0.0,all,3136.13,100,0.0,0.0
0.22,0.22,0.22,D_SCALE_125,0.22,0.22,aiops2022,exp_canvas_composition,49.37,100,1084.28,100,False,0.0,4220.41,100,gemma-4-26b-a4b,0.22,100,102.68,100,0.0,all,3136.13,100,0.0,0.0
0.17,0.18,0.18,D_SCALE_150,0.1733333333333333,0.176,aiops2022,exp_canvas_composition,49.37,100,1084.28,100,False,0.0,4220.41,100,gemma-4-26b-a4b,0.1733333333333333,100,105.25,100,0.0,all,3136.13,100,0.0,0.0
0.1,0.1,0.1,D_TOPOLOGY_CENTER,0.1,0.1,aiops2022,exp_canvas_composition,49.37,100,1084.28,100,False,0.0,4220.41,100,gemma-4-26b-a4b,0.1,100,109.83,100,0.0,all,3136.13,100,0.0,0.0
0.16,0.16,0.16,D0,0.16,0.16,aiops2025,exp_canvas_composition,49.37,100,1084.23,100,False,0.0,3900.17,100,gemma-4-26b-a4b,0.16,100,102.9,100,0.0,all,2815.94,100,0.0,0.0
0.17,0.17,0.17,D_AIRY,0.17,0.17,aiops2025,exp_canvas_composition,50.27956989247312,93,1084.3978494623657,93,False,0.07,3629.91,100,gemma-4-26b-a4b,0.17,100,92.06,100,0.0,all,2818.7311827956987,93,0.0,0.0
0.16,0.16,0.16,D_COMPACT,0.16,0.16,aiops2025,exp_canvas_composition,49.37,100,1084.23,100,False,0.0,3900.17,100,gemma-4-26b-a4b,0.16,100,102.68,100,0.0,all,2815.94,100,0.0,0.0
0.18,0.18,0.18,D_ENTITY,0.18,0.18,aiops2025,exp_canvas_composition,49.37,100,1084.23,100,False,0.0,3900.17,100,gemma-4-26b-a4b,0.18,100,99.89,100,0.0,all,2815.94,100,0.0,0.0
0.17,0.17,0.17,D_LANDSCAPE,0.17,0.17,aiops2025,exp_canvas_composition,49.37,100,1066.0,100,False,0.0,3881.94,100,gemma-4-26b-a4b,0.17,100,97.34,100,0.0,all,2815.94,100,0.0,0.0
0.16,0.16,0.16,D_ONSET_ORDER,0.16,0.16,aiops2025,exp_canvas_composition,49.37,100,1084.23,100,False,0.0,3900.17,100,gemma-4-26b-a4b,0.16,100,102.98,100,0.0,all,2815.94,100,0.0,0.0
0.18,0.18,0.18,D_PORTRAIT,0.18,0.18,aiops2025,exp_canvas_composition,49.37,100,1082.0,100,False,0.0,3897.94,100,gemma-4-26b-a4b,0.18,100,101.14,100,0.02,all,2815.94,100,0.0,0.02
0.16,0.16,0.16,D_SCALE_075,0.16,0.16,aiops2025,exp_canvas_composition,49.37,100,1084.23,100,False,0.0,3900.17,100,gemma-4-26b-a4b,0.16,100,100.89,100,0.0,all,2815.94,100,0.0,0.0
0.16,0.16,0.16,D_SCALE_125,0.16,0.16,aiops2025,exp_canvas_composition,49.37,100,1084.23,100,False,0.0,3900.17,100,gemma-4-26b-a4b,0.16,100,100.79,100,0.0,all,2815.94,100,0.0,0.0
0.19,0.19,0.19,D_SCALE_150,0.19,0.19,aiops2025,exp_canvas_composition,49.37,100,1084.23,100,False,0.0,3900.17,100,gemma-4-26b-a4b,0.19,100,103.62,100,0.0,all,2815.94,100,0.0,0.0
0.16,0.16,0.16,D_TOPOLOGY_CENTER,0.16,0.16,aiops2025,exp_canvas_composition,49.37,100,1084.23,100,False,0.0,3900.17,100,gemma-4-26b-a4b,0.16,100,100.77,100,0.0,all,2815.94,100,0.0,0.0
0.6,0.6,0.6,D0,0.6,0.6,re2_ob,exp_canvas_composition,48.86666666666667,90,1087.0,90,False,0.0,3053.677777777778,90,gemma-4-26b-a4b,0.6,90,98.57777777777778,90,0.0,all,1966.6777777777777,90,0.0,0.0
0.4888888888888889,0.4888888888888889,0.4888888888888889,D_AIRY,0.4888888888888889,0.4888888888888889,re2_ob,exp_canvas_composition,48.86666666666667,90,1087.0,90,False,0.0,3053.677777777778,90,gemma-4-26b-a4b,0.4888888888888889,90,99.1,90,0.0,all,1966.6777777777777,90,0.0,0.0
0.5333333333333333,0.5333333333333333,0.5333333333333333,D_COMPACT,0.5333333333333333,0.5333333333333333,re2_ob,exp_canvas_composition,48.86666666666667,90,1087.0,90,False,0.0,3053.677777777778,90,gemma-4-26b-a4b,0.5333333333333333,90,104.4888888888889,90,0.0,all,1966.6777777777777,90,0.0,0.0
0.5,0.5,0.5,D_ENTITY,0.5,0.5,re2_ob,exp_canvas_composition,48.86666666666667,90,1087.0,90,False,0.0,3053.677777777778,90,gemma-4-26b-a4b,0.5,90,103.17777777777778,90,0.0,all,1966.6777777777777,90,0.0,0.0
0.4444444444444444,0.4444444444444444,0.4444444444444444,D_LANDSCAPE,0.4444444444444444,0.4444444444444444,re2_ob,exp_canvas_composition,48.86666666666667,90,1066.0,90,False,0.0,3032.677777777778,90,gemma-4-26b-a4b,0.4444444444444444,90,102.83333333333331,90,0.0,all,1966.6777777777777,90,0.0,0.0
0.5,0.5,0.5,D_ONSET_ORDER,0.5,0.5,re2_ob,exp_canvas_composition,48.86666666666667,90,1087.0,90,False,0.0,3053.677777777778,90,gemma-4-26b-a4b,0.5,90,99.97777777777776,90,0.0,all,1966.6777777777777,90,0.0,0.0
0.3666666666666666,0.3666666666666666,0.3666666666666666,D_PORTRAIT,0.3666666666666666,0.3666666666666666,re2_ob,exp_canvas_composition,48.86666666666667,90,1082.0,90,False,0.0,3048.677777777778,90,gemma-4-26b-a4b,0.3666666666666666,90,101.13333333333334,90,0.0,all,1966.6777777777777,90,0.0,0.0
0.5555555555555556,0.5555555555555556,0.5555555555555556,D_SCALE_075,0.5555555555555556,0.5555555555555556,re2_ob,exp_canvas_composition,48.86666666666667,90,1087.0,90,False,0.0,3053.677777777778,90,gemma-4-26b-a4b,0.5555555555555556,90,100.78888888888888,90,0.0,all,1966.6777777777777,90,0.0,0.0
0.5777777777777777,0.5777777777777777,0.5777777777777777,D_SCALE_125,0.5777777777777777,0.5777777777777777,re2_ob,exp_canvas_composition,48.86666666666667,90,1087.0,90,False,0.0,3053.677777777778,90,gemma-4-26b-a4b,0.5777777777777777,90,103.55555555555556,90,0.0,all,1966.6777777777777,90,0.0,0.0
0.5888888888888889,0.5888888888888889,0.5888888888888889,D_SCALE_150,0.5888888888888889,0.5888888888888889,re2_ob,exp_canvas_composition,48.86666666666667,90,1087.0,90,False,0.0,3053.677777777778,90,gemma-4-26b-a4b,0.5888888888888889,90,100.71111111111112,90,0.0,all,1966.6777777777777,90,0.0,0.0
0.3111111111111111,0.3111111111111111,0.3111111111111111,D_TOPOLOGY_CENTER,0.3111111111111111,0.3111111111111111,re2_ob,exp_canvas_composition,48.86666666666667,90,1087.0,90,False,0.0,3053.677777777778,90,gemma-4-26b-a4b,0.3111111111111111,90,104.24444444444444,90,0.0,all,1966.6777777777777,90,0.0,0.0
0.3555555555555555,0.3555555555555555,0.3555555555555555,D0,0.3555555555555555,0.3555555555555555,re2_tt,exp_canvas_composition,50.888888888888886,90,1085.0111111111112,90,False,0.0,3735.5,90,gemma-4-26b-a4b,0.3555555555555555,90,100.66666666666669,90,0.0,all,2650.488888888889,90,0.0,0.0
0.3888888888888889,0.3888888888888889,0.3888888888888889,D_AIRY,0.3888888888888889,0.3888888888888889,re2_tt,exp_canvas_composition,50.888888888888886,90,1085.0111111111112,90,False,0.0,3735.5,90,gemma-4-26b-a4b,0.3888888888888889,90,102.44444444444444,90,0.0,all,2650.488888888889,90,0.0,0.0
0.4,0.4,0.4,D_COMPACT,0.4,0.4,re2_tt,exp_canvas_composition,50.888888888888886,90,1085.0111111111112,90,False,0.0,3735.5,90,gemma-4-26b-a4b,0.4,90,103.64444444444445,90,0.0,all,2650.488888888889,90,0.0,0.0
0.2777777777777778,0.2777777777777778,0.2777777777777778,D_ENTITY,0.2777777777777778,0.2777777777777778,re2_tt,exp_canvas_composition,50.888888888888886,90,1085.0111111111112,90,False,0.0,3735.5,90,gemma-4-26b-a4b,0.2777777777777778,90,101.7,90,0.0,all,2650.488888888889,90,0.0,0.0
0.2444444444444444,0.2444444444444444,0.2444444444444444,D_LANDSCAPE,0.2444444444444444,0.2444444444444444,re2_tt,exp_canvas_composition,50.888888888888886,90,1066.0,90,False,0.0,3716.488888888889,90,gemma-4-26b-a4b,0.2444444444444444,90,99.88888888888889,90,0.0,all,2650.488888888889,90,0.0,0.0
0.4,0.4,0.4,D_ONSET_ORDER,0.4,0.4,re2_tt,exp_canvas_composition,50.888888888888886,90,1085.0111111111112,90,False,0.0,3735.5,90,gemma-4-26b-a4b,0.4,90,101.0,90,0.0111111111111111,all,2650.488888888889,90,0.0,0.0111111111111111
0.3111111111111111,0.3111111111111111,0.3111111111111111,D_PORTRAIT,0.3111111111111111,0.3111111111111111,re2_tt,exp_canvas_composition,50.888888888888886,90,1082.0,90,False,0.0,3732.488888888889,90,gemma-4-26b-a4b,0.3111111111111111,90,102.44444444444444,90,0.0,all,2650.488888888889,90,0.0,0.0
0.3444444444444444,0.3444444444444444,0.3444444444444444,D_SCALE_075,0.3444444444444444,0.3444444444444444,re2_tt,exp_canvas_composition,50.888888888888886,90,1085.0111111111112,90,False,0.0,3735.5,90,gemma-4-26b-a4b,0.3444444444444444,90,102.61111111111111,90,0.0,all,2650.488888888889,90,0.0,0.0
0.3888888888888889,0.3888888888888889,0.3888888888888889,D_SCALE_125,0.3888888888888889,0.3888888888888889,re2_tt,exp_canvas_composition,50.888888888888886,90,1085.0111111111112,90,False,0.0,3735.5,90,gemma-4-26b-a4b,0.3888888888888889,90,104.07777777777778,90,0.0,all,2650.488888888889,90,0.0,0.0
0.4111111111111111,0.4111111111111111,0.4111111111111111,D_SCALE_150,0.4111111111111111,0.4111111111111111,re2_tt,exp_canvas_composition,50.888888888888886,90,1085.0111111111112,90,False,0.0,3735.5,90,gemma-4-26b-a4b,0.4111111111111111,90,102.21111111111112,90,0.0,all,2650.488888888889,90,0.0,0.0
0.2,0.2,0.2,D_TOPOLOGY_CENTER,0.2,0.2,re2_tt,exp_canvas_composition,50.888888888888886,90,1085.0111111111112,90,False,0.0,3735.5,90,gemma-4-26b-a4b,0.2,90,102.73333333333332,90,0.0,all,2650.488888888889,90,0.0,0.0
0.34375,0.34375,0.34375,D0,0.34375,0.34375,pooled_descriptive,exp_canvas_composition,50.125,480,1085.2416666666666,480,False,0.0,3897.4729166666666,480,gemma-4-26b-a4b,0.34375,480,101.27291666666666,480,0.0,all,2812.23125,480,0.0,0.0
0.3083333333333333,0.3083333333333333,0.3083333333333333,D_AIRY,0.3083333333333333,0.3083333333333333,pooled_descriptive,exp_canvas_composition,50.33050847457627,472,1085.2966101694915,472,False,0.0166666666666666,3831.8416666666662,480,gemma-4-26b-a4b,0.3083333333333333,480,100.7875,480,0.0,all,2811.491525423729,472,0.0,0.0
0.3375,0.3375,0.3375,D_COMPACT,0.3375,0.3375,pooled_descriptive,exp_canvas_composition,50.125,480,1085.2416666666666,480,False,0.0,3897.4729166666666,480,gemma-4-26b-a4b,0.3375,480,102.48541666666668,480,0.0,all,2812.23125,480,0.0,0.0
0.2979166666666666,0.2979166666666666,0.2979166666666666,D_ENTITY,0.2979166666666666,0.2979166666666666,pooled_descriptive,exp_canvas_composition,50.125,480,1085.2416666666666,480,False,0.0,3897.4729166666666,480,gemma-4-26b-a4b,0.2979166666666666,480,102.91875,480,0.0,all,2812.23125,480,0.0,0.0
0.2895833333333333,0.2916666666666667,0.2916666666666667,D_LANDSCAPE,0.2909722222222222,0.29125,pooled_descriptive,exp_canvas_composition,50.125,480,1066.0,480,False,0.0,3878.23125,480,gemma-4-26b-a4b,0.290625,480,102.62916666666666,480,0.0020833333333333,all,2812.23125,480,0.0,0.0020833333333333
0.3104166666666667,0.3104166666666667,0.3104166666666667,D_ONSET_ORDER,0.3104166666666667,0.3104166666666667,pooled_descriptive,exp_canvas_composition,50.125,480,1085.2416666666666,480,False,0.0,3897.4729166666666,480,gemma-4-26b-a4b,0.3104166666666667,480,102.4625,480,0.0020833333333333,all,2812.23125,480,0.0,0.0020833333333333
0.2479166666666666,0.25,0.25,D_PORTRAIT,0.2486111111111111,0.2491666666666666,pooled_descriptive,exp_canvas_composition,50.125,480,1082.0,480,False,0.0,3894.23125,480,gemma-4-26b-a4b,0.2486111111111111,480,104.26875,480,0.0041666666666666,all,2812.23125,480,0.0,0.0041666666666666
0.3354166666666666,0.3354166666666666,0.3354166666666666,D_SCALE_075,0.3354166666666666,0.3354166666666666,pooled_descriptive,exp_canvas_composition,50.125,480,1085.2416666666666,480,False,0.0,3897.4729166666666,480,gemma-4-26b-a4b,0.3354166666666666,480,102.97083333333332,480,0.0,all,2812.23125,480,0.0,0.0
0.35,0.35,0.35,D_SCALE_125,0.35,0.35,pooled_descriptive,exp_canvas_composition,50.125,480,1085.2416666666666,480,False,0.0,3897.4729166666666,480,gemma-4-26b-a4b,0.35,480,102.81875,480,0.0,all,2812.23125,480,0.0,0.0
0.3541666666666667,0.35625,0.35625,D_SCALE_150,0.354861111111111,0.3554166666666666,pooled_descriptive,exp_canvas_composition,50.125,480,1085.2416666666666,480,False,0.0,3897.4729166666666,480,gemma-4-26b-a4b,0.354861111111111,480,103.26875,480,0.0,all,2812.23125,480,0.0,0.0
0.2083333333333333,0.2083333333333333,0.2083333333333333,D_TOPOLOGY_CENTER,0.2083333333333333,0.2083333333333333,pooled_descriptive,exp_canvas_composition,50.125,480,1085.2416666666666,480,False,0.0,3897.4729166666666,480,gemma-4-26b-a4b,0.2083333333333333,480,105.57291666666669,480,0.0,all,2812.23125,480,0.0,0.0
0.2,0.5333333333333333,0.6,P0__T,0.3777777777777777,0.4666666666666667,aegislab,exp_evidence_selection,52.266666666666666,30,0.0,30,False,0.0,13983.733333333334,30,qwen3.8-27b,0.3611111111111111,30,157.33333333333334,30,0.0,selection,13983.733333333334,30,0.0,0.0
0.3,0.3666666666666666,0.3666666666666666,P0__V,0.3222222222222222,0.3399999999999999,aegislab,exp_evidence_selection,52.266666666666666,30,2117.1666666666665,30,False,0.0,5441.866666666667,30,qwen3.8-27b,0.3222222222222222,30,174.5,30,0.0,selection,3324.7,30,0.0,0.0
0.0666666666666666,0.4333333333333333,0.4666666666666667,P_BARO_RS__T,0.2555555555555555,0.3399999999999999,aegislab,exp_evidence_selection,52.266666666666666,30,0.0,30,False,0.0,14125.933333333332,30,qwen3.8-27b,0.2305555555555555,30,151.76666666666668,30,0.0,selection,14125.933333333332,30,0.0,0.0
0.2,0.3,0.3,P_BARO_RS__V,0.2444444444444444,0.2666666666666666,aegislab,exp_evidence_selection,52.266666666666666,30,2117.1666666666665,30,False,0.0,5441.866666666667,30,qwen3.8-27b,0.2388888888888888,30,176.23333333333332,30,0.0,selection,3324.7,30,0.0,0.0
0.2666666666666666,0.5666666666666667,0.5666666666666667,P_COVERAGE__T,0.4444444444444444,0.4933333333333333,aegislab,exp_evidence_selection,52.266666666666666,30,0.0,30,False,0.0,14130.7,30,qwen3.8-27b,0.4055555555555555,30,225.8,30,0.0,selection,14130.7,30,0.0,0.0
0.1333333333333333,0.2333333333333333,0.2333333333333333,P_COVERAGE__V,0.2,0.2133333333333333,aegislab,exp_evidence_selection,51.333333333333336,24,2104.9166666666665,24,False,0.2,4343.5,30,qwen3.8-27b,0.1833333333333333,30,147.26666666666668,30,0.0,selection,3324.458333333333,24,0.0,0.0
0.4,0.5333333333333333,0.5333333333333333,P_DIVERSITY__T,0.4666666666666667,0.4933333333333333,aegislab,exp_evidence_selection,52.266666666666666,30,0.0,30,False,0.0,14179.8,30,qwen3.8-27b,0.4555555555555555,30,167.2,30,0.0,selection,14179.8,30,0.0,0.0
0.2,0.3,0.3,P_DIVERSITY__V,0.2555555555555555,0.2733333333333333,aegislab,exp_evidence_selection,51.333333333333336,24,2104.9166666666665,24,False,0.2,4343.5,30,qwen3.8-27b,0.2444444444444444,30,147.36666666666667,30,0.0,selection,3324.458333333333,24,0.0,0.0
0.2333333333333333,0.4666666666666667,0.5333333333333333,P_LOG_FREQ__T,0.3444444444444444,0.4066666666666665,aegislab,exp_evidence_selection,52.266666666666666,30,0.0,30,False,0.0,13923.633333333331,30,qwen3.8-27b,0.3411111111111111,30,183.7,30,0.0,selection,13923.633333333331,30,0.0,0.0
0.3333333333333333,0.4333333333333333,0.4333333333333333,P_LOG_FREQ__V,0.3666666666666666,0.3933333333333333,aegislab,exp_evidence_selection,52.0,27,2112.6296296296296,27,False,0.1,4893.6,30,qwen3.8-27b,0.3666666666666666,30,160.2,30,0.0,selection,3324.703703703704,27,0.0,0.0
0.1333333333333333,0.2666666666666666,0.2666666666666666,P_RANDOM__T,0.1777777777777777,0.2133333333333333,aegislab,exp_evidence_selection,52.266666666666666,30,0.0,30,False,0.0,13605.366666666669,30,qwen3.8-27b,0.1777777777777777,30,204.13333333333333,30,0.0,selection,13605.366666666669,30,0.0,0.0
0.0,0.1666666666666666,0.1666666666666666,P_RANDOM__V,0.1111111111111111,0.1333333333333333,aegislab,exp_evidence_selection,51.44,25,2105.08,25,False,0.1666666666666666,4524.733333333334,30,qwen3.8-27b,0.0833333333333333,30,147.76666666666668,30,0.0,selection,3324.6,25,0.0,0.0
0.1,0.4,0.4,P_SIGMA__T,0.2444444444444444,0.3066666666666666,aegislab,exp_evidence_selection,52.266666666666666,30,0.0,30,False,0.0,14258.7,30,qwen3.8-27b,0.2222222222222222,30,158.63333333333333,30,0.0,selection,14258.7,30,0.0,0.0
0.1,0.2,0.2,P_SIGMA__V,0.1555555555555555,0.1733333333333333,aegislab,exp_evidence_selection,52.266666666666666,30,2117.1666666666665,30,False,0.0,5441.866666666667,30,qwen3.8-27b,0.1444444444444444,30,189.7,30,0.0,selection,3324.7,30,0.0,0.0
0.2,0.4,0.4333333333333333,P_TRACE_SC__T,0.311111111111111,0.36,aegislab,exp_evidence_selection,52.266666666666666,30,0.0,30,False,0.0,13950.666666666666,30,qwen3.8-27b,0.2972222222222222,30,152.73333333333332,30,0.0,selection,13950.666666666666,30,0.0,0.0
0.2333333333333333,0.4,0.4,P_TRACE_SC__V,0.3222222222222222,0.3533333333333334,aegislab,exp_evidence_selection,52.266666666666666,30,2117.1666666666665,30,False,0.0,5441.866666666667,30,qwen3.8-27b,0.3055555555555555,30,182.96666666666667,30,0.0,selection,3324.7,30,0.0,0.0
0.1,0.2666666666666666,0.2666666666666666,P0__T,0.1888888888888888,0.22,aiops2022,exp_evidence_selection,49.06666666666667,30,0.0,30,False,0.0,12825.666666666666,30,qwen3.8-27b,0.1722222222222222,30,192.4,30,0.0,selection,12825.666666666666,30,0.0,0.0
0.0333333333333333,0.2333333333333333,0.2666666666666666,P0__V,0.1555555555555555,0.1933333333333333,aiops2022,exp_evidence_selection,49.06666666666667,30,2063.266666666667,30,False,0.0,5132.6,30,qwen3.8-27b,0.1344444444444444,30,185.3,30,0.0,selection,3069.333333333333,30,0.0,0.0
0.1333333333333333,0.2666666666666666,0.3,P_BARO_RS__T,0.2,0.24,aiops2022,exp_evidence_selection,49.06666666666667,30,0.0,30,False,0.0,13677.933333333332,30,qwen3.8-27b,0.1972222222222222,30,297.3,30,0.0,selection,13677.933333333332,30,0.0,0.0
0.0666666666666666,0.2,0.2,P_BARO_RS__V,0.1555555555555555,0.1733333333333333,aiops2022,exp_evidence_selection,49.06666666666667,30,2063.266666666667,30,False,0.0,5132.6,30,qwen3.8-27b,0.1333333333333333,30,195.53333333333333,30,0.0,selection,3069.333333333333,30,0.0,0.0
0.1,0.3,0.3,P_COVERAGE__T,0.2111111111111111,0.2466666666666666,aiops2022,exp_evidence_selection,49.06666666666667,30,0.0,30,False,0.0,12683.7,30,qwen3.8-27b,0.1888888888888888,30,165.93333333333334,30,0.0,selection,12683.7,30,0.0,0.0
0.1,0.1666666666666666,0.1666666666666666,P_COVERAGE__V,0.1444444444444444,0.1533333333333333,aiops2022,exp_evidence_selection,49.06666666666667,30,2063.266666666667,30,True,0.0,5132.6,30,qwen3.8-27b,0.1333333333333333,30,184.8,30,0.0666666666666666,selection,3069.333333333333,30,0.0,0.0666666666666666
0.0333333333333333,0.3333333333333333,0.3333333333333333,P_DIVERSITY__T,0.2,0.2533333333333333,aiops2022,exp_evidence_selection,49.06666666666667,30,0.0,30,False,0.0,12864.766666666666,30,qwen3.8-27b,0.1666666666666666,30,208.76666666666668,30,0.0,selection,12864.766666666666,30,0.0,0.0
0.0333333333333333,0.1666666666666666,0.1666666666666666,P_DIVERSITY__V,0.1111111111111111,0.1333333333333333,aiops2022,exp_evidence_selection,48.89655172413793,29,2061.689655172414,29,False,0.0333333333333333,4959.933333333333,30,qwen3.8-27b,0.0944444444444444,30,178.16666666666666,30,0.0,selection,3069.2758620689656,29,0.0,0.0
0.1,0.2666666666666666,0.2666666666666666,P_LOG_FREQ__T,0.2111111111111111,0.2333333333333333,aiops2022,exp_evidence_selection,49.06666666666667,30,0.0,30,False,0.0,12708.833333333334,30,qwen3.8-27b,0.1833333333333333,30,193.2,30,0.0,selection,12708.833333333334,30,0.0,0.0
0.0333333333333333,0.2333333333333333,0.2333333333333333,P_LOG_FREQ__V,0.1555555555555555,0.1866666666666666,aiops2022,exp_evidence_selection,48.89655172413793,29,2061.689655172414,29,True,0.0333333333333333,4959.933333333333,30,qwen3.8-27b,0.1277777777777777,30,169.76666666666668,30,0.0666666666666666,selection,3069.2758620689656,29,0.0,0.0666666666666666
0.0666666666666666,0.1333333333333333,0.1333333333333333,P_RANDOM__T,0.1111111111111111,0.1199999999999999,aiops2022,exp_evidence_selection,49.06666666666667,30,0.0,30,False,0.0,12111.233333333334,30,qwen3.8-27b,0.1,30,152.66666666666666,30,0.0,selection,12111.233333333334,30,0.0,0.0
0.0333333333333333,0.1,0.1,P_RANDOM__V,0.0666666666666666,0.08,aiops2022,exp_evidence_selection,48.89655172413793,29,2061.689655172414,29,False,0.0333333333333333,4959.933333333333,30,qwen3.8-27b,0.0611111111111111,30,179.33333333333334,30,0.0,selection,3069.2758620689656,29,0.0,0.0
0.1,0.2,0.2,P_SIGMA__T,0.1666666666666666,0.18,aiops2022,exp_evidence_selection,49.06666666666667,30,0.0,30,False,0.0,13763.0,30,qwen3.8-27b,0.15,30,214.3,30,0.0,selection,13763.0,30,0.0,0.0
0.0666666666666666,0.1333333333333333,0.1333333333333333,P_SIGMA__V,0.1,0.1133333333333333,aiops2022,exp_evidence_selection,49.06666666666667,30,2063.266666666667,30,False,0.0,5132.6,30,qwen3.8-27b,0.0944444444444444,30,190.13333333333333,30,0.0333333333333333,selection,3069.333333333333,30,0.0,0.0333333333333333
0.0333333333333333,0.2,0.2,P_TRACE_SC__T,0.1222222222222222,0.1533333333333333,aiops2022,exp_evidence_selection,49.06666666666667,30,0.0,30,False,0.0,12757.1,30,qwen3.8-27b,0.1055555555555555,30,159.33333333333334,30,0.0,selection,12757.1,30,0.0,0.0
0.0666666666666666,0.2666666666666666,0.3,P_TRACE_SC__V,0.1666666666666666,0.22,aiops2022,exp_evidence_selection,49.06666666666667,30,2063.266666666667,30,False,0.0,5132.6,30,qwen3.8-27b,0.1583333333333333,30,190.0,30,0.0,selection,3069.333333333333,30,0.0,0.0
0.0666666666666666,0.3666666666666666,0.4,P0__T,0.2,0.28,aiops2025,exp_evidence_selection,49.766666666666666,30,0.0,30,False,0.0,11920.6,30,qwen3.8-27b,0.1916666666666666,30,190.76666666666668,30,0.0,selection,11920.6,30,0.0,0.0
0.2,0.3666666666666666,0.3666666666666666,P0__V,0.2888888888888888,0.32,aiops2025,exp_evidence_selection,49.766666666666666,30,2074.7,30,False,0.0,4821.133333333333,30,qwen3.8-27b,0.2722222222222222,30,184.33333333333331,30,0.0,selection,2746.4333333333334,30,0.0,0.0
0.1333333333333333,0.3666666666666666,0.4,P_BARO_RS__T,0.2444444444444444,0.3066666666666667,aiops2025,exp_evidence_selection,49.766666666666666,30,0.0,30,False,0.0,12287.666666666666,30,qwen3.8-27b,0.236111111111111,30,233.86666666666667,30,0.0,selection,12287.666666666666,30,0.0,0.0
0.1666666666666666,0.3,0.3,P_BARO_RS__V,0.2444444444444444,0.2666666666666666,aiops2025,exp_evidence_selection,49.766666666666666,30,2074.7,30,False,0.0,4821.133333333333,30,qwen3.8-27b,0.2277777777777778,30,202.2333333333333,30,0.0,selection,2746.4333333333334,30,0.0,0.0
0.2,0.4333333333333333,0.4666666666666667,P_COVERAGE__T,0.3222222222222222,0.3733333333333333,aiops2025,exp_evidence_selection,49.766666666666666,30,0.0,30,False,0.0,11919.833333333334,30,qwen3.8-27b,0.3066666666666667,30,159.03333333333333,30,0.0,selection,11919.833333333334,30,0.0,0.0
0.1666666666666666,0.3,0.3,P_COVERAGE__V,0.2333333333333333,0.26,aiops2025,exp_evidence_selection,49.66666666666666,27,2074.5185185185187,27,False,0.1,4338.4,30,qwen3.8-27b,0.2222222222222222,30,181.9333333333333,30,0.0,selection,2745.925925925926,27,0.0,0.0
0.2333333333333333,0.3333333333333333,0.3333333333333333,P_DIVERSITY__T,0.2888888888888889,0.3066666666666666,aiops2025,exp_evidence_selection,49.766666666666666,30,0.0,30,False,0.0,12043.5,30,qwen3.8-27b,0.2777777777777778,30,246.46666666666667,30,0.0,selection,12043.5,30,0.0,0.0
0.1,0.2666666666666666,0.2666666666666666,P_DIVERSITY__V,0.1888888888888888,0.22,aiops2025,exp_evidence_selection,49.04347826086956,23,2068.521739130435,23,False,0.2333333333333333,3691.6,30,qwen3.8-27b,0.1722222222222222,30,157.8,30,0.0333333333333333,selection,2746.608695652174,23,0.0,0.0333333333333333
0.1,0.3666666666666666,0.3666666666666666,P_LOG_FREQ__T,0.2222222222222222,0.28,aiops2025,exp_evidence_selection,49.766666666666666,30,0.0,30,False,0.0,11904.8,30,qwen3.8-27b,0.2055555555555555,30,164.6,30,0.0,selection,11904.8,30,0.0,0.0
0.2333333333333333,0.4,0.4333333333333333,P_LOG_FREQ__V,0.311111111111111,0.36,aiops2025,exp_evidence_selection,49.48148148148148,27,2070.8888888888887,27,False,0.1,4335.233333333334,30,qwen3.8-27b,0.3083333333333333,30,164.93333333333334,30,0.0333333333333333,selection,2746.037037037037,27,0.0,0.0333333333333333
0.1666666666666666,0.4,0.4,P_RANDOM__T,0.3,0.3399999999999999,aiops2025,exp_evidence_selection,49.766666666666666,30,0.0,30,False,0.0,11628.933333333332,30,qwen3.8-27b,0.2722222222222222,30,193.56666666666663,30,0.0,selection,11628.933333333332,30,0.0,0.0
0.1,0.1,0.1,P_RANDOM__V,0.1,0.1,aiops2025,exp_evidence_selection,49.55555555555556,9,2087.222222222222,9,False,0.7,1449.5333333333333,30,qwen3.8-27b,0.1,30,59.56666666666667,30,0.0,selection,2744.555555555556,9,0.0,0.0
0.1666666666666666,0.2666666666666666,0.2666666666666666,P_SIGMA__T,0.2222222222222222,0.24,aiops2025,exp_evidence_selection,49.766666666666666,30,0.0,30,False,0.0,12406.2,30,qwen3.8-27b,0.2111111111111111,30,164.1,30,0.0,selection,12406.2,30,0.0,0.0
0.0666666666666666,0.3,0.3333333333333333,P_SIGMA__V,0.1777777777777777,0.24,aiops2025,exp_evidence_selection,49.766666666666666,30,2074.7,30,False,0.0,4821.133333333333,30,qwen3.8-27b,0.1694444444444444,30,202.5,30,0.0,selection,2746.4333333333334,30,0.0,0.0
0.1666666666666666,0.4333333333333333,0.4333333333333333,P_TRACE_SC__T,0.3222222222222221,0.3666666666666667,aiops2025,exp_evidence_selection,49.766666666666666,30,0.0,30,False,0.0,11926.433333333332,30,qwen3.8-27b,0.2888888888888888,30,169.1,30,0.0,selection,11926.433333333332,30,0.0,0.0
0.2666666666666666,0.4666666666666667,0.5,P_TRACE_SC__V,0.3666666666666666,0.42,aiops2025,exp_evidence_selection,49.766666666666666,30,2074.7,30,False,0.0,4821.133333333333,30,qwen3.8-27b,0.3583333333333333,30,191.8,30,0.0,selection,2746.4333333333334,30,0.0,0.0
0.1222222222222222,0.3888888888888889,0.4222222222222222,P0__T,0.2555555555555555,0.3222222222222222,pooled_descriptive,exp_evidence_selection,50.36666666666667,90,0.0,90,False,0.0,12910.0,90,qwen3.8-27b,0.2416666666666666,90,180.16666666666663,90,0.0,selection,12910.0,90,0.0,0.0
0.1777777777777777,0.3222222222222222,0.3333333333333333,P0__V,0.2555555555555555,0.2844444444444444,pooled_descriptive,exp_evidence_selection,50.36666666666667,90,2085.0444444444443,90,False,0.0,5131.866666666667,90,qwen3.8-27b,0.2429629629629629,90,181.37777777777777,90,0.0,selection,3046.822222222222,90,0.0,0.0
0.1111111111111111,0.3555555555555555,0.3888888888888889,P_BARO_RS__T,0.2333333333333333,0.2955555555555555,pooled_descriptive,exp_evidence_selection,50.36666666666667,90,0.0,90,False,0.0,13363.844444444445,90,qwen3.8-27b,0.2212962962962962,90,227.64444444444445,90,0.0,selection,13363.844444444445,90,0.0,0.0
0.1444444444444444,0.2666666666666666,0.2666666666666666,P_BARO_RS__V,0.2148148148148148,0.2355555555555555,pooled_descriptive,exp_evidence_selection,50.36666666666667,90,2085.0444444444443,90,False,0.0,5131.866666666667,90,qwen3.8-27b,0.2,90,191.33333333333331,90,0.0,selection,3046.822222222222,90,0.0,0.0
0.1888888888888888,0.4333333333333333,0.4444444444444444,P_COVERAGE__T,0.3259259259259259,0.3711111111111111,pooled_descriptive,exp_evidence_selection,50.36666666666667,90,0.0,90,False,0.0,12911.41111111111,90,qwen3.8-27b,0.3003703703703703,90,183.5888888888889,90,0.0,selection,12911.41111111111,90,0.0,0.0
0.1333333333333333,0.2333333333333333,0.2333333333333333,P_COVERAGE__V,0.1925925925925926,0.2088888888888889,pooled_descriptive,exp_evidence_selection,49.93827160493827,81,2079.358024691358,81,False,0.1,4604.833333333333,90,qwen3.8-27b,0.1796296296296296,90,171.33333333333334,90,0.0222222222222222,selection,3037.123456790124,81,0.0,0.0222222222222222
0.2222222222222222,0.4,0.4,P_DIVERSITY__T,0.3185185185185185,0.3511111111111111,pooled_descriptive,exp_evidence_selection,50.36666666666667,90,0.0,90,False,0.0,13029.355555555556,90,qwen3.8-27b,0.3,90,207.4777777777778,90,0.0,selection,13029.355555555556,90,0.0,0.0
0.1111111111111111,0.2444444444444444,0.2444444444444444,P_DIVERSITY__V,0.1851851851851851,0.2088888888888888,pooled_descriptive,exp_evidence_selection,49.71052631578947,76,2077.407894736842,76,False,0.1555555555555555,4331.677777777778,90,qwen3.8-27b,0.1703703703703703,90,161.11111111111111,90,0.0111111111111111,selection,3052.2105263157896,76,0.0,0.0111111111111111
0.1444444444444444,0.3666666666666666,0.3888888888888889,P_LOG_FREQ__T,0.2592592592592592,0.3066666666666667,pooled_descriptive,exp_evidence_selection,50.36666666666667,90,0.0,90,False,0.0,12845.755555555555,90,qwen3.8-27b,0.2433333333333333,90,180.5,90,0.0,selection,12845.755555555555,90,0.0,0.0
0.2,0.3555555555555555,0.3666666666666666,P_LOG_FREQ__V,0.2777777777777777,0.3133333333333333,pooled_descriptive,exp_evidence_selection,50.09638554216868,83,2081.253012048193,83,False,0.0777777777777777,4729.5888888888885,90,qwen3.8-27b,0.2675925925925926,90,164.96666666666667,90,0.0333333333333333,selection,3047.21686746988,83,0.0,0.0333333333333333
0.1222222222222222,0.2666666666666666,0.2666666666666666,P_RANDOM__T,0.1962962962962963,0.2244444444444444,pooled_descriptive,exp_evidence_selection,50.36666666666667,90,0.0,90,False,0.0,12448.511111111113,90,qwen3.8-27b,0.1833333333333333,90,183.45555555555555,90,0.0,selection,12448.511111111113,90,0.0,0.0
0.0444444444444444,0.1222222222222222,0.1222222222222222,P_RANDOM__V,0.0925925925925925,0.1044444444444444,pooled_descriptive,exp_evidence_selection,50.0,63,2082.555555555556,63,False,0.3,3644.733333333333,90,qwen3.8-27b,0.0814814814814814,90,128.88888888888889,90,0.0,selection,3124.2063492063494,63,0.0,0.0
0.1222222222222222,0.2888888888888888,0.2888888888888888,P_SIGMA__T,0.2111111111111111,0.2422222222222222,pooled_descriptive,exp_evidence_selection,50.36666666666667,90,0.0,90,False,0.0,13475.966666666667,90,qwen3.8-27b,0.1944444444444444,90,179.01111111111112,90,0.0,selection,13475.966666666667,90,0.0,0.0
0.0777777777777777,0.2111111111111111,0.2222222222222222,P_SIGMA__V,0.1444444444444444,0.1755555555555555,pooled_descriptive,exp_evidence_selection,50.36666666666667,90,2085.0444444444443,90,False,0.0,5131.866666666667,90,qwen3.8-27b,0.1361111111111111,90,194.11111111111111,90,0.0111111111111111,selection,3046.822222222222,90,0.0,0.0111111111111111
0.1333333333333333,0.3444444444444444,0.3555555555555555,P_TRACE_SC__T,0.2518518518518518,0.2933333333333333,pooled_descriptive,exp_evidence_selection,50.36666666666667,90,0.0,90,False,0.0,12878.066666666668,90,qwen3.8-27b,0.2305555555555555,90,160.38888888888889,90,0.0,selection,12878.066666666668,90,0.0,0.0
0.1888888888888888,0.3777777777777777,0.4,P_TRACE_SC__V,0.2851851851851851,0.3311111111111111,pooled_descriptive,exp_evidence_selection,50.36666666666667,90,2085.0444444444443,90,False,0.0,5131.866666666667,90,qwen3.8-27b,0.274074074074074,90,188.2555555555556,90,0.0,selection,3046.822222222222,90,0.0,0.0
0.3857142857142857,0.6285714285714286,0.6571428571428571,P0__T,0.5238095238095237,0.5742857142857142,aegislab,exp_evidence_selection,52.0,70,0.0,70,False,0.0,14051.214285714286,70,qwen3.8-27b,0.5016666666666666,70,161.62857142857143,70,0.0,main_report,14051.214285714286,70,0.0,0.0
0.2714285714285714,0.6142857142857143,0.6142857142857143,P0__V,0.4476190476190476,0.5142857142857142,aegislab,exp_evidence_selection,52.0,70,2117.4,70,False,0.0,5441.371428571429,70,qwen3.8-27b,0.4166666666666666,70,176.24285714285713,70,0.0,main_report,3323.9714285714285,70,0.0,0.0
0.3571428571428571,0.6142857142857143,0.6142857142857143,P_BARO_RS__T,0.4904761904761904,0.5399999999999999,aegislab,exp_evidence_selection,52.0,70,0.0,70,False,0.0,14089.642857142857,70,qwen3.8-27b,0.4666666666666666,70,150.38571428571427,70,0.0,main_report,14089.642857142857,70,0.0,0.0
0.1571428571428571,0.4714285714285714,0.4714285714285714,P_BARO_RS__V,0.319047619047619,0.38,aegislab,exp_evidence_selection,52.0,70,2117.4,70,False,0.0,5441.371428571429,70,qwen3.8-27b,0.2904761904761904,70,188.94285714285715,70,0.0,main_report,3323.9714285714285,70,0.0,0.0
0.4,0.6285714285714286,0.6714285714285714,P_COVERAGE__T,0.5095238095238095,0.5714285714285714,aegislab,exp_evidence_selection,52.0,70,0.0,70,False,0.0,14107.971428571427,70,qwen3.8-27b,0.5028571428571429,70,156.4142857142857,70,0.0,main_report,14107.971428571427,70,0.0,0.0
0.1285714285714285,0.4285714285714285,0.4285714285714285,P_COVERAGE__V,0.2952380952380952,0.3485714285714286,aegislab,exp_evidence_selection,52.25806451612903,62,2121.6451612903224,62,False,0.1142857142857142,4823.085714285714,70,qwen3.8-27b,0.2619047619047618,70,160.5,70,0.0,main_report,3323.7741935483878,62,0.0,0.0
0.4142857142857143,0.6571428571428571,0.6571428571428571,P_DIVERSITY__T,0.5428571428571428,0.5885714285714286,aegislab,exp_evidence_selection,52.0,70,0.0,70,False,0.0,14198.257142857145,70,qwen3.8-27b,0.5190476190476191,70,163.97142857142856,70,0.0,main_report,14198.257142857145,70,0.0,0.0
0.2571428571428571,0.5,0.5,P_DIVERSITY__V,0.3952380952380953,0.4371428571428571,aegislab,exp_evidence_selection,52.03225806451613,62,2116.903225806452,62,False,0.1142857142857142,4818.8,70,qwen3.8-27b,0.3666666666666666,70,171.17142857142858,70,0.0142857142857142,main_report,3323.6774193548385,62,0.0,0.0142857142857142
0.3571428571428571,0.6,0.6428571428571429,P_LOG_FREQ__T,0.480952380952381,0.5457142857142857,aegislab,exp_evidence_selection,52.0,70,0.0,70,False,0.0,14001.228571428572,70,qwen3.8-27b,0.4702380952380952,70,153.6,70,0.0,main_report,14001.228571428572,70,0.0,0.0
0.2857142857142857,0.5285714285714286,0.5285714285714286,P_LOG_FREQ__V,0.4142857142857142,0.46,aegislab,exp_evidence_selection,52.04918032786885,61,2117.8360655737706,61,False,0.1285714285714285,4741.771428571428,70,qwen3.8-27b,0.3904761904761905,70,156.9,70,0.0142857142857142,main_report,3323.5409836065573,61,0.0,0.0142857142857142
0.1571428571428571,0.3428571428571428,0.3571428571428571,P_RANDOM__T,0.2476190476190476,0.2914285714285714,aegislab,exp_evidence_selection,52.0,70,0.0,70,False,0.0,13507.514285714286,70,qwen3.8-27b,0.2369047619047619,70,154.75714285714287,70,0.0,main_report,13507.514285714286,70,0.0,0.0
0.1142857142857142,0.2285714285714285,0.2285714285714285,P_RANDOM__V,0.1714285714285714,0.1942857142857143,aegislab,exp_evidence_selection,51.79365079365079,63,2113.6666666666665,63,False,0.1,4893.757142857143,70,qwen3.8-27b,0.1619047619047618,70,168.21428571428572,70,0.0142857142857142,main_report,3323.84126984127,63,0.0,0.0142857142857142
0.3,0.4857142857142857,0.4857142857142857,P_SIGMA__T,0.3952380952380952,0.4314285714285715,aegislab,exp_evidence_selection,52.0,70,0.0,70,False,0.0,14378.671428571428,70,qwen3.8-27b,0.3785714285714285,70,155.11428571428573,70,0.0,main_report,14378.671428571428,70,0.0,0.0
0.1285714285714285,0.3571428571428571,0.3571428571428571,P_SIGMA__V,0.2333333333333333,0.2828571428571428,aegislab,exp_evidence_selection,52.0,70,2117.4,70,False,0.0,5441.371428571429,70,qwen3.8-27b,0.219047619047619,70,181.24285714285716,70,0.0,main_report,3323.9714285714285,70,0.0,0.0
0.4285714285714285,0.7,0.7142857142857143,P_TRACE_SC__T,0.5619047619047619,0.62,aegislab,exp_evidence_selection,52.0,70,0.0,70,False,0.0,14022.314285714288,70,qwen3.8-27b,0.5433333333333334,70,153.82857142857142,70,0.0,main_report,14022.314285714288,70,0.0,0.0
0.3142857142857143,0.5285714285714286,0.5285714285714286,P_TRACE_SC__V,0.4285714285714285,0.4685714285714285,aegislab,exp_evidence_selection,52.0,70,2117.4,70,False,0.0,5441.371428571429,70,qwen3.8-27b,0.4071428571428571,70,183.72857142857143,70,0.0,main_report,3323.9714285714285,70,0.0,0.0
0.2142857142857142,0.3857142857142857,0.4,P0__T,0.3,0.34,aiops2022,exp_evidence_selection,49.5,70,0.0,70,False,0.0,12955.157142857142,70,qwen3.8-27b,0.2892857142857143,70,172.64285714285714,70,0.0,main_report,12955.157142857142,70,0.0,0.0
0.1571428571428571,0.2285714285714285,0.2571428571428571,P0__V,0.1952380952380952,0.22,aiops2022,exp_evidence_selection,49.5,70,2075.4,70,False,0.0,5144.442857142857,70,qwen3.8-27b,0.1952380952380952,70,190.82857142857145,70,0.0142857142857142,main_report,3069.042857142857,70,0.0,0.0142857142857142
0.1714285714285714,0.3428571428571428,0.3714285714285714,P_BARO_RS__T,0.2571428571428571,0.3,aiops2022,exp_evidence_selection,49.5,70,0.0,70,False,0.0,13893.842857142858,70,qwen3.8-27b,0.2492857142857142,70,165.65714285714284,70,0.0,main_report,13893.842857142858,70,0.0,0.0
0.1714285714285714,0.3142857142857143,0.3285714285714285,P_BARO_RS__V,0.2571428571428571,0.2857142857142857,aiops2022,exp_evidence_selection,49.5,70,2075.4,70,False,0.0,5144.442857142857,70,qwen3.8-27b,0.2416666666666666,70,193.32857142857145,70,0.0,main_report,3069.042857142857,70,0.0,0.0
0.0714285714285714,0.2285714285714285,0.2285714285714285,P_COVERAGE__T,0.1476190476190476,0.18,aiops2022,exp_evidence_selection,49.5,70,0.0,70,False,0.0,12800.557142857142,70,qwen3.8-27b,0.1357142857142857,70,201.67142857142855,70,0.0,main_report,12800.557142857142,70,0.0,0.0
0.0714285714285714,0.1714285714285714,0.1857142857142857,P_COVERAGE__V,0.1142857142857142,0.1428571428571428,aiops2022,exp_evidence_selection,49.42424242424242,66,2074.848484848485,66,False,0.0571428571428571,4849.914285714286,70,qwen3.8-27b,0.113095238095238,70,170.6,70,0.0285714285714285,main_report,3069.0,66,0.0,0.0285714285714285
0.1142857142857142,0.2857142857142857,0.2857142857142857,P_DIVERSITY__T,0.2142857142857142,0.2428571428571428,aiops2022,exp_evidence_selection,49.5,70,0.0,70,False,0.0,12965.2,70,qwen3.8-27b,0.1928571428571428,70,183.68571428571428,70,0.0,main_report,12965.2,70,0.0,0.0
0.1285714285714285,0.3285714285714285,0.3428571428571428,P_DIVERSITY__V,0.2428571428571428,0.2828571428571429,aiops2022,exp_evidence_selection,49.46268656716418,67,2075.358208955224,67,False,0.0428571428571428,4923.914285714286,70,qwen3.8-27b,0.2226190476190476,70,180.5857142857143,70,0.0,main_report,3069.0298507462685,67,0.0,0.0
0.2285714285714285,0.3714285714285714,0.3857142857142857,P_LOG_FREQ__T,0.2904761904761904,0.3285714285714285,aiops2022,exp_evidence_selection,49.5,70,0.0,70,False,0.0,12889.085714285717,70,qwen3.8-27b,0.2869047619047619,70,185.95714285714288,70,0.0,main_report,12889.085714285717,70,0.0,0.0
0.1571428571428571,0.2857142857142857,0.3142857142857143,P_LOG_FREQ__V,0.219047619047619,0.2542857142857142,aiops2022,exp_evidence_selection,49.46268656716418,67,2075.358208955224,67,False,0.0428571428571428,4923.9,70,qwen3.8-27b,0.2159523809523809,70,173.04285714285714,70,0.0,main_report,3069.0149253731342,67,0.0,0.0
0.1142857142857142,0.2,0.2,P_RANDOM__T,0.1523809523809524,0.1714285714285714,aiops2022,exp_evidence_selection,49.5,70,0.0,70,False,0.0,12212.471428571427,70,qwen3.8-27b,0.1476190476190476,70,240.6,70,0.0,main_report,12212.471428571427,70,0.0,0.0
0.0571428571428571,0.0714285714285714,0.0714285714285714,P_RANDOM__V,0.0619047619047619,0.0657142857142857,aiops2022,exp_evidence_selection,49.44776119402985,67,2075.358208955224,67,True,0.0428571428571428,4923.914285714286,70,qwen3.8-27b,0.0619047619047619,70,182.04285714285717,70,0.0714285714285714,main_report,3069.0298507462685,67,0.0,0.0714285714285714
0.1428571428571428,0.2571428571428571,0.2714285714285714,P_SIGMA__T,0.2047619047619047,0.2314285714285714,aiops2022,exp_evidence_selection,49.5,70,0.0,70,False,0.0,13862.385714285714,70,qwen3.8-27b,0.1964285714285714,70,167.72857142857143,70,0.0,main_report,13862.385714285714,70,0.0,0.0
0.0571428571428571,0.1285714285714285,0.1428571428571428,P_SIGMA__V,0.0952380952380952,0.1142857142857142,aiops2022,exp_evidence_selection,49.5,70,2075.4,70,False,0.0,5144.442857142857,70,qwen3.8-27b,0.0916666666666666,70,189.64285714285717,70,0.0142857142857142,main_report,3069.042857142857,70,0.0,0.0142857142857142
0.2142857142857142,0.4285714285714285,0.4428571428571428,P_TRACE_SC__T,0.3047619047619047,0.36,aiops2022,exp_evidence_selection,49.5,70,0.0,70,False,0.0,12887.142857142857,70,qwen3.8-27b,0.2988095238095238,70,168.2,70,0.0,main_report,12887.142857142857,70,0.0,0.0
0.1571428571428571,0.3142857142857143,0.3142857142857143,P_TRACE_SC__V,0.2285714285714285,0.2628571428571429,aiops2022,exp_evidence_selection,49.5,70,2075.4,70,False,0.0,5144.442857142857,70,qwen3.8-27b,0.219047619047619,70,201.75714285714287,70,0.0,main_report,3069.042857142857,70,0.0,0.0
0.1285714285714285,0.3714285714285714,0.3857142857142857,P0__T,0.2476190476190476,0.3,aiops2025,exp_evidence_selection,49.2,70,0.0,70,False,0.0,11856.257142857145,70,qwen3.8-27b,0.2314285714285714,70,168.0,70,0.0,main_report,11856.257142857145,70,0.0,0.0
0.1571428571428571,0.2857142857142857,0.3,P0__V,0.2238095238095237,0.2542857142857143,aiops2025,exp_evidence_selection,49.2,70,2065.6,70,False,0.0,4815.614285714286,70,qwen3.8-27b,0.2154761904761905,70,190.3428571428572,70,0.0,main_report,2750.014285714285,70,0.0,0.0
0.1428571428571428,0.3714285714285714,0.3857142857142857,P_BARO_RS__T,0.2523809523809524,0.3057142857142857,aiops2025,exp_evidence_selection,49.2,70,0.0,70,False,0.0,12191.9,70,qwen3.8-27b,0.2392857142857143,70,159.0,70,0.0,main_report,12191.9,70,0.0,0.0
0.1428571428571428,0.3142857142857143,0.3428571428571428,P_BARO_RS__V,0.2428571428571428,0.2828571428571428,aiops2025,exp_evidence_selection,49.2,70,2065.6,70,False,0.0,4815.614285714286,70,qwen3.8-27b,0.2285714285714285,70,196.77142857142857,70,0.0142857142857142,main_report,2750.014285714285,70,0.0,0.0142857142857142
0.1142857142857142,0.3,0.3285714285714285,P_COVERAGE__T,0.2047619047619047,0.2485714285714285,aiops2025,exp_evidence_selection,49.2,70,0.0,70,False,0.0,11922.742857142855,70,qwen3.8-27b,0.1961904761904761,70,165.18571428571428,70,0.0,main_report,11922.742857142855,70,0.0,0.0
0.0571428571428571,0.2142857142857142,0.2142857142857142,P_COVERAGE__V,0.1333333333333333,0.1657142857142857,aiops2025,exp_evidence_selection,49.32692307692308,52,2071.3076923076924,52,False,0.2571428571428571,3581.5714285714284,70,qwen3.8-27b,0.1214285714285714,70,140.81428571428572,70,0.0,main_report,2750.038461538461,52,0.0,0.0
0.1714285714285714,0.4,0.4142857142857143,P_DIVERSITY__T,0.2857142857142857,0.3342857142857142,aiops2025,exp_evidence_selection,49.2,70,0.0,70,False,0.0,11922.557142857142,70,qwen3.8-27b,0.2695238095238095,70,207.78571428571428,70,0.0,main_report,11922.557142857142,70,0.0,0.0
0.1,0.2285714285714285,0.2428571428571428,P_DIVERSITY__V,0.1761904761904761,0.2028571428571428,aiops2025,exp_evidence_selection,49.29824561403509,57,2070.315789473684,57,False,0.1857142857142857,3925.342857142857,70,qwen3.8-27b,0.1630952380952381,70,150.8,70,0.0,main_report,2750.280701754386,57,0.0,0.0
0.1428571428571428,0.3857142857142857,0.3857142857142857,P_LOG_FREQ__T,0.2666666666666666,0.3142857142857143,aiops2025,exp_evidence_selection,49.2,70,0.0,70,False,0.0,11850.971428571427,70,qwen3.8-27b,0.2452380952380952,70,161.2,70,0.0,main_report,11850.971428571427,70,0.0,0.0
0.1142857142857142,0.2142857142857142,0.2285714285714285,P_LOG_FREQ__V,0.1714285714285714,0.1942857142857142,aiops2025,exp_evidence_selection,49.267857142857146,56,2069.625,56,False,0.2,3855.828571428572,70,qwen3.8-27b,0.1630952380952381,70,149.24285714285713,70,0.0,main_report,2750.160714285714,56,0.0,0.0
0.1571428571428571,0.3,0.3,P_RANDOM__T,0.2333333333333333,0.26,aiops2025,exp_evidence_selection,49.2,70,0.0,70,False,0.0,11567.285714285714,70,qwen3.8-27b,0.219047619047619,70,216.3428571428572,70,0.0,main_report,11567.285714285714,70,0.0,0.0
0.0285714285714285,0.0714285714285714,0.0714285714285714,P_RANDOM__V,0.0476190476190476,0.0571428571428571,aiops2025,exp_evidence_selection,47.10344827586207,29,2051.551724137931,29,False,0.5857142857142857,1988.2142857142856,70,qwen3.8-27b,0.0452380952380952,70,84.08571428571429,70,0.0142857142857142,main_report,2747.586206896552,29,0.0,0.0142857142857142
0.1428571428571428,0.3714285714285714,0.3714285714285714,P_SIGMA__T,0.2476190476190476,0.2971428571428571,aiops2025,exp_evidence_selection,49.2,70,0.0,70,False,0.0,12343.142857142857,70,qwen3.8-27b,0.2333333333333333,70,165.3,70,0.0,main_report,12343.142857142857,70,0.0,0.0
0.1285714285714285,0.3142857142857143,0.3142857142857143,P_SIGMA__V,0.2285714285714285,0.2628571428571429,aiops2025,exp_evidence_selection,49.2,70,2065.6,70,False,0.0,4815.614285714286,70,qwen3.8-27b,0.2095238095238095,70,182.75714285714287,70,0.0285714285714285,main_report,2750.014285714285,70,0.0,0.0285714285714285
0.1571428571428571,0.4,0.4142857142857143,P_TRACE_SC__T,0.2761904761904761,0.3285714285714285,aiops2025,exp_evidence_selection,49.2,70,0.0,70,False,0.0,11864.728571428572,70,qwen3.8-27b,0.26,70,168.8,70,0.0,main_report,11864.728571428572,70,0.0,0.0
0.1285714285714285,0.3142857142857143,0.3142857142857143,P_TRACE_SC__V,0.2142857142857142,0.2542857142857143,aiops2025,exp_evidence_selection,49.2,70,2065.6,70,False,0.0,4815.614285714286,70,qwen3.8-27b,0.2023809523809523,70,202.77142857142857,70,0.0,main_report,2750.014285714285,70,0.0,0.0
0.2428571428571428,0.4619047619047619,0.4809523809523809,P0__T,0.3571428571428571,0.4047619047619047,pooled_descriptive,exp_evidence_selection,50.23333333333333,210,0.0,210,False,0.0,12954.209523809524,210,qwen3.8-27b,0.3407936507936507,210,167.42380952380952,210,0.0,main_report,12954.209523809524,210,0.0,0.0
0.1952380952380952,0.3761904761904762,0.3904761904761905,P0__V,0.2888888888888888,0.3295238095238095,pooled_descriptive,exp_evidence_selection,50.23333333333333,210,2086.133333333333,210,False,0.0,5133.809523809524,210,qwen3.8-27b,0.2757936507936507,210,185.8047619047619,210,0.0047619047619047,main_report,3047.67619047619,210,0.0,0.0047619047619047
0.2238095238095238,0.4428571428571428,0.4571428571428571,P_BARO_RS__T,0.3333333333333333,0.3819047619047619,pooled_descriptive,exp_evidence_selection,50.23333333333333,210,0.0,210,False,0.0,13391.795238095236,210,qwen3.8-27b,0.3184126984126983,210,158.34761904761905,210,0.0,main_report,13391.795238095236,210,0.0,0.0
0.1571428571428571,0.3666666666666666,0.3809523809523809,P_BARO_RS__V,0.273015873015873,0.3161904761904762,pooled_descriptive,exp_evidence_selection,50.23333333333333,210,2086.133333333333,210,False,0.0,5133.809523809524,210,qwen3.8-27b,0.2535714285714285,210,193.0142857142857,210,0.0047619047619047,main_report,3047.67619047619,210,0.0,0.0047619047619047
0.1952380952380952,0.3857142857142857,0.4095238095238095,P_COVERAGE__T,0.2873015873015873,0.3333333333333333,pooled_descriptive,exp_evidence_selection,50.23333333333333,210,0.0,210,False,0.0,12943.757142857145,210,qwen3.8-27b,0.2782539682539682,210,174.42380952380952,210,0.0,main_report,12943.757142857145,210,0.0,0.0
0.0857142857142857,0.2714285714285714,0.2761904761904762,P_COVERAGE__V,0.1809523809523809,0.219047619047619,pooled_descriptive,exp_evidence_selection,50.37222222222222,180,2089.9444444444443,180,False,0.1428571428571428,4418.190476190476,210,qwen3.8-27b,0.1654761904761904,210,157.3047619047619,210,0.0095238095238095,main_report,3064.6111111111118,180,0.0,0.0095238095238095
0.2333333333333333,0.4476190476190476,0.4523809523809524,P_DIVERSITY__T,0.3476190476190476,0.3885714285714285,pooled_descriptive,exp_evidence_selection,50.23333333333333,210,0.0,210,False,0.0,13028.671428571428,210,qwen3.8-27b,0.3271428571428572,210,185.14761904761903,210,0.0,main_report,13028.671428571428,210,0.0,0.0
0.1619047619047619,0.3523809523809524,0.3619047619047619,P_DIVERSITY__V,0.2714285714285714,0.3076190476190475,pooled_descriptive,exp_evidence_selection,50.26881720430107,186,2087.6612903225805,186,False,0.1142857142857142,4556.019047619047,210,qwen3.8-27b,0.2507936507936508,210,167.51904761904763,210,0.0047619047619047,main_report,3056.2311827956987,186,0.0,0.0047619047619047
0.2428571428571428,0.4523809523809524,0.4714285714285714,P_LOG_FREQ__T,0.3460317460317459,0.3961904761904761,pooled_descriptive,exp_evidence_selection,50.23333333333333,210,0.0,210,False,0.0,12913.761904761905,210,qwen3.8-27b,0.3341269841269841,210,166.91904761904763,210,0.0,main_report,12913.761904761905,210,0.0,0.0
0.1857142857142857,0.3428571428571428,0.3571428571428571,P_LOG_FREQ__V,0.2682539682539682,0.3028571428571428,pooled_descriptive,exp_evidence_selection,50.26086956521739,184,2087.695652173913,184,False,0.1238095238095238,4507.166666666667,210,qwen3.8-27b,0.2565079365079364,210,159.72857142857143,210,0.0047619047619047,main_report,3056.353260869565,184,0.0,0.0047619047619047
0.1428571428571428,0.2809523809523809,0.2857142857142857,P_RANDOM__T,0.211111111111111,0.2409523809523809,pooled_descriptive,exp_evidence_selection,50.23333333333333,210,0.0,210,False,0.0,12429.090476190477,210,qwen3.8-27b,0.2011904761904762,210,203.9,210,0.0,main_report,12429.090476190477,210,0.0,0.0
0.0666666666666666,0.1238095238095238,0.1238095238095238,P_RANDOM__V,0.0936507936507936,0.1057142857142857,pooled_descriptive,exp_evidence_selection,49.9496855345912,159,2086.194968553459,159,False,0.2428571428571428,3935.295238095238,210,qwen3.8-27b,0.0896825396825396,210,144.7809523809524,210,0.0333333333333333,main_report,3111.364779874214,159,0.0,0.0333333333333333
0.1952380952380952,0.3714285714285714,0.3761904761904762,P_SIGMA__T,0.2825396825396825,0.32,pooled_descriptive,exp_evidence_selection,50.23333333333333,210,0.0,210,False,0.0,13528.066666666668,210,qwen3.8-27b,0.2694444444444444,210,162.71428571428572,210,0.0,main_report,13528.066666666668,210,0.0,0.0
0.1047619047619047,0.2666666666666666,0.2714285714285714,P_SIGMA__V,0.1857142857142857,0.22,pooled_descriptive,exp_evidence_selection,50.23333333333333,210,2086.133333333333,210,False,0.0,5133.809523809524,210,qwen3.8-27b,0.1734126984126984,210,184.54761904761904,210,0.0142857142857142,main_report,3047.67619047619,210,0.0,0.0142857142857142
0.2666666666666666,0.5095238095238095,0.5238095238095238,P_TRACE_SC__T,0.3809523809523809,0.4361904761904762,pooled_descriptive,exp_evidence_selection,50.23333333333333,210,0.0,210,False,0.0,12924.728571428572,210,qwen3.8-27b,0.3673809523809523,210,163.6095238095238,210,0.0,main_report,12924.728571428572,210,0.0,0.0
0.2,0.3857142857142857,0.3857142857142857,P_TRACE_SC__V,0.2904761904761905,0.3285714285714285,pooled_descriptive,exp_evidence_selection,50.23333333333333,210,2086.133333333333,210,False,0.0,5133.809523809524,210,qwen3.8-27b,0.2761904761904761,210,196.0857142857143,210,0.0,main_report,3047.67619047619,210,0.0,0.0
0.33,0.6,0.64,P0__T,0.48,0.542,aegislab,exp_evidence_selection,52.08,100,0.0,100,False,0.0,14030.97,100,qwen3.8-27b,0.4594999999999999,100,160.34,100,0.0,all,14030.97,100,0.0,0.0
0.28,0.54,0.54,P0__V,0.41,0.4619999999999999,aegislab,exp_evidence_selection,52.08,100,2117.33,100,False,0.0,5441.52,100,qwen3.8-27b,0.3883333333333333,100,175.72,100,0.0,all,3324.19,100,0.0,0.0
0.27,0.56,0.57,P_BARO_RS__T,0.42,0.48,aegislab,exp_evidence_selection,52.08,100,0.0,100,False,0.0,14100.53,100,qwen3.8-27b,0.3958333333333333,100,150.8,100,0.0,all,14100.53,100,0.0,0.0
0.17,0.42,0.42,P_BARO_RS__V,0.2966666666666666,0.346,aegislab,exp_evidence_selection,52.08,100,2117.33,100,False,0.0,5441.52,100,qwen3.8-27b,0.2749999999999999,100,185.13,100,0.0,all,3324.19,100,0.0,0.0
0.36,0.61,0.64,P_COVERAGE__T,0.49,0.5479999999999999,aegislab,exp_evidence_selection,52.08,100,0.0,100,False,0.0,14114.79,100,qwen3.8-27b,0.4736666666666667,100,177.23,100,0.0,all,14114.79,100,0.0,0.0
0.13,0.37,0.37,P_COVERAGE__V,0.2666666666666666,0.308,aegislab,exp_evidence_selection,52.0,86,2116.9767441860463,86,False,0.14,4679.21,100,qwen3.8-27b,0.2383333333333333,100,156.53,100,0.0,all,3323.9651162790697,86,0.0,0.0
0.41,0.62,0.62,P_DIVERSITY__T,0.52,0.56,aegislab,exp_evidence_selection,52.08,100,0.0,100,False,0.0,14192.72,100,qwen3.8-27b,0.5,100,164.94,100,0.0,all,14192.72,100,0.0,0.0
0.24,0.44,0.44,P_DIVERSITY__V,0.3533333333333333,0.3879999999999999,aegislab,exp_evidence_selection,51.83720930232558,86,2113.558139534884,86,False,0.14,4676.21,100,qwen3.8-27b,0.33,100,164.03,100,0.01,all,3323.895348837209,86,0.0,0.01
0.32,0.56,0.61,P_LOG_FREQ__T,0.44,0.504,aegislab,exp_evidence_selection,52.08,100,0.0,100,False,0.0,13977.95,100,qwen3.8-27b,0.4315,100,162.63,100,0.0,all,13977.95,100,0.0,0.0
0.3,0.5,0.5,P_LOG_FREQ__V,0.3999999999999999,0.4399999999999999,aegislab,exp_evidence_selection,52.03409090909091,88,2116.2386363636365,88,False,0.12,4787.32,100,qwen3.8-27b,0.3833333333333333,100,157.89,100,0.01,all,3323.8977272727275,88,0.0,0.01
0.15,0.32,0.33,P_RANDOM__T,0.2266666666666666,0.2679999999999999,aegislab,exp_evidence_selection,52.08,100,0.0,100,False,0.0,13536.87,100,qwen3.8-27b,0.2191666666666666,100,169.57,100,0.0,all,13536.87,100,0.0,0.0
0.08,0.21,0.21,P_RANDOM__V,0.1533333333333333,0.176,aegislab,exp_evidence_selection,51.69318181818182,88,2111.2272727272725,88,False,0.12,4783.05,100,qwen3.8-27b,0.1383333333333333,100,162.08,100,0.01,all,3324.056818181818,88,0.0,0.01
0.24,0.46,0.46,P_SIGMA__T,0.35,0.3939999999999999,aegislab,exp_evidence_selection,52.08,100,0.0,100,False,0.0,14342.68,100,qwen3.8-27b,0.3316666666666666,100,156.17,100,0.0,all,14342.68,100,0.0,0.0
0.12,0.31,0.31,P_SIGMA__V,0.21,0.25,aegislab,exp_evidence_selection,52.08,100,2117.33,100,False,0.0,5441.52,100,qwen3.8-27b,0.1966666666666666,100,183.78,100,0.0,all,3324.19,100,0.0,0.0
0.36,0.61,0.63,P_TRACE_SC__T,0.4866666666666666,0.5419999999999999,aegislab,exp_evidence_selection,52.08,100,0.0,100,False,0.0,14000.82,100,qwen3.8-27b,0.4695,100,153.5,100,0.0,all,14000.82,100,0.0,0.0
0.29,0.49,0.49,P_TRACE_SC__V,0.3966666666666665,0.4339999999999999,aegislab,exp_evidence_selection,52.08,100,2117.33,100,False,0.0,5441.52,100,qwen3.8-27b,0.3766666666666667,100,183.5,100,0.0,all,3324.19,100,0.0,0.0
0.18,0.35,0.36,P0__T,0.2666666666666666,0.304,aiops2022,exp_evidence_selection,49.37,100,0.0,100,False,0.0,12916.31,100,qwen3.8-27b,0.2541666666666666,100,178.57,100,0.0,all,12916.31,100,0.0,0.0
0.12,0.23,0.26,P0__V,0.1833333333333333,0.212,aiops2022,exp_evidence_selection,49.37,100,2071.76,100,False,0.0,5140.89,100,qwen3.8-27b,0.177,100,189.17,100,0.01,all,3069.13,100,0.0,0.01
0.16,0.32,0.35,P_BARO_RS__T,0.24,0.282,aiops2022,exp_evidence_selection,49.37,100,0.0,100,False,0.0,13829.07,100,qwen3.8-27b,0.2336666666666666,100,205.15,100,0.0,all,13829.07,100,0.0,0.0
0.14,0.28,0.29,P_BARO_RS__V,0.2266666666666666,0.252,aiops2022,exp_evidence_selection,49.37,100,2071.76,100,False,0.0,5140.89,100,qwen3.8-27b,0.2091666666666666,100,193.99,100,0.0,all,3069.13,100,0.0,0.0
0.08,0.25,0.25,P_COVERAGE__T,0.1666666666666666,0.2,aiops2022,exp_evidence_selection,49.37,100,0.0,100,False,0.0,12765.5,100,qwen3.8-27b,0.1516666666666666,100,190.95,100,0.0,all,12765.5,100,0.0,0.0
0.08,0.17,0.18,P_COVERAGE__V,0.1233333333333333,0.146,aiops2022,exp_evidence_selection,49.3125,96,2071.2291666666665,96,False,0.04,4934.72,100,qwen3.8-27b,0.1191666666666666,100,174.86,100,0.04,all,3069.1041666666665,96,0.0,0.04
0.09,0.3,0.3,P_DIVERSITY__T,0.21,0.2459999999999999,aiops2022,exp_evidence_selection,49.37,100,0.0,100,False,0.0,12935.07,100,qwen3.8-27b,0.185,100,191.21,100,0.0,all,12935.07,100,0.0,0.0
0.1,0.28,0.29,P_DIVERSITY__V,0.2033333333333333,0.238,aiops2022,exp_evidence_selection,49.29166666666666,96,2071.2291666666665,96,False,0.04,4934.72,100,qwen3.8-27b,0.1841666666666666,100,179.86,100,0.0,all,3069.1041666666665,96,0.0,0.0
0.19,0.34,0.35,P_LOG_FREQ__T,0.2666666666666666,0.3,aiops2022,exp_evidence_selection,49.37,100,0.0,100,False,0.0,12835.01,100,qwen3.8-27b,0.2558333333333333,100,188.13,100,0.0,all,12835.01,100,0.0,0.0
0.12,0.27,0.29,P_LOG_FREQ__V,0.2,0.2339999999999999,aiops2022,exp_evidence_selection,49.29166666666666,96,2071.2291666666665,96,False,0.04,4934.71,100,qwen3.8-27b,0.1895,100,172.06,100,0.02,all,3069.09375,96,0.0,0.02
0.1,0.18,0.18,P_RANDOM__T,0.14,0.156,aiops2022,exp_evidence_selection,49.37,100,0.0,100,False,0.0,12182.1,100,qwen3.8-27b,0.1333333333333333,100,214.22,100,0.0,all,12182.1,100,0.0,0.0
0.05,0.08,0.08,P_RANDOM__V,0.0633333333333333,0.07,aiops2022,exp_evidence_selection,49.28125,96,2071.2291666666665,96,False,0.04,4934.72,100,qwen3.8-27b,0.0616666666666666,100,181.23,100,0.05,all,3069.1041666666665,96,0.0,0.05
0.13,0.24,0.25,P_SIGMA__T,0.1933333333333333,0.216,aiops2022,exp_evidence_selection,49.37,100,0.0,100,False,0.0,13832.57,100,qwen3.8-27b,0.1825,100,181.7,100,0.0,all,13832.57,100,0.0,0.0
0.06,0.13,0.14,P_SIGMA__V,0.0966666666666666,0.114,aiops2022,exp_evidence_selection,49.37,100,2071.76,100,False,0.0,5140.89,100,qwen3.8-27b,0.0925,100,189.79,100,0.02,all,3069.13,100,0.0,0.02
0.16,0.36,0.37,P_TRACE_SC__T,0.25,0.298,aiops2022,exp_evidence_selection,49.37,100,0.0,100,False,0.0,12848.13,100,qwen3.8-27b,0.2408333333333333,100,165.54,100,0.0,all,12848.13,100,0.0,0.0
0.13,0.3,0.31,P_TRACE_SC__V,0.21,0.25,aiops2022,exp_evidence_selection,49.37,100,2071.76,100,False,0.0,5140.89,100,qwen3.8-27b,0.2008333333333333,100,198.23,100,0.0,all,3069.13,100,0.0,0.0
0.11,0.37,0.39,P0__T,0.2333333333333333,0.294,aiops2025,exp_evidence_selection,49.37,100,0.0,100,False,0.0,11875.56,100,qwen3.8-27b,0.2195,100,174.83,100,0.0,all,11875.56,100,0.0,0.0
0.17,0.31,0.32,P0__V,0.2433333333333333,0.2739999999999999,aiops2025,exp_evidence_selection,49.37,100,2068.33,100,False,0.0,4817.27,100,qwen3.8-27b,0.2325,100,188.54,100,0.0,all,2748.94,100,0.0,0.0
0.14,0.37,0.39,P_BARO_RS__T,0.25,0.306,aiops2025,exp_evidence_selection,49.37,100,0.0,100,False,0.0,12220.63,100,qwen3.8-27b,0.2383333333333333,100,181.46,100,0.0,all,12220.63,100,0.0,0.0
0.15,0.31,0.33,P_BARO_RS__V,0.2433333333333333,0.2779999999999999,aiops2025,exp_evidence_selection,49.37,100,2068.33,100,False,0.0,4817.27,100,qwen3.8-27b,0.2283333333333333,100,198.41,100,0.01,all,2748.94,100,0.0,0.01
0.14,0.34,0.37,P_COVERAGE__T,0.24,0.286,aiops2025,exp_evidence_selection,49.37,100,0.0,100,False,0.0,11921.87,100,qwen3.8-27b,0.2293333333333333,100,163.34,100,0.0,all,11921.87,100,0.0,0.0
0.09,0.24,0.24,P_COVERAGE__V,0.1633333333333333,0.1939999999999999,aiops2025,exp_evidence_selection,49.44303797468354,79,2072.4050632911394,79,False,0.21,3808.62,100,qwen3.8-27b,0.1516666666666666,100,153.15,100,0.0,all,2748.6329113924053,79,0.0,0.0
0.19,0.38,0.39,P_DIVERSITY__T,0.2866666666666666,0.326,aiops2025,exp_evidence_selection,49.37,100,0.0,100,False,0.0,11958.84,100,qwen3.8-27b,0.272,100,219.39,100,0.0,all,11958.84,100,0.0,0.0
0.1,0.24,0.25,P_DIVERSITY__V,0.18,0.208,aiops2025,exp_evidence_selection,49.225,80,2069.8,80,False,0.2,3855.22,100,qwen3.8-27b,0.1658333333333333,100,152.9,100,0.01,all,2749.225,80,0.0,0.01
0.13,0.38,0.38,P_LOG_FREQ__T,0.2533333333333333,0.304,aiops2025,exp_evidence_selection,49.37,100,0.0,100,False,0.0,11867.12,100,qwen3.8-27b,0.2333333333333333,100,162.22,100,0.0,all,11867.12,100,0.0,0.0
0.15,0.27,0.29,P_LOG_FREQ__V,0.2133333333333333,0.244,aiops2025,exp_evidence_selection,49.33734939759036,83,2070.0361445783133,83,False,0.17,3999.65,100,qwen3.8-27b,0.2066666666666666,100,153.95,100,0.01,all,2748.8192771084337,83,0.0,0.01
0.16,0.33,0.33,P_RANDOM__T,0.2533333333333333,0.284,aiops2025,exp_evidence_selection,49.37,100,0.0,100,False,0.0,11585.78,100,qwen3.8-27b,0.2349999999999999,100,209.51,100,0.0,all,11585.78,100,0.0,0.0
0.05,0.08,0.08,P_RANDOM__V,0.0633333333333333,0.07,aiops2025,exp_evidence_selection,47.68421052631579,38,2060.0,38,False,0.62,1826.61,100,qwen3.8-27b,0.0616666666666666,100,76.73,100,0.01,all,2746.868421052632,38,0.0,0.01
0.15,0.34,0.34,P_SIGMA__T,0.24,0.28,aiops2025,exp_evidence_selection,49.37,100,0.0,100,False,0.0,12362.06,100,qwen3.8-27b,0.2266666666666666,100,164.94,100,0.0,all,12362.06,100,0.0,0.0
0.11,0.31,0.32,P_SIGMA__V,0.2133333333333333,0.256,aiops2025,exp_evidence_selection,49.37,100,2068.33,100,False,0.0,4817.27,100,qwen3.8-27b,0.1974999999999999,100,188.68,100,0.02,all,2748.94,100,0.0,0.02
0.16,0.41,0.42,P_TRACE_SC__T,0.29,0.34,aiops2025,exp_evidence_selection,49.37,100,0.0,100,False,0.0,11883.24,100,qwen3.8-27b,0.2686666666666666,100,168.89,100,0.0,all,11883.24,100,0.0,0.0
0.17,0.36,0.37,P_TRACE_SC__V,0.2599999999999999,0.304,aiops2025,exp_evidence_selection,49.37,100,2068.33,100,False,0.0,4817.27,100,qwen3.8-27b,0.2491666666666666,100,199.48,100,0.0,all,2748.94,100,0.0,0.0
0.7333333333333333,0.9555555555555556,0.9777777777777776,P0__T,0.8518518518518517,0.9,re2_ob,exp_evidence_selection,48.86666666666667,90,0.0,90,False,0.0,13582.166666666666,90,qwen3.8-27b,0.8346296296296296,90,152.94444444444446,90,0.0,all,13582.166666666666,90,0.0,0.0
0.3777777777777777,0.8,0.8111111111111111,P0__V,0.5962962962962963,0.6822222222222222,re2_ob,exp_evidence_selection,48.86666666666667,90,2109.0,90,False,0.0,4008.677777777778,90,qwen3.8-27b,0.5601851851851851,90,193.1888888888889,90,0.0,all,1899.6777777777777,90,0.0,0.0
0.6666666666666666,0.9777777777777776,1.0,P_BARO_RS__T,0.8407407407407407,0.902222222222222,re2_ob,exp_evidence_selection,48.86666666666667,90,0.0,90,False,0.0,14687.877777777778,90,qwen3.8-27b,0.8105555555555556,90,158.0888888888889,90,0.0,all,14687.877777777778,90,0.0,0.0
0.4333333333333333,0.7888888888888889,0.7888888888888889,P_BARO_RS__V,0.637037037037037,0.6977777777777777,re2_ob,exp_evidence_selection,48.86666666666667,90,2109.0,90,False,0.0,4008.677777777778,90,qwen3.8-27b,0.5944444444444444,90,186.37777777777777,90,0.0,all,1899.6777777777777,90,0.0,0.0
0.6555555555555556,0.9444444444444444,0.9444444444444444,P_COVERAGE__T,0.8296296296296295,0.8755555555555555,re2_ob,exp_evidence_selection,48.86666666666667,90,0.0,90,False,0.0,13222.211111111112,90,qwen3.8-27b,0.7907407407407407,90,153.7,90,0.0,all,13222.211111111112,90,0.0,0.0
0.2,0.5222222222222223,0.5222222222222223,P_COVERAGE__V,0.3814814814814814,0.4377777777777777,re2_ob,exp_evidence_selection,48.8,60,2109.0,60,False,0.3333333333333333,2672.3,90,qwen3.8-27b,0.3444444444444444,90,134.92222222222222,90,0.0,all,1899.45,60,0.0,0.0
0.7888888888888889,0.9888888888888888,1.0,P_DIVERSITY__T,0.9074074074074072,0.9422222222222224,re2_ob,exp_evidence_selection,48.86666666666667,90,0.0,90,False,0.0,13644.133333333331,90,qwen3.8-27b,0.8837037037037037,90,169.23333333333332,90,0.0,all,13644.133333333331,90,0.0,0.0
0.3111111111111111,0.6,0.6,P_DIVERSITY__V,0.474074074074074,0.5244444444444443,re2_ob,exp_evidence_selection,48.815384615384616,65,2109.0,65,False,0.2777777777777778,2895.1666666666665,90,qwen3.8-27b,0.4407407407407407,90,128.5888888888889,90,0.0111111111111111,all,1899.692307692308,65,0.0,0.0111111111111111
0.7555555555555555,0.9555555555555556,0.9777777777777776,P_LOG_FREQ__T,0.8592592592592592,0.9044444444444444,re2_ob,exp_evidence_selection,48.86666666666667,90,0.0,90,False,0.0,13644.08888888889,90,qwen3.8-27b,0.8457407407407407,90,152.98888888888888,90,0.0,all,13644.08888888889,90,0.0,0.0
0.2444444444444444,0.5666666666666667,0.5666666666666667,P_LOG_FREQ__V,0.4185185185185185,0.4777777777777778,re2_ob,exp_evidence_selection,48.81818181818182,66,2109.0,66,False,0.2666666666666666,2939.6444444444446,90,qwen3.8-27b,0.3851851851851852,90,139.36666666666667,90,0.0,all,1899.6060606060605,66,0.0,0.0
0.5888888888888889,0.9,0.9111111111111112,P_RANDOM__T,0.7444444444444442,0.811111111111111,re2_ob,exp_evidence_selection,48.86666666666667,90,0.0,90,False,0.0,12834.077777777778,90,qwen3.8-27b,0.7212962962962962,90,169.32222222222222,90,0.0,all,12834.077777777778,90,0.0,0.0
0.2333333333333333,0.5111111111111111,0.5111111111111111,P_RANDOM__V,0.3703703703703703,0.4266666666666666,re2_ob,exp_evidence_selection,48.84615384615385,78,2109.0,78,False,0.1333333333333333,3474.0666666666666,90,qwen3.8-27b,0.3481481481481481,90,165.0222222222222,90,0.0111111111111111,all,1899.5384615384612,78,0.0,0.0111111111111111
0.7222222222222222,0.9555555555555556,0.9666666666666668,P_SIGMA__T,0.8481481481481481,0.8933333333333334,re2_ob,exp_evidence_selection,48.86666666666667,90,0.0,90,False,0.0,13709.666666666666,90,qwen3.8-27b,0.8262962962962962,90,153.03333333333333,90,0.0,all,13709.666666666666,90,0.0,0.0
0.5333333333333333,0.8,0.8,P_SIGMA__V,0.674074074074074,0.7244444444444444,re2_ob,exp_evidence_selection,48.86666666666667,90,2109.0,90,False,0.0,4008.677777777778,90,qwen3.8-27b,0.6481481481481481,90,189.76666666666668,90,0.0,all,1899.6777777777777,90,0.0,0.0
0.7111111111111111,0.9444444444444444,0.9666666666666668,P_TRACE_SC__T,0.837037037037037,0.8866666666666666,re2_ob,exp_evidence_selection,48.86666666666667,90,0.0,90,False,0.0,13580.377777777778,90,qwen3.8-27b,0.8179629629629629,90,160.36666666666667,90,0.0,all,13580.377777777778,90,0.0,0.0
0.3222222222222222,0.8111111111111111,0.8111111111111111,P_TRACE_SC__V,0.5925925925925927,0.6799999999999999,re2_ob,exp_evidence_selection,48.86666666666667,90,2109.0,90,False,0.0,4008.677777777778,90,qwen3.8-27b,0.5388888888888889,90,175.54444444444445,90,0.0,all,1899.6777777777777,90,0.0,0.0
0.7,0.8777777777777778,0.8888888888888888,P0__T,0.7962962962962962,0.8333333333333334,re2_tt,exp_evidence_selection,50.888888888888886,90,0.0,90,False,0.0,15287.055555555557,90,qwen3.8-27b,0.7805555555555556,90,156.55555555555554,90,0.0,all,15287.055555555557,90,0.0,0.0
0.3111111111111111,0.6777777777777778,0.6777777777777778,P0__V,0.5148148148148148,0.58,re2_tt,exp_evidence_selection,50.888888888888886,90,2106.822222222222,90,False,0.0,4690.311111111111,90,qwen3.8-27b,0.474074074074074,90,181.53333333333333,90,0.0,all,2583.488888888889,90,0.0,0.0
0.7111111111111111,0.8777777777777778,0.8777777777777778,P_BARO_RS__T,0.7888888888888889,0.8244444444444443,re2_tt,exp_evidence_selection,50.888888888888886,90,0.0,90,False,0.0,15428.08888888889,90,qwen3.8-27b,0.7777777777777778,90,157.61111111111111,90,0.0,all,15428.08888888889,90,0.0,0.0
0.4111111111111111,0.7,0.7,P_BARO_RS__V,0.5703703703703704,0.6222222222222222,re2_tt,exp_evidence_selection,50.888888888888886,90,2106.822222222222,90,False,0.0,4690.311111111111,90,qwen3.8-27b,0.5388888888888889,90,189.12222222222223,90,0.0,all,2583.488888888889,90,0.0,0.0
0.7444444444444445,0.8888888888888888,0.8888888888888888,P_COVERAGE__T,0.8296296296296295,0.8533333333333333,re2_tt,exp_evidence_selection,50.888888888888886,90,0.0,90,False,0.0,14360.566666666668,90,qwen3.8-27b,0.8111111111111111,90,165.15555555555557,90,0.0,all,14360.566666666668,90,0.0,0.0
0.2,0.5333333333333333,0.5333333333333333,P_COVERAGE__V,0.374074074074074,0.4377777777777777,re2_tt,exp_evidence_selection,50.888888888888886,90,2106.822222222222,90,False,0.0,4690.311111111111,90,qwen3.8-27b,0.3425925925925926,90,174.96666666666667,90,0.0,all,2583.488888888889,90,0.0,0.0
0.6777777777777778,0.8777777777777778,0.8777777777777778,P_DIVERSITY__T,0.8,0.8311111111111112,re2_tt,exp_evidence_selection,50.888888888888886,90,0.0,90,False,0.0,14453.222222222224,90,qwen3.8-27b,0.7722222222222223,90,162.36666666666667,90,0.0,all,14453.222222222224,90,0.0,0.0
0.3333333333333333,0.6444444444444445,0.6444444444444445,P_DIVERSITY__V,0.5074074074074074,0.5622222222222222,re2_tt,exp_evidence_selection,50.888888888888886,90,2106.822222222222,90,False,0.0,4690.311111111111,90,qwen3.8-27b,0.4722222222222222,90,189.64444444444445,90,0.0,all,2583.488888888889,90,0.0,0.0
0.7666666666666667,0.9,0.9111111111111112,P_LOG_FREQ__T,0.8407407407407407,0.8688888888888889,re2_tt,exp_evidence_selection,50.888888888888886,90,0.0,90,False,0.0,15264.955555555556,90,qwen3.8-27b,0.8287037037037038,90,173.55555555555554,90,0.0,all,15264.955555555556,90,0.0,0.0
0.3333333333333333,0.6222222222222222,0.6222222222222222,P_LOG_FREQ__V,0.4851851851851851,0.5399999999999999,re2_tt,exp_evidence_selection,50.888888888888886,90,2106.822222222222,90,False,0.0,4690.311111111111,90,qwen3.8-27b,0.4574074074074074,90,189.51111111111112,90,0.0111111111111111,all,2583.488888888889,90,0.0,0.0111111111111111
0.1444444444444444,0.3444444444444444,0.3444444444444444,P_RANDOM__T,0.2518518518518518,0.2888888888888888,re2_tt,exp_evidence_selection,50.888888888888886,90,0.0,90,False,0.0,14183.81111111111,90,qwen3.8-27b,0.2314814814814814,90,166.73333333333332,90,0.0,all,14183.81111111111,90,0.0,0.0
0.0888888888888888,0.1888888888888888,0.1888888888888888,P_RANDOM__V,0.137037037037037,0.1577777777777777,re2_tt,exp_evidence_selection,50.888888888888886,90,2106.822222222222,90,False,0.0,4690.311111111111,90,qwen3.8-27b,0.1296296296296296,90,184.88888888888889,90,0.0,all,2583.488888888889,90,0.0,0.0
0.6555555555555556,0.8,0.8222222222222222,P_SIGMA__T,0.7370370370370372,0.7711111111111112,re2_tt,exp_evidence_selection,50.888888888888886,90,0.0,90,False,0.0,16142.444444444443,90,qwen3.8-27b,0.7259259259259261,90,168.56666666666666,90,0.0,all,16142.444444444443,90,0.0,0.0
0.3111111111111111,0.5555555555555556,0.5555555555555556,P_SIGMA__V,0.4555555555555555,0.4955555555555554,re2_tt,exp_evidence_selection,50.888888888888886,90,2106.822222222222,90,False,0.0,4690.311111111111,90,qwen3.8-27b,0.4240740740740741,90,180.3111111111111,90,0.0,all,2583.488888888889,90,0.0,0.0
0.7333333333333333,0.9,0.9,P_TRACE_SC__T,0.8296296296296295,0.8577777777777776,re2_tt,exp_evidence_selection,50.888888888888886,90,0.0,90,False,0.0,15295.255555555555,90,qwen3.8-27b,0.8092592592592592,90,159.88888888888889,90,0.0,all,15295.255555555555,90,0.0,0.0
0.3,0.6555555555555556,0.6555555555555556,P_TRACE_SC__V,0.4962962962962963,0.5599999999999999,re2_tt,exp_evidence_selection,50.888888888888886,90,2106.822222222222,90,False,0.0,4690.311111111111,90,qwen3.8-27b,0.4574074074074075,90,181.66666666666663,90,0.0111111111111111,all,2583.488888888889,90,0.0,0.0111111111111111
0.3979166666666666,0.61875,0.6395833333333333,P0__T,0.5131944444444444,0.5625,pooled_descriptive,exp_evidence_selection,50.125,480,0.0,480,False,0.0,13501.070833333331,480,qwen3.8-27b,0.4972569444444444,480,165.06041666666667,480,0.0,all,13501.070833333331,480,0.0,0.0
0.2479166666666666,0.5020833333333333,0.5125,P0__V,0.3826388888888888,0.4341666666666666,pooled_descriptive,exp_evidence_selection,50.125,480,2094.0958333333333,480,False,0.0,4839.327083333334,480,qwen3.8-27b,0.3601388888888889,480,185.5583333333333,480,0.0020833333333333,all,2745.23125,480,0.0,0.0020833333333333
0.3770833333333333,0.6083333333333333,0.625,P_BARO_RS__T,0.4951388888888888,0.54625,pooled_descriptive,exp_evidence_selection,50.125,480,0.0,480,False,0.0,14011.375,480,qwen3.8-27b,0.4786111111111111,480,171.15416666666667,480,0.0,all,14011.375,480,0.0,0.0
0.2541666666666666,0.4895833333333333,0.4958333333333333,P_BARO_RS__V,0.386111111111111,0.43,pooled_descriptive,exp_evidence_selection,50.125,480,2094.0958333333333,480,False,0.0,4839.327083333334,480,qwen3.8-27b,0.3609375,480,190.725,480,0.0020833333333333,all,2745.23125,480,0.0,0.0020833333333333
0.3833333333333333,0.59375,0.60625,P_COVERAGE__T,0.4979166666666667,0.5395833333333333,pooled_descriptive,exp_evidence_selection,50.125,480,0.0,480,False,0.0,13255.554166666669,480,qwen3.8-27b,0.4784027777777778,480,170.51875,480,0.0,all,13255.554166666669,480,0.0,0.0
0.1375,0.3604166666666666,0.3625,P_COVERAGE__V,0.2569444444444444,0.2991666666666666,pooled_descriptive,exp_evidence_selection,50.17031630170316,411,2094.3357664233577,411,False,0.14375,4176.854166666667,480,qwen3.8-27b,0.2348958333333333,480,159.05,480,0.0083333333333333,all,2783.7420924574208,411,0.0,0.0083333333333333
0.41875,0.6208333333333333,0.625,P_DIVERSITY__T,0.5319444444444444,0.5683333333333334,pooled_descriptive,exp_evidence_selection,50.125,480,0.0,480,False,0.0,13411.302083333334,480,qwen3.8-27b,0.5098611111111111,480,182.07916666666668,480,0.0,all,13411.302083333334,480,0.0,0.0
0.2125,0.4333333333333333,0.4375,P_DIVERSITY__V,0.3375,0.3775,pooled_descriptive,exp_evidence_selection,50.07434052757794,417,2093.2541966426857,417,False,0.13125,4227.725,480,qwen3.8-27b,0.3128472222222222,480,163.16666666666666,480,0.00625,all,2773.191846522782,417,0.0,0.00625
0.41875,0.6145833333333334,0.6333333333333333,P_LOG_FREQ__T,0.51875,0.5633333333333332,pooled_descriptive,exp_evidence_selection,50.125,480,0.0,480,False,0.0,13478.795833333334,480,qwen3.8-27b,0.5057638888888889,480,168.09791666666666,480,0.0,all,13478.795833333334,480,0.0,0.0
0.2270833333333333,0.4395833333333333,0.4479166666666667,P_LOG_FREQ__V,0.3388888888888888,0.3820833333333333,pooled_descriptive,exp_evidence_selection,50.1371158392435,423,2093.825059101655,423,False,0.11875,4289.3,480,qwen3.8-27b,0.3203819444444444,480,162.47708333333333,480,0.0104166666666666,all,2773.465721040189,423,0.0,0.0104166666666666
0.2229166666666666,0.40625,0.4104166666666666,P_RANDOM__T,0.3159722222222222,0.3537499999999999,pooled_descriptive,exp_evidence_selection,50.125,480,0.0,480,False,0.0,12837.677083333334,480,qwen3.8-27b,0.3010416666666666,480,186.61458333333331,480,0.0,all,12837.677083333334,480,0.0,0.0
0.0979166666666666,0.2083333333333333,0.2083333333333333,P_RANDOM__V,0.1534722222222222,0.1754166666666666,pooled_descriptive,exp_evidence_selection,49.95384615384615,390,2094.9282051282053,390,False,0.1875,3935.9,480,qwen3.8-27b,0.1440972222222222,480,153.11666666666667,480,0.0166666666666666,all,2749.25641025641,390,0.0,0.0166666666666666
0.3666666666666666,0.5458333333333333,0.5541666666666667,P_SIGMA__T,0.4604166666666666,0.4974999999999999,pooled_descriptive,exp_evidence_selection,50.125,480,0.0,480,False,0.0,14042.54375,480,qwen3.8-27b,0.4453819444444444,480,165.05208333333334,480,0.0,all,14042.54375,480,0.0,0.0
0.21875,0.4104166666666666,0.4145833333333333,P_SIGMA__V,0.3201388888888888,0.3579166666666667,pooled_descriptive,exp_evidence_selection,50.125,480,2094.0958333333333,480,False,0.0,4839.327083333334,480,qwen3.8-27b,0.3024305555555555,480,186.525,480,0.0083333333333333,all,2745.23125,480,0.0,0.0083333333333333
0.4125,0.6333333333333333,0.6458333333333334,P_TRACE_SC__T,0.5263888888888889,0.5729166666666666,pooled_descriptive,exp_evidence_selection,50.125,480,0.0,480,False,0.0,13483.3875,480,qwen3.8-27b,0.5090625,480,161.7,480,0.0,all,13483.3875,480,0.0,0.0
0.2395833333333333,0.5145833333333333,0.51875,P_TRACE_SC__V,0.3847222222222222,0.4383333333333333,pooled_descriptive,exp_evidence_selection,50.125,480,2094.0958333333333,480,False,0.0,4839.327083333334,480,qwen3.8-27b,0.3590277777777777,480,188.0625,480,0.0020833333333333,all,2745.23125,480,0.0,0.0020833333333333
0.3,0.3333333333333333,0.3333333333333333,P0__T,0.3222222222222222,0.3266666666666667,aegislab,exp_evidence_selection,52.266666666666666,30,0.0,30,False,0.0,15340.766666666666,30,gemma-4-26b-a4b,0.3166666666666666,30,115.86666666666666,30,0.0,selection,15340.766666666666,30,0.0,0.0
0.3666666666666666,0.3666666666666666,0.3666666666666666,P0__V,0.3666666666666666,0.3666666666666666,aegislab,exp_evidence_selection,52.266666666666666,30,1085.8666666666666,30,False,0.0,4477.566666666667,30,gemma-4-26b-a4b,0.3666666666666666,30,102.9,30,0.0,selection,3391.7,30,0.0,0.0
0.2,0.2666666666666666,0.2666666666666666,P_BARO_RS__T,0.2444444444444444,0.2533333333333333,aegislab,exp_evidence_selection,52.266666666666666,30,0.0,30,False,0.0,15481.966666666667,30,gemma-4-26b-a4b,0.2333333333333333,30,115.46666666666668,30,0.0,selection,15481.966666666667,30,0.0,0.0
0.1333333333333333,0.1333333333333333,0.1333333333333333,P_BARO_RS__V,0.1333333333333333,0.1333333333333333,aegislab,exp_evidence_selection,52.266666666666666,30,1085.8666666666666,30,False,0.0,4477.566666666667,30,gemma-4-26b-a4b,0.1333333333333333,30,103.66666666666669,30,0.0,selection,3391.7,30,0.0,0.0
0.4,0.5,0.5,P_COVERAGE__T,0.4555555555555555,0.4733333333333334,aegislab,exp_evidence_selection,52.266666666666666,30,0.0,30,False,0.0,15475.6,30,gemma-4-26b-a4b,0.4444444444444444,30,110.0,30,0.0,selection,15475.6,30,0.0,0.0
0.3,0.3,0.3,P_COVERAGE__V,0.3,0.3,aegislab,exp_evidence_selection,51.333333333333336,24,1085.4166666666667,24,False,0.2,3581.5,30,gemma-4-26b-a4b,0.3,30,84.73333333333333,30,0.0,selection,3391.458333333333,24,0.0,0.0
0.4333333333333333,0.5333333333333333,0.5333333333333333,P_DIVERSITY__T,0.4888888888888889,0.5066666666666666,aegislab,exp_evidence_selection,52.266666666666666,30,0.0,30,False,0.0,15531.066666666668,30,gemma-4-26b-a4b,0.4777777777777778,30,112.93333333333334,30,0.0,selection,15531.066666666668,30,0.0,0.0
0.3,0.3,0.3,P_DIVERSITY__V,0.3,0.3,aegislab,exp_evidence_selection,51.333333333333336,24,1085.4166666666667,24,False,0.2,3581.5,30,gemma-4-26b-a4b,0.3,30,82.4,30,0.0,selection,3391.458333333333,24,0.0,0.0
0.3666666666666666,0.3666666666666666,0.3666666666666666,P_LOG_FREQ__T,0.3666666666666666,0.3666666666666666,aegislab,exp_evidence_selection,52.266666666666666,30,0.0,30,False,0.0,15272.566666666668,30,gemma-4-26b-a4b,0.3666666666666666,30,116.13333333333334,30,0.0,selection,15272.566666666668,30,0.0,0.0
0.3,0.3,0.3,P_LOG_FREQ__V,0.3,0.3,aegislab,exp_evidence_selection,52.0,27,1085.6296296296296,27,False,0.1,4029.6,30,gemma-4-26b-a4b,0.3,30,92.4,30,0.0,selection,3391.703703703704,27,0.0,0.0
0.0666666666666666,0.1,0.1333333333333333,P_RANDOM__T,0.0888888888888888,0.1066666666666666,aegislab,exp_evidence_selection,52.266666666666666,30,0.0,30,False,0.0,14950.966666666667,30,gemma-4-26b-a4b,0.0916666666666666,30,111.4,30,0.0,selection,14950.966666666667,30,0.0,0.0
0.0666666666666666,0.0666666666666666,0.0666666666666666,P_RANDOM__V,0.0666666666666666,0.0666666666666666,aegislab,exp_evidence_selection,51.44,25,1085.48,25,False,0.1666666666666666,3730.9,30,gemma-4-26b-a4b,0.0666666666666666,30,88.83333333333333,30,0.0,selection,3391.6,25,0.0,0.0
0.0666666666666666,0.0666666666666666,0.0666666666666666,P_SIGMA__T,0.0666666666666666,0.0666666666666666,aegislab,exp_evidence_selection,52.266666666666666,30,0.0,30,False,0.0,15608.466666666667,30,gemma-4-26b-a4b,0.0666666666666666,30,106.73333333333332,30,0.0,selection,15608.466666666667,30,0.0,0.0
0.1333333333333333,0.1333333333333333,0.1333333333333333,P_SIGMA__V,0.1333333333333333,0.1333333333333333,aegislab,exp_evidence_selection,52.266666666666666,30,1085.8666666666666,30,False,0.0,4477.566666666667,30,gemma-4-26b-a4b,0.1333333333333333,30,107.7,30,0.0,selection,3391.7,30,0.0,0.0
0.2333333333333333,0.3,0.3,P_TRACE_SC__T,0.2777777777777777,0.2866666666666667,aegislab,exp_evidence_selection,52.266666666666666,30,0.0,30,False,0.0,15304.3,30,gemma-4-26b-a4b,0.2666666666666666,30,113.23333333333332,30,0.0,selection,15304.3,30,0.0,0.0
0.3333333333333333,0.3333333333333333,0.3333333333333333,P_TRACE_SC__V,0.3333333333333333,0.3333333333333333,aegislab,exp_evidence_selection,52.266666666666666,30,1085.8666666666666,30,False,0.0,4477.566666666667,30,gemma-4-26b-a4b,0.3333333333333333,30,103.73333333333332,30,0.0,selection,3391.7,30,0.0,0.0
0.2,0.2,0.2,P0__T,0.2,0.2,aiops2022,exp_evidence_selection,49.06666666666667,30,0.0,30,False,0.0,14155.6,30,gemma-4-26b-a4b,0.2,30,112.16666666666669,30,0.0,selection,14155.6,30,0.0,0.0
0.1,0.1,0.1,P0__V,0.1,0.1,aiops2022,exp_evidence_selection,49.06666666666667,30,1083.8333333333333,30,False,0.0,4220.166666666667,30,gemma-4-26b-a4b,0.1,30,104.2,30,0.0,selection,3136.333333333333,30,0.0,0.0
0.1333333333333333,0.1666666666666666,0.1666666666666666,P_BARO_RS__T,0.1444444444444444,0.1533333333333333,aiops2022,exp_evidence_selection,49.06666666666667,30,0.0,30,False,0.0,15012.3,30,gemma-4-26b-a4b,0.1444444444444444,30,110.16666666666669,30,0.0,selection,15012.3,30,0.0,0.0
0.1333333333333333,0.1333333333333333,0.1333333333333333,P_BARO_RS__V,0.1333333333333333,0.1333333333333333,aiops2022,exp_evidence_selection,49.06666666666667,30,1083.8333333333333,30,False,0.0,4220.166666666667,30,gemma-4-26b-a4b,0.1333333333333333,30,106.76666666666668,30,0.0,selection,3136.333333333333,30,0.0,0.0
0.1333333333333333,0.1666666666666666,0.1666666666666666,P_COVERAGE__T,0.1555555555555555,0.16,aiops2022,exp_evidence_selection,49.06666666666667,30,0.0,30,False,0.0,14010.366666666669,30,gemma-4-26b-a4b,0.15,30,109.06666666666666,30,0.0,selection,14010.366666666669,30,0.0,0.0
0.1,0.1,0.1,P_COVERAGE__V,0.1,0.1,aiops2022,exp_evidence_selection,49.06666666666667,30,1083.8333333333333,30,False,0.0,4220.166666666667,30,gemma-4-26b-a4b,0.1,30,107.43333333333334,30,0.0,selection,3136.333333333333,30,0.0,0.0
0.1333333333333333,0.1666666666666666,0.1666666666666666,P_DIVERSITY__T,0.1555555555555555,0.16,aiops2022,exp_evidence_selection,49.06666666666667,30,0.0,30,False,0.0,14192.2,30,gemma-4-26b-a4b,0.15,30,107.46666666666668,30,0.0,selection,14192.2,30,0.0,0.0
0.1,0.1,0.1,P_DIVERSITY__V,0.1,0.1,aiops2022,exp_evidence_selection,48.89655172413793,29,1083.7241379310344,29,False,0.0333333333333333,4079.3333333333335,30,gemma-4-26b-a4b,0.1,30,100.93333333333334,30,0.0,selection,3136.2758620689656,29,0.0,0.0
0.2333333333333333,0.2666666666666666,0.2666666666666666,P_LOG_FREQ__T,0.2444444444444444,0.2533333333333333,aiops2022,exp_evidence_selection,49.06666666666667,30,0.0,30,False,0.0,14030.366666666669,30,gemma-4-26b-a4b,0.2444444444444444,30,111.56666666666666,30,0.0,selection,14030.366666666669,30,0.0,0.0
0.1,0.1,0.1,P_LOG_FREQ__V,0.1,0.1,aiops2022,exp_evidence_selection,48.89655172413793,29,1083.7241379310344,29,False,0.0333333333333333,4079.3333333333335,30,gemma-4-26b-a4b,0.1,30,102.53333333333332,30,0.0,selection,3136.2758620689656,29,0.0,0.0
0.1666666666666666,0.1666666666666666,0.1666666666666666,P_RANDOM__T,0.1666666666666666,0.1666666666666666,aiops2022,exp_evidence_selection,49.06666666666667,30,0.0,30,False,0.0,13435.966666666667,30,gemma-4-26b-a4b,0.1666666666666666,30,106.3,30,0.0,selection,13435.966666666667,30,0.0,0.0
0.1,0.1,0.1,P_RANDOM__V,0.1,0.1,aiops2022,exp_evidence_selection,48.89655172413793,29,1083.7241379310344,29,False,0.0333333333333333,4079.3333333333335,30,gemma-4-26b-a4b,0.1,30,102.63333333333334,30,0.0,selection,3136.2758620689656,29,0.0,0.0
0.0333333333333333,0.0333333333333333,0.0333333333333333,P_SIGMA__T,0.0333333333333333,0.0333333333333333,aiops2022,exp_evidence_selection,49.06666666666667,30,0.0,30,False,0.0,15103.066666666668,30,gemma-4-26b-a4b,0.0333333333333333,30,106.56666666666666,30,0.0,selection,15103.066666666668,30,0.0,0.0
0.1,0.1,0.1,P_SIGMA__V,0.1,0.1,aiops2022,exp_evidence_selection,49.06666666666667,30,1083.8333333333333,30,False,0.0,4220.166666666667,30,gemma-4-26b-a4b,0.1,30,108.43333333333334,30,0.0,selection,3136.333333333333,30,0.0,0.0
0.2333333333333333,0.2333333333333333,0.2333333333333333,P_TRACE_SC__T,0.2333333333333333,0.2333333333333333,aiops2022,exp_evidence_selection,49.06666666666667,30,0.0,30,False,0.0,14087.0,30,gemma-4-26b-a4b,0.2333333333333333,30,112.7,30,0.0,selection,14087.0,30,0.0,0.0
0.1,0.1,0.1,P_TRACE_SC__V,0.1,0.1,aiops2022,exp_evidence_selection,49.06666666666667,30,1083.8333333333333,30,False,0.0,4220.166666666667,30,gemma-4-26b-a4b,0.1,30,109.23333333333332,30,0.0,selection,3136.333333333333,30,0.0,0.0
0.1333333333333333,0.2,0.2,P0__T,0.1666666666666666,0.18,aiops2025,exp_evidence_selection,49.766666666666666,30,0.0,30,False,0.0,13284.533333333333,30,gemma-4-26b-a4b,0.1611111111111111,30,111.23333333333332,30,0.0,selection,13284.533333333333,30,0.0,0.0
0.2333333333333333,0.2333333333333333,0.2333333333333333,P0__V,0.2333333333333333,0.2333333333333333,aiops2025,exp_evidence_selection,49.766666666666666,30,1084.5,30,False,0.0,3897.933333333333,30,gemma-4-26b-a4b,0.2333333333333333,30,106.26666666666668,30,0.0,selection,2813.4333333333334,30,0.0,0.0
0.1,0.2,0.2,P_BARO_RS__T,0.1333333333333333,0.16,aiops2025,exp_evidence_selection,49.766666666666666,30,0.0,30,False,0.0,13650.0,30,gemma-4-26b-a4b,0.1333333333333333,30,115.4,30,0.0,selection,13650.0,30,0.0,0.0
0.2666666666666666,0.2666666666666666,0.2666666666666666,P_BARO_RS__V,0.2666666666666666,0.2666666666666666,aiops2025,exp_evidence_selection,49.766666666666666,30,1084.5,30,False,0.0,3897.933333333333,30,gemma-4-26b-a4b,0.2666666666666666,30,100.53333333333332,30,0.0333333333333333,selection,2813.4333333333334,30,0.0,0.0333333333333333
0.1333333333333333,0.2,0.2,P_COVERAGE__T,0.1666666666666666,0.18,aiops2025,exp_evidence_selection,49.766666666666666,30,0.0,30,False,0.0,13287.8,30,gemma-4-26b-a4b,0.1611111111111111,30,110.2,30,0.0,selection,13287.8,30,0.0,0.0
0.1666666666666666,0.1666666666666666,0.1666666666666666,P_COVERAGE__V,0.1666666666666666,0.1666666666666666,aiops2025,exp_evidence_selection,49.66666666666666,27,1084.5925925925926,27,False,0.1,3507.766666666667,30,gemma-4-26b-a4b,0.1666666666666666,30,90.7,30,0.0,selection,2812.925925925926,27,0.0,0.0
0.2,0.2333333333333333,0.2333333333333333,P_DIVERSITY__T,0.2222222222222222,0.2266666666666666,aiops2025,exp_evidence_selection,49.766666666666666,30,0.0,30,False,0.0,13408.866666666669,30,gemma-4-26b-a4b,0.2166666666666666,30,115.13333333333334,30,0.0,selection,13408.866666666669,30,0.0,0.0
0.1333333333333333,0.1333333333333333,0.1333333333333333,P_DIVERSITY__V,0.1333333333333333,0.1333333333333333,aiops2025,exp_evidence_selection,49.04347826086956,23,1084.1739130434785,23,False,0.2333333333333333,2988.3,30,gemma-4-26b-a4b,0.1333333333333333,30,81.26666666666667,30,0.0,selection,2813.608695652174,23,0.0,0.0
0.1,0.1333333333333333,0.1333333333333333,P_LOG_FREQ__T,0.1222222222222222,0.1266666666666666,aiops2025,exp_evidence_selection,49.766666666666666,30,0.0,30,False,0.0,13264.233333333334,30,gemma-4-26b-a4b,0.1166666666666666,30,114.9,30,0.0,selection,13264.233333333334,30,0.0,0.0
0.2,0.2,0.2,P_LOG_FREQ__V,0.2,0.2,aiops2025,exp_evidence_selection,49.48148148148148,27,1084.4074074074074,27,False,0.1,3507.7,30,gemma-4-26b-a4b,0.2,30,92.0,30,0.0,selection,2813.037037037037,27,0.0,0.0
0.1666666666666666,0.2333333333333333,0.2333333333333333,P_RANDOM__T,0.2111111111111111,0.22,aiops2025,exp_evidence_selection,49.766666666666666,30,0.0,30,False,0.0,13002.633333333331,30,gemma-4-26b-a4b,0.2,30,111.73333333333332,30,0.0,selection,13002.633333333331,30,0.0,0.0
0.0333333333333333,0.0333333333333333,0.0333333333333333,P_RANDOM__V,0.0333333333333333,0.0333333333333333,aiops2025,exp_evidence_selection,49.55555555555556,9,1085.3333333333333,9,False,0.7,1169.0666666666666,30,gemma-4-26b-a4b,0.0333333333333333,30,30.966666666666665,30,0.0,selection,2811.555555555556,9,0.0,0.0
0.2,0.2666666666666666,0.3,P_SIGMA__T,0.2222222222222222,0.2466666666666666,aiops2025,exp_evidence_selection,49.766666666666666,30,0.0,30,False,0.0,13767.066666666668,30,gemma-4-26b-a4b,0.2288888888888888,30,106.16666666666669,30,0.0,selection,13767.066666666668,30,0.0,0.0
0.0666666666666666,0.0666666666666666,0.0666666666666666,P_SIGMA__V,0.0666666666666666,0.0666666666666666,aiops2025,exp_evidence_selection,49.766666666666666,30,1084.5,30,False,0.0,3897.933333333333,30,gemma-4-26b-a4b,0.0666666666666666,30,105.36666666666666,30,0.0,selection,2813.4333333333334,30,0.0,0.0
0.1666666666666666,0.2666666666666666,0.2666666666666666,P_TRACE_SC__T,0.2333333333333333,0.2466666666666666,aiops2025,exp_evidence_selection,49.766666666666666,30,0.0,30,False,0.0,13291.666666666666,30,gemma-4-26b-a4b,0.2166666666666666,30,116.4,30,0.0,selection,13291.666666666666,30,0.0,0.0
0.3333333333333333,0.3333333333333333,0.3333333333333333,P_TRACE_SC__V,0.3333333333333333,0.3333333333333333,aiops2025,exp_evidence_selection,49.766666666666666,30,1084.5,30,False,0.0,3897.933333333333,30,gemma-4-26b-a4b,0.3333333333333333,30,104.8,30,0.0,selection,2813.4333333333334,30,0.0,0.0
0.2111111111111111,0.2444444444444444,0.2444444444444444,P0__T,0.2296296296296296,0.2355555555555555,pooled_descriptive,exp_evidence_selection,50.36666666666667,90,0.0,90,False,0.0,14260.3,90,gemma-4-26b-a4b,0.2259259259259259,90,113.08888888888887,90,0.0,selection,14260.3,90,0.0,0.0
0.2333333333333333,0.2333333333333333,0.2333333333333333,P0__V,0.2333333333333333,0.2333333333333333,pooled_descriptive,exp_evidence_selection,50.36666666666667,90,1084.7333333333331,90,False,0.0,4198.555555555556,90,gemma-4-26b-a4b,0.2333333333333333,90,104.45555555555556,90,0.0,selection,3113.822222222222,90,0.0,0.0
0.1444444444444444,0.2111111111111111,0.2111111111111111,P_BARO_RS__T,0.174074074074074,0.1888888888888888,pooled_descriptive,exp_evidence_selection,50.36666666666667,90,0.0,90,False,0.0,14714.755555555555,90,gemma-4-26b-a4b,0.1703703703703704,90,113.67777777777778,90,0.0,selection,14714.755555555555,90,0.0,0.0
0.1777777777777777,0.1777777777777777,0.1777777777777777,P_BARO_RS__V,0.1777777777777777,0.1777777777777777,pooled_descriptive,exp_evidence_selection,50.36666666666667,90,1084.7333333333331,90,False,0.0,4198.555555555556,90,gemma-4-26b-a4b,0.1777777777777777,90,103.65555555555557,90,0.0111111111111111,selection,3113.822222222222,90,0.0,0.0111111111111111
0.2222222222222222,0.2888888888888888,0.2888888888888888,P_COVERAGE__T,0.2592592592592592,0.2711111111111111,pooled_descriptive,exp_evidence_selection,50.36666666666667,90,0.0,90,False,0.0,14257.922222222222,90,gemma-4-26b-a4b,0.2518518518518519,90,109.75555555555556,90,0.0,selection,14257.922222222222,90,0.0,0.0
0.1888888888888888,0.1888888888888888,0.1888888888888888,P_COVERAGE__V,0.1888888888888888,0.1888888888888888,pooled_descriptive,exp_evidence_selection,49.93827160493827,81,1084.5555555555557,81,False,0.1,3769.811111111111,90,gemma-4-26b-a4b,0.1888888888888888,90,94.28888888888888,90,0.0,selection,3104.123456790124,81,0.0,0.0
0.2555555555555555,0.3111111111111111,0.3111111111111111,P_DIVERSITY__T,0.2888888888888888,0.2977777777777777,pooled_descriptive,exp_evidence_selection,50.36666666666667,90,0.0,90,False,0.0,14377.377777777778,90,gemma-4-26b-a4b,0.2814814814814815,90,111.84444444444443,90,0.0,selection,14377.377777777778,90,0.0,0.0
0.1777777777777777,0.1777777777777777,0.1777777777777777,P_DIVERSITY__V,0.1777777777777777,0.1777777777777777,pooled_descriptive,exp_evidence_selection,49.71052631578947,76,1084.3947368421052,76,False,0.1555555555555555,3549.711111111111,90,gemma-4-26b-a4b,0.1777777777777777,90,88.2,90,0.0,selection,3119.2105263157896,76,0.0,0.0
0.2333333333333333,0.2555555555555555,0.2555555555555555,P_LOG_FREQ__T,0.2444444444444444,0.2488888888888888,pooled_descriptive,exp_evidence_selection,50.36666666666667,90,0.0,90,False,0.0,14189.055555555557,90,gemma-4-26b-a4b,0.2425925925925925,90,114.2,90,0.0,selection,14189.055555555557,90,0.0,0.0
0.2,0.2,0.2,P_LOG_FREQ__V,0.2,0.2,pooled_descriptive,exp_evidence_selection,50.09638554216868,83,1084.566265060241,83,False,0.0777777777777777,3872.211111111111,90,gemma-4-26b-a4b,0.2,90,95.64444444444445,90,0.0,selection,3114.21686746988,83,0.0,0.0
0.1333333333333333,0.1666666666666666,0.1777777777777777,P_RANDOM__T,0.1555555555555555,0.1644444444444444,pooled_descriptive,exp_evidence_selection,50.36666666666667,90,0.0,90,False,0.0,13796.522222222222,90,gemma-4-26b-a4b,0.1527777777777778,90,109.81111111111112,90,0.0,selection,13796.522222222222,90,0.0,0.0
0.0666666666666666,0.0666666666666666,0.0666666666666666,P_RANDOM__V,0.0666666666666666,0.0666666666666666,pooled_descriptive,exp_evidence_selection,50.0,63,1084.6507936507935,63,False,0.3,2993.1,90,gemma-4-26b-a4b,0.0666666666666666,90,74.14444444444445,90,0.0,selection,3191.2063492063494,63,0.0,0.0
0.1,0.1222222222222222,0.1333333333333333,P_SIGMA__T,0.1074074074074074,0.1155555555555555,pooled_descriptive,exp_evidence_selection,50.36666666666667,90,0.0,90,False,0.0,14826.2,90,gemma-4-26b-a4b,0.1096296296296296,90,106.4888888888889,90,0.0,selection,14826.2,90,0.0,0.0
0.1,0.1,0.1,P_SIGMA__V,0.1,0.1,pooled_descriptive,exp_evidence_selection,50.36666666666667,90,1084.7333333333331,90,False,0.0,4198.555555555556,90,gemma-4-26b-a4b,0.1,90,107.16666666666669,90,0.0,selection,3113.822222222222,90,0.0,0.0
0.2111111111111111,0.2666666666666666,0.2666666666666666,P_TRACE_SC__T,0.2481481481481481,0.2555555555555555,pooled_descriptive,exp_evidence_selection,50.36666666666667,90,0.0,90,False,0.0,14227.655555555555,90,gemma-4-26b-a4b,0.2388888888888889,90,114.11111111111111,90,0.0,selection,14227.655555555555,90,0.0,0.0
0.2555555555555555,0.2555555555555555,0.2555555555555555,P_TRACE_SC__V,0.2555555555555555,0.2555555555555555,pooled_descriptive,exp_evidence_selection,50.36666666666667,90,1084.7333333333331,90,False,0.0,4198.555555555556,90,gemma-4-26b-a4b,0.2555555555555555,90,105.92222222222222,90,0.0,selection,3113.822222222222,90,0.0,0.0
0.4571428571428571,0.5142857142857142,0.5142857142857142,P0__T,0.4857142857142857,0.4971428571428571,aegislab,exp_evidence_selection,52.0,70,0.0,70,False,0.0,15398.42857142857,70,gemma-4-26b-a4b,0.4809523809523809,70,112.58571428571427,70,0.0,main_report,15398.42857142857,70,0.0,0.0
0.4857142857142857,0.4857142857142857,0.4857142857142857,P0__V,0.4857142857142857,0.4857142857142857,aegislab,exp_evidence_selection,52.0,70,1085.8285714285714,70,False,0.0,4476.8,70,gemma-4-26b-a4b,0.4857142857142857,70,102.9,70,0.0,main_report,3390.9714285714285,70,0.0,0.0
0.3857142857142857,0.4285714285714285,0.4285714285714285,P_BARO_RS__T,0.4142857142857143,0.42,aegislab,exp_evidence_selection,52.0,70,0.0,70,False,0.0,15438.714285714286,70,gemma-4-26b-a4b,0.4071428571428571,70,114.47142857142858,70,0.0,main_report,15438.714285714286,70,0.0,0.0
0.3142857142857143,0.3142857142857143,0.3142857142857143,P_BARO_RS__V,0.3142857142857143,0.3142857142857143,aegislab,exp_evidence_selection,52.0,70,1085.8285714285714,70,False,0.0,4476.8,70,gemma-4-26b-a4b,0.3142857142857143,70,106.82857142857142,70,0.0,main_report,3390.9714285714285,70,0.0,0.0
0.4857142857142857,0.5285714285714286,0.5285714285714286,P_COVERAGE__T,0.5095238095238096,0.5171428571428572,aegislab,exp_evidence_selection,52.0,70,0.0,70,False,0.0,15445.128571428571,70,gemma-4-26b-a4b,0.5047619047619047,70,112.4,70,0.0,main_report,15445.128571428571,70,0.0,0.0
0.3428571428571428,0.3428571428571428,0.3428571428571428,P_COVERAGE__V,0.3428571428571428,0.3428571428571428,aegislab,exp_evidence_selection,52.25806451612903,62,1086.032258064516,62,False,0.1142857142857142,3965.171428571429,70,gemma-4-26b-a4b,0.3428571428571428,70,91.68571428571428,70,0.0,main_report,3390.7741935483878,62,0.0,0.0
0.4714285714285714,0.5285714285714286,0.5428571428571428,P_DIVERSITY__T,0.5047619047619047,0.52,aegislab,exp_evidence_selection,52.0,70,0.0,70,False,0.0,15540.342857142858,70,gemma-4-26b-a4b,0.5011904761904762,70,113.3,70,0.0,main_report,15540.342857142858,70,0.0,0.0
0.4857142857142857,0.4857142857142857,0.4857142857142857,P_DIVERSITY__V,0.4857142857142857,0.4857142857142857,aegislab,exp_evidence_selection,52.03225806451613,62,1085.967741935484,62,False,0.1142857142857142,3965.028571428572,70,gemma-4-26b-a4b,0.4857142857142857,70,89.04285714285714,70,0.0,main_report,3390.6774193548385,62,0.0,0.0
0.4857142857142857,0.5,0.5,P_LOG_FREQ__T,0.4904761904761905,0.4942857142857143,aegislab,exp_evidence_selection,52.0,70,0.0,70,False,0.0,15343.685714285712,70,gemma-4-26b-a4b,0.4904761904761905,70,113.78571428571428,70,0.0,main_report,15343.685714285712,70,0.0,0.0
0.4428571428571428,0.4571428571428571,0.4571428571428571,P_LOG_FREQ__V,0.4523809523809523,0.4542857142857143,aegislab,exp_evidence_selection,52.04918032786885,61,1085.950819672131,61,False,0.1285714285714285,3900.942857142857,70,gemma-4-26b-a4b,0.45,70,89.22857142857143,70,0.0,main_report,3390.5409836065573,61,0.0,0.0
0.1428571428571428,0.1571428571428571,0.1571428571428571,P_RANDOM__T,0.1523809523809523,0.1542857142857143,aegislab,exp_evidence_selection,52.0,70,0.0,70,False,0.0,14842.957142857143,70,gemma-4-26b-a4b,0.15,70,108.4,70,0.0,main_report,14842.957142857143,70,0.0,0.0
0.0571428571428571,0.0571428571428571,0.0571428571428571,P_RANDOM__V,0.0571428571428571,0.0571428571428571,aegislab,exp_evidence_selection,51.79365079365079,63,1085.8253968253969,63,False,0.1,4029.0,70,gemma-4-26b-a4b,0.0571428571428571,70,96.07142857142856,70,0.0,main_report,3390.84126984127,63,0.0,0.0
0.2142857142857142,0.2142857142857142,0.2142857142857142,P_SIGMA__T,0.2142857142857142,0.2142857142857142,aegislab,exp_evidence_selection,52.0,70,0.0,70,False,0.0,15716.528571428573,70,gemma-4-26b-a4b,0.2142857142857142,70,110.34285714285714,70,0.0,main_report,15716.528571428573,70,0.0,0.0
0.1428571428571428,0.1428571428571428,0.1428571428571428,P_SIGMA__V,0.1428571428571428,0.1428571428571428,aegislab,exp_evidence_selection,52.0,70,1085.8285714285714,70,False,0.0,4476.8,70,gemma-4-26b-a4b,0.1428571428571428,70,102.94285714285714,70,0.0,main_report,3390.9714285714285,70,0.0,0.0
0.5142857142857142,0.5428571428571428,0.5428571428571428,P_TRACE_SC__T,0.5333333333333332,0.5371428571428571,aegislab,exp_evidence_selection,52.0,70,0.0,70,False,0.0,15366.628571428571,70,gemma-4-26b-a4b,0.5285714285714286,70,114.02857142857142,70,0.0,main_report,15366.628571428571,70,0.0,0.0
0.4142857142857143,0.4142857142857143,0.4142857142857143,P_TRACE_SC__V,0.4142857142857143,0.4142857142857143,aegislab,exp_evidence_selection,52.0,70,1085.8285714285714,70,False,0.0,4476.8,70,gemma-4-26b-a4b,0.4142857142857143,70,106.2,70,0.0,main_report,3390.9714285714285,70,0.0,0.0
0.3285714285714285,0.3428571428571428,0.3428571428571428,P0__T,0.3333333333333333,0.3371428571428572,aiops2022,exp_evidence_selection,49.5,70,0.0,70,False,0.0,14286.142857142857,70,gemma-4-26b-a4b,0.3333333333333333,70,110.34285714285714,70,0.0,main_report,14286.142857142857,70,0.0,0.0
0.2142857142857142,0.2142857142857142,0.2142857142857142,P0__V,0.2142857142857142,0.2142857142857142,aiops2022,exp_evidence_selection,49.5,70,1084.4714285714283,70,False,0.0,4220.5142857142855,70,gemma-4-26b-a4b,0.2142857142857142,70,99.61428571428571,70,0.0,main_report,3136.042857142857,70,0.0,0.0
0.3285714285714285,0.3714285714285714,0.3714285714285714,P_BARO_RS__T,0.3476190476190476,0.3571428571428572,aiops2022,exp_evidence_selection,49.5,70,0.0,70,False,0.0,15221.971428571427,70,gemma-4-26b-a4b,0.3452380952380952,70,107.17142857142858,70,0.0,main_report,15221.971428571427,70,0.0,0.0
0.3,0.3,0.3,P_BARO_RS__V,0.3,0.3,aiops2022,exp_evidence_selection,49.5,70,1084.4714285714283,70,False,0.0,4220.5142857142855,70,gemma-4-26b-a4b,0.3,70,109.5,70,0.0,main_report,3136.042857142857,70,0.0,0.0
0.2714285714285714,0.3285714285714285,0.3285714285714285,P_COVERAGE__T,0.3047619047619047,0.3142857142857143,aiops2022,exp_evidence_selection,49.5,70,0.0,70,False,0.0,14132.885714285714,70,gemma-4-26b-a4b,0.2976190476190476,70,112.27142857142856,70,0.0,main_report,14132.885714285714,70,0.0,0.0
0.2,0.2,0.2,P_COVERAGE__V,0.2,0.2,aiops2022,exp_evidence_selection,49.42424242424242,66,1084.3939393939395,66,False,0.0571428571428571,3979.2285714285713,70,gemma-4-26b-a4b,0.2,70,95.75714285714284,70,0.0,main_report,3136.0,66,0.0,0.0
0.3428571428571428,0.3857142857142857,0.3857142857142857,P_DIVERSITY__T,0.3666666666666666,0.3742857142857143,aiops2022,exp_evidence_selection,49.5,70,0.0,70,False,0.0,14293.2,70,gemma-4-26b-a4b,0.3619047619047619,70,115.42857142857144,70,0.0,main_report,14293.2,70,0.0,0.0
0.2142857142857142,0.2142857142857142,0.2142857142857142,P_DIVERSITY__V,0.2142857142857142,0.2142857142857142,aiops2022,exp_evidence_selection,49.46268656716418,67,1084.4328358208954,67,False,0.0428571428571428,4039.5857142857135,70,gemma-4-26b-a4b,0.2142857142857142,70,100.62857142857143,70,0.0,main_report,3136.0298507462685,67,0.0,0.0
0.3142857142857143,0.3285714285714285,0.3428571428571428,P_LOG_FREQ__T,0.3238095238095237,0.3314285714285714,aiops2022,exp_evidence_selection,49.5,70,0.0,70,False,0.0,14213.028571428573,70,gemma-4-26b-a4b,0.325,70,109.6,70,0.0,main_report,14213.028571428573,70,0.0,0.0
0.1714285714285714,0.1714285714285714,0.1714285714285714,P_LOG_FREQ__V,0.1714285714285714,0.1714285714285714,aiops2022,exp_evidence_selection,49.46268656716418,67,1084.4328358208954,67,False,0.0428571428571428,4039.571428571429,70,gemma-4-26b-a4b,0.1714285714285714,70,100.74285714285716,70,0.0,main_report,3136.0149253731342,67,0.0,0.0
0.1428571428571428,0.1428571428571428,0.1428571428571428,P_RANDOM__T,0.1428571428571428,0.1428571428571428,aiops2022,exp_evidence_selection,49.5,70,0.0,70,False,0.0,13534.714285714286,70,gemma-4-26b-a4b,0.1428571428571428,70,103.97142857142858,70,0.0,main_report,13534.714285714286,70,0.0,0.0
0.0285714285714285,0.0285714285714285,0.0285714285714285,P_RANDOM__V,0.0285714285714285,0.0285714285714285,aiops2022,exp_evidence_selection,49.44776119402985,67,1084.4328358208954,67,False,0.0428571428571428,4039.5857142857135,70,gemma-4-26b-a4b,0.0285714285714285,70,104.97142857142858,70,0.0,main_report,3136.0298507462685,67,0.0,0.0
0.1428571428571428,0.1571428571428571,0.1571428571428571,P_SIGMA__T,0.1523809523809523,0.1542857142857143,aiops2022,exp_evidence_selection,49.5,70,0.0,70,False,0.0,15198.228571428572,70,gemma-4-26b-a4b,0.15,70,106.37142857142857,70,0.0,main_report,15198.228571428572,70,0.0,0.0
0.0857142857142857,0.0857142857142857,0.0857142857142857,P_SIGMA__V,0.0857142857142857,0.0857142857142857,aiops2022,exp_evidence_selection,49.5,70,1084.4714285714283,70,False,0.0,4220.5142857142855,70,gemma-4-26b-a4b,0.0857142857142857,70,104.52857142857142,70,0.0,main_report,3136.042857142857,70,0.0,0.0
0.3428571428571428,0.3714285714285714,0.3714285714285714,P_TRACE_SC__T,0.3571428571428571,0.3628571428571429,aiops2022,exp_evidence_selection,49.5,70,0.0,70,False,0.0,14217.742857142855,70,gemma-4-26b-a4b,0.3547619047619047,70,112.3,70,0.0142857142857142,main_report,14217.742857142855,70,0.0,0.0
0.1714285714285714,0.1714285714285714,0.1714285714285714,P_TRACE_SC__V,0.1714285714285714,0.1714285714285714,aiops2022,exp_evidence_selection,49.5,70,1084.4714285714283,70,False,0.0,4220.5142857142855,70,gemma-4-26b-a4b,0.1714285714285714,70,101.25714285714284,70,0.0,main_report,3136.042857142857,70,0.0,0.0
0.2142857142857142,0.2428571428571428,0.2428571428571428,P0__T,0.2333333333333333,0.2371428571428571,aiops2025,exp_evidence_selection,49.2,70,0.0,70,False,0.0,13209.414285714283,70,gemma-4-26b-a4b,0.2285714285714285,70,115.2,70,0.0,main_report,13209.414285714283,70,0.0,0.0
0.1285714285714285,0.1285714285714285,0.1285714285714285,P0__V,0.1285714285714285,0.1285714285714285,aiops2025,exp_evidence_selection,49.2,70,1084.1142857142856,70,False,0.0,3901.1285714285714,70,gemma-4-26b-a4b,0.1285714285714285,70,101.45714285714286,70,0.0,main_report,2817.014285714285,70,0.0,0.0
0.2285714285714285,0.2428571428571428,0.2428571428571428,P_BARO_RS__T,0.238095238095238,0.24,aiops2025,exp_evidence_selection,49.2,70,0.0,70,False,0.0,13551.285714285714,70,gemma-4-26b-a4b,0.2357142857142857,70,111.28571428571428,70,0.0,main_report,13551.285714285714,70,0.0,0.0
0.2142857142857142,0.2142857142857142,0.2142857142857142,P_BARO_RS__V,0.2142857142857142,0.2142857142857142,aiops2025,exp_evidence_selection,49.2,70,1084.1142857142856,70,False,0.0,3901.1285714285714,70,gemma-4-26b-a4b,0.2142857142857142,70,105.37142857142857,70,0.0,main_report,2817.014285714285,70,0.0,0.0
0.1857142857142857,0.2428571428571428,0.2428571428571428,P_COVERAGE__T,0.2142857142857142,0.2257142857142857,aiops2025,exp_evidence_selection,49.2,70,0.0,70,False,0.0,13284.842857142858,70,gemma-4-26b-a4b,0.2095238095238095,70,112.77142857142856,70,0.0,main_report,13284.842857142858,70,0.0,0.0
0.0714285714285714,0.0714285714285714,0.0714285714285714,P_COVERAGE__V,0.0714285714285714,0.0714285714285714,aiops2025,exp_evidence_selection,49.32692307692308,52,1084.3653846153843,52,False,0.2571428571428571,2898.1857142857143,70,gemma-4-26b-a4b,0.0714285714285714,70,74.44285714285714,70,0.0,main_report,2817.038461538461,52,0.0,0.0
0.2428571428571428,0.3285714285714285,0.3285714285714285,P_DIVERSITY__T,0.2904761904761904,0.3057142857142857,aiops2025,exp_evidence_selection,49.2,70,0.0,70,False,0.0,13280.985714285714,70,gemma-4-26b-a4b,0.2809523809523809,70,114.05714285714286,70,0.0,main_report,13280.985714285714,70,0.0,0.0
0.0857142857142857,0.0857142857142857,0.0857142857142857,P_DIVERSITY__V,0.0857142857142857,0.0857142857142857,aiops2025,exp_evidence_selection,49.29824561403509,57,1084.421052631579,57,False,0.1857142857142857,3177.1,70,gemma-4-26b-a4b,0.0857142857142857,70,81.15714285714286,70,0.0,main_report,2817.280701754386,57,0.0,0.0
0.1857142857142857,0.2142857142857142,0.2142857142857142,P_LOG_FREQ__T,0.2047619047619047,0.2085714285714285,aiops2025,exp_evidence_selection,49.2,70,0.0,70,False,0.0,13199.157142857142,70,gemma-4-26b-a4b,0.2,70,111.91428571428573,70,0.0,main_report,13199.157142857142,70,0.0,0.0
0.0571428571428571,0.0571428571428571,0.0571428571428571,P_LOG_FREQ__V,0.0571428571428571,0.0571428571428571,aiops2025,exp_evidence_selection,49.267857142857146,56,1084.375,56,False,0.2,3121.2285714285717,70,gemma-4-26b-a4b,0.0571428571428571,70,80.01428571428572,70,0.0,main_report,2817.160714285714,56,0.0,0.0
0.2285714285714285,0.2571428571428571,0.2571428571428571,P_RANDOM__T,0.2428571428571428,0.2485714285714285,aiops2025,exp_evidence_selection,49.2,70,0.0,70,False,0.0,12925.328571428572,70,gemma-4-26b-a4b,0.2404761904761904,70,115.81428571428572,70,0.0,main_report,12925.328571428572,70,0.0,0.0
0.0571428571428571,0.0571428571428571,0.0571428571428571,P_RANDOM__V,0.0571428571428571,0.0571428571428571,aiops2025,exp_evidence_selection,47.10344827586207,29,1083.551724137931,29,False,0.5857142857142857,1614.942857142857,70,gemma-4-26b-a4b,0.0571428571428571,70,43.41428571428571,70,0.0,main_report,2814.586206896552,29,0.0,0.0
0.1428571428571428,0.2142857142857142,0.2142857142857142,P_SIGMA__T,0.1761904761904762,0.1914285714285714,aiops2025,exp_evidence_selection,49.2,70,0.0,70,False,0.0,13694.771428571428,70,gemma-4-26b-a4b,0.1714285714285714,70,113.41428571428573,70,0.0142857142857142,main_report,13694.771428571428,70,0.0,0.0142857142857142
0.1428571428571428,0.1571428571428571,0.1571428571428571,P_SIGMA__V,0.1523809523809523,0.1542857142857143,aiops2025,exp_evidence_selection,49.2,70,1084.1142857142856,70,False,0.0,3901.1285714285714,70,gemma-4-26b-a4b,0.15,70,105.81428571428572,70,0.0,main_report,2817.014285714285,70,0.0,0.0
0.2142857142857142,0.2428571428571428,0.2428571428571428,P_TRACE_SC__T,0.2285714285714285,0.2342857142857142,aiops2025,exp_evidence_selection,49.2,70,0.0,70,False,0.0,13219.271428571428,70,gemma-4-26b-a4b,0.2261904761904761,70,115.5,70,0.0,main_report,13219.271428571428,70,0.0,0.0
0.1285714285714285,0.1285714285714285,0.1285714285714285,P_TRACE_SC__V,0.1285714285714285,0.1285714285714285,aiops2025,exp_evidence_selection,49.2,70,1084.1142857142856,70,False,0.0,3901.1285714285714,70,gemma-4-26b-a4b,0.1285714285714285,70,101.98571428571428,70,0.0,main_report,2817.014285714285,70,0.0,0.0
0.3333333333333333,0.3666666666666666,0.3666666666666666,P0__T,0.3507936507936507,0.3571428571428571,pooled_descriptive,exp_evidence_selection,50.23333333333333,210,0.0,210,False,0.0,14297.995238095238,210,gemma-4-26b-a4b,0.3476190476190476,210,112.70952380952382,210,0.0,main_report,14297.995238095238,210,0.0,0.0
0.2761904761904762,0.2761904761904762,0.2761904761904762,P0__V,0.2761904761904762,0.2761904761904762,pooled_descriptive,exp_evidence_selection,50.23333333333333,210,1084.804761904762,210,False,0.0,4199.480952380953,210,gemma-4-26b-a4b,0.2761904761904762,210,101.32380952380952,210,0.0,main_report,3114.67619047619,210,0.0,0.0
0.3142857142857143,0.3476190476190476,0.3476190476190476,P_BARO_RS__T,0.3333333333333333,0.339047619047619,pooled_descriptive,exp_evidence_selection,50.23333333333333,210,0.0,210,False,0.0,14737.32380952381,210,gemma-4-26b-a4b,0.3293650793650793,210,110.97619047619048,210,0.0,main_report,14737.32380952381,210,0.0,0.0
0.2761904761904762,0.2761904761904762,0.2761904761904762,P_BARO_RS__V,0.2761904761904762,0.2761904761904762,pooled_descriptive,exp_evidence_selection,50.23333333333333,210,1084.804761904762,210,False,0.0,4199.480952380953,210,gemma-4-26b-a4b,0.2761904761904762,210,107.23333333333332,210,0.0,main_report,3114.67619047619,210,0.0,0.0
0.3142857142857143,0.3666666666666666,0.3666666666666666,P_COVERAGE__T,0.3428571428571428,0.3523809523809524,pooled_descriptive,exp_evidence_selection,50.23333333333333,210,0.0,210,False,0.0,14287.619047619048,210,gemma-4-26b-a4b,0.3373015873015873,210,112.48095238095236,210,0.0,main_report,14287.619047619048,210,0.0,0.0
0.2047619047619047,0.2047619047619047,0.2047619047619047,P_COVERAGE__V,0.2047619047619047,0.2047619047619047,pooled_descriptive,exp_evidence_selection,50.37222222222222,180,1084.95,180,False,0.1428571428571428,3614.195238095238,210,gemma-4-26b-a4b,0.2047619047619047,210,87.29523809523809,210,0.0,main_report,3131.6111111111118,180,0.0,0.0
0.3523809523809524,0.4142857142857143,0.419047619047619,P_DIVERSITY__T,0.3873015873015872,0.4,pooled_descriptive,exp_evidence_selection,50.23333333333333,210,0.0,210,False,0.0,14371.509523809524,210,gemma-4-26b-a4b,0.3813492063492064,210,114.26190476190476,210,0.0,main_report,14371.509523809524,210,0.0,0.0
0.2619047619047619,0.2619047619047619,0.2619047619047619,P_DIVERSITY__V,0.2619047619047619,0.2619047619047619,pooled_descriptive,exp_evidence_selection,50.26881720430107,186,1084.9408602150538,186,False,0.1142857142857142,3727.238095238096,210,gemma-4-26b-a4b,0.2619047619047619,210,90.27619047619048,210,0.0,main_report,3123.2311827956987,186,0.0,0.0
0.3285714285714285,0.3476190476190476,0.3523809523809524,P_LOG_FREQ__T,0.3396825396825396,0.3447619047619047,pooled_descriptive,exp_evidence_selection,50.23333333333333,210,0.0,210,False,0.0,14251.957142857143,210,gemma-4-26b-a4b,0.3384920634920635,210,111.76666666666668,210,0.0,main_report,14251.957142857143,210,0.0,0.0
0.2238095238095238,0.2285714285714285,0.2285714285714285,P_LOG_FREQ__V,0.2269841269841269,0.2276190476190476,pooled_descriptive,exp_evidence_selection,50.26086956521739,184,1084.9184782608695,184,False,0.1238095238095238,3687.247619047619,210,gemma-4-26b-a4b,0.2261904761904762,210,89.9952380952381,210,0.0,main_report,3123.353260869565,184,0.0,0.0
0.1714285714285714,0.1857142857142857,0.1857142857142857,P_RANDOM__T,0.1793650793650793,0.1819047619047619,pooled_descriptive,exp_evidence_selection,50.23333333333333,210,0.0,210,False,0.0,13767.666666666666,210,gemma-4-26b-a4b,0.1777777777777777,210,109.3952380952381,210,0.0,main_report,13767.666666666666,210,0.0,0.0
0.0476190476190476,0.0476190476190476,0.0476190476190476,P_RANDOM__V,0.0476190476190476,0.0476190476190476,pooled_descriptive,exp_evidence_selection,49.9496855345912,159,1084.8238993710693,159,False,0.2428571428571428,3227.842857142857,210,gemma-4-26b-a4b,0.0476190476190476,210,81.48571428571428,210,0.0,main_report,3178.364779874214,159,0.0,0.0
0.1666666666666666,0.1952380952380952,0.1952380952380952,P_SIGMA__T,0.1809523809523809,0.1866666666666666,pooled_descriptive,exp_evidence_selection,50.23333333333333,210,0.0,210,False,0.0,14869.842857142858,210,gemma-4-26b-a4b,0.1785714285714285,210,110.04285714285714,210,0.0047619047619047,main_report,14869.842857142858,210,0.0,0.0047619047619047
0.1238095238095238,0.1285714285714285,0.1285714285714285,P_SIGMA__V,0.1269841269841269,0.1276190476190476,pooled_descriptive,exp_evidence_selection,50.23333333333333,210,1084.804761904762,210,False,0.0,4199.480952380953,210,gemma-4-26b-a4b,0.1261904761904762,210,104.42857142857144,210,0.0,main_report,3114.67619047619,210,0.0,0.0
0.3571428571428571,0.3857142857142857,0.3857142857142857,P_TRACE_SC__T,0.3730158730158729,0.3780952380952381,pooled_descriptive,exp_evidence_selection,50.23333333333333,210,0.0,210,False,0.0,14267.880952380952,210,gemma-4-26b-a4b,0.3698412698412698,210,113.94285714285714,210,0.0047619047619047,main_report,14267.880952380952,210,0.0,0.0
0.238095238095238,0.238095238095238,0.238095238095238,P_TRACE_SC__V,0.238095238095238,0.238095238095238,pooled_descriptive,exp_evidence_selection,50.23333333333333,210,1084.804761904762,210,False,0.0,4199.480952380953,210,gemma-4-26b-a4b,0.238095238095238,210,103.14761904761905,210,0.0,main_report,3114.67619047619,210,0.0,0.0
0.41,0.46,0.46,P0__T,0.4366666666666666,0.4459999999999999,aegislab,exp_evidence_selection,52.08,100,0.0,100,False,0.0,15381.13,100,gemma-4-26b-a4b,0.4316666666666666,100,113.57,100,0.0,all,15381.13,100,0.0,0.0
0.45,0.45,0.45,P0__V,0.45,0.45,aegislab,exp_evidence_selection,52.08,100,1085.84,100,False,0.0,4477.03,100,gemma-4-26b-a4b,0.45,100,102.9,100,0.0,all,3391.19,100,0.0,0.0
0.33,0.38,0.38,P_BARO_RS__T,0.3633333333333333,0.37,aegislab,exp_evidence_selection,52.08,100,0.0,100,False,0.0,15451.69,100,gemma-4-26b-a4b,0.355,100,114.77,100,0.0,all,15451.69,100,0.0,0.0
0.26,0.26,0.26,P_BARO_RS__V,0.26,0.26,aegislab,exp_evidence_selection,52.08,100,1085.84,100,False,0.0,4477.03,100,gemma-4-26b-a4b,0.26,100,105.88,100,0.0,all,3391.19,100,0.0,0.0
0.46,0.52,0.52,P_COVERAGE__T,0.4933333333333333,0.504,aegislab,exp_evidence_selection,52.08,100,0.0,100,False,0.0,15454.27,100,gemma-4-26b-a4b,0.4866666666666667,100,111.68,100,0.0,all,15454.27,100,0.0,0.0
0.33,0.33,0.33,P_COVERAGE__V,0.33,0.33,aegislab,exp_evidence_selection,52.0,86,1085.860465116279,86,False,0.14,3850.07,100,gemma-4-26b-a4b,0.33,100,89.6,100,0.0,all,3390.9651162790697,86,0.0,0.0
0.46,0.53,0.54,P_DIVERSITY__T,0.5,0.5159999999999999,aegislab,exp_evidence_selection,52.08,100,0.0,100,False,0.0,15537.56,100,gemma-4-26b-a4b,0.4941666666666667,100,113.19,100,0.0,all,15537.56,100,0.0,0.0
0.43,0.43,0.43,P_DIVERSITY__V,0.43,0.43,aegislab,exp_evidence_selection,51.83720930232558,86,1085.813953488372,86,False,0.14,3849.97,100,gemma-4-26b-a4b,0.43,100,87.05,100,0.0,all,3390.895348837209,86,0.0,0.0
0.45,0.46,0.46,P_LOG_FREQ__T,0.4533333333333333,0.456,aegislab,exp_evidence_selection,52.08,100,0.0,100,False,0.0,15322.35,100,gemma-4-26b-a4b,0.4533333333333333,100,114.49,100,0.0,all,15322.35,100,0.0,0.0
0.4,0.41,0.41,P_LOG_FREQ__V,0.4066666666666666,0.408,aegislab,exp_evidence_selection,52.03409090909091,88,1085.8522727272727,88,False,0.12,3939.54,100,gemma-4-26b-a4b,0.405,100,90.18,100,0.0,all,3390.8977272727275,88,0.0,0.0
0.12,0.14,0.15,P_RANDOM__T,0.1333333333333333,0.14,aegislab,exp_evidence_selection,52.08,100,0.0,100,False,0.0,14875.36,100,gemma-4-26b-a4b,0.1325,100,109.3,100,0.0,all,14875.36,100,0.0,0.0
0.06,0.06,0.06,P_RANDOM__V,0.06,0.06,aegislab,exp_evidence_selection,51.69318181818182,88,1085.7272727272727,88,False,0.12,3939.57,100,gemma-4-26b-a4b,0.06,100,93.9,100,0.0,all,3391.056818181818,88,0.0,0.0
0.17,0.17,0.17,P_SIGMA__T,0.17,0.17,aegislab,exp_evidence_selection,52.08,100,0.0,100,False,0.0,15684.11,100,gemma-4-26b-a4b,0.17,100,109.26,100,0.0,all,15684.11,100,0.0,0.0
0.14,0.14,0.14,P_SIGMA__V,0.14,0.14,aegislab,exp_evidence_selection,52.08,100,1085.84,100,False,0.0,4477.03,100,gemma-4-26b-a4b,0.14,100,104.37,100,0.0,all,3391.19,100,0.0,0.0
0.43,0.47,0.47,P_TRACE_SC__T,0.4566666666666666,0.462,aegislab,exp_evidence_selection,52.08,100,0.0,100,False,0.0,15347.93,100,gemma-4-26b-a4b,0.45,100,113.79,100,0.0,all,15347.93,100,0.0,0.0
0.39,0.39,0.39,P_TRACE_SC__V,0.39,0.39,aegislab,exp_evidence_selection,52.08,100,1085.84,100,False,0.0,4477.03,100,gemma-4-26b-a4b,0.39,100,105.46,100,0.0,all,3391.19,100,0.0,0.0
0.29,0.3,0.3,P0__T,0.2933333333333333,0.296,aiops2022,exp_evidence_selection,49.37,100,0.0,100,False,0.0,14246.98,100,gemma-4-26b-a4b,0.2933333333333333,100,110.89,100,0.0,all,14246.98,100,0.0,0.0
0.18,0.18,0.18,P0__V,0.18,0.18,aiops2022,exp_evidence_selection,49.37,100,1084.28,100,False,0.0,4220.41,100,gemma-4-26b-a4b,0.18,100,100.99,100,0.0,all,3136.13,100,0.0,0.0
0.27,0.31,0.31,P_BARO_RS__T,0.2866666666666666,0.296,aiops2022,exp_evidence_selection,49.37,100,0.0,100,False,0.0,15159.07,100,gemma-4-26b-a4b,0.285,100,108.07,100,0.0,all,15159.07,100,0.0,0.0
0.25,0.25,0.25,P_BARO_RS__V,0.25,0.25,aiops2022,exp_evidence_selection,49.37,100,1084.28,100,False,0.0,4220.41,100,gemma-4-26b-a4b,0.25,100,108.68,100,0.0,all,3136.13,100,0.0,0.0
0.23,0.28,0.28,P_COVERAGE__T,0.26,0.2679999999999999,aiops2022,exp_evidence_selection,49.37,100,0.0,100,False,0.0,14096.13,100,gemma-4-26b-a4b,0.2533333333333333,100,111.31,100,0.0,all,14096.13,100,0.0,0.0
0.17,0.17,0.17,P_COVERAGE__V,0.17,0.17,aiops2022,exp_evidence_selection,49.3125,96,1084.21875,96,False,0.04,4051.51,100,gemma-4-26b-a4b,0.17,100,99.26,100,0.0,all,3136.1041666666665,96,0.0,0.0
0.28,0.32,0.32,P_DIVERSITY__T,0.3033333333333333,0.31,aiops2022,exp_evidence_selection,49.37,100,0.0,100,False,0.0,14262.9,100,gemma-4-26b-a4b,0.2983333333333333,100,113.04,100,0.0,all,14262.9,100,0.0,0.0
0.18,0.18,0.18,P_DIVERSITY__V,0.18,0.18,aiops2022,exp_evidence_selection,49.29166666666666,96,1084.21875,96,False,0.04,4051.51,100,gemma-4-26b-a4b,0.18,100,100.72,100,0.0,all,3136.1041666666665,96,0.0,0.0
0.29,0.31,0.32,P_LOG_FREQ__T,0.3,0.308,aiops2022,exp_evidence_selection,49.37,100,0.0,100,False,0.0,14158.23,100,gemma-4-26b-a4b,0.3008333333333333,100,110.19,100,0.0,all,14158.23,100,0.0,0.0
0.15,0.15,0.15,P_LOG_FREQ__V,0.15,0.15,aiops2022,exp_evidence_selection,49.29166666666666,96,1084.21875,96,False,0.04,4051.5,100,gemma-4-26b-a4b,0.15,100,101.28,100,0.0,all,3136.09375,96,0.0,0.0
0.15,0.15,0.15,P_RANDOM__T,0.15,0.15,aiops2022,exp_evidence_selection,49.37,100,0.0,100,False,0.0,13505.09,100,gemma-4-26b-a4b,0.15,100,104.67,100,0.0,all,13505.09,100,0.0,0.0
0.05,0.05,0.05,P_RANDOM__V,0.05,0.05,aiops2022,exp_evidence_selection,49.28125,96,1084.21875,96,False,0.04,4051.51,100,gemma-4-26b-a4b,0.05,100,104.27,100,0.0,all,3136.1041666666665,96,0.0,0.0
0.11,0.12,0.12,P_SIGMA__T,0.1166666666666666,0.118,aiops2022,exp_evidence_selection,49.37,100,0.0,100,False,0.0,15169.68,100,gemma-4-26b-a4b,0.115,100,106.43,100,0.0,all,15169.68,100,0.0,0.0
0.09,0.09,0.09,P_SIGMA__V,0.09,0.09,aiops2022,exp_evidence_selection,49.37,100,1084.28,100,False,0.0,4220.41,100,gemma-4-26b-a4b,0.09,100,105.7,100,0.0,all,3136.13,100,0.0,0.0
0.31,0.33,0.33,P_TRACE_SC__T,0.32,0.324,aiops2022,exp_evidence_selection,49.37,100,0.0,100,False,0.0,14178.52,100,gemma-4-26b-a4b,0.3183333333333333,100,112.42,100,0.01,all,14178.52,100,0.0,0.0
0.15,0.15,0.15,P_TRACE_SC__V,0.15,0.15,aiops2022,exp_evidence_selection,49.37,100,1084.28,100,False,0.0,4220.41,100,gemma-4-26b-a4b,0.15,100,103.65,100,0.0,all,3136.13,100,0.0,0.0
0.19,0.23,0.23,P0__T,0.2133333333333333,0.22,aiops2025,exp_evidence_selection,49.37,100,0.0,100,False,0.0,13231.95,100,gemma-4-26b-a4b,0.2083333333333333,100,114.01,100,0.0,all,13231.95,100,0.0,0.0
0.16,0.16,0.16,P0__V,0.16,0.16,aiops2025,exp_evidence_selection,49.37,100,1084.23,100,False,0.0,3900.17,100,gemma-4-26b-a4b,0.16,100,102.9,100,0.0,all,2815.94,100,0.0,0.0
0.19,0.23,0.23,P_BARO_RS__T,0.2066666666666666,0.216,aiops2025,exp_evidence_selection,49.37,100,0.0,100,False,0.0,13580.9,100,gemma-4-26b-a4b,0.205,100,112.52,100,0.0,all,13580.9,100,0.0,0.0
0.23,0.23,0.23,P_BARO_RS__V,0.23,0.23,aiops2025,exp_evidence_selection,49.37,100,1084.23,100,False,0.0,3900.17,100,gemma-4-26b-a4b,0.23,100,103.92,100,0.01,all,2815.94,100,0.0,0.01
0.17,0.23,0.23,P_COVERAGE__T,0.2,0.212,aiops2025,exp_evidence_selection,49.37,100,0.0,100,False,0.0,13285.73,100,gemma-4-26b-a4b,0.195,100,112.0,100,0.0,all,13285.73,100,0.0,0.0
0.1,0.1,0.1,P_COVERAGE__V,0.1,0.1,aiops2025,exp_evidence_selection,49.44303797468354,79,1084.4430379746836,79,False,0.21,3081.06,100,gemma-4-26b-a4b,0.1,100,79.32,100,0.0,all,2815.6329113924053,79,0.0,0.0
0.23,0.3,0.3,P_DIVERSITY__T,0.27,0.282,aiops2025,exp_evidence_selection,49.37,100,0.0,100,False,0.0,13319.35,100,gemma-4-26b-a4b,0.2616666666666666,100,114.38,100,0.0,all,13319.35,100,0.0,0.0
0.1,0.1,0.1,P_DIVERSITY__V,0.1,0.1,aiops2025,exp_evidence_selection,49.225,80,1084.35,80,False,0.2,3120.46,100,gemma-4-26b-a4b,0.1,100,81.19,100,0.0,all,2816.225,80,0.0,0.0
0.16,0.19,0.19,P_LOG_FREQ__T,0.18,0.184,aiops2025,exp_evidence_selection,49.37,100,0.0,100,False,0.0,13218.68,100,gemma-4-26b-a4b,0.175,100,112.81,100,0.0,all,13218.68,100,0.0,0.0
0.1,0.1,0.1,P_LOG_FREQ__V,0.1,0.1,aiops2025,exp_evidence_selection,49.33734939759036,83,1084.3855421686746,83,False,0.17,3237.17,100,gemma-4-26b-a4b,0.1,100,83.61,100,0.0,all,2815.8192771084337,83,0.0,0.0
0.21,0.25,0.25,P_RANDOM__T,0.2333333333333333,0.24,aiops2025,exp_evidence_selection,49.37,100,0.0,100,False,0.0,12948.52,100,gemma-4-26b-a4b,0.2283333333333333,100,114.59,100,0.0,all,12948.52,100,0.0,0.0
0.05,0.05,0.05,P_RANDOM__V,0.05,0.05,aiops2025,exp_evidence_selection,47.68421052631579,38,1083.9736842105262,38,False,0.62,1481.18,100,gemma-4-26b-a4b,0.05,100,39.68,100,0.0,all,2813.868421052632,38,0.0,0.0
0.16,0.23,0.24,P_SIGMA__T,0.1899999999999999,0.208,aiops2025,exp_evidence_selection,49.37,100,0.0,100,False,0.0,13716.46,100,gemma-4-26b-a4b,0.1886666666666666,100,111.24,100,0.01,all,13716.46,100,0.0,0.01
0.12,0.13,0.13,P_SIGMA__V,0.1266666666666666,0.128,aiops2025,exp_evidence_selection,49.37,100,1084.23,100,False,0.0,3900.17,100,gemma-4-26b-a4b,0.125,100,105.68,100,0.0,all,2815.94,100,0.0,0.0
0.2,0.25,0.25,P_TRACE_SC__T,0.23,0.2379999999999999,aiops2025,exp_evidence_selection,49.37,100,0.0,100,False,0.0,13240.99,100,gemma-4-26b-a4b,0.2233333333333333,100,115.77,100,0.0,all,13240.99,100,0.0,0.0
0.19,0.19,0.19,P_TRACE_SC__V,0.19,0.19,aiops2025,exp_evidence_selection,49.37,100,1084.23,100,False,0.0,3900.17,100,gemma-4-26b-a4b,0.19,100,102.83,100,0.0,all,2815.94,100,0.0,0.0
0.8666666666666667,0.8888888888888888,0.8888888888888888,P0__T,0.8740740740740741,0.88,re2_ob,exp_evidence_selection,48.86666666666667,90,0.0,90,False,0.0,14879.8,90,gemma-4-26b-a4b,0.8740740740740741,90,111.21111111111112,90,0.0,all,14879.8,90,0.0,0.0
0.6,0.6,0.6,P0__V,0.6,0.6,re2_ob,exp_evidence_selection,48.86666666666667,90,1087.0,90,False,0.0,3053.677777777778,90,gemma-4-26b-a4b,0.6,90,98.57777777777778,90,0.0,all,1966.6777777777777,90,0.0,0.0
0.8555555555555555,0.8888888888888888,0.8888888888888888,P_BARO_RS__T,0.8703703703703705,0.8777777777777778,re2_ob,exp_evidence_selection,48.86666666666667,90,0.0,90,False,0.0,15986.533333333333,90,gemma-4-26b-a4b,0.8685185185185186,90,114.25555555555556,90,0.0,all,15986.533333333333,90,0.0,0.0
0.4222222222222222,0.4222222222222222,0.4222222222222222,P_BARO_RS__V,0.4222222222222222,0.4222222222222222,re2_ob,exp_evidence_selection,48.86666666666667,90,1087.0,90,False,0.0,3053.677777777778,90,gemma-4-26b-a4b,0.4222222222222222,90,99.28888888888888,90,0.0,all,1966.6777777777777,90,0.0,0.0
0.8,0.8555555555555555,0.8555555555555555,P_COVERAGE__T,0.8296296296296297,0.84,re2_ob,exp_evidence_selection,48.86666666666667,90,0.0,90,False,0.0,14523.888888888889,90,gemma-4-26b-a4b,0.824074074074074,90,112.38888888888889,90,0.0,all,14523.888888888889,90,0.0,0.0
0.1333333333333333,0.1333333333333333,0.1333333333333333,P_COVERAGE__V,0.1333333333333333,0.1333333333333333,re2_ob,exp_evidence_selection,48.8,60,1087.0,60,False,0.3333333333333333,2035.6333333333332,90,gemma-4-26b-a4b,0.1333333333333333,90,68.88888888888889,90,0.0,all,1966.45,60,0.0,0.0
0.8777777777777778,0.9,0.9,P_DIVERSITY__T,0.8851851851851852,0.8911111111111112,re2_ob,exp_evidence_selection,48.86666666666667,90,0.0,90,False,0.0,14942.333333333334,90,gemma-4-26b-a4b,0.8851851851851852,90,107.22222222222224,90,0.0,all,14942.333333333334,90,0.0,0.0
0.4,0.4,0.4,P_DIVERSITY__V,0.4,0.4,re2_ob,exp_evidence_selection,48.815384615384616,65,1087.0,65,False,0.2777777777777778,2205.4444444444443,90,gemma-4-26b-a4b,0.4,90,74.2,90,0.0,all,1966.692307692308,65,0.0,0.0
0.8111111111111111,0.8555555555555555,0.8555555555555555,P_LOG_FREQ__T,0.837037037037037,0.8444444444444444,re2_ob,exp_evidence_selection,48.86666666666667,90,0.0,90,False,0.0,14940.333333333334,90,gemma-4-26b-a4b,0.8314814814814816,90,111.15555555555557,90,0.0,all,14940.333333333334,90,0.0,0.0
0.4777777777777778,0.4777777777777778,0.4777777777777778,P_LOG_FREQ__V,0.4777777777777778,0.4777777777777778,re2_ob,exp_evidence_selection,48.81818181818182,66,1087.0,66,False,0.2666666666666666,2239.311111111111,90,gemma-4-26b-a4b,0.4777777777777778,90,73.43333333333334,90,0.0,all,1966.6060606060605,66,0.0,0.0
0.6111111111111112,0.6444444444444445,0.6444444444444445,P_RANDOM__T,0.6333333333333333,0.6377777777777779,re2_ob,exp_evidence_selection,48.86666666666667,90,0.0,90,False,0.0,14127.266666666666,90,gemma-4-26b-a4b,0.6277777777777778,90,107.31111111111112,90,0.0,all,14127.266666666666,90,0.0,0.0
0.2333333333333333,0.2333333333333333,0.2333333333333333,P_RANDOM__V,0.2333333333333333,0.2333333333333333,re2_ob,exp_evidence_selection,48.84615384615385,78,1087.0,78,False,0.1333333333333333,2646.4,90,gemma-4-26b-a4b,0.2333333333333333,90,92.91111111111113,90,0.0,all,1966.5384615384612,78,0.0,0.0
0.8111111111111111,0.8555555555555555,0.8555555555555555,P_SIGMA__T,0.8333333333333335,0.8422222222222222,re2_ob,exp_evidence_selection,48.86666666666667,90,0.0,90,False,0.0,15006.91111111111,90,gemma-4-26b-a4b,0.8296296296296297,90,114.9,90,0.0,all,15006.91111111111,90,0.0,0.0
0.6444444444444445,0.6444444444444445,0.6444444444444445,P_SIGMA__V,0.6444444444444445,0.6444444444444445,re2_ob,exp_evidence_selection,48.86666666666667,90,1087.0,90,False,0.0,3053.677777777778,90,gemma-4-26b-a4b,0.6444444444444445,90,101.24444444444444,90,0.0,all,1966.6777777777777,90,0.0,0.0
0.8555555555555555,0.8777777777777778,0.8777777777777778,P_TRACE_SC__T,0.8666666666666667,0.8711111111111112,re2_ob,exp_evidence_selection,48.86666666666667,90,0.0,90,False,0.0,14873.455555555556,90,gemma-4-26b-a4b,0.8648148148148149,90,113.36666666666666,90,0.0,all,14873.455555555556,90,0.0,0.0
0.5888888888888889,0.5888888888888889,0.5888888888888889,P_TRACE_SC__V,0.5888888888888889,0.5888888888888889,re2_ob,exp_evidence_selection,48.86666666666667,90,1087.0,90,False,0.0,3053.677777777778,90,gemma-4-26b-a4b,0.5888888888888889,90,99.88888888888889,90,0.0,all,1966.6777777777777,90,0.0,0.0
0.7,0.8222222222222222,0.8222222222222222,P0__T,0.7740740740740739,0.7933333333333332,re2_tt,exp_evidence_selection,50.888888888888886,90,0.0,90,False,0.0,16595.0,90,gemma-4-26b-a4b,0.7574074074074073,90,119.41111111111113,90,0.0,all,16595.0,90,0.0,0.0
0.3555555555555555,0.3555555555555555,0.3555555555555555,P0__V,0.3555555555555555,0.3555555555555555,re2_tt,exp_evidence_selection,50.888888888888886,90,1085.0111111111112,90,False,0.0,3735.5,90,gemma-4-26b-a4b,0.3555555555555555,90,100.66666666666669,90,0.0,all,2650.488888888889,90,0.0,0.0
0.8333333333333334,0.9,0.9,P_BARO_RS__T,0.8777777777777778,0.8866666666666666,re2_tt,exp_evidence_selection,50.888888888888886,90,0.0,90,False,0.0,16736.844444444443,90,gemma-4-26b-a4b,0.8666666666666667,90,116.82222222222222,90,0.0,all,16736.844444444443,90,0.0,0.0
0.4111111111111111,0.4111111111111111,0.4111111111111111,P_BARO_RS__V,0.4111111111111111,0.4111111111111111,re2_tt,exp_evidence_selection,50.888888888888886,90,1085.0111111111112,90,False,0.0,3735.5,90,gemma-4-26b-a4b,0.4111111111111111,90,104.42222222222222,90,0.0,all,2650.488888888889,90,0.0,0.0
0.7444444444444445,0.7777777777777778,0.7777777777777778,P_COVERAGE__T,0.7629629629629631,0.768888888888889,re2_tt,exp_evidence_selection,50.888888888888886,90,0.0,90,False,0.0,15670.31111111111,90,gemma-4-26b-a4b,0.7592592592592592,90,120.5,90,0.0,all,15670.31111111111,90,0.0,0.0
0.2222222222222222,0.2222222222222222,0.2222222222222222,P_COVERAGE__V,0.2222222222222222,0.2222222222222222,re2_tt,exp_evidence_selection,50.888888888888886,90,1085.0111111111112,90,False,0.0,3735.5,90,gemma-4-26b-a4b,0.2222222222222222,90,105.31111111111112,90,0.0,all,2650.488888888889,90,0.0,0.0
0.7777777777777778,0.8444444444444444,0.8444444444444444,P_DIVERSITY__T,0.8222222222222222,0.8311111111111112,re2_tt,exp_evidence_selection,50.888888888888886,90,0.0,90,False,0.0,15761.855555555556,90,gemma-4-26b-a4b,0.8111111111111111,90,115.53333333333332,90,0.0,all,15761.855555555556,90,0.0,0.0
0.3666666666666666,0.3666666666666666,0.3666666666666666,P_DIVERSITY__V,0.3666666666666666,0.3666666666666666,re2_tt,exp_evidence_selection,50.888888888888886,90,1085.0111111111112,90,False,0.0,3735.5,90,gemma-4-26b-a4b,0.3666666666666666,90,99.1,90,0.0,all,2650.488888888889,90,0.0,0.0
0.7111111111111111,0.8444444444444444,0.8444444444444444,P_LOG_FREQ__T,0.7814814814814816,0.8066666666666666,re2_tt,exp_evidence_selection,50.888888888888886,90,0.0,90,False,0.0,16566.533333333333,90,gemma-4-26b-a4b,0.7685185185185184,90,116.15555555555557,90,0.0,all,16566.533333333333,90,0.0,0.0
0.3333333333333333,0.3333333333333333,0.3333333333333333,P_LOG_FREQ__V,0.3333333333333333,0.3333333333333333,re2_tt,exp_evidence_selection,50.888888888888886,90,1085.0111111111112,90,False,0.0,3735.5,90,gemma-4-26b-a4b,0.3333333333333333,90,101.17777777777778,90,0.0,all,2650.488888888889,90,0.0,0.0
0.2111111111111111,0.2888888888888888,0.2888888888888888,P_RANDOM__T,0.2481481481481481,0.2644444444444444,re2_tt,exp_evidence_selection,50.888888888888886,90,0.0,90,False,0.0,15490.255555555555,90,gemma-4-26b-a4b,0.2425925925925926,90,115.0,90,0.0,all,15490.255555555555,90,0.0,0.0
0.0666666666666666,0.0666666666666666,0.0666666666666666,P_RANDOM__V,0.0666666666666666,0.0666666666666666,re2_tt,exp_evidence_selection,50.888888888888886,90,1085.0111111111112,90,False,0.0,3735.5,90,gemma-4-26b-a4b,0.0666666666666666,90,101.38888888888889,90,0.0,all,2650.488888888889,90,0.0,0.0
0.6333333333333333,0.7,0.7,P_SIGMA__T,0.6703703703703703,0.6822222222222223,re2_tt,exp_evidence_selection,50.888888888888886,90,0.0,90,False,0.0,17448.62222222222,90,gemma-4-26b-a4b,0.662962962962963,90,123.22222222222224,90,0.0,all,17448.62222222222,90,0.0,0.0
0.2444444444444444,0.2444444444444444,0.2444444444444444,P_SIGMA__V,0.2444444444444444,0.2444444444444444,re2_tt,exp_evidence_selection,50.888888888888886,90,1085.0111111111112,90,False,0.0,3735.5,90,gemma-4-26b-a4b,0.2444444444444444,90,100.6,90,0.0,all,2650.488888888889,90,0.0,0.0
0.7666666666666667,0.8555555555555555,0.8555555555555555,P_TRACE_SC__T,0.8148148148148149,0.8311111111111111,re2_tt,exp_evidence_selection,50.888888888888886,90,0.0,90,False,0.0,16601.933333333334,90,gemma-4-26b-a4b,0.8055555555555556,90,116.92222222222222,90,0.0,all,16601.933333333334,90,0.0,0.0
0.4222222222222222,0.4222222222222222,0.4222222222222222,P_TRACE_SC__V,0.4222222222222222,0.4222222222222222,re2_tt,exp_evidence_selection,50.888888888888886,90,1085.0111111111112,90,False,0.0,3735.5,90,gemma-4-26b-a4b,0.4222222222222222,90,102.25555555555556,90,0.0,all,2650.488888888889,90,0.0,0.0
0.4791666666666667,0.5270833333333333,0.5270833333333333,P0__T,0.5055555555555556,0.5141666666666667,pooled_descriptive,exp_evidence_selection,50.125,480,0.0,480,False,0.0,14830.704166666666,480,gemma-4-26b-a4b,0.5003472222222222,480,113.75625,480,0.0,all,14830.704166666666,480,0.0,0.0
0.34375,0.34375,0.34375,P0__V,0.34375,0.34375,pooled_descriptive,exp_evidence_selection,50.125,480,1085.2416666666666,480,False,0.0,3897.4729166666666,480,gemma-4-26b-a4b,0.34375,480,101.27291666666666,480,0.0,all,2812.23125,480,0.0,0.0
0.48125,0.5270833333333333,0.5270833333333333,P_BARO_RS__T,0.50625,0.5145833333333333,pooled_descriptive,exp_evidence_selection,50.125,480,0.0,480,False,0.0,15342.229166666666,480,gemma-4-26b-a4b,0.5013888888888889,480,113.19375,480,0.0,all,15342.229166666666,480,0.0,0.0
0.3104166666666667,0.3104166666666667,0.3104166666666667,P_BARO_RS__V,0.3104166666666667,0.3104166666666667,pooled_descriptive,exp_evidence_selection,50.125,480,1085.2416666666666,480,False,0.0,3897.4729166666666,480,gemma-4-26b-a4b,0.3104166666666667,480,104.54583333333332,480,0.0020833333333333,all,2812.23125,480,0.0,0.0020833333333333
0.46875,0.5208333333333334,0.5208333333333334,P_COVERAGE__T,0.4972222222222222,0.5066666666666666,pooled_descriptive,exp_evidence_selection,50.125,480,0.0,480,False,0.0,14585.60625,480,gemma-4-26b-a4b,0.4916666666666666,480,113.45625,480,0.0,all,14585.60625,480,0.0,0.0
0.1916666666666666,0.1916666666666666,0.1916666666666666,P_COVERAGE__V,0.1916666666666666,0.1916666666666666,pooled_descriptive,exp_evidence_selection,50.17031630170316,411,1085.1849148418491,411,False,0.14375,3370.1375,480,gemma-4-26b-a4b,0.1916666666666666,480,88.53333333333333,480,0.0,all,2850.7420924574208,411,0.0,0.0
0.5125,0.5666666666666667,0.56875,P_DIVERSITY__T,0.54375,0.5537499999999999,pooled_descriptive,exp_evidence_selection,50.125,480,0.0,480,False,0.0,14740.329166666666,480,gemma-4-26b-a4b,0.5376736111111111,480,112.72708333333334,480,0.0,all,14740.329166666666,480,0.0,0.0
0.2916666666666667,0.2916666666666667,0.2916666666666667,P_DIVERSITY__V,0.2916666666666667,0.2916666666666667,pooled_descriptive,exp_evidence_selection,50.07434052757794,417,1085.1774580335732,417,False,0.13125,3410.164583333333,480,gemma-4-26b-a4b,0.2916666666666667,480,88.52708333333334,480,0.0,all,2840.191846522782,417,0.0,0.0
0.4729166666666666,0.51875,0.5208333333333334,P_LOG_FREQ__T,0.4979166666666667,0.5070833333333333,pooled_descriptive,exp_evidence_selection,50.125,480,0.0,480,False,0.0,14803.216666666667,480,gemma-4-26b-a4b,0.4935763888888889,480,112.93125,480,0.0,all,14803.216666666667,480,0.0,0.0
0.2875,0.2895833333333333,0.2895833333333333,P_LOG_FREQ__V,0.2888888888888888,0.2891666666666667,pooled_descriptive,exp_evidence_selection,50.1371158392435,423,1085.193853427896,423,False,0.11875,3459.4875,480,gemma-4-26b-a4b,0.2885416666666666,480,90.04583333333333,480,0.0,all,2840.465721040189,423,0.0,0.0
0.2541666666666666,0.2875,0.2895833333333333,P_RANDOM__T,0.2729166666666666,0.2795833333333333,pooled_descriptive,exp_evidence_selection,50.125,480,0.0,480,False,0.0,14163.4875,480,gemma-4-26b-a4b,0.2696180555555555,480,110.13333333333334,480,0.0,all,14163.4875,480,0.0,0.0
0.0895833333333333,0.0895833333333333,0.0895833333333333,P_RANDOM__V,0.0895833333333333,0.0895833333333333,pooled_descriptive,exp_evidence_selection,49.95384615384615,390,1085.274358974359,390,False,0.1875,3169.99375,480,gemma-4-26b-a4b,0.0895833333333333,480,85.98333333333333,480,0.0,all,2816.25641025641,390,0.0,0.0
0.3625,0.4,0.4020833333333333,P_SIGMA__T,0.38125,0.3891666666666667,pooled_descriptive,exp_evidence_selection,50.125,480,0.0,480,False,0.0,15370.88125,480,gemma-4-26b-a4b,0.3785416666666666,480,112.75833333333334,480,0.0020833333333333,all,15370.88125,480,0.0,0.0020833333333333
0.2395833333333333,0.2416666666666666,0.2416666666666666,P_SIGMA__V,0.2409722222222222,0.24125,pooled_descriptive,exp_evidence_selection,50.125,480,1085.2416666666666,480,False,0.0,3897.4729166666666,480,gemma-4-26b-a4b,0.240625,480,103.62708333333332,480,0.0,all,2812.23125,480,0.0,0.0
0.5,0.54375,0.54375,P_TRACE_SC__T,0.525,0.5325000000000001,pooled_descriptive,exp_evidence_selection,50.125,480,0.0,480,False,0.0,14811.51875,480,gemma-4-26b-a4b,0.5197916666666667,480,114.425,480,0.0020833333333333,all,14811.51875,480,0.0,0.0
0.3416666666666667,0.3416666666666667,0.3416666666666667,P_TRACE_SC__V,0.3416666666666667,0.3416666666666667,pooled_descriptive,exp_evidence_selection,50.125,480,1085.2416666666666,480,False,0.0,3897.4729166666666,480,gemma-4-26b-a4b,0.3416666666666667,480,102.88958333333332,480,0.0,all,2812.23125,480,0.0,0.0
0.3,0.3666666666666666,0.3666666666666666,S0,0.3222222222222222,0.3399999999999999,aegislab,exp_silhouette_encoding,52.266666666666666,30,2117.1666666666665,30,False,0.0,5441.866666666667,30,qwen3.8-27b,0.3222222222222222,30,174.5,30,0.0,selection,3324.7,30,0.0,0.0
0.2,0.3666666666666666,0.3666666666666666,S_COMPACT_MIX,0.3,0.3266666666666667,aegislab,exp_silhouette_encoding,52.266666666666666,30,2117.1666666666665,30,True,0.0,5441.866666666667,30,qwen3.8-27b,0.2777777777777777,30,180.7333333333333,30,0.1,selection,3324.7,30,0.0,0.1
0.3,0.5,0.5,S_DENSITY_COMPACT,0.4111111111111111,0.4466666666666667,aegislab,exp_silhouette_encoding,52.266666666666666,30,2117.1666666666665,30,False,0.0,5441.866666666667,30,qwen3.8-27b,0.3888888888888889,30,179.16666666666666,30,0.0,selection,3324.7,30,0.0,0.0
0.3,0.4333333333333333,0.4333333333333333,S_G_LAYERED,0.3666666666666666,0.3933333333333333,aegislab,exp_silhouette_encoding,52.266666666666666,30,2117.1666666666665,30,False,0.0,5441.866666666667,30,qwen3.8-27b,0.3555555555555555,30,187.46666666666667,30,0.0,selection,3324.7,30,0.0,0.0
0.2333333333333333,0.4,0.4,S_G_MATRIX,0.3222222222222222,0.3533333333333334,aegislab,exp_silhouette_encoding,52.266666666666666,30,2117.1666666666665,30,False,0.0,5441.866666666667,30,qwen3.8-27b,0.3055555555555555,30,178.8,30,0.0,selection,3324.7,30,0.0,0.0
0.2666666666666666,0.3666666666666666,0.3666666666666666,S_L_MATRIX,0.3111111111111111,0.3333333333333333,aegislab,exp_silhouette_encoding,52.266666666666666,30,2117.1666666666665,30,False,0.0,5441.866666666667,30,qwen3.8-27b,0.3055555555555556,30,184.96666666666667,30,0.0,selection,3324.7,30,0.0,0.0
0.2333333333333333,0.3333333333333333,0.3333333333333333,S_M_HEATMAP,0.3,0.3133333333333333,aegislab,exp_silhouette_encoding,52.266666666666666,30,2117.1666666666665,30,False,0.0,5441.866666666667,30,qwen3.8-27b,0.2833333333333333,30,189.56666666666663,30,0.0,selection,3324.7,30,0.0,0.0
0.3,0.4333333333333333,0.4333333333333333,S_M_OVERLAY,0.3777777777777777,0.4,aegislab,exp_silhouette_encoding,52.266666666666666,30,2117.1666666666665,30,False,0.0,5441.866666666667,30,qwen3.8-27b,0.361111111111111,30,184.13333333333333,30,0.0,selection,3324.7,30,0.0,0.0
0.3,0.3666666666666666,0.3666666666666666,S_M_TIME_BARS,0.3444444444444444,0.3533333333333334,aegislab,exp_silhouette_encoding,52.266666666666666,30,2117.1666666666665,30,False,0.0,5441.866666666667,30,qwen3.8-27b,0.3333333333333333,30,185.2333333333333,30,0.0333333333333333,selection,3324.7,30,0.0,0.0333333333333333
0.2666666666666666,0.3666666666666666,0.3666666666666666,S_R_DUMBBELL,0.311111111111111,0.3333333333333333,aegislab,exp_silhouette_encoding,52.266666666666666,30,2117.1666666666665,30,False,0.0,5441.866666666667,30,qwen3.8-27b,0.3055555555555555,30,167.56666666666666,30,0.0333333333333333,selection,3324.7,30,0.0,0.0333333333333333
0.3,0.4666666666666667,0.4666666666666667,S_R_PAIRED_BARS,0.3888888888888889,0.42,aegislab,exp_silhouette_encoding,52.266666666666666,30,2117.1666666666665,30,True,0.0,5441.866666666667,30,qwen3.8-27b,0.3722222222222222,30,184.2333333333333,30,0.0666666666666666,selection,3324.7,30,0.0,0.0666666666666666
0.2333333333333333,0.4666666666666667,0.4666666666666667,S_TABLE,0.3666666666666666,0.4066666666666666,aegislab,exp_silhouette_encoding,52.266666666666666,30,2117.1666666666665,30,False,0.0,5441.866666666667,30,qwen3.8-27b,0.3388888888888888,30,168.56666666666666,30,0.0,selection,3324.7,30,0.0,0.0
0.0333333333333333,0.2333333333333333,0.2666666666666666,S0,0.1555555555555555,0.1933333333333333,aiops2022,exp_silhouette_encoding,49.06666666666667,30,2063.266666666667,30,False,0.0,5132.6,30,qwen3.8-27b,0.1344444444444444,30,185.3,30,0.0,selection,3069.333333333333,30,0.0,0.0
0.0333333333333333,0.2,0.2,S_COMPACT_MIX,0.1222222222222222,0.1533333333333333,aiops2022,exp_silhouette_encoding,49.06666666666667,30,2063.266666666667,30,False,0.0,5132.6,30,qwen3.8-27b,0.1055555555555555,30,190.9333333333333,30,0.0,selection,3069.333333333333,30,0.0,0.0
0.0333333333333333,0.2666666666666666,0.3333333333333333,S_DENSITY_COMPACT,0.1666666666666666,0.2266666666666666,aiops2022,exp_silhouette_encoding,49.06666666666667,30,2063.266666666667,30,False,0.0,5132.6,30,qwen3.8-27b,0.1538888888888888,30,181.06666666666663,30,0.0,selection,3069.333333333333,30,0.0,0.0
0.0333333333333333,0.2,0.2333333333333333,S_G_LAYERED,0.1333333333333333,0.1733333333333333,aiops2022,exp_silhouette_encoding,49.06666666666667,30,2063.266666666667,30,False,0.0,5132.6,30,qwen3.8-27b,0.1194444444444444,30,218.2,30,0.0,selection,3069.333333333333,30,0.0,0.0
0.0333333333333333,0.2666666666666666,0.2666666666666666,S_G_MATRIX,0.1555555555555555,0.2,aiops2022,exp_silhouette_encoding,49.06666666666667,30,2063.266666666667,30,False,0.0,5132.6,30,qwen3.8-27b,0.1333333333333333,30,201.9,30,0.0333333333333333,selection,3069.333333333333,30,0.0,0.0333333333333333
0.0666666666666666,0.2666666666666666,0.2666666666666666,S_L_MATRIX,0.1777777777777777,0.2133333333333333,aiops2022,exp_silhouette_encoding,49.06666666666667,30,2063.266666666667,30,False,0.0,5132.6,30,qwen3.8-27b,0.1555555555555555,30,228.66666666666663,30,0.0333333333333333,selection,3069.333333333333,30,0.0,0.0333333333333333
0.0333333333333333,0.1666666666666666,0.1666666666666666,S_M_HEATMAP,0.1222222222222222,0.14,aiops2022,exp_silhouette_encoding,49.06666666666667,30,2063.266666666667,30,False,0.0,5132.6,30,qwen3.8-27b,0.1,30,187.2,30,0.0,selection,3069.333333333333,30,0.0,0.0
0.0666666666666666,0.2,0.2333333333333333,S_M_OVERLAY,0.1555555555555555,0.1866666666666666,aiops2022,exp_silhouette_encoding,49.06666666666667,30,2063.266666666667,30,False,0.0,5132.6,30,qwen3.8-27b,0.1416666666666666,30,186.9,30,0.0,selection,3069.333333333333,30,0.0,0.0
0.0666666666666666,0.2666666666666666,0.3,S_M_TIME_BARS,0.1999999999999999,0.24,aiops2022,exp_silhouette_encoding,49.06666666666667,30,2063.266666666667,30,False,0.0,5132.6,30,qwen3.8-27b,0.175,30,195.03333333333333,30,0.0,selection,3069.333333333333,30,0.0,0.0
0.0333333333333333,0.2333333333333333,0.2333333333333333,S_R_DUMBBELL,0.1555555555555555,0.1866666666666666,aiops2022,exp_silhouette_encoding,49.06666666666667,30,2063.266666666667,30,True,0.0,5132.6,30,qwen3.8-27b,0.1277777777777777,30,179.7,30,0.0666666666666666,selection,3069.333333333333,30,0.0,0.0666666666666666
0.0666666666666666,0.3,0.3,S_R_PAIRED_BARS,0.1888888888888888,0.2333333333333333,aiops2022,exp_silhouette_encoding,49.06666666666667,30,2063.266666666667,30,False,0.0,5132.6,30,qwen3.8-27b,0.1666666666666666,30,188.13333333333333,30,0.0,selection,3069.333333333333,30,0.0,0.0
0.0333333333333333,0.1333333333333333,0.1333333333333333,S_TABLE,0.0888888888888888,0.1066666666666666,aiops2022,exp_silhouette_encoding,49.06666666666667,30,2063.266666666667,30,True,0.0,5132.6,30,qwen3.8-27b,0.0777777777777777,30,201.4,30,0.1,selection,3069.333333333333,30,0.0,0.1
0.2,0.3666666666666666,0.3666666666666666,S0,0.2888888888888888,0.32,aiops2025,exp_silhouette_encoding,49.766666666666666,30,2074.7,30,False,0.0,4821.133333333333,30,qwen3.8-27b,0.2722222222222222,30,184.33333333333331,30,0.0,selection,2746.4333333333334,30,0.0,0.0
0.1666666666666666,0.2666666666666666,0.2666666666666666,S_COMPACT_MIX,0.2333333333333333,0.2466666666666666,aiops2025,exp_silhouette_encoding,49.766666666666666,30,2074.7,30,False,0.0,4821.133333333333,30,qwen3.8-27b,0.2166666666666666,30,192.4333333333333,30,0.0333333333333333,selection,2746.4333333333334,30,0.0,0.0333333333333333
0.2,0.4,0.4,S_DENSITY_COMPACT,0.2888888888888888,0.3333333333333333,aiops2025,exp_silhouette_encoding,49.766666666666666,30,2074.7,30,False,0.0,4821.133333333333,30,qwen3.8-27b,0.2777777777777777,30,183.13333333333333,30,0.0333333333333333,selection,2746.4333333333334,30,0.0,0.0333333333333333
0.1666666666666666,0.4,0.4,S_G_LAYERED,0.311111111111111,0.3466666666666667,aiops2025,exp_silhouette_encoding,49.766666666666666,30,2074.7,30,False,0.0,4821.133333333333,30,qwen3.8-27b,0.2777777777777777,30,186.6,30,0.0,selection,2746.4333333333334,30,0.0,0.0
0.2,0.3666666666666666,0.3666666666666666,S_G_MATRIX,0.3,0.3266666666666667,aiops2025,exp_silhouette_encoding,49.766666666666666,30,2074.7,30,False,0.0,4821.133333333333,30,qwen3.8-27b,0.2777777777777777,30,189.5,30,0.0,selection,2746.4333333333334,30,0.0,0.0
0.2333333333333333,0.5,0.5,S_L_MATRIX,0.3777777777777777,0.4266666666666667,aiops2025,exp_silhouette_encoding,49.766666666666666,30,2074.7,30,False,0.0,4821.133333333333,30,qwen3.8-27b,0.35,30,173.03333333333333,30,0.0333333333333333,selection,2746.4333333333334,30,0.0,0.0333333333333333
0.2333333333333333,0.3333333333333333,0.3666666666666666,S_M_HEATMAP,0.3,0.3266666666666667,aiops2025,exp_silhouette_encoding,49.766666666666666,30,2074.7,30,False,0.0,4821.133333333333,30,qwen3.8-27b,0.2916666666666667,30,189.2333333333333,30,0.0,selection,2746.4333333333334,30,0.0,0.0
0.2,0.4,0.4333333333333333,S_M_OVERLAY,0.311111111111111,0.36,aiops2025,exp_silhouette_encoding,49.766666666666666,30,2074.7,30,False,0.0,4821.133333333333,30,qwen3.8-27b,0.2972222222222222,30,193.13333333333333,30,0.0,selection,2746.4333333333334,30,0.0,0.0
0.2666666666666666,0.3666666666666666,0.4,S_M_TIME_BARS,0.3222222222222222,0.3533333333333333,aiops2025,exp_silhouette_encoding,49.766666666666666,30,2074.7,30,False,0.0,4821.133333333333,30,qwen3.8-27b,0.3194444444444445,30,173.86666666666667,30,0.0,selection,2746.4333333333334,30,0.0,0.0
0.2,0.4,0.4,S_R_DUMBBELL,0.311111111111111,0.3466666666666667,aiops2025,exp_silhouette_encoding,49.766666666666666,30,2074.7,30,False,0.0,4821.133333333333,30,qwen3.8-27b,0.2888888888888888,30,196.6,30,0.0333333333333333,selection,2746.4333333333334,30,0.0,0.0333333333333333
0.2,0.4,0.4333333333333333,S_R_PAIRED_BARS,0.3,0.3533333333333334,aiops2025,exp_silhouette_encoding,49.766666666666666,30,2074.7,30,False,0.0,4821.133333333333,30,qwen3.8-27b,0.2916666666666667,30,199.3,30,0.0,selection,2746.4333333333334,30,0.0,0.0
0.2,0.3666666666666666,0.3666666666666666,S_TABLE,0.2777777777777778,0.3133333333333333,aiops2025,exp_silhouette_encoding,49.766666666666666,30,2074.7,30,False,0.0,4821.133333333333,30,qwen3.8-27b,0.2666666666666666,30,194.46666666666667,30,0.0333333333333333,selection,2746.4333333333334,30,0.0,0.0333333333333333
0.1777777777777777,0.3222222222222222,0.3333333333333333,S0,0.2555555555555555,0.2844444444444444,pooled_descriptive,exp_silhouette_encoding,50.36666666666667,90,2085.0444444444443,90,False,0.0,5131.866666666667,90,qwen3.8-27b,0.2429629629629629,90,181.37777777777777,90,0.0,selection,3046.822222222222,90,0.0,0.0
0.1333333333333333,0.2777777777777778,0.2777777777777778,S_COMPACT_MIX,0.2185185185185185,0.2422222222222222,pooled_descriptive,exp_silhouette_encoding,50.36666666666667,90,2085.0444444444443,90,False,0.0,5131.866666666667,90,qwen3.8-27b,0.2,90,188.03333333333333,90,0.0444444444444444,selection,3046.822222222222,90,0.0,0.0444444444444444
0.1777777777777777,0.3888888888888889,0.4111111111111111,S_DENSITY_COMPACT,0.2888888888888888,0.3355555555555556,pooled_descriptive,exp_silhouette_encoding,50.36666666666667,90,2085.0444444444443,90,False,0.0,5131.866666666667,90,qwen3.8-27b,0.2735185185185185,90,181.12222222222223,90,0.0111111111111111,selection,3046.822222222222,90,0.0,0.0111111111111111
0.1666666666666666,0.3444444444444444,0.3555555555555555,S_G_LAYERED,0.2703703703703703,0.3044444444444444,pooled_descriptive,exp_silhouette_encoding,50.36666666666667,90,2085.0444444444443,90,False,0.0,5131.866666666667,90,qwen3.8-27b,0.2509259259259259,90,197.42222222222225,90,0.0,selection,3046.822222222222,90,0.0,0.0
0.1555555555555555,0.3444444444444444,0.3444444444444444,S_G_MATRIX,0.2592592592592592,0.2933333333333333,pooled_descriptive,exp_silhouette_encoding,50.36666666666667,90,2085.0444444444443,90,False,0.0,5131.866666666667,90,qwen3.8-27b,0.2388888888888889,90,190.06666666666663,90,0.0111111111111111,selection,3046.822222222222,90,0.0,0.0111111111111111
0.1888888888888888,0.3777777777777777,0.3777777777777777,S_L_MATRIX,0.2888888888888888,0.3244444444444444,pooled_descriptive,exp_silhouette_encoding,50.36666666666667,90,2085.0444444444443,90,False,0.0,5131.866666666667,90,qwen3.8-27b,0.2703703703703703,90,195.55555555555557,90,0.0222222222222222,selection,3046.822222222222,90,0.0,0.0222222222222222
0.1666666666666666,0.2777777777777778,0.2888888888888888,S_M_HEATMAP,0.2407407407407407,0.26,pooled_descriptive,exp_silhouette_encoding,50.36666666666667,90,2085.0444444444443,90,False,0.0,5131.866666666667,90,qwen3.8-27b,0.225,90,188.66666666666663,90,0.0,selection,3046.822222222222,90,0.0,0.0
0.1888888888888888,0.3444444444444444,0.3666666666666666,S_M_OVERLAY,0.2814814814814814,0.3155555555555555,pooled_descriptive,exp_silhouette_encoding,50.36666666666667,90,2085.0444444444443,90,False,0.0,5131.866666666667,90,qwen3.8-27b,0.2666666666666666,90,188.05555555555557,90,0.0,selection,3046.822222222222,90,0.0,0.0
0.2111111111111111,0.3333333333333333,0.3555555555555555,S_M_TIME_BARS,0.2888888888888888,0.3155555555555555,pooled_descriptive,exp_silhouette_encoding,50.36666666666667,90,2085.0444444444443,90,False,0.0,5131.866666666667,90,qwen3.8-27b,0.2759259259259259,90,184.7111111111111,90,0.0111111111111111,selection,3046.822222222222,90,0.0,0.0111111111111111
0.1666666666666666,0.3333333333333333,0.3333333333333333,S_R_DUMBBELL,0.2592592592592592,0.2888888888888888,pooled_descriptive,exp_silhouette_encoding,50.36666666666667,90,2085.0444444444443,90,False,0.0,5131.866666666667,90,qwen3.8-27b,0.2407407407407407,90,181.2888888888889,90,0.0444444444444444,selection,3046.822222222222,90,0.0,0.0444444444444444
0.1888888888888888,0.3888888888888889,0.4,S_R_PAIRED_BARS,0.2925925925925925,0.3355555555555556,pooled_descriptive,exp_silhouette_encoding,50.36666666666667,90,2085.0444444444443,90,False,0.0,5131.866666666667,90,qwen3.8-27b,0.2768518518518518,90,190.55555555555557,90,0.0222222222222222,selection,3046.822222222222,90,0.0,0.0222222222222222
0.1555555555555555,0.3222222222222222,0.3222222222222222,S_TABLE,0.2444444444444444,0.2755555555555555,pooled_descriptive,exp_silhouette_encoding,50.36666666666667,90,2085.0444444444443,90,False,0.0,5131.866666666667,90,qwen3.8-27b,0.2277777777777777,90,188.14444444444445,90,0.0444444444444444,selection,3046.822222222222,90,0.0,0.0444444444444444
0.2714285714285714,0.6142857142857143,0.6142857142857143,S0,0.4476190476190476,0.5142857142857142,aegislab,exp_silhouette_encoding,52.0,70,2117.4,70,False,0.0,5441.371428571429,70,qwen3.8-27b,0.4166666666666666,70,176.24285714285713,70,0.0,main_report,3323.9714285714285,70,0.0,0.0
0.3142857142857143,0.5571428571428572,0.5571428571428572,S_COMPACT_MIX,0.438095238095238,0.4857142857142857,aegislab,exp_silhouette_encoding,52.0,70,2117.4,70,False,0.0,5441.371428571429,70,qwen3.8-27b,0.4166666666666666,70,185.42857142857144,70,0.0142857142857142,main_report,3323.9714285714285,70,0.0,0.0142857142857142
0.3428571428571428,0.5714285714285714,0.5714285714285714,S_DENSITY_COMPACT,0.4523809523809524,0.5,aegislab,exp_silhouette_encoding,52.0,70,2117.4,70,False,0.0,5441.371428571429,70,qwen3.8-27b,0.4357142857142856,70,192.18571428571428,70,0.0,main_report,3323.9714285714285,70,0.0,0.0
0.3142857142857143,0.6857142857142857,0.6857142857142857,S_G_LAYERED,0.5238095238095237,0.5885714285714286,aegislab,exp_silhouette_encoding,52.0,70,2117.4,70,False,0.0,5441.371428571429,70,qwen3.8-27b,0.4809523809523809,70,174.02857142857144,70,0.0,main_report,3323.9714285714285,70,0.0,0.0
0.2571428571428571,0.5857142857142857,0.5857142857142857,S_G_MATRIX,0.4333333333333333,0.4942857142857143,aegislab,exp_silhouette_encoding,52.0,70,2117.4,70,False,0.0,5441.371428571429,70,qwen3.8-27b,0.3999999999999999,70,177.52857142857144,70,0.0,main_report,3323.9714285714285,70,0.0,0.0
0.3,0.6,0.6,S_L_MATRIX,0.457142857142857,0.5142857142857142,aegislab,exp_silhouette_encoding,52.0,70,2117.4,70,False,0.0,5441.371428571429,70,qwen3.8-27b,0.4285714285714285,70,189.88571428571427,70,0.0,main_report,3323.9714285714285,70,0.0,0.0
0.2428571428571428,0.5,0.5,S_M_HEATMAP,0.3761904761904762,0.4257142857142857,aegislab,exp_silhouette_encoding,52.0,70,2117.4,70,False,0.0,5441.371428571429,70,qwen3.8-27b,0.3523809523809523,70,199.2,70,0.0,main_report,3323.9714285714285,70,0.0,0.0
0.3571428571428571,0.5714285714285714,0.5714285714285714,S_M_OVERLAY,0.4714285714285714,0.5114285714285715,aegislab,exp_silhouette_encoding,52.0,70,2117.4,70,False,0.0,5441.371428571429,70,qwen3.8-27b,0.45,70,192.07142857142856,70,0.0,main_report,3323.9714285714285,70,0.0,0.0
0.2285714285714285,0.5571428571428572,0.5571428571428572,S_M_TIME_BARS,0.4142857142857142,0.4714285714285714,aegislab,exp_silhouette_encoding,52.0,70,2117.4,70,False,0.0,5441.371428571429,70,qwen3.8-27b,0.3761904761904762,70,180.42857142857144,70,0.0142857142857142,main_report,3323.9714285714285,70,0.0,0.0142857142857142
0.3857142857142857,0.6285714285714286,0.6285714285714286,S_R_DUMBBELL,0.519047619047619,0.5628571428571428,aegislab,exp_silhouette_encoding,52.0,70,2117.4,70,False,0.0,5441.371428571429,70,qwen3.8-27b,0.4928571428571429,70,183.44285714285715,70,0.0,main_report,3323.9714285714285,70,0.0,0.0
0.3428571428571428,0.6142857142857143,0.6142857142857143,S_R_PAIRED_BARS,0.4952380952380952,0.5428571428571428,aegislab,exp_silhouette_encoding,52.0,70,2117.4,70,False,0.0,5441.371428571429,70,qwen3.8-27b,0.4642857142857143,70,181.22857142857143,70,0.0142857142857142,main_report,3323.9714285714285,70,0.0,0.0142857142857142
0.3,0.4857142857142857,0.4857142857142857,S_TABLE,0.4047619047619047,0.4371428571428571,aegislab,exp_silhouette_encoding,52.0,70,2117.4,70,False,0.0,5441.371428571429,70,qwen3.8-27b,0.3833333333333333,70,187.64285714285717,70,0.0142857142857142,main_report,3323.9714285714285,70,0.0,0.0142857142857142
0.1571428571428571,0.2285714285714285,0.2571428571428571,S0,0.1952380952380952,0.22,aiops2022,exp_silhouette_encoding,49.5,70,2075.4,70,False,0.0,5144.442857142857,70,qwen3.8-27b,0.1952380952380952,70,190.82857142857145,70,0.0142857142857142,main_report,3069.042857142857,70,0.0,0.0142857142857142
0.1857142857142857,0.3714285714285714,0.3857142857142857,S_COMPACT_MIX,0.2714285714285714,0.3171428571428571,aiops2022,exp_silhouette_encoding,49.5,70,2075.4,70,False,0.0,5144.442857142857,70,qwen3.8-27b,0.263095238095238,70,179.21428571428572,70,0.0,main_report,3069.042857142857,70,0.0,0.0
0.1857142857142857,0.3,0.3428571428571428,S_DENSITY_COMPACT,0.2523809523809524,0.2885714285714285,aiops2022,exp_silhouette_encoding,49.5,70,2075.4,70,False,0.0,5144.442857142857,70,qwen3.8-27b,0.2488095238095237,70,188.04285714285717,70,0.0,main_report,3069.042857142857,70,0.0,0.0
0.2142857142857142,0.3428571428571428,0.3571428571428571,S_G_LAYERED,0.2761904761904761,0.3085714285714286,aiops2022,exp_silhouette_encoding,49.5,70,2075.4,70,False,0.0,5144.442857142857,70,qwen3.8-27b,0.2702380952380952,70,189.25714285714287,70,0.0142857142857142,main_report,3069.042857142857,70,0.0,0.0142857142857142
0.1714285714285714,0.3142857142857143,0.3285714285714285,S_G_MATRIX,0.2428571428571428,0.2771428571428571,aiops2022,exp_silhouette_encoding,49.5,70,2075.4,70,False,0.0,5144.442857142857,70,qwen3.8-27b,0.2345238095238095,70,195.92857142857144,70,0.0,main_report,3069.042857142857,70,0.0,0.0
0.1714285714285714,0.2714285714285714,0.3,S_L_MATRIX,0.219047619047619,0.2514285714285714,aiops2022,exp_silhouette_encoding,49.5,70,2075.4,70,False,0.0,5144.442857142857,70,qwen3.8-27b,0.219047619047619,70,192.7142857142857,70,0.0142857142857142,main_report,3069.042857142857,70,0.0,0.0142857142857142
0.1285714285714285,0.2428571428571428,0.2571428571428571,S_M_HEATMAP,0.1761904761904761,0.2085714285714286,aiops2022,exp_silhouette_encoding,49.5,70,2075.4,70,False,0.0,5144.442857142857,70,qwen3.8-27b,0.175,70,196.65714285714284,70,0.0,main_report,3069.042857142857,70,0.0,0.0
0.1571428571428571,0.3,0.3285714285714285,S_M_OVERLAY,0.2333333333333333,0.2685714285714285,aiops2022,exp_silhouette_encoding,49.5,70,2075.4,70,False,0.0,5144.442857142857,70,qwen3.8-27b,0.2254761904761904,70,194.3142857142857,70,0.0285714285714285,main_report,3069.042857142857,70,0.0,0.0285714285714285
0.2142857142857142,0.3142857142857143,0.3428571428571428,S_M_TIME_BARS,0.2666666666666666,0.2942857142857143,aiops2022,exp_silhouette_encoding,49.5,70,2075.4,70,False,0.0,5144.442857142857,70,qwen3.8-27b,0.2635714285714285,70,193.07142857142856,70,0.0142857142857142,main_report,3069.042857142857,70,0.0,0.0142857142857142
0.1428571428571428,0.2428571428571428,0.2571428571428571,S_R_DUMBBELL,0.1904761904761904,0.2171428571428571,aiops2022,exp_silhouette_encoding,49.5,70,2075.4,70,False,0.0,5144.442857142857,70,qwen3.8-27b,0.1869047619047619,70,190.0,70,0.0285714285714285,main_report,3069.042857142857,70,0.0,0.0285714285714285
0.2142857142857142,0.3285714285714285,0.3285714285714285,S_R_PAIRED_BARS,0.2714285714285714,0.2942857142857143,aiops2022,exp_silhouette_encoding,49.5,70,2075.4,70,False,0.0,5144.442857142857,70,qwen3.8-27b,0.2619047619047618,70,194.4,70,0.0,main_report,3069.042857142857,70,0.0,0.0
0.1285714285714285,0.2714285714285714,0.2857142857142857,S_TABLE,0.2,0.2314285714285714,aiops2022,exp_silhouette_encoding,49.5,70,2075.4,70,False,0.0,5144.442857142857,70,qwen3.8-27b,0.1909523809523809,70,195.5857142857143,70,0.0142857142857142,main_report,3069.042857142857,70,0.0,0.0142857142857142
0.1571428571428571,0.2857142857142857,0.3,S0,0.2238095238095237,0.2542857142857143,aiops2025,exp_silhouette_encoding,49.2,70,2065.6,70,False,0.0,4815.614285714286,70,qwen3.8-27b,0.2154761904761905,70,190.3428571428572,70,0.0,main_report,2750.014285714285,70,0.0,0.0
0.1,0.2571428571428571,0.2571428571428571,S_COMPACT_MIX,0.1761904761904761,0.2085714285714286,aiops2025,exp_silhouette_encoding,49.2,70,2065.6,70,False,0.0,4815.614285714286,70,qwen3.8-27b,0.1642857142857142,70,203.27142857142857,70,0.0142857142857142,main_report,2750.014285714285,70,0.0,0.0142857142857142
0.1142857142857142,0.2428571428571428,0.2571428571428571,S_DENSITY_COMPACT,0.1857142857142857,0.2142857142857142,aiops2025,exp_silhouette_encoding,49.2,70,2065.6,70,False,0.0,4815.614285714286,70,qwen3.8-27b,0.175,70,190.9857142857143,70,0.0285714285714285,main_report,2750.014285714285,70,0.0,0.0285714285714285
0.1285714285714285,0.2857142857142857,0.3,S_G_LAYERED,0.219047619047619,0.2485714285714285,aiops2025,exp_silhouette_encoding,49.2,70,2065.6,70,False,0.0,4815.614285714286,70,qwen3.8-27b,0.2028571428571428,70,186.3428571428572,70,0.0285714285714285,main_report,2750.014285714285,70,0.0,0.0285714285714285
0.1571428571428571,0.2857142857142857,0.2857142857142857,S_G_MATRIX,0.2333333333333332,0.2542857142857143,aiops2025,exp_silhouette_encoding,49.2,70,2065.6,70,False,0.0,4815.614285714286,70,qwen3.8-27b,0.2166666666666666,70,195.9857142857143,70,0.0142857142857142,main_report,2750.014285714285,70,0.0,0.0142857142857142
0.1428571428571428,0.3285714285714285,0.3285714285714285,S_L_MATRIX,0.238095238095238,0.2742857142857143,aiops2025,exp_silhouette_encoding,49.2,70,2065.6,70,False,0.0,4815.614285714286,70,qwen3.8-27b,0.2214285714285714,70,186.8,70,0.0285714285714285,main_report,2750.014285714285,70,0.0,0.0285714285714285
0.1285714285714285,0.2714285714285714,0.2714285714285714,S_M_HEATMAP,0.2095238095238095,0.2342857142857142,aiops2025,exp_silhouette_encoding,49.2,70,2065.6,70,False,0.0,4815.614285714286,70,qwen3.8-27b,0.1928571428571429,70,192.25714285714287,70,0.0142857142857142,main_report,2750.014285714285,70,0.0,0.0142857142857142
0.1571428571428571,0.2714285714285714,0.2714285714285714,S_M_OVERLAY,0.2238095238095238,0.2428571428571428,aiops2025,exp_silhouette_encoding,49.2,70,2065.6,70,False,0.0,4815.614285714286,70,qwen3.8-27b,0.2095238095238095,70,189.05714285714285,70,0.0142857142857142,main_report,2750.014285714285,70,0.0,0.0142857142857142
0.1285714285714285,0.2714285714285714,0.2714285714285714,S_M_TIME_BARS,0.2095238095238095,0.2342857142857142,aiops2025,exp_silhouette_encoding,49.2,70,2065.6,70,False,0.0,4815.614285714286,70,qwen3.8-27b,0.1928571428571428,70,189.05714285714285,70,0.0142857142857142,main_report,2750.014285714285,70,0.0,0.0142857142857142
0.1142857142857142,0.2714285714285714,0.2857142857142857,S_R_DUMBBELL,0.1904761904761904,0.2285714285714285,aiops2025,exp_silhouette_encoding,49.2,70,2065.6,70,False,0.0,4815.614285714286,70,qwen3.8-27b,0.1821428571428571,70,183.65714285714284,70,0.0,main_report,2750.014285714285,70,0.0,0.0
0.1,0.2714285714285714,0.2714285714285714,S_R_PAIRED_BARS,0.1857142857142857,0.22,aiops2025,exp_silhouette_encoding,49.2,70,2065.6,70,False,0.0,4815.614285714286,70,qwen3.8-27b,0.1714285714285714,70,180.78571428571428,70,0.0,main_report,2750.014285714285,70,0.0,0.0
0.1285714285714285,0.2857142857142857,0.2857142857142857,S_TABLE,0.2095238095238095,0.24,aiops2025,exp_silhouette_encoding,49.2,70,2065.6,70,True,0.0,4815.614285714286,70,qwen3.8-27b,0.1952380952380952,70,194.7142857142857,70,0.0571428571428571,main_report,2750.014285714285,70,0.0,0.0571428571428571
0.1952380952380952,0.3761904761904762,0.3904761904761905,S0,0.2888888888888888,0.3295238095238095,pooled_descriptive,exp_silhouette_encoding,50.23333333333333,210,2086.133333333333,210,False,0.0,5133.809523809524,210,qwen3.8-27b,0.2757936507936507,210,185.8047619047619,210,0.0047619047619047,main_report,3047.67619047619,210,0.0,0.0047619047619047
0.2,0.3952380952380952,0.4,S_COMPACT_MIX,0.2952380952380952,0.3371428571428572,pooled_descriptive,exp_silhouette_encoding,50.23333333333333,210,2086.133333333333,210,False,0.0,5133.809523809524,210,qwen3.8-27b,0.2813492063492063,210,189.3047619047619,210,0.0095238095238095,main_report,3047.67619047619,210,0.0,0.0095238095238095
0.2142857142857142,0.3714285714285714,0.3904761904761905,S_DENSITY_COMPACT,0.2968253968253968,0.3342857142857143,pooled_descriptive,exp_silhouette_encoding,50.23333333333333,210,2086.133333333333,210,False,0.0,5133.809523809524,210,qwen3.8-27b,0.2865079365079365,210,190.4047619047619,210,0.0095238095238095,main_report,3047.67619047619,210,0.0,0.0095238095238095
0.219047619047619,0.4380952380952381,0.4476190476190476,S_G_LAYERED,0.3396825396825396,0.3819047619047618,pooled_descriptive,exp_silhouette_encoding,50.23333333333333,210,2086.133333333333,210,False,0.0,5133.809523809524,210,qwen3.8-27b,0.318015873015873,210,183.2095238095238,210,0.0142857142857142,main_report,3047.67619047619,210,0.0,0.0142857142857142
0.1952380952380952,0.3952380952380952,0.4,S_G_MATRIX,0.3031746031746031,0.3419047619047619,pooled_descriptive,exp_silhouette_encoding,50.23333333333333,210,2086.133333333333,210,False,0.0,5133.809523809524,210,qwen3.8-27b,0.2837301587301587,210,189.8142857142857,210,0.0047619047619047,main_report,3047.67619047619,210,0.0,0.0047619047619047
0.2047619047619047,0.4,0.4095238095238095,S_L_MATRIX,0.3047619047619047,0.3466666666666667,pooled_descriptive,exp_silhouette_encoding,50.23333333333333,210,2086.133333333333,210,False,0.0,5133.809523809524,210,qwen3.8-27b,0.2896825396825396,210,189.8,210,0.0142857142857142,main_report,3047.67619047619,210,0.0,0.0142857142857142
0.1666666666666666,0.3380952380952381,0.3428571428571428,S_M_HEATMAP,0.2539682539682539,0.2895238095238095,pooled_descriptive,exp_silhouette_encoding,50.23333333333333,210,2086.133333333333,210,False,0.0,5133.809523809524,210,qwen3.8-27b,0.240079365079365,210,196.03809523809525,210,0.0047619047619047,main_report,3047.67619047619,210,0.0,0.0047619047619047
0.2238095238095238,0.3809523809523809,0.3904761904761905,S_M_OVERLAY,0.3095238095238095,0.3409523809523809,pooled_descriptive,exp_silhouette_encoding,50.23333333333333,210,2086.133333333333,210,False,0.0,5133.809523809524,210,qwen3.8-27b,0.295,210,191.8142857142857,210,0.0142857142857142,main_report,3047.67619047619,210,0.0,0.0142857142857142
0.1904761904761904,0.3809523809523809,0.3904761904761905,S_M_TIME_BARS,0.2968253968253968,0.3333333333333333,pooled_descriptive,exp_silhouette_encoding,50.23333333333333,210,2086.133333333333,210,False,0.0,5133.809523809524,210,qwen3.8-27b,0.2775396825396825,210,187.51904761904763,210,0.0142857142857142,main_report,3047.67619047619,210,0.0,0.0142857142857142
0.2142857142857142,0.3809523809523809,0.3904761904761905,S_R_DUMBBELL,0.3,0.3361904761904761,pooled_descriptive,exp_silhouette_encoding,50.23333333333333,210,2086.133333333333,210,False,0.0,5133.809523809524,210,qwen3.8-27b,0.2873015873015873,210,185.7,210,0.0095238095238095,main_report,3047.67619047619,210,0.0,0.0095238095238095
0.219047619047619,0.4047619047619047,0.4047619047619047,S_R_PAIRED_BARS,0.3174603174603174,0.3523809523809524,pooled_descriptive,exp_silhouette_encoding,50.23333333333333,210,2086.133333333333,210,False,0.0,5133.809523809524,210,qwen3.8-27b,0.2992063492063492,210,185.47142857142856,210,0.0047619047619047,main_report,3047.67619047619,210,0.0,0.0047619047619047
0.1857142857142857,0.3476190476190476,0.3523809523809524,S_TABLE,0.2714285714285714,0.3028571428571428,pooled_descriptive,exp_silhouette_encoding,50.23333333333333,210,2086.133333333333,210,False,0.0,5133.809523809524,210,qwen3.8-27b,0.2565079365079364,210,192.64761904761903,210,0.0285714285714285,main_report,3047.67619047619,210,0.0,0.0285714285714285
0.28,0.54,0.54,S0,0.41,0.4619999999999999,aegislab,exp_silhouette_encoding,52.08,100,2117.33,100,False,0.0,5441.52,100,qwen3.8-27b,0.3883333333333333,100,175.72,100,0.0,all,3324.19,100,0.0,0.0
0.28,0.5,0.5,S_COMPACT_MIX,0.3966666666666666,0.4379999999999999,aegislab,exp_silhouette_encoding,52.08,100,2117.33,100,False,0.0,5441.52,100,qwen3.8-27b,0.375,100,184.02,100,0.04,all,3324.19,100,0.0,0.04
0.33,0.55,0.55,S_DENSITY_COMPACT,0.44,0.484,aegislab,exp_silhouette_encoding,52.08,100,2117.33,100,False,0.0,5441.52,100,qwen3.8-27b,0.4216666666666666,100,188.28,100,0.0,all,3324.19,100,0.0,0.0
0.31,0.61,0.61,S_G_LAYERED,0.4766666666666666,0.5299999999999999,aegislab,exp_silhouette_encoding,52.08,100,2117.33,100,False,0.0,5441.52,100,qwen3.8-27b,0.4433333333333333,100,178.06,100,0.0,all,3324.19,100,0.0,0.0
0.25,0.53,0.53,S_G_MATRIX,0.4000000000000001,0.4519999999999999,aegislab,exp_silhouette_encoding,52.08,100,2117.33,100,False,0.0,5441.52,100,qwen3.8-27b,0.3716666666666666,100,177.91,100,0.0,all,3324.19,100,0.0,0.0
0.29,0.53,0.53,S_L_MATRIX,0.4133333333333333,0.4599999999999999,aegislab,exp_silhouette_encoding,52.08,100,2117.33,100,False,0.0,5441.52,100,qwen3.8-27b,0.3916666666666666,100,188.41,100,0.0,all,3324.19,100,0.0,0.0
0.24,0.45,0.45,S_M_HEATMAP,0.3533333333333333,0.392,aegislab,exp_silhouette_encoding,52.08,100,2117.33,100,False,0.0,5441.52,100,qwen3.8-27b,0.3316666666666666,100,196.31,100,0.0,all,3324.19,100,0.0,0.0
0.34,0.53,0.53,S_M_OVERLAY,0.4433333333333333,0.478,aegislab,exp_silhouette_encoding,52.08,100,2117.33,100,False,0.0,5441.52,100,qwen3.8-27b,0.4233333333333333,100,189.69,100,0.0,all,3324.19,100,0.0,0.0
0.25,0.5,0.5,S_M_TIME_BARS,0.3933333333333333,0.436,aegislab,exp_silhouette_encoding,52.08,100,2117.33,100,False,0.0,5441.52,100,qwen3.8-27b,0.3633333333333333,100,181.87,100,0.02,all,3324.19,100,0.0,0.02
0.35,0.55,0.55,S_R_DUMBBELL,0.4566666666666666,0.494,aegislab,exp_silhouette_encoding,52.08,100,2117.33,100,False,0.0,5441.52,100,qwen3.8-27b,0.4366666666666666,100,178.68,100,0.01,all,3324.19,100,0.0,0.01
0.33,0.57,0.57,S_R_PAIRED_BARS,0.4633333333333332,0.506,aegislab,exp_silhouette_encoding,52.08,100,2117.33,100,False,0.0,5441.52,100,qwen3.8-27b,0.4366666666666666,100,182.13,100,0.03,all,3324.19,100,0.0,0.03
0.28,0.48,0.48,S_TABLE,0.3933333333333333,0.428,aegislab,exp_silhouette_encoding,52.08,100,2117.33,100,False,0.0,5441.52,100,qwen3.8-27b,0.37,100,181.92,100,0.01,all,3324.19,100,0.0,0.01
0.12,0.23,0.26,S0,0.1833333333333333,0.212,aiops2022,exp_silhouette_encoding,49.37,100,2071.76,100,False,0.0,5140.89,100,qwen3.8-27b,0.177,100,189.17,100,0.01,all,3069.13,100,0.0,0.01
0.14,0.32,0.33,S_COMPACT_MIX,0.2266666666666666,0.2679999999999999,aiops2022,exp_silhouette_encoding,49.37,100,2071.76,100,False,0.0,5140.89,100,qwen3.8-27b,0.2158333333333333,100,182.73,100,0.0,all,3069.13,100,0.0,0.0
0.14,0.29,0.34,S_DENSITY_COMPACT,0.2266666666666666,0.27,aiops2022,exp_silhouette_encoding,49.37,100,2071.76,100,False,0.0,5140.89,100,qwen3.8-27b,0.2203333333333333,100,185.95,100,0.0,all,3069.13,100,0.0,0.0
0.16,0.3,0.32,S_G_LAYERED,0.2333333333333333,0.2679999999999999,aiops2022,exp_silhouette_encoding,49.37,100,2071.76,100,False,0.0,5140.89,100,qwen3.8-27b,0.225,100,197.94,100,0.01,all,3069.13,100,0.0,0.01
0.13,0.3,0.31,S_G_MATRIX,0.2166666666666666,0.254,aiops2022,exp_silhouette_encoding,49.37,100,2071.76,100,False,0.0,5140.89,100,qwen3.8-27b,0.2041666666666666,100,197.72,100,0.01,all,3069.13,100,0.0,0.01
0.14,0.27,0.29,S_L_MATRIX,0.2066666666666666,0.24,aiops2022,exp_silhouette_encoding,49.37,100,2071.76,100,False,0.0,5140.89,100,qwen3.8-27b,0.2,100,203.5,100,0.02,all,3069.13,100,0.0,0.02
0.1,0.22,0.23,S_M_HEATMAP,0.16,0.188,aiops2022,exp_silhouette_encoding,49.37,100,2071.76,100,False,0.0,5140.89,100,qwen3.8-27b,0.1525,100,193.82,100,0.0,all,3069.13,100,0.0,0.0
0.13,0.27,0.3,S_M_OVERLAY,0.2099999999999999,0.244,aiops2022,exp_silhouette_encoding,49.37,100,2071.76,100,False,0.0,5140.89,100,qwen3.8-27b,0.2003333333333333,100,192.09,100,0.02,all,3069.13,100,0.0,0.02
0.17,0.3,0.33,S_M_TIME_BARS,0.2466666666666666,0.278,aiops2022,exp_silhouette_encoding,49.37,100,2071.76,100,False,0.0,5140.89,100,qwen3.8-27b,0.237,100,193.66,100,0.01,all,3069.13,100,0.0,0.01
0.11,0.24,0.25,S_R_DUMBBELL,0.18,0.208,aiops2022,exp_silhouette_encoding,49.37,100,2071.76,100,False,0.0,5140.89,100,qwen3.8-27b,0.1691666666666666,100,186.91,100,0.04,all,3069.13,100,0.0,0.04
0.17,0.32,0.32,S_R_PAIRED_BARS,0.2466666666666666,0.2759999999999999,aiops2022,exp_silhouette_encoding,49.37,100,2071.76,100,False,0.0,5140.89,100,qwen3.8-27b,0.2333333333333333,100,192.52,100,0.0,all,3069.13,100,0.0,0.0
0.1,0.23,0.24,S_TABLE,0.1666666666666666,0.194,aiops2022,exp_silhouette_encoding,49.37,100,2071.76,100,False,0.0,5140.89,100,qwen3.8-27b,0.157,100,197.33,100,0.04,all,3069.13,100,0.0,0.04
0.17,0.31,0.32,S0,0.2433333333333333,0.2739999999999999,aiops2025,exp_silhouette_encoding,49.37,100,2068.33,100,False,0.0,4817.27,100,qwen3.8-27b,0.2325,100,188.54,100,0.0,all,2748.94,100,0.0,0.0
0.12,0.26,0.26,S_COMPACT_MIX,0.1933333333333333,0.22,aiops2025,exp_silhouette_encoding,49.37,100,2068.33,100,False,0.0,4817.27,100,qwen3.8-27b,0.18,100,200.02,100,0.02,all,2748.94,100,0.0,0.02
0.14,0.29,0.3,S_DENSITY_COMPACT,0.2166666666666666,0.25,aiops2025,exp_silhouette_encoding,49.37,100,2068.33,100,False,0.0,4817.27,100,qwen3.8-27b,0.2058333333333333,100,188.63,100,0.03,all,2748.94,100,0.0,0.03
0.14,0.32,0.33,S_G_LAYERED,0.2466666666666666,0.2779999999999999,aiops2025,exp_silhouette_encoding,49.37,100,2068.33,100,False,0.0,4817.27,100,qwen3.8-27b,0.2253333333333333,100,186.42,100,0.02,all,2748.94,100,0.0,0.02
0.17,0.31,0.31,S_G_MATRIX,0.2533333333333333,0.276,aiops2025,exp_silhouette_encoding,49.37,100,2068.33,100,False,0.0,4817.27,100,qwen3.8-27b,0.235,100,194.04,100,0.01,all,2748.94,100,0.0,0.01
0.17,0.38,0.38,S_L_MATRIX,0.2799999999999999,0.32,aiops2025,exp_silhouette_encoding,49.37,100,2068.33,100,False,0.0,4817.27,100,qwen3.8-27b,0.2599999999999999,100,182.67,100,0.03,all,2748.94,100,0.0,0.03
0.16,0.29,0.3,S_M_HEATMAP,0.2366666666666666,0.262,aiops2025,exp_silhouette_encoding,49.37,100,2068.33,100,False,0.0,4817.27,100,qwen3.8-27b,0.2224999999999999,100,191.35,100,0.01,all,2748.94,100,0.0,0.01
0.17,0.31,0.32,S_M_OVERLAY,0.25,0.278,aiops2025,exp_silhouette_encoding,49.37,100,2068.33,100,False,0.0,4817.27,100,qwen3.8-27b,0.2358333333333333,100,190.28,100,0.01,all,2748.94,100,0.0,0.01
0.17,0.3,0.31,S_M_TIME_BARS,0.2433333333333333,0.27,aiops2025,exp_silhouette_encoding,49.37,100,2068.33,100,False,0.0,4817.27,100,qwen3.8-27b,0.2308333333333332,100,184.5,100,0.01,all,2748.94,100,0.0,0.01
0.14,0.31,0.32,S_R_DUMBBELL,0.2266666666666666,0.264,aiops2025,exp_silhouette_encoding,49.37,100,2068.33,100,False,0.0,4817.27,100,qwen3.8-27b,0.2141666666666666,100,187.54,100,0.01,all,2748.94,100,0.0,0.01
0.13,0.31,0.32,S_R_PAIRED_BARS,0.22,0.26,aiops2025,exp_silhouette_encoding,49.37,100,2068.33,100,False,0.0,4817.27,100,qwen3.8-27b,0.2075,100,186.34,100,0.0,all,2748.94,100,0.0,0.0
0.15,0.31,0.31,S_TABLE,0.2299999999999999,0.262,aiops2025,exp_silhouette_encoding,49.37,100,2068.33,100,False,0.0,4817.27,100,qwen3.8-27b,0.2166666666666666,100,194.64,100,0.05,all,2748.94,100,0.0,0.05
0.3777777777777777,0.8,0.8111111111111111,S0,0.5962962962962963,0.6822222222222222,re2_ob,exp_silhouette_encoding,48.86666666666667,90,2109.0,90,False,0.0,4008.677777777778,90,qwen3.8-27b,0.5601851851851851,90,193.1888888888889,90,0.0,all,1899.6777777777777,90,0.0,0.0
0.3666666666666666,0.8222222222222222,0.8222222222222222,S_COMPACT_MIX,0.6037037037037039,0.691111111111111,re2_ob,exp_silhouette_encoding,48.86666666666667,90,2109.0,90,False,0.0,4008.677777777778,90,qwen3.8-27b,0.5611111111111111,90,189.14444444444445,90,0.0,all,1899.6777777777777,90,0.0,0.0
0.3444444444444444,0.8222222222222222,0.8333333333333334,S_DENSITY_COMPACT,0.5925925925925927,0.6888888888888889,re2_ob,exp_silhouette_encoding,48.86666666666667,90,2109.0,90,False,0.0,4008.677777777778,90,qwen3.8-27b,0.5509259259259259,90,180.6,90,0.0,all,1899.6777777777777,90,0.0,0.0
0.3777777777777777,0.8111111111111111,0.8111111111111111,S_G_LAYERED,0.6111111111111112,0.691111111111111,re2_ob,exp_silhouette_encoding,48.86666666666667,90,2109.0,90,False,0.0,4008.677777777778,90,qwen3.8-27b,0.5666666666666665,90,194.55555555555557,90,0.0,all,1899.6777777777777,90,0.0,0.0
0.3555555555555555,0.8222222222222222,0.8222222222222222,S_G_MATRIX,0.6222222222222222,0.7022222222222222,re2_ob,exp_silhouette_encoding,48.86666666666667,90,2109.0,90,False,0.0,4008.677777777778,90,qwen3.8-27b,0.5666666666666668,90,186.56666666666663,90,0.0,all,1899.6777777777777,90,0.0,0.0
0.3666666666666666,0.7888888888888889,0.7888888888888889,S_L_MATRIX,0.5888888888888889,0.6688888888888889,re2_ob,exp_silhouette_encoding,48.86666666666667,90,2109.0,90,False,0.0,4008.677777777778,90,qwen3.8-27b,0.5481481481481482,90,188.04444444444445,90,0.0,all,1899.6777777777777,90,0.0,0.0
0.4222222222222222,0.8333333333333334,0.8333333333333334,S_M_HEATMAP,0.6555555555555556,0.7266666666666666,re2_ob,exp_silhouette_encoding,48.86666666666667,90,2109.0,90,False,0.0,4008.677777777778,90,qwen3.8-27b,0.6074074074074075,90,185.11111111111111,90,0.0,all,1899.6777777777777,90,0.0,0.0
0.4,0.8,0.8,S_M_OVERLAY,0.6185185185185186,0.6911111111111111,re2_ob,exp_silhouette_encoding,48.86666666666667,90,2109.0,90,False,0.0,4008.677777777778,90,qwen3.8-27b,0.575925925925926,90,189.57777777777775,90,0.0,all,1899.6777777777777,90,0.0,0.0
0.3777777777777777,0.8222222222222222,0.8333333333333334,S_M_TIME_BARS,0.6222222222222222,0.7066666666666666,re2_ob,exp_silhouette_encoding,48.86666666666667,90,2109.0,90,False,0.0,4008.677777777778,90,qwen3.8-27b,0.5768518518518518,90,191.76666666666668,90,0.0,all,1899.6777777777777,90,0.0,0.0
0.3555555555555555,0.8222222222222222,0.8222222222222222,S_R_DUMBBELL,0.6185185185185186,0.7,re2_ob,exp_silhouette_encoding,48.86666666666667,90,2109.0,90,False,0.0,4008.677777777778,90,qwen3.8-27b,0.5648148148148149,90,181.82222222222225,90,0.0,all,1899.6777777777777,90,0.0,0.0
0.3666666666666666,0.8,0.8111111111111111,S_R_PAIRED_BARS,0.6,0.6844444444444444,re2_ob,exp_silhouette_encoding,48.86666666666667,90,2109.0,90,False,0.0,4008.677777777778,90,qwen3.8-27b,0.5583333333333335,90,185.37777777777777,90,0.0111111111111111,all,1899.6777777777777,90,0.0,0.0111111111111111
0.2111111111111111,0.6111111111111112,0.6111111111111112,S_TABLE,0.4111111111111111,0.491111111111111,re2_ob,exp_silhouette_encoding,48.86666666666667,90,2109.0,90,False,0.0,4008.677777777778,90,qwen3.8-27b,0.3777777777777777,90,184.1,90,0.0222222222222222,all,1899.6777777777777,90,0.0,0.0222222222222222
0.3111111111111111,0.6777777777777778,0.6777777777777778,S0,0.5148148148148148,0.58,re2_tt,exp_silhouette_encoding,50.888888888888886,90,2106.822222222222,90,False,0.0,4690.311111111111,90,qwen3.8-27b,0.474074074074074,90,181.53333333333333,90,0.0,all,2583.488888888889,90,0.0,0.0
0.2777777777777778,0.5555555555555556,0.5555555555555556,S_COMPACT_MIX,0.4333333333333333,0.4822222222222222,re2_tt,exp_silhouette_encoding,50.888888888888886,90,2106.822222222222,90,False,0.0,4690.311111111111,90,qwen3.8-27b,0.4018518518518519,90,182.76666666666668,90,0.0333333333333333,all,2583.488888888889,90,0.0,0.0333333333333333
0.2333333333333333,0.5888888888888889,0.5888888888888889,S_DENSITY_COMPACT,0.4259259259259259,0.4911111111111111,re2_tt,exp_silhouette_encoding,50.888888888888886,90,2106.822222222222,90,False,0.0,4690.311111111111,90,qwen3.8-27b,0.3888888888888889,90,187.96666666666667,90,0.0111111111111111,all,2583.488888888889,90,0.0,0.0111111111111111
0.3888888888888889,0.6666666666666666,0.6666666666666666,S_G_LAYERED,0.5407407407407407,0.591111111111111,re2_tt,exp_silhouette_encoding,50.888888888888886,90,2106.822222222222,90,False,0.0,4690.311111111111,90,qwen3.8-27b,0.5111111111111111,90,180.61111111111111,90,0.0,all,2583.488888888889,90,0.0,0.0
0.3222222222222222,0.5888888888888889,0.5888888888888889,S_G_MATRIX,0.4777777777777778,0.5222222222222223,re2_tt,exp_silhouette_encoding,50.888888888888886,90,2106.822222222222,90,False,0.0,4690.311111111111,90,qwen3.8-27b,0.4444444444444444,90,182.63333333333333,90,0.0111111111111111,all,2583.488888888889,90,0.0,0.0111111111111111
0.3111111111111111,0.6111111111111112,0.6111111111111112,S_L_MATRIX,0.4814814814814814,0.5333333333333333,re2_tt,exp_silhouette_encoding,50.888888888888886,90,2106.822222222222,90,False,0.0,4690.311111111111,90,qwen3.8-27b,0.4462962962962963,90,189.86666666666667,90,0.0,all,2583.488888888889,90,0.0,0.0
0.2888888888888888,0.6,0.6,S_M_HEATMAP,0.4703703703703703,0.5222222222222223,re2_tt,exp_silhouette_encoding,50.888888888888886,90,2106.822222222222,90,False,0.0,4690.311111111111,90,qwen3.8-27b,0.4314814814814814,90,186.05555555555557,90,0.0111111111111111,all,2583.488888888889,90,0.0,0.0111111111111111
0.3222222222222222,0.6,0.6,S_M_OVERLAY,0.4814814814814814,0.5288888888888889,re2_tt,exp_silhouette_encoding,50.888888888888886,90,2106.822222222222,90,False,0.0,4690.311111111111,90,qwen3.8-27b,0.4481481481481482,90,186.04444444444445,90,0.0,all,2583.488888888889,90,0.0,0.0
0.3222222222222222,0.6555555555555556,0.6555555555555556,S_M_TIME_BARS,0.5222222222222223,0.5755555555555555,re2_tt,exp_silhouette_encoding,50.888888888888886,90,2106.822222222222,90,False,0.0,4690.311111111111,90,qwen3.8-27b,0.4777777777777778,90,188.45555555555555,90,0.0111111111111111,all,2583.488888888889,90,0.0,0.0111111111111111
0.2555555555555555,0.5333333333333333,0.5333333333333333,S_R_DUMBBELL,0.4111111111111111,0.4599999999999999,re2_tt,exp_silhouette_encoding,50.888888888888886,90,2106.822222222222,90,False,0.0,4690.311111111111,90,qwen3.8-27b,0.3796296296296296,90,191.07777777777775,90,0.0,all,2583.488888888889,90,0.0,0.0
0.2555555555555555,0.6,0.6,S_R_PAIRED_BARS,0.4407407407407407,0.5044444444444445,re2_tt,exp_silhouette_encoding,50.888888888888886,90,2106.822222222222,90,False,0.0,4690.311111111111,90,qwen3.8-27b,0.4055555555555555,90,184.7555555555556,90,0.0222222222222222,all,2583.488888888889,90,0.0,0.0222222222222222
0.2,0.4666666666666667,0.4666666666666667,S_TABLE,0.3481481481481481,0.3955555555555555,re2_tt,exp_silhouette_encoding,50.888888888888886,90,2106.822222222222,90,False,0.0,4690.311111111111,90,qwen3.8-27b,0.3185185185185185,90,183.56666666666663,90,0.0222222222222222,all,2583.488888888889,90,0.0,0.0222222222222222
0.2479166666666666,0.5020833333333333,0.5125,S0,0.3826388888888888,0.4341666666666666,pooled_descriptive,exp_silhouette_encoding,50.125,480,2094.0958333333333,480,False,0.0,4839.327083333334,480,qwen3.8-27b,0.3601388888888889,480,185.5583333333333,480,0.0020833333333333,all,2745.23125,480,0.0,0.0020833333333333
0.2333333333333333,0.4833333333333333,0.4854166666666666,S_COMPACT_MIX,0.3645833333333333,0.4129166666666666,pooled_descriptive,exp_silhouette_encoding,50.125,480,2094.0958333333333,480,False,0.0,4839.327083333334,480,qwen3.8-27b,0.3411458333333333,480,187.81041666666667,480,0.01875,all,2745.23125,480,0.0,0.01875
0.2354166666666666,0.5,0.5145833333333333,S_DENSITY_COMPACT,0.375,0.4304166666666666,pooled_descriptive,exp_silhouette_encoding,50.125,480,2094.0958333333333,480,False,0.0,4839.327083333334,480,qwen3.8-27b,0.3528472222222222,480,186.36875,480,0.0083333333333333,all,2745.23125,480,0.0,0.0083333333333333
0.2708333333333333,0.5333333333333333,0.5395833333333333,S_G_LAYERED,0.4152777777777777,0.4645833333333333,pooled_descriptive,exp_silhouette_encoding,50.125,480,2094.0958333333333,480,False,0.0,4839.327083333334,480,qwen3.8-27b,0.3882638888888889,480,187.5145833333333,480,0.00625,all,2745.23125,480,0.0,0.00625
0.2416666666666666,0.5020833333333333,0.5041666666666667,S_G_MATRIX,0.3875,0.4341666666666667,pooled_descriptive,exp_silhouette_encoding,50.125,480,2094.0958333333333,480,False,0.0,4839.327083333334,480,qwen3.8-27b,0.3585069444444444,480,187.90625,480,0.00625,all,2745.23125,480,0.0,0.00625
0.2520833333333333,0.5083333333333333,0.5125,S_L_MATRIX,0.3881944444444444,0.4379166666666666,pooled_descriptive,exp_silhouette_encoding,50.125,480,2094.0958333333333,480,False,0.0,4839.327083333334,480,qwen3.8-27b,0.3638888888888889,480,190.5625,480,0.0104166666666666,all,2745.23125,480,0.0,0.0104166666666666
0.2375,0.46875,0.4729166666666666,S_M_HEATMAP,0.3673611111111111,0.4095833333333333,pooled_descriptive,exp_silhouette_encoding,50.125,480,2094.0958333333333,480,False,0.0,4839.327083333334,480,qwen3.8-27b,0.3420138888888889,480,190.73541666666668,480,0.0041666666666666,all,2745.23125,480,0.0,0.0041666666666666
0.26875,0.49375,0.5020833333333333,S_M_OVERLAY,0.3944444444444444,0.4370833333333334,pooled_descriptive,exp_silhouette_encoding,50.125,480,2094.0958333333333,480,False,0.0,4839.327083333334,480,qwen3.8-27b,0.3710763888888889,480,189.6083333333333,480,0.00625,all,2745.23125,480,0.0,0.00625
0.2541666666666666,0.50625,0.5166666666666667,S_M_TIME_BARS,0.3986111111111111,0.4454166666666667,pooled_descriptive,exp_silhouette_encoding,50.125,480,2094.0958333333333,480,False,0.0,4839.327083333334,480,qwen3.8-27b,0.3709027777777777,480,187.9645833333333,480,0.0104166666666666,all,2745.23125,480,0.0,0.0104166666666666
0.2395833333333333,0.4833333333333333,0.4875,S_R_DUMBBELL,0.3729166666666667,0.41875,pooled_descriptive,exp_silhouette_encoding,50.125,480,2094.0958333333333,480,False,0.0,4839.327083333334,480,qwen3.8-27b,0.3479166666666666,480,185.15416666666667,480,0.0125,all,2745.23125,480,0.0,0.0125
0.2479166666666666,0.5125,0.5166666666666667,S_R_PAIRED_BARS,0.3888888888888889,0.44,pooled_descriptive,exp_silhouette_encoding,50.125,480,2094.0958333333333,480,False,0.0,4839.327083333334,480,qwen3.8-27b,0.3635416666666666,480,186.27291666666667,480,0.0125,all,2745.23125,480,0.0,0.0125
0.1875,0.4145833333333333,0.4166666666666667,S_TABLE,0.3069444444444444,0.3504166666666667,pooled_descriptive,exp_silhouette_encoding,50.125,480,2094.0958333333333,480,False,0.0,4839.327083333334,480,qwen3.8-27b,0.2854861111111111,480,188.49791666666667,480,0.0291666666666666,all,2745.23125,480,0.0,0.0291666666666666
0.3666666666666666,0.3666666666666666,0.3666666666666666,S0,0.3666666666666666,0.3666666666666666,aegislab,exp_silhouette_encoding,52.266666666666666,30,1085.8666666666666,30,False,0.0,4477.566666666667,30,gemma-4-26b-a4b,0.3666666666666666,30,102.9,30,0.0,selection,3391.7,30,0.0,0.0
0.3333333333333333,0.3333333333333333,0.3333333333333333,S_COMPACT_MIX,0.3333333333333333,0.3333333333333333,aegislab,exp_silhouette_encoding,52.266666666666666,30,1085.8666666666666,30,False,0.0,4477.566666666667,30,gemma-4-26b-a4b,0.3333333333333333,30,104.4,30,0.0,selection,3391.7,30,0.0,0.0
0.4,0.4,0.4,S_DENSITY_COMPACT,0.4,0.4,aegislab,exp_silhouette_encoding,52.266666666666666,30,1085.8666666666666,30,False,0.0,4477.566666666667,30,gemma-4-26b-a4b,0.4,30,103.7,30,0.0,selection,3391.7,30,0.0,0.0
0.3666666666666666,0.3666666666666666,0.3666666666666666,S_G_LAYERED,0.3666666666666666,0.3666666666666666,aegislab,exp_silhouette_encoding,52.266666666666666,30,1085.8666666666666,30,False,0.0,4477.566666666667,30,gemma-4-26b-a4b,0.3666666666666666,30,95.8,30,0.0,selection,3391.7,30,0.0,0.0
0.3333333333333333,0.3333333333333333,0.3333333333333333,S_G_MATRIX,0.3333333333333333,0.3333333333333333,aegislab,exp_silhouette_encoding,52.266666666666666,30,1085.8666666666666,30,False,0.0,4477.566666666667,30,gemma-4-26b-a4b,0.3333333333333333,30,97.76666666666668,30,0.0,selection,3391.7,30,0.0,0.0
0.3666666666666666,0.3666666666666666,0.3666666666666666,S_L_MATRIX,0.3666666666666666,0.3666666666666666,aegislab,exp_silhouette_encoding,52.266666666666666,30,1085.8666666666666,30,False,0.0,4477.566666666667,30,gemma-4-26b-a4b,0.3666666666666666,30,103.6,30,0.0,selection,3391.7,30,0.0,0.0
0.2333333333333333,0.2333333333333333,0.2333333333333333,S_M_HEATMAP,0.2333333333333333,0.2333333333333333,aegislab,exp_silhouette_encoding,52.266666666666666,30,1085.8666666666666,30,False,0.0,4477.566666666667,30,gemma-4-26b-a4b,0.2333333333333333,30,105.43333333333334,30,0.0,selection,3391.7,30,0.0,0.0
0.4,0.4,0.4,S_M_OVERLAY,0.4,0.4,aegislab,exp_silhouette_encoding,52.266666666666666,30,1085.8666666666666,30,False,0.0,4477.566666666667,30,gemma-4-26b-a4b,0.4,30,105.46666666666668,30,0.0,selection,3391.7,30,0.0,0.0
0.3666666666666666,0.3666666666666666,0.3666666666666666,S_M_TIME_BARS,0.3666666666666666,0.3666666666666666,aegislab,exp_silhouette_encoding,52.266666666666666,30,1085.8666666666666,30,False,0.0,4477.566666666667,30,gemma-4-26b-a4b,0.3666666666666666,30,103.56666666666666,30,0.0,selection,3391.7,30,0.0,0.0
0.3333333333333333,0.3333333333333333,0.3333333333333333,S_R_DUMBBELL,0.3333333333333333,0.3333333333333333,aegislab,exp_silhouette_encoding,52.266666666666666,30,1085.8666666666666,30,False,0.0,4477.566666666667,30,gemma-4-26b-a4b,0.3333333333333333,30,101.43333333333334,30,0.0,selection,3391.7,30,0.0,0.0
0.3333333333333333,0.3333333333333333,0.3333333333333333,S_R_PAIRED_BARS,0.3333333333333333,0.3333333333333333,aegislab,exp_silhouette_encoding,52.266666666666666,30,1085.8666666666666,30,False,0.0,4477.566666666667,30,gemma-4-26b-a4b,0.3333333333333333,30,108.03333333333332,30,0.0,selection,3391.7,30,0.0,0.0
0.2666666666666666,0.2666666666666666,0.2666666666666666,S_TABLE,0.2666666666666666,0.2666666666666666,aegislab,exp_silhouette_encoding,52.266666666666666,30,1085.8666666666666,30,False,0.0,4477.566666666667,30,gemma-4-26b-a4b,0.2666666666666666,30,109.8,30,0.0,selection,3391.7,30,0.0,0.0
0.1,0.1,0.1,S0,0.1,0.1,aiops2022,exp_silhouette_encoding,49.06666666666667,30,1083.8333333333333,30,False,0.0,4220.166666666667,30,gemma-4-26b-a4b,0.1,30,104.2,30,0.0,selection,3136.333333333333,30,0.0,0.0
0.1,0.1,0.1,S_COMPACT_MIX,0.1,0.1,aiops2022,exp_silhouette_encoding,49.06666666666667,30,1083.8333333333333,30,False,0.0,4220.166666666667,30,gemma-4-26b-a4b,0.1,30,108.9,30,0.0,selection,3136.333333333333,30,0.0,0.0
0.1,0.1,0.1,S_DENSITY_COMPACT,0.1,0.1,aiops2022,exp_silhouette_encoding,49.06666666666667,30,1083.8333333333333,30,False,0.0,4220.166666666667,30,gemma-4-26b-a4b,0.1,30,107.0,30,0.0,selection,3136.333333333333,30,0.0,0.0
0.1,0.1,0.1,S_G_LAYERED,0.1,0.1,aiops2022,exp_silhouette_encoding,49.06666666666667,30,1083.8333333333333,30,False,0.0,4220.166666666667,30,gemma-4-26b-a4b,0.1,30,97.93333333333334,30,0.0,selection,3136.333333333333,30,0.0,0.0
0.1,0.1,0.1,S_G_MATRIX,0.1,0.1,aiops2022,exp_silhouette_encoding,49.06666666666667,30,1083.8333333333333,30,False,0.0,4220.166666666667,30,gemma-4-26b-a4b,0.1,30,109.13333333333334,30,0.0,selection,3136.333333333333,30,0.0,0.0
0.0666666666666666,0.0666666666666666,0.0666666666666666,S_L_MATRIX,0.0666666666666666,0.0666666666666666,aiops2022,exp_silhouette_encoding,49.06666666666667,30,1083.8333333333333,30,False,0.0,4220.166666666667,30,gemma-4-26b-a4b,0.0666666666666666,30,101.33333333333331,30,0.0,selection,3136.333333333333,30,0.0,0.0
0.2,0.2,0.2,S_M_HEATMAP,0.2,0.2,aiops2022,exp_silhouette_encoding,49.06666666666667,30,1083.8333333333333,30,False,0.0,4220.166666666667,30,gemma-4-26b-a4b,0.2,30,106.46666666666668,30,0.0,selection,3136.333333333333,30,0.0,0.0
0.1666666666666666,0.1666666666666666,0.1666666666666666,S_M_OVERLAY,0.1666666666666666,0.1666666666666666,aiops2022,exp_silhouette_encoding,49.06666666666667,30,1083.8333333333333,30,False,0.0,4220.166666666667,30,gemma-4-26b-a4b,0.1666666666666666,30,102.76666666666668,30,0.0,selection,3136.333333333333,30,0.0,0.0
0.1666666666666666,0.1666666666666666,0.1666666666666666,S_M_TIME_BARS,0.1666666666666666,0.1666666666666666,aiops2022,exp_silhouette_encoding,49.06666666666667,30,1083.8333333333333,30,False,0.0,4220.166666666667,30,gemma-4-26b-a4b,0.1666666666666666,30,107.9,30,0.0,selection,3136.333333333333,30,0.0,0.0
0.1,0.1,0.1,S_R_DUMBBELL,0.1,0.1,aiops2022,exp_silhouette_encoding,49.06666666666667,30,1083.8333333333333,30,False,0.0,4220.166666666667,30,gemma-4-26b-a4b,0.1,30,103.73333333333332,30,0.0,selection,3136.333333333333,30,0.0,0.0
0.1,0.1,0.1,S_R_PAIRED_BARS,0.1,0.1,aiops2022,exp_silhouette_encoding,49.06666666666667,30,1083.8333333333333,30,False,0.0,4220.166666666667,30,gemma-4-26b-a4b,0.1,30,107.46666666666668,30,0.0,selection,3136.333333333333,30,0.0,0.0
0.1333333333333333,0.1333333333333333,0.1333333333333333,S_TABLE,0.1333333333333333,0.1333333333333333,aiops2022,exp_silhouette_encoding,49.06666666666667,30,1083.8333333333333,30,False,0.0,4220.166666666667,30,gemma-4-26b-a4b,0.1333333333333333,30,108.46666666666668,30,0.0,selection,3136.333333333333,30,0.0,0.0
0.2333333333333333,0.2333333333333333,0.2333333333333333,S0,0.2333333333333333,0.2333333333333333,aiops2025,exp_silhouette_encoding,49.766666666666666,30,1084.5,30,False,0.0,3897.933333333333,30,gemma-4-26b-a4b,0.2333333333333333,30,106.26666666666668,30,0.0,selection,2813.4333333333334,30,0.0,0.0
0.1333333333333333,0.1333333333333333,0.1333333333333333,S_COMPACT_MIX,0.1333333333333333,0.1333333333333333,aiops2025,exp_silhouette_encoding,49.766666666666666,30,1084.5,30,False,0.0,3897.933333333333,30,gemma-4-26b-a4b,0.1333333333333333,30,104.56666666666666,30,0.0,selection,2813.4333333333334,30,0.0,0.0
0.2,0.2,0.2,S_DENSITY_COMPACT,0.2,0.2,aiops2025,exp_silhouette_encoding,49.766666666666666,30,1084.5,30,False,0.0,3897.933333333333,30,gemma-4-26b-a4b,0.2,30,102.33333333333331,30,0.0,selection,2813.4333333333334,30,0.0,0.0
0.3,0.3,0.3,S_G_LAYERED,0.3,0.3,aiops2025,exp_silhouette_encoding,49.766666666666666,30,1084.5,30,False,0.0,3897.933333333333,30,gemma-4-26b-a4b,0.3,30,102.86666666666666,30,0.0,selection,2813.4333333333334,30,0.0,0.0
0.2666666666666666,0.2666666666666666,0.2666666666666666,S_G_MATRIX,0.2666666666666666,0.2666666666666666,aiops2025,exp_silhouette_encoding,49.766666666666666,30,1084.5,30,False,0.0,3897.933333333333,30,gemma-4-26b-a4b,0.2666666666666666,30,97.33333333333331,30,0.0,selection,2813.4333333333334,30,0.0,0.0
0.2333333333333333,0.2333333333333333,0.2333333333333333,S_L_MATRIX,0.2333333333333333,0.2333333333333333,aiops2025,exp_silhouette_encoding,49.766666666666666,30,1084.5,30,False,0.0,3897.933333333333,30,gemma-4-26b-a4b,0.2333333333333333,30,109.86666666666666,30,0.0,selection,2813.4333333333334,30,0.0,0.0
0.1333333333333333,0.1333333333333333,0.1333333333333333,S_M_HEATMAP,0.1333333333333333,0.1333333333333333,aiops2025,exp_silhouette_encoding,49.766666666666666,30,1084.5,30,False,0.0,3897.933333333333,30,gemma-4-26b-a4b,0.1333333333333333,30,100.9,30,0.0,selection,2813.4333333333334,30,0.0,0.0
0.2333333333333333,0.2333333333333333,0.2333333333333333,S_M_OVERLAY,0.2333333333333333,0.2333333333333333,aiops2025,exp_silhouette_encoding,49.766666666666666,30,1084.5,30,False,0.0,3897.933333333333,30,gemma-4-26b-a4b,0.2333333333333333,30,102.5,30,0.0,selection,2813.4333333333334,30,0.0,0.0
0.2333333333333333,0.2333333333333333,0.2333333333333333,S_M_TIME_BARS,0.2333333333333333,0.2333333333333333,aiops2025,exp_silhouette_encoding,49.766666666666666,30,1084.5,30,False,0.0,3897.933333333333,30,gemma-4-26b-a4b,0.2333333333333333,30,103.16666666666669,30,0.0,selection,2813.4333333333334,30,0.0,0.0
0.2333333333333333,0.2333333333333333,0.2333333333333333,S_R_DUMBBELL,0.2333333333333333,0.2333333333333333,aiops2025,exp_silhouette_encoding,49.766666666666666,30,1084.5,30,False,0.0,3897.933333333333,30,gemma-4-26b-a4b,0.2333333333333333,30,109.73333333333332,30,0.0,selection,2813.4333333333334,30,0.0,0.0
0.2333333333333333,0.2333333333333333,0.2333333333333333,S_R_PAIRED_BARS,0.2333333333333333,0.2333333333333333,aiops2025,exp_silhouette_encoding,49.766666666666666,30,1084.5,30,False,0.0,3897.933333333333,30,gemma-4-26b-a4b,0.2333333333333333,30,107.06666666666666,30,0.0,selection,2813.4333333333334,30,0.0,0.0
0.2,0.2,0.2,S_TABLE,0.2,0.2,aiops2025,exp_silhouette_encoding,49.766666666666666,30,1084.5,30,False,0.0,3897.933333333333,30,gemma-4-26b-a4b,0.2,30,103.63333333333334,30,0.0333333333333333,selection,2813.4333333333334,30,0.0,0.0333333333333333
0.2333333333333333,0.2333333333333333,0.2333333333333333,S0,0.2333333333333333,0.2333333333333333,pooled_descriptive,exp_silhouette_encoding,50.36666666666667,90,1084.7333333333331,90,False,0.0,4198.555555555556,90,gemma-4-26b-a4b,0.2333333333333333,90,104.45555555555556,90,0.0,selection,3113.822222222222,90,0.0,0.0
0.1888888888888888,0.1888888888888888,0.1888888888888888,S_COMPACT_MIX,0.1888888888888888,0.1888888888888888,pooled_descriptive,exp_silhouette_encoding,50.36666666666667,90,1084.7333333333331,90,False,0.0,4198.555555555556,90,gemma-4-26b-a4b,0.1888888888888888,90,105.95555555555556,90,0.0,selection,3113.822222222222,90,0.0,0.0
0.2333333333333333,0.2333333333333333,0.2333333333333333,S_DENSITY_COMPACT,0.2333333333333333,0.2333333333333333,pooled_descriptive,exp_silhouette_encoding,50.36666666666667,90,1084.7333333333331,90,False,0.0,4198.555555555556,90,gemma-4-26b-a4b,0.2333333333333333,90,104.34444444444443,90,0.0,selection,3113.822222222222,90,0.0,0.0
0.2555555555555555,0.2555555555555555,0.2555555555555555,S_G_LAYERED,0.2555555555555555,0.2555555555555555,pooled_descriptive,exp_silhouette_encoding,50.36666666666667,90,1084.7333333333331,90,False,0.0,4198.555555555556,90,gemma-4-26b-a4b,0.2555555555555555,90,98.86666666666666,90,0.0,selection,3113.822222222222,90,0.0,0.0
0.2333333333333333,0.2333333333333333,0.2333333333333333,S_G_MATRIX,0.2333333333333333,0.2333333333333333,pooled_descriptive,exp_silhouette_encoding,50.36666666666667,90,1084.7333333333331,90,False,0.0,4198.555555555556,90,gemma-4-26b-a4b,0.2333333333333333,90,101.41111111111113,90,0.0,selection,3113.822222222222,90,0.0,0.0
0.2222222222222222,0.2222222222222222,0.2222222222222222,S_L_MATRIX,0.2222222222222222,0.2222222222222222,pooled_descriptive,exp_silhouette_encoding,50.36666666666667,90,1084.7333333333331,90,False,0.0,4198.555555555556,90,gemma-4-26b-a4b,0.2222222222222222,90,104.93333333333334,90,0.0,selection,3113.822222222222,90,0.0,0.0
0.1888888888888888,0.1888888888888888,0.1888888888888888,S_M_HEATMAP,0.1888888888888888,0.1888888888888888,pooled_descriptive,exp_silhouette_encoding,50.36666666666667,90,1084.7333333333331,90,False,0.0,4198.555555555556,90,gemma-4-26b-a4b,0.1888888888888888,90,104.26666666666668,90,0.0,selection,3113.822222222222,90,0.0,0.0
0.2666666666666666,0.2666666666666666,0.2666666666666666,S_M_OVERLAY,0.2666666666666666,0.2666666666666666,pooled_descriptive,exp_silhouette_encoding,50.36666666666667,90,1084.7333333333331,90,False,0.0,4198.555555555556,90,gemma-4-26b-a4b,0.2666666666666666,90,103.57777777777778,90,0.0,selection,3113.822222222222,90,0.0,0.0
0.2555555555555555,0.2555555555555555,0.2555555555555555,S_M_TIME_BARS,0.2555555555555555,0.2555555555555555,pooled_descriptive,exp_silhouette_encoding,50.36666666666667,90,1084.7333333333331,90,False,0.0,4198.555555555556,90,gemma-4-26b-a4b,0.2555555555555555,90,104.87777777777778,90,0.0,selection,3113.822222222222,90,0.0,0.0
0.2222222222222222,0.2222222222222222,0.2222222222222222,S_R_DUMBBELL,0.2222222222222222,0.2222222222222222,pooled_descriptive,exp_silhouette_encoding,50.36666666666667,90,1084.7333333333331,90,False,0.0,4198.555555555556,90,gemma-4-26b-a4b,0.2222222222222222,90,104.96666666666668,90,0.0,selection,3113.822222222222,90,0.0,0.0
0.2222222222222222,0.2222222222222222,0.2222222222222222,S_R_PAIRED_BARS,0.2222222222222222,0.2222222222222222,pooled_descriptive,exp_silhouette_encoding,50.36666666666667,90,1084.7333333333331,90,False,0.0,4198.555555555556,90,gemma-4-26b-a4b,0.2222222222222222,90,107.52222222222224,90,0.0,selection,3113.822222222222,90,0.0,0.0
0.2,0.2,0.2,S_TABLE,0.2,0.2,pooled_descriptive,exp_silhouette_encoding,50.36666666666667,90,1084.7333333333331,90,False,0.0,4198.555555555556,90,gemma-4-26b-a4b,0.2,90,107.3,90,0.0111111111111111,selection,3113.822222222222,90,0.0,0.0111111111111111
0.4857142857142857,0.4857142857142857,0.4857142857142857,S0,0.4857142857142857,0.4857142857142857,aegislab,exp_silhouette_encoding,52.0,70,1085.8285714285714,70,False,0.0,4476.8,70,gemma-4-26b-a4b,0.4857142857142857,70,102.9,70,0.0,main_report,3390.9714285714285,70,0.0,0.0
0.3571428571428571,0.3571428571428571,0.3571428571428571,S_COMPACT_MIX,0.3571428571428571,0.3571428571428571,aegislab,exp_silhouette_encoding,52.0,70,1085.8285714285714,70,False,0.0,4476.8,70,gemma-4-26b-a4b,0.3571428571428571,70,105.58571428571427,70,0.0,main_report,3390.9714285714285,70,0.0,0.0
0.4428571428571428,0.4428571428571428,0.4428571428571428,S_DENSITY_COMPACT,0.4428571428571428,0.4428571428571428,aegislab,exp_silhouette_encoding,52.0,70,1085.8285714285714,70,False,0.0,4476.8,70,gemma-4-26b-a4b,0.4428571428571428,70,103.07142857142856,70,0.0,main_report,3390.9714285714285,70,0.0,0.0
0.4,0.4,0.4,S_G_LAYERED,0.4,0.4,aegislab,exp_silhouette_encoding,52.0,70,1085.8285714285714,70,False,0.0,4476.8,70,gemma-4-26b-a4b,0.4,70,100.25714285714284,70,0.0,main_report,3390.9714285714285,70,0.0,0.0
0.4142857142857143,0.4142857142857143,0.4142857142857143,S_G_MATRIX,0.4142857142857143,0.4142857142857143,aegislab,exp_silhouette_encoding,52.0,70,1085.8285714285714,70,False,0.0,4476.8,70,gemma-4-26b-a4b,0.4142857142857143,70,102.67142857142858,70,0.0,main_report,3390.9714285714285,70,0.0,0.0
0.5285714285714286,0.5285714285714286,0.5285714285714286,S_L_MATRIX,0.5285714285714286,0.5285714285714286,aegislab,exp_silhouette_encoding,52.0,70,1085.8285714285714,70,False,0.0,4476.8,70,gemma-4-26b-a4b,0.5285714285714286,70,106.4,70,0.0,main_report,3390.9714285714285,70,0.0,0.0
0.4428571428571428,0.4428571428571428,0.4428571428571428,S_M_HEATMAP,0.4428571428571428,0.4428571428571428,aegislab,exp_silhouette_encoding,52.0,70,1085.8285714285714,70,False,0.0,4476.8,70,gemma-4-26b-a4b,0.4428571428571428,70,109.4,70,0.0142857142857142,main_report,3390.9714285714285,70,0.0,0.0142857142857142
0.4428571428571428,0.4428571428571428,0.4428571428571428,S_M_OVERLAY,0.4428571428571428,0.4428571428571428,aegislab,exp_silhouette_encoding,52.0,70,1085.8285714285714,70,False,0.0,4476.8,70,gemma-4-26b-a4b,0.4428571428571428,70,104.28571428571428,70,0.0,main_report,3390.9714285714285,70,0.0,0.0
0.4428571428571428,0.4428571428571428,0.4428571428571428,S_M_TIME_BARS,0.4428571428571428,0.4428571428571428,aegislab,exp_silhouette_encoding,52.0,70,1085.8285714285714,70,False,0.0,4476.8,70,gemma-4-26b-a4b,0.4428571428571428,70,106.78571428571428,70,0.0,main_report,3390.9714285714285,70,0.0,0.0
0.4142857142857143,0.4142857142857143,0.4142857142857143,S_R_DUMBBELL,0.4142857142857143,0.4142857142857143,aegislab,exp_silhouette_encoding,52.0,70,1085.8285714285714,70,False,0.0,4476.8,70,gemma-4-26b-a4b,0.4142857142857143,70,105.2,70,0.0,main_report,3390.9714285714285,70,0.0,0.0
0.4285714285714285,0.4285714285714285,0.4285714285714285,S_R_PAIRED_BARS,0.4285714285714285,0.4285714285714285,aegislab,exp_silhouette_encoding,52.0,70,1085.8285714285714,70,False,0.0,4476.8,70,gemma-4-26b-a4b,0.4285714285714285,70,107.04285714285714,70,0.0,main_report,3390.9714285714285,70,0.0,0.0
0.2571428571428571,0.2571428571428571,0.2571428571428571,S_TABLE,0.2571428571428571,0.2571428571428571,aegislab,exp_silhouette_encoding,52.0,70,1085.8285714285714,70,False,0.0,4476.8,70,gemma-4-26b-a4b,0.2571428571428571,70,104.1,70,0.0,main_report,3390.9714285714285,70,0.0,0.0
0.2142857142857142,0.2142857142857142,0.2142857142857142,S0,0.2142857142857142,0.2142857142857142,aiops2022,exp_silhouette_encoding,49.5,70,1084.4714285714283,70,False,0.0,4220.5142857142855,70,gemma-4-26b-a4b,0.2142857142857142,70,99.61428571428571,70,0.0,main_report,3136.042857142857,70,0.0,0.0
0.2,0.2,0.2,S_COMPACT_MIX,0.2,0.2,aiops2022,exp_silhouette_encoding,49.5,70,1084.4714285714283,70,False,0.0,4220.5142857142855,70,gemma-4-26b-a4b,0.2,70,107.11428571428571,70,0.0,main_report,3136.042857142857,70,0.0,0.0
0.2,0.2,0.2,S_DENSITY_COMPACT,0.2,0.2,aiops2022,exp_silhouette_encoding,49.5,70,1084.4714285714283,70,False,0.0,4220.5142857142855,70,gemma-4-26b-a4b,0.2,70,103.47142857142858,70,0.0,main_report,3136.042857142857,70,0.0,0.0
0.2428571428571428,0.2428571428571428,0.2428571428571428,S_G_LAYERED,0.2428571428571428,0.2428571428571428,aiops2022,exp_silhouette_encoding,49.5,70,1084.4714285714283,70,False,0.0,4220.5142857142855,70,gemma-4-26b-a4b,0.2428571428571428,70,104.9,70,0.0,main_report,3136.042857142857,70,0.0,0.0
0.2,0.2,0.2,S_G_MATRIX,0.2,0.2,aiops2022,exp_silhouette_encoding,49.5,70,1084.4714285714283,70,False,0.0,4220.5142857142855,70,gemma-4-26b-a4b,0.2,70,101.31428571428572,70,0.0,main_report,3136.042857142857,70,0.0,0.0
0.2142857142857142,0.2142857142857142,0.2142857142857142,S_L_MATRIX,0.2142857142857142,0.2142857142857142,aiops2022,exp_silhouette_encoding,49.5,70,1084.4714285714283,70,False,0.0,4220.5142857142855,70,gemma-4-26b-a4b,0.2142857142857142,70,105.85714285714286,70,0.0,main_report,3136.042857142857,70,0.0,0.0
0.1857142857142857,0.1857142857142857,0.1857142857142857,S_M_HEATMAP,0.1857142857142857,0.1857142857142857,aiops2022,exp_silhouette_encoding,49.5,70,1084.4714285714283,70,False,0.0,4220.5142857142855,70,gemma-4-26b-a4b,0.1857142857142857,70,104.81428571428572,70,0.0,main_report,3136.042857142857,70,0.0,0.0
0.1714285714285714,0.1714285714285714,0.1714285714285714,S_M_OVERLAY,0.1714285714285714,0.1714285714285714,aiops2022,exp_silhouette_encoding,49.5,70,1084.4714285714283,70,False,0.0,4220.5142857142855,70,gemma-4-26b-a4b,0.1714285714285714,70,103.34285714285714,70,0.0,main_report,3136.042857142857,70,0.0,0.0
0.2714285714285714,0.2857142857142857,0.3,S_M_TIME_BARS,0.2809523809523809,0.2857142857142857,aiops2022,exp_silhouette_encoding,49.5,70,1084.4714285714283,70,False,0.0,4220.5142857142855,70,gemma-4-26b-a4b,0.2814285714285714,70,104.67142857142858,70,0.0,main_report,3136.042857142857,70,0.0,0.0
0.1857142857142857,0.1857142857142857,0.1857142857142857,S_R_DUMBBELL,0.1857142857142857,0.1857142857142857,aiops2022,exp_silhouette_encoding,49.5,70,1084.4714285714283,70,False,0.0,4220.5142857142855,70,gemma-4-26b-a4b,0.1857142857142857,70,102.82857142857142,70,0.0,main_report,3136.042857142857,70,0.0,0.0
0.2285714285714285,0.2285714285714285,0.2285714285714285,S_R_PAIRED_BARS,0.2285714285714285,0.2285714285714285,aiops2022,exp_silhouette_encoding,49.5,70,1084.4714285714283,70,False,0.0,4220.5142857142855,70,gemma-4-26b-a4b,0.2285714285714285,70,104.81428571428572,70,0.0,main_report,3136.042857142857,70,0.0,0.0
0.1857142857142857,0.1857142857142857,0.1857142857142857,S_TABLE,0.1857142857142857,0.1857142857142857,aiops2022,exp_silhouette_encoding,49.5,70,1084.4714285714283,70,False,0.0,4220.5142857142855,70,gemma-4-26b-a4b,0.1857142857142857,70,107.17142857142858,70,0.0,main_report,3136.042857142857,70,0.0,0.0
0.1285714285714285,0.1285714285714285,0.1285714285714285,S0,0.1285714285714285,0.1285714285714285,aiops2025,exp_silhouette_encoding,49.2,70,1084.1142857142856,70,False,0.0,3901.1285714285714,70,gemma-4-26b-a4b,0.1285714285714285,70,101.45714285714286,70,0.0,main_report,2817.014285714285,70,0.0,0.0
0.0428571428571428,0.0428571428571428,0.0428571428571428,S_COMPACT_MIX,0.0428571428571428,0.0428571428571428,aiops2025,exp_silhouette_encoding,49.2,70,1084.1142857142856,70,False,0.0,3901.1285714285714,70,gemma-4-26b-a4b,0.0428571428571428,70,101.14285714285714,70,0.0,main_report,2817.014285714285,70,0.0,0.0
0.1428571428571428,0.1428571428571428,0.1428571428571428,S_DENSITY_COMPACT,0.1428571428571428,0.1428571428571428,aiops2025,exp_silhouette_encoding,49.2,70,1084.1142857142856,70,False,0.0,3901.1285714285714,70,gemma-4-26b-a4b,0.1428571428571428,70,101.54285714285714,70,0.0,main_report,2817.014285714285,70,0.0,0.0
0.1142857142857142,0.1142857142857142,0.1142857142857142,S_G_LAYERED,0.1142857142857142,0.1142857142857142,aiops2025,exp_silhouette_encoding,49.2,70,1084.1142857142856,70,False,0.0,3901.1285714285714,70,gemma-4-26b-a4b,0.1142857142857142,70,100.71428571428572,70,0.0,main_report,2817.014285714285,70,0.0,0.0
0.1285714285714285,0.1285714285714285,0.1285714285714285,S_G_MATRIX,0.1285714285714285,0.1285714285714285,aiops2025,exp_silhouette_encoding,49.2,70,1084.1142857142856,70,False,0.0,3901.1285714285714,70,gemma-4-26b-a4b,0.1285714285714285,70,98.97142857142858,70,0.0,main_report,2817.014285714285,70,0.0,0.0
0.1428571428571428,0.1428571428571428,0.1428571428571428,S_L_MATRIX,0.1428571428571428,0.1428571428571428,aiops2025,exp_silhouette_encoding,49.2,70,1084.1142857142856,70,False,0.0,3901.1285714285714,70,gemma-4-26b-a4b,0.1428571428571428,70,100.2,70,0.0,main_report,2817.014285714285,70,0.0,0.0
0.1857142857142857,0.1857142857142857,0.1857142857142857,S_M_HEATMAP,0.1857142857142857,0.1857142857142857,aiops2025,exp_silhouette_encoding,49.2,70,1084.1142857142856,70,False,0.0,3901.1285714285714,70,gemma-4-26b-a4b,0.1857142857142857,70,100.57142857142856,70,0.0,main_report,2817.014285714285,70,0.0,0.0
0.1285714285714285,0.1285714285714285,0.1285714285714285,S_M_OVERLAY,0.1285714285714285,0.1285714285714285,aiops2025,exp_silhouette_encoding,49.2,70,1084.1142857142856,70,False,0.0,3901.1285714285714,70,gemma-4-26b-a4b,0.1285714285714285,70,103.3,70,0.0,main_report,2817.014285714285,70,0.0,0.0
0.1428571428571428,0.1428571428571428,0.1428571428571428,S_M_TIME_BARS,0.1428571428571428,0.1428571428571428,aiops2025,exp_silhouette_encoding,49.2,70,1084.1142857142856,70,False,0.0,3901.1285714285714,70,gemma-4-26b-a4b,0.1428571428571428,70,104.3,70,0.0,main_report,2817.014285714285,70,0.0,0.0
0.1571428571428571,0.1571428571428571,0.1571428571428571,S_R_DUMBBELL,0.1571428571428571,0.1571428571428571,aiops2025,exp_silhouette_encoding,49.2,70,1084.1142857142856,70,False,0.0,3901.1285714285714,70,gemma-4-26b-a4b,0.1571428571428571,70,99.91428571428573,70,0.0,main_report,2817.014285714285,70,0.0,0.0
0.1285714285714285,0.1285714285714285,0.1285714285714285,S_R_PAIRED_BARS,0.1285714285714285,0.1285714285714285,aiops2025,exp_silhouette_encoding,49.2,70,1084.1142857142856,70,False,0.0,3901.1285714285714,70,gemma-4-26b-a4b,0.1285714285714285,70,104.25714285714284,70,0.0,main_report,2817.014285714285,70,0.0,0.0
0.1285714285714285,0.1571428571428571,0.1571428571428571,S_TABLE,0.1380952380952381,0.1457142857142857,aiops2025,exp_silhouette_encoding,49.2,70,1084.1142857142856,70,False,0.0,3901.1285714285714,70,gemma-4-26b-a4b,0.1380952380952381,70,107.07142857142856,70,0.0,main_report,2817.014285714285,70,0.0,0.0
0.2761904761904762,0.2761904761904762,0.2761904761904762,S0,0.2761904761904762,0.2761904761904762,pooled_descriptive,exp_silhouette_encoding,50.23333333333333,210,1084.804761904762,210,False,0.0,4199.480952380953,210,gemma-4-26b-a4b,0.2761904761904762,210,101.32380952380952,210,0.0,main_report,3114.67619047619,210,0.0,0.0
0.2,0.2,0.2,S_COMPACT_MIX,0.2,0.2,pooled_descriptive,exp_silhouette_encoding,50.23333333333333,210,1084.804761904762,210,False,0.0,4199.480952380953,210,gemma-4-26b-a4b,0.2,210,104.61428571428571,210,0.0,main_report,3114.67619047619,210,0.0,0.0
0.2619047619047619,0.2619047619047619,0.2619047619047619,S_DENSITY_COMPACT,0.2619047619047619,0.2619047619047619,pooled_descriptive,exp_silhouette_encoding,50.23333333333333,210,1084.804761904762,210,False,0.0,4199.480952380953,210,gemma-4-26b-a4b,0.2619047619047619,210,102.6952380952381,210,0.0,main_report,3114.67619047619,210,0.0,0.0
0.2523809523809524,0.2523809523809524,0.2523809523809524,S_G_LAYERED,0.2523809523809524,0.2523809523809524,pooled_descriptive,exp_silhouette_encoding,50.23333333333333,210,1084.804761904762,210,False,0.0,4199.480952380953,210,gemma-4-26b-a4b,0.2523809523809524,210,101.95714285714286,210,0.0,main_report,3114.67619047619,210,0.0,0.0
0.2476190476190476,0.2476190476190476,0.2476190476190476,S_G_MATRIX,0.2476190476190476,0.2476190476190476,pooled_descriptive,exp_silhouette_encoding,50.23333333333333,210,1084.804761904762,210,False,0.0,4199.480952380953,210,gemma-4-26b-a4b,0.2476190476190476,210,100.98571428571428,210,0.0,main_report,3114.67619047619,210,0.0,0.0
0.2952380952380952,0.2952380952380952,0.2952380952380952,S_L_MATRIX,0.2952380952380952,0.2952380952380952,pooled_descriptive,exp_silhouette_encoding,50.23333333333333,210,1084.804761904762,210,False,0.0,4199.480952380953,210,gemma-4-26b-a4b,0.2952380952380952,210,104.15238095238097,210,0.0,main_report,3114.67619047619,210,0.0,0.0
0.2714285714285714,0.2714285714285714,0.2714285714285714,S_M_HEATMAP,0.2714285714285714,0.2714285714285714,pooled_descriptive,exp_silhouette_encoding,50.23333333333333,210,1084.804761904762,210,False,0.0,4199.480952380953,210,gemma-4-26b-a4b,0.2714285714285714,210,104.92857142857144,210,0.0047619047619047,main_report,3114.67619047619,210,0.0,0.0047619047619047
0.2476190476190476,0.2476190476190476,0.2476190476190476,S_M_OVERLAY,0.2476190476190476,0.2476190476190476,pooled_descriptive,exp_silhouette_encoding,50.23333333333333,210,1084.804761904762,210,False,0.0,4199.480952380953,210,gemma-4-26b-a4b,0.2476190476190476,210,103.64285714285714,210,0.0,main_report,3114.67619047619,210,0.0,0.0
0.2857142857142857,0.2904761904761905,0.2952380952380952,S_M_TIME_BARS,0.2888888888888888,0.2904761904761905,pooled_descriptive,exp_silhouette_encoding,50.23333333333333,210,1084.804761904762,210,False,0.0,4199.480952380953,210,gemma-4-26b-a4b,0.289047619047619,210,105.25238095238096,210,0.0,main_report,3114.67619047619,210,0.0,0.0
0.2523809523809524,0.2523809523809524,0.2523809523809524,S_R_DUMBBELL,0.2523809523809524,0.2523809523809524,pooled_descriptive,exp_silhouette_encoding,50.23333333333333,210,1084.804761904762,210,False,0.0,4199.480952380953,210,gemma-4-26b-a4b,0.2523809523809524,210,102.64761904761905,210,0.0,main_report,3114.67619047619,210,0.0,0.0
0.2619047619047619,0.2619047619047619,0.2619047619047619,S_R_PAIRED_BARS,0.2619047619047619,0.2619047619047619,pooled_descriptive,exp_silhouette_encoding,50.23333333333333,210,1084.804761904762,210,False,0.0,4199.480952380953,210,gemma-4-26b-a4b,0.2619047619047619,210,105.37142857142857,210,0.0,main_report,3114.67619047619,210,0.0,0.0
0.1904761904761904,0.2,0.2,S_TABLE,0.1936507936507936,0.1961904761904762,pooled_descriptive,exp_silhouette_encoding,50.23333333333333,210,1084.804761904762,210,False,0.0,4199.480952380953,210,gemma-4-26b-a4b,0.1936507936507936,210,106.11428571428571,210,0.0,main_report,3114.67619047619,210,0.0,0.0
0.45,0.45,0.45,S0,0.45,0.45,aegislab,exp_silhouette_encoding,52.08,100,1085.84,100,False,0.0,4477.03,100,gemma-4-26b-a4b,0.45,100,102.9,100,0.0,all,3391.19,100,0.0,0.0
0.35,0.35,0.35,S_COMPACT_MIX,0.35,0.35,aegislab,exp_silhouette_encoding,52.08,100,1085.84,100,False,0.0,4477.03,100,gemma-4-26b-a4b,0.35,100,105.23,100,0.0,all,3391.19,100,0.0,0.0
0.43,0.43,0.43,S_DENSITY_COMPACT,0.43,0.43,aegislab,exp_silhouette_encoding,52.08,100,1085.84,100,False,0.0,4477.03,100,gemma-4-26b-a4b,0.43,100,103.26,100,0.0,all,3391.19,100,0.0,0.0
0.39,0.39,0.39,S_G_LAYERED,0.39,0.39,aegislab,exp_silhouette_encoding,52.08,100,1085.84,100,False,0.0,4477.03,100,gemma-4-26b-a4b,0.39,100,98.92,100,0.0,all,3391.19,100,0.0,0.0
0.39,0.39,0.39,S_G_MATRIX,0.39,0.39,aegislab,exp_silhouette_encoding,52.08,100,1085.84,100,False,0.0,4477.03,100,gemma-4-26b-a4b,0.39,100,101.2,100,0.0,all,3391.19,100,0.0,0.0
0.48,0.48,0.48,S_L_MATRIX,0.48,0.48,aegislab,exp_silhouette_encoding,52.08,100,1085.84,100,False,0.0,4477.03,100,gemma-4-26b-a4b,0.48,100,105.56,100,0.0,all,3391.19,100,0.0,0.0
0.38,0.38,0.38,S_M_HEATMAP,0.38,0.38,aegislab,exp_silhouette_encoding,52.08,100,1085.84,100,False,0.0,4477.03,100,gemma-4-26b-a4b,0.38,100,108.21,100,0.01,all,3391.19,100,0.0,0.01
0.43,0.43,0.43,S_M_OVERLAY,0.43,0.43,aegislab,exp_silhouette_encoding,52.08,100,1085.84,100,False,0.0,4477.03,100,gemma-4-26b-a4b,0.43,100,104.64,100,0.0,all,3391.19,100,0.0,0.0
0.42,0.42,0.42,S_M_TIME_BARS,0.42,0.42,aegislab,exp_silhouette_encoding,52.08,100,1085.84,100,False,0.0,4477.03,100,gemma-4-26b-a4b,0.42,100,105.82,100,0.0,all,3391.19,100,0.0,0.0
0.39,0.39,0.39,S_R_DUMBBELL,0.39,0.39,aegislab,exp_silhouette_encoding,52.08,100,1085.84,100,False,0.0,4477.03,100,gemma-4-26b-a4b,0.39,100,104.07,100,0.0,all,3391.19,100,0.0,0.0
0.4,0.4,0.4,S_R_PAIRED_BARS,0.4,0.4,aegislab,exp_silhouette_encoding,52.08,100,1085.84,100,False,0.0,4477.03,100,gemma-4-26b-a4b,0.4,100,107.34,100,0.0,all,3391.19,100,0.0,0.0
0.26,0.26,0.26,S_TABLE,0.26,0.26,aegislab,exp_silhouette_encoding,52.08,100,1085.84,100,False,0.0,4477.03,100,gemma-4-26b-a4b,0.26,100,105.81,100,0.0,all,3391.19,100,0.0,0.0
0.18,0.18,0.18,S0,0.18,0.18,aiops2022,exp_silhouette_encoding,49.37,100,1084.28,100,False,0.0,4220.41,100,gemma-4-26b-a4b,0.18,100,100.99,100,0.0,all,3136.13,100,0.0,0.0
0.17,0.17,0.17,S_COMPACT_MIX,0.17,0.17,aiops2022,exp_silhouette_encoding,49.37,100,1084.28,100,False,0.0,4220.41,100,gemma-4-26b-a4b,0.17,100,107.65,100,0.0,all,3136.13,100,0.0,0.0
0.17,0.17,0.17,S_DENSITY_COMPACT,0.17,0.17,aiops2022,exp_silhouette_encoding,49.37,100,1084.28,100,False,0.0,4220.41,100,gemma-4-26b-a4b,0.17,100,104.53,100,0.0,all,3136.13,100,0.0,0.0
0.2,0.2,0.2,S_G_LAYERED,0.2,0.2,aiops2022,exp_silhouette_encoding,49.37,100,1084.28,100,False,0.0,4220.41,100,gemma-4-26b-a4b,0.2,100,102.81,100,0.0,all,3136.13,100,0.0,0.0
0.17,0.17,0.17,S_G_MATRIX,0.17,0.17,aiops2022,exp_silhouette_encoding,49.37,100,1084.28,100,False,0.0,4220.41,100,gemma-4-26b-a4b,0.17,100,103.66,100,0.0,all,3136.13,100,0.0,0.0
0.17,0.17,0.17,S_L_MATRIX,0.17,0.17,aiops2022,exp_silhouette_encoding,49.37,100,1084.28,100,False,0.0,4220.41,100,gemma-4-26b-a4b,0.17,100,104.5,100,0.0,all,3136.13,100,0.0,0.0
0.19,0.19,0.19,S_M_HEATMAP,0.19,0.19,aiops2022,exp_silhouette_encoding,49.37,100,1084.28,100,False,0.0,4220.41,100,gemma-4-26b-a4b,0.19,100,105.31,100,0.0,all,3136.13,100,0.0,0.0
0.17,0.17,0.17,S_M_OVERLAY,0.17,0.17,aiops2022,exp_silhouette_encoding,49.37,100,1084.28,100,False,0.0,4220.41,100,gemma-4-26b-a4b,0.17,100,103.17,100,0.0,all,3136.13,100,0.0,0.0
0.24,0.25,0.26,S_M_TIME_BARS,0.2466666666666666,0.25,aiops2022,exp_silhouette_encoding,49.37,100,1084.28,100,False,0.0,4220.41,100,gemma-4-26b-a4b,0.247,100,105.64,100,0.0,all,3136.13,100,0.0,0.0
0.16,0.16,0.16,S_R_DUMBBELL,0.16,0.16,aiops2022,exp_silhouette_encoding,49.37,100,1084.28,100,False,0.0,4220.41,100,gemma-4-26b-a4b,0.16,100,103.1,100,0.0,all,3136.13,100,0.0,0.0
0.19,0.19,0.19,S_R_PAIRED_BARS,0.19,0.19,aiops2022,exp_silhouette_encoding,49.37,100,1084.28,100,False,0.0,4220.41,100,gemma-4-26b-a4b,0.19,100,105.61,100,0.0,all,3136.13,100,0.0,0.0
0.17,0.17,0.17,S_TABLE,0.17,0.17,aiops2022,exp_silhouette_encoding,49.37,100,1084.28,100,False,0.0,4220.41,100,gemma-4-26b-a4b,0.17,100,107.56,100,0.0,all,3136.13,100,0.0,0.0
0.16,0.16,0.16,S0,0.16,0.16,aiops2025,exp_silhouette_encoding,49.37,100,1084.23,100,False,0.0,3900.17,100,gemma-4-26b-a4b,0.16,100,102.9,100,0.0,all,2815.94,100,0.0,0.0
0.07,0.07,0.07,S_COMPACT_MIX,0.07,0.07,aiops2025,exp_silhouette_encoding,49.37,100,1084.23,100,False,0.0,3900.17,100,gemma-4-26b-a4b,0.07,100,102.17,100,0.0,all,2815.94,100,0.0,0.0
0.16,0.16,0.16,S_DENSITY_COMPACT,0.16,0.16,aiops2025,exp_silhouette_encoding,49.37,100,1084.23,100,False,0.0,3900.17,100,gemma-4-26b-a4b,0.16,100,101.78,100,0.0,all,2815.94,100,0.0,0.0
0.17,0.17,0.17,S_G_LAYERED,0.17,0.17,aiops2025,exp_silhouette_encoding,49.37,100,1084.23,100,False,0.0,3900.17,100,gemma-4-26b-a4b,0.17,100,101.36,100,0.0,all,2815.94,100,0.0,0.0
0.17,0.17,0.17,S_G_MATRIX,0.17,0.17,aiops2025,exp_silhouette_encoding,49.37,100,1084.23,100,False,0.0,3900.17,100,gemma-4-26b-a4b,0.17,100,98.48,100,0.0,all,2815.94,100,0.0,0.0
0.17,0.17,0.17,S_L_MATRIX,0.17,0.17,aiops2025,exp_silhouette_encoding,49.37,100,1084.23,100,False,0.0,3900.17,100,gemma-4-26b-a4b,0.17,100,103.1,100,0.0,all,2815.94,100,0.0,0.0
0.17,0.17,0.17,S_M_HEATMAP,0.17,0.17,aiops2025,exp_silhouette_encoding,49.37,100,1084.23,100,False,0.0,3900.17,100,gemma-4-26b-a4b,0.17,100,100.67,100,0.0,all,2815.94,100,0.0,0.0
0.16,0.16,0.16,S_M_OVERLAY,0.16,0.16,aiops2025,exp_silhouette_encoding,49.37,100,1084.23,100,False,0.0,3900.17,100,gemma-4-26b-a4b,0.16,100,103.06,100,0.0,all,2815.94,100,0.0,0.0
0.17,0.17,0.17,S_M_TIME_BARS,0.17,0.17,aiops2025,exp_silhouette_encoding,49.37,100,1084.23,100,False,0.0,3900.17,100,gemma-4-26b-a4b,0.17,100,103.96,100,0.0,all,2815.94,100,0.0,0.0
0.18,0.18,0.18,S_R_DUMBBELL,0.18,0.18,aiops2025,exp_silhouette_encoding,49.37,100,1084.23,100,False,0.0,3900.17,100,gemma-4-26b-a4b,0.18,100,102.86,100,0.0,all,2815.94,100,0.0,0.0
0.16,0.16,0.16,S_R_PAIRED_BARS,0.16,0.16,aiops2025,exp_silhouette_encoding,49.37,100,1084.23,100,False,0.0,3900.17,100,gemma-4-26b-a4b,0.16,100,105.1,100,0.0,all,2815.94,100,0.0,0.0
0.15,0.17,0.17,S_TABLE,0.1566666666666666,0.162,aiops2025,exp_silhouette_encoding,49.37,100,1084.23,100,False,0.0,3900.17,100,gemma-4-26b-a4b,0.1566666666666666,100,106.04,100,0.01,all,2815.94,100,0.0,0.01
0.6,0.6,0.6,S0,0.6,0.6,re2_ob,exp_silhouette_encoding,48.86666666666667,90,1087.0,90,False,0.0,3053.677777777778,90,gemma-4-26b-a4b,0.6,90,98.57777777777778,90,0.0,all,1966.6777777777777,90,0.0,0.0
0.3555555555555555,0.3555555555555555,0.3555555555555555,S_COMPACT_MIX,0.3555555555555555,0.3555555555555555,re2_ob,exp_silhouette_encoding,48.86666666666667,90,1087.0,90,False,0.0,3053.677777777778,90,gemma-4-26b-a4b,0.3555555555555555,90,101.62222222222222,90,0.0,all,1966.6777777777777,90,0.0,0.0
0.5444444444444444,0.5444444444444444,0.5444444444444444,S_DENSITY_COMPACT,0.5444444444444444,0.5444444444444444,re2_ob,exp_silhouette_encoding,48.86666666666667,90,1087.0,90,False,0.0,3053.677777777778,90,gemma-4-26b-a4b,0.5444444444444444,90,102.73333333333332,90,0.0,all,1966.6777777777777,90,0.0,0.0
0.5111111111111111,0.5111111111111111,0.5111111111111111,S_G_LAYERED,0.5111111111111111,0.5111111111111111,re2_ob,exp_silhouette_encoding,48.86666666666667,90,1087.0,90,False,0.0,3053.677777777778,90,gemma-4-26b-a4b,0.5111111111111111,90,102.13333333333334,90,0.0,all,1966.6777777777777,90,0.0,0.0
0.5666666666666667,0.5666666666666667,0.5666666666666667,S_G_MATRIX,0.5666666666666667,0.5666666666666667,re2_ob,exp_silhouette_encoding,48.86666666666667,90,1087.0,90,False,0.0,3053.677777777778,90,gemma-4-26b-a4b,0.5666666666666667,90,100.2,90,0.0,all,1966.6777777777777,90,0.0,0.0
0.6,0.6,0.6,S_L_MATRIX,0.6,0.6,re2_ob,exp_silhouette_encoding,48.86666666666667,90,1087.0,90,False,0.0,3053.677777777778,90,gemma-4-26b-a4b,0.6,90,99.55555555555556,90,0.0,all,1966.6777777777777,90,0.0,0.0
0.4777777777777778,0.4777777777777778,0.4777777777777778,S_M_HEATMAP,0.4777777777777778,0.4777777777777778,re2_ob,exp_silhouette_encoding,48.86666666666667,90,1087.0,90,False,0.0,3053.677777777778,90,gemma-4-26b-a4b,0.4777777777777778,90,99.18888888888888,90,0.0,all,1966.6777777777777,90,0.0,0.0
0.4888888888888889,0.4888888888888889,0.4888888888888889,S_M_OVERLAY,0.4888888888888889,0.4888888888888889,re2_ob,exp_silhouette_encoding,48.86666666666667,90,1087.0,90,False,0.0,3053.677777777778,90,gemma-4-26b-a4b,0.4888888888888889,90,100.1,90,0.0,all,1966.6777777777777,90,0.0,0.0
0.4666666666666667,0.4666666666666667,0.4666666666666667,S_M_TIME_BARS,0.4666666666666667,0.4666666666666667,re2_ob,exp_silhouette_encoding,48.86666666666667,90,1087.0,90,False,0.0,3053.677777777778,90,gemma-4-26b-a4b,0.4666666666666667,90,100.5111111111111,90,0.0,all,1966.6777777777777,90,0.0,0.0
0.6,0.6,0.6,S_R_DUMBBELL,0.6,0.6,re2_ob,exp_silhouette_encoding,48.86666666666667,90,1087.0,90,False,0.0,3053.677777777778,90,gemma-4-26b-a4b,0.6,90,99.78888888888888,90,0.0,all,1966.6777777777777,90,0.0,0.0
0.6222222222222222,0.6222222222222222,0.6222222222222222,S_R_PAIRED_BARS,0.6222222222222222,0.6222222222222222,re2_ob,exp_silhouette_encoding,48.86666666666667,90,1087.0,90,False,0.0,3053.677777777778,90,gemma-4-26b-a4b,0.6222222222222222,90,99.31111111111112,90,0.0,all,1966.6777777777777,90,0.0,0.0
0.2333333333333333,0.2333333333333333,0.2333333333333333,S_TABLE,0.2333333333333333,0.2333333333333333,re2_ob,exp_silhouette_encoding,48.86666666666667,90,1087.0,90,False,0.0,3053.677777777778,90,gemma-4-26b-a4b,0.2333333333333333,90,102.65555555555557,90,0.0,all,1966.6777777777777,90,0.0,0.0
0.3555555555555555,0.3555555555555555,0.3555555555555555,S0,0.3555555555555555,0.3555555555555555,re2_tt,exp_silhouette_encoding,50.888888888888886,90,1085.0111111111112,90,False,0.0,3735.5,90,gemma-4-26b-a4b,0.3555555555555555,90,100.66666666666669,90,0.0,all,2650.488888888889,90,0.0,0.0
0.4666666666666667,0.4666666666666667,0.4666666666666667,S_COMPACT_MIX,0.4666666666666667,0.4666666666666667,re2_tt,exp_silhouette_encoding,50.888888888888886,90,1085.0111111111112,90,False,0.0,3735.5,90,gemma-4-26b-a4b,0.4666666666666667,90,99.43333333333334,90,0.0,all,2650.488888888889,90,0.0,0.0
0.3111111111111111,0.3111111111111111,0.3111111111111111,S_DENSITY_COMPACT,0.3111111111111111,0.3111111111111111,re2_tt,exp_silhouette_encoding,50.888888888888886,90,1085.0111111111112,90,False,0.0,3735.5,90,gemma-4-26b-a4b,0.3111111111111111,90,100.21111111111112,90,0.0,all,2650.488888888889,90,0.0,0.0
0.3555555555555555,0.3555555555555555,0.3555555555555555,S_G_LAYERED,0.3555555555555555,0.3555555555555555,re2_tt,exp_silhouette_encoding,50.888888888888886,90,1085.0111111111112,90,False,0.0,3735.5,90,gemma-4-26b-a4b,0.3555555555555555,90,101.93333333333334,90,0.0,all,2650.488888888889,90,0.0,0.0
0.4111111111111111,0.4111111111111111,0.4111111111111111,S_G_MATRIX,0.4111111111111111,0.4111111111111111,re2_tt,exp_silhouette_encoding,50.888888888888886,90,1085.0111111111112,90,False,0.0,3735.5,90,gemma-4-26b-a4b,0.4111111111111111,90,103.38888888888889,90,0.0,all,2650.488888888889,90,0.0,0.0
0.3777777777777777,0.3777777777777777,0.3777777777777777,S_L_MATRIX,0.3777777777777777,0.3777777777777777,re2_tt,exp_silhouette_encoding,50.888888888888886,90,1085.0111111111112,90,False,0.0,3735.5,90,gemma-4-26b-a4b,0.3777777777777777,90,102.86666666666666,90,0.0,all,2650.488888888889,90,0.0,0.0
0.3333333333333333,0.3333333333333333,0.3333333333333333,S_M_HEATMAP,0.3333333333333333,0.3333333333333333,re2_tt,exp_silhouette_encoding,50.888888888888886,90,1085.0111111111112,90,False,0.0,3735.5,90,gemma-4-26b-a4b,0.3333333333333333,90,99.8,90,0.0,all,2650.488888888889,90,0.0,0.0
0.3333333333333333,0.3333333333333333,0.3333333333333333,S_M_OVERLAY,0.3333333333333333,0.3333333333333333,re2_tt,exp_silhouette_encoding,50.888888888888886,90,1085.0111111111112,90,False,0.0,3735.5,90,gemma-4-26b-a4b,0.3333333333333333,90,99.15555555555557,90,0.0,all,2650.488888888889,90,0.0,0.0
0.3222222222222222,0.3222222222222222,0.3222222222222222,S_M_TIME_BARS,0.3222222222222222,0.3222222222222222,re2_tt,exp_silhouette_encoding,50.888888888888886,90,1085.0111111111112,90,False,0.0,3735.5,90,gemma-4-26b-a4b,0.3222222222222222,90,101.56666666666666,90,0.0,all,2650.488888888889,90,0.0,0.0
0.3666666666666666,0.3666666666666666,0.3666666666666666,S_R_DUMBBELL,0.3666666666666666,0.3666666666666666,re2_tt,exp_silhouette_encoding,50.888888888888886,90,1085.0111111111112,90,False,0.0,3735.5,90,gemma-4-26b-a4b,0.3666666666666666,90,101.41111111111113,90,0.0,all,2650.488888888889,90,0.0,0.0
0.4111111111111111,0.4111111111111111,0.4111111111111111,S_R_PAIRED_BARS,0.4111111111111111,0.4111111111111111,re2_tt,exp_silhouette_encoding,50.888888888888886,90,1085.0111111111112,90,False,0.0,3735.5,90,gemma-4-26b-a4b,0.4111111111111111,90,101.61111111111111,90,0.0,all,2650.488888888889,90,0.0,0.0
0.5555555555555556,0.5555555555555556,0.5555555555555556,S_TABLE,0.5555555555555556,0.5555555555555556,re2_tt,exp_silhouette_encoding,50.888888888888886,90,1085.0111111111112,90,False,0.0,3735.5,90,gemma-4-26b-a4b,0.5555555555555556,90,104.13333333333334,90,0.0111111111111111,all,2650.488888888889,90,0.0,0.0111111111111111
0.34375,0.34375,0.34375,S0,0.34375,0.34375,pooled_descriptive,exp_silhouette_encoding,50.125,480,1085.2416666666666,480,False,0.0,3897.4729166666666,480,gemma-4-26b-a4b,0.34375,480,101.27291666666666,480,0.0,all,2812.23125,480,0.0,0.0
0.2770833333333333,0.2770833333333333,0.2770833333333333,S_COMPACT_MIX,0.2770833333333333,0.2770833333333333,pooled_descriptive,exp_silhouette_encoding,50.125,480,1085.2416666666666,480,False,0.0,3897.4729166666666,480,gemma-4-26b-a4b,0.2770833333333333,480,103.33333333333331,480,0.0,all,2812.23125,480,0.0,0.0
0.31875,0.31875,0.31875,S_DENSITY_COMPACT,0.31875,0.31875,pooled_descriptive,exp_silhouette_encoding,50.125,480,1085.2416666666666,480,False,0.0,3897.4729166666666,480,gemma-4-26b-a4b,0.31875,480,102.54583333333332,480,0.0,all,2812.23125,480,0.0,0.0
0.3208333333333333,0.3208333333333333,0.3208333333333333,S_G_LAYERED,0.3208333333333333,0.3208333333333333,pooled_descriptive,exp_silhouette_encoding,50.125,480,1085.2416666666666,480,False,0.0,3897.4729166666666,480,gemma-4-26b-a4b,0.3208333333333333,480,101.40625,480,0.0,all,2812.23125,480,0.0,0.0
0.3354166666666666,0.3354166666666666,0.3354166666666666,S_G_MATRIX,0.3354166666666666,0.3354166666666666,pooled_descriptive,exp_silhouette_encoding,50.125,480,1085.2416666666666,480,False,0.0,3897.4729166666666,480,gemma-4-26b-a4b,0.3354166666666666,480,101.36875,480,0.0,all,2812.23125,480,0.0,0.0
0.3541666666666667,0.3541666666666667,0.3541666666666667,S_L_MATRIX,0.3541666666666667,0.3541666666666667,pooled_descriptive,exp_silhouette_encoding,50.125,480,1085.2416666666666,480,False,0.0,3897.4729166666666,480,gemma-4-26b-a4b,0.3541666666666667,480,103.19583333333334,480,0.0,all,2812.23125,480,0.0,0.0
0.30625,0.30625,0.30625,S_M_HEATMAP,0.30625,0.30625,pooled_descriptive,exp_silhouette_encoding,50.125,480,1085.2416666666666,480,False,0.0,3897.4729166666666,480,gemma-4-26b-a4b,0.30625,480,102.76666666666668,480,0.0020833333333333,all,2812.23125,480,0.0,0.0020833333333333
0.3125,0.3125,0.3125,S_M_OVERLAY,0.3125,0.3125,pooled_descriptive,exp_silhouette_encoding,50.125,480,1085.2416666666666,480,False,0.0,3897.4729166666666,480,gemma-4-26b-a4b,0.3125,480,102.125,480,0.0,all,2812.23125,480,0.0,0.0
0.3208333333333333,0.3229166666666667,0.325,S_M_TIME_BARS,0.3222222222222222,0.3229166666666667,pooled_descriptive,exp_silhouette_encoding,50.125,480,1085.2416666666666,480,False,0.0,3897.4729166666666,480,gemma-4-26b-a4b,0.3222916666666666,480,103.60208333333334,480,0.0,all,2812.23125,480,0.0,0.0
0.3333333333333333,0.3333333333333333,0.3333333333333333,S_R_DUMBBELL,0.3333333333333333,0.3333333333333333,pooled_descriptive,exp_silhouette_encoding,50.125,480,1085.2416666666666,480,False,0.0,3897.4729166666666,480,gemma-4-26b-a4b,0.3333333333333333,480,102.31458333333332,480,0.0,all,2812.23125,480,0.0,0.0
0.35,0.35,0.35,S_R_PAIRED_BARS,0.35,0.35,pooled_descriptive,exp_silhouette_encoding,50.125,480,1085.2416666666666,480,False,0.0,3897.4729166666666,480,gemma-4-26b-a4b,0.35,480,103.93333333333334,480,0.0,all,2812.23125,480,0.0,0.0
0.26875,0.2729166666666666,0.2729166666666666,S_TABLE,0.2701388888888889,0.27125,pooled_descriptive,exp_silhouette_encoding,50.125,480,1085.2416666666666,480,False,0.0,3897.4729166666666,480,gemma-4-26b-a4b,0.2701388888888889,480,105.31666666666666,480,0.0041666666666666,all,2812.23125,480,0.0,0.0041666666666666
