arm,baseline,break,dataset,delta,experiment,family,input_tokens_paired_ratio,meaningful_gain,model,n,output_tokens_paired_ratio,p,p_adjusted,paired_dz,repair,subset,tie,top1_break,top1_repair,zero_variance
D_AIRY,D0,2,aegislab,0.0388888888888888,exp_canvas_composition,exp_canvas_composition:selection:aegislab,1.0,False,qwen3.8-27b,30,1.08603311250124,0.6321739557383412,1.0,0.1150096418704474,3,selection,25,1,2,False
D_COMPACT,D0,3,aegislab,0.0055555555555555,exp_canvas_composition,exp_canvas_composition:selection:aegislab,1.0,False,qwen3.8-27b,30,1.05977423782253,0.9763527041034412,1.0,0.0176900645423182,3,selection,24,2,1,False
D_ENTITY,D0,6,aegislab,-0.0666666666666666,exp_canvas_composition,exp_canvas_composition:selection:aegislab,1.0,False,qwen3.8-27b,30,1.0976103784170594,0.4820676874579676,1.0,-0.1591461935361024,4,selection,20,5,1,False
D_LANDSCAPE,D0,2,aegislab,0.0055555555555555,exp_canvas_composition,exp_canvas_composition:selection:aegislab,1.0003228985107913,False,qwen3.8-27b,30,1.1661717621977374,0.4677009431634257,1.0,0.0159306275903719,4,selection,24,2,1,False
D_ONSET_ORDER,D0,2,aegislab,0.09,exp_canvas_composition,exp_canvas_composition:selection:aegislab,1.0,False,qwen3.8-27b,30,1.1842736627847814,0.1472770019901818,1.0,0.2640442291455944,6,selection,22,1,2,False
D_PORTRAIT,D0,6,aegislab,-0.1027777777777777,exp_canvas_composition,exp_canvas_composition:selection:aegislab,1.000127455527635,False,qwen3.8-27b,30,1.2101077755082306,0.4227055205873745,1.0,-0.2355026374666479,4,selection,20,6,1,False
D_SCALE_075,D0,3,aegislab,-0.0666666666666666,exp_canvas_composition,exp_canvas_composition:selection:aegislab,0.8303149248315975,False,qwen3.8-27b,30,1.1209276335851102,0.3009253101439491,1.0,-0.2333668654644734,1,selection,26,3,0,False
D_SCALE_125,D0,2,aegislab,0.0444444444444444,exp_canvas_composition,exp_canvas_composition:selection:aegislab,1.214641767913472,False,qwen3.8-27b,30,0.996685937933624,0.28213742241046,1.0,0.13700447634007,5,selection,23,2,1,False
D_SCALE_150,D0,4,aegislab,0.0055555555555555,exp_canvas_composition,exp_canvas_composition:selection:aegislab,1.4945590271732383,False,qwen3.8-27b,30,1.019717749823132,0.7693054616465511,1.0,0.0152272831691828,3,selection,23,3,2,False
D_TOPOLOGY_CENTER,D0,4,aegislab,-0.0888888888888888,exp_canvas_composition,exp_canvas_composition:selection:aegislab,1.0,False,qwen3.8-27b,30,1.0706156560672764,0.8315015932961738,1.0,-0.2318412431041,4,selection,22,4,0,False
D_AIRY,D0,3,aiops2022,-0.0066666666666666,exp_canvas_composition,exp_canvas_composition:selection:aiops2022,1.0,False,qwen3.8-27b,30,1.0508533401838762,0.6782928046479815,1.0,-0.0411573229649944,2,selection,25,0,0,False
D_COMPACT,D0,3,aiops2022,-0.0066666666666666,exp_canvas_composition,exp_canvas_composition:selection:aiops2022,1.0,False,qwen3.8-27b,30,1.1035536272482631,0.3438221050692128,1.0,-0.0549049452650033,1,selection,26,0,0,False
D_ENTITY,D0,3,aiops2022,-0.0122222222222222,exp_canvas_composition,exp_canvas_composition:selection:aiops2022,1.0,False,qwen3.8-27b,30,1.1219138284306864,0.6550498337129864,1.0,-0.0836673140635921,2,selection,25,0,0,False
D_LANDSCAPE,D0,1,aiops2022,0.0433333333333333,exp_canvas_composition,exp_canvas_composition:selection:aiops2022,1.0011387053690315,False,qwen3.8-27b,30,1.097878222494619,0.537285477196683,1.0,0.172330005320623,2,selection,27,0,2,False
D_ONSET_ORDER,D0,3,aiops2022,0.0044444444444444,exp_canvas_composition,exp_canvas_composition:selection:aiops2022,1.0,False,qwen3.8-27b,30,1.0885918757257853,0.7270172659214158,1.0,0.0276783985703691,4,selection,23,0,0,False
D_PORTRAIT,D0,3,aiops2022,-0.0066666666666666,exp_canvas_composition,exp_canvas_composition:selection:aiops2022,1.001080508783564,False,qwen3.8-27b,30,1.0093354608362533,0.3438221050692128,1.0,-0.0354164546435067,1,selection,26,0,1,False
D_SCALE_075,D0,4,aiops2022,0.0127777777777777,exp_canvas_composition,exp_canvas_composition:selection:aiops2022,0.8255143987517861,False,qwen3.8-27b,30,1.046562083176577,0.7587333379844012,1.0,0.0544402426453119,3,selection,23,0,1,False
D_SCALE_125,D0,3,aiops2022,-0.015,exp_canvas_composition,exp_canvas_composition:selection:aiops2022,1.219931249659691,False,qwen3.8-27b,30,1.4732629216318844,0.6436329923521646,1.0,-0.1071831977658255,2,selection,25,0,0,False
D_SCALE_150,D0,2,aiops2022,0.0099999999999999,exp_canvas_composition,exp_canvas_composition:selection:aiops2022,1.5109865718513866,False,qwen3.8-27b,30,0.9726844351003392,0.6550498337129864,1.0,0.0683732839970057,3,selection,25,0,0,False
D_TOPOLOGY_CENTER,D0,3,aiops2022,-0.04,exp_canvas_composition,exp_canvas_composition:selection:aiops2022,1.0,False,qwen3.8-27b,30,1.0259965152650248,0.0833561815364323,1.0,-0.3070976116635082,0,selection,27,0,0,False
D_AIRY,D0,1,aiops2025,-0.0055555555555555,exp_canvas_composition,exp_canvas_composition:selection:aiops2025,0.9333333333333332,False,qwen3.8-27b,30,0.9998902310904544,0.9808795062755976,1.0,-0.0805462336142461,1,selection,28,0,0,False
D_COMPACT,D0,1,aiops2025,-0.0027777777777777,exp_canvas_composition,exp_canvas_composition:selection:aiops2025,1.0,False,qwen3.8-27b,30,1.04166471453485,0.591046535600346,1.0,-0.0256523687186169,2,selection,27,0,0,False
D_ENTITY,D0,5,aiops2025,-0.0222222222222222,exp_canvas_composition,exp_canvas_composition:selection:aiops2025,1.0,False,qwen3.8-27b,30,1.0494845448424044,0.9508240206851022,1.0,-0.0572194156714049,5,selection,20,2,1,False
D_LANDSCAPE,D0,1,aiops2025,0.0444444444444444,exp_canvas_composition,exp_canvas_composition:selection:aiops2025,1.0008261693118363,False,qwen3.8-27b,30,1.057272660972757,0.1699786289484149,1.0,0.2720352730670482,4,selection,25,0,0,False
D_ONSET_ORDER,D0,2,aiops2025,0.0444444444444444,exp_canvas_composition,exp_canvas_composition:selection:aiops2025,1.0,False,qwen3.8-27b,30,1.0630501735721063,0.3982527935282141,1.0,0.1769436120219026,4,selection,24,0,1,False
D_PORTRAIT,D0,3,aiops2025,-0.0222222222222222,exp_canvas_composition,exp_canvas_composition:selection:aiops2025,1.0000494454352356,False,qwen3.8-27b,30,1.1427314453377566,0.6321739557383412,1.0,-0.128000706212741,2,selection,25,0,0,False
D_SCALE_075,D0,0,aiops2025,0.0333333333333333,exp_canvas_composition,exp_canvas_composition:selection:aiops2025,0.8123737383376515,False,qwen3.8-27b,30,1.1012986107082186,0.0833867364856683,1.0,0.3010398644698073,3,selection,27,0,0,False
D_SCALE_125,D0,0,aiops2025,0.0388888888888888,exp_canvas_composition,exp_canvas_composition:selection:aiops2025,1.2355749815737624,False,qwen3.8-27b,30,1.0612166901350493,0.1573588275161886,1.0,0.2112898912843904,2,selection,28,0,1,False
D_SCALE_150,D0,0,aiops2025,0.0333333333333333,exp_canvas_composition,exp_canvas_composition:selection:aiops2025,1.5462517960346431,False,qwen3.8-27b,30,1.0950326527435628,0.0833867364856683,1.0,0.3010398644698073,3,selection,27,0,0,False
D_TOPOLOGY_CENTER,D0,2,aiops2025,0.0166666666666666,exp_canvas_composition,exp_canvas_composition:selection:aiops2025,1.0,False,qwen3.8-27b,30,1.0949818333706205,0.3080084025975153,1.0,0.0888926732467205,5,selection,23,0,0,False
D_AIRY,D0,6,pooled_descriptive,0.0088888888888888,exp_canvas_composition,exp_canvas_composition:selection:pooled_descriptive,0.9777777777777776,False,qwen3.8-27b,90,1.04559222792519,0.9754908871474222,1.0,0.0406524784586117,6,selection,78,1,2,False
D_COMPACT,D0,7,pooled_descriptive,-0.0012962962962962,exp_canvas_composition,exp_canvas_composition:selection:pooled_descriptive,1.0,False,qwen3.8-27b,90,1.0683308598685477,0.7969469157237001,1.0,-0.0064185717642346,6,selection,77,2,1,False
D_ENTITY,D0,14,pooled_descriptive,-0.0337037037037037,exp_canvas_composition,exp_canvas_composition:selection:pooled_descriptive,1.0,False,qwen3.8-27b,90,1.0896695838967168,0.5033541991430273,1.0,-0.0998896618482362,11,selection,65,7,2,False
D_LANDSCAPE,D0,4,pooled_descriptive,0.0311111111111111,exp_canvas_composition,exp_canvas_composition:selection:pooled_descriptive,1.0007625910638869,False,qwen3.8-27b,90,1.1071075485550377,0.116445751057993,1.0,0.1182168029694009,10,selection,76,2,3,False
D_ONSET_ORDER,D0,7,pooled_descriptive,0.0462962962962963,exp_canvas_composition,exp_canvas_composition:selection:pooled_descriptive,1.0,False,qwen3.8-27b,90,1.1119719040275575,0.1190427108992021,1.0,0.1774715907870472,14,selection,69,1,3,False
D_PORTRAIT,D0,12,pooled_descriptive,-0.0438888888888888,exp_canvas_composition,exp_canvas_composition:selection:pooled_descriptive,1.0004191365821449,False,qwen3.8-27b,90,1.12072489389408,0.2274980914856947,1.0,-0.1503420766277517,7,selection,71,6,2,False
D_SCALE_075,D0,7,pooled_descriptive,-0.0068518518518518,exp_canvas_composition,exp_canvas_composition:selection:pooled_descriptive,0.8227343539736786,False,qwen3.8-27b,90,1.0895961091566353,0.984695125956368,1.0,-0.0305152559162371,7,selection,76,3,1,False
D_SCALE_125,D0,5,pooled_descriptive,0.0227777777777777,exp_canvas_composition,exp_canvas_composition:selection:pooled_descriptive,1.2233826663823084,False,qwen3.8-27b,90,1.1770551832335194,0.2870205313838746,1.0,0.0994698199627976,9,selection,76,2,2,False
D_SCALE_150,D0,6,pooled_descriptive,0.0162962962962962,exp_canvas_composition,exp_canvas_composition:selection:pooled_descriptive,1.5172657983530893,False,qwen3.8-27b,90,1.0291449458890112,0.4502551188570109,1.0,0.0698133493731482,9,selection,75,3,2,False
D_TOPOLOGY_CENTER,D0,9,pooled_descriptive,-0.0374074074074074,exp_canvas_composition,exp_canvas_composition:selection:pooled_descriptive,1.0,False,qwen3.8-27b,90,1.0638646682343071,0.8602307312609097,1.0,-0.1447745269168466,9,selection,72,4,0,False
D_AIRY,D0,11,aegislab,0.0392857142857143,exp_canvas_composition,exp_canvas_composition:main_report:aegislab,0.9857142857142858,False,qwen3.8-27b,70,1.0448859818873324,0.4677671574431316,1.0,0.1050558158991207,14,main_report,45,5,9,False
D_COMPACT,D0,9,aegislab,0.0226190476190476,exp_canvas_composition,exp_canvas_composition:main_report:aegislab,1.0,False,qwen3.8-27b,70,1.0809918889411845,0.4122995459595149,1.0,0.0670173173043781,13,main_report,48,3,6,False
D_ENTITY,D0,14,aegislab,-0.0023809523809523,exp_canvas_composition,exp_canvas_composition:main_report:aegislab,1.0,False,qwen3.8-27b,70,1.1411517450431423,0.8619109387317986,1.0,-0.0056128015040649,15,main_report,41,6,9,False
D_LANDSCAPE,D0,12,aegislab,0.044047619047619,exp_canvas_composition,exp_canvas_composition:main_report:aegislab,1.0007872131636903,False,qwen3.8-27b,70,1.114364882798001,0.4759316835862788,1.0,0.1068209598190667,15,main_report,43,5,10,False
D_ONSET_ORDER,D0,16,aegislab,-0.0107142857142857,exp_canvas_composition,exp_canvas_composition:main_report:aegislab,1.0,False,qwen3.8-27b,70,1.10063363965689,0.6743460947032505,1.0,-0.0285449556110944,13,main_report,41,5,7,False
D_PORTRAIT,D0,18,aegislab,-0.0369047619047619,exp_canvas_composition,exp_canvas_composition:main_report:aegislab,1.0004540818670735,False,qwen3.8-27b,70,1.1157226121513888,0.4325597711411546,1.0,-0.0977841195160502,13,main_report,39,6,5,False
D_SCALE_075,D0,17,aegislab,-0.0666666666666666,exp_canvas_composition,exp_canvas_composition:main_report:aegislab,0.8312435526546273,False,qwen3.8-27b,70,1.086249327252542,0.1220430815596296,1.0,-0.1832393034688967,9,main_report,44,8,4,False
D_SCALE_125,D0,12,aegislab,0.0083333333333333,exp_canvas_composition,exp_canvas_composition:main_report:aegislab,1.214083015977297,False,qwen3.8-27b,70,1.0672790560036869,0.7947149585227506,1.0,0.0261595134284764,10,main_report,48,3,8,False
D_SCALE_150,D0,12,aegislab,0.0571428571428571,exp_canvas_composition,exp_canvas_composition:main_report:aegislab,1.493285288963885,False,qwen3.8-27b,70,1.0283888943004025,0.3314300163915954,1.0,0.152718200266208,16,main_report,42,4,9,False
D_TOPOLOGY_CENTER,D0,20,aegislab,-0.0714285714285714,exp_canvas_composition,exp_canvas_composition:main_report:aegislab,1.0,False,qwen3.8-27b,70,1.100244868299601,0.0230287743720509,0.4145179386969176,-0.1781901031316695,7,main_report,43,6,5,False
D_AIRY,D0,7,aiops2022,0.0273809523809523,exp_canvas_composition,exp_canvas_composition:main_report:aiops2022,1.0,False,qwen3.8-27b,70,1.054053323145448,0.7497262127339712,1.0,0.087839742603349,8,main_report,55,3,4,False
D_COMPACT,D0,8,aiops2022,-0.0107142857142857,exp_canvas_composition,exp_canvas_composition:main_report:aiops2022,1.0,False,qwen3.8-27b,70,1.0930398691159493,0.5936676624060113,1.0,-0.0352905586652587,6,main_report,56,5,3,False
D_ENTITY,D0,6,aiops2022,0.0702380952380952,exp_canvas_composition,exp_canvas_composition:main_report:aiops2022,1.0,False,qwen3.8-27b,70,1.06815369092135,0.2604798434994302,1.0,0.2052759101127929,10,main_report,54,2,6,False
D_LANDSCAPE,D0,6,aiops2022,0.0261904761904761,exp_canvas_composition,exp_canvas_composition:main_report:aiops2022,1.0007898946564853,False,qwen3.8-27b,70,1.0611565293397545,0.3362433808568623,1.0,0.0830943993545215,10,main_report,54,4,3,False
D_ONSET_ORDER,D0,7,aiops2022,-0.013095238095238,exp_canvas_composition,exp_canvas_composition:main_report:aiops2022,1.0,False,qwen3.8-27b,70,1.0742743220758364,0.3862095381441447,1.0,-0.0446341438179131,4,main_report,59,4,3,False
D_PORTRAIT,D0,9,aiops2022,-0.0297619047619047,exp_canvas_composition,exp_canvas_composition:main_report:aiops2022,0.9995883850526224,False,qwen3.8-27b,70,1.1066100023192655,0.5846279435920227,1.0,-0.0859241757082127,7,main_report,54,7,3,False
D_SCALE_075,D0,6,aiops2022,0.0059523809523809,exp_canvas_composition,exp_canvas_composition:main_report:aiops2022,0.8242700004439859,False,qwen3.8-27b,70,1.0223633301686803,0.484357111778353,1.0,0.0192234552904439,9,main_report,55,4,3,False
D_SCALE_125,D0,4,aiops2022,0.0571428571428571,exp_canvas_composition,exp_canvas_composition:main_report:aiops2022,1.220291649267083,False,qwen3.8-27b,70,1.0025504322086936,0.154606025088404,1.0,0.2121164240069575,9,main_report,57,1,4,False
D_SCALE_150,D0,7,aiops2022,-0.0035714285714285,exp_canvas_composition,exp_canvas_composition:main_report:aiops2022,1.5113643030442705,False,qwen3.8-27b,70,1.0396849510941677,0.7818504268517473,1.0,-0.013333438302665,6,main_report,57,3,2,False
D_TOPOLOGY_CENTER,D0,11,aiops2022,-0.0197619047619047,exp_canvas_composition,exp_canvas_composition:main_report:aiops2022,1.0,False,qwen3.8-27b,70,1.0612220393914489,0.3942527304330108,1.0,-0.0532350213474016,7,main_report,52,6,4,False
D_AIRY,D0,5,aiops2025,0.0064285714285714,exp_canvas_composition,exp_canvas_composition:main_report:aiops2025,0.9285714285714286,False,qwen3.8-27b,70,0.919566427175847,0.576354083560174,1.0,0.0249743395878839,7,main_report,58,2,2,False
D_COMPACT,D0,8,aiops2025,0.0047619047619047,exp_canvas_composition,exp_canvas_composition:main_report:aiops2025,1.0,False,qwen3.8-27b,70,1.0293224341609932,0.8362285389664664,1.0,0.0150571661770639,9,main_report,53,4,3,False
D_ENTITY,D0,6,aiops2025,0.0464285714285714,exp_canvas_composition,exp_canvas_composition:main_report:aiops2025,1.0,False,qwen3.8-27b,70,0.9912196595141656,0.274294267306537,1.0,0.1506859541384686,10,main_report,54,2,4,False
D_LANDSCAPE,D0,9,aiops2025,0.0107142857142857,exp_canvas_composition,exp_canvas_composition:main_report:aiops2025,1.0014042311817348,False,qwen3.8-27b,70,1.0565370550771402,0.8133865892396634,1.0,0.0293086405035875,10,main_report,51,5,5,False
D_ONSET_ORDER,D0,5,aiops2025,0.0321428571428571,exp_canvas_composition,exp_canvas_composition:main_report:aiops2025,1.0,False,qwen3.8-27b,70,1.0345843641125505,0.3916143274255141,1.0,0.1103781787104009,8,main_report,57,2,5,False
D_PORTRAIT,D0,10,aiops2025,0.0035714285714285,exp_canvas_composition,exp_canvas_composition:main_report:aiops2025,1.0009426292947796,False,qwen3.8-27b,70,1.009414159809975,0.871999859560269,1.0,0.0101885597089641,9,main_report,51,5,4,False
D_SCALE_075,D0,9,aiops2025,-0.0261904761904761,exp_canvas_composition,exp_canvas_composition:main_report:aiops2025,0.813655645511075,False,qwen3.8-27b,70,1.023483165890373,0.45421765659897,1.0,-0.0781098739951735,6,main_report,55,5,3,False
D_SCALE_125,D0,4,aiops2025,0.025,exp_canvas_composition,exp_canvas_composition:main_report:aiops2025,1.2348301582905172,False,qwen3.8-27b,70,0.9207468893410784,0.2580868119080954,1.0,0.0921883933954293,8,main_report,58,2,3,False
D_SCALE_150,D0,6,aiops2025,0.0345238095238095,exp_canvas_composition,exp_canvas_composition:main_report:aiops2025,1.5452449966544013,False,qwen3.8-27b,70,0.9749691419083324,0.0904440969401995,1.0,0.1094282601130319,14,main_report,50,3,5,False
D_TOPOLOGY_CENTER,D0,9,aiops2025,0.0035714285714285,exp_canvas_composition,exp_canvas_composition:main_report:aiops2025,1.0,False,qwen3.8-27b,70,0.9683759215460074,0.7046025792043404,1.0,0.0101885597089641,11,main_report,50,6,5,False
D_AIRY,D0,23,pooled_descriptive,0.0243650793650793,exp_canvas_composition,exp_canvas_composition:main_report:pooled_descriptive,0.9714285714285714,False,qwen3.8-27b,210,1.0061685774028757,0.3625417957539395,1.0,0.0769315507893537,29,main_report,158,10,15,False
D_COMPACT,D0,25,pooled_descriptive,0.0055555555555555,exp_canvas_composition,exp_canvas_composition:main_report:pooled_descriptive,1.0,False,qwen3.8-27b,210,1.0677847307393755,0.7015679310311107,1.0,0.0174598659837625,28,main_report,157,12,12,False
D_ENTITY,D0,26,pooled_descriptive,0.038095238095238,exp_canvas_composition,exp_canvas_composition:main_report:pooled_descriptive,1.0,False,qwen3.8-27b,210,1.066841698492886,0.1964566266614561,1.0,0.1055273322395576,35,main_report,149,10,19,False
D_LANDSCAPE,D0,27,pooled_descriptive,0.0269841269841269,exp_canvas_composition,exp_canvas_composition:main_report:pooled_descriptive,1.0009937796673032,False,qwen3.8-27b,210,1.077352822404965,0.2891902042395031,1.0,0.0739250464659294,35,main_report,148,14,18,False
D_ONSET_ORDER,D0,28,pooled_descriptive,0.0027777777777777,exp_canvas_composition,exp_canvas_composition:main_report:pooled_descriptive,1.0,False,qwen3.8-27b,210,1.0698307752817586,0.7642609669893322,1.0,0.0086400880833772,25,main_report,157,11,15,False
D_PORTRAIT,D0,37,pooled_descriptive,-0.021031746031746,exp_canvas_composition,exp_canvas_composition:main_report:pooled_descriptive,1.0003283654048252,False,qwen3.8-27b,210,1.0772489247602095,0.3467029191119375,1.0,-0.0588977247322412,29,main_report,144,18,12,False
D_SCALE_075,D0,32,pooled_descriptive,-0.0289682539682539,exp_canvas_composition,exp_canvas_composition:main_report:pooled_descriptive,0.8230563995365625,False,qwen3.8-27b,210,1.0440319411038652,0.2776714873939918,1.0,-0.0860391557186093,24,main_report,154,17,10,False
D_SCALE_125,D0,20,pooled_descriptive,0.0301587301587301,exp_canvas_composition,exp_canvas_composition:main_report:pooled_descriptive,1.2230682745116324,False,qwen3.8-27b,210,0.9968587925178196,0.2611835483201709,1.0,0.1052203419084105,27,main_report,163,6,15,False
D_SCALE_150,D0,25,pooled_descriptive,0.0293650793650793,exp_canvas_composition,exp_canvas_composition:main_report:pooled_descriptive,1.5166315295541857,False,qwen3.8-27b,210,1.0143476624343009,0.1533696924799625,1.0,0.0913210907956764,36,main_report,149,10,16,False
D_TOPOLOGY_CENTER,D0,40,pooled_descriptive,-0.0292063492063492,exp_canvas_composition,exp_canvas_composition:main_report:pooled_descriptive,1.0,False,qwen3.8-27b,210,1.0432809430790193,0.0861789536479379,1.0,-0.0780301721957783,25,main_report,145,18,14,False
D_AIRY,D0,13,aegislab,0.0391666666666666,exp_canvas_composition,exp_canvas_composition:all:aegislab,0.99,False,qwen3.8-27b,100,1.0572301210715047,0.3940066294940655,1.0,0.1082315216285209,17,all,70,6,11,False
D_COMPACT,D0,12,aegislab,0.0175,exp_canvas_composition,exp_canvas_composition:all:aegislab,1.0,False,qwen3.8-27b,100,1.074626593605588,0.4554170636145171,1.0,0.0531655465235192,16,all,72,5,7,False
D_ENTITY,D0,20,aegislab,-0.0216666666666666,exp_canvas_composition,exp_canvas_composition:all:aegislab,1.0,False,qwen3.8-27b,100,1.1280893350553174,0.8278120877217215,1.0,-0.051398775985795,19,all,61,11,10,False
D_LANDSCAPE,D0,14,aegislab,0.0325,exp_canvas_composition,exp_canvas_composition:all:aegislab,1.0006479187678208,False,qwen3.8-27b,100,1.1299069466179217,0.3702105491401953,1.0,0.0826978572474082,19,all,67,7,11,False
D_ONSET_ORDER,D0,18,aegislab,0.0195,exp_canvas_composition,exp_canvas_composition:all:aegislab,1.0,False,qwen3.8-27b,100,1.1257256465952572,0.7608282029818846,1.0,0.0531950808594641,19,all,63,6,9,False
D_PORTRAIT,D0,24,aegislab,-0.0566666666666666,exp_canvas_composition,exp_canvas_composition:all:aegislab,1.0003560939652418,False,qwen3.8-27b,100,1.1440381611584416,0.242072520627243,1.0,-0.143477087763512,17,all,59,12,6,False
D_SCALE_075,D0,20,aegislab,-0.0666666666666666,exp_canvas_composition,exp_canvas_composition:all:aegislab,0.8309649643077185,False,qwen3.8-27b,100,1.0966528191523124,0.0647844037025147,0.9717660555377208,-0.1956038587687303,10,all,70,11,4,False
D_SCALE_125,D0,14,aegislab,0.0191666666666666,exp_canvas_composition,exp_canvas_composition:all:aegislab,1.214250641558149,False,qwen3.8-27b,100,1.046101120582668,0.7568694266373955,1.0,0.0600627896100823,15,all,71,5,9,False
D_SCALE_150,D0,16,aegislab,0.0416666666666666,exp_canvas_composition,exp_canvas_composition:all:aegislab,1.4936674104266912,False,qwen3.8-27b,100,1.0257875509572214,0.4713659816862365,1.0,0.1125159835192964,19,all,65,7,11,False
D_TOPOLOGY_CENTER,D0,24,aegislab,-0.0766666666666666,exp_canvas_composition,exp_canvas_composition:all:aegislab,1.0,False,qwen3.8-27b,100,1.0913561046299038,0.0290706189482682,0.5232711410688291,-0.1946595431693675,11,all,65,10,5,False
D_AIRY,D0,10,aiops2022,0.0171666666666666,exp_canvas_composition,exp_canvas_composition:all:aiops2022,1.0,False,qwen3.8-27b,100,1.0530933282569763,0.9469097337769328,1.0,0.0624124801541278,10,all,80,3,4,False
D_COMPACT,D0,11,aiops2022,-0.0095,exp_canvas_composition,exp_canvas_composition:all:aiops2022,1.0,False,qwen3.8-27b,100,1.096193996555643,0.3639101078638206,1.0,-0.0362804665075607,7,all,82,5,3,False
D_ENTITY,D0,9,aiops2022,0.0454999999999999,exp_canvas_composition,exp_canvas_composition:all:aiops2022,1.0,False,qwen3.8-27b,100,1.084281732174151,0.4359204927965906,1.0,0.1522666665686368,12,all,79,2,6,False
D_LANDSCAPE,D0,7,aiops2022,0.0313333333333333,exp_canvas_composition,exp_canvas_composition:all:aiops2022,1.000894537870249,False,qwen3.8-27b,100,1.0721730372862135,0.2542258942335528,1.0,0.1057302825401037,12,all,81,4,5,False
D_ONSET_ORDER,D0,10,aiops2022,-0.0078333333333333,exp_canvas_composition,exp_canvas_composition:all:aiops2022,1.0,False,qwen3.8-27b,100,1.0785695881708213,0.6232431973120433,1.0,-0.0301255356337446,8,all,82,4,3,False
D_PORTRAIT,D0,12,aiops2022,-0.0228333333333333,exp_canvas_composition,exp_canvas_composition:all:aiops2022,1.000036022171905,False,qwen3.8-27b,100,1.077427639874362,0.3773162726058271,1.0,-0.0744300231692977,8,all,80,7,4,False
D_SCALE_075,D0,10,aiops2022,0.0079999999999999,exp_canvas_composition,exp_canvas_composition:all:aiops2022,0.8246433199363261,False,qwen3.8-27b,100,1.0296229560710493,0.6740210060628683,1.0,0.0277732128644437,12,all,78,4,4,False
D_SCALE_125,D0,7,aiops2022,0.0355,exp_canvas_composition,exp_canvas_composition:all:aiops2022,1.2201835293848653,False,qwen3.8-27b,100,1.143764179035651,0.3283839590996525,1.0,0.1481453543019751,11,all,82,1,4,False
D_SCALE_150,D0,9,aiops2022,0.0004999999999999,exp_canvas_composition,exp_canvas_composition:all:aiops2022,1.5112509836864052,False,qwen3.8-27b,100,1.0195847962960192,0.9856345993235353,1.0,0.0021070602751943,9,all,82,3,2,False
D_TOPOLOGY_CENTER,D0,14,aiops2022,-0.0258333333333333,exp_canvas_composition,exp_canvas_composition:all:aiops2022,1.0,False,qwen3.8-27b,100,1.0506543821535217,0.1506349975874342,1.0,-0.0812457386072459,7,all,79,6,4,False
D_AIRY,D0,6,aiops2025,0.0028333333333333,exp_canvas_composition,exp_canvas_composition:all:aiops2025,0.93,False,qwen3.8-27b,100,0.9436635683502292,0.605211051373482,1.0,0.0129859994296582,8,all,86,2,2,False
D_COMPACT,D0,9,aiops2025,0.0025,exp_canvas_composition,exp_canvas_composition:all:aiops2025,1.0,False,qwen3.8-27b,100,1.03302511827315,0.7059522277829187,1.0,0.0092430528477678,11,all,80,4,3,False
D_ENTITY,D0,11,aiops2025,0.0258333333333333,exp_canvas_composition,exp_canvas_composition:all:aiops2025,1.0,False,qwen3.8-27b,100,1.0086991251126372,0.407236648966213,1.0,0.0774172020053013,15,all,74,4,5,False
D_LANDSCAPE,D0,10,aiops2025,0.0208333333333333,exp_canvas_composition,exp_canvas_composition:all:aiops2025,1.0012308126207652,False,qwen3.8-27b,100,1.0567577368458252,0.4181751349894756,1.0,0.0654880508438522,14,all,76,5,5,False
D_ONSET_ORDER,D0,7,aiops2025,0.0358333333333333,exp_canvas_composition,exp_canvas_composition:all:aiops2025,1.0,False,qwen3.8-27b,100,1.0431241069504171,0.236833165783977,1.0,0.128619963288028,12,all,81,2,6,False
D_PORTRAIT,D0,13,aiops2025,-0.0041666666666666,exp_canvas_composition,exp_canvas_composition:all:aiops2025,1.0006746741369164,False,qwen3.8-27b,100,1.0494093454683098,0.7162979050852591,1.0,-0.0135463369123984,11,all,76,5,4,False
D_SCALE_075,D0,9,aiops2025,-0.0083333333333333,exp_canvas_composition,exp_canvas_composition:all:aiops2025,0.8132710733590477,False,qwen3.8-27b,100,1.046827799335727,0.985634931929465,1.0,-0.0289774853375607,9,all,82,5,3,False
D_SCALE_125,D0,4,aiops2025,0.0291666666666666,exp_canvas_composition,exp_canvas_composition:all:aiops2025,1.2350536052754908,False,qwen3.8-27b,100,0.9628878295792695,0.1135961478274963,1.0,0.1178801589835297,10,all,86,2,4,False
D_SCALE_150,D0,6,aiops2025,0.0341666666666666,exp_canvas_composition,exp_canvas_composition:all:aiops2025,1.545547036468474,False,qwen3.8-27b,100,1.0109881951589017,0.0272210865172724,0.5444217303454499,0.1264867741954712,17,all,77,3,5,False
D_TOPOLOGY_CENTER,D0,11,aiops2025,0.0074999999999999,exp_canvas_composition,exp_canvas_composition:all:aiops2025,1.0,False,qwen3.8-27b,100,1.0063576950933912,0.4085196079846434,1.0,0.0242095602471136,16,all,73,6,5,False
D_AIRY,D0,16,re2_ob,-0.0194444444444444,exp_canvas_composition,exp_canvas_composition:all:re2_ob,1.0,False,qwen3.8-27b,90,1.0165684241675506,0.8968946613355263,1.0,-0.0564593285726971,16,all,58,11,6,False
D_COMPACT,D0,14,re2_ob,0.0175925925925926,exp_canvas_composition,exp_canvas_composition:all:re2_ob,1.0,False,qwen3.8-27b,90,1.0354972952947818,0.5839135257854624,1.0,0.0544680961975506,17,all,59,8,10,False
D_ENTITY,D0,17,re2_ob,0.0027777777777777,exp_canvas_composition,exp_canvas_composition:all:re2_ob,1.0,False,qwen3.8-27b,90,1.0066352647127383,0.697406382822986,1.0,0.0076976576348282,20,all,53,8,11,False
D_LANDSCAPE,D0,18,re2_ob,-0.0333333333333333,exp_canvas_composition,exp_canvas_composition:all:re2_ob,1.0032429656697952,False,qwen3.8-27b,90,0.98618185508963,0.6981467720701706,1.0,-0.091319162861576,17,all,55,13,6,False
D_ONSET_ORDER,D0,19,re2_ob,0.0111111111111111,exp_canvas_composition,exp_canvas_composition:all:re2_ob,1.0,False,qwen3.8-27b,90,1.025052636412064,0.4880889001550308,1.0,0.0253899045846325,25,all,46,11,15,False
D_PORTRAIT,D0,26,re2_ob,-0.0675925925925925,exp_canvas_composition,exp_canvas_composition:all:re2_ob,1.0052386368512076,False,qwen3.8-27b,90,0.9666111140860968,0.2645078018663572,1.0,-0.1540981441343267,21,all,43,16,10,False
D_SCALE_075,D0,22,re2_ob,-0.0583333333333333,exp_canvas_composition,exp_canvas_composition:all:re2_ob,0.7697494374445418,False,qwen3.8-27b,90,0.9713273915594708,0.2875722413366968,1.0,-0.1544180498303274,17,all,51,14,7,False
D_SCALE_125,D0,12,re2_ob,0.025,exp_canvas_composition,exp_canvas_composition:all:re2_ob,1.2961077115420685,False,qwen3.8-27b,90,0.9619145689365524,0.763143830610998,1.0,0.0856103051511018,13,all,65,7,6,False
D_SCALE_150,D0,12,re2_ob,0.0324074074074074,exp_canvas_composition,exp_canvas_composition:all:re2_ob,1.674287400419722,False,qwen3.8-27b,90,1.0298227872678285,0.1451822327751385,1.0,0.1038770488001929,21,all,57,7,7,False
D_TOPOLOGY_CENTER,D0,22,re2_ob,-0.0157407407407407,exp_canvas_composition,exp_canvas_composition:all:re2_ob,1.0,False,qwen3.8-27b,90,0.9982719139082116,0.6836180274247988,1.0,-0.037636051930551,19,all,49,11,12,False
D_AIRY,D0,10,re2_tt,-0.0148148148148148,exp_canvas_composition,exp_canvas_composition:all:re2_tt,1.0,False,qwen3.8-27b,90,1.049174099821811,0.7904976204616448,1.0,-0.0503589013870003,9,all,71,3,4,False
D_COMPACT,D0,13,re2_tt,-0.0148148148148148,exp_canvas_composition,exp_canvas_composition:all:re2_tt,1.0,False,qwen3.8-27b,90,1.0242441854310185,0.5608706769605067,1.0,-0.0434030200347778,10,all,67,5,6,False
D_ENTITY,D0,17,re2_tt,0.0388888888888888,exp_canvas_composition,exp_canvas_composition:all:re2_tt,1.0,False,qwen3.8-27b,90,1.0803095562727705,0.1926914520619701,1.0,0.0915525202301038,27,all,46,12,10,False
D_LANDSCAPE,D0,15,re2_tt,-0.0055555555555555,exp_canvas_composition,exp_canvas_composition:all:re2_tt,1.000777940742704,False,qwen3.8-27b,90,1.0917484404294613,0.8996320739705619,1.0,-0.0153645048343945,16,all,59,6,7,False
D_ONSET_ORDER,D0,11,re2_tt,0.0592592592592592,exp_canvas_composition,exp_canvas_composition:all:re2_tt,1.0,False,qwen3.8-27b,90,1.0511658611289372,0.1109091236347938,1.0,0.1478625543017536,20,all,59,5,10,False
D_PORTRAIT,D0,17,re2_tt,0.0444444444444444,exp_canvas_composition,exp_canvas_composition:all:re2_tt,1.0012296556401123,False,qwen3.8-27b,90,1.0223616042157242,0.3832738787309753,1.0,0.0976586118778745,22,all,51,8,15,False
D_SCALE_075,D0,22,re2_tt,-0.0888888888888888,exp_canvas_composition,exp_canvas_composition:all:re2_tt,0.8054061414596138,False,qwen3.8-27b,90,1.0299939690308428,0.0104019100387751,0.1976362907367287,-0.2533525490025592,8,all,60,8,4,False
D_SCALE_125,D0,10,re2_tt,0.0666666666666666,exp_canvas_composition,exp_canvas_composition:all:re2_tt,1.2462633627147777,False,qwen3.8-27b,90,1.0506715253614904,0.101067172927443,1.0,0.2029869545160567,18,all,62,4,11,False
D_SCALE_150,D0,4,re2_tt,0.1277777777777777,exp_canvas_composition,exp_canvas_composition:all:re2_tt,1.5698021182602906,True,qwen3.8-27b,90,1.0543320936037823,0.0009532664575474,0.0190653291509484,0.3615907473766557,20,all,66,2,16,False
D_TOPOLOGY_CENTER,D0,15,re2_tt,-0.0111111111111111,exp_canvas_composition,exp_canvas_composition:all:re2_tt,1.0,False,qwen3.8-27b,90,1.0783330585131563,0.7973259907139857,1.0,-0.0284820927131965,18,all,57,10,8,False
D_AIRY,D0,55,pooled_descriptive,0.0059027777777777,exp_canvas_composition,exp_canvas_composition:all:pooled_descriptive,0.9833333333333332,False,qwen3.8-27b,480,1.023574018597737,0.6346013058141249,1.0,0.0195546000295588,60,all,365,25,27,False
D_COMPACT,D0,59,pooled_descriptive,0.0027083333333333,exp_canvas_composition,exp_canvas_composition:all:pooled_descriptive,1.0,False,qwen3.8-27b,480,1.053669383559917,0.8474300971587343,1.0,0.0088861815345505,61,all,360,27,29,False
D_ENTITY,D0,74,pooled_descriptive,0.0181597222222222,exp_canvas_composition,exp_canvas_composition:all:pooled_descriptive,1.0,False,qwen3.8-27b,480,1.062358444006055,0.1491024055397437,1.0,0.0491450347690046,93,all,313,37,42,False
D_LANDSCAPE,D0,64,pooled_descriptive,0.0103472222222222,exp_canvas_composition,exp_canvas_composition:all:pooled_descriptive,1.0013316843812676,False,qwen3.8-27b,480,1.0685364555660717,0.2757832093400062,1.0,0.0297878461527341,78,all,338,35,34,False
D_ONSET_ORDER,D0,65,pooled_descriptive,0.0230902777777777,exp_canvas_composition,exp_canvas_composition:all:pooled_descriptive,1.0,False,qwen3.8-27b,480,1.0658366644798742,0.1184464664896838,1.0,0.0656447672614404,84,all,331,28,43,False
D_PORTRAIT,D0,92,pooled_descriptive,-0.0217708333333333,exp_canvas_composition,exp_canvas_composition:all:pooled_descriptive,1.0014350528158855,False,qwen3.8-27b,480,1.0543647068693232,0.2791418641945169,1.0,-0.0567801490971511,79,all,309,48,39,False
D_SCALE_075,D0,83,pooled_descriptive,-0.0415625,exp_canvas_composition,exp_canvas_composition:all:pooled_descriptive,0.8096915372118401,False,qwen3.8-27b,480,1.0363109998104938,0.015668344647399,0.2506935143583854,-0.1258977627775555,56,all,341,42,22,False
D_SCALE_125,D0,47,pooled_descriptive,0.0346527777777777,exp_canvas_composition,exp_canvas_composition:all:pooled_descriptive,1.241171196468681,False,qwen3.8-27b,480,1.0341834612637142,0.0429379120387454,0.6426037000990671,0.1212194466367152,67,all,366,19,34,False
D_SCALE_150,D0,47,pooled_descriptive,0.0459374999999999,exp_canvas_composition,exp_canvas_composition:all:pooled_descriptive,1.5562804161236627,False,qwen3.8-27b,480,1.0275208198326231,0.0006836481497022,0.012305666694641,0.1466633173334185,86,all,347,22,41,False
D_TOPOLOGY_CENTER,D0,86,pooled_descriptive,-0.0248263888888888,exp_canvas_composition,exp_canvas_composition:all:pooled_descriptive,1.0,False,qwen3.8-27b,480,1.04527347022001,0.1976528629760967,1.0,-0.0677197338735147,71,all,323,43,34,False
D_AIRY,D0,0,aegislab,0.0,exp_canvas_composition,exp_canvas_composition:selection:aegislab,1.0,False,gemma-4-26b-a4b,30,1.0476894561066603,1.0,1.0,,0,selection,30,0,0,True
D_COMPACT,D0,0,aegislab,0.0,exp_canvas_composition,exp_canvas_composition:selection:aegislab,1.0,False,gemma-4-26b-a4b,30,1.01723058818903,1.0,1.0,,0,selection,30,0,0,True
D_ENTITY,D0,2,aegislab,-0.0333333333333333,exp_canvas_composition,exp_canvas_composition:selection:aegislab,1.0,False,gemma-4-26b-a4b,30,1.011497883288517,0.5637028616507731,1.0,-0.1042181520704228,1,selection,27,2,1,False
D_LANDSCAPE,D0,3,aegislab,-0.0333333333333333,exp_canvas_composition,exp_canvas_composition:selection:aegislab,0.9955636615119424,False,gemma-4-26b-a4b,30,1.0798011715530274,0.6547208460185769,1.0,-0.0805462336142461,2,selection,25,3,2,False
D_ONSET_ORDER,D0,2,aegislab,-0.0333333333333333,exp_canvas_composition,exp_canvas_composition:selection:aegislab,1.0,False,gemma-4-26b-a4b,30,1.0288708338243873,0.5637028616507731,1.0,-0.1042181520704228,1,selection,27,2,1,False
D_PORTRAIT,D0,5,aegislab,-0.1666666666666666,exp_canvas_composition,exp_canvas_composition:selection:aegislab,0.9991370401582902,False,gemma-4-26b-a4b,30,1.0789844967852191,0.0253473186774682,0.506946373549365,-0.4396968652757639,0,selection,25,5,0,False
D_SCALE_075,D0,0,aegislab,0.0666666666666666,exp_canvas_composition,exp_canvas_composition:selection:aegislab,1.0,False,gemma-4-26b-a4b,30,1.0287654802051522,0.1572992070502851,1.0,0.2627691364061217,2,selection,28,0,2,False
D_SCALE_125,D0,1,aegislab,0.0,exp_canvas_composition,exp_canvas_composition:selection:aegislab,1.0,False,gemma-4-26b-a4b,30,0.9865378858075856,1.0,1.0,0.0,1,selection,28,1,1,False
D_SCALE_150,D0,1,aegislab,-0.0333333333333333,exp_canvas_composition,exp_canvas_composition:selection:aegislab,1.0,False,gemma-4-26b-a4b,30,1.0362372431139746,0.3173105078629141,1.0,-0.1825741858350554,0,selection,29,1,0,False
D_TOPOLOGY_CENTER,D0,5,aegislab,-0.1333333333333333,exp_canvas_composition,exp_canvas_composition:selection:aegislab,1.0,False,gemma-4-26b-a4b,30,1.082768407385657,0.1024704348597493,1.0,-0.3070976116635082,1,selection,24,5,1,False
D_AIRY,D0,0,aiops2022,0.0333333333333333,exp_canvas_composition,exp_canvas_composition:selection:aiops2022,1.0,False,gemma-4-26b-a4b,30,1.085389468195075,0.3173105078629141,1.0,0.1825741858350554,1,selection,29,0,1,False
D_COMPACT,D0,0,aiops2022,0.0333333333333333,exp_canvas_composition,exp_canvas_composition:selection:aiops2022,1.0,False,gemma-4-26b-a4b,30,0.9887105991871312,0.3173105078629141,1.0,0.1825741858350553,1,selection,29,0,1,False
D_ENTITY,D0,1,aiops2022,0.0,exp_canvas_composition,exp_canvas_composition:selection:aiops2022,1.0,False,gemma-4-26b-a4b,30,1.075203020300747,1.0,1.0,0.0,1,selection,28,1,1,False
D_LANDSCAPE,D0,2,aiops2022,-0.0333333333333333,exp_canvas_composition,exp_canvas_composition:selection:aiops2022,0.995774529579555,False,gemma-4-26b-a4b,30,1.0425125829385993,0.5637028616507731,1.0,-0.1042181520704228,1,selection,27,2,1,False
D_ONSET_ORDER,D0,1,aiops2022,0.0,exp_canvas_composition,exp_canvas_composition:selection:aiops2022,1.0,False,gemma-4-26b-a4b,30,1.0340363732876172,1.0,1.0,0.0,1,selection,28,1,1,False
D_PORTRAIT,D0,1,aiops2022,0.0,exp_canvas_composition,exp_canvas_composition:selection:aiops2022,0.9995658506565512,False,gemma-4-26b-a4b,30,1.0679679841253062,1.0,1.0,0.0,1,selection,28,1,1,False
D_SCALE_075,D0,0,aiops2022,0.0,exp_canvas_composition,exp_canvas_composition:selection:aiops2022,1.0,False,gemma-4-26b-a4b,30,1.0418278757548889,1.0,1.0,,0,selection,30,0,0,True
D_SCALE_125,D0,0,aiops2022,0.0333333333333333,exp_canvas_composition,exp_canvas_composition:selection:aiops2022,1.0,False,gemma-4-26b-a4b,30,0.9820573863137176,0.3173105078629141,1.0,0.1825741858350553,1,selection,29,0,1,False
D_SCALE_150,D0,0,aiops2022,0.0,exp_canvas_composition,exp_canvas_composition:selection:aiops2022,1.0,False,gemma-4-26b-a4b,30,1.0156157510581314,1.0,1.0,,0,selection,30,0,0,True
D_TOPOLOGY_CENTER,D0,3,aiops2022,-0.1,exp_canvas_composition,exp_canvas_composition:selection:aiops2022,1.0,False,gemma-4-26b-a4b,30,1.0427481352100838,0.0832645166635504,1.0,-0.327730693416725,0,selection,27,3,0,False
D_AIRY,D0,1,aiops2025,0.0333333333333333,exp_canvas_composition,exp_canvas_composition:selection:aiops2025,0.9333333333333332,False,gemma-4-26b-a4b,30,0.8853765795531195,0.5637028616507731,1.0,0.1042181520704228,2,selection,27,1,2,False
D_COMPACT,D0,1,aiops2025,0.0,exp_canvas_composition,exp_canvas_composition:selection:aiops2025,1.0,False,gemma-4-26b-a4b,30,0.9917943295241448,1.0,1.0,0.0,1,selection,28,1,1,False
D_ENTITY,D0,1,aiops2025,0.0333333333333333,exp_canvas_composition,exp_canvas_composition:selection:aiops2025,1.0,False,gemma-4-26b-a4b,30,0.9832737126284188,0.5637028616507731,1.0,0.1042181520704228,2,selection,27,1,2,False
D_LANDSCAPE,D0,3,aiops2025,-0.0333333333333333,exp_canvas_composition,exp_canvas_composition:selection:aiops2025,0.9952547719829962,False,gemma-4-26b-a4b,30,0.9688892281012044,0.6547208460185769,1.0,-0.0805462336142461,2,selection,25,3,2,False
D_ONSET_ORDER,D0,2,aiops2025,-0.0333333333333333,exp_canvas_composition,exp_canvas_composition:selection:aiops2025,1.0,False,gemma-4-26b-a4b,30,1.0305451917374702,0.5637028616507731,1.0,-0.1042181520704228,1,selection,27,2,1,False
D_PORTRAIT,D0,3,aiops2025,-0.1,exp_canvas_composition,exp_canvas_composition:selection:aiops2025,0.9993595831598724,False,gemma-4-26b-a4b,30,0.986343012604054,0.0832645166635504,1.0,-0.327730693416725,0,selection,27,3,0,False
D_SCALE_075,D0,1,aiops2025,-0.0333333333333333,exp_canvas_composition,exp_canvas_composition:selection:aiops2025,1.0,False,gemma-4-26b-a4b,30,1.0117311407073428,0.3173105078629141,1.0,-0.1825741858350553,0,selection,29,1,0,False
D_SCALE_125,D0,1,aiops2025,0.0,exp_canvas_composition,exp_canvas_composition:selection:aiops2025,1.0,False,gemma-4-26b-a4b,30,0.9690985552736024,1.0,1.0,0.0,1,selection,28,1,1,False
D_SCALE_150,D0,0,aiops2025,0.1,exp_canvas_composition,exp_canvas_composition:selection:aiops2025,1.0,False,gemma-4-26b-a4b,30,0.9981141798012584,0.0832645166635504,1.0,0.327730693416725,3,selection,27,0,3,False
D_TOPOLOGY_CENTER,D0,4,aiops2025,-0.0666666666666666,exp_canvas_composition,exp_canvas_composition:selection:aiops2025,1.0,False,gemma-4-26b-a4b,30,0.9661936458200258,0.4142161782425252,1.0,-0.1482217830472193,2,selection,24,4,2,False
D_AIRY,D0,1,pooled_descriptive,0.0222222222222222,exp_canvas_composition,exp_canvas_composition:selection:pooled_descriptive,0.9777777777777776,False,gemma-4-26b-a4b,90,1.006151834618285,0.3173105078629141,1.0,0.1054092553389459,3,selection,86,1,3,False
D_COMPACT,D0,1,pooled_descriptive,0.0111111111111111,exp_canvas_composition,exp_canvas_composition:selection:pooled_descriptive,1.0,False,gemma-4-26b-a4b,90,0.9992451723001016,0.5637028616507731,1.0,0.0606314017089568,2,selection,87,1,2,False
D_ENTITY,D0,4,pooled_descriptive,0.0,exp_canvas_composition,exp_canvas_composition:selection:pooled_descriptive,1.0,False,gemma-4-26b-a4b,90,1.023324872072561,1.0,1.0,0.0,4,selection,82,4,4,False
D_LANDSCAPE,D0,8,pooled_descriptive,-0.0333333333333333,exp_canvas_composition,exp_canvas_composition:selection:pooled_descriptive,0.9955309876914976,False,gemma-4-26b-a4b,90,1.0304009941976102,0.4053805564589423,1.0,-0.0875545849183464,5,selection,77,8,5,False
D_ONSET_ORDER,D0,5,pooled_descriptive,-0.0222222222222222,exp_canvas_composition,exp_canvas_composition:selection:pooled_descriptive,1.0,False,gemma-4-26b-a4b,90,1.0311507996164917,0.4795001221869533,1.0,-0.0743271076548802,3,selection,82,5,3,False
D_PORTRAIT,D0,9,pooled_descriptive,-0.0888888888888888,exp_canvas_composition,exp_canvas_composition:selection:pooled_descriptive,0.9993541579915712,False,gemma-4-26b-a4b,90,1.0444318311715266,0.0114120363860016,0.228240727720033,-0.2751443485636545,1,selection,80,9,1,False
D_SCALE_075,D0,1,pooled_descriptive,0.0111111111111111,exp_canvas_composition,exp_canvas_composition:selection:pooled_descriptive,1.0,False,gemma-4-26b-a4b,90,1.0274414988891278,0.5637028616507731,1.0,0.0606314017089568,2,selection,87,1,2,False
D_SCALE_125,D0,2,pooled_descriptive,0.0111111111111111,exp_canvas_composition,exp_canvas_composition:selection:pooled_descriptive,1.0,False,gemma-4-26b-a4b,90,0.9792312757983016,0.6547208460185769,1.0,0.0469300025814138,3,selection,85,2,3,False
D_SCALE_150,D0,1,pooled_descriptive,0.0222222222222222,exp_canvas_composition,exp_canvas_composition:selection:pooled_descriptive,1.0,False,gemma-4-26b-a4b,90,1.016655724657788,0.3173105078629141,1.0,0.1054092553389459,3,selection,86,1,3,False
D_TOPOLOGY_CENTER,D0,12,pooled_descriptive,-0.1,exp_canvas_composition,exp_canvas_composition:selection:pooled_descriptive,1.0,False,gemma-4-26b-a4b,90,1.0305700628052554,0.0201367515503463,0.3825982794565804,-0.2512380691214739,3,selection,75,12,3,False
D_AIRY,D0,14,aegislab,-0.1285714285714285,exp_canvas_composition,exp_canvas_composition:main_report:aegislab,0.9857142857142858,False,gemma-4-26b-a4b,70,1.022528801523812,0.0389474557420253,0.6621067476144316,-0.2528347801532253,5,main_report,51,14,5,False
D_COMPACT,D0,10,aegislab,-0.0714285714285714,exp_canvas_composition,exp_canvas_composition:main_report:aegislab,1.0,False,gemma-4-26b-a4b,70,1.0216795941847945,0.1967056024589468,1.0,-0.1550542222794655,5,main_report,55,10,5,False
D_ENTITY,D0,13,aegislab,-0.0714285714285714,exp_canvas_composition,exp_canvas_composition:main_report:aegislab,1.0,False,gemma-4-26b-a4b,70,1.0349400855640525,0.2752335240748343,1.0,-0.1305905064531097,8,main_report,49,13,8,False
D_LANDSCAPE,D0,11,aegislab,-0.0714285714285714,exp_canvas_composition,exp_canvas_composition:main_report:aegislab,0.9955712441889376,False,gemma-4-26b-a4b,70,1.05544921375485,0.2252529063606531,1.0,-0.1454395650275875,6,main_report,53,11,6,False
D_ONSET_ORDER,D0,14,aegislab,-0.1142857142857142,exp_canvas_composition,exp_canvas_composition:main_report:aegislab,1.0,False,gemma-4-26b-a4b,70,1.0481737001486089,0.0736382701203027,1.0,-0.2173012793847317,6,main_report,50,14,6,False
D_PORTRAIT,D0,19,aegislab,-0.2428571428571428,exp_canvas_composition,exp_canvas_composition:main_report:aegislab,0.9991452355694168,False,gemma-4-26b-a4b,70,1.0889618752398302,0.0002075015940618,0.0041500318812366,-0.4911334318709064,2,main_report,49,19,2,False
D_SCALE_075,D0,6,aegislab,0.0,exp_canvas_composition,exp_canvas_composition:main_report:aegislab,1.0,False,gemma-4-26b-a4b,70,1.049533731123372,1.0,1.0,0.0,6,main_report,58,6,6,False
D_SCALE_125,D0,4,aegislab,-0.0285714285714285,exp_canvas_composition,exp_canvas_composition:main_report:aegislab,1.0,False,gemma-4-26b-a4b,70,1.038091578555136,0.4142161782425252,1.0,-0.0973551332905562,2,main_report,64,4,2,False
D_SCALE_150,D0,6,aegislab,0.0,exp_canvas_composition,exp_canvas_composition:main_report:aegislab,1.0,False,gemma-4-26b-a4b,70,1.0355719540207986,1.0,1.0,0.0,6,main_report,58,6,6,False
D_TOPOLOGY_CENTER,D0,18,aegislab,-0.1857142857142857,exp_canvas_composition,exp_canvas_composition:main_report:aegislab,1.0,False,gemma-4-26b-a4b,70,1.0988964174037763,0.0067143897855494,0.1275734059254401,-0.3400062397738593,5,main_report,47,18,5,False
D_AIRY,D0,7,aiops2022,-0.0428571428571428,exp_canvas_composition,exp_canvas_composition:main_report:aiops2022,1.0,False,gemma-4-26b-a4b,70,1.0610121507695225,0.3657122962815132,1.0,-0.1079703357045497,4,main_report,59,7,4,False
D_COMPACT,D0,3,aiops2022,0.0428571428571428,exp_canvas_composition,exp_canvas_composition:main_report:aiops2022,1.0,False,gemma-4-26b-a4b,70,1.0043380978242265,0.3173105078629141,1.0,0.1195228609334393,6,main_report,61,3,6,False
D_ENTITY,D0,7,aiops2022,-0.0285714285714285,exp_canvas_composition,exp_canvas_composition:main_report:aiops2022,1.0,False,gemma-4-26b-a4b,70,1.0578440754758591,0.5637028616507731,1.0,-0.0686755873311882,5,main_report,58,7,5,False
D_LANDSCAPE,D0,3,aiops2022,0.0642857142857142,exp_canvas_composition,exp_canvas_composition:main_report:aiops2022,0.995623851520275,False,gemma-4-26b-a4b,70,1.0710910957951096,0.1353850762966144,1.0,0.1691974360652356,8,main_report,59,3,7,False
D_ONSET_ORDER,D0,6,aiops2022,-0.0285714285714285,exp_canvas_composition,exp_canvas_composition:main_report:aiops2022,1.0,False,gemma-4-26b-a4b,70,1.0440133051228655,0.5270892568655381,1.0,-0.0752663578934298,4,main_report,60,6,4,False
D_PORTRAIT,D0,6,aiops2022,-0.0095238095238095,exp_canvas_composition,exp_canvas_composition:main_report:aiops2022,0.9994148614260084,False,gemma-4-26b-a4b,70,1.073564376045652,0.978583656464625,1.0,-0.0237399948618399,6,main_report,58,6,5,False
D_SCALE_075,D0,4,aiops2022,-0.0142857142857142,exp_canvas_composition,exp_canvas_composition:main_report:aiops2022,1.0,False,gemma-4-26b-a4b,70,1.061030673254301,0.7054569861112734,1.0,-0.0448973900734501,3,main_report,63,4,3,False
D_SCALE_125,D0,2,aiops2022,0.0428571428571428,exp_canvas_composition,exp_canvas_composition:main_report:aiops2022,1.0,False,gemma-4-26b-a4b,70,1.0524791633302588,0.2568392579578565,1.0,0.1358076523754035,5,main_report,63,2,5,False
D_SCALE_150,D0,3,aiops2022,-0.0095238095238095,exp_canvas_composition,exp_canvas_composition:main_report:aiops2022,1.0,False,gemma-4-26b-a4b,70,1.0732373014891494,0.9855256680025876,1.0,-0.0350144654846675,3,main_report,64,3,2,False
D_TOPOLOGY_CENTER,D0,9,aiops2022,-0.0714285714285714,exp_canvas_composition,exp_canvas_composition:main_report:aiops2022,1.0,False,gemma-4-26b-a4b,70,1.1240671210886912,0.1655178586974699,1.0,-0.166868320299608,4,main_report,57,9,4,False
D_AIRY,D0,4,aiops2025,0.0,exp_canvas_composition,exp_canvas_composition:main_report:aiops2025,0.9285714285714286,False,gemma-4-26b-a4b,70,0.9198136105954352,1.0,1.0,0.0,4,main_report,62,4,4,False
D_COMPACT,D0,4,aiops2025,0.0,exp_canvas_composition,exp_canvas_composition:main_report:aiops2025,1.0,False,gemma-4-26b-a4b,70,1.024226625082879,1.0,1.0,0.0,4,main_report,62,4,4,False
D_ENTITY,D0,6,aiops2025,0.0142857142857142,exp_canvas_composition,exp_canvas_composition:main_report:aiops2025,1.0,False,gemma-4-26b-a4b,70,0.9924586275968806,0.7815112949987133,1.0,0.0329301405053346,7,main_report,57,6,7,False
D_LANDSCAPE,D0,3,aiops2025,0.0285714285714285,exp_canvas_composition,exp_canvas_composition:main_report:aiops2025,0.9953576464545956,False,gemma-4-26b-a4b,70,0.9583202149663964,0.4795001221869535,1.0,0.0842108643905152,5,main_report,62,3,5,False
D_ONSET_ORDER,D0,4,aiops2025,0.0142857142857142,exp_canvas_composition,exp_canvas_composition:main_report:aiops2025,1.0,False,gemma-4-26b-a4b,70,1.011970655677057,0.7388826803635273,1.0,0.0395867822867584,5,main_report,61,4,5,False
D_PORTRAIT,D0,4,aiops2025,0.0714285714285714,exp_canvas_composition,exp_canvas_composition:main_report:aiops2025,0.9994590818320924,False,gemma-4-26b-a4b,70,1.005318807532409,0.1655178586974699,1.0,0.166868320299608,9,main_report,57,4,9,False
D_SCALE_075,D0,4,aiops2025,0.0142857142857142,exp_canvas_composition,exp_canvas_composition:main_report:aiops2025,1.0,False,gemma-4-26b-a4b,70,0.9926099026832612,0.7388826803635273,1.0,0.0395867822867584,5,main_report,61,4,5,False
D_SCALE_125,D0,3,aiops2025,0.0,exp_canvas_composition,exp_canvas_composition:main_report:aiops2025,1.0,False,gemma-4-26b-a4b,70,1.0119033912965654,1.0,1.0,0.0,3,main_report,64,3,3,False
D_SCALE_150,D0,3,aiops2025,0.0,exp_canvas_composition,exp_canvas_composition:main_report:aiops2025,1.0,False,gemma-4-26b-a4b,70,1.0322988225377745,1.0,1.0,0.0,3,main_report,64,3,3,False
D_TOPOLOGY_CENTER,D0,5,aiops2025,0.0285714285714285,exp_canvas_composition,exp_canvas_composition:main_report:aiops2025,1.0,False,gemma-4-26b-a4b,70,1.0080189551363017,0.5637028616507731,1.0,0.0686755873311882,7,main_report,58,5,7,False
D_AIRY,D0,25,pooled_descriptive,-0.0571428571428571,exp_canvas_composition,exp_canvas_composition:main_report:pooled_descriptive,0.9714285714285714,False,gemma-4-26b-a4b,210,1.0011181876295896,0.051575863620877,0.979941408796663,-0.1352376227751362,13,main_report,172,25,13,False
D_COMPACT,D0,17,pooled_descriptive,-0.0095238095238095,exp_canvas_composition,exp_canvas_composition:main_report:pooled_descriptive,1.0,False,gemma-4-26b-a4b,210,1.0167481056973002,0.7236736098317631,1.0,-0.0243465903022109,15,main_report,178,17,15,False
D_ENTITY,D0,26,pooled_descriptive,-0.0285714285714285,exp_canvas_composition,exp_canvas_composition:main_report:pooled_descriptive,1.0,False,gemma-4-26b-a4b,210,1.0284142628789308,0.3763444934986555,1.0,-0.0610150454209742,20,main_report,164,26,20,False
D_LANDSCAPE,D0,17,pooled_descriptive,0.0071428571428571,exp_canvas_composition,exp_canvas_composition:main_report:pooled_descriptive,0.9955175807212692,False,gemma-4-26b-a4b,210,1.028286841505452,0.7500472144767212,1.0,0.0173952854178903,19,main_report,174,17,18,False
D_ONSET_ORDER,D0,24,pooled_descriptive,-0.0428571428571428,exp_canvas_composition,exp_canvas_composition:main_report:pooled_descriptive,1.0,False,gemma-4-26b-a4b,210,1.034719220316177,0.1495413545846151,1.0,-0.0997062436589397,15,main_report,171,24,15,False
D_PORTRAIT,D0,29,pooled_descriptive,-0.0603174603174603,exp_canvas_composition,exp_canvas_composition:main_report:pooled_descriptive,0.9993397262758392,False,gemma-4-26b-a4b,210,1.0559483529392972,0.0731616179524095,1.0,-0.1309434040656121,17,main_report,164,29,16,False
D_SCALE_075,D0,14,pooled_descriptive,0.0,exp_canvas_composition,exp_canvas_composition:main_report:pooled_descriptive,1.0,False,gemma-4-26b-a4b,210,1.034391435686978,1.0,1.0,0.0,14,main_report,182,14,14,False
D_SCALE_125,D0,9,pooled_descriptive,0.0047619047619047,exp_canvas_composition,exp_canvas_composition:main_report:pooled_descriptive,1.0,False,gemma-4-26b-a4b,210,1.0341580443939868,0.8185458083820434,1.0,0.0157954308839852,10,main_report,191,9,10,False
D_SCALE_150,D0,12,pooled_descriptive,-0.0031746031746031,exp_canvas_composition,exp_canvas_composition:main_report:pooled_descriptive,1.0,False,gemma-4-26b-a4b,210,1.0470360260159075,0.990155073705503,1.0,-0.0095471129949784,12,main_report,186,12,11,False
D_TOPOLOGY_CENTER,D0,32,pooled_descriptive,-0.0761904761904762,exp_canvas_composition,exp_canvas_composition:main_report:pooled_descriptive,1.0,False,gemma-4-26b-a4b,210,1.0769941645429228,0.020921335337794,0.4184267067558806,-0.1610420541299285,16,main_report,162,32,16,False
D_AIRY,D0,14,aegislab,-0.09,exp_canvas_composition,exp_canvas_composition:all:aegislab,0.99,False,gemma-4-26b-a4b,100,1.0300769978986666,0.0389474557420253,0.6621067476144316,-0.2099634775434624,5,all,81,14,5,False
D_COMPACT,D0,10,aegislab,-0.05,exp_canvas_composition,exp_canvas_composition:all:aegislab,1.0,False,gemma-4-26b-a4b,100,1.0203448923860652,0.1967056024589468,1.0,-0.1295363308765118,5,all,85,10,5,False
D_ENTITY,D0,15,aegislab,-0.06,exp_canvas_composition,exp_canvas_composition:all:aegislab,1.0,False,gemma-4-26b-a4b,100,1.027907424881392,0.2206713619198468,1.0,-0.122784942610972,9,all,76,15,9,False
D_LANDSCAPE,D0,14,aegislab,-0.06,exp_canvas_composition,exp_canvas_composition:all:aegislab,0.9955689693858392,False,gemma-4-26b-a4b,100,1.062754801094303,0.2008251226951454,1.0,-0.1283335533841965,8,all,78,14,8,False
D_ONSET_ORDER,D0,16,aegislab,-0.09,exp_canvas_composition,exp_canvas_composition:all:aegislab,1.0,False,gemma-4-26b-a4b,100,1.0423828402513424,0.0605688602026574,0.9691017632425184,-0.1900997105598392,7,all,77,16,7,False
D_PORTRAIT,D0,24,aegislab,-0.22,exp_canvas_composition,exp_canvas_composition:all:aegislab,0.9991427769460788,False,gemma-4-26b-a4b,100,1.085968661703447,1.5992473593247368e-05,0.0003198494718649,-0.4758635568770791,2,all,74,24,2,False
D_SCALE_075,D0,6,aegislab,0.02,exp_canvas_composition,exp_canvas_composition:all:aegislab,1.0,False,gemma-4-26b-a4b,100,1.0433032558479058,0.5929800980174267,1.0,0.0532604564171679,8,all,86,6,8,False
D_SCALE_125,D0,5,aegislab,-0.02,exp_canvas_composition,exp_canvas_composition:all:aegislab,1.0,False,gemma-4-26b-a4b,100,1.0226254707308706,0.4795001221869533,1.0,-0.0705327893384296,3,all,92,5,3,False
D_SCALE_150,D0,7,aegislab,-0.01,exp_canvas_composition,exp_canvas_composition:all:aegislab,1.0,False,gemma-4-26b-a4b,100,1.035771540748751,0.7815112949987133,1.0,-0.0276066062984278,6,all,87,7,6,False
D_TOPOLOGY_CENTER,D0,23,aegislab,-0.17,exp_canvas_composition,exp_canvas_composition:all:aegislab,1.0,False,gemma-4-26b-a4b,100,1.0940580143983407,0.0015949936169505,0.0303048787220598,-0.3310267443528224,6,all,71,23,6,False
D_AIRY,D0,7,aiops2022,-0.02,exp_canvas_composition,exp_canvas_composition:all:aiops2022,1.0,False,gemma-4-26b-a4b,100,1.068325345997188,0.5637028616507731,1.0,-0.0575416091997578,5,all,88,7,5,False
D_COMPACT,D0,3,aiops2022,0.04,exp_canvas_composition,exp_canvas_composition:all:aiops2022,1.0,False,gemma-4-26b-a4b,100,0.999649848233098,0.2059032107320684,1.0,0.1268761639379507,7,all,90,3,7,False
D_ENTITY,D0,8,aiops2022,-0.02,exp_canvas_composition,exp_canvas_composition:all:aiops2022,1.0,False,gemma-4-26b-a4b,100,1.0630517589233257,0.5929800980174267,1.0,-0.0532604564171679,6,all,86,8,6,False
D_LANDSCAPE,D0,5,aiops2022,0.035,exp_canvas_composition,exp_canvas_composition:all:aiops2022,0.9956690549380588,False,gemma-4-26b-a4b,100,1.0625175419381565,0.2916280148165536,1.0,0.0961157652790334,9,all,86,5,8,False
D_ONSET_ORDER,D0,7,aiops2022,-0.02,exp_canvas_composition,exp_canvas_composition:all:aiops2022,1.0,False,gemma-4-26b-a4b,100,1.0410202255722911,0.5637028616507731,1.0,-0.0575416091997578,5,all,88,7,5,False
D_PORTRAIT,D0,7,aiops2022,-0.0066666666666666,exp_canvas_composition,exp_canvas_composition:all:aiops2022,0.9994601581951712,False,gemma-4-26b-a4b,100,1.0718854584695483,0.9840392683975892,1.0,-0.01832230933394,7,all,86,7,6,False
D_SCALE_075,D0,4,aiops2022,-0.01,exp_canvas_composition,exp_canvas_composition:all:aiops2022,1.0,False,gemma-4-26b-a4b,100,1.0552698340044773,0.7054569861112734,1.0,-0.0376338811827259,3,all,93,4,3,False
D_SCALE_125,D0,2,aiops2022,0.04,exp_canvas_composition,exp_canvas_composition:all:aiops2022,1.0,False,gemma-4-26b-a4b,100,1.0313526302252969,0.157299207050285,1.0,0.1421410624438028,6,all,92,2,6,False
D_SCALE_150,D0,3,aiops2022,-0.0066666666666666,exp_canvas_composition,exp_canvas_composition:all:aiops2022,1.0,False,gemma-4-26b-a4b,100,1.0559508363598438,0.9899783067767516,1.0,-0.0293533439143756,3,all,94,3,2,False
D_TOPOLOGY_CENTER,D0,12,aiops2022,-0.08,exp_canvas_composition,exp_canvas_composition:all:aiops2022,1.0,False,gemma-4-26b-a4b,100,1.099671425325109,0.0455002638963583,0.9100052779271678,-0.203100960115899,4,all,84,12,4,False
D_AIRY,D0,5,aiops2025,0.01,exp_canvas_composition,exp_canvas_composition:all:aiops2025,0.93,False,gemma-4-26b-a4b,100,0.9094825012827406,0.763024600552995,1.0,0.0300136456682062,6,all,89,5,6,False
D_COMPACT,D0,5,aiops2025,0.0,exp_canvas_composition,exp_canvas_composition:all:aiops2025,1.0,False,gemma-4-26b-a4b,100,1.014496936415259,1.0,1.0,0.0,5,all,90,5,5,False
D_ENTITY,D0,7,aiops2025,0.02,exp_canvas_composition,exp_canvas_composition:all:aiops2025,1.0,False,gemma-4-26b-a4b,100,0.9897031531063422,0.6170750774519738,1.0,0.0498116754136898,9,all,84,7,9,False
D_LANDSCAPE,D0,6,aiops2025,0.01,exp_canvas_composition,exp_canvas_composition:all:aiops2025,0.9953267841131156,False,gemma-4-26b-a4b,100,0.9614909189068386,0.7815112949987133,1.0,0.0276066062984278,7,all,87,6,7,False
D_ONSET_ORDER,D0,6,aiops2025,0.0,exp_canvas_composition,exp_canvas_composition:all:aiops2025,1.0,False,gemma-4-26b-a4b,100,1.0175430164951806,1.0,1.0,0.0,6,all,88,6,6,False
D_PORTRAIT,D0,7,aiops2025,0.02,exp_canvas_composition,exp_canvas_composition:all:aiops2025,0.9994292322304262,False,gemma-4-26b-a4b,100,0.9996260690539028,0.6170750774519738,1.0,0.0498116754136898,9,all,84,7,9,False
D_SCALE_075,D0,5,aiops2025,0.0,exp_canvas_composition,exp_canvas_composition:all:aiops2025,1.0,False,gemma-4-26b-a4b,100,0.9983462740904858,1.0,1.0,0.0,5,all,90,5,5,False
D_SCALE_125,D0,4,aiops2025,0.0,exp_canvas_composition,exp_canvas_composition:all:aiops2025,1.0,False,gemma-4-26b-a4b,100,0.9990619404896768,1.0,1.0,0.0,4,all,92,4,4,False
D_SCALE_150,D0,3,aiops2025,0.03,exp_canvas_composition,exp_canvas_composition:all:aiops2025,1.0,False,gemma-4-26b-a4b,100,1.0220434297168195,0.3173105078629141,1.0,0.1,6,all,91,3,6,False
D_TOPOLOGY_CENTER,D0,9,aiops2025,0.0,exp_canvas_composition,exp_canvas_composition:all:aiops2025,1.0,False,gemma-4-26b-a4b,100,0.9954713623414188,1.0,1.0,0.0,9,all,82,9,9,False
D_AIRY,D0,15,re2_ob,-0.1111111111111111,exp_canvas_composition,exp_canvas_composition:all:re2_ob,1.0,False,gemma-4-26b-a4b,90,1.0171828672354608,0.0253473186774682,0.4309044175169603,-0.2411844411244698,5,all,70,15,5,False
D_COMPACT,D0,12,re2_ob,-0.0666666666666666,exp_canvas_composition,exp_canvas_composition:all:re2_ob,1.0,False,gemma-4-26b-a4b,90,1.074480078957318,0.1572992070502851,1.0,-0.1499158012844125,6,all,72,12,6,False
D_ENTITY,D0,19,re2_ob,-0.1,exp_canvas_composition,exp_canvas_composition:all:re2_ob,1.0,False,gemma-4-26b-a4b,90,1.0629046921415506,0.0946707198455088,1.0,-0.1779679686482056,10,all,61,19,10,False
D_LANDSCAPE,D0,19,re2_ob,-0.1555555555555555,exp_canvas_composition,exp_canvas_composition:all:re2_ob,0.9931230425037312,False,gemma-4-26b-a4b,90,1.058336883023738,0.0042667248221761,0.0768010467991703,-0.3141456443379863,5,all,66,19,5,False
D_ONSET_ORDER,D0,17,re2_ob,-0.1,exp_canvas_composition,exp_canvas_composition:all:re2_ob,1.0,False,gemma-4-26b-a4b,90,1.031237031385773,0.0718606382258515,1.0,-0.1921703946525397,8,all,65,17,8,False
D_PORTRAIT,D0,30,re2_ob,-0.2333333333333333,exp_canvas_composition,exp_canvas_composition:all:re2_ob,0.9983626291675554,False,gemma-4-26b-a4b,90,1.040437087682748,0.0007718664488286,0.0146654625277445,-0.3769594187558204,9,all,51,30,9,False
D_SCALE_075,D0,9,re2_ob,-0.0444444444444444,exp_canvas_composition,exp_canvas_composition:all:re2_ob,1.0,False,gemma-4-26b-a4b,90,1.0365361469953072,0.2850494074026127,1.0,-0.1127777821776601,5,all,76,9,5,False
D_SCALE_125,D0,8,re2_ob,-0.0222222222222222,exp_canvas_composition,exp_canvas_composition:all:re2_ob,1.0,False,gemma-4-26b-a4b,90,1.0655524668859964,0.5929800980174267,1.0,-0.0561188709047203,6,all,76,8,6,False
D_SCALE_150,D0,5,re2_ob,-0.0111111111111111,exp_canvas_composition,exp_canvas_composition:all:re2_ob,1.0,False,gemma-4-26b-a4b,90,1.035350365878477,0.7388826803635273,1.0,-0.0349622591660447,4,all,81,5,4,False
D_TOPOLOGY_CENTER,D0,32,re2_ob,-0.2888888888888888,exp_canvas_composition,exp_canvas_composition:all:re2_ob,1.0,False,gemma-4-26b-a4b,90,1.0727866163815958,2.4674457294443484e-05,0.0004934891458888,-0.4935771466962877,6,all,52,32,6,False
D_AIRY,D0,10,re2_tt,0.0333333333333333,exp_canvas_composition,exp_canvas_composition:all:re2_tt,1.0,False,gemma-4-26b-a4b,90,1.0309229568050935,0.5316145768816123,1.0,0.0657137131139144,13,all,67,10,13,False
D_COMPACT,D0,9,re2_tt,0.0444444444444444,exp_canvas_composition,exp_canvas_composition:all:re2_tt,1.0,False,gemma-4-26b-a4b,90,1.0441796692058305,0.3937686346429927,1.0,0.0897558983822818,13,all,68,9,13,False
D_ENTITY,D0,21,re2_tt,-0.0777777777777777,exp_canvas_composition,exp_canvas_composition:all:re2_tt,1.0,False,gemma-4-26b-a4b,90,1.0237318794845756,0.2367235706378573,1.0,-0.1250031351500488,14,all,55,21,14,False
D_LANDSCAPE,D0,19,re2_tt,-0.1111111111111111,exp_canvas_composition,exp_canvas_composition:all:re2_tt,0.9949116441549388,False,gemma-4-26b-a4b,90,1.0091765416646412,0.0587817213553588,0.9992892630411008,-0.2021464252140353,9,all,62,19,9,False
D_ONSET_ORDER,D0,16,re2_tt,0.0444444444444444,exp_canvas_composition,exp_canvas_composition:all:re2_tt,1.0,False,gemma-4-26b-a4b,90,1.0185083992148751,0.5049850750938458,1.0,0.0700545299441919,20,all,54,16,20,False
D_PORTRAIT,D0,18,re2_tt,-0.0444444444444444,exp_canvas_composition,exp_canvas_composition:all:re2_tt,0.9991948800647594,False,gemma-4-26b-a4b,90,1.033827268348921,0.4795001221869533,1.0,-0.0743271076548802,14,all,58,18,14,False
D_SCALE_075,D0,9,re2_tt,-0.0111111111111111,exp_canvas_composition,exp_canvas_composition:all:re2_tt,1.0,False,gemma-4-26b-a4b,90,1.0365570935329516,0.8083651559145103,1.0,-0.0254313846067082,8,all,73,9,8,False
D_SCALE_125,D0,5,re2_tt,0.0333333333333333,exp_canvas_composition,exp_canvas_composition:all:re2_tt,1.0,False,gemma-4-26b-a4b,90,1.0467549073381537,0.4053805564589423,1.0,0.0875545849183464,8,all,77,5,8,False
D_SCALE_150,D0,6,re2_tt,0.0555555555555555,exp_canvas_composition,exp_canvas_composition:all:re2_tt,1.0,False,gemma-4-26b-a4b,90,1.0302144977504537,0.2252529063606531,1.0,0.1281667887131893,11,all,73,6,11,False
D_TOPOLOGY_CENTER,D0,24,re2_tt,-0.1555555555555555,exp_canvas_composition,exp_canvas_composition:all:re2_tt,1.0,False,gemma-4-26b-a4b,90,1.0336405281200718,0.0163512215758058,0.2943219883645059,-0.260144876792081,10,all,56,24,10,False
D_AIRY,D0,51,pooled_descriptive,-0.0354166666666666,exp_canvas_composition,exp_canvas_composition:all:pooled_descriptive,0.9833333333333332,False,gemma-4-26b-a4b,480,1.010662518086478,0.0651964190781299,0.8475534480156898,-0.0843741824121239,34,all,395,51,34,False
D_COMPACT,D0,39,pooled_descriptive,-0.00625,exp_canvas_composition,exp_canvas_composition:all:pooled_descriptive,1.0,False,gemma-4-26b-a4b,480,1.0294344688294284,0.729034489538804,1.0,-0.0157968842514807,36,all,405,39,36,False
D_ENTITY,D0,70,pooled_descriptive,-0.0458333333333333,exp_canvas_composition,exp_canvas_composition:all:pooled_descriptive,1.0,False,gemma-4-26b-a4b,480,1.033049010703036,0.0428402466732711,0.6426037000990671,-0.0927409918211819,48,all,362,70,48,False
D_LANDSCAPE,D0,63,pooled_descriptive,-0.053125,exp_canvas_composition,exp_canvas_composition:all:pooled_descriptive,0.9949575055062118,False,gemma-4-26b-a4b,480,1.030734446699758,0.0123493126971464,0.209938315851489,-0.116917318486248,38,all,379,63,37,False
D_ONSET_ORDER,D0,62,pooled_descriptive,-0.0333333333333333,exp_canvas_composition,exp_canvas_composition:all:pooled_descriptive,1.0,False,gemma-4-26b-a4b,480,1.030357702054041,0.1236577104028334,1.0,-0.0703735748209879,46,all,372,62,46,False
D_PORTRAIT,D0,86,pooled_descriptive,-0.0951388888888889,exp_canvas_composition,exp_canvas_composition:all:pooled_descriptive,0.9991320678501584,False,gemma-4-26b-a4b,480,1.0467329395115417,6.04515059847705e-05,0.0011485786137106,-0.1886957140146263,41,all,353,86,40,False
D_SCALE_075,D0,33,pooled_descriptive,-0.0083333333333333,exp_canvas_composition,exp_canvas_composition:all:pooled_descriptive,1.0,False,gemma-4-26b-a4b,480,1.033896516753813,0.6114529869535043,1.0,-0.0231690081930387,29,all,418,33,29,False
D_SCALE_125,D0,24,pooled_descriptive,0.00625,exp_canvas_composition,exp_canvas_composition:all:pooled_descriptive,1.0,False,gemma-4-26b-a4b,480,1.032107641301579,0.6744240722352938,1.0,0.019157663214127,27,all,429,24,27,False
D_SCALE_150,D0,24,pooled_descriptive,0.0111111111111111,exp_canvas_composition,exp_canvas_composition:all:pooled_descriptive,1.0,False,gemma-4-26b-a4b,480,1.0359946216857194,0.418360560840422,1.0,0.0333868136555855,30,all,426,24,29,False
D_TOPOLOGY_CENTER,D0,100,pooled_descriptive,-0.1354166666666666,exp_canvas_composition,exp_canvas_composition:all:pooled_descriptive,1.0,False,gemma-4-26b-a4b,480,1.059371923357577,2.215018051173422e-08,4.430036102346845e-07,-0.2638236856885281,35,all,345,100,35,False
P_BARO_RS__T,P0__T,9,aegislab,-0.1305555555555555,exp_evidence_selection,exp_evidence_selection:selection:aegislab,1.0107514749549895,False,qwen3.8-27b,30,0.9954137863016824,0.0586644089892198,1.0,-0.401583478036743,3,selection,18,4,0,False
P_BARO_RS__V,P0__V,4,aegislab,-0.0833333333333333,exp_evidence_selection,exp_evidence_selection:selection:aegislab,1.0,False,qwen3.8-27b,30,1.0391242022955685,0.3738660969005289,1.0,-0.2483991297480215,2,selection,24,3,0,False
P_COVERAGE__T,P0__T,6,aegislab,0.0444444444444444,exp_evidence_selection,exp_evidence_selection:selection:aegislab,1.011120024578449,False,qwen3.8-27b,30,1.5463119166382353,0.4393287356385196,1.0,0.10435564914249,9,selection,15,3,5,False
P_COVERAGE__V,P0__V,7,aegislab,-0.1388888888888888,exp_evidence_selection,exp_evidence_selection:selection:aegislab,0.8,False,qwen3.8-27b,30,0.8864126069173321,0.1709458391070359,1.0,-0.3220552738704241,3,selection,20,5,0,False
P_DIVERSITY__T,P0__T,5,aegislab,0.0944444444444444,exp_evidence_selection,exp_evidence_selection:selection:aegislab,1.0144852625313905,False,qwen3.8-27b,30,1.098008770973716,0.1499576249006465,1.0,0.2026008768254225,11,selection,14,2,8,False
P_DIVERSITY__V,P0__V,4,aegislab,-0.0777777777777777,exp_evidence_selection,exp_evidence_selection:selection:aegislab,0.8,False,qwen3.8-27b,30,0.8799982086463037,0.3818819495644474,1.0,-0.2261678753655615,2,selection,24,3,0,False
P_LOG_FREQ__T,P0__T,6,aegislab,-0.02,exp_evidence_selection,exp_evidence_selection:selection:aegislab,0.9957198969577278,False,qwen3.8-27b,30,1.1448568310048777,1.0,1.0,-0.060431859600199,6,selection,18,2,3,False
P_LOG_FREQ__V,P0__V,1,aegislab,0.0444444444444444,exp_evidence_selection,exp_evidence_selection:selection:aegislab,0.9,False,qwen3.8-27b,30,0.9476697088631512,0.3260984326464595,1.0,0.13700447634007,3,selection,26,1,2,False
P_RANDOM__T,P0__T,13,aegislab,-0.1833333333333333,exp_evidence_selection,exp_evidence_selection:selection:aegislab,0.9739503613283772,False,qwen3.8-27b,30,1.3369854521760076,0.0646143079652862,1.0,-0.3551510649512644,5,selection,12,6,4,False
P_RANDOM__V,P0__V,11,aegislab,-0.2388888888888888,exp_evidence_selection,exp_evidence_selection:selection:aegislab,0.8333333333333334,False,qwen3.8-27b,30,0.8795709435653775,0.0405922696220935,0.9336222013081508,-0.4618052935827871,4,selection,15,9,0,False
P_SIGMA__T,P0__T,13,aegislab,-0.1388888888888889,exp_evidence_selection,exp_evidence_selection:selection:aegislab,1.0201706142083835,False,qwen3.8-27b,30,1.028280820637585,0.0602886865578316,1.0,-0.371824208195422,5,selection,12,4,1,False
P_SIGMA__V,P0__V,9,aegislab,-0.1777777777777777,exp_evidence_selection,exp_evidence_selection:selection:aegislab,1.0,False,qwen3.8-27b,30,1.126625835412767,0.0808721975734489,1.0,-0.3252694260385725,3,selection,18,8,2,False
P_TRACE_SC__T,P0__T,7,aegislab,-0.0638888888888888,exp_evidence_selection,exp_evidence_selection:selection:aegislab,0.9976487911306068,False,qwen3.8-27b,30,1.0000262451665534,0.1947373107040031,1.0,-0.2544047271129285,3,selection,20,2,2,False
P_TRACE_SC__V,P0__V,3,aegislab,-0.0166666666666666,exp_evidence_selection,exp_evidence_selection:selection:aegislab,1.0,False,qwen3.8-27b,30,1.078309639325674,0.7800324308144103,1.0,-0.047104370594996,4,selection,23,3,1,False
P_BARO_RS__T,P0__T,4,aiops2022,0.025,exp_evidence_selection,exp_evidence_selection:selection:aiops2022,1.069621832829455,False,qwen3.8-27b,30,1.279561277160525,0.7304058508804468,1.0,0.0686195418948383,5,selection,21,1,2,False
P_BARO_RS__V,P0__V,3,aiops2022,-0.0011111111111111,exp_evidence_selection,exp_evidence_selection:selection:aiops2022,1.0,False,qwen3.8-27b,30,1.0827000573928591,0.3438221050692128,1.0,-0.0050550556510871,1,selection,26,0,1,False
P_COVERAGE__T,P0__T,5,aiops2022,0.0166666666666666,exp_evidence_selection,exp_evidence_selection:selection:aiops2022,0.9919682350760692,False,qwen3.8-27b,30,1.082825948209299,0.5441979219942689,1.0,0.0357662360835163,8,selection,17,3,3,False
P_COVERAGE__V,P0__V,4,aiops2022,-0.0011111111111111,exp_evidence_selection,exp_evidence_selection:selection:aiops2022,1.0,False,qwen3.8-27b,30,1.0340129338883255,0.7586877593805723,1.0,-0.0035129913509029,3,selection,23,1,3,False
P_DIVERSITY__T,P0__T,4,aiops2022,-0.0055555555555555,exp_evidence_selection,exp_evidence_selection:selection:aiops2022,1.0042054544093852,False,qwen3.8-27b,30,1.4260417955112197,0.6477092458956186,1.0,-0.0152272831691828,6,selection,20,2,0,False
P_DIVERSITY__V,P0__V,4,aiops2022,-0.04,exp_evidence_selection,exp_evidence_selection:selection:aiops2022,0.9666666666666668,False,qwen3.8-27b,30,1.0139776025619005,0.1750810662376579,1.0,-0.2548838455758466,1,selection,25,0,0,False
P_LOG_FREQ__T,P0__T,0,aiops2022,0.0111111111111111,exp_evidence_selection,exp_evidence_selection:selection:aiops2022,0.9906794660813386,False,qwen3.8-27b,30,1.2727179857238615,0.1572992070502851,1.0,0.2627691364061217,2,selection,28,0,0,False
P_LOG_FREQ__V,P0__V,3,aiops2022,-0.0066666666666666,exp_evidence_selection,exp_evidence_selection:selection:aiops2022,0.9666666666666668,False,qwen3.8-27b,30,0.9695940093735864,0.6782928046479815,1.0,-0.0411573229649944,2,selection,25,0,0,False
P_RANDOM__T,P0__T,6,aiops2022,-0.0722222222222222,exp_evidence_selection,exp_evidence_selection:selection:aiops2022,0.9485658767077958,False,qwen3.8-27b,30,1.0038949487384718,0.4820177031260462,1.0,-0.1803792651064856,4,selection,20,3,2,False
P_RANDOM__V,P0__V,8,aiops2022,-0.0733333333333333,exp_evidence_selection,exp_evidence_selection:selection:aiops2022,0.9666666666666668,False,qwen3.8-27b,30,1.0200933299006882,0.075740893966448,1.0,-0.2184685543715248,2,selection,20,1,1,False
P_SIGMA__T,P0__T,2,aiops2022,-0.0222222222222222,exp_evidence_selection,exp_evidence_selection:selection:aiops2022,1.0774701175103951,False,qwen3.8-27b,30,1.4091104651949389,0.972031297874858,1.0,-0.0915836408331608,2,selection,26,1,1,False
P_SIGMA__V,P0__V,5,aiops2022,-0.04,exp_evidence_selection,exp_evidence_selection:selection:aiops2022,1.0,False,qwen3.8-27b,30,1.062535785104679,0.2823016853039083,1.0,-0.1570642771146821,2,selection,23,1,2,False
P_TRACE_SC__T,P0__T,4,aiops2022,-0.0666666666666666,exp_evidence_selection,exp_evidence_selection:selection:aiops2022,0.994661816092734,False,qwen3.8-27b,30,1.0463172509338607,0.3819342247396494,1.0,-0.2451604106355779,2,selection,24,2,0,False
P_TRACE_SC__V,P0__V,3,aiops2022,0.0238888888888888,exp_evidence_selection,exp_evidence_selection:selection:aiops2022,1.0,False,qwen3.8-27b,30,1.0672766301891974,0.9409433576690986,1.0,0.1059513887490571,3,selection,24,0,1,False
P_BARO_RS__T,P0__T,3,aiops2025,0.0444444444444444,exp_evidence_selection,exp_evidence_selection:selection:aiops2025,1.0335333334527743,False,qwen3.8-27b,30,1.4781207020421845,0.4728793151716151,1.0,0.1510649112201198,5,selection,22,1,3,False
P_BARO_RS__V,P0__V,4,aiops2025,-0.0444444444444444,exp_evidence_selection,exp_evidence_selection:selection:aiops2025,1.0,False,qwen3.8-27b,30,1.132992782422085,0.6549885410060866,1.0,-0.1482217830472193,3,selection,23,2,1,False
P_COVERAGE__T,P0__T,3,aiops2025,0.115,exp_evidence_selection,exp_evidence_selection:selection:aiops2025,1.0018467409924392,False,qwen3.8-27b,30,0.9700513328458954,0.1600211751978517,1.0,0.3473935821343872,7,selection,20,0,4,False
P_COVERAGE__V,P0__V,4,aiops2025,-0.0499999999999999,exp_evidence_selection,exp_evidence_selection:selection:aiops2025,0.9,False,qwen3.8-27b,30,1.0158391318620086,0.873254733046944,1.0,-0.1524510344290461,4,selection,22,2,1,False
P_DIVERSITY__T,P0__T,5,aiops2025,0.0861111111111111,exp_evidence_selection,exp_evidence_selection:selection:aiops2025,1.0118404536747845,False,qwen3.8-27b,30,1.5151015374645989,0.3501247258147502,1.0,0.2486194052516555,7,selection,18,1,6,False
P_DIVERSITY__V,P0__V,6,aiops2025,-0.1,exp_evidence_selection,exp_evidence_selection:selection:aiops2025,0.7666666666666667,False,qwen3.8-27b,30,0.8630191891273459,0.0505229702721515,1.0,-0.3884160810562835,1,selection,23,3,0,False
P_LOG_FREQ__T,P0__T,2,aiops2025,0.0138888888888888,exp_evidence_selection,exp_evidence_selection:selection:aiops2025,0.998679253610031,False,qwen3.8-27b,30,1.008891896682824,0.591046535600346,1.0,0.069211424933041,1,selection,27,0,1,False
P_LOG_FREQ__V,P0__V,2,aiops2025,0.0361111111111111,exp_evidence_selection,exp_evidence_selection:selection:aiops2025,0.9,False,qwen3.8-27b,30,0.9081201429029988,0.4066580906947914,1.0,0.1620509656200591,4,selection,24,0,1,False
P_RANDOM__T,P0__T,5,aiops2025,0.0805555555555555,exp_evidence_selection,exp_evidence_selection:selection:aiops2025,0.9786351677733216,False,qwen3.8-27b,30,1.1878503619376857,0.3256698543774715,1.0,0.1944134287441456,8,selection,17,2,5,False
P_RANDOM__V,P0__V,8,aiops2025,-0.1722222222222222,exp_evidence_selection,exp_evidence_selection:selection:aiops2025,0.3,False,qwen3.8-27b,30,0.3522974371317829,0.0048168373086053,0.1348714446409497,-0.5282544544054304,0,selection,22,3,0,False
P_SIGMA__T,P0__T,5,aiops2025,0.0194444444444444,exp_evidence_selection,exp_evidence_selection:selection:aiops2025,1.0434430951665814,False,qwen3.8-27b,30,1.0216932924010051,0.8282659818148105,1.0,0.0682089231076148,4,selection,21,0,3,False
P_SIGMA__V,P0__V,8,aiops2025,-0.1027777777777777,exp_evidence_selection,exp_evidence_selection:selection:aiops2025,1.0,False,qwen3.8-27b,30,1.1313927455755883,0.113973344298131,1.0,-0.3098844110452906,3,selection,19,4,0,False
P_TRACE_SC__T,P0__T,1,aiops2025,0.0972222222222222,exp_evidence_selection,exp_evidence_selection:selection:aiops2025,1.0005005737815245,False,qwen3.8-27b,30,1.0128763778019512,0.0594138800835875,1.0,0.3329041067383567,6,selection,23,0,3,False
P_TRACE_SC__V,P0__V,0,aiops2025,0.0861111111111111,exp_evidence_selection,exp_evidence_selection:selection:aiops2025,1.0,False,qwen3.8-27b,30,1.0759375831255766,0.0255249916104976,0.6636497818729379,0.3849469921157719,5,selection,25,0,2,False
P_BARO_RS__T,P0__T,16,pooled_descriptive,-0.0203703703703703,exp_evidence_selection,exp_evidence_selection:selection:pooled_descriptive,1.0379688804124068,False,qwen3.8-27b,90,1.2510319218347974,0.5485027616966475,1.0,-0.0608420564519227,13,selection,61,6,5,False
P_BARO_RS__V,P0__V,11,pooled_descriptive,-0.0429629629629629,exp_evidence_selection,exp_evidence_selection:selection:pooled_descriptive,1.0,False,qwen3.8-27b,90,1.0849390140368371,0.211656105485141,1.0,-0.1492592645246464,6,selection,73,5,2,False
P_COVERAGE__T,P0__T,14,pooled_descriptive,0.0587037037037037,exp_evidence_selection,exp_evidence_selection:selection:pooled_descriptive,1.0016450002156525,False,qwen3.8-27b,90,1.199729732564477,0.1027590248038473,1.0,0.1435223092235372,24,selection,52,6,12,False
P_COVERAGE__V,P0__V,15,pooled_descriptive,-0.0633333333333333,exp_evidence_selection,exp_evidence_selection:selection:pooled_descriptive,0.9,False,qwen3.8-27b,90,0.9787548908892224,0.2621726890541884,1.0,-0.1746259019614829,10,selection,65,8,4,False
P_DIVERSITY__T,P0__T,14,pooled_descriptive,0.0583333333333333,exp_evidence_selection,exp_evidence_selection:selection:pooled_descriptive,1.0101770568718536,False,qwen3.8-27b,90,1.346384034649845,0.0890677483770663,1.0,0.1480022507644821,24,selection,52,5,14,False
P_DIVERSITY__V,P0__V,14,pooled_descriptive,-0.0725925925925926,exp_evidence_selection,exp_evidence_selection:selection:pooled_descriptive,0.8444444444444444,False,qwen3.8-27b,90,0.9189983334451832,0.0161820221650844,0.3883685319620258,-0.276799975684909,4,selection,72,6,0,False
P_LOG_FREQ__T,P0__T,8,pooled_descriptive,0.0016666666666666,exp_evidence_selection,exp_evidence_selection:selection:pooled_descriptive,0.9950262055496992,False,qwen3.8-27b,90,1.1421555711371878,0.8132678974530085,1.0,0.0074811396751982,9,selection,73,2,4,False
P_LOG_FREQ__V,P0__V,6,pooled_descriptive,0.0246296296296296,exp_evidence_selection,exp_evidence_selection:selection:pooled_descriptive,0.9222222222222224,False,qwen3.8-27b,90,0.941794620379912,0.4264135974134215,1.0,0.1009487229042367,9,selection,75,1,3,False
P_RANDOM__T,P0__T,24,pooled_descriptive,-0.0583333333333333,exp_evidence_selection,exp_evidence_selection:selection:pooled_descriptive,0.9670504686031648,False,qwen3.8-27b,90,1.1762435876173885,0.2854319145906543,1.0,-0.128261516581785,17,selection,49,11,11,False
P_RANDOM__V,P0__V,27,pooled_descriptive,-0.1614814814814815,exp_evidence_selection,exp_evidence_selection:selection:pooled_descriptive,0.7,False,qwen3.8-27b,90,0.7506539035326163,0.0002594062685344,0.0072633755189633,-0.399703264768914,6,selection,57,13,1,False
P_SIGMA__T,P0__T,20,pooled_descriptive,-0.0472222222222222,exp_evidence_selection,exp_evidence_selection:selection:pooled_descriptive,1.0470279422951203,False,qwen3.8-27b,90,1.1530281927445098,0.1136935429103012,1.0,-0.1526721156169311,11,selection,59,5,5,False
P_SIGMA__V,P0__V,22,pooled_descriptive,-0.1068518518518518,exp_evidence_selection,exp_evidence_selection:selection:pooled_descriptive,1.0,False,qwen3.8-27b,90,1.106851455364345,0.0101785409785666,0.2646420654427339,-0.2692232502046632,8,selection,60,13,4,False
P_TRACE_SC__T,P0__T,12,pooled_descriptive,-0.0111111111111111,exp_evidence_selection,exp_evidence_selection:selection:pooled_descriptive,0.9976037270016218,False,qwen3.8-27b,90,1.0197399579674549,0.7823786054085348,1.0,-0.0396899350223338,11,selection,67,4,5,False
P_TRACE_SC__V,P0__V,6,pooled_descriptive,0.0311111111111111,exp_evidence_selection,exp_evidence_selection:selection:pooled_descriptive,1.0,False,qwen3.8-27b,90,1.0738412842134828,0.1606667730697832,1.0,0.1132478681163908,12,selection,72,3,4,False
P_BARO_RS__T,P0__T,8,aegislab,-0.035,exp_evidence_selection,exp_evidence_selection:main_report:aegislab,1.003302005996462,False,qwen3.8-27b,70,0.9709836832821974,0.8039130579316827,1.0,-0.100745545542462,10,main_report,52,6,4,False
P_BARO_RS__V,P0__V,22,aegislab,-0.1261904761904762,exp_evidence_selection,exp_evidence_selection:main_report:aegislab,1.0,False,qwen3.8-27b,70,1.1062435757723637,0.001732865524297,0.0346573104859414,-0.3248337937799465,5,main_report,43,11,3,False
P_COVERAGE__T,P0__T,17,aegislab,0.0011904761904761,exp_evidence_selection,exp_evidence_selection:main_report:aegislab,1.0047275242354117,False,qwen3.8-27b,70,0.9999732091995917,0.9200155125456972,1.0,0.0023296956543563,18,main_report,35,12,13,False
P_COVERAGE__V,P0__V,23,aegislab,-0.1547619047619047,exp_evidence_selection,exp_evidence_selection:main_report:aegislab,0.8857142857142857,False,qwen3.8-27b,70,0.9303778126330252,0.0014437404289679,0.0303185490083261,-0.4006471377773311,6,main_report,41,11,1,False
P_DIVERSITY__T,P0__T,15,aegislab,0.0173809523809523,exp_evidence_selection,exp_evidence_selection:main_report:aegislab,1.0110002486182506,False,qwen3.8-27b,70,1.0580569542632037,0.5657886265957627,1.0,0.033473406046807,20,main_report,35,12,14,False
P_DIVERSITY__V,P0__V,16,aegislab,-0.0499999999999999,exp_evidence_selection,exp_evidence_selection:main_report:aegislab,0.8857142857142857,False,qwen3.8-27b,70,1.001761447614561,0.1828857081624402,1.0,-0.1461582330974453,9,main_report,45,5,4,False
P_LOG_FREQ__T,P0__T,9,aegislab,-0.0314285714285714,exp_evidence_selection,exp_evidence_selection:main_report:aegislab,0.996488583428102,False,qwen3.8-27b,70,0.9861368452638406,0.7196952567290207,1.0,-0.0984100035758955,8,main_report,53,6,4,False
P_LOG_FREQ__V,P0__V,12,aegislab,-0.0261904761904761,exp_evidence_selection,exp_evidence_selection:main_report:aegislab,0.8714285714285714,False,qwen3.8-27b,70,0.9318812517362484,0.5454866662390407,1.0,-0.0735151560064026,9,main_report,49,5,6,False
P_RANDOM__T,P0__T,32,aegislab,-0.2647619047619047,exp_evidence_selection,exp_evidence_selection:main_report:aegislab,0.9622780488535118,False,qwen3.8-27b,70,0.9906564558459656,0.0001183415703355,0.0028401976880543,-0.5272823773498471,9,main_report,29,19,3,False
P_RANDOM__V,P0__V,34,aegislab,-0.2547619047619048,exp_evidence_selection,exp_evidence_selection:main_report:aegislab,0.9,False,qwen3.8-27b,70,0.9893445066571368,5.874687638158109e-05,0.001486180658252,-0.4944492230412874,7,main_report,29,16,5,False
P_SIGMA__T,P0__T,17,aegislab,-0.1230952380952381,exp_evidence_selection,exp_evidence_selection:main_report:aegislab,1.0239316750160392,False,qwen3.8-27b,70,0.9910733702331684,0.0018246936182934,0.0346691787475763,-0.3539081613252826,3,main_report,50,7,1,False
P_SIGMA__V,P0__V,24,aegislab,-0.1976190476190476,exp_evidence_selection,exp_evidence_selection:main_report:aegislab,1.0,False,qwen3.8-27b,70,1.0661936269316368,0.0001780797577026,0.0040958344271614,-0.4639977648867588,4,main_report,42,13,3,False
P_TRACE_SC__T,P0__T,7,aegislab,0.0416666666666666,exp_evidence_selection,exp_evidence_selection:main_report:aegislab,0.997911083300186,False,qwen3.8-27b,70,0.985890795235728,0.0736694404686618,1.0,0.1280825340188299,17,main_report,46,5,8,False
P_TRACE_SC__V,P0__V,13,aegislab,-0.0095238095238095,exp_evidence_selection,exp_evidence_selection:main_report:aegislab,1.0,False,qwen3.8-27b,70,1.070529973455275,0.6078452104760004,1.0,-0.0262180839475665,10,main_report,47,3,6,False
P_BARO_RS__T,P0__T,9,aiops2022,-0.04,exp_evidence_selection,exp_evidence_selection:main_report:aiops2022,1.0757129741173828,False,qwen3.8-27b,70,1.0679540959798557,0.5283010426907255,1.0,-0.1588994473136283,7,main_report,54,4,1,False
P_BARO_RS__V,P0__V,9,aiops2022,0.0464285714285714,exp_evidence_selection,exp_evidence_selection:main_report:aiops2022,1.0,False,qwen3.8-27b,70,1.0529814417504773,0.4712583811439902,1.0,0.1196026614103137,12,main_report,49,5,6,False
P_COVERAGE__T,P0__T,22,aiops2022,-0.1535714285714285,exp_evidence_selection,exp_evidence_selection:main_report:aiops2022,0.9909298858738708,False,qwen3.8-27b,70,1.248994998899407,0.0040307828305838,0.1048003535951792,-0.367478984517083,7,main_report,41,13,3,False
P_COVERAGE__V,P0__V,14,aiops2022,-0.0821428571428571,exp_evidence_selection,exp_evidence_selection:main_report:aiops2022,0.9428571428571428,False,qwen3.8-27b,70,0.9200740184912533,0.1665718114953541,1.0,-0.200184053896804,8,main_report,48,9,3,False
P_DIVERSITY__T,P0__T,18,aiops2022,-0.0964285714285714,exp_evidence_selection,exp_evidence_selection:main_report:aiops2022,1.001616442696984,False,qwen3.8-27b,70,1.186767544154682,0.0146215228562171,0.3216735028367783,-0.2842738092977108,6,main_report,46,9,2,False
P_DIVERSITY__V,P0__V,7,aiops2022,0.0273809523809523,exp_evidence_selection,exp_evidence_selection:main_report:aiops2022,0.9571428571428572,False,qwen3.8-27b,70,0.9881269546546496,0.2770096566966836,1.0,0.0999648140645222,12,main_report,51,4,2,False
P_LOG_FREQ__T,P0__T,3,aiops2022,-0.0023809523809523,exp_evidence_selection,exp_evidence_selection:main_report:aiops2022,0.9948192346800916,False,qwen3.8-27b,70,1.2081705165061467,0.6643060180721934,1.0,-0.0228433369785747,2,main_report,65,0,1,False
P_LOG_FREQ__V,P0__V,5,aiops2022,0.0207142857142857,exp_evidence_selection,exp_evidence_selection:main_report:aiops2022,0.9571428571428572,False,qwen3.8-27b,70,0.9405649269067464,0.5551883498235346,1.0,0.0705057508062962,7,main_report,58,3,3,False
P_RANDOM__T,P0__T,18,aiops2022,-0.1416666666666666,exp_evidence_selection,exp_evidence_selection:main_report:aiops2022,0.9466142995687484,False,qwen3.8-27b,70,1.5537603638054158,0.0061034194126231,0.1434894866771287,-0.3352053890419035,5,main_report,47,10,3,False
P_RANDOM__V,P0__V,16,aiops2022,-0.1333333333333333,exp_evidence_selection,exp_evidence_selection:main_report:aiops2022,0.9571428571428572,False,qwen3.8-27b,70,0.993732933053412,0.0030979508157804,0.0836446720260713,-0.3344883291854695,3,main_report,51,9,2,False
P_SIGMA__T,P0__T,14,aiops2022,-0.0928571428571428,exp_evidence_selection,exp_evidence_selection:main_report:aiops2022,1.0735245180825304,False,qwen3.8-27b,70,1.1001851263759928,0.0197804751819183,0.4153899788202854,-0.2520004616014741,4,main_report,52,8,3,False
P_SIGMA__V,P0__V,14,aiops2022,-0.1035714285714285,exp_evidence_selection,exp_evidence_selection:main_report:aiops2022,1.0,False,qwen3.8-27b,70,1.0367436504657832,0.0345407593628671,0.6562744278944752,-0.2643803324733492,5,main_report,51,9,2,False
P_TRACE_SC__T,P0__T,4,aiops2022,0.0095238095238095,exp_evidence_selection,exp_evidence_selection:main_report:aiops2022,0.9946897057437444,False,qwen3.8-27b,70,1.078447874963523,0.7238643905253452,1.0,0.067281620574381,5,main_report,61,1,1,False
P_TRACE_SC__V,P0__V,6,aiops2022,0.0238095238095238,exp_evidence_selection,exp_evidence_selection:main_report:aiops2022,1.0,False,qwen3.8-27b,70,1.0992862339003249,0.3402727285548058,1.0,0.0762701742812227,10,main_report,54,3,3,False
P_BARO_RS__T,P0__T,9,aiops2025,0.0078571428571428,exp_evidence_selection,exp_evidence_selection:main_report:aiops2025,1.030249514279074,False,qwen3.8-27b,70,0.9792858309018307,0.9756223409664704,1.0,0.0255922108614456,9,main_report,52,3,4,False
P_BARO_RS__V,P0__V,7,aiops2025,0.013095238095238,exp_evidence_selection,exp_evidence_selection:main_report:aiops2025,1.0,False,qwen3.8-27b,70,1.0840826658929994,0.1925203422286018,1.0,0.0376929776458653,14,main_report,49,5,4,False
P_COVERAGE__T,P0__T,17,aiops2025,-0.0352380952380952,exp_evidence_selection,exp_evidence_selection:main_report:aiops2025,1.00715757390393,False,qwen3.8-27b,70,1.0183220140637903,0.4466481998565003,1.0,-0.0932399454830251,13,main_report,40,5,4,False
P_COVERAGE__V,P0__V,14,aiops2025,-0.094047619047619,exp_evidence_selection,exp_evidence_selection:main_report:aiops2025,0.7428571428571429,False,qwen3.8-27b,70,0.7601588131090814,0.0868668536884893,1.0,-0.2679728331761281,7,main_report,49,8,1,False
P_DIVERSITY__T,P0__T,11,aiops2025,0.0380952380952381,exp_evidence_selection,exp_evidence_selection:main_report:aiops2025,1.006784437606265,False,qwen3.8-27b,70,1.2930336265673412,0.4659055827323338,1.0,0.1085349361824649,14,main_report,45,3,6,False
P_DIVERSITY__V,P0__V,13,aiops2025,-0.0523809523809523,exp_evidence_selection,exp_evidence_selection:main_report:aiops2025,0.8142857142857143,False,qwen3.8-27b,70,0.8036110387651445,0.2617844547811386,1.0,-0.1553009401038981,8,main_report,49,5,1,False
P_LOG_FREQ__T,P0__T,4,aiops2025,0.0138095238095238,exp_evidence_selection,exp_evidence_selection:main_report:aiops2025,0.9995202574684604,False,qwen3.8-27b,70,0.9818203725621042,0.5274571799122276,1.0,0.0727275306374632,6,main_report,60,2,3,False
P_LOG_FREQ__V,P0__V,6,aiops2025,-0.0523809523809523,exp_evidence_selection,exp_evidence_selection:main_report:aiops2025,0.8,False,qwen3.8-27b,70,0.8079174256502805,0.0603788440952175,1.0,-0.1940023947790405,1,main_report,63,4,1,False
P_RANDOM__T,P0__T,15,aiops2025,-0.0123809523809523,exp_evidence_selection,exp_evidence_selection:main_report:aiops2025,0.9776083875701268,False,qwen3.8-27b,70,1.347557820359953,0.9382784053007808,1.0,-0.0295841031857096,16,main_report,39,5,7,False
P_RANDOM__V,P0__V,19,aiops2025,-0.1702380952380952,exp_evidence_selection,exp_evidence_selection:main_report:aiops2025,0.4142857142857143,False,qwen3.8-27b,70,0.4591367134737465,0.0012083005633584,0.033832415774036,-0.4427623166814903,4,main_report,47,10,1,False
P_SIGMA__T,P0__T,9,aiops2025,0.0019047619047619,exp_evidence_selection,exp_evidence_selection:main_report:aiops2025,1.0425436435891882,False,qwen3.8-27b,70,1.017857662075388,0.9786665141779876,1.0,0.0053283399039945,9,main_report,52,4,5,False
P_SIGMA__V,P0__V,10,aiops2025,-0.0059523809523809,exp_evidence_selection,exp_evidence_selection:main_report:aiops2025,1.0,False,qwen3.8-27b,70,0.9897105120722705,0.9794479798260164,1.0,-0.0168179917129,10,main_report,50,5,3,False
P_TRACE_SC__T,P0__T,3,aiops2025,0.0285714285714285,exp_evidence_selection,exp_evidence_selection:main_report:aiops2025,1.0007107789156764,False,qwen3.8-27b,70,1.0318756233954325,0.2097866870464848,1.0,0.1469182914367948,7,main_report,60,1,3,False
P_TRACE_SC__V,P0__V,6,aiops2025,-0.013095238095238,exp_evidence_selection,exp_evidence_selection:main_report:aiops2025,1.0,False,qwen3.8-27b,70,1.095529827026322,0.6682681796357502,1.0,-0.0536816361042739,8,main_report,56,3,1,False
P_BARO_RS__T,P0__T,26,pooled_descriptive,-0.0223809523809523,exp_evidence_selection,exp_evidence_selection:main_report:pooled_descriptive,1.0364214981309727,False,qwen3.8-27b,210,1.0060745367212944,0.8578700638181461,1.0,-0.0736482944346875,26,main_report,158,13,9,False
P_BARO_RS__V,P0__V,38,pooled_descriptive,-0.0222222222222222,exp_evidence_selection,exp_evidence_selection:main_report:pooled_descriptive,1.0,False,qwen3.8-27b,210,1.0811025611386131,0.3999226495438159,1.0,-0.0583507489660719,31,main_report,141,21,13,False
P_COVERAGE__T,P0__T,56,pooled_descriptive,-0.0625396825396825,exp_evidence_selection,exp_evidence_selection:main_report:pooled_descriptive,1.000938328004404,False,qwen3.8-27b,210,1.0890967407209295,0.0541120023295275,0.8657920372724406,-0.1414774563057651,38,main_report,116,30,20,False
P_COVERAGE__V,P0__V,51,pooled_descriptive,-0.1103174603174603,exp_evidence_selection,exp_evidence_selection:main_report:pooled_descriptive,0.8571428571428571,False,qwen3.8-27b,210,0.8702035480777865,0.0001838655097144,0.0040450412137182,-0.2881909160072607,21,main_report,138,28,5,False
P_DIVERSITY__T,P0__T,44,pooled_descriptive,-0.0136507936507936,exp_evidence_selection,exp_evidence_selection:main_report:pooled_descriptive,1.0064670429738332,False,qwen3.8-27b,210,1.1792860416617423,0.6636537005323901,1.0,-0.0329930502940819,40,main_report,126,24,22,False
P_DIVERSITY__V,P0__V,36,pooled_descriptive,-0.025,exp_evidence_selection,exp_evidence_selection:main_report:pooled_descriptive,0.8857142857142857,False,qwen3.8-27b,210,0.931166480344785,0.3615357349708205,1.0,-0.0781469422288642,29,main_report,145,14,7,False
P_LOG_FREQ__T,P0__T,16,pooled_descriptive,-0.0066666666666666,exp_evidence_selection,exp_evidence_selection:main_report:pooled_descriptive,0.9969426918588844,False,qwen3.8-27b,210,1.0587092447773636,0.9572801810414788,1.0,-0.0299601751353676,16,main_report,178,8,8,False
P_LOG_FREQ__V,P0__V,23,pooled_descriptive,-0.0192857142857142,exp_evidence_selection,exp_evidence_selection:main_report:pooled_descriptive,0.8761904761904762,False,qwen3.8-27b,210,0.8934545347644252,0.3499665526224994,1.0,-0.062444653775051,17,main_report,170,12,10,False
P_RANDOM__T,P0__T,65,pooled_descriptive,-0.1396031746031746,exp_evidence_selection,exp_evidence_selection:main_report:pooled_descriptive,0.9621669119974624,False,qwen3.8-27b,210,1.297324880003778,0.0001032180133322,0.0023740143066423,-0.3041339783061667,30,main_report,115,34,13,False
P_RANDOM__V,P0__V,69,pooled_descriptive,-0.1861111111111111,exp_evidence_selection,exp_evidence_selection:main_report:pooled_descriptive,0.7571428571428571,False,qwen3.8-27b,210,0.8140713843947651,1.6816702708777412e-09,4.5405097313699026e-08,-0.4252859453107849,14,main_report,127,35,8,False
P_SIGMA__T,P0__T,40,pooled_descriptive,-0.0713492063492063,exp_evidence_selection,exp_evidence_selection:main_report:pooled_descriptive,1.0466666122292527,False,qwen3.8-27b,210,1.03637205289485,0.001459993609333,0.0291998721866618,-0.1980365463898728,16,main_report,154,19,9,False
P_SIGMA__V,P0__V,48,pooled_descriptive,-0.1023809523809523,exp_evidence_selection,exp_evidence_selection:main_report:pooled_descriptive,1.0,False,qwen3.8-27b,210,1.0308825964898969,0.0003068267344186,0.006443361422792,-0.2575168636515578,19,main_report,143,27,8,False
P_TRACE_SC__T,P0__T,14,pooled_descriptive,0.0265873015873015,exp_evidence_selection,exp_evidence_selection:main_report:pooled_descriptive,0.997770522653202,False,qwen3.8-27b,210,1.0320714311982275,0.0283281381108862,0.5382346241068382,0.1141875182081714,29,main_report,167,7,12,False
P_TRACE_SC__V,P0__V,25,pooled_descriptive,0.0003968253968253,exp_evidence_selection,exp_evidence_selection:main_report:pooled_descriptive,1.0,False,qwen3.8-27b,210,1.0884486781273073,0.7343501721870442,1.0,0.0012830198485675,28,main_report,157,9,10,False
P_BARO_RS__T,P0__T,17,aegislab,-0.0636666666666666,exp_evidence_selection,exp_evidence_selection:all:aegislab,1.0055368466840202,False,qwen3.8-27b,100,0.9783127141880428,0.3357463443268441,1.0,-0.1861179014557357,13,all,70,10,4,False
P_BARO_RS__V,P0__V,26,aegislab,-0.1133333333333333,exp_evidence_selection,exp_evidence_selection:all:aegislab,1.0,False,qwen3.8-27b,100,1.0861077637293246,0.0011350817959723,0.0215665541234746,-0.3044868615652336,7,all,67,14,3,False
P_COVERAGE__T,P0__T,23,aegislab,0.0141666666666666,exp_evidence_selection,exp_evidence_selection:all:aegislab,1.0066452743383227,False,qwen3.8-27b,100,1.1638748214311847,0.6214665601195533,1.0,0.0291910757818082,27,all,50,15,18,False
P_COVERAGE__V,P0__V,30,aegislab,-0.15,exp_evidence_selection,exp_evidence_selection:all:aegislab,0.86,False,qwen3.8-27b,100,0.9171882509183172,0.0005853922349626,0.0117078446992538,-0.3767349247678306,9,all,61,16,1,False
P_DIVERSITY__T,P0__T,20,aegislab,0.0405,exp_evidence_selection,exp_evidence_selection:all:aegislab,1.0120457527921929,False,qwen3.8-27b,100,1.0700424992763573,0.2140899757997179,1.0,0.0805454415552326,31,all,49,14,22,False
P_DIVERSITY__V,P0__V,20,aegislab,-0.0583333333333333,exp_evidence_selection,exp_evidence_selection:all:aegislab,0.86,False,qwen3.8-27b,100,0.9652324759240838,0.1059583181694177,1.0,-0.1709985565117844,11,all,69,8,4,False
P_LOG_FREQ__T,P0__T,15,aegislab,-0.0279999999999999,exp_evidence_selection,exp_evidence_selection:all:aegislab,0.9962579774869896,False,qwen3.8-27b,100,1.0337528409861516,0.7552840923045249,1.0,-0.0871610460101602,14,all,71,8,7,False
P_LOG_FREQ__V,P0__V,13,aegislab,-0.005,exp_evidence_selection,exp_evidence_selection:all:aegislab,0.88,False,qwen3.8-27b,100,0.9366177888743192,0.865067566022253,1.0,-0.0144130457797083,12,all,75,6,8,False
P_RANDOM__T,P0__T,45,aegislab,-0.2403333333333333,exp_evidence_selection,exp_evidence_selection:all:aegislab,0.9657797425959714,False,qwen3.8-27b,100,1.094555154744978,2.1410844246275777e-05,0.0004924494176643,-0.4757520260576977,14,all,41,25,7,False
P_RANDOM__V,P0__V,45,aegislab,-0.25,exp_evidence_selection,exp_evidence_selection:all:aegislab,0.88,False,qwen3.8-27b,100,0.9564124377296088,6.394704185641979e-06,0.000159867604641,-0.4870528177562933,11,all,44,25,5,False
P_SIGMA__T,P0__T,30,aegislab,-0.1278333333333333,exp_evidence_selection,exp_evidence_selection:all:aegislab,1.022803356773743,False,qwen3.8-27b,100,1.0022356053544932,0.0003356947217581,0.0070495891569207,-0.3612183393282937,8,all,62,11,2,False
P_SIGMA__V,P0__V,33,aegislab,-0.1916666666666666,exp_evidence_selection,exp_evidence_selection:all:aegislab,1.0,False,qwen3.8-27b,100,1.0843232894759758,4.674762823962607e-05,0.0010284478212717,-0.4143089637023676,7,all,60,21,5,False
P_TRACE_SC__T,P0__T,14,aegislab,0.01,exp_evidence_selection,exp_evidence_selection:all:aegislab,0.9978323956493124,False,qwen3.8-27b,100,0.9901314302149754,0.4177448278979982,1.0,0.0325134987778352,20,all,66,7,10,False
P_TRACE_SC__V,P0__V,16,aegislab,-0.0116666666666666,exp_evidence_selection,exp_evidence_selection:all:aegislab,1.0,False,qwen3.8-27b,100,1.0728638732163944,0.7194206995724484,1.0,-0.0325267919122144,14,all,70,6,7,False
P_BARO_RS__T,P0__T,13,aiops2022,-0.0204999999999999,exp_evidence_selection,exp_evidence_selection:all:aiops2022,1.0738856317310046,False,qwen3.8-27b,100,1.1314362503340565,0.7648462578186916,1.0,-0.0707552279847483,12,all,75,5,3,False
P_BARO_RS__V,P0__V,12,aiops2022,0.0321666666666666,exp_evidence_selection,exp_evidence_selection:all:aiops2022,1.0,False,qwen3.8-27b,100,1.0618970264431915,0.7528085773181538,1.0,0.0929893384817204,13,all,75,5,7,False
P_COVERAGE__T,P0__T,27,aiops2022,-0.1025,exp_evidence_selection,exp_evidence_selection:all:aiops2022,0.9912413906345304,False,qwen3.8-27b,100,1.1991442836923742,0.0442841773703549,0.9299677247774536,-0.234241830580027,15,all,58,16,6,False
P_COVERAGE__V,P0__V,18,aiops2022,-0.0578333333333333,exp_evidence_selection,exp_evidence_selection:all:aiops2022,0.96,False,qwen3.8-27b,100,0.9542556931103752,0.1776346327449746,1.0,-0.1503053610764897,11,all,71,10,6,False
P_DIVERSITY__T,P0__T,22,aiops2022,-0.0691666666666666,exp_evidence_selection,exp_evidence_selection:all:aiops2022,1.0023931462107043,False,qwen3.8-27b,100,1.2585498195616436,0.0776542715795777,1.0,-0.1988901174717261,12,all,66,11,2,False
P_DIVERSITY__V,P0__V,11,aiops2022,0.0071666666666666,exp_evidence_selection,exp_evidence_selection:all:aiops2022,0.96,False,qwen3.8-27b,100,0.9958821490268248,0.7025367156273779,1.0,0.0291445448077588,13,all,76,4,2,False
P_LOG_FREQ__T,P0__T,3,aiops2022,0.0016666666666666,exp_evidence_selection,exp_evidence_selection:all:aiops2022,0.9935773041004656,False,qwen3.8-27b,100,1.227534757271461,0.7113071200413869,1.0,0.0184796392809618,4,all,93,0,1,False
P_LOG_FREQ__V,P0__V,8,aiops2022,0.0124999999999999,exp_evidence_selection,exp_evidence_selection:all:aiops2022,0.96,False,qwen3.8-27b,100,0.9492736516467984,0.7801917580501747,1.0,0.0479337789876853,9,all,83,3,3,False
P_RANDOM__T,P0__T,24,aiops2022,-0.1208333333333333,exp_evidence_selection,exp_evidence_selection:all:aiops2022,0.9471997727104626,False,qwen3.8-27b,100,1.3888007392853328,0.0072937127071217,0.1823428176780447,-0.2909567339782327,9,all,67,13,5,False
P_RANDOM__V,P0__V,24,aiops2022,-0.1153333333333333,exp_evidence_selection,exp_evidence_selection:all:aiops2022,0.96,False,qwen3.8-27b,100,1.001641052107595,0.0005450325344642,0.0152609109649998,-0.3033873567697695,5,all,71,10,3,False
P_SIGMA__T,P0__T,16,aiops2022,-0.0716666666666666,exp_evidence_selection,exp_evidence_selection:all:aiops2022,1.07470819791089,False,qwen3.8-27b,100,1.1928627280216768,0.0318595826702388,0.7009108187452545,-0.2132542600840343,6,all,78,9,4,False
P_SIGMA__V,P0__V,19,aiops2022,-0.0845,exp_evidence_selection,exp_evidence_selection:all:aiops2022,1.0,False,qwen3.8-27b,100,1.044481290857452,0.0178907590600549,0.4114874583812632,-0.2372812915008294,7,all,74,10,4,False
P_TRACE_SC__T,P0__T,8,aiops2022,-0.0133333333333333,exp_evidence_selection,exp_evidence_selection:all:aiops2022,0.9946813388484412,False,qwen3.8-27b,100,1.0688086877546243,0.7857690030826578,1.0,-0.0694506019735935,7,all,85,3,1,False
P_TRACE_SC__V,P0__V,9,aiops2022,0.0238333333333333,exp_evidence_selection,exp_evidence_selection:all:aiops2022,1.0,False,qwen3.8-27b,100,1.0896833527869867,0.3935698554207827,1.0,0.0828201182090127,13,all,78,3,4,False
P_BARO_RS__T,P0__T,12,aiops2025,0.0188333333333333,exp_evidence_selection,exp_evidence_selection:all:aiops2025,1.0312346600311844,False,qwen3.8-27b,100,1.1289362922439363,0.668051198184272,1.0,0.0623177558292718,14,all,74,4,7,False
P_BARO_RS__V,P0__V,11,aiops2025,-0.0041666666666666,exp_evidence_selection,exp_evidence_selection:all:aiops2025,1.0,False,qwen3.8-27b,100,1.098755700851725,0.3711412239949648,1.0,-0.0124970417701632,17,all,72,7,5,False
P_COVERAGE__T,P0__T,20,aiops2025,0.0098333333333333,exp_evidence_selection,exp_evidence_selection:all:aiops2025,1.005564324030483,False,qwen3.8-27b,100,1.0038408096984217,0.9410813620494036,1.0,0.0266216204669007,20,all,60,5,8,False
P_COVERAGE__V,P0__V,18,aiops2025,-0.0808333333333333,exp_evidence_selection,exp_evidence_selection:all:aiops2025,0.79,False,qwen3.8-27b,100,0.8368629087349594,0.1211561080813683,1.0,-0.23554594039337,11,all,71,10,2,False
P_DIVERSITY__T,P0__T,16,aiops2025,0.0525,exp_evidence_selection,exp_evidence_selection:all:aiops2025,1.0083012424268207,False,qwen3.8-27b,100,1.3596539998365182,0.2730676549621378,1.0,0.1506192364768318,21,all,63,4,12,False
P_DIVERSITY__V,P0__V,19,aiops2025,-0.0666666666666666,exp_evidence_selection,exp_evidence_selection:all:aiops2025,0.8,False,qwen3.8-27b,100,0.8214334838738049,0.0522353854682969,1.0,-0.2116814879336518,9,all,72,8,1,False
P_LOG_FREQ__T,P0__T,6,aiops2025,0.0138333333333333,exp_evidence_selection,exp_evidence_selection:all:aiops2025,0.9992679563109316,False,qwen3.8-27b,100,0.98994182979832,0.7546423581087953,1.0,0.0719889650520759,7,all,87,2,4,False
P_LOG_FREQ__V,P0__V,8,aiops2025,-0.0258333333333333,exp_evidence_selection,exp_evidence_selection:all:aiops2025,0.83,False,qwen3.8-27b,100,0.837978240826096,0.390892309345756,1.0,-0.0997904418321614,5,all,87,4,2,False
P_RANDOM__T,P0__T,20,aiops2025,0.0155,exp_evidence_selection,exp_evidence_selection:all:aiops2025,0.9779164216310856,False,qwen3.8-27b,100,1.2996455828332727,0.5487235618002289,1.0,0.0371377776987547,24,all,56,7,12,False
P_RANDOM__V,P0__V,27,aiops2025,-0.1708333333333333,exp_evidence_selection,exp_evidence_selection:all:aiops2025,0.38,False,qwen3.8-27b,100,0.4270849305711575,2.48723881034866e-05,0.0006964268668976,-0.4663826148477568,4,all,69,13,1,False
P_SIGMA__T,P0__T,14,aiops2025,0.0071666666666666,exp_evidence_selection,exp_evidence_selection:all:aiops2025,1.0428134790624064,False,qwen3.8-27b,100,1.0190083511730732,0.9210037110141792,1.0,0.0213255558133045,13,all,73,4,8,False
P_SIGMA__V,P0__V,18,aiops2025,-0.035,exp_evidence_selection,exp_evidence_selection:all:aiops2025,1.0,False,qwen3.8-27b,100,1.0322151821232657,0.3452696142879164,1.0,-0.1004032599634181,13,all,69,9,3,False
P_TRACE_SC__T,P0__T,4,aiops2025,0.0491666666666666,exp_evidence_selection,exp_evidence_selection:all:aiops2025,1.000647717375431,False,qwen3.8-27b,100,1.0261758497173876,0.029266656176216,0.7609330605816172,0.2149041967342001,13,all,83,1,6,False
P_TRACE_SC__V,P0__V,6,aiops2025,0.0166666666666666,exp_evidence_selection,exp_evidence_selection:all:aiops2025,1.0,False,qwen3.8-27b,100,1.0896521538560986,0.1284623903390787,1.0,0.0690730362540216,13,all,81,3,3,False
P_BARO_RS__T,P0__T,9,re2_ob,-0.024074074074074,exp_evidence_selection,exp_evidence_selection:all:re2_ob,1.0831134241363112,False,qwen3.8-27b,90,1.0562507730472197,0.4013982460508147,1.0,-0.1199210300859048,6,all,75,9,3,False
P_BARO_RS__V,P0__V,15,re2_ob,0.0342592592592592,exp_evidence_selection,exp_evidence_selection:all:re2_ob,1.0,False,qwen3.8-27b,90,1.0007246674761603,0.3561632692282408,1.0,0.0919843882053231,20,all,55,9,14,False
P_COVERAGE__T,P0__T,19,re2_ob,-0.0438888888888888,exp_evidence_selection,exp_evidence_selection:all:re2_ob,0.9744289384716416,False,qwen3.8-27b,90,1.0304133749721118,0.291028340310585,1.0,-0.1164330675756404,13,all,58,17,10,False
P_COVERAGE__V,P0__V,37,re2_ob,-0.2157407407407407,exp_evidence_selection,exp_evidence_selection:all:re2_ob,0.6666666666666666,False,qwen3.8-27b,90,0.7304747994661958,7.718552587187252e-05,0.001775267095053,-0.4882959084313262,12,all,41,20,4,False
P_DIVERSITY__T,P0__T,3,re2_ob,0.049074074074074,exp_evidence_selection,exp_evidence_selection:all:re2_ob,1.005492629369121,False,qwen3.8-27b,90,1.1079584092560044,0.0311640269498355,0.4986244311973691,0.2272241273580371,11,all,76,2,7,False
P_DIVERSITY__V,P0__V,32,re2_ob,-0.1194444444444444,exp_evidence_selection,exp_evidence_selection:all:re2_ob,0.7222222222222222,False,qwen3.8-27b,90,0.6881247262347827,0.0250615345048322,0.4260460865821475,-0.2473686394544274,17,all,41,17,11,False
P_LOG_FREQ__T,P0__T,3,re2_ob,0.0111111111111111,exp_evidence_selection,exp_evidence_selection:all:re2_ob,1.004584708848314,False,qwen3.8-27b,90,1.016804776976434,0.6958616243080993,1.0,0.0657137131139144,4,all,83,2,4,False
P_LOG_FREQ__V,P0__V,31,re2_ob,-0.175,exp_evidence_selection,exp_evidence_selection:all:re2_ob,0.7333333333333333,False,qwen3.8-27b,90,0.7648940513558047,4.486230521135085e-05,0.0011215576302837,-0.4286506711468341,6,all,53,15,3,False
P_RANDOM__T,P0__T,25,re2_ob,-0.1133333333333333,exp_evidence_selection,exp_evidence_selection:all:re2_ob,0.946521031687871,False,qwen3.8-27b,90,1.1582498444443925,0.0083056463612218,0.166112927224437,-0.2945549775906936,10,all,55,20,7,False
P_RANDOM__V,P0__V,38,re2_ob,-0.212037037037037,exp_evidence_selection,exp_evidence_selection:all:re2_ob,0.8666666666666667,False,qwen3.8-27b,90,0.897140747419465,4.113391155559778e-05,0.0010694817004455,-0.4604023253808767,10,all,42,19,6,False
P_SIGMA__T,P0__T,7,re2_ob,-0.0083333333333333,exp_evidence_selection,exp_evidence_selection:all:re2_ob,1.010256659188884,False,qwen3.8-27b,90,1.0198266545295147,0.6762771180618914,1.0,-0.0333955127100361,9,all,74,5,4,False
P_SIGMA__V,P0__V,10,re2_ob,0.0879629629629629,exp_evidence_selection,exp_evidence_selection:all:re2_ob,1.0,False,qwen3.8-27b,90,1.011183120639309,0.0233741236674647,0.4207342260143651,0.2464449636208132,22,all,58,4,18,False
P_TRACE_SC__T,P0__T,5,re2_ob,-0.0166666666666666,exp_evidence_selection,exp_evidence_selection:all:re2_ob,0.9998691120445354,False,qwen3.8-27b,90,1.061858039273578,0.7128134199253906,1.0,-0.1095937782053458,4,all,81,3,1,False
P_TRACE_SC__V,P0__V,13,re2_ob,-0.0212962962962962,exp_evidence_selection,exp_evidence_selection:all:re2_ob,1.0,False,qwen3.8-27b,90,0.9459748095687636,0.8818259216304231,1.0,-0.0658825228576087,13,all,64,10,5,False
P_BARO_RS__T,P0__T,11,re2_tt,-0.0027777777777777,exp_evidence_selection,exp_evidence_selection:all:re2_tt,1.0123730697444953,False,qwen3.8-27b,90,1.0297221610622798,0.5341050881267076,1.0,-0.0105003007081421,8,all,71,5,6,False
P_BARO_RS__V,P0__V,13,re2_tt,0.0648148148148148,exp_evidence_selection,exp_evidence_selection:all:re2_tt,1.0,False,qwen3.8-27b,90,1.0656904848010529,0.1341060565822851,1.0,0.1924574451194221,21,all,56,3,12,False
P_COVERAGE__T,P0__T,11,re2_tt,0.0305555555555555,exp_evidence_selection,exp_evidence_selection:all:re2_tt,0.9408229431987062,False,qwen3.8-27b,90,1.078065653483676,0.4229521327092352,1.0,0.0807093178477845,15,all,64,8,12,False
P_COVERAGE__V,P0__V,28,re2_tt,-0.1314814814814814,exp_evidence_selection,exp_evidence_selection:all:re2_tt,1.0,False,qwen3.8-27b,90,0.9855655534364516,0.0026664025152823,0.0613272578514949,-0.3164846420605395,10,all,52,14,4,False
P_DIVERSITY__T,P0__T,15,re2_tt,-0.0083333333333333,exp_evidence_selection,exp_evidence_selection:all:re2_tt,0.948372261382756,False,qwen3.8-27b,90,1.0601835639247004,0.7474364668501287,1.0,-0.0248944572507708,13,all,62,11,9,False
P_DIVERSITY__V,P0__V,22,re2_tt,-0.0018518518518518,exp_evidence_selection,exp_evidence_selection:all:re2_tt,1.0,False,qwen3.8-27b,90,1.0714794179081824,0.684970992119327,1.0,-0.0044983891448588,18,all,50,9,11,False
P_LOG_FREQ__T,P0__T,0,re2_tt,0.0481481481481481,exp_evidence_selection,exp_evidence_selection:all:re2_tt,0.998578745945584,False,qwen3.8-27b,90,1.1166992789755747,0.0143228283801172,0.3151022243625786,0.2547089300778865,6,all,84,0,6,False
P_LOG_FREQ__V,P0__V,12,re2_tt,-0.0166666666666666,exp_evidence_selection,exp_evidence_selection:all:re2_tt,1.0,False,qwen3.8-27b,90,1.0765526946787256,0.1148289138676144,1.0,-0.0673683958909209,5,all,73,3,5,False
P_RANDOM__T,P0__T,60,re2_tt,-0.5490740740740739,exp_evidence_selection,exp_evidence_selection:all:re2_tt,0.9313970614398034,False,qwen3.8-27b,90,1.0824573720608668,2.422256147557195e-13,6.782317213160147e-12,-1.146824322878121,2,all,28,51,1,False
P_RANDOM__V,P0__V,50,re2_tt,-0.3444444444444444,exp_evidence_selection,exp_evidence_selection:all:re2_tt,1.0,False,qwen3.8-27b,90,1.0536544796440537,1.3115329010395789e-08,3.409985542702905e-07,-0.7247966193535432,7,all,33,24,4,False
P_SIGMA__T,P0__T,13,re2_tt,-0.0546296296296296,exp_evidence_selection,exp_evidence_selection:all:re2_tt,1.0593884960604998,False,qwen3.8-27b,90,1.0848113068084415,0.0299841043053773,0.5996820861075468,-0.2016815431568707,4,all,73,6,2,False
P_SIGMA__V,P0__V,20,re2_tt,-0.0499999999999999,exp_evidence_selection,exp_evidence_selection:all:re2_tt,1.0,False,qwen3.8-27b,90,1.0186131822010724,0.4212752321633455,1.0,-0.1219164101323762,16,all,54,8,8,False
P_TRACE_SC__T,P0__T,5,re2_tt,0.0287037037037037,exp_evidence_selection,exp_evidence_selection:all:re2_tt,1.000532014401832,False,qwen3.8-27b,90,1.0423033403926776,0.5121544196704911,1.0,0.1306792881736297,7,all,78,3,6,False
P_TRACE_SC__V,P0__V,12,re2_tt,-0.0166666666666666,exp_evidence_selection,exp_evidence_selection:all:re2_tt,1.0,False,qwen3.8-27b,90,1.02652370357024,0.6397314899779729,1.0,-0.0589508693578613,10,all,68,6,5,False
P_BARO_RS__T,P0__T,62,pooled_descriptive,-0.0186458333333333,exp_evidence_selection,exp_evidence_selection:all:pooled_descriptive,1.0409572881122782,False,qwen3.8-27b,480,1.065846020305122,0.3364252551092724,1.0,-0.0652444549761461,53,all,365,33,23,False
P_BARO_RS__V,P0__V,77,pooled_descriptive,0.0007986111111111,exp_evidence_selection,exp_evidence_selection:all:pooled_descriptive,1.0,False,qwen3.8-27b,480,1.063861276682028,0.9097487086966886,1.0,0.0022400921504272,78,all,325,38,41,False
P_COVERAGE__T,P0__T,100,pooled_descriptive,-0.0188541666666666,exp_evidence_selection,exp_evidence_selection:all:pooled_descriptive,0.984828683855552,False,qwen3.8-27b,480,1.0967689667567062,0.4432875839474168,1.0,-0.0454720177845084,90,all,290,61,54,False
P_COVERAGE__V,P0__V,131,pooled_descriptive,-0.1252430555555555,exp_evidence_selection,exp_evidence_selection:all:pooled_descriptive,0.85625,False,qwen3.8-27b,480,0.8859881604950073,9.120592383621765e-10,2.188942172069224e-08,-0.3140138155300326,53,all,296,70,17,False
P_DIVERSITY__T,P0__T,76,pooled_descriptive,0.0126041666666666,exp_evidence_selection,exp_evidence_selection:all:pooled_descriptive,0.9960871964805016,False,qwen3.8-27b,480,1.1749112696952404,0.3301293047059429,1.0,0.0344228077509464,88,all,316,42,52,False
P_DIVERSITY__V,P0__V,104,pooled_descriptive,-0.0472916666666666,exp_evidence_selection,exp_evidence_selection:all:pooled_descriptive,0.86875,False,qwen3.8-27b,480,0.9096232996986212,0.0056077151283556,0.0897234420536902,-0.1292162320899514,68,all,308,46,29,False
P_LOG_FREQ__T,P0__T,27,pooled_descriptive,0.0085069444444444,exp_evidence_selection,exp_evidence_selection:all:pooled_descriptive,0.9983229890026863,False,qwen3.8-27b,480,1.0773714746693208,0.3094585439612077,1.0,0.0409367859935277,35,all,418,12,22,False
P_LOG_FREQ__V,P0__V,72,pooled_descriptive,-0.0397569444444444,exp_evidence_selection,exp_evidence_selection:all:pooled_descriptive,0.88125,False,qwen3.8-27b,480,0.912744115162144,0.0009976025768785,0.0189544489606919,-0.1260255385198704,37,all,371,31,21,False
P_RANDOM__T,P0__T,174,pooled_descriptive,-0.1962152777777777,exp_evidence_selection,exp_evidence_selection:all:pooled_descriptive,0.9543796293234222,False,qwen3.8-27b,480,1.2082579107746492,1.3310234158555657e-15,3.327558539638913e-14,-0.409025643791048,59,all,247,116,32,False
P_RANDOM__V,P0__V,184,pooled_descriptive,-0.2160416666666666,exp_evidence_selection,exp_evidence_selection:all:pooled_descriptive,0.8125,False,qwen3.8-27b,480,0.8626779426594849,3.4630992892571443e-23,9.696678009920005e-22,-0.4839185173693093,37,all,259,91,19,False
P_SIGMA__T,P0__T,80,pooled_descriptive,-0.051875,exp_evidence_selection,exp_evidence_selection:all:pooled_descriptive,1.0422928486398926,False,qwen3.8-27b,480,1.064225177031959,0.0002241255226196,0.0044825104523935,-0.1639263036641919,40,all,360,35,20,False
P_SIGMA__V,P0__V,100,pooled_descriptive,-0.0577083333333333,exp_evidence_selection,exp_evidence_selection:all:pooled_descriptive,1.0,False,qwen3.8-27b,480,1.039132590627716,0.0046182568591172,0.0785103666049929,-0.144959340600267,65,all,315,52,38,False
P_TRACE_SC__T,P0__T,36,pooled_descriptive,0.0118055555555555,exp_evidence_selection,exp_evidence_selection:all:pooled_descriptive,0.998650513682274,False,qwen3.8-27b,480,1.0372627519555455,0.1211810258417225,1.0,0.0518314086703073,51,all,393,17,24,False
P_TRACE_SC__V,P0__V,56,pooled_descriptive,-0.0011111111111111,exp_evidence_selection,exp_evidence_selection:all:pooled_descriptive,1.0,False,qwen3.8-27b,480,1.0473850086842882,0.620181864706241,1.0,-0.0036966140272589,63,all,361,28,24,False
P_BARO_RS__T,P0__T,5,aegislab,-0.0833333333333333,exp_evidence_selection,exp_evidence_selection:selection:aegislab,1.0096824589253983,False,gemma-4-26b-a4b,30,1.0222689621101675,0.1127167968496759,1.0,-0.2384591057142486,1,selection,24,4,1,False
P_BARO_RS__V,P0__V,7,aegislab,-0.2333333333333333,exp_evidence_selection,exp_evidence_selection:selection:aegislab,1.0,False,gemma-4-26b-a4b,30,1.0286062397739677,0.0081509715935026,0.2282272046180753,-0.5424047368439225,0,selection,23,7,0,False
P_COVERAGE__T,P0__T,3,aegislab,0.1277777777777777,exp_evidence_selection,exp_evidence_selection:selection:aegislab,1.0092826711713505,False,gemma-4-26b-a4b,30,0.9691361163118876,0.2400500419301432,1.0,0.2880982386990266,6,selection,21,2,5,False
P_COVERAGE__V,P0__V,5,aegislab,-0.0666666666666666,exp_evidence_selection,exp_evidence_selection:selection:aegislab,0.8,False,gemma-4-26b-a4b,30,0.8633605339548408,0.4795001221869533,1.0,-0.128000706212741,3,selection,22,5,3,False
P_DIVERSITY__T,P0__T,2,aegislab,0.1611111111111111,exp_evidence_selection,exp_evidence_selection:selection:aegislab,1.0127773574079153,False,gemma-4-26b-a4b,30,1.000306184385064,0.119562223322881,1.0,0.3981255227821459,6,selection,22,1,5,False
P_DIVERSITY__V,P0__V,3,aegislab,-0.0666666666666666,exp_evidence_selection,exp_evidence_selection:selection:aegislab,0.8,False,gemma-4-26b-a4b,30,0.8373370920203667,0.3173105078629141,1.0,-0.1825741858350553,1,selection,26,3,1,False
P_LOG_FREQ__T,P0__T,0,aegislab,0.05,exp_evidence_selection,exp_evidence_selection:selection:aegislab,0.9955708370464912,False,gemma-4-26b-a4b,30,1.0215904771410993,0.1573588275161886,1.0,0.2483991297480216,2,selection,28,0,2,False
P_LOG_FREQ__V,P0__V,2,aegislab,-0.0666666666666666,exp_evidence_selection,exp_evidence_selection:selection:aegislab,0.9,False,gemma-4-26b-a4b,30,0.9336730301350455,0.1572992070502851,1.0,-0.2627691364061217,0,selection,28,2,0,False
P_RANDOM__T,P0__T,9,aegislab,-0.225,exp_evidence_selection,exp_evidence_selection:selection:aegislab,0.975414119089297,False,gemma-4-26b-a4b,30,0.987417975872022,0.029832729681136,0.7458182420284022,-0.4411516148756271,2,selection,19,8,1,False
P_RANDOM__V,P0__V,11,aegislab,-0.3,exp_evidence_selection,exp_evidence_selection:selection:aegislab,0.8333333333333334,False,gemma-4-26b-a4b,30,0.88927641178488,0.0125549185969665,0.3264278835211302,-0.5033865892655734,2,selection,17,11,2,False
P_SIGMA__T,P0__T,9,aegislab,-0.25,exp_evidence_selection,exp_evidence_selection:selection:aegislab,1.0178730860504863,False,gemma-4-26b-a4b,30,0.944242280114757,0.0119683239798547,0.3231447474560788,-0.4957446034647344,1,selection,20,8,1,False
P_SIGMA__V,P0__V,9,aegislab,-0.2333333333333333,exp_evidence_selection,exp_evidence_selection:selection:aegislab,1.0,False,gemma-4-26b-a4b,30,1.0711257088358863,0.0348084788118671,0.835403491484811,-0.4105662553831135,2,selection,19,9,2,False
P_TRACE_SC__T,P0__T,2,aegislab,-0.05,exp_evidence_selection,exp_evidence_selection:selection:aegislab,0.9976372028879116,False,gemma-4-26b-a4b,30,0.9973256129381236,0.1573588275161886,1.0,-0.2483991297480216,0,selection,28,2,0,False
P_TRACE_SC__V,P0__V,1,aegislab,-0.0333333333333333,exp_evidence_selection,exp_evidence_selection:selection:aegislab,1.0,False,gemma-4-26b-a4b,30,1.0320487153821118,0.3173105078629141,1.0,-0.1825741858350554,0,selection,29,1,0,False
P_BARO_RS__T,P0__T,4,aiops2022,-0.0555555555555555,exp_evidence_selection,exp_evidence_selection:selection:aiops2022,1.063101509902477,False,gemma-4-26b-a4b,30,1.0019137540071097,0.6646418060944013,1.0,-0.1219499687240422,3,selection,23,4,2,False
P_BARO_RS__V,P0__V,2,aiops2022,0.0333333333333333,exp_evidence_selection,exp_evidence_selection:selection:aiops2022,1.0,False,gemma-4-26b-a4b,30,1.0397124706299037,0.6547208460185769,1.0,0.0805462336142461,3,selection,25,2,3,False
P_COVERAGE__T,P0__T,4,aiops2022,-0.05,exp_evidence_selection,exp_evidence_selection:selection:aiops2022,0.9922000727548508,False,gemma-4-26b-a4b,30,0.9880386172020372,0.6646418060944013,1.0,-0.1083553906746642,3,selection,23,4,2,False
P_COVERAGE__V,P0__V,2,aiops2022,0.0,exp_evidence_selection,exp_evidence_selection:selection:aiops2022,1.0,False,gemma-4-26b-a4b,30,1.044850839133716,1.0,1.0,0.0,2,selection,26,2,2,False
P_DIVERSITY__T,P0__T,3,aiops2022,-0.05,exp_evidence_selection,exp_evidence_selection:selection:aiops2022,1.0035457025062653,False,gemma-4-26b-a4b,30,0.9771684006109688,0.620731513967449,1.0,-0.1317773480575392,2,selection,25,3,1,False
P_DIVERSITY__V,P0__V,1,aiops2022,0.0,exp_evidence_selection,exp_evidence_selection:selection:aiops2022,0.9666666666666668,False,gemma-4-26b-a4b,30,0.9829439747667196,1.0,1.0,0.0,1,selection,28,1,1,False
P_LOG_FREQ__T,P0__T,0,aiops2022,0.0444444444444444,exp_evidence_selection,exp_evidence_selection:selection:aiops2022,0.9909763117286794,False,gemma-4-26b-a4b,30,1.0041790434240292,0.1573588275161886,1.0,0.2333668654644732,2,selection,28,0,1,False
P_LOG_FREQ__V,P0__V,0,aiops2022,0.0,exp_evidence_selection,exp_evidence_selection:selection:aiops2022,0.9666666666666668,False,gemma-4-26b-a4b,30,0.9942106814882062,1.0,1.0,,0,selection,30,0,0,True
P_RANDOM__T,P0__T,5,aiops2022,-0.0333333333333333,exp_evidence_selection,exp_evidence_selection:selection:aiops2022,0.9526049348922068,False,gemma-4-26b-a4b,30,0.9701588342771298,0.7388826803635273,1.0,-0.0599462791310725,4,selection,21,5,4,False
P_RANDOM__V,P0__V,2,aiops2022,0.0,exp_evidence_selection,exp_evidence_selection:selection:aiops2022,0.9666666666666668,False,gemma-4-26b-a4b,30,1.0002820788549982,1.0,1.0,0.0,2,selection,26,2,2,False
P_SIGMA__T,P0__T,6,aiops2022,-0.1666666666666666,exp_evidence_selection,exp_evidence_selection:selection:aiops2022,1.0704400142282278,False,gemma-4-26b-a4b,30,0.970576466309021,0.0587817213553588,1.0,-0.3614285968633785,1,selection,23,6,1,False
P_SIGMA__V,P0__V,2,aiops2022,0.0,exp_evidence_selection,exp_evidence_selection:selection:aiops2022,1.0,False,gemma-4-26b-a4b,30,1.060748138776315,1.0,1.0,0.0,2,selection,26,2,2,False
P_TRACE_SC__T,P0__T,0,aiops2022,0.0333333333333333,exp_evidence_selection,exp_evidence_selection:selection:aiops2022,0.995161699558786,False,gemma-4-26b-a4b,30,1.031722341777018,0.3173105078629141,1.0,0.1825741858350554,1,selection,29,0,1,False
P_TRACE_SC__V,P0__V,0,aiops2022,0.0,exp_evidence_selection,exp_evidence_selection:selection:aiops2022,1.0,False,gemma-4-26b-a4b,30,1.065697035406027,1.0,1.0,,0,selection,30,0,0,True
P_BARO_RS__T,P0__T,5,aiops2025,-0.0277777777777777,exp_evidence_selection,exp_evidence_selection:selection:aiops2025,1.0297112850465258,False,gemma-4-26b-a4b,30,1.05635437431781,0.3080319857294542,1.0,-0.0747507096518083,2,selection,23,3,2,False
P_BARO_RS__V,P0__V,3,aiops2025,0.0333333333333333,exp_evidence_selection,exp_evidence_selection:selection:aiops2025,1.0,False,gemma-4-26b-a4b,30,0.9638727580003646,0.7054569861112734,1.0,0.068008818266762,4,selection,23,3,4,False
P_COVERAGE__T,P0__T,2,aiops2025,0.0,exp_evidence_selection,exp_evidence_selection:selection:aiops2025,1.0018252526569946,False,gemma-4-26b-a4b,30,1.0117852066752386,1.0,1.0,0.0,2,selection,26,1,1,False
P_COVERAGE__V,P0__V,5,aiops2025,-0.0666666666666666,exp_evidence_selection,exp_evidence_selection:selection:aiops2025,0.9,False,gemma-4-26b-a4b,30,0.8717480133622278,0.4795001221869533,1.0,-0.128000706212741,3,selection,22,5,3,False
P_DIVERSITY__T,P0__T,2,aiops2025,0.0555555555555555,exp_evidence_selection,exp_evidence_selection:selection:aiops2025,1.0106152792845915,False,gemma-4-26b-a4b,30,1.0523211817788158,0.620731513967449,1.0,0.1492428406967381,3,selection,25,1,3,False
P_DIVERSITY__V,P0__V,4,aiops2025,-0.1,exp_evidence_selection,exp_evidence_selection:selection:aiops2025,0.7666666666666667,False,gemma-4-26b-a4b,30,0.7863768570691813,0.1797124948789997,1.0,-0.2483991297480215,1,selection,25,4,1,False
P_LOG_FREQ__T,P0__T,4,aiops2025,-0.0444444444444444,exp_evidence_selection,exp_evidence_selection:selection:aiops2025,0.9984677129653292,False,gemma-4-26b-a4b,30,1.040033978647925,0.1962731940368161,1.0,-0.1498265405704643,1,selection,25,2,1,False
P_LOG_FREQ__V,P0__V,2,aiops2025,-0.0333333333333333,exp_evidence_selection,exp_evidence_selection:selection:aiops2025,0.9,False,gemma-4-26b-a4b,30,0.88675926642131,0.5637028616507731,1.0,-0.1042181520704228,1,selection,27,2,1,False
P_RANDOM__T,P0__T,4,aiops2025,0.0388888888888888,exp_evidence_selection,exp_evidence_selection:selection:aiops2025,0.9812928068601648,False,gemma-4-26b-a4b,30,1.0155260176617624,0.7016403679534656,1.0,0.0868404399292829,5,selection,21,3,4,False
P_RANDOM__V,P0__V,6,aiops2025,-0.2,exp_evidence_selection,exp_evidence_selection:selection:aiops2025,0.3,False,gemma-4-26b-a4b,30,0.2690407870200267,0.0143058784354296,0.3862587177566005,-0.4915960401250875,0,selection,24,6,0,False
P_SIGMA__T,P0__T,3,aiops2025,0.0677777777777777,exp_evidence_selection,exp_evidence_selection:selection:aiops2025,1.03856425280708,False,gemma-4-26b-a4b,30,0.9678981373243924,0.3132444304918308,1.0,0.1618522363286383,6,selection,21,2,4,False
P_SIGMA__V,P0__V,7,aiops2025,-0.1666666666666666,exp_evidence_selection,exp_evidence_selection:selection:aiops2025,1.0,False,gemma-4-26b-a4b,30,1.0182792593357168,0.0955807045456294,1.0,-0.3140691894826884,2,selection,21,7,2,False
P_TRACE_SC__T,P0__T,1,aiops2025,0.0555555555555555,exp_evidence_selection,exp_evidence_selection:selection:aiops2025,1.0005448500066074,False,gemma-4-26b-a4b,30,1.0574476950640903,0.2928438874192736,1.0,0.242781979213644,3,selection,26,0,1,False
P_TRACE_SC__V,P0__V,0,aiops2025,0.1,exp_evidence_selection,exp_evidence_selection:selection:aiops2025,1.0,False,gemma-4-26b-a4b,30,1.0030062896295333,0.0832645166635504,1.0,0.327730693416725,3,selection,27,0,3,False
P_BARO_RS__T,P0__T,14,pooled_descriptive,-0.0555555555555555,exp_evidence_selection,exp_evidence_selection:selection:pooled_descriptive,1.0341650846248,False,gemma-4-26b-a4b,90,1.026845696811696,0.0856597045507807,1.0,-0.1420612751445361,6,selection,70,11,5,False
P_BARO_RS__V,P0__V,12,pooled_descriptive,-0.0555555555555555,exp_evidence_selection,exp_evidence_selection:selection:pooled_descriptive,1.0,False,gemma-4-26b-a4b,90,1.0107304894680789,0.2513491088102226,1.0,-0.1211277919044396,7,selection,71,12,7,False
P_COVERAGE__T,P0__T,9,pooled_descriptive,0.0259259259259259,exp_evidence_selection,exp_evidence_selection:selection:pooled_descriptive,1.001102665527732,False,gemma-4-26b-a4b,90,0.9896533133963878,0.6275282860244226,1.0,0.0639972130048047,11,selection,70,7,8,False
P_COVERAGE__V,P0__V,12,pooled_descriptive,-0.0444444444444444,exp_evidence_selection,exp_evidence_selection:selection:pooled_descriptive,0.9,False,gemma-4-26b-a4b,90,0.9266531288169282,0.3710933695226975,1.0,-0.0941751487641161,8,selection,70,12,8,False
P_DIVERSITY__T,P0__T,7,pooled_descriptive,0.0555555555555555,exp_evidence_selection,exp_evidence_selection:selection:pooled_descriptive,1.0089794463995907,False,gemma-4-26b-a4b,90,1.0099319222582828,0.3134255514784227,1.0,0.1420612751445361,11,selection,72,5,9,False
P_DIVERSITY__V,P0__V,8,pooled_descriptive,-0.0555555555555555,exp_evidence_selection,exp_evidence_selection:selection:pooled_descriptive,0.8444444444444444,False,gemma-4-26b-a4b,90,0.8688859746187559,0.1316680160228142,1.0,-0.1600589989092662,3,selection,79,8,3,False
P_LOG_FREQ__T,P0__T,4,pooled_descriptive,0.0166666666666666,exp_evidence_selection,exp_evidence_selection:selection:pooled_descriptive,0.9950049539135,False,gemma-4-26b-a4b,90,1.021934499737685,0.7215046335299791,1.0,0.0706908239337572,5,selection,81,2,4,False
P_LOG_FREQ__V,P0__V,4,pooled_descriptive,-0.0333333333333333,exp_evidence_selection,exp_evidence_selection:selection:pooled_descriptive,0.9222222222222224,False,gemma-4-26b-a4b,90,0.938214326014854,0.1797124948789997,1.0,-0.1420612751445361,1,selection,85,4,1,False
P_RANDOM__T,P0__T,18,pooled_descriptive,-0.0731481481481481,exp_evidence_selection,exp_evidence_selection:selection:pooled_descriptive,0.9697706202805564,False,gemma-4-26b-a4b,90,0.9910342759369716,0.1868888139327745,1.0,-0.1425281087184225,11,selection,61,16,9,False
P_RANDOM__V,P0__V,19,pooled_descriptive,-0.1666666666666666,exp_evidence_selection,exp_evidence_selection:selection:pooled_descriptive,0.7,False,gemma-4-26b-a4b,90,0.7195330925533016,0.0017617019214338,0.0475659518787127,-0.3472696444581064,4,selection,67,19,4,False
P_SIGMA__T,P0__T,18,pooled_descriptive,-0.1162962962962963,exp_evidence_selection,exp_evidence_selection:selection:pooled_descriptive,1.042292451028598,False,gemma-4-26b-a4b,90,0.9609056279160564,0.0411507162960079,0.9464664748081822,-0.2437715306524368,8,selection,64,16,6,False
P_SIGMA__V,P0__V,18,pooled_descriptive,-0.1333333333333333,exp_evidence_selection,exp_evidence_selection:selection:pooled_descriptive,1.0,False,gemma-4-26b-a4b,90,1.050051035649306,0.0143058784354296,0.3576469608857405,-0.2657723097595396,6,selection,66,18,6,False
P_TRACE_SC__T,P0__T,3,pooled_descriptive,0.0129629629629629,exp_evidence_selection,exp_evidence_selection:selection:pooled_descriptive,0.9977812508177684,False,gemma-4-26b-a4b,90,1.028831883259744,0.6926564474022938,1.0,0.0623584541507657,4,selection,83,2,2,False
P_TRACE_SC__V,P0__V,1,pooled_descriptive,0.0222222222222222,exp_evidence_selection,exp_evidence_selection:selection:pooled_descriptive,1.0,False,gemma-4-26b-a4b,90,1.0335840134725576,0.3173105078629141,1.0,0.1054092553389459,3,selection,86,1,3,False
P_BARO_RS__T,P0__T,12,aegislab,-0.0738095238095238,exp_evidence_selection,exp_evidence_selection:main_report:aegislab,1.0030650261015903,False,gemma-4-26b-a4b,70,1.040613657231379,0.3193909707900788,1.0,-0.1505228141249293,8,main_report,50,12,7,False
P_BARO_RS__V,P0__V,20,aegislab,-0.1714285714285714,exp_evidence_selection,exp_evidence_selection:main_report:aegislab,1.0,False,gemma-4-26b-a4b,70,1.059210519736267,0.0233422020128908,0.4201596362320347,-0.2795753320092693,8,main_report,42,20,8,False
P_COVERAGE__T,P0__T,10,aegislab,0.0238095238095238,exp_evidence_selection,exp_evidence_selection:main_report:aegislab,1.0035707290194649,False,gemma-4-26b-a4b,70,1.021677690812442,0.6812090313670144,1.0,0.0464528621432627,12,main_report,48,9,11,False
P_COVERAGE__V,P0__V,16,aegislab,-0.1428571428571428,exp_evidence_selection,exp_evidence_selection:main_report:aegislab,0.8857142857142857,False,gemma-4-26b-a4b,70,0.9202549439137028,0.0330062576612325,0.5611063802409527,-0.2616340592361418,6,main_report,48,16,6,False
P_DIVERSITY__T,P0__T,10,aegislab,0.0202380952380952,exp_evidence_selection,exp_evidence_selection:main_report:aegislab,1.0096350983063946,False,gemma-4-26b-a4b,70,1.0277642649568282,0.9295248680105928,1.0,0.0431976772478905,10,main_report,50,8,9,False
P_DIVERSITY__V,P0__V,8,aegislab,0.0,exp_evidence_selection,exp_evidence_selection:main_report:aegislab,0.8857142857142857,False,gemma-4-26b-a4b,70,0.8868094990608365,1.0,1.0,0.0,8,main_report,54,8,8,False
P_LOG_FREQ__T,P0__T,4,aegislab,0.0095238095238095,exp_evidence_selection,exp_evidence_selection:main_report:aegislab,0.9964851508667092,False,gemma-4-26b-a4b,70,1.0303279734298647,0.7428306695501945,1.0,0.0307826966897116,5,main_report,61,3,5,False
P_LOG_FREQ__V,P0__V,6,aegislab,-0.0357142857142857,exp_evidence_selection,exp_evidence_selection:main_report:aegislab,0.8714285714285714,False,gemma-4-26b-a4b,70,0.8933309424256007,0.5084522642448014,1.0,-0.0980170990828379,4,main_report,60,6,3,False
P_RANDOM__T,P0__T,30,aegislab,-0.3309523809523809,exp_evidence_selection,exp_evidence_selection:main_report:aegislab,0.9646909396958406,False,gemma-4-26b-a4b,70,0.9868970535347829,5.716079454815606e-05,0.001486180658252,-0.5501294700006724,6,main_report,34,27,5,False
P_RANDOM__V,P0__V,33,aegislab,-0.4285714285714285,exp_evidence_selection,exp_evidence_selection:main_report:aegislab,0.9,False,gemma-4-26b-a4b,70,0.9570503083393216,5.733031437583866e-07,1.6052488025234822e-05,-0.7400128699009548,3,main_report,34,33,3,False
P_SIGMA__T,P0__T,27,aegislab,-0.2666666666666666,exp_evidence_selection,exp_evidence_selection:main_report:aegislab,1.0211449178331995,False,gemma-4-26b-a4b,70,1.0053073173888878,0.0003701096497733,0.0081424122950129,-0.4453017725234014,6,main_report,37,23,6,False
P_SIGMA__V,P0__V,29,aegislab,-0.3428571428571428,exp_evidence_selection,exp_evidence_selection:main_report:aegislab,1.0,False,gemma-4-26b-a4b,70,1.025660496954665,3.855610715620348e-05,0.0010410148932174,-0.5610072845032928,5,main_report,36,29,5,False
P_TRACE_SC__T,P0__T,4,aegislab,0.0476190476190476,exp_evidence_selection,exp_evidence_selection:main_report:aegislab,0.9979066982680344,False,gemma-4-26b-a4b,70,1.033520554989097,0.3444275868286238,1.0,0.1407599107582448,7,main_report,59,3,7,False
P_TRACE_SC__V,P0__V,10,aegislab,-0.0714285714285714,exp_evidence_selection,exp_evidence_selection:main_report:aegislab,1.0,False,gemma-4-26b-a4b,70,1.051987698591838,0.1967056024589468,1.0,-0.1550542222794655,5,main_report,55,10,5,False
P_BARO_RS__T,P0__T,9,aiops2022,0.0119047619047619,exp_evidence_selection,exp_evidence_selection:main_report:aiops2022,1.068133169560389,False,gemma-4-26b-a4b,70,0.986549225372905,0.7037839738075404,1.0,0.0230841101420435,11,main_report,50,9,9,False
P_BARO_RS__V,P0__V,4,aiops2022,0.0857142857142857,exp_evidence_selection,exp_evidence_selection:main_report:aiops2022,1.0,False,gemma-4-26b-a4b,70,1.1141085820948131,0.1088094300405456,1.0,0.1938834676589961,10,main_report,56,4,10,False
P_COVERAGE__T,P0__T,13,aiops2022,-0.0357142857142857,exp_evidence_selection,exp_evidence_selection:main_report:aiops2022,0.9915901314264176,False,gemma-4-26b-a4b,70,1.0372905063184803,0.448849987678159,1.0,-0.068880961755845,9,main_report,48,13,9,False
P_COVERAGE__V,P0__V,8,aiops2022,-0.0142857142857142,exp_evidence_selection,exp_evidence_selection:main_report:aiops2022,0.9428571428571428,False,gemma-4-26b-a4b,70,0.9755442636618668,0.7962534147376392,1.0,-0.0306540443404674,7,main_report,55,8,7,False
P_DIVERSITY__T,P0__T,10,aiops2022,0.0285714285714285,exp_evidence_selection,exp_evidence_selection:main_report:aiops2022,1.0011833555045626,False,gemma-4-26b-a4b,70,1.0663367693957544,0.6602218818575702,1.0,0.0549340452061126,12,main_report,48,9,10,False
P_DIVERSITY__V,P0__V,9,aiops2022,0.0,exp_evidence_selection,exp_evidence_selection:main_report:aiops2022,0.9571428571428572,False,gemma-4-26b-a4b,70,1.020559703804768,1.0,1.0,0.0,9,main_report,52,9,9,False
P_LOG_FREQ__T,P0__T,2,aiops2022,-0.0083333333333333,exp_evidence_selection,exp_evidence_selection:main_report:aiops2022,0.9948228408490538,False,gemma-4-26b-a4b,70,1.0068733182292575,0.988354014936734,1.0,-0.0581152836762366,2,main_report,66,1,0,False
P_LOG_FREQ__V,P0__V,5,aiops2022,-0.0428571428571428,exp_evidence_selection,exp_evidence_selection:main_report:aiops2022,0.9571428571428572,False,gemma-4-26b-a4b,70,1.021925650816377,0.2568392579578565,1.0,-0.1358076523754035,2,main_report,63,5,2,False
P_RANDOM__T,P0__T,19,aiops2022,-0.1904761904761905,exp_evidence_selection,exp_evidence_selection:main_report:aiops2022,0.9506033113284074,False,gemma-4-26b-a4b,70,0.960408382008164,0.0045410208723591,0.1135255218089799,-0.3488454123148558,5,main_report,46,18,5,False
P_RANDOM__V,P0__V,15,aiops2022,-0.1857142857142857,exp_evidence_selection,exp_evidence_selection:main_report:aiops2022,0.9571428571428572,False,gemma-4-26b-a4b,70,1.0700546711096437,0.0016162222150599,0.0452542220216796,-0.4039299042740104,2,main_report,53,15,2,False
P_SIGMA__T,P0__T,18,aiops2022,-0.1833333333333333,exp_evidence_selection,exp_evidence_selection:main_report:aiops2022,1.066658943693016,False,gemma-4-26b-a4b,70,0.9857766405440664,0.005978728611547,0.1434894866771287,-0.3462733216263451,5,main_report,47,18,5,False
P_SIGMA__V,P0__V,13,aiops2022,-0.1285714285714285,exp_evidence_selection,exp_evidence_selection:main_report:aiops2022,1.0,False,gemma-4-26b-a4b,70,1.0612317597786023,0.0290490221619405,0.5809804432388114,-0.2683195159088223,4,main_report,53,13,4,False
P_TRACE_SC__T,P0__T,2,aiops2022,0.0214285714285714,exp_evidence_selection,exp_evidence_selection:main_report:aiops2022,0.9951659124021786,False,gemma-4-26b-a4b,70,1.0342984413201035,0.6405763450413153,1.0,0.0866706056242776,3,main_report,65,2,3,False
P_TRACE_SC__V,P0__V,5,aiops2022,-0.0428571428571428,exp_evidence_selection,exp_evidence_selection:main_report:aiops2022,1.0,False,gemma-4-26b-a4b,70,1.0317439266835715,0.2568392579578565,1.0,-0.1358076523754035,2,main_report,63,5,2,False
P_BARO_RS__T,P0__T,6,aiops2025,0.0071428571428571,exp_evidence_selection,exp_evidence_selection:main_report:aiops2025,1.027463718004051,False,gemma-4-26b-a4b,70,0.9918607553775712,0.978583656464625,1.0,0.017692499623818,6,main_report,58,5,6,False
P_BARO_RS__V,P0__V,4,aiops2025,0.0857142857142857,exp_evidence_selection,exp_evidence_selection:main_report:aiops2025,1.0,False,gemma-4-26b-a4b,70,1.0571769966333011,0.1088094300405456,1.0,0.1938834676589961,10,main_report,56,4,10,False
P_COVERAGE__T,P0__T,5,aiops2025,-0.019047619047619,exp_evidence_selection,exp_evidence_selection:main_report:aiops2025,1.0069410437446027,False,gemma-4-26b-a4b,70,0.9928726484277716,0.9538348993441054,1.0,-0.061140748899344,5,main_report,60,4,2,False
P_COVERAGE__V,P0__V,7,aiops2025,-0.0571428571428571,exp_evidence_selection,exp_evidence_selection:main_report:aiops2025,0.7428571428571429,False,gemma-4-26b-a4b,70,0.7509200726830012,0.2059032107320684,1.0,-0.1518474369565574,3,main_report,60,7,3,False
P_DIVERSITY__T,P0__T,5,aiops2025,0.0523809523809523,exp_evidence_selection,exp_evidence_selection:main_report:aiops2025,1.0063847888211537,False,gemma-4-26b-a4b,70,1.0148984322753054,0.1518253328484853,1.0,0.1310107867477692,11,main_report,54,4,6,False
P_DIVERSITY__V,P0__V,7,aiops2025,-0.0428571428571428,exp_evidence_selection,exp_evidence_selection:main_report:aiops2025,0.8142857142857143,False,gemma-4-26b-a4b,70,0.8213606507952181,0.3657122962815132,1.0,-0.1079703357045497,4,main_report,59,7,4,False
P_LOG_FREQ__T,P0__T,4,aiops2025,-0.0285714285714285,exp_evidence_selection,exp_evidence_selection:main_report:aiops2025,0.9991945726862448,False,gemma-4-26b-a4b,70,0.9872693553071312,0.67231219209357,1.0,-0.101728591908561,3,main_report,63,4,2,False
P_LOG_FREQ__V,P0__V,7,aiops2025,-0.0714285714285714,exp_evidence_selection,exp_evidence_selection:main_report:aiops2025,0.8,False,gemma-4-26b-a4b,70,0.7988089988229222,0.0955807045456294,1.0,-0.2018216917911695,2,main_report,61,7,2,False
P_RANDOM__T,P0__T,11,aiops2025,0.0119047619047619,exp_evidence_selection,exp_evidence_selection:main_report:aiops2025,0.9800792075304272,False,gemma-4-26b-a4b,70,1.0331306327060183,0.7383853295423259,1.0,0.0216560792227378,13,main_report,46,10,11,False
P_RANDOM__V,P0__V,7,aiops2025,-0.0714285714285714,exp_evidence_selection,exp_evidence_selection:main_report:aiops2025,0.4142857142857143,False,gemma-4-26b-a4b,70,0.4320942948882686,0.0955807045456294,1.0,-0.2018216917911695,2,main_report,61,7,2,False
P_SIGMA__T,P0__T,10,aiops2025,-0.0571428571428571,exp_evidence_selection,exp_evidence_selection:main_report:aiops2025,1.037909867724668,False,gemma-4-26b-a4b,70,1.0054856759978803,0.6663039917440161,1.0,-0.1311209023378818,9,main_report,51,10,5,False
P_SIGMA__V,P0__V,4,aiops2025,0.0214285714285714,exp_evidence_selection,exp_evidence_selection:main_report:aiops2025,1.0,False,gemma-4-26b-a4b,70,1.0561754950365478,0.5398874509526412,1.0,0.0586276893251787,6,main_report,60,4,5,False
P_TRACE_SC__T,P0__T,4,aiops2025,-0.0023809523809523,exp_evidence_selection,exp_evidence_selection:main_report:aiops2025,1.0007415369009909,False,gemma-4-26b-a4b,70,1.017780268765025,0.7181141104602478,1.0,-0.0080558418986911,3,main_report,63,3,3,False
P_TRACE_SC__V,P0__V,2,aiops2025,0.0,exp_evidence_selection,exp_evidence_selection:main_report:aiops2025,1.0,False,gemma-4-26b-a4b,70,1.019974704555367,1.0,1.0,0.0,2,main_report,66,2,2,False
P_BARO_RS__T,P0__T,27,pooled_descriptive,-0.0182539682539682,exp_evidence_selection,exp_evidence_selection:main_report:pooled_descriptive,1.0328873045553435,False,gemma-4-26b-a4b,210,1.0063412126606184,0.732092330129611,1.0,-0.0386938174572043,25,main_report,158,26,22,False
P_BARO_RS__V,P0__V,28,pooled_descriptive,0.0,exp_evidence_selection,exp_evidence_selection:main_report:pooled_descriptive,1.0,False,gemma-4-26b-a4b,210,1.0768320328214604,1.0,1.0,0.0,28,main_report,154,28,28,False
P_COVERAGE__T,P0__T,28,pooled_descriptive,-0.0103174603174603,exp_evidence_selection,exp_evidence_selection:main_report:pooled_descriptive,1.0007006347301617,False,gemma-4-26b-a4b,210,1.017280281852898,0.7745812977530657,1.0,-0.0226138366653013,26,main_report,156,26,22,False
P_COVERAGE__V,P0__V,31,pooled_descriptive,-0.0714285714285714,exp_evidence_selection,exp_evidence_selection:main_report:pooled_descriptive,0.8571428571428571,False,gemma-4-26b-a4b,210,0.8822397600861902,0.0286714327067289,0.5382346241068382,-0.1523714634533536,16,main_report,163,31,16,False
P_DIVERSITY__T,P0__T,25,pooled_descriptive,0.0337301587301587,exp_evidence_selection,exp_evidence_selection:main_report:pooled_descriptive,1.0057344142107034,False,gemma-4-26b-a4b,210,1.0363331555426296,0.2898097363640517,1.0,0.0727895938136563,33,main_report,152,21,25,False
P_DIVERSITY__V,P0__V,24,pooled_descriptive,-0.0142857142857142,exp_evidence_selection,exp_evidence_selection:main_report:pooled_descriptive,0.8857142857142857,False,gemma-4-26b-a4b,210,0.909576617886941,0.6547208460185769,1.0,-0.0308017755303615,21,main_report,165,24,21,False
P_LOG_FREQ__T,P0__T,10,pooled_descriptive,-0.0091269841269841,exp_evidence_selection,exp_evidence_selection:main_report:pooled_descriptive,0.9968341881340024,False,gemma-4-26b-a4b,210,1.0081568823220846,0.971540291959346,1.0,-0.0358886072905286,10,main_report,190,8,7,False
P_LOG_FREQ__V,P0__V,18,pooled_descriptive,-0.05,exp_evidence_selection,exp_evidence_selection:main_report:pooled_descriptive,0.8761904761904762,False,gemma-4-26b-a4b,210,0.9046885306883,0.0478298907467865,0.8131081426953705,-0.145370069227817,8,main_report,184,18,7,False
P_RANDOM__T,P0__T,60,pooled_descriptive,-0.1698412698412698,exp_evidence_selection,exp_evidence_selection:main_report:pooled_descriptive,0.9651244861848916,False,gemma-4-26b-a4b,210,0.9934786894163218,6.43355059857736e-05,0.0015772986947563,-0.2923191566530821,24,main_report,126,55,21,False
P_RANDOM__V,P0__V,55,pooled_descriptive,-0.2285714285714285,exp_evidence_selection,exp_evidence_selection:main_report:pooled_descriptive,0.7571428571428571,False,gemma-4-26b-a4b,210,0.8197330914457447,1.0875126801110464e-09,3.04503550431093e-08,-0.4625816283835028,7,main_report,148,55,7,False
P_SIGMA__T,P0__T,55,pooled_descriptive,-0.169047619047619,exp_evidence_selection,exp_evidence_selection:main_report:pooled_descriptive,1.0419045764169614,False,gemma-4-26b-a4b,210,0.9988565446436114,2.6216339178197387e-05,0.0006816248186331,-0.3188472430020404,20,main_report,135,51,16,False
P_SIGMA__V,P0__V,46,pooled_descriptive,-0.15,exp_evidence_selection,exp_evidence_selection:main_report:pooled_descriptive,1.0,False,gemma-4-26b-a4b,210,1.0476892505899384,6.309194779025369e-05,0.0015772986947563,-0.2910181787607143,15,main_report,149,46,14,False
P_TRACE_SC__T,P0__T,10,pooled_descriptive,0.0222222222222222,exp_evidence_selection,exp_evidence_selection:main_report:pooled_descriptive,0.9979380491904012,False,gemma-4-26b-a4b,210,1.028533088358075,0.5059607656658502,1.0,0.0752439708796096,13,main_report,187,8,13,False
P_TRACE_SC__V,P0__V,17,pooled_descriptive,-0.0380952380952381,exp_evidence_selection,exp_evidence_selection:main_report:pooled_descriptive,1.0,False,gemma-4-26b-a4b,210,1.034568776610259,0.1166644647810234,1.0,-0.1086469432751401,9,main_report,184,17,9,False
P_BARO_RS__T,P0__T,17,aegislab,-0.0766666666666666,exp_evidence_selection,exp_evidence_selection:all:aegislab,1.0050502559487329,False,gemma-4-26b-a4b,100,1.0351102486950154,0.109818717784357,1.0,-0.1700021262165895,9,all,74,16,8,False
P_BARO_RS__V,P0__V,27,aegislab,-0.19,exp_evidence_selection,exp_evidence_selection:all:aegislab,1.0,False,gemma-4-26b-a4b,100,1.0500292357475771,0.0013200437675611,0.0237607878161015,-0.3374236666358617,8,all,65,27,8,False
P_COVERAGE__T,P0__T,13,aegislab,0.055,exp_evidence_selection,exp_evidence_selection:all:aegislab,1.0052843116650303,False,gemma-4-26b-a4b,100,1.0059152184622755,0.3296195303165521,1.0,0.1115693776957531,18,all,69,11,16,False
P_COVERAGE__V,P0__V,21,aegislab,-0.12,exp_evidence_selection,exp_evidence_selection:all:aegislab,0.86,False,gemma-4-26b-a4b,100,0.9031866209260442,0.0284597369163105,0.4838155275772796,-0.2234188138598775,9,all,70,21,9,False
P_DIVERSITY__T,P0__T,12,aegislab,0.0625,exp_evidence_selection,exp_evidence_selection:all:aegislab,1.010577776036851,False,gemma-4-26b-a4b,100,1.019526840785299,0.3659914252781292,1.0,0.1379858286074583,16,all,72,9,14,False
P_DIVERSITY__V,P0__V,11,aegislab,-0.02,exp_evidence_selection,exp_evidence_selection:all:aegislab,0.86,False,gemma-4-26b-a4b,100,0.8719677769486956,0.6547208460185769,1.0,-0.0445417549707209,9,all,80,11,9,False
P_LOG_FREQ__T,P0__T,4,aegislab,0.0216666666666666,exp_evidence_selection,exp_evidence_selection:all:aegislab,0.9962108567206436,False,gemma-4-26b-a4b,100,1.0277067245432352,0.3692789892808751,1.0,0.0771202385456983,7,all,89,3,7,False
P_LOG_FREQ__V,P0__V,8,aegislab,-0.045,exp_evidence_selection,exp_evidence_selection:all:aegislab,0.88,False,gemma-4-26b-a4b,100,0.9054335687384344,0.2384152454335067,1.0,-0.1347094633320229,4,all,88,8,3,False
P_RANDOM__T,P0__T,39,aegislab,-0.2991666666666666,exp_evidence_selection,exp_evidence_selection:all:aegislab,0.9679078935138774,False,gemma-4-26b-a4b,100,0.9870533302359548,4.736122311211466e-06,0.0001231391800914,-0.5201353842087453,8,all,53,35,6,False
P_RANDOM__V,P0__V,44,aegislab,-0.39,exp_evidence_selection,exp_evidence_selection:all:aegislab,0.88,False,gemma-4-26b-a4b,100,0.9367181393729892,2.5265895043266435e-08,7.074450612114602e-07,-0.667556622123361,5,all,51,44,5,False
P_SIGMA__T,P0__T,36,aegislab,-0.2616666666666666,exp_evidence_selection,exp_evidence_selection:all:aegislab,1.0201633682983855,False,gemma-4-26b-a4b,100,0.9869878062066484,1.4355167551070985e-05,0.0003445240212257,-0.4593487654919102,7,all,57,31,7,False
P_SIGMA__V,P0__V,38,aegislab,-0.31,exp_evidence_selection,exp_evidence_selection:all:aegislab,1.0,False,gemma-4-26b-a4b,100,1.0393000605190317,3.815135865112584e-06,0.000103008668358,-0.5184883586122151,7,all,55,38,7,False
P_TRACE_SC__T,P0__T,6,aegislab,0.0183333333333333,exp_evidence_selection,exp_evidence_selection:all:aegislab,0.9978258496539976,False,gemma-4-26b-a4b,100,1.022662072373805,0.7523687240004382,1.0,0.059906455134547,7,all,87,5,7,False
P_TRACE_SC__V,P0__V,11,aegislab,-0.06,exp_evidence_selection,exp_evidence_selection:all:aegislab,1.0,False,gemma-4-26b-a4b,100,1.04600600362892,0.1336144025377161,1.0,-0.1509560326226356,5,all,84,11,5,False
P_BARO_RS__T,P0__T,13,aiops2022,-0.0083333333333333,exp_evidence_selection,exp_evidence_selection:all:aiops2022,1.0666236716630155,False,gemma-4-26b-a4b,100,0.9911585839631666,0.9155403468655074,1.0,-0.0167633678720213,14,all,73,13,11,False
P_BARO_RS__V,P0__V,6,aiops2022,0.07,exp_evidence_selection,exp_evidence_selection:all:aiops2022,1.0,False,gemma-4-26b-a4b,100,1.0917897486553405,0.108293655899009,1.0,0.1618871688229106,13,all,81,6,13,False
P_COVERAGE__T,P0__T,17,aiops2022,-0.04,exp_evidence_selection,exp_evidence_selection:all:aiops2022,0.9917731138249476,False,gemma-4-26b-a4b,100,1.0225149395835471,0.3724860920416037,1.0,-0.0800341408099276,12,all,71,17,11,False
P_COVERAGE__V,P0__V,10,aiops2022,-0.01,exp_evidence_selection,exp_evidence_selection:all:aiops2022,0.96,False,gemma-4-26b-a4b,100,0.9963362363034214,0.8185458083820434,1.0,-0.0228325866738311,9,all,81,10,9,False
P_DIVERSITY__T,P0__T,13,aiops2022,0.005,exp_evidence_selection,exp_evidence_selection:all:aiops2022,1.0018920596050735,False,gemma-4-26b-a4b,100,1.0395862587603188,0.864996218232014,1.0,0.0103802958132872,14,all,73,12,11,False
P_DIVERSITY__V,P0__V,10,aiops2022,0.0,exp_evidence_selection,exp_evidence_selection:all:aiops2022,0.96,False,gemma-4-26b-a4b,100,1.0092749850933531,1.0,1.0,0.0,10,all,80,10,10,False
P_LOG_FREQ__T,P0__T,2,aiops2022,0.0074999999999999,exp_evidence_selection,exp_evidence_selection:all:aiops2022,0.9936688821129416,False,gemma-4-26b-a4b,100,1.006065035787689,0.4190874768713539,1.0,0.0469241158562637,4,all,94,1,1,False
P_LOG_FREQ__V,P0__V,5,aiops2022,-0.03,exp_evidence_selection,exp_evidence_selection:all:aiops2022,0.96,False,gemma-4-26b-a4b,100,1.0136111600179258,0.2568392579578565,1.0,-0.1135533178986361,2,all,93,5,2,False
P_RANDOM__T,P0__T,24,aiops2022,-0.1433333333333333,exp_evidence_selection,exp_evidence_selection:all:aiops2022,0.9512037983975472,False,gemma-4-26b-a4b,100,0.9633335176888538,0.0095684914276956,0.2296437942646948,-0.260132365791075,9,all,67,23,9,False
P_RANDOM__V,P0__V,17,aiops2022,-0.13,exp_evidence_selection,exp_evidence_selection:all:aiops2022,0.96,False,gemma-4-26b-a4b,100,1.04912289343325,0.0045563498031851,0.1184650948828134,-0.2943539124756901,4,all,79,17,4,False
P_SIGMA__T,P0__T,24,aiops2022,-0.1783333333333333,exp_evidence_selection,exp_evidence_selection:all:aiops2022,1.06779326485358,False,gemma-4-26b-a4b,100,0.9812165882735526,0.0009019307885679,0.0243521312913341,-0.351284858346189,6,all,70,24,6,False
P_SIGMA__V,P0__V,15,aiops2022,-0.09,exp_evidence_selection,exp_evidence_selection:all:aiops2022,1.0,False,gemma-4-26b-a4b,100,1.061086673477916,0.0495346134356267,0.990692268712534,-0.1992929552713853,6,all,79,15,6,False
P_TRACE_SC__T,P0__T,2,aiops2022,0.025,exp_evidence_selection,exp_evidence_selection:all:aiops2022,0.9951646485491608,False,gemma-4-26b-a4b,100,1.0335256114571778,0.4047373269396477,1.0,0.1092140597330467,4,all,94,2,4,False
P_TRACE_SC__V,P0__V,5,aiops2022,-0.03,exp_evidence_selection,exp_evidence_selection:all:aiops2022,1.0,False,gemma-4-26b-a4b,100,1.0419298593003083,0.2568392579578565,1.0,-0.1135533178986361,2,all,93,5,2,False
P_BARO_RS__T,P0__T,11,aiops2025,-0.0033333333333333,exp_evidence_selection,exp_evidence_selection:all:aiops2025,1.0281379881167931,False,gemma-4-26b-a4b,100,1.011208841059643,0.5573596970476999,1.0,-0.0084855899467562,8,all,81,8,8,False
P_BARO_RS__V,P0__V,7,aiops2025,0.07,exp_evidence_selection,exp_evidence_selection:all:aiops2025,1.0,False,gemma-4-26b-a4b,100,1.0291857250434204,0.1266304579476171,1.0,0.1537916679573565,14,all,79,7,14,False
P_COVERAGE__T,P0__T,7,aiops2025,-0.0133333333333333,exp_evidence_selection,exp_evidence_selection:all:aiops2025,1.00540630641832,False,gemma-4-26b-a4b,100,0.9985464159020117,0.9635486062580384,1.0,-0.044402934727305,7,all,86,5,3,False
P_COVERAGE__V,P0__V,12,aiops2025,-0.06,exp_evidence_selection,exp_evidence_selection:all:aiops2025,0.79,False,gemma-4-26b-a4b,100,0.7871684548867696,0.1572992070502851,1.0,-0.1421410624438028,6,all,82,12,6,False
P_DIVERSITY__T,P0__T,7,aiops2025,0.0533333333333333,exp_evidence_selection,exp_evidence_selection:all:aiops2025,1.0076539359601848,False,gemma-4-26b-a4b,100,1.0261252571263584,0.1308900263098772,1.0,0.1367930734715514,14,all,79,5,9,False
P_DIVERSITY__V,P0__V,11,aiops2025,-0.06,exp_evidence_selection,exp_evidence_selection:all:aiops2025,0.8,False,gemma-4-26b-a4b,100,0.810865512677407,0.1336144025377161,1.0,-0.1509560326226356,5,all,84,11,5,False
P_LOG_FREQ__T,P0__T,8,aiops2025,-0.0333333333333333,exp_evidence_selection,exp_evidence_selection:all:aiops2025,0.9989765147699704,False,gemma-4-26b-a4b,100,1.0030987423093694,0.2459613819388613,1.0,-0.1172603939955857,4,all,88,6,3,False
P_LOG_FREQ__V,P0__V,9,aiops2025,-0.06,exp_evidence_selection,exp_evidence_selection:all:aiops2025,0.83,False,gemma-4-26b-a4b,100,0.8251940791024382,0.0832645166635504,1.0,-0.1749815896059666,3,all,88,9,3,False
P_RANDOM__T,P0__T,15,aiops2025,0.02,exp_evidence_selection,exp_evidence_selection:all:aiops2025,0.9804432873293484,False,gemma-4-26b-a4b,100,1.0278492481927417,0.630422777748422,1.0,0.0385244630724155,18,all,67,13,15,False
P_RANDOM__V,P0__V,13,aiops2025,-0.11,exp_evidence_selection,exp_evidence_selection:all:aiops2025,0.38,False,gemma-4-26b-a4b,100,0.3831782425277961,0.0045086983649042,0.1217348558524141,-0.2947325824224509,2,all,85,13,2,False
P_SIGMA__T,P0__T,13,aiops2025,-0.0196666666666666,exp_evidence_selection,exp_evidence_selection:all:aiops2025,1.0381061832493916,False,gemma-4-26b-a4b,100,0.994209414395834,0.8429474505713314,1.0,-0.0454727735937863,15,all,72,12,9,False
P_SIGMA__V,P0__V,11,aiops2025,-0.035,exp_evidence_selection,exp_evidence_selection:all:aiops2025,1.0,False,gemma-4-26b-a4b,100,1.0448066243262986,0.474124537622109,1.0,-0.0817931030633379,8,all,81,11,7,False
P_TRACE_SC__T,P0__T,5,aiops2025,0.015,exp_evidence_selection,exp_evidence_selection:all:aiops2025,1.000682530832676,False,gemma-4-26b-a4b,100,1.0296804966547446,0.7486479444416606,1.0,0.0540797033880386,6,all,89,3,4,False
P_TRACE_SC__V,P0__V,2,aiops2025,0.03,exp_evidence_selection,exp_evidence_selection:all:aiops2025,1.0,False,gemma-4-26b-a4b,100,1.0148841800776172,0.2568392579578565,1.0,0.1135533178986361,5,all,93,2,5,False
P_BARO_RS__T,P0__T,8,re2_ob,-0.0055555555555555,exp_evidence_selection,exp_evidence_selection:all:re2_ob,1.07578157066989,False,gemma-4-26b-a4b,90,1.0404120046391625,0.6336309579981462,1.0,-0.0152556382895251,6,all,76,7,6,False
P_BARO_RS__V,P0__V,23,re2_ob,-0.1777777777777777,exp_evidence_selection,exp_evidence_selection:all:re2_ob,1.0,False,gemma-4-26b-a4b,90,1.0184314087138162,0.0034870048921413,0.0732271027349691,-0.3218423053918119,7,all,60,23,7,False
P_COVERAGE__T,P0__T,14,re2_ob,-0.05,exp_evidence_selection,exp_evidence_selection:all:re2_ob,0.9768543279660782,False,gemma-4-26b-a4b,90,1.0196375605413497,0.2114140937746503,1.0,-0.116824573257003,8,all,68,12,6,False
P_COVERAGE__V,P0__V,47,re2_ob,-0.4666666666666667,exp_evidence_selection,exp_evidence_selection:all:re2_ob,0.6666666666666666,False,gemma-4-26b-a4b,90,0.71153133209742,5.7334599668300584e-09,1.605368790712416e-07,-0.7734447202313637,5,all,38,47,5,False
P_DIVERSITY__T,P0__T,9,re2_ob,0.0111111111111111,exp_evidence_selection,exp_evidence_selection:all:re2_ob,1.0049610222054108,False,gemma-4-26b-a4b,90,0.977687465353167,0.8143575280334205,1.0,0.0261239928285011,10,all,71,8,9,False
P_DIVERSITY__V,P0__V,25,re2_ob,-0.2,exp_evidence_selection,exp_evidence_selection:all:re2_ob,0.7222222222222222,False,gemma-4-26b-a4b,90,0.7630752161078588,0.0014627165866811,0.0321797649069853,-0.3540510029304483,7,all,58,25,7,False
P_LOG_FREQ__T,P0__T,6,re2_ob,-0.0425925925925925,exp_evidence_selection,exp_evidence_selection:all:re2_ob,1.0040883781496242,False,gemma-4-26b-a4b,90,1.01009834018959,0.057685365219495,0.8652804782924262,-0.2089560983779766,1,all,83,5,0,False
P_LOG_FREQ__V,P0__V,17,re2_ob,-0.1222222222222222,exp_evidence_selection,exp_evidence_selection:all:re2_ob,0.7333333333333333,False,gemma-4-26b-a4b,90,0.7625476472792482,0.0218101191437223,0.4143922637307253,-0.2477767283444084,6,all,67,17,6,False
P_RANDOM__T,P0__T,28,re2_ob,-0.2462962962962962,exp_evidence_selection,exp_evidence_selection:all:re2_ob,0.950760107262859,False,gemma-4-26b-a4b,90,0.9749824054953776,4.547865709542013e-05,0.0011215576302837,-0.4758227767645423,5,all,57,27,4,False
P_RANDOM__V,P0__V,37,re2_ob,-0.3666666666666666,exp_evidence_selection,exp_evidence_selection:all:re2_ob,0.8666666666666667,False,gemma-4-26b-a4b,90,0.9567551036712848,2.553498916146181e-07,6.894447073594689e-06,-0.6434540109487814,4,all,49,37,4,False
P_SIGMA__T,P0__T,11,re2_ob,-0.0444444444444444,exp_evidence_selection,exp_evidence_selection:all:re2_ob,1.0092592497593875,False,gemma-4-26b-a4b,90,1.0463107236572924,0.2327105225722255,1.0,-0.1158448782290063,6,all,73,11,6,False
P_SIGMA__V,P0__V,13,re2_ob,0.0444444444444444,exp_evidence_selection,exp_evidence_selection:all:re2_ob,1.0,False,gemma-4-26b-a4b,90,1.039840703868533,0.4652088184521418,1.0,0.0767790057963849,17,all,60,13,17,False
P_TRACE_SC__T,P0__T,5,re2_ob,-0.0092592592592592,exp_evidence_selection,exp_evidence_selection:all:re2_ob,0.9995744104897982,False,gemma-4-26b-a4b,90,1.0317510470549358,0.4949587483737465,1.0,-0.0346551926353856,3,all,82,4,3,False
P_TRACE_SC__V,P0__V,6,re2_ob,-0.0111111111111111,exp_evidence_selection,exp_evidence_selection:all:re2_ob,1.0,False,gemma-4-26b-a4b,90,1.0256223975765375,0.763024600552995,1.0,-0.0316210001908966,5,all,79,6,5,False
P_BARO_RS__T,P0__T,3,re2_tt,0.1092592592592592,exp_evidence_selection,exp_evidence_selection:all:re2_tt,1.0111697130307042,True,gemma-4-26b-a4b,90,0.9941117283660084,0.0017346879686437,0.0416325112474494,0.3222482328329752,17,all,70,2,14,False
P_BARO_RS__V,P0__V,13,re2_tt,0.0555555555555555,exp_evidence_selection,exp_evidence_selection:all:re2_tt,1.0,False,gemma-4-26b-a4b,90,1.0545980893777984,0.3691714163326915,1.0,0.0945575443541854,18,all,59,13,18,False
P_COVERAGE__T,P0__T,13,re2_tt,0.0018518518518518,exp_evidence_selection,exp_evidence_selection:all:re2_tt,0.9454876323761344,False,gemma-4-26b-a4b,90,1.0297770472273744,0.8871336567658875,1.0,0.0038984025494882,14,all,63,10,14,False
P_COVERAGE__V,P0__V,21,re2_tt,-0.1333333333333333,exp_evidence_selection,exp_evidence_selection:all:re2_tt,1.0,False,gemma-4-26b-a4b,90,1.0632649545658457,0.0284597369163105,0.5976544752425219,-0.2360340019536322,9,all,60,21,9,False
P_DIVERSITY__T,P0__T,14,re2_tt,0.0537037037037037,exp_evidence_selection,exp_evidence_selection:all:re2_tt,0.9522417864647204,False,gemma-4-26b-a4b,90,0.984019909776402,0.3088112819029501,1.0,0.1026097049116563,20,all,56,12,19,False
P_DIVERSITY__V,P0__V,13,re2_tt,0.0111111111111111,exp_evidence_selection,exp_evidence_selection:all:re2_tt,1.0,False,gemma-4-26b-a4b,90,0.9959172046066777,0.8473896596867143,1.0,0.0201771578321621,14,all,63,13,14,False
P_LOG_FREQ__T,P0__T,7,re2_tt,0.0111111111111111,exp_evidence_selection,exp_evidence_selection:all:re2_tt,0.9983070433004644,False,gemma-4-26b-a4b,90,0.9848597102356218,0.9617500330393696,1.0,0.0430331482911935,7,all,76,3,4,False
P_LOG_FREQ__V,P0__V,8,re2_tt,-0.0222222222222222,exp_evidence_selection,exp_evidence_selection:all:re2_tt,1.0,False,gemma-4-26b-a4b,90,1.017426289678815,0.5929800980174267,1.0,-0.0561188709047203,6,all,76,8,6,False
P_RANDOM__T,P0__T,57,re2_tt,-0.5148148148148147,exp_evidence_selection,exp_evidence_selection:all:re2_tt,0.9364153613120446,False,gemma-4-26b-a4b,90,0.9803660701198964,1.1766160042984787e-10,3.1768632116058923e-09,-0.9264793077736286,8,all,25,49,5,False
P_RANDOM__V,P0__V,31,re2_tt,-0.2888888888888888,exp_evidence_selection,exp_evidence_selection:all:re2_tt,1.0,False,gemma-4-26b-a4b,90,1.021037634067231,1.4686847673789378e-05,0.0003671711918447,-0.5106085540905939,5,all,54,31,5,False
P_SIGMA__T,P0__T,23,re2_tt,-0.0944444444444444,exp_evidence_selection,exp_evidence_selection:all:re2_tt,1.054305827930426,False,gemma-4-26b-a4b,90,1.0481332211401695,0.111219154416266,1.0,-0.173435505687502,14,all,53,18,12,False
P_SIGMA__V,P0__V,21,re2_tt,-0.1111111111111111,exp_evidence_selection,exp_evidence_selection:all:re2_tt,1.0,False,gemma-4-26b-a4b,90,1.011233520067794,0.0770998717435417,1.0,-0.1886041960450174,11,all,58,21,11,False
P_TRACE_SC__T,P0__T,6,re2_tt,0.0481481481481481,exp_evidence_selection,exp_evidence_selection:all:re2_tt,1.000413225054566,False,gemma-4-26b-a4b,90,0.992729245224807,0.1480993868203834,1.0,0.1588149510729629,12,all,72,4,10,False
P_TRACE_SC__V,P0__V,8,re2_tt,0.0666666666666666,exp_evidence_selection,exp_evidence_selection:all:re2_tt,1.0,False,gemma-4-26b-a4b,90,1.0290978159834194,0.2008251226951454,1.0,0.1353246363440378,14,all,68,8,14,False
P_BARO_RS__T,P0__T,52,pooled_descriptive,0.0010416666666666,exp_evidence_selection,exp_evidence_selection:all:pooled_descriptive,1.0370975148039745,False,gemma-4-26b-a4b,480,1.0142810486296832,0.8590212248865942,1.0,0.0024936645609638,54,all,374,46,47,False
P_BARO_RS__V,P0__V,76,pooled_descriptive,-0.0333333333333333,exp_evidence_selection,exp_evidence_selection:all:pooled_descriptive,1.0,False,gemma-4-26b-a4b,480,1.0493190120268314,0.1700669614539048,1.0,-0.0626801864569515,60,all,344,76,60,False
P_COVERAGE__T,P0__T,64,pooled_descriptive,-0.0086805555555555,exp_evidence_selection,exp_evidence_selection:all:pooled_descriptive,0.9859523950450604,False,gemma-4-26b-a4b,480,1.0148853585291016,0.6547400280174147,1.0,-0.019515570108914,59,all,357,55,50,False
P_COVERAGE__V,P0__V,111,pooled_descriptive,-0.1520833333333333,exp_evidence_selection,exp_evidence_selection:all:pooled_descriptive,0.85625,False,gemma-4-26b-a4b,480,0.8925016604402446,2.2259988068196844e-09,5.1197972556852745e-08,-0.2834461268534451,38,all,331,111,38,False
P_DIVERSITY__T,P0__T,55,pooled_descriptive,0.0373263888888888,exp_evidence_selection,exp_evidence_selection:all:pooled_descriptive,0.9961679790427556,False,gemma-4-26b-a4b,480,1.0105781238101226,0.0877063483872503,1.0,0.0820678030335561,74,all,351,46,62,False
P_DIVERSITY__V,P0__V,70,pooled_descriptive,-0.0520833333333333,exp_evidence_selection,exp_evidence_selection:all:pooled_descriptive,0.86875,False,gemma-4-26b-a4b,480,0.8906669694505289,0.0197395475699381,0.2960932135490722,-0.1069030939301141,45,all,365,70,45,False
P_LOG_FREQ__T,P0__T,27,pooled_descriptive,-0.0067708333333333,exp_evidence_selection,exp_evidence_selection:all:pooled_descriptive,0.998127527689299,False,gemma-4-26b-a4b,480,1.0067359891714551,0.5700899497705874,1.0,-0.0278605450640285,23,all,430,18,15,False
P_LOG_FREQ__V,P0__V,47,pooled_descriptive,-0.0552083333333333,exp_evidence_selection,exp_evidence_selection:all:pooled_descriptive,0.88125,False,gemma-4-26b-a4b,480,0.9054615314835532,0.001547660199054,0.0278578835829731,-0.1489712359368385,21,all,412,47,20,False
P_RANDOM__T,P0__T,163,pooled_descriptive,-0.2307291666666666,exp_evidence_selection,exp_evidence_selection:all:pooled_descriptive,0.9579193543662888,False,gemma-4-26b-a4b,480,0.9870936925356868,5.031551798596553e-16,1.3082034676351038e-14,-0.4047967827211153,48,all,269,147,39,False
P_RANDOM__V,P0__V,142,pooled_descriptive,-0.2541666666666666,exp_evidence_selection,exp_evidence_selection:all:pooled_descriptive,0.8125,False,gemma-4-26b-a4b,480,0.8643818206872289,9.225611065289393e-22,2.490914987628136e-20,-0.4860316107816095,20,all,318,142,20,False
P_SIGMA__T,P0__T,107,pooled_descriptive,-0.1218055555555555,exp_evidence_selection,exp_evidence_selection:all:pooled_descriptive,1.038181538817123,False,gemma-4-26b-a4b,480,1.0098777831653647,7.868627793513282e-07,1.7310981145729222e-05,-0.2437903392352366,48,all,325,96,40,False
P_SIGMA__V,P0__V,98,pooled_descriptive,-0.103125,exp_evidence_selection,exp_evidence_selection:all:pooled_descriptive,1.0,False,gemma-4-26b-a4b,480,1.0398250333054042,4.889139921094524e-05,0.0010267193834298,-0.1899758903021235,49,all,333,98,48,False
P_TRACE_SC__T,P0__T,24,pooled_descriptive,0.0194444444444444,exp_evidence_selection,exp_evidence_selection:all:pooled_descriptive,0.9986795627137004,False,gemma-4-26b-a4b,480,1.0224792590703116,0.2650443472989936,1.0,0.0701872202485946,32,all,424,18,28,False
P_TRACE_SC__V,P0__V,32,pooled_descriptive,-0.0020833333333333,exp_evidence_selection,exp_evidence_selection:all:pooled_descriptive,1.0,False,gemma-4-26b-a4b,480,1.031680882335585,0.8997412986871715,1.0,-0.005744648037348,31,all,417,32,31,False
S_COMPACT_MIX,S0,4,aegislab,-0.0444444444444444,exp_silhouette_encoding,exp_silhouette_encoding:selection:aegislab,1.0,False,qwen3.8-27b,30,1.0570570122815754,0.9047523959772296,1.0,-0.1395687251901996,4,selection,22,3,0,False
S_DENSITY_COMPACT,S0,3,aegislab,0.0666666666666666,exp_silhouette_encoding,exp_silhouette_encoding:selection:aegislab,1.0,False,qwen3.8-27b,30,1.0543611412947833,0.4326607867798422,1.0,0.2042709443485195,5,selection,22,2,2,False
S_G_LAYERED,S0,2,aegislab,0.0333333333333333,exp_silhouette_encoding,exp_silhouette_encoding:selection:aegislab,1.0,False,qwen3.8-27b,30,1.0954413586057292,0.4150374950184213,1.0,0.1094690416253844,4,selection,24,1,1,False
S_G_MATRIX,S0,4,aegislab,-0.0166666666666666,exp_silhouette_encoding,exp_silhouette_encoding:selection:aegislab,1.0,False,qwen3.8-27b,30,1.0456574756489794,0.968179233424418,1.0,-0.0450803223036937,4,selection,22,3,1,False
S_L_MATRIX,S0,2,aegislab,-0.0166666666666666,exp_silhouette_encoding,exp_silhouette_encoding:selection:aegislab,1.0,False,qwen3.8-27b,30,1.083644534049928,0.9860124256227027,1.0,-0.0741811721382875,2,selection,26,1,0,False
S_M_HEATMAP,S0,4,aegislab,-0.0388888888888888,exp_silhouette_encoding,exp_silhouette_encoding:selection:aegislab,1.0,False,qwen3.8-27b,30,1.1117390011127228,0.6855132946654332,1.0,-0.1159854198921912,3,selection,23,3,1,False
S_M_OVERLAY,S0,2,aegislab,0.0388888888888888,exp_silhouette_encoding,exp_silhouette_encoding:selection:aegislab,1.0,False,qwen3.8-27b,30,1.0788181932144345,0.6096448212229677,1.0,0.1554166754961241,3,selection,25,1,1,False
S_M_TIME_BARS,S0,2,aegislab,0.0111111111111111,exp_silhouette_encoding,exp_silhouette_encoding:selection:aegislab,1.0,False,qwen3.8-27b,30,1.0890819224883126,0.944088374011936,1.0,0.0705890775503959,2,selection,26,0,0,False
S_R_DUMBBELL,S0,4,aegislab,-0.0166666666666666,exp_silhouette_encoding,exp_silhouette_encoding:selection:aegislab,1.0,False,qwen3.8-27b,30,0.979758364408474,0.7164808553052437,1.0,-0.0424806409293077,3,selection,23,3,2,False
S_R_PAIRED_BARS,S0,2,aegislab,0.05,exp_silhouette_encoding,exp_silhouette_encoding:selection:aegislab,1.0,False,qwen3.8-27b,30,1.076887576458253,0.27607477690201,1.0,0.1426287005472508,5,selection,23,2,2,False
S_TABLE,S0,2,aegislab,0.0166666666666666,exp_silhouette_encoding,exp_silhouette_encoding:selection:aegislab,1.0,False,qwen3.8-27b,30,0.9897919058862658,0.3013344212301146,1.0,0.0614895503147807,5,selection,23,2,0,False
S_COMPACT_MIX,S0,4,aiops2022,-0.0288888888888888,exp_silhouette_encoding,exp_silhouette_encoding:selection:aiops2022,1.0,False,qwen3.8-27b,30,1.0826792401513563,0.185481316401195,1.0,-0.2167912951881411,1,selection,25,0,0,False
S_DENSITY_COMPACT,S0,0,aiops2022,0.0194444444444444,exp_silhouette_encoding,exp_silhouette_encoding:selection:aiops2022,1.0,False,qwen3.8-27b,30,1.014420564146231,0.1573588275161886,1.0,0.2599425665377654,2,selection,28,0,0,False
S_G_LAYERED,S0,3,aiops2022,-0.015,exp_silhouette_encoding,exp_silhouette_encoding:selection:aiops2022,1.0,False,qwen3.8-27b,30,1.2566188481170382,0.6436329923521646,1.0,-0.1071831977658255,2,selection,25,0,0,False
S_G_MATRIX,S0,3,aiops2022,-0.0011111111111111,exp_silhouette_encoding,exp_silhouette_encoding:selection:aiops2022,1.0,False,qwen3.8-27b,30,1.1426790860773997,0.7017676719729564,1.0,-0.0094480937665276,2,selection,25,0,0,False
S_L_MATRIX,S0,3,aiops2022,0.0211111111111111,exp_silhouette_encoding,exp_silhouette_encoding:selection:aiops2022,1.0,False,qwen3.8-27b,30,1.323879422018141,0.7136863782248687,1.0,0.1006184517789647,2,selection,25,0,1,False
S_M_HEATMAP,S0,3,aiops2022,-0.0344444444444444,exp_silhouette_encoding,exp_silhouette_encoding:selection:aiops2022,1.0,False,qwen3.8-27b,30,1.0611423595194347,0.0833867364856683,1.0,-0.3068057473536761,0,selection,27,0,0,False
S_M_OVERLAY,S0,3,aiops2022,0.0072222222222222,exp_silhouette_encoding,exp_silhouette_encoding:selection:aiops2022,1.0,False,qwen3.8-27b,30,1.0333052355976422,0.6783314432308616,1.0,0.0321654242292314,2,selection,25,0,1,False
S_M_TIME_BARS,S0,2,aiops2022,0.0405555555555555,exp_silhouette_encoding,exp_silhouette_encoding:selection:aiops2022,1.0,False,qwen3.8-27b,30,1.1048765987102755,0.6097358277978773,1.0,0.1836468218319875,3,selection,25,0,1,False
S_R_DUMBBELL,S0,2,aiops2022,-0.0066666666666666,exp_silhouette_encoding,exp_silhouette_encoding:selection:aiops2022,1.0,False,qwen3.8-27b,30,0.9961488967982466,0.5773388672439116,1.0,-0.0702877997027422,1,selection,27,0,0,False
S_R_PAIRED_BARS,S0,2,aiops2022,0.0322222222222222,exp_silhouette_encoding,exp_silhouette_encoding:selection:aiops2022,1.0,False,qwen3.8-27b,30,1.0471820325817407,0.6096448212229677,1.0,0.1761882377208506,3,selection,25,0,1,False
S_TABLE,S0,5,aiops2022,-0.0566666666666666,exp_silhouette_encoding,exp_silhouette_encoding:selection:aiops2022,1.0,False,qwen3.8-27b,30,1.133109354312795,0.0255249916104976,0.5615498154309474,-0.3998139945170888,0,selection,25,0,0,False
S_COMPACT_MIX,S0,4,aiops2025,-0.0555555555555555,exp_silhouette_encoding,exp_silhouette_encoding:selection:aiops2025,1.0,False,qwen3.8-27b,30,1.1060525138177395,0.185453340896878,1.0,-0.234359216640273,1,selection,25,1,0,False
S_DENSITY_COMPACT,S0,1,aiops2025,0.0055555555555555,exp_silhouette_encoding,exp_silhouette_encoding:selection:aiops2025,1.0,False,qwen3.8-27b,30,1.03788912492847,0.591009789026411,1.0,0.0435792227729954,2,selection,27,0,0,False
S_G_LAYERED,S0,1,aiops2025,0.0055555555555555,exp_silhouette_encoding,exp_silhouette_encoding:selection:aiops2025,1.0,False,qwen3.8-27b,30,1.0530309706049976,0.5773388672439116,1.0,0.0412175561641551,2,selection,27,1,0,False
S_G_MATRIX,S0,0,aiops2025,0.0055555555555555,exp_silhouette_encoding,exp_silhouette_encoding:selection:aiops2025,1.0,False,qwen3.8-27b,30,1.0452374076831392,0.3173105078629141,1.0,0.1825741858350553,1,selection,29,0,0,False
S_L_MATRIX,S0,0,aiops2025,0.0777777777777777,exp_silhouette_encoding,exp_silhouette_encoding:selection:aiops2025,1.0,False,qwen3.8-27b,30,0.9682058675112636,0.0255249916104976,0.5615498154309474,0.3647635322464798,5,selection,25,0,1,False
S_M_HEATMAP,S0,3,aiops2025,0.0194444444444444,exp_silhouette_encoding,exp_silhouette_encoding:selection:aiops2025,1.0,False,qwen3.8-27b,30,1.05729908801642,0.7270300403292143,1.0,0.0751776059320816,4,selection,23,0,1,False
S_M_OVERLAY,S0,2,aiops2025,0.025,exp_silhouette_encoding,exp_silhouette_encoding:selection:aiops2025,1.0,False,qwen3.8-27b,30,1.0803818803781189,0.288575514711399,1.0,0.141529849813863,5,selection,23,0,0,False
S_M_TIME_BARS,S0,2,aiops2025,0.0472222222222222,exp_silhouette_encoding,exp_silhouette_encoding:selection:aiops2025,1.0,False,qwen3.8-27b,30,0.9727638035240382,0.2700583420317135,1.0,0.1763700933496258,5,selection,23,0,2,False
S_R_DUMBBELL,S0,1,aiops2025,0.0166666666666666,exp_silhouette_encoding,exp_silhouette_encoding:selection:aiops2025,1.0,False,qwen3.8-27b,30,1.1012008986826456,0.5504530127544928,1.0,0.1317773480575392,2,selection,27,0,0,False
S_R_PAIRED_BARS,S0,2,aiops2025,0.0194444444444444,exp_silhouette_encoding,exp_silhouette_encoding:selection:aiops2025,1.0,False,qwen3.8-27b,30,1.1226682203533769,0.6209315994087586,1.0,0.1410446813175081,3,selection,25,0,0,False
S_TABLE,S0,3,aiops2025,-0.0055555555555555,exp_silhouette_encoding,exp_silhouette_encoding:selection:aiops2025,1.0,False,qwen3.8-27b,30,1.0912734758791751,0.5675188354016472,1.0,-0.0154512807311502,5,selection,22,2,2,False
S_COMPACT_MIX,S0,12,pooled_descriptive,-0.0429629629629629,exp_silhouette_encoding,exp_silhouette_encoding:selection:pooled_descriptive,1.0,False,qwen3.8-27b,90,1.0819295887502238,0.1497418486543045,1.0,-0.1795437576511391,6,selection,72,4,0,False
S_DENSITY_COMPACT,S0,4,pooled_descriptive,0.0305555555555555,exp_silhouette_encoding,exp_silhouette_encoding:selection:pooled_descriptive,1.0,False,qwen3.8-27b,90,1.0355569434564948,0.1720212090421939,1.0,0.148186291589845,9,selection,77,2,2,False
S_G_LAYERED,S0,6,pooled_descriptive,0.0079629629629629,exp_silhouette_encoding,exp_silhouette_encoding:selection:pooled_descriptive,1.0,False,qwen3.8-27b,90,1.1350303924425884,0.6000343059009594,1.0,0.0384409394209832,8,selection,76,2,1,False
S_G_MATRIX,S0,7,pooled_descriptive,-0.004074074074074,exp_silhouette_encoding,exp_silhouette_encoding:selection:pooled_descriptive,1.0,False,qwen3.8-27b,90,1.0778579898031728,1.0,1.0,-0.0183238393087391,7,selection,76,3,1,False
S_L_MATRIX,S0,5,pooled_descriptive,0.0274074074074074,exp_silhouette_encoding,exp_silhouette_encoding:selection:pooled_descriptive,1.0,False,qwen3.8-27b,90,1.125243274526444,0.2658475803328719,1.0,0.126245756147876,9,selection,76,1,2,False
S_M_HEATMAP,S0,10,pooled_descriptive,-0.0179629629629629,exp_silhouette_encoding,exp_silhouette_encoding:selection:pooled_descriptive,1.0,False,qwen3.8-27b,90,1.0767268162161925,0.4712126812173005,1.0,-0.0714260705027787,7,selection,73,3,2,False
S_M_OVERLAY,S0,7,pooled_descriptive,0.0237037037037037,exp_silhouette_encoding,exp_silhouette_encoding:selection:pooled_descriptive,1.0,False,qwen3.8-27b,90,1.0641684363967316,0.4585925991499076,1.0,0.1091445688698564,10,selection,73,1,2,False
S_M_TIME_BARS,S0,6,pooled_descriptive,0.0329629629629629,exp_silhouette_encoding,exp_silhouette_encoding:selection:pooled_descriptive,1.0,False,qwen3.8-27b,90,1.0555741082408756,0.2965303693018887,1.0,0.1511305109830041,10,selection,74,0,3,False
S_R_DUMBBELL,S0,7,pooled_descriptive,-0.0022222222222222,exp_silhouette_encoding,exp_silhouette_encoding:selection:pooled_descriptive,1.0,False,qwen3.8-27b,90,1.025702719963122,0.7969344876495494,1.0,-0.0091880032206826,6,selection,77,3,2,False
S_R_PAIRED_BARS,S0,6,pooled_descriptive,0.0338888888888888,exp_silhouette_encoding,exp_silhouette_encoding:selection:pooled_descriptive,1.0,False,qwen3.8-27b,90,1.0822459431311235,0.2105761478082017,1.0,0.1415806534940157,11,selection,73,2,3,False
S_TABLE,S0,10,pooled_descriptive,-0.0151851851851851,exp_silhouette_encoding,exp_silhouette_encoding:selection:pooled_descriptive,1.0,False,qwen3.8-27b,90,1.0713915786927453,0.9425611680059915,1.0,-0.0559877618317874,10,selection,70,4,2,False
S_COMPACT_MIX,S0,16,aegislab,3.9650822308041295e-18,exp_silhouette_encoding,exp_silhouette_encoding:main_report:aegislab,1.0,False,qwen3.8-27b,70,1.1022253170334189,0.6600290957100805,1.0,9.981250625732416e-18,13,main_report,41,5,8,False
S_DENSITY_COMPACT,S0,13,aegislab,0.019047619047619,exp_silhouette_encoding,exp_silhouette_encoding:main_report:aegislab,1.0,False,qwen3.8-27b,70,1.1273020465746375,0.980874630469163,1.0,0.050810147321037,12,main_report,45,3,8,False
S_G_LAYERED,S0,5,aegislab,0.0642857142857142,exp_silhouette_encoding,exp_silhouette_encoding:main_report:aegislab,1.0,False,qwen3.8-27b,70,1.0147326365437772,0.0739861492163461,1.0,0.2497435042649785,12,main_report,53,1,4,False
S_G_MATRIX,S0,12,aegislab,-0.0166666666666666,exp_silhouette_encoding,exp_silhouette_encoding:main_report:aegislab,1.0,False,qwen3.8-27b,70,1.0349641499769748,0.5526344138328094,1.0,-0.0538099420322963,9,main_report,49,4,3,False
S_L_MATRIX,S0,9,aegislab,0.0119047619047619,exp_silhouette_encoding,exp_silhouette_encoding:main_report:aegislab,1.0,False,qwen3.8-27b,70,1.1133443865208903,0.9360677185990292,1.0,0.0350449905864723,9,main_report,52,4,6,False
S_M_HEATMAP,S0,14,aegislab,-0.0642857142857142,exp_silhouette_encoding,exp_silhouette_encoding:main_report:aegislab,1.0,False,qwen3.8-27b,70,1.1809966923297506,0.1699651625023692,1.0,-0.1912746833613126,8,main_report,48,5,3,False
S_M_OVERLAY,S0,11,aegislab,0.0333333333333333,exp_silhouette_encoding,exp_silhouette_encoding:main_report:aegislab,1.0,False,qwen3.8-27b,70,1.1256636237474928,0.3806167532099398,1.0,0.0960447756542816,15,main_report,44,3,9,False
S_M_TIME_BARS,S0,15,aegislab,-0.0404761904761904,exp_silhouette_encoding,exp_silhouette_encoding:main_report:aegislab,1.0,False,qwen3.8-27b,70,1.0544433291132342,0.5379356023079682,1.0,-0.0981005077647899,12,main_report,43,7,4,False
S_R_DUMBBELL,S0,9,aegislab,0.0761904761904762,exp_silhouette_encoding,exp_silhouette_encoding:main_report:aegislab,1.0,False,qwen3.8-27b,70,1.0705257357348157,0.1592813878756868,1.0,0.2217009611066251,15,main_report,46,1,9,False
S_R_PAIRED_BARS,S0,11,aegislab,0.0476190476190476,exp_silhouette_encoding,exp_silhouette_encoding:main_report:aegislab,1.0,False,qwen3.8-27b,70,1.0601162559409207,0.3591857436234762,1.0,0.1298068443874084,15,main_report,44,3,8,False
S_TABLE,S0,20,aegislab,-0.0333333333333333,exp_silhouette_encoding,exp_silhouette_encoding:main_report:aegislab,1.0,False,qwen3.8-27b,70,1.0942761448042393,0.2972507603229519,1.0,-0.074807132386966,13,main_report,37,6,8,False
S_COMPACT_MIX,S0,2,aiops2022,0.0678571428571428,exp_silhouette_encoding,exp_silhouette_encoding:main_report:aiops2022,1.0,False,qwen3.8-27b,70,0.9763448830629584,0.012542479282146,0.2759345442072128,0.254459655400689,11,main_report,57,1,3,False
S_DENSITY_COMPACT,S0,4,aiops2022,0.0535714285714285,exp_silhouette_encoding,exp_silhouette_encoding:main_report:aiops2022,1.0,False,qwen3.8-27b,70,1.0224775664785202,0.1596387816213814,1.0,0.1768172344011131,9,main_report,57,2,4,False
S_G_LAYERED,S0,3,aiops2022,0.075,exp_silhouette_encoding,exp_silhouette_encoding:main_report:aiops2022,1.0,False,qwen3.8-27b,70,1.039423673545781,0.0451494579008447,0.9481386159177392,0.279331284989165,10,main_report,57,0,4,False
S_G_MATRIX,S0,5,aiops2022,0.0392857142857142,exp_silhouette_encoding,exp_silhouette_encoding:main_report:aiops2022,1.0,False,qwen3.8-27b,70,1.0672757947564195,0.1474936975638466,1.0,0.1247454523740667,11,main_report,54,3,4,False
S_L_MATRIX,S0,4,aiops2022,0.0238095238095238,exp_silhouette_encoding,exp_silhouette_encoding:main_report:aiops2022,1.0,False,qwen3.8-27b,70,1.0499707151970883,0.2599945793965222,1.0,0.0858476932435985,8,main_report,58,2,3,False
S_M_HEATMAP,S0,9,aiops2022,-0.0202380952380952,exp_silhouette_encoding,exp_silhouette_encoding:main_report:aiops2022,1.0,False,qwen3.8-27b,70,1.071264398919605,0.4396096033166903,1.0,-0.070582749771829,6,main_report,55,5,3,False
S_M_OVERLAY,S0,7,aiops2022,0.0302380952380952,exp_silhouette_encoding,exp_silhouette_encoding:main_report:aiops2022,1.0,False,qwen3.8-27b,70,1.058330818583837,0.2625766798327542,1.0,0.0890542074241641,12,main_report,51,3,3,False
S_M_TIME_BARS,S0,5,aiops2022,0.0683333333333333,exp_silhouette_encoding,exp_silhouette_encoding:main_report:aiops2022,1.0,False,qwen3.8-27b,70,1.0487490294763353,0.0868333310616979,1.0,0.1996730139465425,12,main_report,53,2,6,False
S_R_DUMBBELL,S0,5,aiops2022,-0.0083333333333333,exp_silhouette_encoding,exp_silhouette_encoding:main_report:aiops2022,1.0,False,qwen3.8-27b,70,1.0320862273886238,0.9769100635247848,1.0,-0.0306123834835701,5,main_report,60,3,2,False
S_R_PAIRED_BARS,S0,5,aiops2022,0.0666666666666666,exp_silhouette_encoding,exp_silhouette_encoding:main_report:aiops2022,1.0,False,qwen3.8-27b,70,1.0561530511980328,0.124463588658342,1.0,0.1936820644765489,11,main_report,54,2,6,False
S_TABLE,S0,8,aiops2022,-0.0042857142857142,exp_silhouette_encoding,exp_silhouette_encoding:main_report:aiops2022,1.0,False,qwen3.8-27b,70,1.0789193064510345,0.5792143035325397,1.0,-0.0133527033741828,11,main_report,51,4,2,False
S_COMPACT_MIX,S0,7,aiops2025,-0.0511904761904761,exp_silhouette_encoding,exp_silhouette_encoding:main_report:aiops2025,1.0,False,qwen3.8-27b,70,1.1026538128673866,0.3214047587075961,1.0,-0.2006697494430188,4,main_report,59,5,1,False
S_DENSITY_COMPACT,S0,8,aiops2025,-0.0404761904761904,exp_silhouette_encoding,exp_silhouette_encoding:main_report:aiops2025,1.0,False,qwen3.8-27b,70,1.0459025611389454,0.2506553848956047,1.0,-0.1358932180672567,4,main_report,58,4,1,False
S_G_LAYERED,S0,7,aiops2025,-0.0126190476190476,exp_silhouette_encoding,exp_silhouette_encoding:main_report:aiops2025,1.0,False,qwen3.8-27b,70,1.01999864085397,0.7719004998501706,1.0,-0.0427647015468002,6,main_report,57,4,2,False
S_G_MATRIX,S0,6,aiops2025,0.0011904761904761,exp_silhouette_encoding,exp_silhouette_encoding:main_report:aiops2025,1.0,False,qwen3.8-27b,70,1.0579596549042676,0.631961149202767,1.0,0.0035316876125346,8,main_report,56,4,4,False
S_L_MATRIX,S0,4,aiops2025,0.0059523809523809,exp_silhouette_encoding,exp_silhouette_encoding:main_report:aiops2025,1.0,False,qwen3.8-27b,70,1.0204658017818298,0.1987698421960804,1.0,0.0215132544550508,9,main_report,57,3,2,False
S_M_HEATMAP,S0,8,aiops2025,-0.0226190476190476,exp_silhouette_encoding,exp_silhouette_encoding:main_report:aiops2025,1.0,False,qwen3.8-27b,70,1.050848818712672,0.9363934566376886,1.0,-0.064135499343942,8,main_report,54,5,3,False
S_M_OVERLAY,S0,7,aiops2025,-0.0059523809523809,exp_silhouette_encoding,exp_silhouette_encoding:main_report:aiops2025,1.0,False,qwen3.8-27b,70,1.0309148211034185,0.7885030171445016,1.0,-0.0212358825421692,6,main_report,57,3,3,False
S_M_TIME_BARS,S0,7,aiops2025,-0.0226190476190476,exp_silhouette_encoding,exp_silhouette_encoding:main_report:aiops2025,1.0,False,qwen3.8-27b,70,1.0231895924001742,0.5641727073244313,1.0,-0.0703261342253367,5,main_report,58,4,2,False
S_R_DUMBBELL,S0,7,aiops2025,-0.0333333333333333,exp_silhouette_encoding,exp_silhouette_encoding:main_report:aiops2025,1.0,False,qwen3.8-27b,70,0.9963354637244616,0.8930681470994144,1.0,-0.1175616055378836,7,main_report,56,4,1,False
S_R_PAIRED_BARS,S0,7,aiops2025,-0.044047619047619,exp_silhouette_encoding,exp_silhouette_encoding:main_report:aiops2025,1.0,False,qwen3.8-27b,70,0.9823110816909536,0.3374879381923389,1.0,-0.1591144312956576,4,main_report,59,5,1,False
S_TABLE,S0,10,aiops2025,-0.0202380952380952,exp_silhouette_encoding,exp_silhouette_encoding:main_report:aiops2025,1.0,False,qwen3.8-27b,70,1.0609489829318903,0.9354608309419796,1.0,-0.0538984514699469,10,main_report,50,6,4,False
S_COMPACT_MIX,S0,25,pooled_descriptive,0.0055555555555555,exp_silhouette_encoding,exp_silhouette_encoding:main_report:pooled_descriptive,1.0,False,qwen3.8-27b,210,1.0604080043212545,0.7170584276184442,1.0,0.017616664716752,28,main_report,157,11,12,False
S_DENSITY_COMPACT,S0,25,pooled_descriptive,0.0107142857142857,exp_silhouette_encoding,exp_silhouette_encoding:main_report:pooled_descriptive,1.0,False,qwen3.8-27b,210,1.0652273913973676,0.9218687219898876,1.0,0.0326772117870681,25,main_report,160,9,13,False
S_G_LAYERED,S0,15,pooled_descriptive,0.0422222222222222,exp_silhouette_encoding,exp_silhouette_encoding:main_report:pooled_descriptive,1.0,False,qwen3.8-27b,210,1.024718316981176,0.0401911578350586,0.803823156701172,0.1532045095576211,28,main_report,167,5,10,False
S_G_MATRIX,S0,23,pooled_descriptive,0.0079365079365079,exp_silhouette_encoding,exp_silhouette_encoding:main_report:pooled_descriptive,1.0,False,qwen3.8-27b,210,1.0533998665458872,0.5051553979032417,1.0,0.0247924789745508,28,main_report,159,11,11,False
S_L_MATRIX,S0,17,pooled_descriptive,0.0138888888888888,exp_silhouette_encoding,exp_silhouette_encoding:main_report:pooled_descriptive,1.0,False,qwen3.8-27b,210,1.0612603011666026,0.1879908137687572,1.0,0.0466024634133498,26,main_report,167,9,11,False
S_M_HEATMAP,S0,31,pooled_descriptive,-0.0357142857142857,exp_silhouette_encoding,exp_silhouette_encoding:main_report:pooled_descriptive,1.0,False,qwen3.8-27b,210,1.101036636654009,0.1858319124105122,1.0,-0.1097428228586278,22,main_report,157,15,9,False
S_M_OVERLAY,S0,25,pooled_descriptive,0.0192063492063492,exp_silhouette_encoding,exp_silhouette_encoding:main_report:pooled_descriptive,1.0,False,qwen3.8-27b,210,1.071636421144916,0.2816549550767981,1.0,0.0595314409722922,33,main_report,152,9,15,False
S_M_TIME_BARS,S0,27,pooled_descriptive,0.0017460317460317,exp_silhouette_encoding,exp_silhouette_encoding:main_report:pooled_descriptive,1.0,False,qwen3.8-27b,210,1.0421273169965812,0.799571265670844,1.0,0.0048185493385218,29,main_report,154,13,12,False
S_R_DUMBBELL,S0,21,pooled_descriptive,0.0115079365079365,exp_silhouette_encoding,exp_silhouette_encoding:main_report:pooled_descriptive,1.0,False,qwen3.8-27b,210,1.032982475615967,0.413219322816742,1.0,0.0378983868987705,27,main_report,162,8,12,False
S_R_PAIRED_BARS,S0,23,pooled_descriptive,0.0234126984126984,exp_silhouette_encoding,exp_silhouette_encoding:main_report:pooled_descriptive,1.0,False,qwen3.8-27b,210,1.032860129609969,0.3219708596179641,1.0,0.0702126539593068,30,main_report,157,10,15,False
S_TABLE,S0,38,pooled_descriptive,-0.0192857142857142,exp_silhouette_encoding,exp_silhouette_encoding:main_report:pooled_descriptive,1.0,False,qwen3.8-27b,210,1.0780481447290549,0.5886591789716125,1.0,-0.0504300204509761,34,main_report,138,16,14,False
S_COMPACT_MIX,S0,20,aegislab,-0.0133333333333333,exp_silhouette_encoding,exp_silhouette_encoding:all:aegislab,1.0,False,qwen3.8-27b,100,1.0886748256078658,0.6147288674343663,1.0,-0.0356205571944263,17,all,63,8,8,False
S_DENSITY_COMPACT,S0,16,aegislab,0.0333333333333333,exp_silhouette_encoding,exp_silhouette_encoding:all:aegislab,1.0,False,qwen3.8-27b,100,1.1054197749906816,0.7137703480817779,1.0,0.0925820099772551,17,all,67,5,10,False
S_G_LAYERED,S0,7,aegislab,0.055,exp_silhouette_encoding,exp_silhouette_encoding:all:aegislab,1.0,False,qwen3.8-27b,100,1.0389452531623629,0.0518478388598042,1.0,0.2028101760133434,16,all,77,2,5,False
S_G_MATRIX,S0,16,aegislab,-0.0166666666666666,exp_silhouette_encoding,exp_silhouette_encoding:all:aegislab,1.0,False,qwen3.8-27b,100,1.038172147678576,0.5968484003295212,1.0,-0.0509747505815417,13,all,71,7,4,False
S_L_MATRIX,S0,11,aegislab,0.0033333333333333,exp_silhouette_encoding,exp_silhouette_encoding:all:aegislab,1.0,False,qwen3.8-27b,100,1.1044344307796017,0.96398515203909,1.0,0.0107927889013766,11,all,78,5,6,False
S_M_HEATMAP,S0,18,aegislab,-0.0566666666666666,exp_silhouette_encoding,exp_silhouette_encoding:all:aegislab,1.0,False,qwen3.8-27b,100,1.1602193849646425,0.1688441279299232,1.0,-0.1694786705669206,11,all,71,8,4,False
S_M_OVERLAY,S0,13,aegislab,0.035,exp_silhouette_encoding,exp_silhouette_encoding:all:aegislab,1.0,False,qwen3.8-27b,100,1.1116099945875757,0.3087869369954954,1.0,0.1094295254117644,18,all,69,4,10,False
S_M_TIME_BARS,S0,17,aegislab,-0.0249999999999999,exp_silhouette_encoding,exp_silhouette_encoding:all:aegislab,1.0,False,qwen3.8-27b,100,1.0648349071257577,0.5991823377086636,1.0,-0.0702976793864595,14,all,69,7,4,False
S_R_DUMBBELL,S0,13,aegislab,0.0483333333333333,exp_silhouette_encoding,exp_silhouette_encoding:all:aegislab,1.0,False,qwen3.8-27b,100,1.043295524336913,0.3079584415215801,1.0,0.1344492372892936,18,all,69,4,11,False
S_R_PAIRED_BARS,S0,13,aegislab,0.0483333333333333,exp_silhouette_encoding,exp_silhouette_encoding:all:aegislab,1.0,False,qwen3.8-27b,100,1.0651476520961205,0.1979524426961537,1.0,0.1341582779634591,20,all,67,5,10,False
S_TABLE,S0,22,aegislab,-0.0183333333333333,exp_silhouette_encoding,exp_silhouette_encoding:all:aegislab,1.0,False,qwen3.8-27b,100,1.0629308731288472,0.5633484137850282,1.0,-0.0457711690101455,18,all,60,8,8,False
S_COMPACT_MIX,S0,6,aiops2022,0.0388333333333333,exp_silhouette_encoding,exp_silhouette_encoding:all:aiops2022,1.0,False,qwen3.8-27b,100,1.0082451901894776,0.1412277133528881,1.0,0.1630111592518489,12,all,82,1,3,False
S_DENSITY_COMPACT,S0,4,aiops2022,0.0433333333333333,exp_silhouette_encoding,exp_silhouette_encoding:all:aiops2022,1.0,False,qwen3.8-27b,100,1.0200604657788332,0.0718521022127662,1.0,0.1688485732092194,11,all,85,2,4,False
S_G_LAYERED,S0,6,aiops2022,0.048,exp_silhouette_encoding,exp_silhouette_encoding:all:aiops2022,1.0,False,qwen3.8-27b,100,1.1045822259171585,0.137787644798909,1.0,0.1998252542284949,12,all,82,0,4,False
S_G_MATRIX,S0,8,aiops2022,0.0271666666666666,exp_silhouette_encoding,exp_silhouette_encoding:all:aiops2022,1.0,False,qwen3.8-27b,100,1.0898967821527137,0.2677920159540738,1.0,0.1001906338814179,13,all,79,3,4,False
S_L_MATRIX,S0,7,aiops2022,0.023,exp_silhouette_encoding,exp_silhouette_encoding:all:aiops2022,1.0,False,qwen3.8-27b,100,1.1321433272434045,0.4436042241340967,1.0,0.0891846054287478,10,all,83,2,4,False
S_M_HEATMAP,S0,12,aiops2022,-0.0245,exp_silhouette_encoding,exp_silhouette_encoding:all:aiops2022,1.0,False,qwen3.8-27b,100,1.0682277870995538,0.1625331828165352,1.0,-0.0991690722994,6,all,82,5,3,False
S_M_OVERLAY,S0,10,aiops2022,0.0233333333333333,exp_silhouette_encoding,exp_silhouette_encoding:all:aiops2022,1.0,False,qwen3.8-27b,100,1.0508231436879787,0.4038008510838785,1.0,0.0756095961540701,14,all,76,3,4,False
S_M_TIME_BARS,S0,7,aiops2022,0.06,exp_silhouette_encoding,exp_silhouette_encoding:all:aiops2022,1.0,False,qwen3.8-27b,100,1.0655873002465177,0.0790493160719978,1.0,0.193571108282722,15,all,78,2,7,False
S_R_DUMBBELL,S0,7,aiops2022,-0.0078333333333333,exp_silhouette_encoding,exp_silhouette_encoding:all:aiops2022,1.0,False,qwen3.8-27b,100,1.0213050282115106,0.7703731362576456,1.0,-0.0336209243575948,6,all,87,3,2,False
S_R_PAIRED_BARS,S0,7,aiops2022,0.0563333333333333,exp_silhouette_encoding,exp_silhouette_encoding:all:aiops2022,1.0,False,qwen3.8-27b,100,1.0534617456131452,0.1146747078047893,1.0,0.1850978071141018,14,all,79,2,7,False
S_TABLE,S0,13,aiops2022,-0.02,exp_silhouette_encoding,exp_silhouette_encoding:all:aiops2022,1.0,False,qwen3.8-27b,100,1.0951763208095628,0.6372993742766184,1.0,-0.0714896951390733,11,all,76,4,2,False
S_COMPACT_MIX,S0,11,aiops2025,-0.0525,exp_silhouette_encoding,exp_silhouette_encoding:all:aiops2025,1.0,False,qwen3.8-27b,100,1.1036734231524925,0.117399780816945,1.0,-0.2111513185546444,5,all,84,6,1,False
S_DENSITY_COMPACT,S0,9,aiops2025,-0.0266666666666666,exp_silhouette_encoding,exp_silhouette_encoding:all:aiops2025,1.0,False,qwen3.8-27b,100,1.0434985302758024,0.4292529959783373,1.0,-0.1029895475627179,6,all,85,4,1,False
S_G_LAYERED,S0,8,aiops2025,-0.0071666666666666,exp_silhouette_encoding,exp_silhouette_encoding:all:aiops2025,1.0,False,qwen3.8-27b,100,1.0299083397792783,0.978463170416418,1.0,-0.027879558669563,8,all,84,5,2,False
S_G_MATRIX,S0,6,aiops2025,0.0025,exp_silhouette_encoding,exp_silhouette_encoding:all:aiops2025,1.0,False,qwen3.8-27b,100,1.0541429807379292,0.4708143793316786,1.0,0.0088683157383715,9,all,85,4,4,False
S_L_MATRIX,S0,4,aiops2025,0.0275,exp_silhouette_encoding,exp_silhouette_encoding:all:aiops2025,1.0,False,qwen3.8-27b,100,1.0047878215006596,0.0234457376549644,0.4923604907542541,0.1056375325336715,14,all,82,3,3,False
S_M_HEATMAP,S0,11,aiops2025,-0.0099999999999999,exp_silhouette_encoding,exp_silhouette_encoding:all:aiops2025,1.0,False,qwen3.8-27b,100,1.052783899503796,0.8958855915872785,1.0,-0.0306194272306535,12,all,77,5,4,False
S_M_OVERLAY,S0,9,aiops2025,0.0033333333333333,exp_silhouette_encoding,exp_silhouette_encoding:all:aiops2025,1.0,False,qwen3.8-27b,100,1.0457549388858285,0.687702866020514,1.0,0.0131656561009707,11,all,80,3,3,False
S_M_TIME_BARS,S0,9,aiops2025,-0.0016666666666666,exp_silhouette_encoding,exp_silhouette_encoding:all:aiops2025,1.0,False,qwen3.8-27b,100,1.0080618557373335,0.8443630447791048,1.0,-0.0054322257203186,10,all,81,4,4,False
S_R_DUMBBELL,S0,8,aiops2025,-0.0183333333333333,exp_silhouette_encoding,exp_silhouette_encoding:all:aiops2025,1.0,False,qwen3.8-27b,100,1.0277950942119167,0.8931905073507813,1.0,-0.0740787016503802,9,all,83,4,1,False
S_R_PAIRED_BARS,S0,9,aiops2025,-0.025,exp_silhouette_encoding,exp_silhouette_encoding:all:aiops2025,1.0,False,qwen3.8-27b,100,1.0244182232896806,0.5763005688372751,1.0,-0.1022031629558066,7,all,84,5,1,False
S_TABLE,S0,13,aiops2025,-0.0158333333333333,exp_silhouette_encoding,exp_silhouette_encoding:all:aiops2025,1.0,False,qwen3.8-27b,100,1.070046330816076,0.8141931039703816,1.0,-0.0429056814568287,15,all,72,8,6,False
S_COMPACT_MIX,S0,17,re2_ob,0.0009259259259259,exp_silhouette_encoding,exp_silhouette_encoding:all:re2_ob,1.0,False,qwen3.8-27b,90,1.021892268024109,0.9323433625409112,1.0,0.0024866240959706,18,all,55,11,10,False
S_DENSITY_COMPACT,S0,17,re2_ob,-0.0092592592592592,exp_silhouette_encoding,exp_silhouette_encoding:all:re2_ob,1.0,False,qwen3.8-27b,90,0.9700101655352504,0.9225926000878508,1.0,-0.0261330119873504,17,all,56,10,7,False
S_G_LAYERED,S0,17,re2_ob,0.0064814814814814,exp_silhouette_encoding,exp_silhouette_encoding:all:re2_ob,1.0,False,qwen3.8-27b,90,1.0492069000459574,0.6891717500475538,1.0,0.0168669939622375,20,all,53,9,9,False
S_G_MATRIX,S0,20,re2_ob,0.0064814814814814,exp_silhouette_encoding,exp_silhouette_encoding:all:re2_ob,1.0,False,qwen3.8-27b,90,0.9989698388841992,0.9522932667876766,1.0,0.0164547993053227,20,all,50,13,11,False
S_L_MATRIX,S0,16,re2_ob,-0.012037037037037,exp_silhouette_encoding,exp_silhouette_encoding:all:re2_ob,1.0,False,qwen3.8-27b,90,1.0127777588392068,0.4867770887223099,1.0,-0.0366939502636468,12,all,62,9,8,False
S_M_HEATMAP,S0,12,re2_ob,0.0472222222222222,exp_silhouette_encoding,exp_silhouette_encoding:all:re2_ob,1.0,False,qwen3.8-27b,90,0.998433745605494,0.1552730357083319,1.0,0.1436940996850331,20,all,58,7,11,False
S_M_OVERLAY,S0,17,re2_ob,0.0157407407407407,exp_silhouette_encoding,exp_silhouette_encoding:all:re2_ob,1.0,False,qwen3.8-27b,90,1.0160966582130788,0.5596301623861644,1.0,0.0389434990342172,21,all,52,11,13,False
S_M_TIME_BARS,S0,12,re2_ob,0.0166666666666666,exp_silhouette_encoding,exp_silhouette_encoding:all:re2_ob,1.0,False,qwen3.8-27b,90,1.029151764794129,0.4170552627885082,1.0,0.0454894076957341,17,all,61,10,10,False
S_R_DUMBBELL,S0,11,re2_ob,0.0046296296296296,exp_silhouette_encoding,exp_silhouette_encoding:all:re2_ob,1.0,False,qwen3.8-27b,90,0.9748573275884556,0.6024021752422755,1.0,0.0137698730795338,14,all,65,9,7,False
S_R_PAIRED_BARS,S0,13,re2_ob,-0.0018518518518518,exp_silhouette_encoding,exp_silhouette_encoding:all:re2_ob,1.0,False,qwen3.8-27b,90,1.0006016233069892,0.8970794173440233,1.0,-0.0055018130379436,14,all,63,10,9,False
S_TABLE,S0,35,re2_ob,-0.1824074074074074,exp_silhouette_encoding,exp_silhouette_encoding:all:re2_ob,1.0,False,qwen3.8-27b,90,0.9800377024822772,0.0004620968916101,0.0097040347238141,-0.3909606516723094,12,all,43,21,6,False
S_COMPACT_MIX,S0,19,re2_tt,-0.0722222222222222,exp_silhouette_encoding,exp_silhouette_encoding:all:re2_tt,1.0,False,qwen3.8-27b,90,1.03706128307538,0.0849047881635899,1.0,-0.1944271201482298,10,all,61,10,7,False
S_DENSITY_COMPACT,S0,18,re2_tt,-0.0851851851851851,exp_silhouette_encoding,exp_silhouette_encoding:all:re2_tt,1.0,False,qwen3.8-27b,90,1.0700597914466252,0.0131396646220229,0.2500543871916016,-0.2636449625031453,6,all,66,10,3,False
S_G_LAYERED,S0,13,re2_tt,0.037037037037037,exp_silhouette_encoding,exp_silhouette_encoding:all:re2_tt,1.0,False,qwen3.8-27b,90,1.0212684805936745,0.4029220303398759,1.0,0.0973714403747859,17,all,60,5,12,False
S_G_MATRIX,S0,18,re2_tt,-0.0296296296296296,exp_silhouette_encoding,exp_silhouette_encoding:all:re2_tt,1.0,False,qwen3.8-27b,90,1.0336184746889514,0.2483845898190808,1.0,-0.0782694991613775,11,all,61,7,8,False
S_L_MATRIX,S0,12,re2_tt,-0.0277777777777777,exp_silhouette_encoding,exp_silhouette_encoding:all:re2_tt,1.0,False,qwen3.8-27b,90,1.076217033709559,0.2534409251523986,1.0,-0.1104921028901947,7,all,71,3,3,False
S_M_HEATMAP,S0,15,re2_tt,-0.0425925925925925,exp_silhouette_encoding,exp_silhouette_encoding:all:re2_tt,1.0,False,qwen3.8-27b,90,1.057042400650675,0.3021257302486194,1.0,-0.123171905001391,10,all,65,8,6,False
S_M_OVERLAY,S0,16,re2_tt,-0.0259259259259259,exp_silhouette_encoding,exp_silhouette_encoding:all:re2_tt,1.0,False,qwen3.8-27b,90,1.0589073441954708,0.5498932175267939,1.0,-0.0726683143448103,13,all,61,5,6,False
S_M_TIME_BARS,S0,13,re2_tt,0.0037037037037037,exp_silhouette_encoding,exp_silhouette_encoding:all:re2_tt,1.0,False,qwen3.8-27b,90,1.0733218709171914,0.8597676499609916,1.0,0.0104827836508882,14,all,63,7,8,False
S_R_DUMBBELL,S0,20,re2_tt,-0.0944444444444444,exp_silhouette_encoding,exp_silhouette_encoding:all:re2_tt,1.0,False,qwen3.8-27b,90,1.0773729600679132,0.01250271935958,0.2500543871916016,-0.2595903438830564,7,all,63,9,4,False
S_R_PAIRED_BARS,S0,18,re2_tt,-0.0685185185185185,exp_silhouette_encoding,exp_silhouette_encoding:all:re2_tt,1.0,False,qwen3.8-27b,90,1.0482493061902882,0.1123128549247726,1.0,-0.1892948280622056,10,all,62,11,6,False
S_TABLE,S0,33,re2_tt,-0.1555555555555555,exp_silhouette_encoding,exp_silhouette_encoding:all:re2_tt,1.0,False,qwen3.8-27b,90,1.0392235482972287,0.000752936522283,0.016564603490228,-0.3595845039650755,11,all,46,15,5,False
S_COMPACT_MIX,S0,73,pooled_descriptive,-0.0189930555555555,exp_silhouette_encoding,exp_silhouette_encoding:all:pooled_descriptive,1.0,False,qwen3.8-27b,480,1.0528440906123702,0.2911111901355345,1.0,-0.058223855649944,62,all,345,36,29,False
S_DENSITY_COMPACT,S0,64,pooled_descriptive,-0.0072916666666666,exp_silhouette_encoding,exp_silhouette_encoding:all:pooled_descriptive,1.0,False,qwen3.8-27b,480,1.042717027568543,0.5213802834769546,1.0,-0.0231647701872023,57,all,359,31,25,False
S_G_LAYERED,S0,51,pooled_descriptive,0.028125,exp_silhouette_encoding,exp_silhouette_encoding:all:pooled_descriptive,1.0,False,qwen3.8-27b,480,1.0493465961321808,0.0418994695054139,0.7960899206028648,0.0909163028108748,73,all,356,21,32,False
S_G_MATRIX,S0,68,pooled_descriptive,-0.0016319444444444,exp_silhouette_encoding,exp_silhouette_encoding:all:pooled_descriptive,1.0,False,qwen3.8-27b,480,1.0440711234968865,0.8809119530090153,1.0,-0.0049305100460142,66,all,346,34,31,False
S_L_MATRIX,S0,50,pooled_descriptive,0.00375,exp_silhouette_encoding,exp_silhouette_encoding:all:pooled_descriptive,1.0,False,qwen3.8-27b,480,1.0669710193369906,0.694210691746314,1.0,0.0132887414532586,54,all,376,22,24,False
S_M_HEATMAP,S0,68,pooled_descriptive,-0.018125,exp_silhouette_encoding,exp_silhouette_encoding:all:pooled_descriptive,1.0,False,qwen3.8-27b,480,1.0689915839996966,0.3776284822042108,1.0,-0.056948199686398,59,all,353,33,28,False
S_M_OVERLAY,S0,65,pooled_descriptive,0.0109375,exp_silhouette_encoding,exp_silhouette_encoding:all:pooled_descriptive,1.0,False,qwen3.8-27b,480,1.057435766526891,0.325420657724177,1.0,0.0332041899393581,77,all,338,26,36,False
S_M_TIME_BARS,S0,58,pooled_descriptive,0.0107638888888888,exp_silhouette_encoding,exp_silhouette_encoding:all:pooled_descriptive,1.0,False,qwen3.8-27b,480,1.048064653177041,0.3100254055446669,1.0,0.0318227793377753,70,all,352,30,33,False
S_R_DUMBBELL,S0,59,pooled_descriptive,-0.0122222222222222,exp_silhouette_encoding,exp_silhouette_encoding:all:pooled_descriptive,1.0,False,qwen3.8-27b,480,1.02904227201064,0.5842747090213022,1.0,-0.0389854398588488,54,all,367,29,25,False
S_R_PAIRED_BARS,S0,60,pooled_descriptive,0.0034027777777777,exp_silhouette_encoding,exp_silhouette_encoding:all:pooled_descriptive,1.0,False,qwen3.8-27b,480,1.0389569703221866,0.6819320314076982,1.0,0.0104573404291865,65,all,355,33,33,False
S_TABLE,S0,116,pooled_descriptive,-0.0746527777777777,exp_silhouette_encoding,exp_silhouette_encoding:all:pooled_descriptive,1.0,False,qwen3.8-27b,480,1.0511434688450083,0.0001209029701227,0.0026598653427015,-0.1877396581736213,67,all,297,56,27,False
S_COMPACT_MIX,S0,4,aegislab,-0.0333333333333333,exp_silhouette_encoding,exp_silhouette_encoding:selection:aegislab,1.0,False,gemma-4-26b-a4b,30,1.0392914206560204,0.7054569861112734,1.0,-0.068008818266762,3,selection,23,4,3,False
S_DENSITY_COMPACT,S0,0,aegislab,0.0333333333333333,exp_silhouette_encoding,exp_silhouette_encoding:selection:aegislab,1.0,False,gemma-4-26b-a4b,30,1.0317605827464784,0.3173105078629141,1.0,0.1825741858350554,1,selection,29,0,1,False
S_G_LAYERED,S0,1,aegislab,0.0,exp_silhouette_encoding,exp_silhouette_encoding:selection:aegislab,1.0,False,gemma-4-26b-a4b,30,0.9557457524619613,1.0,1.0,0.0,1,selection,28,1,1,False
S_G_MATRIX,S0,2,aegislab,-0.0333333333333333,exp_silhouette_encoding,exp_silhouette_encoding:selection:aegislab,1.0,False,gemma-4-26b-a4b,30,0.9811295615149488,0.5637028616507731,1.0,-0.1042181520704228,1,selection,27,2,1,False
S_L_MATRIX,S0,1,aegislab,0.0,exp_silhouette_encoding,exp_silhouette_encoding:selection:aegislab,1.0,False,gemma-4-26b-a4b,30,1.0272025383959758,1.0,1.0,0.0,1,selection,28,1,1,False
S_M_HEATMAP,S0,5,aegislab,-0.1333333333333333,exp_silhouette_encoding,exp_silhouette_encoding:selection:aegislab,1.0,False,gemma-4-26b-a4b,30,1.0517490374205842,0.1024704348597493,1.0,-0.3070976116635082,1,selection,24,5,1,False
S_M_OVERLAY,S0,0,aegislab,0.0333333333333333,exp_silhouette_encoding,exp_silhouette_encoding:selection:aegislab,1.0,False,gemma-4-26b-a4b,30,1.0598521994184251,0.3173105078629141,1.0,0.1825741858350553,1,selection,29,0,1,False
S_M_TIME_BARS,S0,2,aegislab,0.0,exp_silhouette_encoding,exp_silhouette_encoding:selection:aegislab,1.0,False,gemma-4-26b-a4b,30,1.0306484469610564,1.0,1.0,0.0,2,selection,26,2,2,False
S_R_DUMBBELL,S0,1,aegislab,-0.0333333333333333,exp_silhouette_encoding,exp_silhouette_encoding:selection:aegislab,1.0,False,gemma-4-26b-a4b,30,1.0122894665673772,0.3173105078629141,1.0,-0.1825741858350554,0,selection,29,1,0,False
S_R_PAIRED_BARS,S0,1,aegislab,-0.0333333333333333,exp_silhouette_encoding,exp_silhouette_encoding:selection:aegislab,1.0,False,gemma-4-26b-a4b,30,1.0778537800883137,0.3173105078629141,1.0,-0.1825741858350554,0,selection,29,1,0,False
S_TABLE,S0,5,aegislab,-0.1,exp_silhouette_encoding,exp_silhouette_encoding:selection:aegislab,1.0,False,gemma-4-26b-a4b,30,1.0868571154499207,0.2568392579578565,1.0,-0.2080470670054068,2,selection,23,5,2,False
S_COMPACT_MIX,S0,2,aiops2022,0.0,exp_silhouette_encoding,exp_silhouette_encoding:selection:aiops2022,1.0,False,gemma-4-26b-a4b,30,1.0611015486678537,1.0,1.0,0.0,2,selection,26,2,2,False
S_DENSITY_COMPACT,S0,1,aiops2022,0.0,exp_silhouette_encoding,exp_silhouette_encoding:selection:aiops2022,1.0,False,gemma-4-26b-a4b,30,1.0431651624106322,1.0,1.0,0.0,1,selection,28,1,1,False
S_G_LAYERED,S0,0,aiops2022,0.0,exp_silhouette_encoding,exp_silhouette_encoding:selection:aiops2022,1.0,False,gemma-4-26b-a4b,30,0.9537613376674696,1.0,1.0,,0,selection,30,0,0,True
S_G_MATRIX,S0,1,aiops2022,0.0,exp_silhouette_encoding,exp_silhouette_encoding:selection:aiops2022,1.0,False,gemma-4-26b-a4b,30,1.0556386013578616,1.0,1.0,0.0,1,selection,28,1,1,False
S_L_MATRIX,S0,1,aiops2022,-0.0333333333333333,exp_silhouette_encoding,exp_silhouette_encoding:selection:aiops2022,1.0,False,gemma-4-26b-a4b,30,0.9941389801949894,0.3173105078629141,1.0,-0.1825741858350554,0,selection,29,1,0,False
S_M_HEATMAP,S0,0,aiops2022,0.1,exp_silhouette_encoding,exp_silhouette_encoding:selection:aiops2022,1.0,False,gemma-4-26b-a4b,30,1.0331839523180688,0.0832645166635504,1.0,0.327730693416725,3,selection,27,0,3,False
S_M_OVERLAY,S0,1,aiops2022,0.0666666666666666,exp_silhouette_encoding,exp_silhouette_encoding:selection:aiops2022,1.0,False,gemma-4-26b-a4b,30,1.0056505450977566,0.3173105078629141,1.0,0.1825741858350553,3,selection,26,1,3,False
S_M_TIME_BARS,S0,1,aiops2022,0.0666666666666666,exp_silhouette_encoding,exp_silhouette_encoding:selection:aiops2022,1.0,False,gemma-4-26b-a4b,30,1.051850553711268,0.3173105078629141,1.0,0.1825741858350553,3,selection,26,1,3,False
S_R_DUMBBELL,S0,0,aiops2022,0.0,exp_silhouette_encoding,exp_silhouette_encoding:selection:aiops2022,1.0,False,gemma-4-26b-a4b,30,1.007010501221167,1.0,1.0,,0,selection,30,0,0,True
S_R_PAIRED_BARS,S0,0,aiops2022,0.0,exp_silhouette_encoding,exp_silhouette_encoding:selection:aiops2022,1.0,False,gemma-4-26b-a4b,30,1.0430911361043895,1.0,1.0,,0,selection,30,0,0,True
S_TABLE,S0,1,aiops2022,0.0333333333333333,exp_silhouette_encoding,exp_silhouette_encoding:selection:aiops2022,1.0,False,gemma-4-26b-a4b,30,1.0593583247817988,0.5637028616507731,1.0,0.1042181520704228,2,selection,27,1,2,False
S_COMPACT_MIX,S0,5,aiops2025,-0.1,exp_silhouette_encoding,exp_silhouette_encoding:selection:aiops2025,1.0,False,gemma-4-26b-a4b,30,1.0006869737758055,0.2568392579578565,1.0,-0.2080470670054068,2,selection,23,5,2,False
S_DENSITY_COMPACT,S0,1,aiops2025,-0.0333333333333333,exp_silhouette_encoding,exp_silhouette_encoding:selection:aiops2025,1.0,False,gemma-4-26b-a4b,30,0.9772816939882224,0.3173105078629141,1.0,-0.1825741858350553,0,selection,29,1,0,False
S_G_LAYERED,S0,0,aiops2025,0.0666666666666666,exp_silhouette_encoding,exp_silhouette_encoding:selection:aiops2025,1.0,False,gemma-4-26b-a4b,30,0.994706321351402,0.1572992070502851,1.0,0.2627691364061217,2,selection,28,0,2,False
S_G_MATRIX,S0,1,aiops2025,0.0333333333333333,exp_silhouette_encoding,exp_silhouette_encoding:selection:aiops2025,1.0,False,gemma-4-26b-a4b,30,0.9337756852093418,0.5637028616507731,1.0,0.1042181520704228,2,selection,27,1,2,False
S_L_MATRIX,S0,1,aiops2025,0.0,exp_silhouette_encoding,exp_silhouette_encoding:selection:aiops2025,1.0,False,gemma-4-26b-a4b,30,1.0495864057685629,1.0,1.0,0.0,1,selection,28,1,1,False
S_M_HEATMAP,S0,4,aiops2025,-0.1,exp_silhouette_encoding,exp_silhouette_encoding:selection:aiops2025,1.0,False,gemma-4-26b-a4b,30,0.9653235324671842,0.1797124948789997,1.0,-0.2483991297480216,1,selection,25,4,1,False
S_M_OVERLAY,S0,2,aiops2025,0.0,exp_silhouette_encoding,exp_silhouette_encoding:selection:aiops2025,1.0,False,gemma-4-26b-a4b,30,0.9833848715753376,1.0,1.0,0.0,2,selection,26,2,2,False
S_M_TIME_BARS,S0,2,aiops2025,0.0,exp_silhouette_encoding,exp_silhouette_encoding:selection:aiops2025,1.0,False,gemma-4-26b-a4b,30,0.9850132042926484,1.0,1.0,0.0,2,selection,26,2,2,False
S_R_DUMBBELL,S0,2,aiops2025,0.0,exp_silhouette_encoding,exp_silhouette_encoding:selection:aiops2025,1.0,False,gemma-4-26b-a4b,30,1.0557034704067902,1.0,1.0,0.0,2,selection,26,2,2,False
S_R_PAIRED_BARS,S0,2,aiops2025,0.0,exp_silhouette_encoding,exp_silhouette_encoding:selection:aiops2025,1.0,False,gemma-4-26b-a4b,30,1.0259140353562433,1.0,1.0,0.0,2,selection,26,2,2,False
S_TABLE,S0,5,aiops2025,-0.0333333333333333,exp_silhouette_encoding,exp_silhouette_encoding:selection:aiops2025,1.0,False,gemma-4-26b-a4b,30,0.9930850532280016,0.7388826803635273,1.0,-0.0599462791310725,4,selection,21,5,4,False
S_COMPACT_MIX,S0,11,pooled_descriptive,-0.0444444444444444,exp_silhouette_encoding,exp_silhouette_encoding:selection:pooled_descriptive,1.0,False,gemma-4-26b-a4b,90,1.0336933143665603,0.3457785861511603,1.0,-0.0993188215702021,7,selection,72,11,7,False
S_DENSITY_COMPACT,S0,2,pooled_descriptive,0.0,exp_silhouette_encoding,exp_silhouette_encoding:selection:pooled_descriptive,1.0,False,gemma-4-26b-a4b,90,1.0174024797151109,1.0,1.0,0.0,2,selection,86,2,2,False
S_G_LAYERED,S0,1,pooled_descriptive,0.0222222222222222,exp_silhouette_encoding,exp_silhouette_encoding:selection:pooled_descriptive,1.0,False,gemma-4-26b-a4b,90,0.9680711371602776,0.3173105078629141,1.0,0.105409255338946,3,selection,86,1,3,False
S_G_MATRIX,S0,4,pooled_descriptive,0.0,exp_silhouette_encoding,exp_silhouette_encoding:selection:pooled_descriptive,1.0,False,gemma-4-26b-a4b,90,0.9901812826940508,1.0,1.0,0.0,4,selection,82,4,4,False
S_L_MATRIX,S0,3,pooled_descriptive,-0.0111111111111111,exp_silhouette_encoding,exp_silhouette_encoding:selection:pooled_descriptive,1.0,False,gemma-4-26b-a4b,90,1.0236426414531756,0.6547208460185769,1.0,-0.0469300025814138,2,selection,85,3,2,False
S_M_HEATMAP,S0,9,pooled_descriptive,-0.0444444444444444,exp_silhouette_encoding,exp_silhouette_encoding:selection:pooled_descriptive,1.0,False,gemma-4-26b-a4b,90,1.0167521740686123,0.2850494074026127,1.0,-0.1127777821776601,5,selection,76,9,5,False
S_M_OVERLAY,S0,3,pooled_descriptive,0.0333333333333333,exp_silhouette_encoding,exp_silhouette_encoding:selection:pooled_descriptive,1.0,False,gemma-4-26b-a4b,90,1.0162958720305069,0.3173105078629141,1.0,0.1054092553389459,6,selection,81,3,6,False
S_M_TIME_BARS,S0,5,pooled_descriptive,0.0222222222222222,exp_silhouette_encoding,exp_silhouette_encoding:selection:pooled_descriptive,1.0,False,gemma-4-26b-a4b,90,1.0225040683216575,0.5637028616507731,1.0,0.0606314017089568,7,selection,78,5,7,False
S_R_DUMBBELL,S0,3,pooled_descriptive,-0.0111111111111111,exp_silhouette_encoding,exp_silhouette_encoding:selection:pooled_descriptive,1.0,False,gemma-4-26b-a4b,90,1.0250011460651116,0.6547208460185769,1.0,-0.0469300025814138,2,selection,85,3,2,False
S_R_PAIRED_BARS,S0,3,pooled_descriptive,-0.0111111111111111,exp_silhouette_encoding,exp_silhouette_encoding:selection:pooled_descriptive,1.0,False,gemma-4-26b-a4b,90,1.0489529838496487,0.6547208460185769,1.0,-0.0469300025814138,2,selection,85,3,2,False
S_TABLE,S0,11,pooled_descriptive,-0.0333333333333333,exp_silhouette_encoding,exp_silhouette_encoding:selection:pooled_descriptive,1.0,False,gemma-4-26b-a4b,90,1.046433497819907,0.4912971242158931,1.0,-0.0723340607413095,8,selection,71,11,8,False
S_COMPACT_MIX,S0,18,aegislab,-0.1285714285714285,exp_silhouette_encoding,exp_silhouette_encoding:main_report:aegislab,1.0,False,gemma-4-26b-a4b,70,1.0478083541329275,0.0832645166635504,1.0,-0.210086792908005,9,main_report,43,18,9,False
S_DENSITY_COMPACT,S0,7,aegislab,-0.0428571428571428,exp_silhouette_encoding,exp_silhouette_encoding:main_report:aegislab,1.0,False,gemma-4-26b-a4b,70,1.0256774494719612,0.3657122962815132,1.0,-0.1079703357045497,4,main_report,59,7,4,False
S_G_LAYERED,S0,8,aegislab,-0.0857142857142857,exp_silhouette_encoding,exp_silhouette_encoding:main_report:aegislab,1.0,False,gemma-4-26b-a4b,70,0.995105863588219,0.0577795711235972,1.0,-0.2311759952757603,2,main_report,60,8,2,False
S_G_MATRIX,S0,12,aegislab,-0.0714285714285714,exp_silhouette_encoding,exp_silhouette_encoding:main_report:aegislab,1.0,False,gemma-4-26b-a4b,70,1.021540830294557,0.2513491088102226,1.0,-0.1374169401316285,7,main_report,51,12,7,False
S_L_MATRIX,S0,5,aegislab,0.0428571428571428,exp_silhouette_encoding,exp_silhouette_encoding:main_report:aegislab,1.0,False,gemma-4-26b-a4b,70,1.059402742023573,0.4053805564589423,1.0,0.0992280334985844,8,main_report,57,5,8,False
S_M_HEATMAP,S0,13,aegislab,-0.0428571428571428,exp_silhouette_encoding,exp_silhouette_encoding:main_report:aegislab,1.0,False,gemma-4-26b-a4b,70,1.0895142483272664,0.5316145768816123,1.0,-0.0744391000743589,10,main_report,47,13,10,False
S_M_OVERLAY,S0,11,aegislab,-0.0428571428571428,exp_silhouette_encoding,exp_silhouette_encoding:main_report:aegislab,1.0,False,gemma-4-26b-a4b,70,1.0385248752081186,0.4912971242158931,1.0,-0.081949323216523,8,main_report,51,11,8,False
S_M_TIME_BARS,S0,12,aegislab,-0.0428571428571428,exp_silhouette_encoding,exp_silhouette_encoding:main_report:aegislab,1.0,False,gemma-4-26b-a4b,70,1.0587443179441725,0.5126907602619235,1.0,-0.0779240779497452,9,main_report,49,12,9,False
S_R_DUMBBELL,S0,8,aegislab,-0.0714285714285714,exp_silhouette_encoding,exp_silhouette_encoding:main_report:aegislab,1.0,False,gemma-4-26b-a4b,70,1.0438138364225955,0.1316680160228142,1.0,-0.1818726493853298,3,main_report,59,8,3,False
S_R_PAIRED_BARS,S0,7,aegislab,-0.0571428571428571,exp_silhouette_encoding,exp_silhouette_encoding:main_report:aegislab,1.0,False,gemma-4-26b-a4b,70,1.0679310955379353,0.2059032107320684,1.0,-0.1518474369565574,3,main_report,60,7,3,False
S_TABLE,S0,22,aegislab,-0.2285714285714285,exp_silhouette_encoding,exp_silhouette_encoding:main_report:aegislab,1.0,False,gemma-4-26b-a4b,70,1.0378809246718816,0.0024969089151415,0.054931996133114,-0.3848227269628479,6,main_report,42,22,6,False
S_COMPACT_MIX,S0,5,aiops2022,-0.0142857142857142,exp_silhouette_encoding,exp_silhouette_encoding:main_report:aiops2022,1.0,False,gemma-4-26b-a4b,70,1.088471935329802,0.7388826803635273,1.0,-0.0395867822867584,4,main_report,61,5,4,False
S_DENSITY_COMPACT,S0,7,aiops2022,-0.0142857142857142,exp_silhouette_encoding,exp_silhouette_encoding:main_report:aiops2022,1.0,False,gemma-4-26b-a4b,70,1.0518062649141695,0.7815112949987133,1.0,-0.0329301405053346,6,main_report,57,7,6,False
S_G_LAYERED,S0,5,aiops2022,0.0285714285714285,exp_silhouette_encoding,exp_silhouette_encoding:main_report:aiops2022,1.0,False,gemma-4-26b-a4b,70,1.067195088849484,0.5637028616507731,1.0,0.0686755873311882,7,main_report,58,5,7,False
S_G_MATRIX,S0,4,aiops2022,-0.0142857142857142,exp_silhouette_encoding,exp_silhouette_encoding:main_report:aiops2022,1.0,False,gemma-4-26b-a4b,70,1.0295938986861244,0.7054569861112734,1.0,-0.0448973900734501,3,main_report,63,4,3,False
S_L_MATRIX,S0,5,aiops2022,0.0,exp_silhouette_encoding,exp_silhouette_encoding:main_report:aiops2022,1.0,False,gemma-4-26b-a4b,70,1.0801373609841176,1.0,1.0,0.0,5,main_report,60,5,5,False
S_M_HEATMAP,S0,9,aiops2022,-0.0285714285714285,exp_silhouette_encoding,exp_silhouette_encoding:main_report:aiops2022,1.0,False,gemma-4-26b-a4b,70,1.0663028375999284,0.6170750774519738,1.0,-0.0594392640741057,7,main_report,54,9,7,False
S_M_OVERLAY,S0,4,aiops2022,-0.0428571428571428,exp_silhouette_encoding,exp_silhouette_encoding:main_report:aiops2022,1.0,False,gemma-4-26b-a4b,70,1.0548331415440886,0.1797124948789997,1.0,-0.1612945118852673,1,main_report,65,4,1,False
S_M_TIME_BARS,S0,5,aiops2022,0.0671428571428571,exp_silhouette_encoding,exp_silhouette_encoding:main_report:aiops2022,1.0,False,gemma-4-26b-a4b,70,1.0667316228258548,0.1446510633883388,1.0,0.1491960530776265,11,main_report,54,5,9,False
S_R_DUMBBELL,S0,3,aiops2022,-0.0285714285714285,exp_silhouette_encoding,exp_silhouette_encoding:main_report:aiops2022,1.0,False,gemma-4-26b-a4b,70,1.0446551489247518,0.3173105078629141,1.0,-0.1195228609334393,1,main_report,66,3,1,False
S_R_PAIRED_BARS,S0,2,aiops2022,0.0142857142857142,exp_silhouette_encoding,exp_silhouette_encoding:main_report:aiops2022,1.0,False,gemma-4-26b-a4b,70,1.0697025154253494,0.6547208460185769,1.0,0.0531450490087115,3,main_report,65,2,3,False
S_TABLE,S0,10,aiops2022,-0.0285714285714285,exp_silhouette_encoding,exp_silhouette_encoding:main_report:aiops2022,1.0,False,gemma-4-26b-a4b,70,1.0895924989696146,0.6373518882339371,1.0,-0.0560287200498785,8,main_report,52,10,8,False
S_COMPACT_MIX,S0,6,aiops2025,-0.0857142857142857,exp_silhouette_encoding,exp_silhouette_encoding:main_report:aiops2025,1.0,False,gemma-4-26b-a4b,70,1.021359626675027,0.0143058784354296,0.3147293255794516,-0.3039913062666666,0,main_report,64,6,0,False
S_DENSITY_COMPACT,S0,4,aiops2025,0.0142857142857142,exp_silhouette_encoding,exp_silhouette_encoding:main_report:aiops2025,1.0,False,gemma-4-26b-a4b,70,1.0178753705174393,0.7388826803635273,1.0,0.0395867822867584,5,main_report,61,4,5,False
S_G_LAYERED,S0,6,aiops2025,-0.0142857142857142,exp_silhouette_encoding,exp_silhouette_encoding:main_report:aiops2025,1.0,False,gemma-4-26b-a4b,70,1.009163722666494,0.763024600552995,1.0,-0.0358024177306949,5,main_report,59,6,5,False
S_G_MATRIX,S0,4,aiops2025,0.0,exp_silhouette_encoding,exp_silhouette_encoding:main_report:aiops2025,1.0,False,gemma-4-26b-a4b,70,0.9929757488305336,1.0,1.0,0.0,4,main_report,62,4,4,False
S_L_MATRIX,S0,4,aiops2025,0.0142857142857142,exp_silhouette_encoding,exp_silhouette_encoding:main_report:aiops2025,1.0,False,gemma-4-26b-a4b,70,1.0029563651278322,0.7388826803635273,1.0,0.0395867822867584,5,main_report,61,4,5,False
S_M_HEATMAP,S0,2,aiops2025,0.0571428571428571,exp_silhouette_encoding,exp_silhouette_encoding:main_report:aiops2025,1.0,False,gemma-4-26b-a4b,70,1.007601499163196,0.1572992070502851,1.0,0.1702691887531489,6,main_report,62,2,6,False
S_M_OVERLAY,S0,3,aiops2025,0.0,exp_silhouette_encoding,exp_silhouette_encoding:main_report:aiops2025,1.0,False,gemma-4-26b-a4b,70,1.038807642322236,1.0,1.0,0.0,3,main_report,64,3,3,False
S_M_TIME_BARS,S0,3,aiops2025,0.0142857142857142,exp_silhouette_encoding,exp_silhouette_encoding:main_report:aiops2025,1.0,False,gemma-4-26b-a4b,70,1.0461945285226264,0.7054569861112734,1.0,0.0448973900734501,4,main_report,63,3,4,False
S_R_DUMBBELL,S0,2,aiops2025,0.0285714285714285,exp_silhouette_encoding,exp_silhouette_encoding:main_report:aiops2025,1.0,False,gemma-4-26b-a4b,70,0.9970377500293742,0.4142161782425252,1.0,0.0973551332905562,4,main_report,64,2,4,False
S_R_PAIRED_BARS,S0,3,aiops2025,0.0,exp_silhouette_encoding,exp_silhouette_encoding:main_report:aiops2025,1.0,False,gemma-4-26b-a4b,70,1.040546145206019,1.0,1.0,0.0,3,main_report,64,3,3,False
S_TABLE,S0,5,aiops2025,0.0095238095238095,exp_silhouette_encoding,exp_silhouette_encoding:main_report:aiops2025,1.0,False,gemma-4-26b-a4b,70,1.073826417915125,0.5945357709974368,1.0,0.0247512708893219,7,main_report,58,5,5,False
S_COMPACT_MIX,S0,29,pooled_descriptive,-0.0761904761904762,exp_silhouette_encoding,exp_silhouette_encoding:main_report:pooled_descriptive,1.0,False,gemma-4-26b-a4b,210,1.0525466387125857,0.0135546660648155,0.2982026534259418,-0.1724825439728798,13,main_report,168,29,13,False
S_DENSITY_COMPACT,S0,18,pooled_descriptive,-0.0142857142857142,exp_silhouette_encoding,exp_silhouette_encoding:main_report:pooled_descriptive,1.0,False,gemma-4-26b-a4b,210,1.031786361634523,0.6015081344405899,1.0,-0.0359749605023336,15,main_report,177,18,15,False
S_G_LAYERED,S0,19,pooled_descriptive,-0.0238095238095238,exp_silhouette_encoding,exp_silhouette_encoding:main_report:pooled_descriptive,1.0,False,gemma-4-26b-a4b,210,1.023821558368066,0.384088249473852,1.0,-0.0600276938030234,14,main_report,177,19,14,False
S_G_MATRIX,S0,20,pooled_descriptive,-0.0285714285714285,exp_silhouette_encoding,exp_silhouette_encoding:main_report:pooled_descriptive,1.0,False,gemma-4-26b-a4b,210,1.0147034926037384,0.3034836640248423,1.0,-0.0710171549235555,14,main_report,176,20,14,False
S_L_MATRIX,S0,14,pooled_descriptive,0.019047619047619,exp_silhouette_encoding,exp_silhouette_encoding:main_report:pooled_descriptive,1.0,False,gemma-4-26b-a4b,210,1.047498822711841,0.4795001221869535,1.0,0.0487367409357255,18,main_report,178,14,18,False
S_M_HEATMAP,S0,24,pooled_descriptive,-0.0047619047619047,exp_silhouette_encoding,exp_silhouette_encoding:main_report:pooled_descriptive,1.0,False,gemma-4-26b-a4b,210,1.0544728616967969,0.8840279686806821,1.0,-0.0100421550186195,23,main_report,163,24,23,False
S_M_OVERLAY,S0,18,pooled_descriptive,-0.0285714285714285,exp_silhouette_encoding,exp_silhouette_encoding:main_report:pooled_descriptive,1.0,False,gemma-4-26b-a4b,210,1.0440552196914807,0.2733216782922981,1.0,-0.0756290894301592,12,main_report,180,18,12,False
S_M_TIME_BARS,S0,20,pooled_descriptive,0.0128571428571428,exp_silhouette_encoding,exp_silhouette_encoding:main_report:pooled_descriptive,1.0,False,gemma-4-26b-a4b,210,1.057223489764218,0.5680922860507722,1.0,0.0285941434229895,24,main_report,166,20,22,False
S_R_DUMBBELL,S0,13,pooled_descriptive,-0.0238095238095238,exp_silhouette_encoding,exp_silhouette_encoding:main_report:pooled_descriptive,1.0,False,gemma-4-26b-a4b,210,1.028502245125574,0.2752335240748342,1.0,-0.0753266582695348,8,main_report,189,13,8,False
S_R_PAIRED_BARS,S0,12,pooled_descriptive,-0.0142857142857142,exp_silhouette_encoding,exp_silhouette_encoding:main_report:pooled_descriptive,1.0,False,gemma-4-26b-a4b,210,1.0593932520564346,0.5126907602619233,1.0,-0.0451137642909928,9,main_report,189,12,9,False
S_TABLE,S0,37,pooled_descriptive,-0.0825396825396825,exp_silhouette_encoding,exp_silhouette_encoding:main_report:pooled_descriptive,1.0,False,gemma-4-26b-a4b,210,1.0670999471855402,0.0312775743315907,0.6568290609634062,-0.1612052590795525,21,main_report,152,37,19,False
S_COMPACT_MIX,S0,22,aegislab,-0.1,exp_silhouette_encoding,exp_silhouette_encoding:all:aegislab,1.0,False,gemma-4-26b-a4b,100,1.0452532740898557,0.0863478209836624,1.0,-0.1732050807568877,12,all,66,22,12,False
S_DENSITY_COMPACT,S0,7,aegislab,-0.02,exp_silhouette_encoding,exp_silhouette_encoding:all:aegislab,1.0,False,gemma-4-26b-a4b,100,1.0275023894543165,0.5637028616507731,1.0,-0.0575416091997578,5,all,88,7,5,False
S_G_LAYERED,S0,9,aegislab,-0.06,exp_silhouette_encoding,exp_silhouette_encoding:all:aegislab,1.0,False,gemma-4-26b-a4b,100,0.9832978302503418,0.0832645166635504,1.0,-0.1749815896059665,3,all,88,9,3,False
S_G_MATRIX,S0,14,aegislab,-0.06,exp_silhouette_encoding,exp_silhouette_encoding:all:aegislab,1.0,False,gemma-4-26b-a4b,100,1.0094174496606747,0.2008251226951454,1.0,-0.1283335533841965,8,all,78,14,8,False
S_L_MATRIX,S0,6,aegislab,0.03,exp_silhouette_encoding,exp_silhouette_encoding:all:aegislab,1.0,False,gemma-4-26b-a4b,100,1.049742680935294,0.4385780260809998,1.0,0.0773036553520253,9,all,85,6,9,False
S_M_HEATMAP,S0,18,aegislab,-0.07,exp_silhouette_encoding,exp_silhouette_encoding:all:aegislab,1.0,False,gemma-4-26b-a4b,100,1.0781846850552617,0.1936464312692206,1.0,-0.1304418737492624,11,all,71,18,11,False
S_M_OVERLAY,S0,11,aegislab,-0.02,exp_silhouette_encoding,exp_silhouette_encoding:all:aegislab,1.0,False,gemma-4-26b-a4b,100,1.0449230724712109,0.6547208460185769,1.0,-0.0445417549707209,9,all,80,11,9,False
S_M_TIME_BARS,S0,14,aegislab,-0.03,exp_silhouette_encoding,exp_silhouette_encoding:all:aegislab,1.0,False,gemma-4-26b-a4b,100,1.0503155566492377,0.5485062355001472,1.0,-0.0598069958811071,11,all,75,14,11,False
S_R_DUMBBELL,S0,9,aegislab,-0.06,exp_silhouette_encoding,exp_silhouette_encoding:all:aegislab,1.0,False,gemma-4-26b-a4b,100,1.03435652546603,0.0832645166635504,1.0,-0.1749815896059666,3,all,88,9,3,False
S_R_PAIRED_BARS,S0,8,aegislab,-0.05,exp_silhouette_encoding,exp_silhouette_encoding:all:aegislab,1.0,False,gemma-4-26b-a4b,100,1.0709079009030489,0.1316680160228142,1.0,-0.151734161657662,3,all,89,8,3,False
S_TABLE,S0,27,aegislab,-0.19,exp_silhouette_encoding,exp_silhouette_encoding:all:aegislab,1.0,False,gemma-4-26b-a4b,100,1.0525737819052932,0.0013200437675611,0.0290409628863462,-0.3374236666358617,8,all,65,27,8,False
S_COMPACT_MIX,S0,7,aiops2022,-0.01,exp_silhouette_encoding,exp_silhouette_encoding:all:aiops2022,1.0,False,gemma-4-26b-a4b,100,1.0802608193312175,0.7815112949987133,1.0,-0.0276066062984278,6,all,87,7,6,False
S_DENSITY_COMPACT,S0,8,aiops2022,-0.01,exp_silhouette_encoding,exp_silhouette_encoding:all:aiops2022,1.0,False,gemma-4-26b-a4b,100,1.0492139341631082,0.7962534147376392,1.0,-0.0256990329298403,7,all,85,8,7,False
S_G_LAYERED,S0,5,aiops2022,0.02,exp_silhouette_encoding,exp_silhouette_encoding:all:aiops2022,1.0,False,gemma-4-26b-a4b,100,1.03316496349488,0.5637028616507731,1.0,0.0575416091997578,7,all,88,5,7,False
S_G_MATRIX,S0,5,aiops2022,-0.01,exp_silhouette_encoding,exp_silhouette_encoding:all:aiops2022,1.0,False,gemma-4-26b-a4b,100,1.0374073094876457,0.7388826803635273,1.0,-0.0331846889658093,4,all,91,5,4,False
S_L_MATRIX,S0,6,aiops2022,-0.01,exp_silhouette_encoding,exp_silhouette_encoding:all:aiops2022,1.0,False,gemma-4-26b-a4b,100,1.0543378467473792,0.763024600552995,1.0,-0.0300136456682062,5,all,89,6,5,False
S_M_HEATMAP,S0,9,aiops2022,0.01,exp_silhouette_encoding,exp_silhouette_encoding:all:aiops2022,1.0,False,gemma-4-26b-a4b,100,1.0563671720153704,0.8185458083820434,1.0,0.0228325866738311,10,all,81,9,10,False
S_M_OVERLAY,S0,5,aiops2022,-0.01,exp_silhouette_encoding,exp_silhouette_encoding:all:aiops2022,1.0,False,gemma-4-26b-a4b,100,1.0400783626101888,0.7388826803635273,1.0,-0.0331846889658093,4,all,91,5,4,False
S_M_TIME_BARS,S0,6,aiops2022,0.067,exp_silhouette_encoding,exp_silhouette_encoding:all:aiops2022,1.0,False,gemma-4-26b-a4b,100,1.0622673020914788,0.078707292341576,1.0,0.1578271035028798,14,all,80,6,12,False
S_R_DUMBBELL,S0,3,aiops2022,-0.02,exp_silhouette_encoding,exp_silhouette_encoding:all:aiops2022,1.0,False,gemma-4-26b-a4b,100,1.0333617546136764,0.3173105078629141,1.0,-0.1,1,all,96,3,1,False
S_R_PAIRED_BARS,S0,2,aiops2022,0.01,exp_silhouette_encoding,exp_silhouette_encoding:all:aiops2022,1.0,False,gemma-4-26b-a4b,100,1.0617191016290617,0.6547208460185769,1.0,0.0445417549707209,3,all,95,2,3,False
S_TABLE,S0,11,aiops2022,-0.01,exp_silhouette_encoding,exp_silhouette_encoding:all:aiops2022,1.0,False,gemma-4-26b-a4b,100,1.08052224671327,0.8272593465627113,1.0,-0.0217175774011587,10,all,79,11,10,False
S_COMPACT_MIX,S0,11,aiops2025,-0.09,exp_silhouette_encoding,exp_silhouette_encoding:all:aiops2025,1.0,False,gemma-4-26b-a4b,100,1.015157830805261,0.0125549185969665,0.276208209133264,-0.2564828045702028,2,all,87,11,2,False
S_DENSITY_COMPACT,S0,5,aiops2025,0.0,exp_silhouette_encoding,exp_silhouette_encoding:all:aiops2025,1.0,False,gemma-4-26b-a4b,100,1.0056972675586744,1.0,1.0,0.0,5,all,90,5,5,False
S_G_LAYERED,S0,6,aiops2025,0.01,exp_silhouette_encoding,exp_silhouette_encoding:all:aiops2025,1.0,False,gemma-4-26b-a4b,100,1.0048265022719665,0.7815112949987133,1.0,0.0276066062984278,7,all,87,6,7,False
S_G_MATRIX,S0,5,aiops2025,0.01,exp_silhouette_encoding,exp_silhouette_encoding:all:aiops2025,1.0,False,gemma-4-26b-a4b,100,0.975215729744176,0.763024600552995,1.0,0.0300136456682062,6,all,89,5,6,False
S_L_MATRIX,S0,5,aiops2025,0.01,exp_silhouette_encoding,exp_silhouette_encoding:all:aiops2025,1.0,False,gemma-4-26b-a4b,100,1.0169453773200514,0.763024600552995,1.0,0.0300136456682062,6,all,89,5,6,False
S_M_HEATMAP,S0,6,aiops2025,0.01,exp_silhouette_encoding,exp_silhouette_encoding:all:aiops2025,1.0,False,gemma-4-26b-a4b,100,0.9949181091543926,0.7815112949987133,1.0,0.0276066062984278,7,all,87,6,7,False
S_M_OVERLAY,S0,5,aiops2025,0.0,exp_silhouette_encoding,exp_silhouette_encoding:all:aiops2025,1.0,False,gemma-4-26b-a4b,100,1.0221808110981665,1.0,1.0,0.0,5,all,90,5,5,False
S_M_TIME_BARS,S0,5,aiops2025,0.01,exp_silhouette_encoding,exp_silhouette_encoding:all:aiops2025,1.0,False,gemma-4-26b-a4b,100,1.0278401312536332,0.763024600552995,1.0,0.0300136456682062,6,all,89,5,6,False
S_R_DUMBBELL,S0,4,aiops2025,0.02,exp_silhouette_encoding,exp_silhouette_encoding:all:aiops2025,1.0,False,gemma-4-26b-a4b,100,1.014637466142599,0.5270892568655381,1.0,0.0630547667861664,6,all,90,4,6,False
S_R_PAIRED_BARS,S0,5,aiops2025,0.0,exp_silhouette_encoding,exp_silhouette_encoding:all:aiops2025,1.0,False,gemma-4-26b-a4b,100,1.0361565122510863,1.0,1.0,0.0,5,all,90,5,5,False
S_TABLE,S0,10,aiops2025,-0.0033333333333333,exp_silhouette_encoding,exp_silhouette_encoding:all:aiops2025,1.0,False,gemma-4-26b-a4b,100,1.0496040085089875,0.8653046017068647,1.0,-0.0075649680465785,11,all,79,10,9,False
S_COMPACT_MIX,S0,31,re2_ob,-0.2444444444444444,exp_silhouette_encoding,exp_silhouette_encoding:all:re2_ob,1.0,False,gemma-4-26b-a4b,90,1.0450020136830285,0.000504218229449,0.0100843645889801,-0.3919202513053579,9,all,50,31,9,False
S_DENSITY_COMPACT,S0,9,re2_ob,-0.0555555555555555,exp_silhouette_encoding,exp_silhouette_encoding:all:re2_ob,1.0,False,gemma-4-26b-a4b,90,1.054003605524924,0.1655178586974701,1.0,-0.1469403295766321,4,all,77,9,4,False
S_G_LAYERED,S0,15,re2_ob,-0.0888888888888888,exp_silhouette_encoding,exp_silhouette_encoding:all:re2_ob,1.0,False,gemma-4-26b-a4b,90,1.0501665982083754,0.0880815116621902,1.0,-0.1817464694830858,7,all,68,15,7,False
S_G_MATRIX,S0,9,re2_ob,-0.0333333333333333,exp_silhouette_encoding,exp_silhouette_encoding:all:re2_ob,1.0,False,gemma-4-26b-a4b,90,1.031221052480073,0.4385780260809998,1.0,-0.0814667918876295,6,all,75,9,6,False
S_L_MATRIX,S0,6,re2_ob,0.0,exp_silhouette_encoding,exp_silhouette_encoding:all:re2_ob,1.0,False,gemma-4-26b-a4b,90,1.0223529606301904,1.0,1.0,0.0,6,all,78,6,6,False
S_M_HEATMAP,S0,18,re2_ob,-0.1222222222222222,exp_silhouette_encoding,exp_silhouette_encoding:all:re2_ob,1.0,False,gemma-4-26b-a4b,90,1.020517725476254,0.0278068950269971,0.5005241104859495,-0.2370710935731391,7,all,65,18,7,False
S_M_OVERLAY,S0,16,re2_ob,-0.1111111111111111,exp_silhouette_encoding,exp_silhouette_encoding:all:re2_ob,1.0,False,gemma-4-26b-a4b,90,1.0294089460919158,0.0330062576612325,0.5611063802409527,-0.2293479296031223,6,all,68,16,6,False
S_M_TIME_BARS,S0,16,re2_ob,-0.1333333333333333,exp_silhouette_encoding,exp_silhouette_encoding:all:re2_ob,1.0,False,gemma-4-26b-a4b,90,1.031988810929231,0.0072903580915356,0.1385168037391771,-0.2932410922163727,4,all,70,16,4,False
S_R_DUMBBELL,S0,8,re2_ob,0.0,exp_silhouette_encoding,exp_silhouette_encoding:all:re2_ob,1.0,False,gemma-4-26b-a4b,90,1.024625721650266,1.0,1.0,0.0,8,all,74,8,8,False
S_R_PAIRED_BARS,S0,3,re2_ob,0.0222222222222222,exp_silhouette_encoding,exp_silhouette_encoding:all:re2_ob,1.0,False,gemma-4-26b-a4b,90,1.0218369760336534,0.4795001221869533,1.0,0.0743271076548802,5,all,82,3,5,False
S_TABLE,S0,39,re2_ob,-0.3666666666666666,exp_silhouette_encoding,exp_silhouette_encoding:all:re2_ob,1.0,False,gemma-4-26b-a4b,90,1.0576372774780889,8.68322808545465e-07,1.9103101788000232e-05,-0.603071055297177,6,all,45,39,6,False
S_COMPACT_MIX,S0,12,re2_tt,0.1111111111111111,exp_silhouette_encoding,exp_silhouette_encoding:all:re2_tt,1.0,False,gemma-4-26b-a4b,90,1.0023327757140323,0.0863478209836624,1.0,0.1827796717592205,22,all,56,12,22,False
S_DENSITY_COMPACT,S0,15,re2_tt,-0.0444444444444444,exp_silhouette_encoding,exp_silhouette_encoding:all:re2_tt,1.0,False,gemma-4-26b-a4b,90,1.0071997538074906,0.4327675806677847,1.0,-0.0825117271752211,11,all,64,15,11,False
S_G_LAYERED,S0,8,re2_tt,0.0,exp_silhouette_encoding,exp_silhouette_encoding:all:re2_tt,1.0,False,gemma-4-26b-a4b,90,1.0236043439934042,1.0,1.0,0.0,8,all,74,8,8,False
S_G_MATRIX,S0,9,re2_tt,0.0555555555555555,exp_silhouette_encoding,exp_silhouette_encoding:all:re2_tt,1.0,False,gemma-4-26b-a4b,90,1.0360982926478142,0.2971465303484704,1.0,0.1099504716730927,14,all,67,9,14,False
S_L_MATRIX,S0,8,re2_tt,0.0222222222222222,exp_silhouette_encoding,exp_silhouette_encoding:all:re2_tt,1.0,False,gemma-4-26b-a4b,90,1.0344162962295012,0.6373518882339371,1.0,0.0494746882201136,10,all,72,8,10,False
S_M_HEATMAP,S0,18,re2_tt,-0.0222222222222222,exp_silhouette_encoding,exp_silhouette_encoding:all:re2_tt,1.0,False,gemma-4-26b-a4b,90,1.0034584340805217,0.7316005889599013,1.0,-0.035977175881516,16,all,56,18,16,False
S_M_OVERLAY,S0,15,re2_tt,-0.0222222222222222,exp_silhouette_encoding,exp_silhouette_encoding:all:re2_tt,1.0,False,gemma-4-26b-a4b,90,0.9987039592665886,0.7054569861112734,1.0,-0.0396504778746714,13,all,62,15,13,False
S_M_TIME_BARS,S0,18,re2_tt,-0.0333333333333333,exp_silhouette_encoding,exp_silhouette_encoding:all:re2_tt,1.0,False,gemma-4-26b-a4b,90,1.022182788140405,0.6015081344405899,1.0,-0.0548246413906524,15,all,57,18,15,False
S_R_DUMBBELL,S0,7,re2_tt,0.0111111111111111,exp_silhouette_encoding,exp_silhouette_encoding:all:re2_tt,1.0,False,gemma-4-26b-a4b,90,1.0182545277832709,0.7962534147376392,1.0,0.027074956888299,8,all,75,7,8,False
S_R_PAIRED_BARS,S0,3,re2_tt,0.0555555555555555,exp_silhouette_encoding,exp_silhouette_encoding:all:re2_tt,1.0,False,gemma-4-26b-a4b,90,1.0238593725988985,0.1316680160228142,1.0,0.1600589989092662,8,all,79,3,8,False
S_TABLE,S0,12,re2_tt,0.2,exp_silhouette_encoding,exp_silhouette_encoding:all:re2_tt,1.0,False,gemma-4-26b-a4b,90,1.0482110792607204,0.0054785532425473,0.1150496180934946,0.3044804317740851,30,all,48,12,30,False
S_COMPACT_MIX,S0,83,pooled_descriptive,-0.0666666666666666,exp_silhouette_encoding,exp_silhouette_encoding:all:pooled_descriptive,1.0,False,gemma-4-26b-a4b,480,1.038181923892435,0.0057031261329274,0.1197656487914759,-0.1270600387795785,51,all,346,83,51,False
S_DENSITY_COMPACT,S0,44,pooled_descriptive,-0.025,exp_silhouette_encoding,exp_silhouette_encoding:all:pooled_descriptive,1.0,False,gemma-4-26b-a4b,480,1.028645128036515,0.1686686188878152,1.0,-0.06288684770496,32,all,404,44,32,False
S_G_LAYERED,S0,43,pooled_descriptive,-0.0229166666666666,exp_silhouette_encoding,exp_silhouette_encoding:all:pooled_descriptive,1.0,False,gemma-4-26b-a4b,480,1.0182673216664146,0.2040238704744366,1.0,-0.0580122430873138,32,all,405,43,32,False
S_G_MATRIX,S0,42,pooled_descriptive,-0.0083333333333333,exp_silhouette_encoding,exp_silhouette_encoding:all:pooled_descriptive,1.0,False,gemma-4-26b-a4b,480,1.0172141457307489,0.6547208460185769,1.0,-0.0203953899876848,38,all,400,42,38,False
S_L_MATRIX,S0,31,pooled_descriptive,0.0104166666666666,exp_silhouette_encoding,exp_silhouette_encoding:all:pooled_descriptive,1.0,False,gemma-4-26b-a4b,480,1.035857965870093,0.5413007280472231,1.0,0.0278630073962378,36,all,413,31,36,False
S_M_HEATMAP,S0,69,pooled_descriptive,-0.0375,exp_silhouette_encoding,exp_silhouette_encoding:all:pooled_descriptive,1.0,False,gemma-4-26b-a4b,480,1.0314684395471088,0.1003482464622907,1.0,-0.0751334450790935,51,all,360,69,51,False
S_M_OVERLAY,S0,52,pooled_descriptive,-0.03125,exp_silhouette_encoding,exp_silhouette_encoding:all:pooled_descriptive,1.0,False,gemma-4-26b-a4b,480,1.0276008043754623,0.1118355218373544,1.0,-0.0726891315687389,37,all,391,52,37,False
S_M_TIME_BARS,S0,59,pooled_descriptive,-0.0214583333333333,exp_silhouette_encoding,exp_silhouette_encoding:all:pooled_descriptive,1.0,False,gemma-4-26b-a4b,480,1.0394119644077129,0.3743019475133865,1.0,-0.0453870455076893,50,all,371,59,48,False
S_R_DUMBBELL,S0,31,pooled_descriptive,-0.0104166666666666,exp_silhouette_encoding,exp_silhouette_encoding:all:pooled_descriptive,1.0,False,gemma-4-26b-a4b,480,1.0251974938984352,0.5078006482752733,1.0,-0.030210478442809,26,all,423,31,26,False
S_R_PAIRED_BARS,S0,21,pooled_descriptive,0.00625,exp_silhouette_encoding,exp_silhouette_encoding:all:pooled_descriptive,1.0,False,gemma-4-26b-a4b,480,1.0437312976151027,0.6547208460185769,1.0,0.0203953899876848,24,all,435,21,24,False
S_TABLE,S0,99,pooled_descriptive,-0.0736111111111111,exp_silhouette_encoding,exp_silhouette_encoding:all:pooled_descriptive,1.0,False,gemma-4-26b-a4b,480,1.057909074623433,0.0070798312755516,0.141596625511033,-0.127516303046096,65,all,316,99,63,False
P0__V,P0__T,10,aegislab,-0.0388888888888888,exp_evidence_selection,same_policy_representation:selection:aegislab,0.3894785668161546,False,qwen3.8-27b,30,1.1421620442380995,0.4719260846343278,1.0,-0.083794061882684,6,selection,14,2,5,False
P_BARO_RS__V,P_BARO_RS__T,11,aegislab,0.0083333333333333,exp_evidence_selection,same_policy_representation:selection:aegislab,0.3854525079867526,False,qwen3.8-27b,30,1.183840868789647,0.7828378908126796,1.0,0.0170575545889859,8,selection,11,1,5,False
P_COVERAGE__V,P_COVERAGE__T,15,aegislab,-0.2222222222222222,exp_evidence_selection,same_policy_representation:selection:aegislab,0.3093973445688691,False,qwen3.8-27b,30,0.8779778890569657,0.0434355972840539,0.6949695565448627,-0.3651483716701107,5,selection,10,7,3,False
P_DIVERSITY__V,P_DIVERSITY__T,12,aegislab,-0.2111111111111111,exp_evidence_selection,same_policy_representation:selection:aegislab,0.3083155248325807,False,qwen3.8-27b,30,0.9140392983707658,0.0806178169344082,1.0,-0.3259795818439111,5,selection,13,10,4,False
P_LOG_FREQ__V,P_LOG_FREQ__T,7,aegislab,0.0255555555555555,exp_evidence_selection,same_policy_representation:selection:aegislab,0.3529413926871674,False,qwen3.8-27b,30,1.042589560708935,0.7656326238038663,1.0,0.0518131953624543,8,selection,15,3,6,False
P_RANDOM__V,P_RANDOM__T,7,aegislab,-0.0944444444444444,exp_evidence_selection,same_policy_representation:selection:aegislab,0.3343406729616694,False,qwen3.8-27b,30,0.9285017760046034,0.3262122137237192,1.0,-0.2513778662430019,4,selection,19,4,0,False
P_SIGMA__V,P_SIGMA__T,8,aegislab,-0.0777777777777777,exp_evidence_selection,same_policy_representation:selection:aegislab,0.381926276051799,False,qwen3.8-27b,30,1.2421497849388352,0.3665469419501497,1.0,-0.209811976958754,5,selection,17,2,2,False
P_TRACE_SC__V,P_TRACE_SC__T,6,aegislab,0.0083333333333333,exp_evidence_selection,same_policy_representation:selection:aegislab,0.3903985953644283,False,qwen3.8-27b,30,1.2397842327070658,0.661560020684804,1.0,0.0174837484207023,8,selection,16,4,5,False
P0__V,P0__T,5,aiops2022,-0.0377777777777777,exp_evidence_selection,same_policy_representation:selection:aiops2022,0.4020555467071477,False,qwen3.8-27b,30,1.2080604405763788,0.9047085883322348,1.0,-0.0913116101241068,6,selection,19,3,1,False
P_BARO_RS__V,P_BARO_RS__T,7,aiops2022,-0.0638888888888888,exp_evidence_selection,same_policy_representation:selection:aiops2022,0.3759366869933268,False,qwen3.8-27b,30,1.163787047018109,0.5206369779784583,1.0,-0.1490404369666444,5,selection,18,3,1,False
P_COVERAGE__V,P_COVERAGE__T,7,aiops2022,-0.0555555555555555,exp_evidence_selection,same_policy_representation:selection:aiops2022,0.405308275388939,False,qwen3.8-27b,30,1.1265354493492394,0.2614615147190761,1.0,-0.1502852946296858,3,selection,20,2,2,False
P_DIVERSITY__V,P_DIVERSITY__T,7,aiops2022,-0.0722222222222222,exp_evidence_selection,same_policy_representation:selection:aiops2022,0.3882968056602373,False,qwen3.8-27b,30,1.0520586181847205,0.1134524475610745,1.0,-0.2619401224468008,2,selection,21,1,1,False
P_LOG_FREQ__V,P_LOG_FREQ__T,5,aiops2022,-0.0555555555555555,exp_evidence_selection,same_policy_representation:selection:aiops2022,0.3942732785873581,False,qwen3.8-27b,30,1.0319976519980578,0.6549578117843798,1.0,-0.1335484120152071,4,selection,21,3,1,False
P_RANDOM__V,P_RANDOM__T,4,aiops2022,-0.0388888888888888,exp_evidence_selection,same_policy_representation:selection:aiops2022,0.4109396516457261,False,qwen3.8-27b,30,1.2033227398884343,0.6650566776534266,1.0,-0.1072099526841691,3,selection,23,2,1,False
P_SIGMA__V,P_SIGMA__T,4,aiops2022,-0.0555555555555555,exp_evidence_selection,same_policy_representation:selection:aiops2022,0.3733705538582349,False,qwen3.8-27b,30,1.1874287349347072,0.862727257016829,1.0,-0.1492428406967381,4,selection,22,3,2,False
P_TRACE_SC__V,P_TRACE_SC__T,5,aiops2022,0.0527777777777777,exp_evidence_selection,same_policy_representation:selection:aiops2022,0.4042128085046197,False,qwen3.8-27b,30,1.2253471060048953,0.4370670061520214,1.0,0.1334706696517652,8,selection,17,1,2,False
P0__V,P0__T,5,aiops2025,0.0805555555555555,exp_evidence_selection,same_policy_representation:selection:aiops2025,0.4057833926048443,False,qwen3.8-27b,30,1.14585801464838,0.2573450823001743,1.0,0.2062611283736135,9,selection,16,1,5,False
P_BARO_RS__V,P_BARO_RS__T,6,aiops2025,-0.0083333333333333,exp_evidence_selection,same_policy_representation:selection:aiops2025,0.39302293750692,False,qwen3.8-27b,30,1.2455429087555343,0.8107249484808214,1.0,-0.023783038572417,5,selection,19,2,3,False
P_COVERAGE__V,P_COVERAGE__T,6,aiops2025,-0.0844444444444444,exp_evidence_selection,same_policy_representation:selection:aiops2025,0.3656852128404583,False,qwen3.8-27b,30,1.171302107426292,0.4519833097520956,1.0,-0.2177992364474368,4,selection,20,4,3,False
P_DIVERSITY__V,P_DIVERSITY__T,6,aiops2025,-0.1055555555555555,exp_evidence_selection,same_policy_representation:selection:aiops2025,0.3090394140834577,False,qwen3.8-27b,30,0.9911839022502342,0.2352264351435061,1.0,-0.3153554118969138,3,selection,21,4,0,False
P_LOG_FREQ__V,P_LOG_FREQ__T,4,aiops2025,0.1027777777777777,exp_evidence_selection,same_policy_representation:selection:aiops2025,0.3675530896166252,False,qwen3.8-27b,30,1.0219243017292483,0.1405925056327796,1.0,0.2660159520547391,9,selection,17,1,5,False
P_RANDOM__V,P_RANDOM__T,9,aiops2025,-0.1722222222222222,exp_evidence_selection,same_policy_representation:selection:aiops2025,0.1281649024900141,False,qwen3.8-27b,30,0.3452005659211055,0.0114502446155118,0.1717536692326774,-0.4900052132232438,1,selection,20,3,1,False
P_SIGMA__V,P_SIGMA__T,5,aiops2025,-0.0416666666666666,exp_evidence_selection,same_policy_representation:selection:aiops2025,0.3893780337600043,False,qwen3.8-27b,30,1.2711243115415374,0.8147311667362936,1.0,-0.1212063644207232,5,selection,20,4,1,False
P_TRACE_SC__V,P_TRACE_SC__T,5,aiops2025,0.0694444444444444,exp_evidence_selection,same_policy_representation:selection:aiops2025,0.4055758658088103,False,qwen3.8-27b,30,1.225040380907264,0.2863613405423203,1.0,0.1751905478332742,9,selection,16,2,5,False
P0__V,P0__T,20,pooled_descriptive,0.0012962962962962,exp_evidence_selection,same_policy_representation:selection:pooled_descriptive,0.3991058353760489,False,qwen3.8-27b,90,1.1653601664876194,0.896665569881784,1.0,0.0030653429891431,21,selection,49,6,11,False
P_BARO_RS__V,P_BARO_RS__T,24,pooled_descriptive,-0.0212962962962962,exp_evidence_selection,same_policy_representation:selection:pooled_descriptive,0.3848040441623331,False,qwen3.8-27b,90,1.1977236081877636,0.4591506376503226,1.0,-0.0503901718179947,18,selection,48,6,9,False
P_COVERAGE__V,P_COVERAGE__T,28,pooled_descriptive,-0.1207407407407407,exp_evidence_selection,same_policy_representation:selection:pooled_descriptive,0.3601302775994222,False,qwen3.8-27b,90,1.0586051486108323,0.0137548607284641,0.1925680501984979,-0.2576896566012683,12,selection,50,13,8,False
P_DIVERSITY__V,P_DIVERSITY__T,25,pooled_descriptive,-0.1296296296296296,exp_evidence_selection,same_policy_representation:selection:pooled_descriptive,0.3352172481920918,False,qwen3.8-27b,90,0.9857606062685734,0.0091032008154141,0.1365480122312115,-0.2887910451132741,10,selection,55,15,5,False
P_LOG_FREQ__V,P_LOG_FREQ__T,16,pooled_descriptive,0.0242592592592592,exp_evidence_selection,same_policy_representation:selection:pooled_descriptive,0.3715892536303836,False,qwen3.8-27b,90,1.0321705048120802,0.4476526923328836,1.0,0.0558723542975521,21,selection,53,7,12,False
P_RANDOM__V,P_RANDOM__T,20,pooled_descriptive,-0.1018518518518518,exp_evidence_selection,same_policy_representation:selection:pooled_descriptive,0.2911484090324699,False,qwen3.8-27b,90,0.825675027271381,0.0187649376789377,0.2439441898261909,-0.2801853702888349,8,selection,62,9,2,False
P_SIGMA__V,P_SIGMA__T,17,pooled_descriptive,-0.0583333333333333,exp_evidence_selection,same_policy_representation:selection:pooled_descriptive,0.3815582878900127,False,qwen3.8-27b,90,1.233567610471693,0.423949106097428,1.0,-0.1626282109197571,14,selection,59,9,5,False
P_TRACE_SC__V,P_TRACE_SC__T,16,pooled_descriptive,0.0435185185185185,exp_evidence_selection,same_policy_representation:selection:pooled_descriptive,0.4000624232259527,False,qwen3.8-27b,90,1.2300572398730751,0.1908102299134638,1.0,0.103484843749151,25,selection,49,7,12,False
P0__V,P0__T,26,aegislab,-0.085,exp_evidence_selection,same_policy_representation:main_report:aegislab,0.3875889150967072,False,qwen3.8-27b,70,1.1327271769728455,0.2314857748890341,1.0,-0.1658479550846179,20,main_report,24,19,11,False
P_BARO_RS__V,P_BARO_RS__T,29,aegislab,-0.1761904761904762,exp_evidence_selection,same_policy_representation:main_report:aegislab,0.386409797788887,False,qwen3.8-27b,70,1.2900917951706292,0.0024005404572157,0.0360081068582364,-0.3959830337223003,11,main_report,30,20,6,False
P_COVERAGE__V,P_COVERAGE__T,32,aegislab,-0.2409523809523809,exp_evidence_selection,same_policy_representation:main_report:aegislab,0.3425660055828455,False,qwen3.8-27b,70,1.0552513611711292,0.0004308630147183,0.0068938082354931,-0.5155296297979489,12,main_report,26,22,3,False
P_DIVERSITY__V,P_DIVERSITY__T,25,aegislab,-0.1523809523809523,exp_evidence_selection,same_policy_representation:main_report:aegislab,0.3400088066764073,False,qwen3.8-27b,70,1.1144826779469563,0.0105038467142756,0.1470538539998594,-0.3574246271270069,11,main_report,34,17,6,False
P_LOG_FREQ__V,P_LOG_FREQ__T,26,aegislab,-0.0797619047619047,exp_evidence_selection,same_policy_representation:main_report:aegislab,0.3399702906301323,False,qwen3.8-27b,70,1.05128341233936,0.2995936253484835,1.0,-0.1490106746987554,20,main_report,24,17,12,False
P_RANDOM__V,P_RANDOM__T,20,aegislab,-0.075,exp_evidence_selection,same_policy_representation:main_report:aegislab,0.3630240279667713,False,qwen3.8-27b,70,1.103158126494177,0.0875295879944238,0.7877662919498142,-0.1573869187761005,10,main_report,40,10,7,False
P_SIGMA__V,P_SIGMA__T,25,aegislab,-0.1595238095238095,exp_evidence_selection,same_policy_representation:main_report:aegislab,0.3786125772187915,False,qwen3.8-27b,70,1.1971150397311785,0.0180869360611765,0.2351301687952948,-0.3106871466591784,12,main_report,33,18,6,False
P_TRACE_SC__V,P_TRACE_SC__T,26,aegislab,-0.1361904761904762,exp_evidence_selection,same_policy_representation:main_report:aegislab,0.3884191816562112,False,qwen3.8-27b,70,1.222959470758992,0.0442251869226912,0.4422518692269128,-0.2620948974159186,14,main_report,30,18,10,False
P0__V,P0__T,20,aiops2022,-0.094047619047619,exp_evidence_selection,same_policy_representation:main_report:aiops2022,0.3986245638844098,False,qwen3.8-27b,70,1.2289809568815089,0.0492837739966813,0.4435539659701319,-0.2060558311814182,9,main_report,41,10,6,False
P_BARO_RS__V,P_BARO_RS__T,16,aiops2022,-0.0076190476190476,exp_evidence_selection,same_policy_representation:main_report:aiops2022,0.3709378739311388,False,qwen3.8-27b,70,1.2376782946975629,0.6744254494274087,1.0,-0.0175644700094061,13,main_report,41,9,9,False
P_COVERAGE__V,P_COVERAGE__T,11,aiops2022,-0.0226190476190476,exp_evidence_selection,same_policy_representation:main_report:aiops2022,0.3798836518493988,False,qwen3.8-27b,70,1.043147969575963,0.4764678056636413,1.0,-0.073079821635178,8,main_report,51,3,3,False
P_DIVERSITY__V,P_DIVERSITY__T,13,aiops2022,0.0297619047619047,exp_evidence_selection,same_policy_representation:main_report:aiops2022,0.3811356541539066,False,qwen3.8-27b,70,1.084350131648896,0.6737493567628221,1.0,0.0634213914935212,15,main_report,42,7,8,False
P_LOG_FREQ__V,P_LOG_FREQ__T,20,aiops2022,-0.0709523809523809,exp_evidence_selection,same_policy_representation:main_report:aiops2022,0.3841621543522982,False,qwen3.8-27b,70,1.1131212519428662,0.2163083044068919,1.0,-0.1429147504122204,13,main_report,37,12,7,False
P_RANDOM__V,P_RANDOM__T,11,aiops2022,-0.0857142857142857,exp_evidence_selection,same_policy_representation:main_report:aiops2022,0.4043953170018765,False,qwen3.8-27b,70,1.0771645120935018,0.0133129487347716,0.1597553848172597,-0.2592719387796649,2,main_report,57,6,2,False
P_SIGMA__V,P_SIGMA__T,15,aiops2022,-0.1047619047619047,exp_evidence_selection,same_policy_representation:main_report:aiops2022,0.371616468488624,False,qwen3.8-27b,70,1.2270799426557757,0.0095186334363659,0.1237422346727577,-0.3232880915849287,4,main_report,51,8,2,False
P_TRACE_SC__V,P_TRACE_SC__T,23,aiops2022,-0.0797619047619047,exp_evidence_selection,same_policy_representation:main_report:aiops2022,0.4007826051222186,False,qwen3.8-27b,70,1.305442710764692,0.0647567645054446,0.5180541160435569,-0.1700937536516139,11,main_report,36,10,6,False
P0__V,P0__T,16,aiops2025,-0.0159523809523809,exp_evidence_selection,same_policy_representation:main_report:aiops2025,0.4076954117173684,False,qwen3.8-27b,70,1.165564463494538,0.6435369840497005,1.0,-0.0414427585489281,13,main_report,41,5,7,False
P_BARO_RS__V,P_BARO_RS__T,15,aiops2025,-0.0107142857142857,exp_evidence_selection,same_policy_representation:main_report:aiops2025,0.3959424138983715,False,qwen3.8-27b,70,1.2660211242656945,0.9896172294533596,1.0,-0.0267850162869584,15,main_report,40,8,8,False
P_COVERAGE__V,P_COVERAGE__T,17,aiops2025,-0.0747619047619047,exp_evidence_selection,same_policy_representation:main_report:aiops2025,0.3023397644397987,False,qwen3.8-27b,70,0.874585364277495,0.0462458534162445,0.4624585341624457,-0.2039465358016855,7,main_report,46,6,2,False
P_DIVERSITY__V,P_DIVERSITY__T,20,aiops2025,-0.1064285714285714,exp_evidence_selection,same_policy_representation:main_report:aiops2025,0.3297785018505912,False,qwen3.8-27b,70,0.9176665286579454,0.107989628679436,0.8639170294354886,-0.2229700780738415,12,main_report,38,11,6,False
P_LOG_FREQ__V,P_LOG_FREQ__T,17,aiops2025,-0.0821428571428571,exp_evidence_selection,same_policy_representation:main_report:aiops2025,0.3275944833276718,False,qwen3.8-27b,70,0.9328883124914088,0.1086768394821008,0.8639170294354886,-0.2107817626477633,9,main_report,44,6,4,False
P_RANDOM__V,P_RANDOM__T,20,aiops2025,-0.1738095238095238,exp_evidence_selection,same_policy_representation:main_report:aiops2025,0.1775304644315623,False,qwen3.8-27b,70,0.4946096033054932,0.000126786415125,0.0020285826420013,-0.4651200927219295,2,main_report,48,10,1,False
P_SIGMA__V,P_SIGMA__T,15,aiops2025,-0.0238095238095238,exp_evidence_selection,same_policy_representation:main_report:aiops2025,0.3916852210239668,False,qwen3.8-27b,70,1.1316736231102231,0.485683651549889,1.0,-0.0652670296448487,11,main_report,44,6,5,False
P_TRACE_SC__V,P_TRACE_SC__T,18,aiops2025,-0.0576190476190476,exp_evidence_selection,same_policy_representation:main_report:aiops2025,0.4074083624668166,False,qwen3.8-27b,70,1.2600698430606727,0.1096342506464667,0.8639170294354886,-0.1620414333223048,9,main_report,43,7,5,False
P0__V,P0__T,62,pooled_descriptive,-0.065,exp_evidence_selection,same_policy_representation:main_report:pooled_descriptive,0.3979696302328284,False,qwen3.8-27b,210,1.1757575324496308,0.0453320607878021,0.1922273319259576,-0.1433395595185959,42,main_report,106,34,24,False
P_BARO_RS__V,P_BARO_RS__T,60,pooled_descriptive,-0.0648412698412698,exp_evidence_selection,same_policy_representation:main_report:pooled_descriptive,0.3844300285394657,False,qwen3.8-27b,210,1.2645970713779624,0.0327694611712882,0.1922273319259576,-0.1501305073482604,39,main_report,111,37,23,False
P_COVERAGE__V,P_COVERAGE__T,60,pooled_descriptive,-0.1127777777777777,exp_evidence_selection,same_policy_representation:main_report:pooled_descriptive,0.3415964739573476,False,qwen3.8-27b,210,0.9909948983415292,0.0001821826171924,0.0025505566406947,-0.284788496255455,27,main_report,123,31,8,False
P_DIVERSITY__V,P_DIVERSITY__T,58,pooled_descriptive,-0.0763492063492063,exp_evidence_selection,same_policy_representation:main_report:pooled_descriptive,0.3503076542269683,False,qwen3.8-27b,210,1.0388331127512658,0.0274610474179939,0.1922273319259576,-0.1650670266153032,38,main_report,114,35,20,False
P_LOG_FREQ__V,P_LOG_FREQ__T,63,pooled_descriptive,-0.0776190476190476,exp_evidence_selection,same_policy_representation:main_report:pooled_descriptive,0.3505756427700341,False,qwen3.8-27b,210,1.0324309922578785,0.0306024142331995,0.1922273319259576,-0.1632263856384955,42,main_report,105,35,23,False
P_RANDOM__V,P_RANDOM__T,51,pooled_descriptive,-0.1115079365079365,exp_evidence_selection,same_policy_representation:main_report:pooled_descriptive,0.31498326980007,False,qwen3.8-27b,210,0.8916440806310574,6.504404645995684e-06,9.756606968993528e-05,-0.2795361411234414,14,main_report,145,26,10,False
P_SIGMA__V,P_SIGMA__T,55,pooled_descriptive,-0.096031746031746,exp_evidence_selection,same_policy_representation:main_report:pooled_descriptive,0.3806380889104608,False,qwen3.8-27b,210,1.1852895351657258,0.0012710375979848,0.0116170238797426,-0.233762484595242,27,main_report,128,32,13,False
P_TRACE_SC__V,P_TRACE_SC__T,67,pooled_descriptive,-0.0911904761904761,exp_evidence_selection,same_policy_representation:main_report:pooled_descriptive,0.3988700497484155,False,qwen3.8-27b,210,1.2628240081947857,0.0018290368676076,0.0146322949408613,-0.2016124845435946,34,main_report,109,35,21,False
P0__V,P0__T,36,aegislab,-0.0711666666666666,exp_evidence_selection,same_policy_representation:all:aegislab,0.3881558106125413,False,qwen3.8-27b,100,1.1355576371524216,0.180431546022324,1.0,-0.1433050955441248,26,all,38,21,16,False
P_BARO_RS__V,P_BARO_RS__T,40,aegislab,-0.1208333333333333,exp_evidence_selection,same_policy_representation:all:aegislab,0.3861226108482467,False,qwen3.8-27b,100,1.2582165172563349,0.0071047180776861,0.0994660530876055,-0.2605232051574906,19,all,41,21,11,False
P_COVERAGE__V,P_COVERAGE__T,47,aegislab,-0.2353333333333333,exp_evidence_selection,same_policy_representation:all:aegislab,0.3326154072786527,False,qwen3.8-27b,100,1.00206931953688,4.334846911830977e-05,0.0006935755058929,-0.4607997896974192,17,all,36,29,6,False
P_DIVERSITY__V,P_DIVERSITY__T,37,aegislab,-0.17,exp_evidence_selection,same_policy_representation:all:aegislab,0.3305008221232592,False,qwen3.8-27b,100,1.0543496640740992,0.002019881138489,0.0302982170773351,-0.3398169828961725,16,all,47,27,10,False
P_LOG_FREQ__V,P_LOG_FREQ__T,33,aegislab,-0.0481666666666666,exp_evidence_selection,same_policy_representation:all:aegislab,0.3438616212472428,False,qwen3.8-27b,100,1.0486752568502324,0.4564827689464878,1.0,-0.0921337175300503,28,all,39,20,18,False
P_RANDOM__V,P_RANDOM__T,27,aegislab,-0.0808333333333333,exp_evidence_selection,same_policy_representation:all:aegislab,0.3544190214652408,False,qwen3.8-27b,100,1.0507612213473052,0.0456287706801987,0.4562877068019872,-0.1808849618447686,14,all,59,14,7,False
P_SIGMA__V,P_SIGMA__T,33,aegislab,-0.135,exp_evidence_selection,same_policy_representation:all:aegislab,0.3796066868686939,False,qwen3.8-27b,100,1.2106254632934754,0.0118022122858576,0.15342875971615,-0.2843409468970765,17,all,50,20,8,False
P_TRACE_SC__V,P_TRACE_SC__T,32,aegislab,-0.0928333333333333,exp_evidence_selection,same_policy_representation:all:aegislab,0.3890130057686764,False,qwen3.8-27b,100,1.228006899343414,0.1230607060826046,0.9844856486608374,-0.1823540970333931,22,all,46,22,15,False
P0__V,P0__T,25,aiops2022,-0.0771666666666666,exp_evidence_selection,same_policy_representation:all:aiops2022,0.3996538587312312,False,qwen3.8-27b,100,1.22270480198997,0.096587074382211,0.7726965950576885,-0.1743005976238283,15,all,60,13,7,False
P_BARO_RS__V,P_BARO_RS__T,23,aiops2022,-0.0244999999999999,exp_evidence_selection,same_policy_representation:all:aiops2022,0.3724375178497952,False,qwen3.8-27b,100,1.2155109203937269,0.4781295388324835,1.0,-0.056862720367551,18,all,59,12,10,False
P_COVERAGE__V,P_COVERAGE__T,18,aiops2022,-0.0325,exp_evidence_selection,same_policy_representation:all:aiops2022,0.3875110389112609,False,qwen3.8-27b,100,1.0681642135079457,0.2015594916457279,1.0,-0.0993424398863158,11,all,71,5,5,False
P_DIVERSITY__V,P_DIVERSITY__T,20,aiops2022,-0.0008333333333333,exp_evidence_selection,same_policy_representation:all:aiops2022,0.3832839996058058,False,qwen3.8-27b,100,1.0746626776096435,0.7187483063939097,1.0,-0.0019754144196931,17,all,63,8,9,False
P_LOG_FREQ__V,P_LOG_FREQ__T,25,aiops2022,-0.0663333333333333,exp_evidence_selection,same_policy_representation:all:aiops2022,0.3871954916228162,False,qwen3.8-27b,100,1.0887841719594236,0.1882814990072365,1.0,-0.1406166683595004,17,all,58,15,8,False
P_RANDOM__V,P_RANDOM__T,15,aiops2022,-0.0716666666666666,exp_evidence_selection,same_policy_representation:all:aiops2022,0.4063586173950313,False,qwen3.8-27b,100,1.1150119804319818,0.0254411806176754,0.2686779889526454,-0.2111660918920475,5,all,80,8,3,False
P_SIGMA__V,P_SIGMA__T,19,aiops2022,-0.09,exp_evidence_selection,same_policy_representation:all:aiops2022,0.3721426940995073,False,qwen3.8-27b,100,1.215184580339455,0.0244252717229677,0.2686779889526454,-0.2662151871149366,8,all,73,11,4,False
P_TRACE_SC__V,P_TRACE_SC__T,28,aiops2022,-0.04,exp_evidence_selection,same_policy_representation:all:aiops2022,0.4018116661369388,False,qwen3.8-27b,100,1.2814140293367529,0.2233223803165196,1.0,-0.0888255271000636,19,all,53,11,8,False
P0__V,P0__T,21,aiops2025,0.013,exp_evidence_selection,same_policy_representation:all:aiops2025,0.4071218059836113,False,qwen3.8-27b,100,1.1596525288406905,0.8026146275742035,1.0,0.0335742848379009,22,all,57,6,12,False
P_BARO_RS__V,P_BARO_RS__T,21,aiops2025,-0.0099999999999999,exp_evidence_selection,same_policy_representation:all:aiops2025,0.395066570980936,False,qwen3.8-27b,100,1.2598776596126464,0.900017878490982,1.0,-0.026039020551457,20,all,59,10,11,False
P_COVERAGE__V,P_COVERAGE__T,23,aiops2025,-0.0776666666666666,exp_evidence_selection,same_policy_representation:all:aiops2025,0.3213433989599967,False,qwen3.8-27b,100,0.963600387222134,0.0373932748374335,0.411326023211769,-0.2092903914386303,11,all,66,10,5,False
P_DIVERSITY__V,P_DIVERSITY__T,26,aiops2025,-0.1061666666666666,exp_evidence_selection,same_policy_representation:all:aiops2025,0.3235567755204512,False,qwen3.8-27b,100,0.939721740735632,0.0482449230267152,0.4824492302671524,-0.242534937290112,15,all,59,15,6,False
P_LOG_FREQ__V,P_LOG_FREQ__T,21,aiops2025,-0.0266666666666666,exp_evidence_selection,same_policy_representation:all:aiops2025,0.3395820652143577,False,qwen3.8-27b,100,0.9595991092627608,0.6159791990732375,1.0,-0.0673371892960828,18,all,61,7,9,False
P_RANDOM__V,P_RANDOM__T,29,aiops2025,-0.1733333333333333,exp_evidence_selection,same_policy_representation:all:aiops2025,0.1627207958490978,False,qwen3.8-27b,100,0.4497868920901768,4.327557240969895e-06,6.924091585551832e-05,-0.4743735471893778,3,all,68,13,2,False
P_SIGMA__V,P_SIGMA__T,20,aiops2025,-0.0291666666666666,exp_evidence_selection,same_policy_representation:all:aiops2025,0.390993064844778,False,qwen3.8-27b,100,1.173508829639618,0.4814049375997852,1.0,-0.0817030101233564,16,all,64,10,6,False
P_TRACE_SC__V,P_TRACE_SC__T,23,aiops2025,-0.0195,exp_evidence_selection,same_policy_representation:all:aiops2025,0.4068586134694147,False,qwen3.8-27b,100,1.24956100441465,0.5262297865504114,1.0,-0.0525730493445105,18,all,59,9,10,False
P0__V,P0__T,46,re2_ob,-0.2744444444444445,exp_evidence_selection,same_policy_representation:all:re2_ob,0.2956389107415398,False,qwen3.8-27b,90,1.284395576588936,2.87279274467879e-07,2.298234195743032e-06,-0.6270775033307212,9,all,35,39,7,False
P_BARO_RS__V,P_BARO_RS__T,39,re2_ob,-0.2161111111111111,exp_evidence_selection,same_policy_representation:all:re2_ob,0.2730908153529313,False,qwen3.8-27b,90,1.22725994173311,0.0002110081805599,0.0006330245416798,-0.4641577988572126,15,all,36,32,11,False
P_COVERAGE__V,P_COVERAGE__T,61,re2_ob,-0.4462962962962963,exp_evidence_selection,same_policy_representation:all:re2_ob,0.2034829496385549,False,qwen3.8-27b,90,0.9101567076552508,1.4993976416716575e-10,1.949216934173155e-09,-0.8978450746000831,8,all,21,48,7,False
P_DIVERSITY__V,P_DIVERSITY__T,60,re2_ob,-0.442962962962963,exp_evidence_selection,same_policy_representation:all:re2_ob,0.2133238212929925,False,qwen3.8-27b,90,0.8505437415547908,3.6482590233608047e-11,5.472388535041207e-10,-0.9566807856533042,7,all,23,49,6,False
P_LOG_FREQ__V,P_LOG_FREQ__T,59,re2_ob,-0.4605555555555556,exp_evidence_selection,same_policy_representation:all:re2_ob,0.2168013670332652,False,qwen3.8-27b,90,0.9375301648346016,4.403882114585256e-11,6.165434960419357e-10,-0.9612846296368484,8,all,23,50,4,False
P_RANDOM__V,P_RANDOM__T,52,re2_ob,-0.3731481481481482,exp_evidence_selection,same_policy_representation:all:re2_ob,0.2709163852215066,False,qwen3.8-27b,90,1.0855956656824028,2.206123738909413e-09,2.4267361128003544e-08,-0.8202259065683503,9,all,29,35,3,False
P_SIGMA__V,P_SIGMA__T,35,re2_ob,-0.1781481481481481,exp_evidence_selection,same_policy_representation:all:re2_ob,0.2926760944985294,False,qwen3.8-27b,90,1.2588402717510427,0.0004505357601096,0.0009010715202192,-0.4181292551861751,13,all,42,26,9,False
P_TRACE_SC__V,P_TRACE_SC__T,45,re2_ob,-0.2790740740740741,exp_evidence_selection,same_policy_representation:all:re2_ob,0.2956774016351906,False,qwen3.8-27b,90,1.163425393929664,3.661561047248615e-07,2.5630927330740305e-06,-0.6609828494166664,11,all,34,39,4,False
P0__V,P0__T,52,re2_tt,-0.3064814814814815,exp_evidence_selection,same_policy_representation:all:re2_tt,0.3080360650220923,False,qwen3.8-27b,90,1.1815217262631272,2.207590890172389e-07,1.5453136231206724e-06,-0.6284888058912498,10,all,28,43,8,False
P_BARO_RS__V,P_BARO_RS__T,46,re2_tt,-0.2388888888888889,exp_evidence_selection,same_policy_representation:all:re2_tt,0.3042753791163672,False,qwen3.8-27b,90,1.2260426185088016,2.257369983283266e-05,6.772109949849798e-05,-0.4517144312658775,10,all,34,36,9,False
P_COVERAGE__V,P_COVERAGE__T,62,re2_tt,-0.4685185185185185,exp_evidence_selection,same_policy_representation:all:re2_tt,0.3271339695403241,False,qwen3.8-27b,90,1.1075466080105485,3.1849610134670225e-11,4.777441520200534e-10,-0.9583375047669208,7,all,21,52,3,False
P_DIVERSITY__V,P_DIVERSITY__T,49,re2_tt,-0.3,exp_evidence_selection,same_policy_representation:all:re2_tt,0.3248394517724705,False,qwen3.8-27b,90,1.202496693437977,1.450053990105604e-06,7.25026995052802e-06,-0.561564182181041,11,all,30,41,10,False
P_LOG_FREQ__V,P_LOG_FREQ__T,52,re2_tt,-0.3712962962962963,exp_evidence_selection,same_policy_representation:all:re2_tt,0.3084670628586408,False,qwen3.8-27b,90,1.2177632936813751,2.388263058223436e-09,3.0233564980717747e-08,-0.7600728965781738,6,all,32,43,4,False
P_RANDOM__V,P_RANDOM__T,23,re2_tt,-0.1018518518518518,exp_evidence_selection,same_policy_representation:all:re2_tt,0.3314055844617024,False,qwen3.8-27b,90,1.171276461782037,0.0146337056054172,0.0146337056054172,-0.2459660956968601,9,all,58,12,7,False
P_SIGMA__V,P_SIGMA__T,48,re2_tt,-0.3018518518518518,exp_evidence_selection,same_policy_representation:all:re2_tt,0.2909012046002395,False,qwen3.8-27b,90,1.1661085215332936,5.3331084425828e-06,2.13324337703312e-05,-0.5380809386746713,13,all,29,40,9,False
P_TRACE_SC__V,P_TRACE_SC__T,53,re2_tt,-0.3518518518518518,exp_evidence_selection,same_policy_representation:all:re2_tt,0.3078751146924766,False,qwen3.8-27b,90,1.170375503947647,3.6224298659466266e-08,2.897943892757301e-07,-0.6843730157429531,8,all,29,46,7,False
P0__V,P0__T,180,pooled_descriptive,-0.1371180555555555,exp_evidence_selection,same_policy_representation:all:pooled_descriptive,0.3621331153155527,False,qwen3.8-27b,480,1.195258445947904,4.996946908532695e-10,9.99389381706539e-10,-0.2939864012261615,82,all,218,122,50,False
P_BARO_RS__V,P_BARO_RS__T,169,pooled_descriptive,-0.1176736111111111,exp_evidence_selection,same_policy_representation:all:pooled_descriptive,0.3485950572294471,False,qwen3.8-27b,480,1.2378286253084227,3.436392941588128e-08,3.436392941588128e-08,-0.2541521429077488,82,all,229,111,52,False
P_COVERAGE__V,P_COVERAGE__T,211,pooled_descriptive,-0.2435069444444444,exp_evidence_selection,same_policy_representation:all:pooled_descriptive,0.316463556752271,False,qwen3.8-27b,480,1.0103681050762874,1.1897644939671651e-23,1.7846467409507477e-22,-0.5109807019595192,54,all,215,144,26,False
P_DIVERSITY__V,P_DIVERSITY__T,192,pooled_descriptive,-0.1970138888888888,exp_evidence_selection,same_policy_representation:all:pooled_descriptive,0.3170184464600903,False,qwen3.8-27b,480,1.0242646820651804,4.027305675507272e-16,4.832766810608727e-15,-0.3986473612141069,66,all,222,140,41,False
P_LOG_FREQ__V,P_LOG_FREQ__T,190,pooled_descriptive,-0.1853819444444444,exp_evidence_selection,same_policy_representation:all:pooled_descriptive,0.3215376593723192,False,qwen3.8-27b,480,1.0493380522368323,1.6163044938177725e-13,1.293043595054218e-12,-0.3672890157323095,77,all,213,135,43,False
P_RANDOM__V,P_RANDOM__T,146,pooled_descriptive,-0.1569444444444444,exp_evidence_selection,same_policy_representation:all:pooled_descriptive,0.3053308765467204,False,qwen3.8-27b,480,0.968071876789054,2.8229108742725493e-15,2.822910874272549e-14,-0.3750343695770016,40,all,294,82,22,False
P_SIGMA__V,P_SIGMA__T,155,pooled_descriptive,-0.1429513888888889,exp_evidence_selection,same_policy_representation:all:pooled_descriptive,0.3474920864587231,False,qwen3.8-27b,480,1.2045359973392606,2.0649509201079886e-10,8.259803680431955e-10,-0.3220498381021663,67,all,258,107,36,False
P_TRACE_SC__V,P_TRACE_SC__T,181,pooled_descriptive,-0.1500347222222222,exp_evidence_selection,same_policy_representation:all:pooled_descriptive,0.3626834479312355,False,qwen3.8-27b,480,1.220708904413416,2.8510502083997444e-11,1.7106301250398466e-10,-0.3172225206313444,78,all,221,127,44,False
P0__V,P0__T,1,aegislab,0.05,exp_evidence_selection,same_policy_representation:selection:aegislab,0.2921180298204635,False,gemma-4-26b-a4b,30,0.9118083683735648,0.3260984326464595,1.0,0.1511113684316681,3,selection,26,1,3,False
P_BARO_RS__V,P_BARO_RS__T,5,aegislab,-0.1,exp_evidence_selection,same_policy_representation:selection:aegislab,0.2893967509554326,False,gemma-4-26b-a4b,30,0.919434182853462,0.2404437468597485,1.0,-0.2361550989693654,2,selection,23,4,2,False
P_COVERAGE__V,P_COVERAGE__T,8,aegislab,-0.1444444444444444,exp_evidence_selection,same_policy_representation:selection:aegislab,0.2330010496840165,False,gemma-4-26b-a4b,30,0.7699725849705129,0.2057632154864801,1.0,-0.2594993806385671,4,selection,18,7,4,False
P_DIVERSITY__V,P_DIVERSITY__T,7,aegislab,-0.1777777777777777,exp_evidence_selection,same_policy_representation:selection:aegislab,0.2321542382382514,False,gemma-4-26b-a4b,30,0.7603939158523243,0.0736617941290859,1.0,-0.4023042416578491,2,selection,21,6,2,False
P_LOG_FREQ__V,P_LOG_FREQ__T,3,aegislab,-0.0666666666666666,exp_evidence_selection,same_policy_representation:selection:aegislab,0.2649509390694435,False,gemma-4-26b-a4b,30,0.8128533045995193,0.3173105078629141,1.0,-0.1825741858350553,1,selection,26,3,1,False
P_RANDOM__V,P_RANDOM__T,4,aegislab,-0.025,exp_evidence_selection,same_policy_representation:selection:aegislab,0.2509404833683014,False,gemma-4-26b-a4b,30,0.812133679161321,0.4496046478585301,1.0,-0.0649711614449448,2,selection,24,2,2,False
P_SIGMA__V,P_SIGMA__T,1,aegislab,0.0666666666666666,exp_evidence_selection,same_policy_representation:selection:aegislab,0.2870876284901653,False,gemma-4-26b-a4b,30,1.02083273782357,0.3173105078629141,1.0,0.1825741858350553,3,selection,26,1,3,False
P_TRACE_SC__V,P_TRACE_SC__T,2,aegislab,0.0666666666666666,exp_evidence_selection,same_policy_representation:selection:aegislab,0.2928098535786221,False,gemma-4-26b-a4b,30,0.9454669640761364,0.2819025817283859,1.0,0.1549727819554063,5,selection,23,2,5,False
P0__V,P0__T,3,aiops2022,-0.1,exp_evidence_selection,same_policy_representation:selection:aiops2022,0.2992590582821366,False,gemma-4-26b-a4b,30,0.9458070283469824,0.0832645166635504,1.0,-0.327730693416725,0,selection,27,3,0,False
P_BARO_RS__V,P_BARO_RS__T,2,aiops2022,-0.0111111111111111,exp_evidence_selection,same_policy_representation:selection:aiops2022,0.281530855760522,False,gemma-4-26b-a4b,30,0.9909635875903188,0.5773388672439116,1.0,-0.0412175561641551,1,selection,27,1,1,False
P_COVERAGE__V,P_COVERAGE__T,4,aiops2022,-0.05,exp_evidence_selection,same_policy_representation:selection:aiops2022,0.3016149219473353,False,gemma-4-26b-a4b,30,1.014529850107355,0.4317758958409718,1.0,-0.1183624173280893,2,selection,24,3,2,False
P_DIVERSITY__V,P_DIVERSITY__T,3,aiops2022,-0.05,exp_evidence_selection,same_policy_representation:selection:aiops2022,0.2892108481679915,False,gemma-4-26b-a4b,30,0.9501706754620528,0.3260984326464595,1.0,-0.1511113684316681,1,selection,26,2,1,False
P_LOG_FREQ__V,P_LOG_FREQ__T,5,aiops2022,-0.1444444444444444,exp_evidence_selection,same_policy_representation:selection:aiops2022,0.2933517290604349,False,gemma-4-26b-a4b,30,0.9378674434482408,0.0254407773034237,0.4070524368547792,-0.4166648954974753,0,selection,25,4,0,False
P_RANDOM__V,P_RANDOM__T,2,aiops2022,-0.0666666666666666,exp_evidence_selection,same_policy_representation:selection:aiops2022,0.3045812750147471,False,gemma-4-26b-a4b,30,0.989343488903566,0.1572992070502851,1.0,-0.2627691364061218,0,selection,28,2,0,False
P_SIGMA__V,P_SIGMA__T,1,aiops2022,0.0666666666666666,exp_evidence_selection,same_policy_representation:selection:aiops2022,0.2797225884970303,False,gemma-4-26b-a4b,30,1.0471445288423158,0.3173105078629141,1.0,0.1825741858350553,3,selection,26,1,3,False
P_TRACE_SC__V,P_TRACE_SC__T,4,aiops2022,-0.1333333333333333,exp_evidence_selection,same_policy_representation:selection:aiops2022,0.3007123229555424,False,gemma-4-26b-a4b,30,0.9962246253078634,0.0455002638963583,0.6825039584453758,-0.3856396617542711,0,selection,26,4,0,False
P0__V,P0__T,2,aiops2025,0.0722222222222222,exp_evidence_selection,same_policy_representation:selection:aiops2025,0.2943186878062948,False,gemma-4-26b-a4b,30,0.9683839389784334,0.281926075300939,1.0,0.1652703027634839,5,selection,23,2,5,False
P_BARO_RS__V,P_BARO_RS__T,2,aiops2025,0.1333333333333333,exp_evidence_selection,same_policy_representation:selection:aiops2025,0.2860405644074443,False,gemma-4-26b-a4b,30,0.8875027245948688,0.1433352650564229,1.0,0.3070976116635082,6,selection,22,1,6,False
P_COVERAGE__V,P_COVERAGE__T,6,aiops2025,0.0055555555555555,exp_evidence_selection,same_policy_representation:selection:aiops2025,0.2651995861492787,False,gemma-4-26b-a4b,30,0.840704279756683,0.8569543204114727,1.0,0.0097787709417056,5,selection,19,4,5,False
P_DIVERSITY__V,P_DIVERSITY__T,5,aiops2025,-0.0833333333333333,exp_evidence_selection,same_policy_representation:selection:aiops2025,0.2246453192476482,False,gemma-4-26b-a4b,30,0.7353062373101612,0.2692635753093516,1.0,-0.1825741858350553,2,selection,23,4,2,False
P_LOG_FREQ__V,P_LOG_FREQ__T,2,aiops2025,0.0833333333333333,exp_evidence_selection,same_policy_representation:selection:aiops2025,0.2667919146075755,False,gemma-4-26b-a4b,30,0.8213837989555783,0.3814894762685039,1.0,0.1998622114889836,4,selection,24,1,4,False
P_RANDOM__V,P_RANDOM__T,6,aiops2025,-0.1666666666666666,exp_evidence_selection,same_policy_representation:selection:aiops2025,0.092465382336469,False,gemma-4-26b-a4b,30,0.2903727126047715,0.0144348002095385,0.2020872029335396,-0.4687184332805459,0,selection,24,4,0,False
P_SIGMA__V,P_SIGMA__T,7,aiops2025,-0.1622222222222222,exp_evidence_selection,same_policy_representation:selection:aiops2025,0.2836586473888126,False,gemma-4-26b-a4b,30,1.004652798502769,0.0082921258264098,0.1326740132225572,-0.4687844143380412,0,selection,23,4,0,False
P_TRACE_SC__V,P_TRACE_SC__T,1,aiops2025,0.1166666666666666,exp_evidence_selection,same_policy_representation:selection:aiops2025,0.2941560703764228,False,gemma-4-26b-a4b,30,0.9103272375265004,0.0651779090832001,0.8473128180816024,0.3015209897000315,6,selection,23,1,6,False
P0__V,P0__T,6,pooled_descriptive,0.0074074074074074,exp_evidence_selection,same_policy_representation:selection:pooled_descriptive,0.295231925302965,False,gemma-4-26b-a4b,90,0.9419997785663268,0.633630089630622,1.0,0.0202240463821811,8,selection,76,6,8,False
P_BARO_RS__V,P_BARO_RS__T,9,pooled_descriptive,0.0074074074074074,exp_evidence_selection,same_policy_representation:selection:pooled_descriptive,0.285656057041133,False,gemma-4-26b-a4b,90,0.9326334983462166,0.981567641154196,1.0,0.0189449403882623,9,selection,72,6,9,False
P_COVERAGE__V,P_COVERAGE__T,18,pooled_descriptive,-0.0629629629629629,exp_evidence_selection,same_policy_representation:selection:pooled_descriptive,0.2666051859268768,False,gemma-4-26b-a4b,90,0.8750689049448502,0.2052538603047713,1.0,-0.12158934237863,11,selection,61,14,11,False
P_DIVERSITY__V,P_DIVERSITY__T,15,pooled_descriptive,-0.1037037037037037,exp_evidence_selection,same_policy_representation:selection:pooled_descriptive,0.2486701352179637,False,gemma-4-26b-a4b,90,0.8152902762081796,0.0232771631671042,0.279325958005251,-0.2514086984922259,5,selection,70,12,5,False
P_LOG_FREQ__V,P_LOG_FREQ__T,10,pooled_descriptive,-0.0425925925925925,exp_evidence_selection,same_policy_representation:selection:pooled_descriptive,0.2750315275791513,False,gemma-4-26b-a4b,90,0.8573681823344461,0.2079259096532623,1.0,-0.1106057380680003,5,selection,75,8,5,False
P_RANDOM__V,P_RANDOM__T,12,pooled_descriptive,-0.0861111111111111,exp_evidence_selection,same_policy_representation:selection:pooled_descriptive,0.2159957135731725,False,gemma-4-26b-a4b,90,0.6972832935565528,0.0081674077494096,0.1306785239905548,-0.2550499236719702,2,selection,76,8,2,False
P_SIGMA__V,P_SIGMA__T,9,pooled_descriptive,-0.0096296296296296,exp_evidence_selection,same_policy_representation:selection:pooled_descriptive,0.2834896214586694,False,gemma-4-26b-a4b,90,1.024210021722885,0.4726786249493558,1.0,-0.0259518209895787,6,selection,75,6,6,False
P_TRACE_SC__V,P_TRACE_SC__T,7,pooled_descriptive,0.0166666666666666,exp_evidence_selection,same_policy_representation:selection:pooled_descriptive,0.2958927489701957,False,gemma-4-26b-a4b,90,0.9506729423035002,0.4005946758159012,1.0,0.0416886292439626,11,selection,72,7,11,False
P0__V,P0__T,13,aegislab,0.0047619047619047,exp_evidence_selection,same_policy_representation:main_report:aegislab,0.2909805366648785,False,gemma-4-26b-a4b,70,0.9340717112104672,0.9891511928621092,1.0,0.0082984124971619,13,main_report,44,11,13,False
P_BARO_RS__V,P_BARO_RS__T,17,aegislab,-0.0928571428571428,exp_evidence_selection,same_policy_representation:main_report:aegislab,0.2901789629102393,False,gemma-4-26b-a4b,70,0.9575699990795368,0.1824224394517357,1.0,-0.1569688258507664,10,main_report,43,15,10,False
P_COVERAGE__V,P_COVERAGE__T,21,aegislab,-0.1619047619047618,exp_evidence_selection,same_policy_representation:main_report:aegislab,0.2572938417735456,False,gemma-4-26b-a4b,70,0.8380944353636826,0.038786198396737,0.4280280254914064,-0.2599020908375442,10,main_report,39,20,10,False
P_DIVERSITY__V,P_DIVERSITY__T,10,aegislab,-0.0154761904761904,exp_evidence_selection,same_policy_representation:main_report:aegislab,0.25563282470654,False,gemma-4-26b-a4b,70,0.802377737999486,0.971069357288364,1.0,-0.0305217631625385,11,main_report,49,10,11,False
P_LOG_FREQ__V,P_LOG_FREQ__T,15,aegislab,-0.0404761904761904,exp_evidence_selection,same_policy_representation:main_report:aegislab,0.2552152012861209,False,gemma-4-26b-a4b,70,0.7945315292935713,0.4788565758637867,1.0,-0.0682810652150326,11,main_report,44,14,11,False
P_RANDOM__V,P_RANDOM__T,9,aegislab,-0.0928571428571428,exp_evidence_selection,same_policy_representation:main_report:aegislab,0.2720583848829752,False,gemma-4-26b-a4b,70,0.9125199705646044,0.0356690021242838,0.4280280254914064,-0.2483456661485116,2,main_report,59,8,2,False
P_SIGMA__V,P_SIGMA__T,10,aegislab,-0.0714285714285714,exp_evidence_selection,same_policy_representation:main_report:aegislab,0.2850315465389811,False,gemma-4-26b-a4b,70,0.955466329651626,0.1967056024589468,1.0,-0.1550542222794655,5,main_report,55,10,5,False
P_TRACE_SC__V,P_TRACE_SC__T,20,aegislab,-0.1142857142857142,exp_evidence_selection,same_policy_representation:main_report:aegislab,0.2916024815372461,False,gemma-4-26b-a4b,70,0.953372312019752,0.1508488329038948,1.0,-0.1745321597525428,12,main_report,38,19,12,False
P0__V,P0__T,14,aiops2022,-0.119047619047619,exp_evidence_selection,same_policy_representation:main_report:aiops2022,0.2963516310487128,False,gemma-4-26b-a4b,70,0.9234463136217528,0.0408843422145786,0.4088434221457862,-0.2390041595398903,5,main_report,51,13,5,False
P_BARO_RS__V,P_BARO_RS__T,8,aiops2022,-0.0452380952380952,exp_evidence_selection,same_policy_representation:main_report:aiops2022,0.2776690798862393,False,gemma-4-26b-a4b,70,1.0451332944911311,0.2522904234712989,1.0,-0.1230302901766167,4,main_report,58,6,4,False
P_COVERAGE__V,P_COVERAGE__T,13,aiops2022,-0.0976190476190476,exp_evidence_selection,same_policy_representation:main_report:aiops2022,0.2822735018335454,False,gemma-4-26b-a4b,70,0.8741947998042865,0.0994166104223035,0.6837898220254354,-0.2080282760759933,6,main_report,51,11,6,False
P_DIVERSITY__V,P_DIVERSITY__T,17,aiops2022,-0.1476190476190476,exp_evidence_selection,same_policy_representation:main_report:aiops2022,0.283470641794457,False,gemma-4-26b-a4b,70,0.8980640887990088,0.0212891196553893,0.2341803162092831,-0.2806808192052784,6,main_report,47,15,6,False
P_LOG_FREQ__V,P_LOG_FREQ__T,14,aiops2022,-0.1535714285714285,exp_evidence_selection,same_policy_representation:main_report:aiops2022,0.2855818443803977,False,gemma-4-26b-a4b,70,0.946644898147188,0.0028701057055046,0.0430515855825695,-0.3585011494171223,2,main_report,54,12,2,False
P_RANDOM__V,P_RANDOM__T,8,aiops2022,-0.1142857142857142,exp_evidence_selection,same_policy_representation:main_report:aiops2022,0.2993315960477478,False,gemma-4-26b-a4b,70,1.0364186357777074,0.0046777349810472,0.0654882897346617,-0.3566355844446343,0,main_report,62,8,0,False
P_SIGMA__V,P_SIGMA__T,7,aiops2022,-0.0642857142857142,exp_evidence_selection,same_policy_representation:main_report:aiops2022,0.2780202266967781,False,gemma-4-26b-a4b,70,0.9952016415788204,0.0976842602893479,0.6837898220254354,-0.1892618149779006,2,main_report,61,6,2,False
P_TRACE_SC__V,P_TRACE_SC__T,16,aiops2022,-0.1833333333333333,exp_evidence_selection,same_policy_representation:main_report:aiops2022,0.2978080599683176,False,gemma-4-26b-a4b,70,0.9265187520992636,0.0024939641747741,0.0399034267963871,-0.3930970156874322,3,main_report,51,15,3,False
P0__V,P0__T,10,aiops2025,-0.1,exp_evidence_selection,same_policy_representation:main_report:aiops2025,0.2963385869521128,False,gemma-4-26b-a4b,70,0.8996816222635335,0.0487852908378992,0.4624585341624457,-0.2527625148017183,3,main_report,57,9,3,False
P_BARO_RS__V,P_BARO_RS__T,7,aiops2025,-0.0214285714285714,exp_evidence_selection,same_policy_representation:main_report:aiops2025,0.2885293211506924,False,gemma-4-26b-a4b,70,0.9689253856373092,0.7584075346719176,1.0,-0.0509237342403553,6,main_report,57,7,6,False
P_COVERAGE__V,P_COVERAGE__T,16,aiops2025,-0.138095238095238,exp_evidence_selection,same_policy_representation:main_report:aiops2025,0.2196153863447407,False,gemma-4-26b-a4b,70,0.677960791189001,0.0088354067255141,0.1060248807061699,-0.2924300614828309,4,main_report,50,12,4,False
P_DIVERSITY__V,P_DIVERSITY__T,20,aiops2025,-0.1952380952380952,exp_evidence_selection,same_policy_representation:main_report:aiops2025,0.2397152967305356,False,gemma-4-26b-a4b,70,0.7186901680907269,0.001170421328213,0.016385898594983,-0.3986006920184689,4,main_report,46,15,4,False
P_LOG_FREQ__V,P_LOG_FREQ__T,12,aiops2025,-0.1428571428571428,exp_evidence_selection,same_policy_representation:main_report:aiops2025,0.2380137806837396,False,gemma-4-26b-a4b,70,0.7331430057454278,0.0066740855426412,0.0867631120543359,-0.3566355844446342,2,main_report,56,11,2,False
P_RANDOM__V,P_RANDOM__T,15,aiops2025,-0.1833333333333333,exp_evidence_selection,same_policy_representation:main_report:aiops2025,0.1289151087561122,False,gemma-4-26b-a4b,70,0.3891214603036777,0.0004850825310955,0.007276237966433,-0.4394653239931068,1,main_report,54,13,1,False
P_SIGMA__V,P_SIGMA__T,10,aiops2025,-0.0214285714285714,exp_evidence_selection,same_policy_representation:main_report:aiops2025,0.2858529680056033,False,gemma-4-26b-a4b,70,0.9580240882056632,0.364848970499135,1.0,-0.0535442983886898,6,main_report,54,6,6,False
P_TRACE_SC__V,P_TRACE_SC__T,9,aiops2025,-0.0976190476190476,exp_evidence_selection,same_policy_representation:main_report:aiops2025,0.2961207057726898,False,gemma-4-26b-a4b,70,0.9052769694827932,0.0325766996274129,0.3583436959015425,-0.275009758314303,2,main_report,59,8,2,False
P0__V,P0__T,37,pooled_descriptive,-0.0714285714285714,exp_evidence_selection,same_policy_representation:main_report:pooled_descriptive,0.2945569182219014,False,gemma-4-26b-a4b,210,0.9190665490319178,0.0347675269102698,0.1922273319259576,-0.1442273877606702,21,main_report,152,33,21,False
P_BARO_RS__V,P_BARO_RS__T,32,pooled_descriptive,-0.0531746031746031,exp_evidence_selection,same_policy_representation:main_report:pooled_descriptive,0.2854591213157236,False,gemma-4-26b-a4b,210,0.9905428930693256,0.0949830145776989,0.1922273319259576,-0.1134940472791578,20,main_report,158,28,20,False
P_COVERAGE__V,P_COVERAGE__T,50,pooled_descriptive,-0.1325396825396825,exp_evidence_selection,same_policy_representation:main_report:pooled_descriptive,0.2530609099839439,False,gemma-4-26b-a4b,210,0.7967500087856567,0.0003108312539211,0.0040349032795324,-0.2526763919492281,20,main_report,140,43,20,False
P_DIVERSITY__V,P_DIVERSITY__T,47,pooled_descriptive,-0.1194444444444444,exp_evidence_selection,same_policy_representation:main_report:pooled_descriptive,0.2596062544105109,False,gemma-4-26b-a4b,210,0.8063773316297405,0.0011617023879742,0.0116170238797426,-0.2337038102620776,21,main_report,142,40,21,False
P_LOG_FREQ__V,P_LOG_FREQ__T,41,pooled_descriptive,-0.1123015873015873,exp_evidence_selection,same_policy_representation:main_report:pooled_descriptive,0.2596036087834195,False,gemma-4-26b-a4b,210,0.8247731443953957,0.0005728599814244,0.0063014597956692,-0.2330641771098902,15,main_report,154,37,15,False
P_RANDOM__V,P_RANDOM__T,32,pooled_descriptive,-0.1301587301587301,exp_evidence_selection,same_policy_representation:main_report:pooled_descriptive,0.2334350298956117,False,gemma-4-26b-a4b,210,0.7793533555486633,9.95966609542645e-07,1.593546575268232e-05,-0.3490982499297872,3,main_report,175,29,3,False
P_SIGMA__V,P_SIGMA__T,27,pooled_descriptive,-0.0523809523809523,exp_evidence_selection,same_policy_representation:main_report:pooled_descriptive,0.2829682470804542,False,gemma-4-26b-a4b,210,0.9695640198120364,0.0302321503623323,0.1922273319259576,-0.1303357912032856,13,main_report,170,22,13,False
P_TRACE_SC__V,P_TRACE_SC__T,45,pooled_descriptive,-0.1317460317460317,exp_evidence_selection,same_policy_representation:main_report:pooled_descriptive,0.2951770824260845,False,gemma-4-26b-a4b,210,0.9283893445339364,0.0003103771753486,0.0040349032795324,-0.2602079026028167,17,main_report,148,42,17,False
P0__V,P0__T,14,aegislab,0.0183333333333333,exp_evidence_selection,same_policy_representation:all:aegislab,0.291321784611554,False,gemma-4-26b-a4b,100,0.9273927083593962,0.7219596045935326,1.0,0.0358167085601989,16,all,70,12,16,False
P_BARO_RS__V,P_BARO_RS__T,22,aegislab,-0.095,exp_evidence_selection,same_policy_representation:all:aegislab,0.2899442993237973,False,gemma-4-26b-a4b,100,0.9461292542117146,0.0841796336021474,0.7576167024193272,-0.1744840153351083,12,all,66,19,12,False
P_COVERAGE__V,P_COVERAGE__T,29,aegislab,-0.1566666666666666,exp_evidence_selection,same_policy_representation:all:aegislab,0.2500060041466869,False,gemma-4-26b-a4b,100,0.8176578802457318,0.015054397463921,0.180652769567052,-0.2606442936186553,14,all,57,27,14,False
P_DIVERSITY__V,P_DIVERSITY__T,17,aegislab,-0.0641666666666666,exp_evidence_selection,same_policy_representation:all:aegislab,0.2485892487660534,False,gemma-4-26b-a4b,100,0.7897825913553376,0.3478287837013502,1.0,-0.1304418737492624,13,all,70,16,13,False
P_LOG_FREQ__V,P_LOG_FREQ__T,18,aegislab,-0.0483333333333333,exp_evidence_selection,same_policy_representation:all:aegislab,0.2581359226211178,False,gemma-4-26b-a4b,100,0.8000280618853555,0.2968572536015883,1.0,-0.0906773413420805,12,all,70,17,12,False
P_RANDOM__V,P_RANDOM__T,13,aegislab,-0.0725,exp_evidence_selection,same_policy_representation:all:aegislab,0.2657230144285731,False,gemma-4-26b-a4b,100,0.8824040831436193,0.0315677726855202,0.3472454995407223,-0.1925397429284995,4,all,83,10,4,False
P_SIGMA__V,P_SIGMA__T,11,aegislab,-0.03,exp_evidence_selection,same_policy_representation:all:aegislab,0.2856483711243364,False,gemma-4-26b-a4b,100,0.9750762521032093,0.4912971242158931,1.0,-0.0686424992426261,8,all,81,11,8,False
P_TRACE_SC__V,P_TRACE_SC__T,22,aegislab,-0.06,exp_evidence_selection,same_policy_representation:all:aegislab,0.2919646931496589,False,gemma-4-26b-a4b,100,0.9510007076366672,0.370720778949871,1.0,-0.0999999999999999,17,all,61,21,17,False
P0__V,P0__T,17,aiops2022,-0.1133333333333333,exp_evidence_selection,same_policy_representation:all:aiops2022,0.2972238592187399,False,gemma-4-26b-a4b,100,0.9301545280393216,0.0109070162841876,0.1417912116944392,-0.2532505557371398,5,all,78,16,5,False
P_BARO_RS__V,P_BARO_RS__T,10,aiops2022,-0.0349999999999999,exp_evidence_selection,same_policy_representation:all:aiops2022,0.2788276126485241,False,gemma-4-26b-a4b,100,1.0288823824208877,0.2048111339034733,1.0,-0.1028673479164299,5,all,85,7,5,False
P_COVERAGE__V,P_COVERAGE__T,17,aiops2022,-0.0833333333333333,exp_evidence_selection,same_policy_representation:all:aiops2022,0.2880759278676824,False,gemma-4-26b-a4b,100,0.916295314895207,0.0694884611208331,0.6253961500874985,-0.1835033225523589,8,all,75,14,8,False
P_DIVERSITY__V,P_DIVERSITY__T,20,aiops2022,-0.1183333333333333,exp_evidence_selection,same_policy_representation:all:aiops2022,0.2851927037065173,False,gemma-4-26b-a4b,100,0.913696064797922,0.0126446792224514,0.1517361506694172,-0.248434418205587,7,all,73,17,7,False
P_LOG_FREQ__V,P_LOG_FREQ__T,19,aiops2022,-0.1508333333333333,exp_evidence_selection,same_policy_representation:all:aiops2022,0.2879128097844088,False,gemma-4-26b-a4b,100,0.944011661737504,0.0002224457089192,0.0035591313427073,-0.3734635936702427,2,all,79,16,2,False
P_RANDOM__V,P_RANDOM__T,10,aiops2022,-0.1,exp_evidence_selection,same_policy_representation:all:aiops2022,0.3009064997378476,False,gemma-4-26b-a4b,100,1.022296091715465,0.0015654022580025,0.0219156316120356,-0.3316624790355399,0,all,90,10,0,False
P_SIGMA__V,P_SIGMA__T,8,aiops2022,-0.025,exp_evidence_selection,same_policy_representation:all:aiops2022,0.2785309352368538,False,gemma-4-26b-a4b,100,1.010784507757869,0.4138376150493184,1.0,-0.0712525303194425,5,all,87,7,5,False
P_TRACE_SC__V,P_TRACE_SC__T,20,aiops2022,-0.1683333333333333,exp_evidence_selection,same_policy_representation:all:aiops2022,0.298679338864485,False,gemma-4-26b-a4b,100,0.9474305140618436,0.0003437863083346,0.0051567946250203,-0.3891161978940226,3,all,77,19,3,False
P0__V,P0__T,12,aiops2025,-0.0483333333333333,exp_evidence_selection,same_policy_representation:all:aiops2025,0.2957326172083675,False,gemma-4-26b-a4b,100,0.9202923172780032,0.3369583928452021,1.0,-0.1167725466114216,8,all,80,11,8,False
P_BARO_RS__V,P_BARO_RS__T,9,aiops2025,0.025,exp_evidence_selection,same_policy_representation:all:aiops2025,0.2877826941277179,False,gemma-4-26b-a4b,100,0.944498587324577,0.5320404432186558,1.0,0.0583271965353222,12,all,79,8,12,False
P_COVERAGE__V,P_COVERAGE__T,22,aiops2025,-0.095,exp_evidence_selection,same_policy_representation:all:aiops2025,0.2332906462861021,False,gemma-4-26b-a4b,100,0.7267838377593056,0.0267628493089042,0.3479170410157555,-0.1883675778250667,9,all,69,16,9,False
P_DIVERSITY__V,P_DIVERSITY__T,25,aiops2025,-0.1616666666666666,exp_evidence_selection,same_policy_representation:all:aiops2025,0.2351943034856694,False,gemma-4-26b-a4b,100,0.7236749888565572,0.0007378768115774,0.0103302753620841,-0.3364442896807963,6,all,69,19,6,False
P_LOG_FREQ__V,P_LOG_FREQ__T,14,aiops2025,-0.075,exp_evidence_selection,same_policy_representation:all:aiops2025,0.2466472208608904,False,gemma-4-26b-a4b,100,0.759615243708473,0.0730686955758277,0.6576182601824496,-0.18,6,all,80,12,6,False
P_RANDOM__V,P_RANDOM__T,21,aiops2025,-0.1783333333333333,exp_evidence_selection,same_policy_representation:all:aiops2025,0.1179801908302193,False,gemma-4-26b-a4b,100,0.359496835994006,2.1407843387258388e-05,0.0003211176508088,-0.4480903129081024,1,all,78,17,1,False
P_SIGMA__V,P_SIGMA__T,17,aiops2025,-0.0636666666666666,exp_evidence_selection,same_policy_representation:all:aiops2025,0.285194671820566,False,gemma-4-26b-a4b,100,0.9720127012947948,0.0276435195586665,0.3479170410157555,-0.1638895801585148,6,all,77,10,6,False
P_TRACE_SC__V,P_TRACE_SC__T,10,aiops2025,-0.0333333333333333,exp_evidence_selection,same_policy_representation:all:aiops2025,0.2955313151538097,False,gemma-4-26b-a4b,100,0.9067920498959058,0.5871323607123581,1.0,-0.0886405260427918,8,all,82,9,8,False
P0__V,P0__T,30,re2_ob,-0.274074074074074,exp_evidence_selection,same_policy_representation:all:re2_ob,0.2055105008665275,False,gemma-4-26b-a4b,90,0.8991119410161651,1.9137368982782164e-05,9.568684491391084e-05,-0.4995000982163209,5,all,55,29,5,False
P_BARO_RS__V,P_BARO_RS__T,45,re2_ob,-0.4462962962962962,exp_evidence_selection,same_policy_representation:all:re2_ob,0.1911146161816178,False,gemma-4-26b-a4b,90,0.8861027072159321,3.4311227680056144e-09,3.4311227680056156e-08,-0.7834743759451694,4,all,41,43,4,False
P_COVERAGE__V,P_COVERAGE__T,69,re2_ob,-0.6907407407407408,exp_evidence_selection,same_policy_representation:all:re2_ob,0.1410749224419636,False,gemma-4-26b-a4b,90,0.6293478839052062,8.898377991845844e-14,1.4237404786953349e-12,-1.2772126385772835,4,all,17,64,4,False
P_DIVERSITY__V,P_DIVERSITY__T,49,re2_ob,-0.4851851851851851,exp_evidence_selection,same_policy_representation:all:re2_ob,0.1483554381027889,False,gemma-4-26b-a4b,90,0.7076185099004172,7.998517666997623e-10,9.598221200397148e-09,-0.8351854409620819,4,all,37,47,4,False
P_LOG_FREQ__V,P_LOG_FREQ__T,39,re2_ob,-0.3537037037037037,exp_evidence_selection,same_policy_representation:all:re2_ob,0.150789853227056,False,gemma-4-26b-a4b,90,0.6840440774122354,7.935987316405375e-07,4.761592389843225e-06,-0.5999435894851808,6,all,45,36,6,False
P_RANDOM__V,P_RANDOM__T,39,re2_ob,-0.3944444444444444,exp_evidence_selection,same_policy_representation:all:re2_ob,0.1874491510589636,False,gemma-4-26b-a4b,90,0.8830378385152039,2.0090172299888308e-08,1.808115506989948e-07,-0.7333573622063265,3,all,48,37,3,False
P_SIGMA__V,P_SIGMA__T,22,re2_ob,-0.1851851851851851,exp_evidence_selection,same_policy_representation:all:re2_ob,0.2036474454897742,False,gemma-4-26b-a4b,90,0.901076729752504,0.0008299522133694,0.0009010715202192,-0.3815144374117697,5,all,63,20,5,False
P_TRACE_SC__V,P_TRACE_SC__T,30,re2_ob,-0.2759259259259259,exp_evidence_selection,same_policy_representation:all:re2_ob,0.2055978573658361,False,gemma-4-26b-a4b,90,0.8980108123808347,1.9137368982782164e-05,9.568684491391084e-05,-0.5024325632695245,5,all,55,29,5,False
P0__V,P0__T,46,re2_tt,-0.4018518518518518,exp_evidence_selection,same_policy_representation:all:re2_tt,0.2257879811498543,False,gemma-4-26b-a4b,90,0.8582902667030378,3.164058867566983e-08,2.847652980810285e-07,-0.700705328667223,6,all,38,37,6,False
P_BARO_RS__V,P_BARO_RS__T,46,re2_tt,-0.4555555555555555,exp_evidence_selection,same_policy_representation:all:re2_tt,0.2234104951966823,False,gemma-4-26b-a4b,90,0.915996763215899,1.3836140768281411e-09,1.937059707559397e-08,-0.8298296963017279,4,all,40,42,4,False
P_COVERAGE__V,P_COVERAGE__T,52,re2_tt,-0.5370370370370371,exp_evidence_selection,same_policy_representation:all:re2_tt,0.2387011380105024,False,gemma-4-26b-a4b,90,0.8956443362381906,1.3868570502442012e-11,2.2189712803907219e-10,-1.0002739973253143,2,all,36,49,2,False
P_DIVERSITY__V,P_DIVERSITY__T,45,re2_tt,-0.4444444444444444,exp_evidence_selection,same_policy_representation:all:re2_tt,0.2372720975997097,False,gemma-4-26b-a4b,90,0.8754172679670121,2.3256588446705957e-09,3.0233564980717747e-08,-0.8111033583265808,4,all,41,41,4,False
P_LOG_FREQ__V,P_LOG_FREQ__T,50,re2_tt,-0.4351851851851852,exp_evidence_selection,same_policy_representation:all:re2_tt,0.2261672573151195,False,gemma-4-26b-a4b,90,0.8900306627990504,1.049029670601016e-08,1.049029670601016e-07,-0.7342924193063592,7,all,33,41,7,False
P_RANDOM__V,P_RANDOM__T,22,re2_tt,-0.1759259259259259,exp_evidence_selection,same_policy_representation:all:re2_tt,0.2417247641584657,False,gemma-4-26b-a4b,90,0.8967980720660822,0.0003701993500854,0.0007403987001708,-0.3940216506551935,4,all,64,17,4,False
P_SIGMA__V,P_SIGMA__T,43,re2_tt,-0.4185185185185185,exp_evidence_selection,same_policy_representation:all:re2_tt,0.2142922091938709,False,gemma-4-26b-a4b,90,0.8302283622379473,7.015866273383346e-09,7.717452900721681e-08,-0.7628028703921387,4,all,43,39,4,False
P_TRACE_SC__V,P_TRACE_SC__T,45,re2_tt,-0.3833333333333333,exp_evidence_selection,same_policy_representation:all:re2_tt,0.2256960882634903,False,gemma-4-26b-a4b,90,0.8938591258249305,5.294677525858357e-07,3.1768065155150145e-06,-0.6139867605845524,9,all,36,40,9,False
P0__V,P0__T,119,pooled_descriptive,-0.1565972222222222,exp_evidence_selection,same_policy_representation:all:pooled_descriptive,0.2650931030944594,False,gemma-4-26b-a4b,480,0.9082294876300008,2.3511942450685176e-10,8.259803680431955e-10,-0.3007466084985658,40,all,321,105,40,False
P_BARO_RS__V,P_BARO_RS__T,132,pooled_descriptive,-0.1909722222222222,exp_evidence_selection,same_policy_representation:all:pooled_descriptive,0.2561723346542728,False,gemma-4-26b-a4b,480,0.946124947363714,1.2398709992688958e-13,1.1158838993420062e-12,-0.3598812216793351,37,all,311,119,37,False
P_COVERAGE__V,P_COVERAGE__T,189,pooled_descriptive,-0.3,exp_evidence_selection,same_policy_representation:all:pooled_descriptive,0.2319106318141023,False,gemma-4-26b-a4b,480,0.7985895897977713,3.9855265675005204e-24,6.376842508000831e-23,-0.5145905554938215,37,all,254,170,37,False
P_DIVERSITY__V,P_DIVERSITY__T,156,pooled_descriptive,-0.2460069444444444,exp_evidence_selection,same_policy_representation:all:pooled_descriptive,0.2325085496021852,False,gemma-4-26b-a4b,480,0.8024762177271881,1.8522050793681613e-19,2.593087111115426e-18,-0.4544345424486985,34,all,290,140,34,False
P_LOG_FREQ__V,P_LOG_FREQ__T,140,pooled_descriptive,-0.2050347222222222,exp_evidence_selection,same_policy_representation:all:pooled_descriptive,0.2358244484904948,False,gemma-4-26b-a4b,480,0.8167337986503104,5.059192226775679e-16,5.565111449453248e-15,-0.3864205495787571,33,all,307,122,33,False
P_RANDOM__V,P_RANDOM__T,105,pooled_descriptive,-0.1800347222222222,exp_evidence_selection,same_policy_representation:all:pooled_descriptive,0.223097130977568,False,gemma-4-26b-a4b,480,0.805426943828385,7.026849558970118e-18,9.134904426661153e-17,-0.4196905196577636,12,all,363,91,12,False
P_SIGMA__V,P_SIGMA__T,101,pooled_descriptive,-0.1379166666666666,exp_evidence_selection,same_policy_representation:all:pooled_descriptive,0.2553165973743826,False,gemma-4-26b-a4b,480,0.9408433424890164,1.3303082618160676e-10,6.651541309080337e-10,-0.29587481233185,28,all,351,87,28,False
P_TRACE_SC__V,P_TRACE_SC__T,127,pooled_descriptive,-0.178125,exp_evidence_selection,same_policy_representation:all:pooled_descriptive,0.2654874787988224,False,gemma-4-26b-a4b,480,0.9203971283290844,1.661038143338233e-11,1.1627267003367631e-10,-0.3320347251437638,42,all,311,118,42,False
