,,,,,mrr,mrr,ac@1,ac@1,ac@3,ac@3,ac@5,ac@5,avg@3,avg@3,avg@5,avg@5
,,,,,size,mean,size,mean,size,mean,size,mean,size,mean,size,mean
phase,model,arm,dataset,reason_root_id_mentioned,,,,,,,,,,,,
mechanisms,gemma-4-26b-a4b,NO_GROUPING__C_CONTRAST,aegislab,False,6,0.0,6,0.0,6,0.0,6,0.0,6,0.0,6,0.0
mechanisms,gemma-4-26b-a4b,NO_GROUPING__C_CONTRAST,aegislab,True,14,0.6428571428571429,14,0.6428571428571429,14,0.6428571428571429,14,0.6428571428571429,14,0.6428571428571429,14,0.6428571428571429
mechanisms,gemma-4-26b-a4b,NO_GROUPING__C_CONTRAST,aiops2022,False,10,0.0,10,0.0,10,0.0,10,0.0,10,0.0,10,0.0
mechanisms,gemma-4-26b-a4b,NO_GROUPING__C_CONTRAST,aiops2022,True,10,0.5,10,0.5,10,0.5,10,0.5,10,0.5,10,0.5
mechanisms,gemma-4-26b-a4b,NO_GROUPING__C_CONTRAST,aiops2025,False,9,0.0,9,0.0,9,0.0,9,0.0,9,0.0,9,0.0
mechanisms,gemma-4-26b-a4b,NO_GROUPING__C_CONTRAST,aiops2025,True,11,0.2727272727272727,11,0.2727272727272727,11,0.2727272727272727,11,0.2727272727272727,11,0.2727272727272727,11,0.2727272727272727
mechanisms,gemma-4-26b-a4b,NO_GROUPING__C_CONTRAST,re2_ob,True,20,0.95,20,0.95,20,0.95,20,0.95,20,0.95,20,0.95
mechanisms,gemma-4-26b-a4b,NO_GROUPING__C_CONTRAST,re2_tt,True,20,0.9,20,0.9,20,0.9,20,0.9,20,0.9,20,0.9
mechanisms,gemma-4-26b-a4b,NO_GROUPING__M_TEXT,aegislab,False,11,0.0,11,0.0,11,0.0,11,0.0,11,0.0,11,0.0
mechanisms,gemma-4-26b-a4b,NO_GROUPING__M_TEXT,aegislab,True,9,0.8888888888888888,9,0.8888888888888888,9,0.8888888888888888,9,0.8888888888888888,9,0.8888888888888888,9,0.8888888888888888
mechanisms,gemma-4-26b-a4b,NO_GROUPING__M_TEXT,aiops2022,False,12,0.0,12,0.0,12,0.0,12,0.0,12,0.0,12,0.0
mechanisms,gemma-4-26b-a4b,NO_GROUPING__M_TEXT,aiops2022,True,8,0.625,8,0.625,8,0.625,8,0.625,8,0.625,8,0.625
mechanisms,gemma-4-26b-a4b,NO_GROUPING__M_TEXT,aiops2025,False,11,0.0,11,0.0,11,0.0,11,0.0,11,0.0,11,0.0
mechanisms,gemma-4-26b-a4b,NO_GROUPING__M_TEXT,aiops2025,True,9,0.4444444444444444,9,0.4444444444444444,9,0.4444444444444444,9,0.4444444444444444,9,0.4444444444444444,9,0.4444444444444444
mechanisms,gemma-4-26b-a4b,NO_GROUPING__M_TEXT,re2_ob,True,20,0.85,20,0.85,20,0.85,20,0.85,20,0.85,20,0.85
mechanisms,gemma-4-26b-a4b,NO_GROUPING__M_TEXT,re2_tt,False,3,0.0,3,0.0,3,0.0,3,0.0,3,0.0,3,0.0
mechanisms,gemma-4-26b-a4b,NO_GROUPING__M_TEXT,re2_tt,True,17,0.7647058823529411,17,0.7647058823529411,17,0.7647058823529411,17,0.7647058823529411,17,0.7647058823529411,17,0.7647058823529411
mechanisms,gemma-4-26b-a4b,REANONYMIZE__C_CONTRAST,aegislab,False,18,0.6111111111111112,18,0.6111111111111112,18,0.6111111111111112,18,0.6111111111111112,18,0.6111111111111112,18,0.6111111111111112
mechanisms,gemma-4-26b-a4b,REANONYMIZE__C_CONTRAST,aegislab,True,2,0.0,2,0.0,2,0.0,2,0.0,2,0.0,2,0.0
mechanisms,gemma-4-26b-a4b,REANONYMIZE__C_CONTRAST,aiops2022,False,15,0.3333333333333333,15,0.3333333333333333,15,0.3333333333333333,15,0.3333333333333333,15,0.3333333333333333,15,0.3333333333333333
mechanisms,gemma-4-26b-a4b,REANONYMIZE__C_CONTRAST,aiops2022,True,5,0.0,5,0.0,5,0.0,5,0.0,5,0.0,5,0.0
mechanisms,gemma-4-26b-a4b,REANONYMIZE__C_CONTRAST,aiops2025,False,18,0.3333333333333333,18,0.3333333333333333,18,0.3333333333333333,18,0.3333333333333333,18,0.3333333333333333,18,0.3333333333333333
mechanisms,gemma-4-26b-a4b,REANONYMIZE__C_CONTRAST,aiops2025,True,2,0.0,2,0.0,2,0.0,2,0.0,2,0.0,2,0.0
mechanisms,gemma-4-26b-a4b,REANONYMIZE__C_CONTRAST,re2_ob,False,16,0.8125,16,0.8125,16,0.8125,16,0.8125,16,0.8125,16,0.8125
mechanisms,gemma-4-26b-a4b,REANONYMIZE__C_CONTRAST,re2_ob,True,4,0.75,4,0.75,4,0.75,4,0.75,4,0.75,4,0.75
mechanisms,gemma-4-26b-a4b,REANONYMIZE__C_CONTRAST,re2_tt,False,18,0.9444444444444444,18,0.9444444444444444,18,0.9444444444444444,18,0.9444444444444444,18,0.9444444444444444,18,0.9444444444444444
mechanisms,gemma-4-26b-a4b,REANONYMIZE__C_CONTRAST,re2_tt,True,2,0.5,2,0.5,2,0.5,2,0.5,2,0.5,2,0.5
mechanisms,gemma-4-26b-a4b,REANONYMIZE__M_TEXT,aegislab,False,18,0.3888888888888889,18,0.3888888888888889,18,0.3888888888888889,18,0.3888888888888889,18,0.3888888888888889,18,0.3888888888888889
mechanisms,gemma-4-26b-a4b,REANONYMIZE__M_TEXT,aegislab,True,2,0.0,2,0.0,2,0.0,2,0.0,2,0.0,2,0.0
mechanisms,gemma-4-26b-a4b,REANONYMIZE__M_TEXT,aiops2022,False,18,0.2777777777777778,18,0.2777777777777778,18,0.2777777777777778,18,0.2777777777777778,18,0.2777777777777778,18,0.2777777777777778
mechanisms,gemma-4-26b-a4b,REANONYMIZE__M_TEXT,aiops2022,True,2,0.0,2,0.0,2,0.0,2,0.0,2,0.0,2,0.0
mechanisms,gemma-4-26b-a4b,REANONYMIZE__M_TEXT,aiops2025,False,17,0.11764705882352941,17,0.11764705882352941,17,0.11764705882352941,17,0.11764705882352941,17,0.11764705882352941,17,0.11764705882352941
mechanisms,gemma-4-26b-a4b,REANONYMIZE__M_TEXT,aiops2025,True,3,0.0,3,0.0,3,0.0,3,0.0,3,0.0,3,0.0
mechanisms,gemma-4-26b-a4b,REANONYMIZE__M_TEXT,re2_ob,False,17,0.8823529411764706,17,0.8823529411764706,17,0.8823529411764706,17,0.8823529411764706,17,0.8823529411764706,17,0.8823529411764706
mechanisms,gemma-4-26b-a4b,REANONYMIZE__M_TEXT,re2_ob,True,3,0.6666666666666666,3,0.6666666666666666,3,0.6666666666666666,3,0.6666666666666666,3,0.6666666666666666,3,0.6666666666666666
mechanisms,gemma-4-26b-a4b,REANONYMIZE__M_TEXT,re2_tt,False,18,0.6666666666666666,18,0.6666666666666666,18,0.6666666666666666,18,0.6666666666666666,18,0.6666666666666666,18,0.6666666666666666
mechanisms,gemma-4-26b-a4b,REANONYMIZE__M_TEXT,re2_tt,True,2,0.5,2,0.5,2,0.5,2,0.5,2,0.5,2,0.5
mechanisms,gemma-4-26b-a4b,REDUNDANT_NOISE__C_CONTRAST,aegislab,False,7,0.0,7,0.0,7,0.0,7,0.0,7,0.0,7,0.0
mechanisms,gemma-4-26b-a4b,REDUNDANT_NOISE__C_CONTRAST,aegislab,True,13,0.6923076923076923,13,0.6923076923076923,13,0.6923076923076923,13,0.6923076923076923,13,0.6923076923076923,13,0.6923076923076923
mechanisms,gemma-4-26b-a4b,REDUNDANT_NOISE__C_CONTRAST,aiops2022,False,12,0.0,12,0.0,12,0.0,12,0.0,12,0.0,12,0.0
mechanisms,gemma-4-26b-a4b,REDUNDANT_NOISE__C_CONTRAST,aiops2022,True,8,0.375,8,0.375,8,0.375,8,0.375,8,0.375,8,0.375
mechanisms,gemma-4-26b-a4b,REDUNDANT_NOISE__C_CONTRAST,aiops2025,False,8,0.0,8,0.0,8,0.0,8,0.0,8,0.0,8,0.0
mechanisms,gemma-4-26b-a4b,REDUNDANT_NOISE__C_CONTRAST,aiops2025,True,12,0.5833333333333334,12,0.5833333333333334,12,0.5833333333333334,12,0.5833333333333334,12,0.5833333333333334,12,0.5833333333333334
mechanisms,gemma-4-26b-a4b,REDUNDANT_NOISE__C_CONTRAST,re2_ob,True,20,0.9,20,0.9,20,0.9,20,0.9,20,0.9,20,0.9
mechanisms,gemma-4-26b-a4b,REDUNDANT_NOISE__C_CONTRAST,re2_tt,True,20,0.9,20,0.9,20,0.9,20,0.9,20,0.9,20,0.9
mechanisms,gemma-4-26b-a4b,REDUNDANT_NOISE__M_TEXT,aegislab,False,9,0.0,9,0.0,9,0.0,9,0.0,9,0.0,9,0.0
mechanisms,gemma-4-26b-a4b,REDUNDANT_NOISE__M_TEXT,aegislab,True,11,0.7272727272727273,11,0.7272727272727273,11,0.7272727272727273,11,0.7272727272727273,11,0.7272727272727273,11,0.7272727272727273
mechanisms,gemma-4-26b-a4b,REDUNDANT_NOISE__M_TEXT,aiops2022,False,11,0.0,11,0.0,11,0.0,11,0.0,11,0.0,11,0.0
mechanisms,gemma-4-26b-a4b,REDUNDANT_NOISE__M_TEXT,aiops2022,True,9,0.6666666666666666,9,0.6666666666666666,9,0.6666666666666666,9,0.6666666666666666,9,0.6666666666666666,9,0.6666666666666666
mechanisms,gemma-4-26b-a4b,REDUNDANT_NOISE__M_TEXT,aiops2025,False,11,0.0,11,0.0,11,0.0,11,0.0,11,0.0,11,0.0
mechanisms,gemma-4-26b-a4b,REDUNDANT_NOISE__M_TEXT,aiops2025,True,9,0.3333333333333333,9,0.3333333333333333,9,0.3333333333333333,9,0.3333333333333333,9,0.3333333333333333,9,0.3333333333333333
mechanisms,gemma-4-26b-a4b,REDUNDANT_NOISE__M_TEXT,re2_ob,False,1,0.0,1,0.0,1,0.0,1,0.0,1,0.0,1,0.0
mechanisms,gemma-4-26b-a4b,REDUNDANT_NOISE__M_TEXT,re2_ob,True,19,0.8947368421052632,19,0.8947368421052632,19,0.8947368421052632,19,0.8947368421052632,19,0.8947368421052632,19,0.8947368421052632
mechanisms,gemma-4-26b-a4b,REDUNDANT_NOISE__M_TEXT,re2_tt,False,5,0.0,5,0.0,5,0.0,5,0.0,5,0.0,5,0.0
mechanisms,gemma-4-26b-a4b,REDUNDANT_NOISE__M_TEXT,re2_tt,True,15,0.8666666666666667,15,0.8666666666666667,15,0.8666666666666667,15,0.8666666666666667,15,0.8666666666666667,15,0.8666666666666667
mechanisms,gemma-4-26b-a4b,REMOVE_MATCHED_NONTARGET__C_CONTRAST,aegislab,False,5,0.0,5,0.0,5,0.0,5,0.0,5,0.0,5,0.0
mechanisms,gemma-4-26b-a4b,REMOVE_MATCHED_NONTARGET__C_CONTRAST,aegislab,True,12,0.6666666666666666,12,0.6666666666666666,12,0.6666666666666666,12,0.6666666666666666,12,0.6666666666666666,12,0.6666666666666666
mechanisms,gemma-4-26b-a4b,REMOVE_MATCHED_NONTARGET__C_CONTRAST,aiops2022,False,1,0.0,1,0.0,1,0.0,1,0.0,1,0.0,1,0.0
mechanisms,gemma-4-26b-a4b,REMOVE_MATCHED_NONTARGET__C_CONTRAST,aiops2022,True,5,0.4,5,0.4,5,0.4,5,0.4,5,0.4,5,0.4
mechanisms,gemma-4-26b-a4b,REMOVE_MATCHED_NONTARGET__C_CONTRAST,aiops2025,False,5,0.0,5,0.0,5,0.0,5,0.0,5,0.0,5,0.0
mechanisms,gemma-4-26b-a4b,REMOVE_MATCHED_NONTARGET__C_CONTRAST,aiops2025,True,12,0.3333333333333333,12,0.3333333333333333,12,0.3333333333333333,12,0.3333333333333333,12,0.3333333333333333,12,0.3333333333333333
mechanisms,gemma-4-26b-a4b,REMOVE_MATCHED_NONTARGET__C_CONTRAST,re2_ob,True,20,1.0,20,1.0,20,1.0,20,1.0,20,1.0,20,1.0
mechanisms,gemma-4-26b-a4b,REMOVE_MATCHED_NONTARGET__C_CONTRAST,re2_tt,True,20,0.9,20,0.9,20,0.9,20,0.9,20,0.9,20,0.9
mechanisms,gemma-4-26b-a4b,REMOVE_MATCHED_NONTARGET__M_TEXT,aegislab,False,8,0.0,8,0.0,8,0.0,8,0.0,8,0.0,8,0.0
mechanisms,gemma-4-26b-a4b,REMOVE_MATCHED_NONTARGET__M_TEXT,aegislab,True,9,0.7777777777777778,9,0.7777777777777778,9,0.7777777777777778,9,0.7777777777777778,9,0.7777777777777778,9,0.7777777777777778
mechanisms,gemma-4-26b-a4b,REMOVE_MATCHED_NONTARGET__M_TEXT,aiops2022,False,1,0.0,1,0.0,1,0.0,1,0.0,1,0.0,1,0.0
mechanisms,gemma-4-26b-a4b,REMOVE_MATCHED_NONTARGET__M_TEXT,aiops2022,True,5,0.8,5,0.8,5,0.8,5,0.8,5,0.8,5,0.8
mechanisms,gemma-4-26b-a4b,REMOVE_MATCHED_NONTARGET__M_TEXT,aiops2025,False,9,0.0,9,0.0,9,0.0,9,0.0,9,0.0,9,0.0
mechanisms,gemma-4-26b-a4b,REMOVE_MATCHED_NONTARGET__M_TEXT,aiops2025,True,8,0.375,8,0.375,8,0.375,8,0.375,8,0.375,8,0.375
mechanisms,gemma-4-26b-a4b,REMOVE_MATCHED_NONTARGET__M_TEXT,re2_ob,True,20,0.95,20,0.95,20,0.95,20,0.95,20,0.95,20,0.95
mechanisms,gemma-4-26b-a4b,REMOVE_MATCHED_NONTARGET__M_TEXT,re2_tt,False,2,0.0,2,0.0,2,0.0,2,0.0,2,0.0,2,0.0
mechanisms,gemma-4-26b-a4b,REMOVE_MATCHED_NONTARGET__M_TEXT,re2_tt,True,18,0.7222222222222222,18,0.7222222222222222,18,0.7222222222222222,18,0.7222222222222222,18,0.7222222222222222,18,0.7222222222222222
mechanisms,gemma-4-26b-a4b,REMOVE_TARGET__C_CONTRAST,aegislab,False,7,0.0,7,0.0,7,0.0,7,0.0,7,0.0,7,0.0
mechanisms,gemma-4-26b-a4b,REMOVE_TARGET__C_CONTRAST,aegislab,True,10,0.2,10,0.2,10,0.2,10,0.2,10,0.2,10,0.2
mechanisms,gemma-4-26b-a4b,REMOVE_TARGET__C_CONTRAST,aiops2022,False,3,0.0,3,0.0,3,0.0,3,0.0,3,0.0,3,0.0
mechanisms,gemma-4-26b-a4b,REMOVE_TARGET__C_CONTRAST,aiops2022,True,3,0.6666666666666666,3,0.6666666666666666,3,0.6666666666666666,3,0.6666666666666666,3,0.6666666666666666,3,0.6666666666666666
mechanisms,gemma-4-26b-a4b,REMOVE_TARGET__C_CONTRAST,aiops2025,False,11,0.0,11,0.0,11,0.0,11,0.0,11,0.0,11,0.0
mechanisms,gemma-4-26b-a4b,REMOVE_TARGET__C_CONTRAST,aiops2025,True,7,0.5,7,0.42857142857142855,7,0.5714285714285714,7,0.5714285714285714,7,0.5238095238095238,7,0.5428571428571428
mechanisms,gemma-4-26b-a4b,REMOVE_TARGET__C_CONTRAST,re2_ob,False,1,0.0,1,0.0,1,0.0,1,0.0,1,0.0,1,0.0
mechanisms,gemma-4-26b-a4b,REMOVE_TARGET__C_CONTRAST,re2_ob,True,19,0.8421052631578947,19,0.8421052631578947,19,0.8421052631578947,19,0.8421052631578947,19,0.8421052631578947,19,0.8421052631578947
mechanisms,gemma-4-26b-a4b,REMOVE_TARGET__C_CONTRAST,re2_tt,False,2,0.0,2,0.0,2,0.0,2,0.0,2,0.0,2,0.0
mechanisms,gemma-4-26b-a4b,REMOVE_TARGET__C_CONTRAST,re2_tt,True,18,0.6222222222222222,18,0.6111111111111112,18,0.6111111111111112,18,0.6666666666666666,18,0.6111111111111112,18,0.6222222222222222
mechanisms,gemma-4-26b-a4b,REMOVE_TARGET__M_TEXT,aegislab,False,11,0.0,11,0.0,11,0.0,11,0.0,11,0.0,11,0.0
mechanisms,gemma-4-26b-a4b,REMOVE_TARGET__M_TEXT,aegislab,True,6,0.5,6,0.5,6,0.5,6,0.5,6,0.5,6,0.5
mechanisms,gemma-4-26b-a4b,REMOVE_TARGET__M_TEXT,aiops2022,False,2,0.0,2,0.0,2,0.0,2,0.0,2,0.0,2,0.0
mechanisms,gemma-4-26b-a4b,REMOVE_TARGET__M_TEXT,aiops2022,True,4,0.75,4,0.75,4,0.75,4,0.75,4,0.75,4,0.75
mechanisms,gemma-4-26b-a4b,REMOVE_TARGET__M_TEXT,aiops2025,False,11,0.0,11,0.0,11,0.0,11,0.0,11,0.0,11,0.0
mechanisms,gemma-4-26b-a4b,REMOVE_TARGET__M_TEXT,aiops2025,True,7,0.42857142857142855,7,0.42857142857142855,7,0.42857142857142855,7,0.42857142857142855,7,0.42857142857142855,7,0.42857142857142855
mechanisms,gemma-4-26b-a4b,REMOVE_TARGET__M_TEXT,re2_ob,False,2,0.0,2,0.0,2,0.0,2,0.0,2,0.0,2,0.0
mechanisms,gemma-4-26b-a4b,REMOVE_TARGET__M_TEXT,re2_ob,True,18,0.9444444444444444,18,0.9444444444444444,18,0.9444444444444444,18,0.9444444444444444,18,0.9444444444444444,18,0.9444444444444444
mechanisms,gemma-4-26b-a4b,REMOVE_TARGET__M_TEXT,re2_tt,False,14,0.0,14,0.0,14,0.0,14,0.0,14,0.0,14,0.0
mechanisms,gemma-4-26b-a4b,REMOVE_TARGET__M_TEXT,re2_tt,True,6,0.8333333333333334,6,0.8333333333333334,6,0.8333333333333334,6,0.8333333333333334,6,0.8333333333333334,6,0.8333333333333334
mechanisms,gemma-4-26b-a4b,REPLICATE_1__C_CONTRAST,aegislab,False,7,0.0,7,0.0,7,0.0,7,0.0,7,0.0,7,0.0
mechanisms,gemma-4-26b-a4b,REPLICATE_1__C_CONTRAST,aegislab,True,13,0.6923076923076923,13,0.6923076923076923,13,0.6923076923076923,13,0.6923076923076923,13,0.6923076923076923,13,0.6923076923076923
mechanisms,gemma-4-26b-a4b,REPLICATE_1__C_CONTRAST,aiops2022,False,11,0.0,11,0.0,11,0.0,11,0.0,11,0.0,11,0.0
mechanisms,gemma-4-26b-a4b,REPLICATE_1__C_CONTRAST,aiops2022,True,9,0.4444444444444444,9,0.4444444444444444,9,0.4444444444444444,9,0.4444444444444444,9,0.4444444444444444,9,0.4444444444444444
mechanisms,gemma-4-26b-a4b,REPLICATE_1__C_CONTRAST,aiops2025,False,7,0.0,7,0.0,7,0.0,7,0.0,7,0.0,7,0.0
mechanisms,gemma-4-26b-a4b,REPLICATE_1__C_CONTRAST,aiops2025,True,13,0.23076923076923078,13,0.23076923076923078,13,0.23076923076923078,13,0.23076923076923078,13,0.23076923076923078,13,0.23076923076923078
mechanisms,gemma-4-26b-a4b,REPLICATE_1__C_CONTRAST,re2_ob,True,20,0.9,20,0.9,20,0.9,20,0.9,20,0.9,20,0.9
mechanisms,gemma-4-26b-a4b,REPLICATE_1__C_CONTRAST,re2_tt,True,20,0.9,20,0.9,20,0.9,20,0.9,20,0.9,20,0.9
mechanisms,gemma-4-26b-a4b,REPLICATE_1__M_TEXT,aegislab,False,9,0.0,9,0.0,9,0.0,9,0.0,9,0.0,9,0.0
mechanisms,gemma-4-26b-a4b,REPLICATE_1__M_TEXT,aegislab,True,11,0.7272727272727273,11,0.7272727272727273,11,0.7272727272727273,11,0.7272727272727273,11,0.7272727272727273,11,0.7272727272727273
mechanisms,gemma-4-26b-a4b,REPLICATE_1__M_TEXT,aiops2022,False,13,0.0,13,0.0,13,0.0,13,0.0,13,0.0,13,0.0
mechanisms,gemma-4-26b-a4b,REPLICATE_1__M_TEXT,aiops2022,True,7,0.8571428571428571,7,0.8571428571428571,7,0.8571428571428571,7,0.8571428571428571,7,0.8571428571428571,7,0.8571428571428571
mechanisms,gemma-4-26b-a4b,REPLICATE_1__M_TEXT,aiops2025,False,12,0.0,12,0.0,12,0.0,12,0.0,12,0.0,12,0.0
mechanisms,gemma-4-26b-a4b,REPLICATE_1__M_TEXT,aiops2025,True,8,0.25,8,0.25,8,0.25,8,0.25,8,0.25,8,0.25
mechanisms,gemma-4-26b-a4b,REPLICATE_1__M_TEXT,re2_ob,True,20,0.8,20,0.8,20,0.8,20,0.8,20,0.8,20,0.8
mechanisms,gemma-4-26b-a4b,REPLICATE_1__M_TEXT,re2_tt,False,1,0.0,1,0.0,1,0.0,1,0.0,1,0.0,1,0.0
mechanisms,gemma-4-26b-a4b,REPLICATE_1__M_TEXT,re2_tt,True,19,0.6842105263157895,19,0.6842105263157895,19,0.6842105263157895,19,0.6842105263157895,19,0.6842105263157895,19,0.6842105263157895
mechanisms,gemma-4-26b-a4b,REPLICATE_2__C_CONTRAST,aegislab,False,7,0.0,7,0.0,7,0.0,7,0.0,7,0.0,7,0.0
mechanisms,gemma-4-26b-a4b,REPLICATE_2__C_CONTRAST,aegislab,True,13,0.6923076923076923,13,0.6923076923076923,13,0.6923076923076923,13,0.6923076923076923,13,0.6923076923076923,13,0.6923076923076923
mechanisms,gemma-4-26b-a4b,REPLICATE_2__C_CONTRAST,aiops2022,False,12,0.0,12,0.0,12,0.0,12,0.0,12,0.0,12,0.0
mechanisms,gemma-4-26b-a4b,REPLICATE_2__C_CONTRAST,aiops2022,True,8,0.375,8,0.375,8,0.375,8,0.375,8,0.375,8,0.375
mechanisms,gemma-4-26b-a4b,REPLICATE_2__C_CONTRAST,aiops2025,False,8,0.0,8,0.0,8,0.0,8,0.0,8,0.0,8,0.0
mechanisms,gemma-4-26b-a4b,REPLICATE_2__C_CONTRAST,aiops2025,True,12,0.4166666666666667,12,0.4166666666666667,12,0.4166666666666667,12,0.4166666666666667,12,0.4166666666666667,12,0.4166666666666667
mechanisms,gemma-4-26b-a4b,REPLICATE_2__C_CONTRAST,re2_ob,True,20,0.95,20,0.95,20,0.95,20,0.95,20,0.95,20,0.95
mechanisms,gemma-4-26b-a4b,REPLICATE_2__C_CONTRAST,re2_tt,True,20,0.85,20,0.85,20,0.85,20,0.85,20,0.85,20,0.85
mechanisms,gemma-4-26b-a4b,REPLICATE_2__M_TEXT,aegislab,False,9,0.0,9,0.0,9,0.0,9,0.0,9,0.0,9,0.0
mechanisms,gemma-4-26b-a4b,REPLICATE_2__M_TEXT,aegislab,True,11,0.7272727272727273,11,0.7272727272727273,11,0.7272727272727273,11,0.7272727272727273,11,0.7272727272727273,11,0.7272727272727273
mechanisms,gemma-4-26b-a4b,REPLICATE_2__M_TEXT,aiops2022,False,13,0.0,13,0.0,13,0.0,13,0.0,13,0.0,13,0.0
mechanisms,gemma-4-26b-a4b,REPLICATE_2__M_TEXT,aiops2022,True,7,0.7142857142857143,7,0.7142857142857143,7,0.7142857142857143,7,0.7142857142857143,7,0.7142857142857143,7,0.7142857142857143
mechanisms,gemma-4-26b-a4b,REPLICATE_2__M_TEXT,aiops2025,False,12,0.0,12,0.0,12,0.0,12,0.0,12,0.0,12,0.0
mechanisms,gemma-4-26b-a4b,REPLICATE_2__M_TEXT,aiops2025,True,8,0.375,8,0.375,8,0.375,8,0.375,8,0.375,8,0.375
mechanisms,gemma-4-26b-a4b,REPLICATE_2__M_TEXT,re2_ob,False,1,0.0,1,0.0,1,0.0,1,0.0,1,0.0,1,0.0
mechanisms,gemma-4-26b-a4b,REPLICATE_2__M_TEXT,re2_ob,True,19,0.8947368421052632,19,0.8947368421052632,19,0.8947368421052632,19,0.8947368421052632,19,0.8947368421052632,19,0.8947368421052632
mechanisms,gemma-4-26b-a4b,REPLICATE_2__M_TEXT,re2_tt,False,4,0.0,4,0.0,4,0.0,4,0.0,4,0.0,4,0.0
mechanisms,gemma-4-26b-a4b,REPLICATE_2__M_TEXT,re2_tt,True,16,0.8125,16,0.8125,16,0.8125,16,0.8125,16,0.8125,16,0.8125
mechanisms,qwen3.8-27b,NO_GROUPING__C_CONTRAST,aegislab,False,8,0.025,8,0.0,8,0.0,8,0.125,8,0.0,8,0.025
mechanisms,qwen3.8-27b,NO_GROUPING__C_CONTRAST,aegislab,True,12,0.40833333333333327,12,0.16666666666666666,12,0.6666666666666666,12,0.8333333333333334,12,0.4166666666666667,12,0.5499999999999999
mechanisms,qwen3.8-27b,NO_GROUPING__C_CONTRAST,aiops2022,False,13,0.0,13,0.0,13,0.0,13,0.0,13,0.0,13,0.0
mechanisms,qwen3.8-27b,NO_GROUPING__C_CONTRAST,aiops2022,True,7,0.5714285714285714,7,0.42857142857142855,7,0.7142857142857143,7,0.7142857142857143,7,0.619047619047619,7,0.6571428571428571
mechanisms,qwen3.8-27b,NO_GROUPING__C_CONTRAST,aiops2025,False,7,0.028571428571428574,7,0.0,7,0.0,7,0.14285714285714285,7,0.0,7,0.028571428571428574
mechanisms,qwen3.8-27b,NO_GROUPING__C_CONTRAST,aiops2025,True,13,0.5705128205128205,13,0.38461538461538464,13,0.7692307692307693,13,0.8461538461538461,13,0.5897435897435896,13,0.6923076923076923
mechanisms,qwen3.8-27b,NO_GROUPING__C_CONTRAST,re2_ob,False,1,0.0,1,0.0,1,0.0,1,0.0,1,0.0,1,0.0
mechanisms,qwen3.8-27b,NO_GROUPING__C_CONTRAST,re2_ob,True,18,0.8287037037037037,18,0.7222222222222222,18,0.9444444444444444,18,1.0,18,0.8333333333333334,18,0.8999999999999999
mechanisms,qwen3.8-27b,NO_GROUPING__C_CONTRAST,re2_tt,False,1,0.0,1,0.0,1,0.0,1,0.0,1,0.0,1,0.0
mechanisms,qwen3.8-27b,NO_GROUPING__C_CONTRAST,re2_tt,True,19,0.75,19,0.631578947368421,19,0.8947368421052632,19,0.9473684210526315,19,0.7543859649122807,19,0.8315789473684211
mechanisms,qwen3.8-27b,NO_GROUPING__M_TEXT,aegislab,False,12,0.09027777777777778,12,0.0,12,0.16666666666666666,12,0.25,12,0.08333333333333333,12,0.15
mechanisms,qwen3.8-27b,NO_GROUPING__M_TEXT,aegislab,True,8,0.71875,8,0.5,8,0.875,8,1.0,8,0.75,8,0.85
mechanisms,qwen3.8-27b,NO_GROUPING__M_TEXT,aiops2022,False,14,0.0,14,0.0,14,0.0,14,0.0,14,0.0,14,0.0
mechanisms,qwen3.8-27b,NO_GROUPING__M_TEXT,aiops2022,True,6,0.75,6,0.6666666666666666,6,0.8333333333333334,6,0.8333333333333334,6,0.7777777777777777,6,0.7999999999999999
mechanisms,qwen3.8-27b,NO_GROUPING__M_TEXT,aiops2025,False,9,0.0,9,0.0,9,0.0,9,0.0,9,0.0,9,0.0
mechanisms,qwen3.8-27b,NO_GROUPING__M_TEXT,aiops2025,True,11,0.45454545454545453,11,0.2727272727272727,11,0.5454545454545454,11,0.7272727272727273,11,0.45454545454545453,11,0.5636363636363636
mechanisms,qwen3.8-27b,NO_GROUPING__M_TEXT,re2_ob,False,1,0.3333333333333333,1,0.0,1,1.0,1,1.0,1,0.3333333333333333,1,0.6
mechanisms,qwen3.8-27b,NO_GROUPING__M_TEXT,re2_ob,True,19,0.8771929824561404,19,0.7894736842105263,19,1.0,19,1.0,19,0.8947368421052632,19,0.9368421052631579
mechanisms,qwen3.8-27b,NO_GROUPING__M_TEXT,re2_tt,False,3,0.1111111111111111,3,0.0,3,0.3333333333333333,3,0.3333333333333333,3,0.1111111111111111,3,0.19999999999999998
mechanisms,qwen3.8-27b,NO_GROUPING__M_TEXT,re2_tt,True,17,0.7843137254901961,17,0.6470588235294118,17,0.9411764705882353,17,0.9411764705882353,17,0.8235294117647058,17,0.8705882352941177
mechanisms,qwen3.8-27b,REANONYMIZE__C_CONTRAST,aegislab,False,16,0.32291666666666663,16,0.1875,16,0.4375,16,0.5625,16,0.3125,16,0.4125
mechanisms,qwen3.8-27b,REANONYMIZE__C_CONTRAST,aegislab,True,4,0.125,4,0.0,4,0.25,4,0.25,4,0.16666666666666666,4,0.2
mechanisms,qwen3.8-27b,REANONYMIZE__C_CONTRAST,aiops2022,False,17,0.10294117647058823,17,0.0,17,0.17647058823529413,17,0.23529411764705882,17,0.11764705882352941,17,0.1647058823529412
mechanisms,qwen3.8-27b,REANONYMIZE__C_CONTRAST,aiops2022,True,2,0.375,2,0.0,2,0.5,2,1.0,2,0.3333333333333333,2,0.6000000000000001
mechanisms,qwen3.8-27b,REANONYMIZE__C_CONTRAST,aiops2025,False,14,0.3333333333333333,14,0.14285714285714285,14,0.5,14,0.6428571428571429,14,0.3333333333333333,14,0.4571428571428572
mechanisms,qwen3.8-27b,REANONYMIZE__C_CONTRAST,aiops2025,True,6,0.4166666666666667,6,0.16666666666666666,6,0.6666666666666666,6,0.6666666666666666,6,0.5,6,0.5666666666666668
mechanisms,qwen3.8-27b,REANONYMIZE__C_CONTRAST,re2_ob,False,15,0.8666666666666667,15,0.7333333333333333,15,1.0,15,1.0,15,0.9111111111111111,15,0.9466666666666667
mechanisms,qwen3.8-27b,REANONYMIZE__C_CONTRAST,re2_ob,True,5,0.8400000000000001,5,0.8,5,0.8,5,1.0,5,0.8,5,0.8400000000000001
mechanisms,qwen3.8-27b,REANONYMIZE__C_CONTRAST,re2_tt,False,17,0.9215686274509803,17,0.8823529411764706,17,1.0,17,1.0,17,0.9215686274509803,17,0.9529411764705882
mechanisms,qwen3.8-27b,REANONYMIZE__C_CONTRAST,re2_tt,True,3,0.4166666666666667,3,0.3333333333333333,3,0.3333333333333333,3,0.6666666666666666,3,0.3333333333333333,3,0.4666666666666666
mechanisms,qwen3.8-27b,REANONYMIZE__M_TEXT,aegislab,False,19,0.32894736842105265,19,0.2631578947368421,19,0.3684210526315789,19,0.42105263157894735,19,0.3333333333333333,19,0.3684210526315789
mechanisms,qwen3.8-27b,REANONYMIZE__M_TEXT,aegislab,True,1,0.0,1,0.0,1,0.0,1,0.0,1,0.0,1,0.0
mechanisms,qwen3.8-27b,REANONYMIZE__M_TEXT,aiops2022,False,18,0.25,18,0.16666666666666666,18,0.3333333333333333,18,0.3333333333333333,18,0.2777777777777778,18,0.30000000000000004
mechanisms,qwen3.8-27b,REANONYMIZE__M_TEXT,aiops2022,True,2,0.5,2,0.5,2,0.5,2,0.5,2,0.5,2,0.5
mechanisms,qwen3.8-27b,REANONYMIZE__M_TEXT,aiops2025,False,17,0.24019607843137253,17,0.11764705882352941,17,0.35294117647058826,17,0.4117647058823529,17,0.2549019607843137,17,0.31764705882352945
mechanisms,qwen3.8-27b,REANONYMIZE__M_TEXT,aiops2025,True,3,0.5,3,0.3333333333333333,3,0.6666666666666666,3,0.6666666666666666,3,0.5555555555555555,3,0.6
mechanisms,qwen3.8-27b,REANONYMIZE__M_TEXT,re2_ob,False,17,0.8725490196078431,17,0.8235294117647058,17,0.9411764705882353,17,0.9411764705882353,17,0.8823529411764706,17,0.9058823529411765
mechanisms,qwen3.8-27b,REANONYMIZE__M_TEXT,re2_ob,True,3,1.0,3,1.0,3,1.0,3,1.0,3,1.0,3,1.0
mechanisms,qwen3.8-27b,REANONYMIZE__M_TEXT,re2_tt,False,19,0.8070175438596492,19,0.7368421052631579,19,0.8947368421052632,19,0.8947368421052632,19,0.8245614035087719,19,0.8526315789473684
mechanisms,qwen3.8-27b,REANONYMIZE__M_TEXT,re2_tt,True,1,1.0,1,1.0,1,1.0,1,1.0,1,1.0,1,1.0
mechanisms,qwen3.8-27b,REDUNDANT_NOISE__C_CONTRAST,aegislab,False,8,0.0,8,0.0,8,0.0,8,0.0,8,0.0,8,0.0
mechanisms,qwen3.8-27b,REDUNDANT_NOISE__C_CONTRAST,aegislab,True,12,0.4305555555555555,12,0.08333333333333333,12,0.8333333333333334,12,0.8333333333333334,12,0.5277777777777778,12,0.65
mechanisms,qwen3.8-27b,REDUNDANT_NOISE__C_CONTRAST,aiops2022,False,14,0.017857142857142856,14,0.0,14,0.0,14,0.07142857142857142,14,0.0,14,0.028571428571428574
mechanisms,qwen3.8-27b,REDUNDANT_NOISE__C_CONTRAST,aiops2022,True,6,0.5833333333333334,6,0.5,6,0.6666666666666666,6,0.6666666666666666,6,0.611111111111111,6,0.6333333333333333
mechanisms,qwen3.8-27b,REDUNDANT_NOISE__C_CONTRAST,aiops2025,False,4,0.0,4,0.0,4,0.0,4,0.0,4,0.0,4,0.0
mechanisms,qwen3.8-27b,REDUNDANT_NOISE__C_CONTRAST,aiops2025,True,16,0.434375,16,0.25,16,0.5625,16,0.8125,16,0.3958333333333333,16,0.55
mechanisms,qwen3.8-27b,REDUNDANT_NOISE__C_CONTRAST,re2_ob,True,20,0.8291666666666666,20,0.7,20,0.95,20,1.0,20,0.85,20,0.9099999999999999
mechanisms,qwen3.8-27b,REDUNDANT_NOISE__C_CONTRAST,re2_tt,False,1,0.0,1,0.0,1,0.0,1,0.0,1,0.0,1,0.0
mechanisms,qwen3.8-27b,REDUNDANT_NOISE__C_CONTRAST,re2_tt,True,19,0.7236842105263158,19,0.5789473684210527,19,0.8947368421052632,19,0.9473684210526315,19,0.7368421052631579,19,0.8210526315789474
mechanisms,qwen3.8-27b,REDUNDANT_NOISE__M_TEXT,aegislab,False,10,0.0,10,0.0,10,0.0,10,0.0,10,0.0,10,0.0
mechanisms,qwen3.8-27b,REDUNDANT_NOISE__M_TEXT,aegislab,True,10,0.6833333333333333,10,0.5,10,0.8,10,1.0,10,0.6666666666666667,10,0.8
mechanisms,qwen3.8-27b,REDUNDANT_NOISE__M_TEXT,aiops2022,False,10,0.025,10,0.0,10,0.0,10,0.1,10,0.0,10,0.04
mechanisms,qwen3.8-27b,REDUNDANT_NOISE__M_TEXT,aiops2022,True,10,0.55,10,0.5,10,0.6,10,0.6,10,0.5666666666666667,10,0.58
mechanisms,qwen3.8-27b,REDUNDANT_NOISE__M_TEXT,aiops2025,False,12,0.11666666666666665,12,0.0,12,0.16666666666666666,12,0.3333333333333333,12,0.1111111111111111,12,0.16666666666666666
mechanisms,qwen3.8-27b,REDUNDANT_NOISE__M_TEXT,aiops2025,True,8,0.38541666666666663,8,0.125,8,0.625,8,0.75,8,0.41666666666666663,8,0.55
mechanisms,qwen3.8-27b,REDUNDANT_NOISE__M_TEXT,re2_ob,False,1,0.0,1,0.0,1,0.0,1,0.0,1,0.0,1,0.0
mechanisms,qwen3.8-27b,REDUNDANT_NOISE__M_TEXT,re2_ob,True,19,0.9035087719298246,19,0.8421052631578947,19,1.0,19,1.0,19,0.9122807017543859,19,0.9473684210526315
mechanisms,qwen3.8-27b,REDUNDANT_NOISE__M_TEXT,re2_tt,False,8,0.15625,8,0.125,8,0.125,8,0.25,8,0.125,8,0.175
mechanisms,qwen3.8-27b,REDUNDANT_NOISE__M_TEXT,re2_tt,True,12,0.75,12,0.5833333333333334,12,1.0,12,1.0,12,0.7777777777777777,12,0.8666666666666667
mechanisms,qwen3.8-27b,REMOVE_MATCHED_NONTARGET__C_CONTRAST,aegislab,False,6,0.0,6,0.0,6,0.0,6,0.0,6,0.0,6,0.0
mechanisms,qwen3.8-27b,REMOVE_MATCHED_NONTARGET__C_CONTRAST,aegislab,True,11,0.3742424242424242,11,0.09090909090909091,11,0.6363636363636364,11,0.8181818181818182,11,0.3939393939393939,11,0.5454545454545454
mechanisms,qwen3.8-27b,REMOVE_MATCHED_NONTARGET__C_CONTRAST,aiops2022,False,3,0.0,3,0.0,3,0.0,3,0.0,3,0.0,3,0.0
mechanisms,qwen3.8-27b,REMOVE_MATCHED_NONTARGET__C_CONTRAST,aiops2022,True,3,0.6666666666666666,3,0.6666666666666666,3,0.6666666666666666,3,0.6666666666666666,3,0.6666666666666666,3,0.6666666666666666
mechanisms,qwen3.8-27b,REMOVE_MATCHED_NONTARGET__C_CONTRAST,aiops2025,False,7,0.07142857142857142,7,0.0,7,0.14285714285714285,7,0.14285714285714285,7,0.09523809523809523,7,0.1142857142857143
mechanisms,qwen3.8-27b,REMOVE_MATCHED_NONTARGET__C_CONTRAST,aiops2025,True,10,0.4833333333333333,10,0.3,10,0.6,10,0.8,10,0.4666666666666666,10,0.6
mechanisms,qwen3.8-27b,REMOVE_MATCHED_NONTARGET__C_CONTRAST,re2_ob,False,2,0.25,2,0.0,2,0.5,2,0.5,2,0.3333333333333333,2,0.4
mechanisms,qwen3.8-27b,REMOVE_MATCHED_NONTARGET__C_CONTRAST,re2_ob,True,18,0.9629629629629629,18,0.9444444444444444,18,1.0,18,1.0,18,0.9629629629629629,18,0.9777777777777779
mechanisms,qwen3.8-27b,REMOVE_MATCHED_NONTARGET__C_CONTRAST,re2_tt,False,2,0.0,2,0.0,2,0.0,2,0.0,2,0.0,2,0.0
mechanisms,qwen3.8-27b,REMOVE_MATCHED_NONTARGET__C_CONTRAST,re2_tt,True,18,0.7083333333333334,18,0.5555555555555556,18,0.8888888888888888,18,0.9444444444444444,18,0.7222222222222222,18,0.8111111111111111
mechanisms,qwen3.8-27b,REMOVE_MATCHED_NONTARGET__M_TEXT,aegislab,False,7,0.10714285714285714,7,0.0,7,0.14285714285714285,7,0.2857142857142857,7,0.09523809523809523,7,0.17142857142857146
mechanisms,qwen3.8-27b,REMOVE_MATCHED_NONTARGET__M_TEXT,aegislab,True,10,0.575,10,0.3,10,0.7,10,1.0,10,0.5666666666666667,10,0.74
mechanisms,qwen3.8-27b,REMOVE_MATCHED_NONTARGET__M_TEXT,aiops2022,False,3,0.06666666666666667,3,0.0,3,0.0,3,0.3333333333333333,3,0.0,3,0.06666666666666667
mechanisms,qwen3.8-27b,REMOVE_MATCHED_NONTARGET__M_TEXT,aiops2022,True,3,0.6666666666666666,3,0.6666666666666666,3,0.6666666666666666,3,0.6666666666666666,3,0.6666666666666666,3,0.6666666666666666
mechanisms,qwen3.8-27b,REMOVE_MATCHED_NONTARGET__M_TEXT,aiops2025,False,6,0.03333333333333333,6,0.0,6,0.0,6,0.16666666666666666,6,0.0,6,0.03333333333333333
mechanisms,qwen3.8-27b,REMOVE_MATCHED_NONTARGET__M_TEXT,aiops2025,True,10,0.4033333333333333,10,0.1,10,0.6,10,0.9,10,0.4,10,0.5800000000000001
mechanisms,qwen3.8-27b,REMOVE_MATCHED_NONTARGET__M_TEXT,re2_ob,False,1,0.3333333333333333,1,0.0,1,1.0,1,1.0,1,0.3333333333333333,1,0.6
mechanisms,qwen3.8-27b,REMOVE_MATCHED_NONTARGET__M_TEXT,re2_ob,True,19,0.9254385964912281,19,0.8947368421052632,19,0.9473684210526315,19,1.0,19,0.9122807017543859,19,0.9473684210526315
mechanisms,qwen3.8-27b,REMOVE_MATCHED_NONTARGET__M_TEXT,re2_tt,False,6,0.4444444444444444,6,0.3333333333333333,6,0.6666666666666666,6,0.6666666666666666,6,0.4444444444444444,6,0.5333333333333333
mechanisms,qwen3.8-27b,REMOVE_MATCHED_NONTARGET__M_TEXT,re2_tt,True,13,0.8846153846153846,13,0.7692307692307693,13,1.0,13,1.0,13,0.9230769230769231,13,0.9538461538461539
mechanisms,qwen3.8-27b,REMOVE_TARGET__C_CONTRAST,aegislab,False,9,0.027777777777777776,9,0.0,9,0.0,9,0.1111111111111111,9,0.0,9,0.044444444444444446
mechanisms,qwen3.8-27b,REMOVE_TARGET__C_CONTRAST,aegislab,True,8,0.6041666666666666,8,0.25,8,1.0,8,1.0,8,0.7083333333333333,8,0.8250000000000001
mechanisms,qwen3.8-27b,REMOVE_TARGET__C_CONTRAST,aiops2022,False,5,0.0,5,0.0,5,0.0,5,0.0,5,0.0,5,0.0
mechanisms,qwen3.8-27b,REMOVE_TARGET__C_CONTRAST,aiops2022,True,1,1.0,1,1.0,1,1.0,1,1.0,1,1.0,1,1.0
mechanisms,qwen3.8-27b,REMOVE_TARGET__C_CONTRAST,aiops2025,False,9,0.0,9,0.0,9,0.0,9,0.0,9,0.0,9,0.0
mechanisms,qwen3.8-27b,REMOVE_TARGET__C_CONTRAST,aiops2025,True,9,0.6203703703703703,9,0.4444444444444444,9,0.7777777777777778,9,0.8888888888888888,9,0.6296296296296295,9,0.7333333333333333
mechanisms,qwen3.8-27b,REMOVE_TARGET__C_CONTRAST,re2_ob,False,2,0.29166666666666663,2,0.0,2,0.5,2,1.0,2,0.16666666666666666,2,0.5
mechanisms,qwen3.8-27b,REMOVE_TARGET__C_CONTRAST,re2_ob,True,18,0.8888888888888888,18,0.7777777777777778,18,1.0,18,1.0,18,0.925925925925926,18,0.9555555555555555
mechanisms,qwen3.8-27b,REMOVE_TARGET__C_CONTRAST,re2_tt,False,1,0.0,1,0.0,1,0.0,1,0.0,1,0.0,1,0.0
mechanisms,qwen3.8-27b,REMOVE_TARGET__C_CONTRAST,re2_tt,True,19,0.706140350877193,19,0.5789473684210527,19,0.8421052631578947,19,0.8947368421052632,19,0.7192982456140351,19,0.7894736842105263
mechanisms,qwen3.8-27b,REMOVE_TARGET__M_TEXT,aegislab,False,10,0.05,10,0.0,10,0.1,10,0.1,10,0.06666666666666667,10,0.08
mechanisms,qwen3.8-27b,REMOVE_TARGET__M_TEXT,aegislab,True,7,0.5,7,0.42857142857142855,7,0.42857142857142855,7,0.7142857142857143,7,0.42857142857142855,7,0.5428571428571428
mechanisms,qwen3.8-27b,REMOVE_TARGET__M_TEXT,aiops2022,False,5,0.04,5,0.0,5,0.0,5,0.2,5,0.0,5,0.04
mechanisms,qwen3.8-27b,REMOVE_TARGET__M_TEXT,aiops2022,True,1,1.0,1,1.0,1,1.0,1,1.0,1,1.0,1,1.0
mechanisms,qwen3.8-27b,REMOVE_TARGET__M_TEXT,aiops2025,False,13,0.019230769230769232,13,0.0,13,0.0,13,0.07692307692307693,13,0.0,13,0.03076923076923077
mechanisms,qwen3.8-27b,REMOVE_TARGET__M_TEXT,aiops2025,True,5,0.7166666666666667,5,0.6,5,0.8,5,1.0,5,0.6666666666666667,5,0.8
mechanisms,qwen3.8-27b,REMOVE_TARGET__M_TEXT,re2_ob,True,20,0.8708333333333333,20,0.8,20,0.95,20,1.0,20,0.8666666666666666,20,0.9199999999999999
mechanisms,qwen3.8-27b,REMOVE_TARGET__M_TEXT,re2_tt,False,5,0.0,5,0.0,5,0.0,5,0.0,5,0.0,5,0.0
mechanisms,qwen3.8-27b,REMOVE_TARGET__M_TEXT,re2_tt,True,15,0.7277777777777777,15,0.6,15,0.8666666666666667,15,0.9333333333333333,15,0.7333333333333333,15,0.8133333333333332
mechanisms,qwen3.8-27b,REPLICATE_1__C_CONTRAST,aegislab,False,9,0.044444444444444446,9,0.0,9,0.0,9,0.2222222222222222,9,0.0,9,0.044444444444444446
mechanisms,qwen3.8-27b,REPLICATE_1__C_CONTRAST,aegislab,True,10,0.42000000000000004,10,0.1,10,0.8,10,0.9,10,0.4666666666666666,10,0.62
mechanisms,qwen3.8-27b,REPLICATE_1__C_CONTRAST,aiops2022,False,15,0.03333333333333333,15,0.0,15,0.06666666666666667,15,0.06666666666666667,15,0.04444444444444444,15,0.05333333333333334
mechanisms,qwen3.8-27b,REPLICATE_1__C_CONTRAST,aiops2022,True,5,0.7,5,0.6,5,0.8,5,0.8,5,0.7333333333333333,5,0.76
mechanisms,qwen3.8-27b,REPLICATE_1__C_CONTRAST,aiops2025,False,7,0.028571428571428574,7,0.0,7,0.0,7,0.14285714285714285,7,0.0,7,0.028571428571428574
mechanisms,qwen3.8-27b,REPLICATE_1__C_CONTRAST,aiops2025,True,13,0.5705128205128205,13,0.38461538461538464,13,0.7692307692307693,13,0.8461538461538461,13,0.5897435897435896,13,0.6923076923076923
mechanisms,qwen3.8-27b,REPLICATE_1__C_CONTRAST,re2_ob,True,20,0.8458333333333334,20,0.75,20,0.95,20,1.0,20,0.85,20,0.9099999999999999
mechanisms,qwen3.8-27b,REPLICATE_1__C_CONTRAST,re2_tt,False,1,0.0,1,0.0,1,0.0,1,0.0,1,0.0,1,0.0
mechanisms,qwen3.8-27b,REPLICATE_1__C_CONTRAST,re2_tt,True,19,0.75,19,0.631578947368421,19,0.8947368421052632,19,0.9473684210526315,19,0.7543859649122807,19,0.8315789473684211
mechanisms,qwen3.8-27b,REPLICATE_1__M_TEXT,aegislab,False,9,0.0,9,0.0,9,0.0,9,0.0,9,0.0,9,0.0
mechanisms,qwen3.8-27b,REPLICATE_1__M_TEXT,aegislab,True,11,0.6666666666666666,11,0.45454545454545453,11,0.8181818181818182,11,1.0,11,0.6666666666666666,11,0.8
mechanisms,qwen3.8-27b,REPLICATE_1__M_TEXT,aiops2022,False,15,0.0,15,0.0,15,0.0,15,0.0,15,0.0,15,0.0
mechanisms,qwen3.8-27b,REPLICATE_1__M_TEXT,aiops2022,True,5,0.74,5,0.6,5,0.8,5,1.0,5,0.7333333333333333,5,0.8
mechanisms,qwen3.8-27b,REPLICATE_1__M_TEXT,aiops2025,False,8,0.041666666666666664,8,0.0,8,0.125,8,0.125,8,0.041666666666666664,8,0.075
mechanisms,qwen3.8-27b,REPLICATE_1__M_TEXT,aiops2025,True,11,0.49242424242424243,11,0.2727272727272727,11,0.7272727272727273,11,0.8181818181818182,11,0.5151515151515151,11,0.6363636363636364
mechanisms,qwen3.8-27b,REPLICATE_1__M_TEXT,re2_ob,False,1,0.25,1,0.0,1,0.0,1,1.0,1,0.0,1,0.4
mechanisms,qwen3.8-27b,REPLICATE_1__M_TEXT,re2_ob,True,19,0.8991228070175438,19,0.8421052631578947,19,0.9473684210526315,19,1.0,19,0.8947368421052632,19,0.9368421052631579
mechanisms,qwen3.8-27b,REPLICATE_1__M_TEXT,re2_tt,False,3,0.16666666666666666,3,0.0,3,0.3333333333333333,3,0.3333333333333333,3,0.2222222222222222,3,0.26666666666666666
mechanisms,qwen3.8-27b,REPLICATE_1__M_TEXT,re2_tt,True,17,0.7990196078431373,17,0.6470588235294118,17,0.9411764705882353,17,1.0,17,0.8235294117647058,17,0.8941176470588235
mechanisms,qwen3.8-27b,REPLICATE_2__C_CONTRAST,aegislab,False,10,0.04,10,0.0,10,0.0,10,0.2,10,0.0,10,0.04
mechanisms,qwen3.8-27b,REPLICATE_2__C_CONTRAST,aegislab,True,10,0.42000000000000004,10,0.1,10,0.8,10,0.9,10,0.4666666666666666,10,0.62
mechanisms,qwen3.8-27b,REPLICATE_2__C_CONTRAST,aiops2022,False,13,0.0,13,0.0,13,0.0,13,0.0,13,0.0,13,0.0
mechanisms,qwen3.8-27b,REPLICATE_2__C_CONTRAST,aiops2022,True,7,0.5714285714285714,7,0.42857142857142855,7,0.7142857142857143,7,0.7142857142857143,7,0.619047619047619,7,0.6571428571428571
mechanisms,qwen3.8-27b,REPLICATE_2__C_CONTRAST,aiops2025,False,8,0.07291666666666666,8,0.0,8,0.125,8,0.25,8,0.041666666666666664,8,0.125
mechanisms,qwen3.8-27b,REPLICATE_2__C_CONTRAST,aiops2025,True,11,0.6212121212121212,11,0.45454545454545453,11,0.8181818181818182,11,0.8181818181818182,11,0.6666666666666666,11,0.7272727272727273
mechanisms,qwen3.8-27b,REPLICATE_2__C_CONTRAST,re2_ob,True,20,0.8458333333333334,20,0.75,20,0.95,20,1.0,20,0.85,20,0.9099999999999999
mechanisms,qwen3.8-27b,REPLICATE_2__C_CONTRAST,re2_tt,True,20,0.7125,20,0.6,20,0.85,20,0.9,20,0.7166666666666667,20,0.79
mechanisms,qwen3.8-27b,REPLICATE_2__M_TEXT,aegislab,False,9,0.0,9,0.0,9,0.0,9,0.0,9,0.0,9,0.0
mechanisms,qwen3.8-27b,REPLICATE_2__M_TEXT,aegislab,True,11,0.6515151515151515,11,0.45454545454545453,11,0.8181818181818182,11,1.0,11,0.6363636363636364,11,0.7818181818181817
mechanisms,qwen3.8-27b,REPLICATE_2__M_TEXT,aiops2022,False,14,0.014285714285714287,14,0.0,14,0.0,14,0.07142857142857142,14,0.0,14,0.014285714285714287
mechanisms,qwen3.8-27b,REPLICATE_2__M_TEXT,aiops2022,True,6,0.625,6,0.5,6,0.6666666666666666,6,0.8333333333333334,6,0.611111111111111,6,0.7000000000000001
mechanisms,qwen3.8-27b,REPLICATE_2__M_TEXT,aiops2025,False,11,0.06363636363636363,11,0.0,11,0.09090909090909091,11,0.18181818181818182,11,0.0606060606060606,11,0.09090909090909091
mechanisms,qwen3.8-27b,REPLICATE_2__M_TEXT,aiops2025,True,9,0.49074074074074076,9,0.3333333333333333,9,0.6666666666666666,9,0.7777777777777778,9,0.48148148148148145,9,0.6000000000000001
mechanisms,qwen3.8-27b,REPLICATE_2__M_TEXT,re2_ob,False,1,0.25,1,0.0,1,0.0,1,1.0,1,0.0,1,0.4
mechanisms,qwen3.8-27b,REPLICATE_2__M_TEXT,re2_ob,True,19,0.8991228070175438,19,0.8421052631578947,19,0.9473684210526315,19,1.0,19,0.8947368421052632,19,0.9368421052631579
mechanisms,qwen3.8-27b,REPLICATE_2__M_TEXT,re2_tt,False,3,0.16666666666666666,3,0.0,3,0.3333333333333333,3,0.3333333333333333,3,0.2222222222222222,3,0.26666666666666666
mechanisms,qwen3.8-27b,REPLICATE_2__M_TEXT,re2_tt,True,16,0.7864583333333334,16,0.625,16,0.9375,16,1.0,16,0.8125,16,0.8875
representation,gemma-4-26b-a4b,P0_C_CONTRAST,aegislab,False,34,0.0,34,0.0,34,0.0,34,0.0,34,0.0,34,0.0
representation,gemma-4-26b-a4b,P0_C_CONTRAST,aegislab,True,66,0.5454545454545454,66,0.5454545454545454,66,0.5454545454545454,66,0.5454545454545454,66,0.5454545454545454,66,0.5454545454545454
representation,gemma-4-26b-a4b,P0_C_CONTRAST,aiops2022,False,49,0.0,49,0.0,49,0.0,49,0.0,49,0.0,49,0.0
representation,gemma-4-26b-a4b,P0_C_CONTRAST,aiops2022,True,51,0.4411764705882353,51,0.43137254901960786,51,0.45098039215686275,51,0.45098039215686275,51,0.4444444444444445,51,0.4470588235294118
representation,gemma-4-26b-a4b,P0_C_CONTRAST,aiops2025,False,58,0.0,58,0.0,58,0.0,58,0.0,58,0.0,58,0.0
representation,gemma-4-26b-a4b,P0_C_CONTRAST,aiops2025,True,42,0.42857142857142855,42,0.42857142857142855,42,0.42857142857142855,42,0.42857142857142855,42,0.42857142857142855,42,0.42857142857142855
representation,gemma-4-26b-a4b,P0_C_CONTRAST,re2_ob,False,1,0.0,1,0.0,1,0.0,1,0.0,1,0.0,1,0.0
representation,gemma-4-26b-a4b,P0_C_CONTRAST,re2_ob,True,89,0.8539325842696629,89,0.8539325842696629,89,0.8539325842696629,89,0.8539325842696629,89,0.8539325842696629,89,0.8539325842696629
representation,gemma-4-26b-a4b,P0_C_CONTRAST,re2_tt,False,8,0.0,8,0.0,8,0.0,8,0.0,8,0.0,8,0.0
representation,gemma-4-26b-a4b,P0_C_CONTRAST,re2_tt,True,82,0.8292682926829268,82,0.8292682926829268,82,0.8292682926829268,82,0.8292682926829268,82,0.8292682926829268,82,0.8292682926829268
representation,gemma-4-26b-a4b,P0_M_TEXT,aegislab,False,39,0.0,39,0.0,39,0.0,39,0.0,39,0.0,39,0.0
representation,gemma-4-26b-a4b,P0_M_TEXT,aegislab,True,61,0.7377049180327869,61,0.7377049180327869,61,0.7377049180327869,61,0.7377049180327869,61,0.7377049180327869,61,0.7377049180327869
representation,gemma-4-26b-a4b,P0_M_TEXT,aiops2022,False,57,0.0,57,0.0,57,0.0,57,0.0,57,0.0,57,0.0
representation,gemma-4-26b-a4b,P0_M_TEXT,aiops2022,True,43,0.6744186046511628,43,0.6744186046511628,43,0.6744186046511628,43,0.6744186046511628,43,0.6744186046511628,43,0.6744186046511628
representation,gemma-4-26b-a4b,P0_M_TEXT,aiops2025,False,61,0.0,61,0.0,61,0.0,61,0.0,61,0.0,61,0.0
representation,gemma-4-26b-a4b,P0_M_TEXT,aiops2025,True,39,0.5384615384615384,39,0.5384615384615384,39,0.5384615384615384,39,0.5384615384615384,39,0.5384615384615384,39,0.5384615384615384
representation,gemma-4-26b-a4b,P0_M_TEXT,re2_ob,False,1,0.0,1,0.0,1,0.0,1,0.0,1,0.0,1,0.0
representation,gemma-4-26b-a4b,P0_M_TEXT,re2_ob,True,89,0.8764044943820225,89,0.8764044943820225,89,0.8764044943820225,89,0.8764044943820225,89,0.8764044943820225,89,0.8764044943820225
representation,gemma-4-26b-a4b,P0_M_TEXT,re2_tt,False,16,0.0,16,0.0,16,0.0,16,0.0,16,0.0,16,0.0
representation,gemma-4-26b-a4b,P0_M_TEXT,re2_tt,True,74,0.7567567567567568,74,0.7567567567567568,74,0.7567567567567568,74,0.7567567567567568,74,0.7567567567567568,74,0.7567567567567568
representation,gemma-4-26b-a4b,P0_V_CONTRAST,aegislab,False,51,0.0,51,0.0,51,0.0,51,0.0,51,0.0,51,0.0
representation,gemma-4-26b-a4b,P0_V_CONTRAST,aegislab,True,49,0.6326530612244898,49,0.6326530612244898,49,0.6326530612244898,49,0.6326530612244898,49,0.6326530612244898,49,0.6326530612244898
representation,gemma-4-26b-a4b,P0_V_CONTRAST,aiops2022,False,65,0.0,65,0.0,65,0.0,65,0.0,65,0.0,65,0.0
representation,gemma-4-26b-a4b,P0_V_CONTRAST,aiops2022,True,35,0.22857142857142856,35,0.22857142857142856,35,0.22857142857142856,35,0.22857142857142856,35,0.22857142857142856,35,0.22857142857142856
representation,gemma-4-26b-a4b,P0_V_CONTRAST,aiops2025,False,68,0.0,68,0.0,68,0.0,68,0.0,68,0.0,68,0.0
representation,gemma-4-26b-a4b,P0_V_CONTRAST,aiops2025,True,32,0.375,32,0.375,32,0.375,32,0.375,32,0.375,32,0.375
representation,gemma-4-26b-a4b,P0_V_CONTRAST,re2_ob,False,17,0.0,17,0.0,17,0.0,17,0.0,17,0.0,17,0.0
representation,gemma-4-26b-a4b,P0_V_CONTRAST,re2_ob,True,73,0.6027397260273972,73,0.6027397260273972,73,0.6027397260273972,73,0.6027397260273972,73,0.6027397260273972,73,0.6027397260273972
representation,gemma-4-26b-a4b,P0_V_CONTRAST,re2_tt,False,40,0.0,40,0.0,40,0.0,40,0.0,40,0.0,40,0.0
representation,gemma-4-26b-a4b,P0_V_CONTRAST,re2_tt,True,50,0.54,50,0.54,50,0.54,50,0.54,50,0.54,50,0.54
representation,gemma-4-26b-a4b,P0_V_STANDARD,aegislab,False,45,0.0,45,0.0,45,0.0,45,0.0,45,0.0,45,0.0
representation,gemma-4-26b-a4b,P0_V_STANDARD,aegislab,True,55,0.6,55,0.6,55,0.6,55,0.6,55,0.6,55,0.6
representation,gemma-4-26b-a4b,P0_V_STANDARD,aiops2022,False,73,0.0,73,0.0,73,0.0,73,0.0,73,0.0,73,0.0
representation,gemma-4-26b-a4b,P0_V_STANDARD,aiops2022,True,27,0.6296296296296297,27,0.6296296296296297,27,0.6296296296296297,27,0.6296296296296297,27,0.6296296296296297,27,0.6296296296296297
representation,gemma-4-26b-a4b,P0_V_STANDARD,aiops2025,False,69,0.0,69,0.0,69,0.0,69,0.0,69,0.0,69,0.0
representation,gemma-4-26b-a4b,P0_V_STANDARD,aiops2025,True,31,0.45161290322580644,31,0.45161290322580644,31,0.45161290322580644,31,0.45161290322580644,31,0.45161290322580644,31,0.45161290322580644
representation,gemma-4-26b-a4b,P0_V_STANDARD,re2_ob,False,16,0.0,16,0.0,16,0.0,16,0.0,16,0.0,16,0.0
representation,gemma-4-26b-a4b,P0_V_STANDARD,re2_ob,True,74,0.5540540540540541,74,0.5540540540540541,74,0.5540540540540541,74,0.5540540540540541,74,0.5540540540540541,74,0.5540540540540541
representation,gemma-4-26b-a4b,P0_V_STANDARD,re2_tt,False,39,0.0,39,0.0,39,0.0,39,0.0,39,0.0,39,0.0
representation,gemma-4-26b-a4b,P0_V_STANDARD,re2_tt,True,51,0.5882352941176471,51,0.5882352941176471,51,0.5882352941176471,51,0.5882352941176471,51,0.5882352941176471,51,0.5882352941176471
representation,gemma-4-26b-a4b,SC_C_CONTRAST,aegislab,False,33,0.0,33,0.0,33,0.0,33,0.0,33,0.0,33,0.0
representation,gemma-4-26b-a4b,SC_C_CONTRAST,aegislab,True,67,0.6268656716417911,67,0.6268656716417911,67,0.6268656716417911,67,0.6268656716417911,67,0.6268656716417911,67,0.6268656716417911
representation,gemma-4-26b-a4b,SC_C_CONTRAST,aiops2022,False,54,0.0,54,0.0,54,0.0,54,0.0,54,0.0,54,0.0
representation,gemma-4-26b-a4b,SC_C_CONTRAST,aiops2022,True,46,0.5217391304347826,46,0.5217391304347826,46,0.5217391304347826,46,0.5217391304347826,46,0.5217391304347826,46,0.5217391304347826
representation,gemma-4-26b-a4b,SC_C_CONTRAST,aiops2025,False,51,0.0,51,0.0,51,0.0,51,0.0,51,0.0,51,0.0
representation,gemma-4-26b-a4b,SC_C_CONTRAST,aiops2025,True,49,0.30612244897959184,49,0.30612244897959184,49,0.30612244897959184,49,0.30612244897959184,49,0.30612244897959184,49,0.30612244897959184
representation,gemma-4-26b-a4b,SC_C_CONTRAST,re2_ob,False,2,0.0,2,0.0,2,0.0,2,0.0,2,0.0,2,0.0
representation,gemma-4-26b-a4b,SC_C_CONTRAST,re2_ob,True,88,0.8863636363636364,88,0.8863636363636364,88,0.8863636363636364,88,0.8863636363636364,88,0.8863636363636364,88,0.8863636363636364
representation,gemma-4-26b-a4b,SC_C_CONTRAST,re2_tt,False,4,0.0,4,0.0,4,0.0,4,0.0,4,0.0,4,0.0
representation,gemma-4-26b-a4b,SC_C_CONTRAST,re2_tt,True,86,0.8255813953488372,86,0.8255813953488372,86,0.8255813953488372,86,0.8255813953488372,86,0.8255813953488372,86,0.8255813953488372
representation,gemma-4-26b-a4b,SC_M_TEXT,aegislab,False,44,0.0,44,0.0,44,0.0,44,0.0,44,0.0,44,0.0
representation,gemma-4-26b-a4b,SC_M_TEXT,aegislab,True,56,0.6964285714285714,56,0.6964285714285714,56,0.6964285714285714,56,0.6964285714285714,56,0.6964285714285714,56,0.6964285714285714
representation,gemma-4-26b-a4b,SC_M_TEXT,aiops2022,False,62,0.0,62,0.0,62,0.0,62,0.0,62,0.0,62,0.0
representation,gemma-4-26b-a4b,SC_M_TEXT,aiops2022,True,38,0.631578947368421,38,0.631578947368421,38,0.631578947368421,38,0.631578947368421,38,0.631578947368421,38,0.631578947368421
representation,gemma-4-26b-a4b,SC_M_TEXT,aiops2025,False,59,0.0,59,0.0,59,0.0,59,0.0,59,0.0,59,0.0
representation,gemma-4-26b-a4b,SC_M_TEXT,aiops2025,True,41,0.2682926829268293,41,0.2682926829268293,41,0.2682926829268293,41,0.2682926829268293,41,0.2682926829268293,41,0.2682926829268293
representation,gemma-4-26b-a4b,SC_M_TEXT,re2_ob,False,3,0.0,3,0.0,3,0.0,3,0.0,3,0.0,3,0.0
representation,gemma-4-26b-a4b,SC_M_TEXT,re2_ob,True,87,0.8620689655172413,87,0.8620689655172413,87,0.8620689655172413,87,0.8620689655172413,87,0.8620689655172413,87,0.8620689655172413
representation,gemma-4-26b-a4b,SC_M_TEXT,re2_tt,False,17,0.0,17,0.0,17,0.0,17,0.0,17,0.0,17,0.0
representation,gemma-4-26b-a4b,SC_M_TEXT,re2_tt,True,73,0.7945205479452054,73,0.7945205479452054,73,0.7945205479452054,73,0.7945205479452054,73,0.7945205479452054,73,0.7945205479452054
representation,gemma-4-26b-a4b,SC_V_CONTRAST,aegislab,False,57,0.0,57,0.0,57,0.0,57,0.0,57,0.0,57,0.0
representation,gemma-4-26b-a4b,SC_V_CONTRAST,aegislab,True,43,0.5581395348837209,43,0.5581395348837209,43,0.5581395348837209,43,0.5581395348837209,43,0.5581395348837209,43,0.5581395348837209
representation,gemma-4-26b-a4b,SC_V_CONTRAST,aiops2022,False,69,0.0,69,0.0,69,0.0,69,0.0,69,0.0,69,0.0
representation,gemma-4-26b-a4b,SC_V_CONTRAST,aiops2022,True,31,0.45161290322580644,31,0.45161290322580644,31,0.45161290322580644,31,0.45161290322580644,31,0.45161290322580644,31,0.45161290322580644
representation,gemma-4-26b-a4b,SC_V_CONTRAST,aiops2025,False,70,0.0,70,0.0,70,0.0,70,0.0,70,0.0,70,0.0
representation,gemma-4-26b-a4b,SC_V_CONTRAST,aiops2025,True,30,0.3,30,0.3,30,0.3,30,0.3,30,0.3,30,0.3
representation,gemma-4-26b-a4b,SC_V_CONTRAST,re2_ob,False,16,0.0,16,0.0,16,0.0,16,0.0,16,0.0,16,0.0
representation,gemma-4-26b-a4b,SC_V_CONTRAST,re2_ob,True,74,0.6216216216216216,74,0.6216216216216216,74,0.6216216216216216,74,0.6216216216216216,74,0.6216216216216216,74,0.6216216216216216
representation,gemma-4-26b-a4b,SC_V_CONTRAST,re2_tt,False,54,0.0,54,0.0,54,0.0,54,0.0,54,0.0,54,0.0
representation,gemma-4-26b-a4b,SC_V_CONTRAST,re2_tt,True,36,0.5,36,0.5,36,0.5,36,0.5,36,0.5,36,0.5
representation,gemma-4-26b-a4b,SC_V_STANDARD,aegislab,False,52,0.0,52,0.0,52,0.0,52,0.0,52,0.0,52,0.0
representation,gemma-4-26b-a4b,SC_V_STANDARD,aegislab,True,48,0.5208333333333334,48,0.5208333333333334,48,0.5208333333333334,48,0.5208333333333334,48,0.5208333333333334,48,0.5208333333333334
representation,gemma-4-26b-a4b,SC_V_STANDARD,aiops2022,False,73,0.0,73,0.0,73,0.0,73,0.0,73,0.0,73,0.0
representation,gemma-4-26b-a4b,SC_V_STANDARD,aiops2022,True,27,0.6666666666666666,27,0.6666666666666666,27,0.6666666666666666,27,0.6666666666666666,27,0.6666666666666666,27,0.6666666666666666
representation,gemma-4-26b-a4b,SC_V_STANDARD,aiops2025,False,67,0.0,67,0.0,67,0.0,67,0.0,67,0.0,67,0.0
representation,gemma-4-26b-a4b,SC_V_STANDARD,aiops2025,True,33,0.36363636363636365,33,0.36363636363636365,33,0.36363636363636365,33,0.36363636363636365,33,0.36363636363636365,33,0.36363636363636365
representation,gemma-4-26b-a4b,SC_V_STANDARD,re2_ob,False,18,0.0,18,0.0,18,0.0,18,0.0,18,0.0,18,0.0
representation,gemma-4-26b-a4b,SC_V_STANDARD,re2_ob,True,72,0.7361111111111112,72,0.7361111111111112,72,0.7361111111111112,72,0.7361111111111112,72,0.7361111111111112,72,0.7361111111111112
representation,gemma-4-26b-a4b,SC_V_STANDARD,re2_tt,False,41,0.0,41,0.0,41,0.0,41,0.0,41,0.0,41,0.0
representation,gemma-4-26b-a4b,SC_V_STANDARD,re2_tt,True,49,0.4489795918367347,49,0.4489795918367347,49,0.4489795918367347,49,0.4489795918367347,49,0.4489795918367347,49,0.4489795918367347
representation,gemma-4-26b-a4b,SIRCL_TEXT,aegislab,False,64,0.057291666666666664,64,0.0,64,0.125,64,0.125,64,0.07291666666666666,64,0.09375
representation,gemma-4-26b-a4b,SIRCL_TEXT,aegislab,True,36,0.7083333333333334,36,0.6388888888888888,36,0.7777777777777778,36,0.7777777777777778,36,0.7314814814814814,36,0.75
representation,gemma-4-26b-a4b,SIRCL_TEXT,aiops2022,False,70,0.033333333333333326,70,0.0,70,0.08571428571428572,70,0.08571428571428572,70,0.03809523809523809,70,0.05714285714285714
representation,gemma-4-26b-a4b,SIRCL_TEXT,aiops2022,True,30,0.6944444444444444,30,0.6333333333333333,30,0.7666666666666667,30,0.7666666666666667,30,0.711111111111111,30,0.7333333333333333
representation,gemma-4-26b-a4b,SIRCL_TEXT,aiops2025,False,60,0.0,60,0.0,60,0.0,60,0.0,60,0.0,60,0.0
representation,gemma-4-26b-a4b,SIRCL_TEXT,aiops2025,True,40,0.775,40,0.75,40,0.825,40,0.825,40,0.775,40,0.795
representation,gemma-4-26b-a4b,SIRCL_TEXT,re2_ob,False,6,0.38888888888888884,6,0.0,6,1.0,6,1.0,6,0.4444444444444444,6,0.6666666666666666
representation,gemma-4-26b-a4b,SIRCL_TEXT,re2_ob,True,84,0.9940476190476191,84,0.9880952380952381,84,1.0,84,1.0,84,0.996031746031746,84,0.9976190476190476
representation,gemma-4-26b-a4b,SIRCL_TEXT,re2_tt,False,6,0.2222222222222222,6,0.0,6,0.5,6,0.5,6,0.27777777777777773,6,0.3666666666666667
representation,gemma-4-26b-a4b,SIRCL_TEXT,re2_tt,True,84,0.9821428571428571,84,0.9761904761904762,84,0.9880952380952381,84,0.9880952380952381,84,0.9841269841269842,84,0.9857142857142857
representation,gemma-4-26b-a4b,T,aegislab,False,36,0.0,36,0.0,36,0.0,36,0.0,36,0.0,36,0.0
representation,gemma-4-26b-a4b,T,aegislab,True,64,0.6484375,64,0.625,64,0.671875,64,0.671875,64,0.65625,64,0.6625
representation,gemma-4-26b-a4b,T,aiops2022,False,55,0.006060606060606061,55,0.0,55,0.01818181818181818,55,0.01818181818181818,55,0.006060606060606061,55,0.010909090909090908
representation,gemma-4-26b-a4b,T,aiops2022,True,45,0.6555555555555556,45,0.6444444444444445,45,0.6666666666666666,45,0.6666666666666666,45,0.6592592592592593,45,0.6622222222222223
representation,gemma-4-26b-a4b,T,aiops2025,False,55,0.0,55,0.0,55,0.0,55,0.0,55,0.0,55,0.0
representation,gemma-4-26b-a4b,T,aiops2025,True,45,0.4814814814814815,45,0.4444444444444444,45,0.5333333333333333,45,0.5333333333333333,45,0.4888888888888889,45,0.5066666666666667
representation,gemma-4-26b-a4b,T,re2_ob,False,2,0.16666666666666666,2,0.0,2,0.5,2,0.5,2,0.16666666666666666,2,0.3
representation,gemma-4-26b-a4b,T,re2_ob,True,88,0.9147727272727273,88,0.9090909090909091,88,0.9204545454545454,88,0.9204545454545454,88,0.9166666666666667,88,0.9181818181818181
representation,gemma-4-26b-a4b,T,re2_tt,False,5,0.0,5,0.0,5,0.0,5,0.0,5,0.0,5,0.0
representation,gemma-4-26b-a4b,T,re2_tt,True,85,0.7764705882352941,85,0.6941176470588235,85,0.8705882352941177,85,0.8705882352941177,85,0.8,85,0.8282352941176472
representation,gemma-4-26b-a4b,TPV,aegislab,False,34,0.014705882352941176,34,0.0,34,0.029411764705882353,34,0.029411764705882353,34,0.0196078431372549,34,0.023529411764705882
representation,gemma-4-26b-a4b,TPV,aegislab,True,66,0.6212121212121212,66,0.6060606060606061,66,0.6363636363636364,66,0.6363636363636364,66,0.6262626262626263,66,0.6303030303030304
representation,gemma-4-26b-a4b,TPV,aiops2022,False,57,0.0,57,0.0,57,0.0,57,0.0,57,0.0,57,0.0
representation,gemma-4-26b-a4b,TPV,aiops2022,True,43,0.5348837209302325,43,0.5348837209302325,43,0.5348837209302325,43,0.5348837209302325,43,0.5348837209302325,43,0.5348837209302325
representation,gemma-4-26b-a4b,TPV,aiops2025,False,52,0.00641025641025641,52,0.0,52,0.019230769230769232,52,0.019230769230769232,52,0.00641025641025641,52,0.011538461538461537
representation,gemma-4-26b-a4b,TPV,aiops2025,True,48,0.40625,48,0.375,48,0.4375,48,0.4375,48,0.4166666666666667,48,0.425
representation,gemma-4-26b-a4b,TPV,re2_ob,False,2,0.0,2,0.0,2,0.0,2,0.0,2,0.0,2,0.0
representation,gemma-4-26b-a4b,TPV,re2_ob,True,88,0.9090909090909091,88,0.9090909090909091,88,0.9090909090909091,88,0.9090909090909091,88,0.9090909090909091,88,0.9090909090909091
representation,gemma-4-26b-a4b,TPV,re2_tt,False,7,0.0,7,0.0,7,0.0,7,0.0,7,0.0,7,0.0
representation,gemma-4-26b-a4b,TPV,re2_tt,True,83,0.8253012048192772,83,0.8192771084337349,83,0.8313253012048193,83,0.8313253012048193,83,0.8273092369477912,83,0.8289156626506023
representation,qwen3.8-27b,P0_C_CONTRAST,aegislab,False,40,0.07125000000000001,40,0.0,40,0.1,40,0.25,40,0.041666666666666664,40,0.11000000000000001
representation,qwen3.8-27b,P0_C_CONTRAST,aegislab,True,59,0.5471751412429379,59,0.3559322033898305,59,0.7457627118644068,59,0.8135593220338984,59,0.576271186440678,59,0.6677966101694915
representation,qwen3.8-27b,P0_C_CONTRAST,aiops2022,False,51,0.0,51,0.0,51,0.0,51,0.0,51,0.0,51,0.0
representation,qwen3.8-27b,P0_C_CONTRAST,aiops2022,True,48,0.532986111111111,48,0.3541666666666667,48,0.7083333333333334,48,0.7708333333333334,48,0.5625,48,0.6458333333333334
representation,qwen3.8-27b,P0_C_CONTRAST,aiops2025,False,46,0.02608695652173913,46,0.0,46,0.021739130434782608,46,0.08695652173913043,46,0.014492753623188404,46,0.0391304347826087
representation,qwen3.8-27b,P0_C_CONTRAST,aiops2025,True,54,0.5033950617283951,54,0.3333333333333333,54,0.6851851851851852,54,0.7962962962962963,54,0.5061728395061729,54,0.6111111111111112
representation,qwen3.8-27b,P0_C_CONTRAST,re2_ob,False,2,0.225,2,0.0,2,0.0,2,1.0,2,0.0,2,0.30000000000000004
representation,qwen3.8-27b,P0_C_CONTRAST,re2_ob,True,85,0.8421568627450979,85,0.7294117647058823,85,0.9647058823529412,85,0.9764705882352941,85,0.8705882352941177,85,0.9129411764705881
representation,qwen3.8-27b,P0_C_CONTRAST,re2_tt,False,9,0.037037037037037035,9,0.0,9,0.1111111111111111,9,0.1111111111111111,9,0.037037037037037035,9,0.06666666666666667
representation,qwen3.8-27b,P0_C_CONTRAST,re2_tt,True,79,0.7831223628691983,79,0.6835443037974683,79,0.8987341772151899,79,0.9113924050632911,79,0.8059071729957805,79,0.8455696202531645
representation,qwen3.8-27b,P0_M_TEXT,aegislab,False,39,0.038461538461538464,39,0.0,39,0.05128205128205128,39,0.10256410256410256,39,0.034188034188034185,39,0.06153846153846155
representation,qwen3.8-27b,P0_M_TEXT,aegislab,True,60,0.7083333333333334,60,0.5,60,0.9333333333333333,60,0.9666666666666667,60,0.7555555555555556,60,0.84
representation,qwen3.8-27b,P0_M_TEXT,aiops2022,False,59,0.00847457627118644,59,0.0,59,0.0,59,0.03389830508474576,59,0.0,59,0.013559322033898306
representation,qwen3.8-27b,P0_M_TEXT,aiops2022,True,41,0.5821138211382114,41,0.4634146341463415,41,0.6585365853658537,41,0.7804878048780488,41,0.5772357723577236,41,0.6536585365853659
representation,qwen3.8-27b,P0_M_TEXT,aiops2025,False,59,0.025423728813559324,59,0.0,59,0.05084745762711865,59,0.05084745762711865,59,0.03389830508474576,59,0.04067796610169492
representation,qwen3.8-27b,P0_M_TEXT,aiops2025,True,41,0.6382113821138211,41,0.43902439024390244,41,0.8780487804878049,41,0.926829268292683,41,0.6666666666666666,41,0.7707317073170732
representation,qwen3.8-27b,P0_M_TEXT,re2_ob,False,2,0.125,2,0.0,2,0.0,2,0.5,2,0.0,2,0.2
representation,qwen3.8-27b,P0_M_TEXT,re2_ob,True,87,0.8802681992337165,87,0.8160919540229885,87,0.9655172413793104,87,0.9770114942528736,87,0.8888888888888888,87,0.9241379310344828
representation,qwen3.8-27b,P0_M_TEXT,re2_tt,False,9,0.1111111111111111,9,0.0,9,0.2222222222222222,9,0.2222222222222222,9,0.14814814814814814,9,0.17777777777777778
representation,qwen3.8-27b,P0_M_TEXT,re2_tt,True,81,0.8487654320987654,81,0.7654320987654321,81,0.9506172839506173,81,0.9629629629629629,81,0.8641975308641975,81,0.9037037037037038
representation,qwen3.8-27b,P0_V_CONTRAST,aegislab,False,38,0.08640350877192982,38,0.0,38,0.15789473684210525,38,0.2631578947368421,38,0.07017543859649122,38,0.14210526315789473
representation,qwen3.8-27b,P0_V_CONTRAST,aegislab,True,61,0.6789617486338797,61,0.5081967213114754,61,0.8688524590163934,61,0.8852459016393442,61,0.7213114754098361,61,0.7868852459016393
representation,qwen3.8-27b,P0_V_CONTRAST,aiops2022,False,63,0.0164021164021164,63,0.0,63,0.031746031746031744,63,0.047619047619047616,63,0.015873015873015872,63,0.025396825396825397
representation,qwen3.8-27b,P0_V_CONTRAST,aiops2022,True,34,0.5009803921568627,34,0.29411764705882354,34,0.7058823529411765,34,0.7352941176470589,34,0.5588235294117647,34,0.6235294117647059
representation,qwen3.8-27b,P0_V_CONTRAST,aiops2025,False,60,0.03805555555555555,60,0.0,60,0.06666666666666667,60,0.1,60,0.03888888888888888,60,0.060000000000000005
representation,qwen3.8-27b,P0_V_CONTRAST,aiops2025,True,40,0.63,40,0.5,40,0.775,40,0.85,40,0.6333333333333333,40,0.7150000000000001
representation,qwen3.8-27b,P0_V_CONTRAST,re2_ob,False,6,0.0,6,0.0,6,0.0,6,0.0,6,0.0,6,0.0
representation,qwen3.8-27b,P0_V_CONTRAST,re2_ob,True,83,0.8022088353413654,83,0.6867469879518072,83,0.9397590361445783,83,0.9759036144578314,83,0.8152610441767069,83,0.8795180722891566
representation,qwen3.8-27b,P0_V_CONTRAST,re2_tt,False,33,0.03787878787878788,33,0.0,33,0.09090909090909091,33,0.12121212121212122,33,0.030303030303030304,33,0.06666666666666667
representation,qwen3.8-27b,P0_V_CONTRAST,re2_tt,True,56,0.8020833333333333,56,0.6964285714285714,56,0.9107142857142857,56,0.9642857142857143,56,0.8095238095238095,56,0.8714285714285713
representation,qwen3.8-27b,P0_V_STANDARD,aegislab,False,41,0.06504065040650406,41,0.024390243902439025,41,0.0975609756097561,41,0.14634146341463414,41,0.05691056910569105,41,0.09268292682926829
representation,qwen3.8-27b,P0_V_STANDARD,aegislab,True,56,0.6479166666666666,56,0.48214285714285715,56,0.8035714285714286,56,0.875,56,0.6726190476190476,56,0.75
representation,qwen3.8-27b,P0_V_STANDARD,aiops2022,False,67,0.006716417910447761,67,0.0,67,0.0,67,0.029850746268656716,67,0.0,67,0.008955223880597015
representation,qwen3.8-27b,P0_V_STANDARD,aiops2022,True,32,0.5703125,32,0.4375,32,0.71875,32,0.75,32,0.59375,32,0.65625
representation,qwen3.8-27b,P0_V_STANDARD,aiops2025,False,64,0.09895833333333333,64,0.046875,64,0.125,64,0.1875,64,0.09375,64,0.13125
representation,qwen3.8-27b,P0_V_STANDARD,aiops2025,True,35,0.45238095238095233,35,0.2857142857142857,35,0.6,35,0.7142857142857143,35,0.45714285714285713,35,0.56
representation,qwen3.8-27b,P0_V_STANDARD,re2_ob,False,9,0.3611111111111111,9,0.2222222222222222,9,0.3333333333333333,9,0.6666666666666666,9,0.2962962962962963,9,0.4444444444444444
representation,qwen3.8-27b,P0_V_STANDARD,re2_ob,True,81,0.8275720164609053,81,0.7160493827160493,81,0.9629629629629629,81,0.9753086419753086,81,0.8518518518518519,81,0.8987654320987654
representation,qwen3.8-27b,P0_V_STANDARD,re2_tt,False,27,0.024691358024691357,27,0.0,27,0.07407407407407407,27,0.07407407407407407,27,0.024691358024691357,27,0.044444444444444446
representation,qwen3.8-27b,P0_V_STANDARD,re2_tt,True,62,0.7446236559139785,62,0.6129032258064516,62,0.8709677419354839,62,0.9354838709677419,62,0.7580645161290323,62,0.8290322580645161
representation,qwen3.8-27b,SC_C_CONTRAST,aegislab,False,29,0.02011494252873563,29,0.0,29,0.034482758620689655,29,0.06896551724137931,29,0.011494252873563218,29,0.034482758620689655
representation,qwen3.8-27b,SC_C_CONTRAST,aegislab,True,68,0.5338235294117647,68,0.3382352941176471,68,0.6911764705882353,68,0.8676470588235294,68,0.5294117647058824,68,0.6529411764705882
representation,qwen3.8-27b,SC_C_CONTRAST,aiops2022,False,55,0.008181818181818182,55,0.0,55,0.0,55,0.03636363636363636,55,0.0,55,0.01090909090909091
representation,qwen3.8-27b,SC_C_CONTRAST,aiops2022,True,44,0.6041666666666666,44,0.4772727272727273,44,0.7045454545454546,44,0.7727272727272727,44,0.6212121212121212,44,0.6818181818181818
representation,qwen3.8-27b,SC_C_CONTRAST,aiops2025,False,42,0.012698412698412698,42,0.0,42,0.023809523809523808,42,0.047619047619047616,42,0.007936507936507936,42,0.01904761904761905
representation,qwen3.8-27b,SC_C_CONTRAST,aiops2025,True,53,0.5132075471698113,53,0.32075471698113206,53,0.6792452830188679,53,0.8113207547169812,53,0.5220125786163522,53,0.6339622641509435
representation,qwen3.8-27b,SC_C_CONTRAST,re2_ob,False,4,0.20833333333333331,4,0.0,4,0.5,4,0.5,4,0.25,4,0.35
representation,qwen3.8-27b,SC_C_CONTRAST,re2_ob,True,85,0.8601960784313725,85,0.7647058823529411,85,0.9647058823529412,85,0.9882352941176471,85,0.8784313725490197,85,0.92
representation,qwen3.8-27b,SC_C_CONTRAST,re2_tt,False,6,0.0,6,0.0,6,0.0,6,0.0,6,0.0,6,0.0
representation,qwen3.8-27b,SC_C_CONTRAST,re2_tt,True,82,0.8093495934959348,82,0.7195121951219512,82,0.9146341463414634,82,0.9512195121951219,82,0.8170731707317073,82,0.8682926829268293
representation,qwen3.8-27b,SC_M_TEXT,aegislab,False,33,0.0404040404040404,33,0.0,33,0.06060606060606061,33,0.12121212121212122,33,0.030303030303030304,33,0.06666666666666667
representation,qwen3.8-27b,SC_M_TEXT,aegislab,True,66,0.6729797979797979,66,0.5151515151515151,66,0.8333333333333334,66,0.9090909090909091,66,0.6868686868686869,66,0.7757575757575758
representation,qwen3.8-27b,SC_M_TEXT,aiops2022,False,62,0.022043010752688174,62,0.0,62,0.04838709677419355,62,0.06451612903225806,62,0.02150537634408602,62,0.035483870967741936
representation,qwen3.8-27b,SC_M_TEXT,aiops2022,True,36,0.6513888888888889,36,0.5555555555555556,36,0.6666666666666666,36,0.8333333333333334,36,0.6296296296296297,36,0.7055555555555555
representation,qwen3.8-27b,SC_M_TEXT,aiops2025,False,49,0.014965986394557824,49,0.0,49,0.02040816326530612,49,0.061224489795918366,49,0.006802721088435374,49,0.02040816326530612
representation,qwen3.8-27b,SC_M_TEXT,aiops2025,True,50,0.5493333333333333,50,0.36,50,0.72,50,0.88,50,0.5466666666666666,50,0.664
representation,qwen3.8-27b,SC_M_TEXT,re2_ob,False,2,0.25,2,0.0,2,0.0,2,1.0,2,0.0,2,0.4
representation,qwen3.8-27b,SC_M_TEXT,re2_ob,True,87,0.8515325670498084,87,0.7586206896551724,87,0.9540229885057471,87,0.9885057471264368,87,0.8620689655172413,87,0.9126436781609196
representation,qwen3.8-27b,SC_M_TEXT,re2_tt,False,12,0.0,12,0.0,12,0.0,12,0.0,12,0.0,12,0.0
representation,qwen3.8-27b,SC_M_TEXT,re2_tt,True,77,0.8517316017316017,77,0.7662337662337663,77,0.961038961038961,77,0.974025974025974,77,0.8658008658008659,77,0.9090909090909091
representation,qwen3.8-27b,SC_V_CONTRAST,aegislab,False,48,0.08159722222222222,48,0.020833333333333332,48,0.10416666666666667,48,0.20833333333333334,48,0.0625,48,0.12083333333333333
representation,qwen3.8-27b,SC_V_CONTRAST,aegislab,True,50,0.6233333333333333,50,0.44,50,0.82,50,0.9,50,0.64,50,0.7440000000000001
representation,qwen3.8-27b,SC_V_CONTRAST,aiops2022,False,74,0.006756756756756757,74,0.0,74,0.013513513513513514,74,0.013513513513513514,74,0.009009009009009009,74,0.010810810810810811
representation,qwen3.8-27b,SC_V_CONTRAST,aiops2022,True,26,0.5282051282051282,26,0.3076923076923077,26,0.7307692307692307,26,0.8076923076923077,26,0.5769230769230769,26,0.6538461538461539
representation,qwen3.8-27b,SC_V_CONTRAST,aiops2025,False,59,0.01694915254237288,59,0.01694915254237288,59,0.01694915254237288,59,0.01694915254237288,59,0.01694915254237288,59,0.01694915254237288
representation,qwen3.8-27b,SC_V_CONTRAST,aiops2025,True,39,0.5038461538461538,39,0.3333333333333333,39,0.6410256410256411,39,0.7692307692307693,39,0.5128205128205128,39,0.6051282051282052
representation,qwen3.8-27b,SC_V_CONTRAST,re2_ob,False,7,0.047619047619047616,7,0.0,7,0.14285714285714285,7,0.14285714285714285,7,0.047619047619047616,7,0.08571428571428572
representation,qwen3.8-27b,SC_V_CONTRAST,re2_ob,True,83,0.7941767068273093,83,0.6506024096385542,83,0.963855421686747,83,0.9759036144578314,83,0.8273092369477912,83,0.8867469879518072
representation,qwen3.8-27b,SC_V_CONTRAST,re2_tt,False,25,0.06333333333333332,25,0.04,25,0.08,25,0.12,25,0.05333333333333333,25,0.08
representation,qwen3.8-27b,SC_V_CONTRAST,re2_tt,True,64,0.7317708333333334,64,0.578125,64,0.921875,64,0.953125,64,0.7552083333333334,64,0.834375
representation,qwen3.8-27b,SC_V_STANDARD,aegislab,False,42,0.11706349206349205,42,0.047619047619047616,42,0.19047619047619047,42,0.21428571428571427,42,0.12698412698412698,42,0.1619047619047619
representation,qwen3.8-27b,SC_V_STANDARD,aegislab,True,56,0.5958333333333333,56,0.42857142857142855,56,0.75,56,0.8392857142857143,56,0.6130952380952381,56,0.7000000000000001
representation,qwen3.8-27b,SC_V_STANDARD,aiops2022,False,66,0.014141414141414142,66,0.0,66,0.015151515151515152,66,0.06060606060606061,66,0.00505050505050505,66,0.01818181818181818
representation,qwen3.8-27b,SC_V_STANDARD,aiops2022,True,33,0.39494949494949494,33,0.2727272727272727,33,0.45454545454545453,33,0.6060606060606061,33,0.3838383838383838,33,0.4666666666666667
representation,qwen3.8-27b,SC_V_STANDARD,aiops2025,False,62,0.04301075268817204,62,0.016129032258064516,62,0.06451612903225806,62,0.0967741935483871,62,0.03763440860215053,62,0.06129032258064516
representation,qwen3.8-27b,SC_V_STANDARD,aiops2025,True,37,0.4216216216216216,37,0.24324324324324326,37,0.5675675675675675,37,0.7027027027027027,37,0.43243243243243246,37,0.5243243243243243
representation,qwen3.8-27b,SC_V_STANDARD,re2_ob,False,11,0.45454545454545453,11,0.2727272727272727,11,0.7272727272727273,11,0.7272727272727273,11,0.4848484848484848,11,0.5818181818181819
representation,qwen3.8-27b,SC_V_STANDARD,re2_ob,True,79,0.818565400843882,79,0.6962025316455697,79,0.9493670886075949,79,0.9746835443037974,79,0.8438818565400844,79,0.8962025316455696
representation,qwen3.8-27b,SC_V_STANDARD,re2_tt,False,22,0.12878787878787878,22,0.09090909090909091,22,0.13636363636363635,22,0.22727272727272727,22,0.10606060606060606,22,0.15454545454545454
representation,qwen3.8-27b,SC_V_STANDARD,re2_tt,True,68,0.7316176470588235,68,0.5882352941176471,68,0.8823529411764706,68,0.9264705882352942,68,0.7549019607843137,68,0.8235294117647058
representation,qwen3.8-27b,SIRCL_TEXT,aegislab,False,51,0.10294117647058823,51,0.0,51,0.23529411764705882,51,0.2549019607843137,51,0.11764705882352941,51,0.17254901960784316
representation,qwen3.8-27b,SIRCL_TEXT,aegislab,True,49,0.7551020408163265,49,0.6326530612244898,49,0.8979591836734694,49,0.8979591836734694,49,0.7891156462585034,49,0.8326530612244898
representation,qwen3.8-27b,SIRCL_TEXT,aiops2022,False,56,0.07857142857142856,56,0.0,56,0.17857142857142858,56,0.21428571428571427,56,0.08333333333333333,56,0.1285714285714286
representation,qwen3.8-27b,SIRCL_TEXT,aiops2022,True,44,0.5670454545454545,44,0.4772727272727273,44,0.6590909090909091,44,0.7045454545454546,44,0.5757575757575757,44,0.6227272727272727
representation,qwen3.8-27b,SIRCL_TEXT,aiops2025,False,63,0.041005291005291,63,0.0,63,0.09523809523809523,63,0.1111111111111111,63,0.042328042328042326,63,0.06984126984126984
representation,qwen3.8-27b,SIRCL_TEXT,aiops2025,True,36,0.6828703703703703,36,0.6388888888888888,36,0.7222222222222222,36,0.75,36,0.6851851851851852,36,0.7111111111111111
representation,qwen3.8-27b,SIRCL_TEXT,re2_ob,False,7,0.42857142857142855,7,0.0,7,1.0,7,1.0,7,0.5238095238095238,7,0.7142857142857143
representation,qwen3.8-27b,SIRCL_TEXT,re2_ob,True,82,0.9613821138211381,82,0.9390243902439024,82,1.0,82,1.0,82,0.9634146341463414,82,0.9780487804878049
representation,qwen3.8-27b,SIRCL_TEXT,re2_tt,False,10,0.25,10,0.0,10,0.5,10,0.5,10,0.3333333333333333,10,0.4
representation,qwen3.8-27b,SIRCL_TEXT,re2_tt,True,79,0.9472573839662447,79,0.8987341772151899,79,1.0,79,1.0,79,0.9620253164556962,79,0.9772151898734177
representation,qwen3.8-27b,T,aegislab,False,36,0.0787037037037037,36,0.0,36,0.16666666666666666,36,0.16666666666666666,36,0.10185185185185185,36,0.1277777777777778
representation,qwen3.8-27b,T,aegislab,True,64,0.6484375,64,0.484375,64,0.84375,64,0.875,64,0.6770833333333334,64,0.75625
representation,qwen3.8-27b,T,aiops2022,False,63,0.018518518518518517,63,0.0,63,0.047619047619047616,63,0.047619047619047616,63,0.021164021164021163,63,0.031746031746031744
representation,qwen3.8-27b,T,aiops2022,True,36,0.6365740740740741,36,0.5,36,0.8055555555555556,36,0.8333333333333334,36,0.6574074074074074,36,0.7277777777777777
representation,qwen3.8-27b,T,aiops2025,False,52,0.026282051282051282,52,0.0,52,0.057692307692307696,52,0.07692307692307693,52,0.02564102564102564,52,0.04230769230769231
representation,qwen3.8-27b,T,aiops2025,True,48,0.3958333333333333,48,0.20833333333333334,48,0.625,48,0.6666666666666666,48,0.4236111111111111,48,0.5208333333333334
representation,qwen3.8-27b,T,re2_ob,False,2,0.0,2,0.0,2,0.0,2,0.0,2,0.0,2,0.0
representation,qwen3.8-27b,T,re2_ob,True,87,0.8519157088122604,87,0.7471264367816092,87,0.9770114942528736,87,1.0,87,0.8697318007662835,87,0.9195402298850575
representation,qwen3.8-27b,T,re2_tt,False,10,0.05833333333333333,10,0.0,10,0.1,10,0.2,10,0.03333333333333333,10,0.1
representation,qwen3.8-27b,T,re2_tt,True,80,0.8833333333333334,80,0.825,80,0.9625,80,0.9625,80,0.8958333333333334,80,0.9225
representation,qwen3.8-27b,TPV,aegislab,False,26,0.041666666666666664,26,0.0,26,0.07692307692307693,26,0.11538461538461539,26,0.038461538461538464,26,0.06923076923076923
representation,qwen3.8-27b,TPV,aegislab,True,74,0.7027027027027027,74,0.5540540540540541,74,0.8783783783783784,74,0.8783783783783784,74,0.7432432432432432,74,0.7972972972972973
representation,qwen3.8-27b,TPV,aiops2022,False,59,0.01327683615819209,59,0.0,59,0.01694915254237288,59,0.05084745762711865,59,0.005649717514124294,59,0.020338983050847456
representation,qwen3.8-27b,TPV,aiops2022,True,40,0.7,40,0.55,40,0.875,40,0.875,40,0.7416666666666667,40,0.795
representation,qwen3.8-27b,TPV,aiops2025,False,56,0.023809523809523808,56,0.0,56,0.05357142857142857,56,0.05357142857142857,56,0.02976190476190476,56,0.03928571428571429
representation,qwen3.8-27b,TPV,aiops2025,True,44,0.7348484848484849,44,0.6363636363636364,44,0.8636363636363636,44,0.8636363636363636,44,0.7575757575757577,44,0.8
representation,qwen3.8-27b,TPV,re2_ob,False,2,0.16666666666666666,2,0.0,2,0.5,2,0.5,2,0.16666666666666666,2,0.3
representation,qwen3.8-27b,TPV,re2_ob,True,86,0.9525193798449613,86,0.9302325581395349,86,0.9767441860465116,86,0.9883720930232558,86,0.9534883720930233,86,0.9674418604651163
representation,qwen3.8-27b,TPV,re2_tt,False,8,0.10416666666666666,8,0.0,8,0.25,8,0.25,8,0.12499999999999999,8,0.175
representation,qwen3.8-27b,TPV,re2_tt,True,79,0.9345991561181434,79,0.8734177215189873,79,1.0,79,1.0,79,0.9535864978902953,79,0.9721518987341772
selection,gemma-4-26b-a4b,P0_CAL,aegislab,False,34,0.0,34,0.0,34,0.0,34,0.0,34,0.0,34,0.0
selection,gemma-4-26b-a4b,P0_CAL,aegislab,True,66,0.6060606060606061,66,0.6060606060606061,66,0.6060606060606061,66,0.6060606060606061,66,0.6060606060606061,66,0.6060606060606061
selection,gemma-4-26b-a4b,P0_CAL,aiops2022,False,49,0.0,49,0.0,49,0.0,49,0.0,49,0.0,49,0.0
selection,gemma-4-26b-a4b,P0_CAL,aiops2022,True,51,0.43137254901960786,51,0.43137254901960786,51,0.43137254901960786,51,0.43137254901960786,51,0.43137254901960786,51,0.43137254901960786
selection,gemma-4-26b-a4b,P0_CAL,aiops2025,False,54,0.0,54,0.0,54,0.0,54,0.0,54,0.0,54,0.0
selection,gemma-4-26b-a4b,P0_CAL,aiops2025,True,46,0.45652173913043476,46,0.45652173913043476,46,0.45652173913043476,46,0.45652173913043476,46,0.45652173913043476,46,0.45652173913043476
selection,gemma-4-26b-a4b,P0_CAL,re2_ob,False,1,0.0,1,0.0,1,0.0,1,0.0,1,0.0,1,0.0
selection,gemma-4-26b-a4b,P0_CAL,re2_ob,True,89,0.9101123595505618,89,0.9101123595505618,89,0.9101123595505618,89,0.9101123595505618,89,0.9101123595505618,89,0.9101123595505618
selection,gemma-4-26b-a4b,P0_CAL,re2_tt,False,7,0.0,7,0.0,7,0.0,7,0.0,7,0.0,7,0.0
selection,gemma-4-26b-a4b,P0_CAL,re2_tt,True,83,0.7951807228915663,83,0.7951807228915663,83,0.7951807228915663,83,0.7951807228915663,83,0.7951807228915663,83,0.7951807228915663
selection,gemma-4-26b-a4b,P0_MORE,aegislab,False,56,0.0,56,0.0,56,0.0,56,0.0,56,0.0,56,0.0
selection,gemma-4-26b-a4b,P0_MORE,aegislab,True,44,0.6818181818181818,44,0.6818181818181818,44,0.6818181818181818,44,0.6818181818181818,44,0.6818181818181818,44,0.6818181818181818
selection,gemma-4-26b-a4b,P0_MORE,aiops2022,False,68,0.0,68,0.0,68,0.0,68,0.0,68,0.0,68,0.0
selection,gemma-4-26b-a4b,P0_MORE,aiops2022,True,32,0.53125,32,0.53125,32,0.53125,32,0.53125,32,0.53125,32,0.53125
selection,gemma-4-26b-a4b,P0_MORE,aiops2025,False,66,0.0,66,0.0,66,0.0,66,0.0,66,0.0,66,0.0
selection,gemma-4-26b-a4b,P0_MORE,aiops2025,True,34,0.2647058823529412,34,0.2647058823529412,34,0.2647058823529412,34,0.2647058823529412,34,0.2647058823529412,34,0.2647058823529412
selection,gemma-4-26b-a4b,P0_MORE,re2_ob,False,2,0.0,2,0.0,2,0.0,2,0.0,2,0.0,2,0.0
selection,gemma-4-26b-a4b,P0_MORE,re2_ob,True,88,0.8068181818181818,88,0.8068181818181818,88,0.8068181818181818,88,0.8068181818181818,88,0.8068181818181818,88,0.8068181818181818
selection,gemma-4-26b-a4b,P0_MORE,re2_tt,False,9,0.0,9,0.0,9,0.0,9,0.0,9,0.0,9,0.0
selection,gemma-4-26b-a4b,P0_MORE,re2_tt,True,81,0.7037037037037037,81,0.7037037037037037,81,0.7037037037037037,81,0.7037037037037037,81,0.7037037037037037,81,0.7037037037037037
selection,gemma-4-26b-a4b,SC_COVER,aegislab,False,35,0.0,35,0.0,35,0.0,35,0.0,35,0.0,35,0.0
selection,gemma-4-26b-a4b,SC_COVER,aegislab,True,65,0.6153846153846154,65,0.6153846153846154,65,0.6153846153846154,65,0.6153846153846154,65,0.6153846153846154,65,0.6153846153846154
selection,gemma-4-26b-a4b,SC_COVER,aiops2022,False,56,0.0,56,0.0,56,0.0,56,0.0,56,0.0,56,0.0
selection,gemma-4-26b-a4b,SC_COVER,aiops2022,True,44,0.5681818181818182,44,0.5681818181818182,44,0.5681818181818182,44,0.5681818181818182,44,0.5681818181818182,44,0.5681818181818182
selection,gemma-4-26b-a4b,SC_COVER,aiops2025,False,45,0.0,45,0.0,45,0.0,45,0.0,45,0.0,45,0.0
selection,gemma-4-26b-a4b,SC_COVER,aiops2025,True,55,0.4,55,0.4,55,0.4,55,0.4,55,0.4,55,0.4
selection,gemma-4-26b-a4b,SC_COVER,re2_ob,False,2,0.0,2,0.0,2,0.0,2,0.0,2,0.0,2,0.0
selection,gemma-4-26b-a4b,SC_COVER,re2_ob,True,88,0.8522727272727273,88,0.8522727272727273,88,0.8522727272727273,88,0.8522727272727273,88,0.8522727272727273,88,0.8522727272727273
selection,gemma-4-26b-a4b,SC_COVER,re2_tt,False,4,0.0,4,0.0,4,0.0,4,0.0,4,0.0,4,0.0
selection,gemma-4-26b-a4b,SC_COVER,re2_tt,True,86,0.7790697674418605,86,0.7790697674418605,86,0.7790697674418605,86,0.7790697674418605,86,0.7790697674418605,86,0.7790697674418605
selection,gemma-4-26b-a4b,SC_FULL,aegislab,False,31,0.0,31,0.0,31,0.0,31,0.0,31,0.0,31,0.0
selection,gemma-4-26b-a4b,SC_FULL,aegislab,True,69,0.5942028985507246,69,0.5942028985507246,69,0.5942028985507246,69,0.5942028985507246,69,0.5942028985507246,69,0.5942028985507246
selection,gemma-4-26b-a4b,SC_FULL,aiops2022,False,54,0.0,54,0.0,54,0.0,54,0.0,54,0.0,54,0.0
selection,gemma-4-26b-a4b,SC_FULL,aiops2022,True,46,0.4782608695652174,46,0.4782608695652174,46,0.4782608695652174,46,0.4782608695652174,46,0.4782608695652174,46,0.4782608695652174
selection,gemma-4-26b-a4b,SC_FULL,aiops2025,False,51,0.0,51,0.0,51,0.0,51,0.0,51,0.0,51,0.0
selection,gemma-4-26b-a4b,SC_FULL,aiops2025,True,49,0.21428571428571427,49,0.20408163265306123,49,0.22448979591836735,49,0.22448979591836735,49,0.21768707482993196,49,0.22040816326530613
selection,gemma-4-26b-a4b,SC_FULL,re2_ob,False,2,0.0,2,0.0,2,0.0,2,0.0,2,0.0,2,0.0
selection,gemma-4-26b-a4b,SC_FULL,re2_ob,True,88,0.8977272727272727,88,0.8977272727272727,88,0.8977272727272727,88,0.8977272727272727,88,0.8977272727272727,88,0.8977272727272727
selection,gemma-4-26b-a4b,SC_FULL,re2_tt,False,10,0.0,10,0.0,10,0.0,10,0.0,10,0.0,10,0.0
selection,gemma-4-26b-a4b,SC_FULL,re2_tt,True,80,0.775,80,0.775,80,0.775,80,0.775,80,0.775,80,0.775
selection,gemma-4-26b-a4b,SC_MORE,aegislab,False,33,0.0,33,0.0,33,0.0,33,0.0,33,0.0,33,0.0
selection,gemma-4-26b-a4b,SC_MORE,aegislab,True,67,0.664179104477612,67,0.6567164179104478,67,0.6716417910447762,67,0.6716417910447762,67,0.6666666666666666,67,0.6686567164179104
selection,gemma-4-26b-a4b,SC_MORE,aiops2022,False,54,0.0,54,0.0,54,0.0,54,0.0,54,0.0,54,0.0
selection,gemma-4-26b-a4b,SC_MORE,aiops2022,True,46,0.5,46,0.5,46,0.5,46,0.5,46,0.5,46,0.5
selection,gemma-4-26b-a4b,SC_MORE,aiops2025,False,48,0.0,48,0.0,48,0.0,48,0.0,48,0.0,48,0.0
selection,gemma-4-26b-a4b,SC_MORE,aiops2025,True,52,0.3269230769230769,52,0.3269230769230769,52,0.3269230769230769,52,0.3269230769230769,52,0.3269230769230769,52,0.3269230769230769
selection,gemma-4-26b-a4b,SC_MORE,re2_ob,False,1,0.0,1,0.0,1,0.0,1,0.0,1,0.0,1,0.0
selection,gemma-4-26b-a4b,SC_MORE,re2_ob,True,89,0.8876404494382022,89,0.8876404494382022,89,0.8876404494382022,89,0.8876404494382022,89,0.8876404494382022,89,0.8876404494382022
selection,gemma-4-26b-a4b,SC_MORE,re2_tt,False,7,0.0,7,0.0,7,0.0,7,0.0,7,0.0,7,0.0
selection,gemma-4-26b-a4b,SC_MORE,re2_tt,True,83,0.7614457831325302,83,0.7590361445783133,83,0.7590361445783133,83,0.7710843373493976,83,0.7590361445783133,83,0.7614457831325302
selection,gemma-4-26b-a4b,SC_NO_BACKBONE,aegislab,False,40,0.0,40,0.0,40,0.0,40,0.0,40,0.0,40,0.0
selection,gemma-4-26b-a4b,SC_NO_BACKBONE,aegislab,True,60,0.5333333333333333,60,0.5333333333333333,60,0.5333333333333333,60,0.5333333333333333,60,0.5333333333333333,60,0.5333333333333333
selection,gemma-4-26b-a4b,SC_NO_BACKBONE,aiops2022,False,64,0.0,64,0.0,64,0.0,64,0.0,64,0.0,64,0.0
selection,gemma-4-26b-a4b,SC_NO_BACKBONE,aiops2022,True,36,0.5,36,0.5,36,0.5,36,0.5,36,0.5,36,0.5
selection,gemma-4-26b-a4b,SC_NO_BACKBONE,aiops2025,False,50,0.0,50,0.0,50,0.0,50,0.0,50,0.0,50,0.0
selection,gemma-4-26b-a4b,SC_NO_BACKBONE,aiops2025,True,50,0.24,50,0.24,50,0.24,50,0.24,50,0.24,50,0.24
selection,gemma-4-26b-a4b,SC_NO_BACKBONE,re2_ob,False,2,0.0,2,0.0,2,0.0,2,0.0,2,0.0,2,0.0
selection,gemma-4-26b-a4b,SC_NO_BACKBONE,re2_ob,True,88,0.8068181818181818,88,0.8068181818181818,88,0.8068181818181818,88,0.8068181818181818,88,0.8068181818181818,88,0.8068181818181818
selection,gemma-4-26b-a4b,SC_NO_BACKBONE,re2_tt,False,10,0.0,10,0.0,10,0.0,10,0.0,10,0.0,10,0.0
selection,gemma-4-26b-a4b,SC_NO_BACKBONE,re2_tt,True,80,0.725,80,0.725,80,0.725,80,0.725,80,0.725,80,0.725
selection,gemma-4-26b-a4b,SC_NO_STRATA,aegislab,False,37,0.0,37,0.0,37,0.0,37,0.0,37,0.0,37,0.0
selection,gemma-4-26b-a4b,SC_NO_STRATA,aegislab,True,63,0.6984126984126984,63,0.6984126984126984,63,0.6984126984126984,63,0.6984126984126984,63,0.6984126984126984,63,0.6984126984126984
selection,gemma-4-26b-a4b,SC_NO_STRATA,aiops2022,False,54,0.0,54,0.0,54,0.0,54,0.0,54,0.0,54,0.0
selection,gemma-4-26b-a4b,SC_NO_STRATA,aiops2022,True,46,0.5434782608695652,46,0.5434782608695652,46,0.5434782608695652,46,0.5434782608695652,46,0.5434782608695652,46,0.5434782608695652
selection,gemma-4-26b-a4b,SC_NO_STRATA,aiops2025,False,54,0.0,54,0.0,54,0.0,54,0.0,54,0.0,54,0.0
selection,gemma-4-26b-a4b,SC_NO_STRATA,aiops2025,True,46,0.3695652173913043,46,0.3695652173913043,46,0.3695652173913043,46,0.3695652173913043,46,0.3695652173913043,46,0.3695652173913043
selection,gemma-4-26b-a4b,SC_NO_STRATA,re2_ob,False,1,0.0,1,0.0,1,0.0,1,0.0,1,0.0,1,0.0
selection,gemma-4-26b-a4b,SC_NO_STRATA,re2_ob,True,89,0.8651685393258427,89,0.8651685393258427,89,0.8651685393258427,89,0.8651685393258427,89,0.8651685393258427,89,0.8651685393258427
selection,gemma-4-26b-a4b,SC_NO_STRATA,re2_tt,False,12,0.0,12,0.0,12,0.0,12,0.0,12,0.0,12,0.0
selection,gemma-4-26b-a4b,SC_NO_STRATA,re2_tt,True,78,0.7307692307692307,78,0.7307692307692307,78,0.7307692307692307,78,0.7307692307692307,78,0.7307692307692307,78,0.7307692307692307
selection,gemma-4-26b-a4b,SC_STRICT_PAIR,aegislab,False,31,0.0,31,0.0,31,0.0,31,0.0,31,0.0,31,0.0
selection,gemma-4-26b-a4b,SC_STRICT_PAIR,aegislab,True,69,0.5362318840579711,69,0.5362318840579711,69,0.5362318840579711,69,0.5362318840579711,69,0.5362318840579711,69,0.5362318840579711
selection,gemma-4-26b-a4b,SC_STRICT_PAIR,aiops2022,False,52,0.0,52,0.0,52,0.0,52,0.0,52,0.0,52,0.0
selection,gemma-4-26b-a4b,SC_STRICT_PAIR,aiops2022,True,48,0.4791666666666667,48,0.4791666666666667,48,0.4791666666666667,48,0.4791666666666667,48,0.4791666666666667,48,0.4791666666666667
selection,gemma-4-26b-a4b,SC_STRICT_PAIR,aiops2025,False,47,0.0,47,0.0,47,0.0,47,0.0,47,0.0,47,0.0
selection,gemma-4-26b-a4b,SC_STRICT_PAIR,aiops2025,True,53,0.5094339622641509,53,0.5094339622641509,53,0.5094339622641509,53,0.5094339622641509,53,0.5094339622641509,53,0.5094339622641509
selection,gemma-4-26b-a4b,SC_STRICT_PAIR,re2_ob,True,90,0.8888888888888888,90,0.8888888888888888,90,0.8888888888888888,90,0.8888888888888888,90,0.8888888888888888,90,0.8888888888888888
selection,gemma-4-26b-a4b,SC_STRICT_PAIR,re2_tt,False,9,0.0,9,0.0,9,0.0,9,0.0,9,0.0,9,0.0
selection,gemma-4-26b-a4b,SC_STRICT_PAIR,re2_tt,True,81,0.7654320987654321,81,0.7654320987654321,81,0.7654320987654321,81,0.7654320987654321,81,0.7654320987654321,81,0.7654320987654321
selection,gemma-4-26b-a4b,X_ALIGNED,aegislab,False,51,0.0,51,0.0,51,0.0,51,0.0,51,0.0,51,0.0
selection,gemma-4-26b-a4b,X_ALIGNED,aegislab,True,49,0.5714285714285714,49,0.5714285714285714,49,0.5714285714285714,49,0.5714285714285714,49,0.5714285714285714,49,0.5714285714285714
selection,gemma-4-26b-a4b,X_ALIGNED,aiops2022,False,75,0.0,75,0.0,75,0.0,75,0.0,75,0.0,75,0.0
selection,gemma-4-26b-a4b,X_ALIGNED,aiops2022,True,25,0.64,25,0.64,25,0.64,25,0.64,25,0.64,25,0.64
selection,gemma-4-26b-a4b,X_ALIGNED,aiops2025,False,57,0.0,57,0.0,57,0.0,57,0.0,57,0.0,57,0.0
selection,gemma-4-26b-a4b,X_ALIGNED,aiops2025,True,43,0.5116279069767442,43,0.5116279069767442,43,0.5116279069767442,43,0.5116279069767442,43,0.5116279069767442,43,0.5116279069767442
selection,gemma-4-26b-a4b,X_ALIGNED,re2_ob,False,10,0.0,10,0.0,10,0.0,10,0.0,10,0.0,10,0.0
selection,gemma-4-26b-a4b,X_ALIGNED,re2_ob,True,80,0.6875,80,0.6875,80,0.6875,80,0.6875,80,0.6875,80,0.6875
selection,gemma-4-26b-a4b,X_ALIGNED,re2_tt,False,12,0.0,12,0.0,12,0.0,12,0.0,12,0.0,12,0.0
selection,gemma-4-26b-a4b,X_ALIGNED,re2_tt,True,78,0.8525641025641025,78,0.8461538461538461,78,0.8589743589743589,78,0.8589743589743589,78,0.8547008547008548,78,0.8564102564102564
selection,gemma-4-26b-a4b,X_NATIVE_CAL,aegislab,False,50,0.0,50,0.0,50,0.0,50,0.0,50,0.0,50,0.0
selection,gemma-4-26b-a4b,X_NATIVE_CAL,aegislab,True,50,0.59,50,0.58,50,0.6,50,0.6,50,0.5933333333333334,50,0.596
selection,gemma-4-26b-a4b,X_NATIVE_CAL,aiops2022,False,75,0.0,75,0.0,75,0.0,75,0.0,75,0.0,75,0.0
selection,gemma-4-26b-a4b,X_NATIVE_CAL,aiops2022,True,25,0.56,25,0.56,25,0.56,25,0.56,25,0.56,25,0.56
selection,gemma-4-26b-a4b,X_NATIVE_CAL,aiops2025,False,56,0.0035714285714285718,56,0.0,56,0.0,56,0.017857142857142856,56,0.0,56,0.0035714285714285718
selection,gemma-4-26b-a4b,X_NATIVE_CAL,aiops2025,True,44,0.6136363636363636,44,0.6136363636363636,44,0.6136363636363636,44,0.6136363636363636,44,0.6136363636363636,44,0.6136363636363636
selection,gemma-4-26b-a4b,X_NATIVE_CAL,re2_ob,False,10,0.0,10,0.0,10,0.0,10,0.0,10,0.0,10,0.0
selection,gemma-4-26b-a4b,X_NATIVE_CAL,re2_ob,True,80,0.7125,80,0.7125,80,0.7125,80,0.7125,80,0.7125,80,0.7125
selection,gemma-4-26b-a4b,X_NATIVE_CAL,re2_tt,False,9,0.0,9,0.0,9,0.0,9,0.0,9,0.0,9,0.0
selection,gemma-4-26b-a4b,X_NATIVE_CAL,re2_tt,True,81,0.9012345679012346,81,0.9012345679012346,81,0.9012345679012346,81,0.9012345679012346,81,0.9012345679012346,81,0.9012345679012346
selection,qwen3.8-27b,P0_CAL,aegislab,False,38,0.05701754385964912,38,0.0,38,0.10526315789473684,38,0.15789473684210525,38,0.05263157894736842,38,0.09473684210526316
selection,qwen3.8-27b,P0_CAL,aegislab,True,61,0.6010928961748634,61,0.4262295081967213,61,0.7868852459016393,61,0.8524590163934426,61,0.6229508196721312,61,0.7147540983606557
selection,qwen3.8-27b,P0_CAL,aiops2022,False,61,0.031420765027322405,61,0.0,61,0.04918032786885246,61,0.09836065573770492,61,0.02185792349726776,61,0.05245901639344262
selection,qwen3.8-27b,P0_CAL,aiops2022,True,39,0.6448717948717948,39,0.5128205128205128,39,0.7435897435897436,39,0.8205128205128205,39,0.6666666666666666,39,0.717948717948718
selection,qwen3.8-27b,P0_CAL,aiops2025,False,54,0.03148148148148148,54,0.0,54,0.037037037037037035,54,0.09259259259259259,54,0.024691358024691357,54,0.04814814814814815
selection,qwen3.8-27b,P0_CAL,aiops2025,True,46,0.5731884057971015,46,0.391304347826087,46,0.7608695652173914,46,0.8695652173913043,46,0.5797101449275361,46,0.691304347826087
selection,qwen3.8-27b,P0_CAL,re2_ob,False,2,0.225,2,0.0,2,0.0,2,1.0,2,0.0,2,0.30000000000000004
selection,qwen3.8-27b,P0_CAL,re2_ob,True,86,0.8488372093023255,86,0.7441860465116279,86,0.9651162790697675,86,0.9883720930232558,86,0.868217054263566,86,0.9162790697674418
selection,qwen3.8-27b,P0_CAL,re2_tt,False,10,0.03333333333333333,10,0.0,10,0.1,10,0.1,10,0.03333333333333333,10,0.06
selection,qwen3.8-27b,P0_CAL,re2_tt,True,78,0.8155982905982906,78,0.717948717948718,78,0.9230769230769231,78,0.9487179487179487,78,0.8333333333333334,78,0.876923076923077
selection,qwen3.8-27b,P0_MORE,aegislab,False,41,0.04349593495934959,41,0.0,41,0.024390243902439025,41,0.17073170731707318,41,0.008130081300813007,41,0.06829268292682927
selection,qwen3.8-27b,P0_MORE,aegislab,True,58,0.585344827586207,58,0.3793103448275862,58,0.7931034482758621,58,0.8620689655172413,58,0.6206896551724138,58,0.7137931034482758
selection,qwen3.8-27b,P0_MORE,aiops2022,False,64,0.030989583333333334,64,0.0,64,0.03125,64,0.109375,64,0.015624999999999998,64,0.046875
selection,qwen3.8-27b,P0_MORE,aiops2022,True,35,0.6438095238095237,35,0.4857142857142857,35,0.8,35,0.8285714285714286,35,0.6857142857142857,35,0.7371428571428572
selection,qwen3.8-27b,P0_MORE,aiops2025,False,60,0.021944444444444444,60,0.0,60,0.03333333333333333,60,0.08333333333333333,60,0.01111111111111111,60,0.03333333333333333
selection,qwen3.8-27b,P0_MORE,aiops2025,True,40,0.5662499999999999,40,0.4,40,0.75,40,0.875,40,0.5583333333333333,40,0.675
selection,qwen3.8-27b,P0_MORE,re2_ob,False,5,0.15666666666666668,5,0.0,5,0.2,5,0.6,5,0.06666666666666667,5,0.24
selection,qwen3.8-27b,P0_MORE,re2_ob,True,85,0.8745098039215685,85,0.788235294117647,85,0.9764705882352941,85,1.0,85,0.8862745098039215,85,0.9317647058823529
selection,qwen3.8-27b,P0_MORE,re2_tt,False,9,0.05555555555555555,9,0.0,9,0.1111111111111111,9,0.1111111111111111,9,0.07407407407407407,9,0.08888888888888889
selection,qwen3.8-27b,P0_MORE,re2_tt,True,81,0.8045267489711935,81,0.691358024691358,81,0.9259259259259259,81,0.9753086419753086,81,0.8148148148148148,81,0.8790123456790124
selection,qwen3.8-27b,SC_COVER,aegislab,False,37,0.05630630630630631,37,0.0,37,0.02702702702702703,37,0.21621621621621623,37,0.009009009009009009,37,0.0918918918918919
selection,qwen3.8-27b,SC_COVER,aegislab,True,63,0.53994708994709,63,0.38095238095238093,63,0.6666666666666666,63,0.8253968253968254,63,0.5291005291005292,63,0.6380952380952382
selection,qwen3.8-27b,SC_COVER,aiops2022,False,58,0.018678160919540228,58,0.0,58,0.017241379310344827,58,0.06896551724137931,58,0.005747126436781609,58,0.03103448275862069
selection,qwen3.8-27b,SC_COVER,aiops2022,True,41,0.5963414634146341,41,0.4634146341463415,41,0.6829268292682927,41,0.7804878048780488,41,0.6097560975609756,41,0.6731707317073171
selection,qwen3.8-27b,SC_COVER,aiops2025,False,55,0.03787878787878787,55,0.0,55,0.07272727272727272,55,0.12727272727272726,55,0.024242424242424242,55,0.06545454545454546
selection,qwen3.8-27b,SC_COVER,aiops2025,True,45,0.557037037037037,45,0.4,45,0.7333333333333333,45,0.8222222222222222,45,0.5629629629629629,45,0.6577777777777778
selection,qwen3.8-27b,SC_COVER,re2_ob,True,88,0.8219696969696969,88,0.7045454545454546,88,0.9431818181818182,88,0.9886363636363636,88,0.8371212121212122,88,0.8977272727272727
selection,qwen3.8-27b,SC_COVER,re2_tt,False,5,0.11666666666666665,5,0.0,5,0.2,5,0.4,5,0.06666666666666667,5,0.2
selection,qwen3.8-27b,SC_COVER,re2_tt,True,85,0.8107843137254902,85,0.7058823529411765,85,0.9294117647058824,85,0.9647058823529412,85,0.8235294117647058,85,0.88
selection,qwen3.8-27b,SC_FULL,aegislab,False,29,0.017241379310344827,29,0.0,29,0.0,29,0.06896551724137931,29,0.0,29,0.027586206896551727
selection,qwen3.8-27b,SC_FULL,aegislab,True,71,0.557981220657277,71,0.38028169014084506,71,0.7183098591549296,71,0.8309859154929577,71,0.568075117370892,71,0.6704225352112676
selection,qwen3.8-27b,SC_FULL,aiops2022,False,56,0.004464285714285714,56,0.0,56,0.0,56,0.017857142857142856,56,0.0,56,0.0071428571428571435
selection,qwen3.8-27b,SC_FULL,aiops2022,True,42,0.621031746031746,42,0.5,42,0.7142857142857143,42,0.7857142857142857,42,0.634920634920635,42,0.6952380952380952
selection,qwen3.8-27b,SC_FULL,aiops2025,False,44,0.026893939393939394,44,0.0,44,0.022727272727272728,44,0.11363636363636363,44,0.007575757575757575,44,0.03636363636363637
selection,qwen3.8-27b,SC_FULL,aiops2025,True,53,0.5735849056603773,53,0.4339622641509434,53,0.7547169811320755,53,0.8301886792452831,53,0.5723270440251572,53,0.6679245283018868
selection,qwen3.8-27b,SC_FULL,re2_ob,False,4,0.29166666666666663,4,0.0,4,0.75,4,0.75,4,0.3333333333333333,4,0.5
selection,qwen3.8-27b,SC_FULL,re2_ob,True,86,0.883139534883721,86,0.8023255813953488,86,0.9534883720930233,86,1.0,86,0.8914728682170543,86,0.9325581395348838
selection,qwen3.8-27b,SC_FULL,re2_tt,False,8,0.041666666666666664,8,0.0,8,0.125,8,0.125,8,0.041666666666666664,8,0.075
selection,qwen3.8-27b,SC_FULL,re2_tt,True,81,0.8168724279835392,81,0.7160493827160493,81,0.9382716049382716,81,0.9629629629629629,81,0.831275720164609,81,0.8839506172839505
selection,qwen3.8-27b,SC_MORE,aegislab,False,37,0.07837837837837838,37,0.0,37,0.10810810810810811,37,0.2702702702702703,37,0.04504504504504504,37,0.12432432432432432
selection,qwen3.8-27b,SC_MORE,aegislab,True,63,0.578042328042328,63,0.3968253968253968,63,0.7619047619047619,63,0.8095238095238095,63,0.6137566137566137,63,0.692063492063492
selection,qwen3.8-27b,SC_MORE,aiops2022,False,53,0.010062893081761006,53,0.0,53,0.018867924528301886,53,0.03773584905660377,53,0.006289308176100628,53,0.015094339622641508
selection,qwen3.8-27b,SC_MORE,aiops2022,True,45,0.5748148148148148,45,0.4222222222222222,45,0.7111111111111111,45,0.7777777777777778,45,0.6,45,0.6666666666666666
selection,qwen3.8-27b,SC_MORE,aiops2025,False,46,0.04021739130434783,46,0.0,46,0.06521739130434782,46,0.15217391304347827,46,0.021739130434782608,46,0.0608695652173913
selection,qwen3.8-27b,SC_MORE,aiops2025,True,53,0.569496855345912,53,0.3584905660377358,53,0.7735849056603774,53,0.9245283018867925,53,0.5723270440251572,53,0.7018867924528303
selection,qwen3.8-27b,SC_MORE,re2_ob,False,2,0.225,2,0.0,2,0.0,2,1.0,2,0.0,2,0.30000000000000004
selection,qwen3.8-27b,SC_MORE,re2_ob,True,87,0.8879310344827587,87,0.8160919540229885,87,0.9770114942528736,87,0.9885057471264368,87,0.900383141762452,87,0.935632183908046
selection,qwen3.8-27b,SC_MORE,re2_tt,False,6,0.0,6,0.0,6,0.0,6,0.0,6,0.0,6,0.0
selection,qwen3.8-27b,SC_MORE,re2_tt,True,84,0.8244047619047619,84,0.7261904761904762,84,0.9404761904761905,84,0.9523809523809523,84,0.8452380952380952,84,0.888095238095238
selection,qwen3.8-27b,SC_NO_BACKBONE,aegislab,False,41,0.0475609756097561,41,0.0,41,0.07317073170731707,41,0.17073170731707318,41,0.024390243902439025,41,0.07804878048780488
selection,qwen3.8-27b,SC_NO_BACKBONE,aegislab,True,59,0.53954802259887,59,0.3220338983050847,59,0.7627118644067796,59,0.864406779661017,59,0.559322033898305,59,0.6813559322033899
selection,qwen3.8-27b,SC_NO_BACKBONE,aiops2022,False,64,0.01484375,64,0.0,64,0.0,64,0.0625,64,0.0,64,0.021875000000000002
selection,qwen3.8-27b,SC_NO_BACKBONE,aiops2022,True,35,0.5485714285714286,35,0.37142857142857144,35,0.6857142857142857,35,0.7714285714285715,35,0.5809523809523809,35,0.6514285714285715
selection,qwen3.8-27b,SC_NO_BACKBONE,aiops2025,False,55,0.02727272727272727,55,0.0,55,0.05454545454545454,55,0.09090909090909091,55,0.01818181818181818,55,0.04727272727272727
selection,qwen3.8-27b,SC_NO_BACKBONE,aiops2025,True,43,0.4581395348837209,43,0.3023255813953488,43,0.627906976744186,43,0.6976744186046512,43,0.4728682170542635,43,0.5581395348837209
selection,qwen3.8-27b,SC_NO_BACKBONE,re2_ob,False,3,0.27777777777777773,3,0.0,3,0.6666666666666666,3,0.6666666666666666,3,0.3333333333333333,3,0.4666666666666666
selection,qwen3.8-27b,SC_NO_BACKBONE,re2_ob,True,85,0.8445098039215686,85,0.7529411764705882,85,0.9411764705882353,85,0.9882352941176471,85,0.8509803921568627,85,0.9035294117647058
selection,qwen3.8-27b,SC_NO_BACKBONE,re2_tt,False,9,0.027777777777777776,9,0.0,9,0.0,9,0.1111111111111111,9,0.0,9,0.044444444444444446
selection,qwen3.8-27b,SC_NO_BACKBONE,re2_tt,True,79,0.7974683544303798,79,0.6962025316455697,79,0.9240506329113924,79,0.9493670886075949,79,0.810126582278481,79,0.8658227848101266
selection,qwen3.8-27b,SC_NO_STRATA,aegislab,False,36,0.04953703703703703,36,0.0,36,0.027777777777777776,36,0.19444444444444445,36,0.009259259259259259,36,0.07777777777777778
selection,qwen3.8-27b,SC_NO_STRATA,aegislab,True,64,0.5955729166666667,64,0.40625,64,0.78125,64,0.875,64,0.6145833333333334,64,0.715625
selection,qwen3.8-27b,SC_NO_STRATA,aiops2022,False,50,0.013999999999999999,50,0.0,50,0.02,50,0.04,50,0.013333333333333332,50,0.02
selection,qwen3.8-27b,SC_NO_STRATA,aiops2022,True,49,0.4812925170068027,49,0.3673469387755102,49,0.5510204081632653,49,0.6530612244897959,49,0.4829931972789116,49,0.5510204081632653
selection,qwen3.8-27b,SC_NO_STRATA,aiops2025,False,46,0.04492753623188405,46,0.0,46,0.08695652173913043,46,0.13043478260869565,46,0.04347826086956521,46,0.06956521739130435
selection,qwen3.8-27b,SC_NO_STRATA,aiops2025,True,52,0.5089743589743589,52,0.28846153846153844,52,0.7307692307692307,52,0.8846153846153846,52,0.5128205128205129,52,0.6461538461538462
selection,qwen3.8-27b,SC_NO_STRATA,re2_ob,False,3,0.2611111111111111,3,0.0,3,0.3333333333333333,3,1.0,3,0.1111111111111111,3,0.39999999999999997
selection,qwen3.8-27b,SC_NO_STRATA,re2_ob,True,87,0.8911877394636015,87,0.8045977011494253,87,0.9885057471264368,87,1.0,87,0.9118773946360152,87,0.9448275862068966
selection,qwen3.8-27b,SC_NO_STRATA,re2_tt,False,7,0.03571428571428571,7,0.0,7,0.0,7,0.14285714285714285,7,0.0,7,0.05714285714285715
selection,qwen3.8-27b,SC_NO_STRATA,re2_tt,True,82,0.8357723577235772,82,0.7317073170731707,82,0.9512195121951219,82,0.9878048780487805,82,0.8495934959349594,82,0.9024390243902439
selection,qwen3.8-27b,SC_STRICT_PAIR,aegislab,False,36,0.006944444444444444,36,0.0,36,0.0,36,0.027777777777777776,36,0.0,36,0.011111111111111112
selection,qwen3.8-27b,SC_STRICT_PAIR,aegislab,True,63,0.5679894179894179,63,0.3492063492063492,63,0.7301587301587301,63,0.9206349206349206,63,0.566137566137566,63,0.7047619047619047
selection,qwen3.8-27b,SC_STRICT_PAIR,aiops2022,False,54,0.003703703703703704,54,0.0,54,0.0,54,0.018518518518518517,54,0.0,54,0.003703703703703704
selection,qwen3.8-27b,SC_STRICT_PAIR,aiops2022,True,44,0.5803030303030302,44,0.45454545454545453,44,0.6590909090909091,44,0.7727272727272727,44,0.5833333333333334,44,0.6545454545454545
selection,qwen3.8-27b,SC_STRICT_PAIR,aiops2025,False,48,0.04340277777777777,48,0.0,48,0.10416666666666667,48,0.125,48,0.041666666666666664,48,0.075
selection,qwen3.8-27b,SC_STRICT_PAIR,aiops2025,True,50,0.6033333333333334,50,0.42,50,0.8,50,0.88,50,0.62,50,0.7240000000000001
selection,qwen3.8-27b,SC_STRICT_PAIR,re2_ob,False,2,0.225,2,0.0,2,0.0,2,1.0,2,0.0,2,0.30000000000000004
selection,qwen3.8-27b,SC_STRICT_PAIR,re2_ob,True,88,0.8787878787878788,88,0.7954545454545454,88,0.9659090909090909,88,0.9886363636363636,88,0.893939393939394,88,0.9318181818181818
selection,qwen3.8-27b,SC_STRICT_PAIR,re2_tt,False,5,0.0,5,0.0,5,0.0,5,0.0,5,0.0,5,0.0
selection,qwen3.8-27b,SC_STRICT_PAIR,re2_tt,True,84,0.7906746031746033,84,0.7023809523809523,84,0.8928571428571429,84,0.9285714285714286,84,0.7976190476190477,84,0.8500000000000001
selection,qwen3.8-27b,X_ALIGNED,aegislab,False,47,0.0,47,0.0,47,0.0,47,0.0,47,0.0,47,0.0
selection,qwen3.8-27b,X_ALIGNED,aegislab,True,51,0.6781045751633987,51,0.5686274509803921,51,0.803921568627451,51,0.8235294117647058,51,0.6993464052287581,51,0.7490196078431373
selection,qwen3.8-27b,X_ALIGNED,aiops2022,False,79,0.004219409282700422,79,0.0,79,0.012658227848101266,79,0.012658227848101266,79,0.004219409282700422,79,0.007594936708860759
selection,qwen3.8-27b,X_ALIGNED,aiops2022,True,21,0.5634920634920635,21,0.5238095238095238,21,0.6190476190476191,21,0.6190476190476191,21,0.5714285714285714,21,0.5904761904761905
selection,qwen3.8-27b,X_ALIGNED,aiops2025,False,58,0.008620689655172414,58,0.0,58,0.0,58,0.034482758620689655,58,0.0,58,0.013793103448275864
selection,qwen3.8-27b,X_ALIGNED,aiops2025,True,42,0.6265873015873016,42,0.5,42,0.7619047619047619,42,0.8333333333333334,42,0.634920634920635,42,0.7047619047619048
selection,qwen3.8-27b,X_ALIGNED,re2_ob,False,10,0.08333333333333333,10,0.0,10,0.1,10,0.3,10,0.03333333333333333,10,0.13999999999999999
selection,qwen3.8-27b,X_ALIGNED,re2_ob,True,80,0.75,80,0.65,80,0.8375,80,0.8875,80,0.7625,80,0.8125
selection,qwen3.8-27b,X_ALIGNED,re2_tt,False,6,0.05555555555555555,6,0.0,6,0.16666666666666666,6,0.16666666666666666,6,0.05555555555555555,6,0.09999999999999999
selection,qwen3.8-27b,X_ALIGNED,re2_tt,True,84,0.9017857142857143,84,0.8452380952380952,84,0.9642857142857143,84,0.9761904761904762,84,0.9126984126984128,84,0.9380952380952381
selection,qwen3.8-27b,X_NATIVE_CAL,aegislab,False,37,0.02927927927927928,37,0.0,37,0.02702702702702703,37,0.10810810810810811,37,0.009009009009009009,37,0.04864864864864865
selection,qwen3.8-27b,X_NATIVE_CAL,aegislab,True,62,0.614247311827957,62,0.46774193548387094,62,0.7741935483870968,62,0.7903225806451613,62,0.6505376344086022,62,0.7064516129032258
selection,qwen3.8-27b,X_NATIVE_CAL,aiops2022,False,73,0.0,73,0.0,73,0.0,73,0.0,73,0.0,73,0.0
selection,qwen3.8-27b,X_NATIVE_CAL,aiops2022,True,26,0.6057692307692307,26,0.5384615384615384,26,0.6538461538461539,26,0.6923076923076923,26,0.6153846153846154,26,0.6461538461538462
selection,qwen3.8-27b,X_NATIVE_CAL,aiops2025,False,49,0.0,49,0.0,49,0.0,49,0.0,49,0.0,49,0.0
selection,qwen3.8-27b,X_NATIVE_CAL,aiops2025,True,50,0.67,50,0.54,50,0.8,50,0.84,50,0.6933333333333332,50,0.752
selection,qwen3.8-27b,X_NATIVE_CAL,re2_ob,False,7,0.03571428571428571,7,0.0,7,0.0,7,0.14285714285714285,7,0.0,7,0.05714285714285715
selection,qwen3.8-27b,X_NATIVE_CAL,re2_ob,True,83,0.7514056224899598,83,0.6506024096385542,83,0.8433734939759037,83,0.9036144578313253,83,0.7590361445783133,83,0.8144578313253011
selection,qwen3.8-27b,X_NATIVE_CAL,re2_tt,False,5,0.05,5,0.0,5,0.0,5,0.2,5,0.0,5,0.08
selection,qwen3.8-27b,X_NATIVE_CAL,re2_tt,True,84,0.9087301587301587,84,0.8571428571428571,84,0.9523809523809523,84,0.9761904761904762,84,0.9166666666666666,84,0.9404761904761905
test,gemma-4-26b-a4b,SC_C_CONTRAST,aegislab,False,35,0.0,35,0.0,35,0.0,35,0.0,35,0.0,35,0.0
test,gemma-4-26b-a4b,SC_C_CONTRAST,aegislab,True,85,0.6941176470588235,85,0.6941176470588235,85,0.6941176470588235,85,0.6941176470588235,85,0.6941176470588235,85,0.6941176470588235
test,gemma-4-26b-a4b,SC_C_CONTRAST,aiops2022,False,64,0.0,64,0.0,64,0.0,64,0.0,64,0.0,64,0.0
test,gemma-4-26b-a4b,SC_C_CONTRAST,aiops2022,True,56,0.4107142857142857,56,0.4107142857142857,56,0.4107142857142857,56,0.4107142857142857,56,0.4107142857142857,56,0.4107142857142857
test,gemma-4-26b-a4b,SC_C_CONTRAST,aiops2025,False,58,0.0,58,0.0,58,0.0,58,0.0,58,0.0,58,0.0
test,gemma-4-26b-a4b,SC_C_CONTRAST,aiops2025,True,62,0.3387096774193548,62,0.3387096774193548,62,0.3387096774193548,62,0.3387096774193548,62,0.3387096774193548,62,0.3387096774193548
test,gemma-4-26b-a4b,SC_M_TEXT,aegislab,False,52,0.0,52,0.0,52,0.0,52,0.0,52,0.0,52,0.0
test,gemma-4-26b-a4b,SC_M_TEXT,aegislab,True,68,0.7205882352941176,68,0.7205882352941176,68,0.7205882352941176,68,0.7205882352941176,68,0.7205882352941176,68,0.7205882352941176
test,gemma-4-26b-a4b,SC_M_TEXT,aiops2022,False,81,0.0,81,0.0,81,0.0,81,0.0,81,0.0,81,0.0
test,gemma-4-26b-a4b,SC_M_TEXT,aiops2022,True,39,0.5384615384615384,39,0.5384615384615384,39,0.5384615384615384,39,0.5384615384615384,39,0.5384615384615384,39,0.5384615384615384
test,gemma-4-26b-a4b,SC_M_TEXT,aiops2025,False,75,0.0,75,0.0,75,0.0,75,0.0,75,0.0,75,0.0
test,gemma-4-26b-a4b,SC_M_TEXT,aiops2025,True,45,0.4,45,0.4,45,0.4,45,0.4,45,0.4,45,0.4
test,gemma-4-26b-a4b,SC_V_CONTRAST,aegislab,False,65,0.0,65,0.0,65,0.0,65,0.0,65,0.0,65,0.0
test,gemma-4-26b-a4b,SC_V_CONTRAST,aegislab,True,55,0.6,55,0.6,55,0.6,55,0.6,55,0.6,55,0.6
test,gemma-4-26b-a4b,SC_V_CONTRAST,aiops2022,False,91,0.0,91,0.0,91,0.0,91,0.0,91,0.0,91,0.0
test,gemma-4-26b-a4b,SC_V_CONTRAST,aiops2022,True,29,0.4482758620689655,29,0.4482758620689655,29,0.4482758620689655,29,0.4482758620689655,29,0.4482758620689655,29,0.4482758620689655
test,gemma-4-26b-a4b,SC_V_CONTRAST,aiops2025,False,88,0.0,88,0.0,88,0.0,88,0.0,88,0.0,88,0.0
test,gemma-4-26b-a4b,SC_V_CONTRAST,aiops2025,True,32,0.375,32,0.375,32,0.375,32,0.375,32,0.375,32,0.375
test,gemma-4-26b-a4b,SIRCL_TEXT,aegislab,False,70,0.05,70,0.0,70,0.11428571428571428,70,0.11428571428571428,70,0.0619047619047619,70,0.08285714285714285
test,gemma-4-26b-a4b,SIRCL_TEXT,aegislab,True,50,0.7,50,0.64,50,0.78,50,0.78,50,0.7133333333333333,50,0.74
test,gemma-4-26b-a4b,SIRCL_TEXT,aiops2022,False,86,0.003875968992248062,86,0.0,86,0.011627906976744186,86,0.011627906976744186,86,0.003875968992248062,86,0.0069767441860465115
test,gemma-4-26b-a4b,SIRCL_TEXT,aiops2022,True,34,0.7009803921568627,34,0.6764705882352942,34,0.7352941176470589,34,0.7352941176470589,34,0.7058823529411765,34,0.7176470588235294
test,gemma-4-26b-a4b,SIRCL_TEXT,aiops2025,False,74,0.009009009009009009,74,0.0,74,0.02702702702702703,74,0.02702702702702703,74,0.009009009009009009,74,0.016216216216216217
test,gemma-4-26b-a4b,SIRCL_TEXT,aiops2025,True,46,0.6956521739130435,46,0.6521739130434783,46,0.7391304347826086,46,0.7391304347826086,46,0.7101449275362318,46,0.7217391304347827
test,gemma-4-26b-a4b,T,aegislab,False,33,0.0101010101010101,33,0.0,33,0.030303030303030304,33,0.030303030303030304,33,0.0101010101010101,33,0.01818181818181818
test,gemma-4-26b-a4b,T,aegislab,True,87,0.6704980842911877,87,0.632183908045977,87,0.7126436781609196,87,0.7126436781609196,87,0.6819923371647509,87,0.6942528735632184
test,gemma-4-26b-a4b,T,aiops2022,False,66,0.0,66,0.0,66,0.0,66,0.0,66,0.0,66,0.0
test,gemma-4-26b-a4b,T,aiops2022,True,54,0.5617283950617283,54,0.5185185185185185,54,0.6111111111111112,54,0.6111111111111112,54,0.5740740740740741,54,0.5888888888888889
test,gemma-4-26b-a4b,T,aiops2025,False,59,0.0,59,0.0,59,0.0,59,0.0,59,0.0,59,0.0
test,gemma-4-26b-a4b,T,aiops2025,True,61,0.412568306010929,61,0.3442622950819672,61,0.5081967213114754,61,0.5081967213114754,61,0.4262295081967213,61,0.45901639344262296
test,gemma-4-26b-a4b,TPV,aegislab,False,28,0.0,28,0.0,28,0.0,28,0.0,28,0.0,28,0.0
test,gemma-4-26b-a4b,TPV,aegislab,True,92,0.6902173913043478,92,0.6739130434782609,92,0.7065217391304348,92,0.7065217391304348,92,0.6956521739130435,92,0.7000000000000001
test,gemma-4-26b-a4b,TPV,aiops2022,False,70,0.0,70,0.0,70,0.0,70,0.0,70,0.0,70,0.0
test,gemma-4-26b-a4b,TPV,aiops2022,True,50,0.61,50,0.6,50,0.62,50,0.62,50,0.6133333333333334,50,0.616
test,gemma-4-26b-a4b,TPV,aiops2025,False,64,0.0,64,0.0,64,0.0,64,0.0,64,0.0,64,0.0
test,gemma-4-26b-a4b,TPV,aiops2025,True,56,0.4375,56,0.42857142857142855,56,0.44642857142857145,56,0.44642857142857145,56,0.4404761904761905,56,0.4428571428571429
test,qwen3.8-27b,SC_C_CONTRAST,aegislab,False,43,0.040310077519379844,43,0.0,43,0.046511627906976744,43,0.13953488372093023,43,0.02325581395348837,43,0.06046511627906977
test,qwen3.8-27b,SC_C_CONTRAST,aegislab,True,76,0.5660087719298246,76,0.4342105263157895,76,0.6710526315789473,76,0.8289473684210527,76,0.543859649122807,76,0.65
test,qwen3.8-27b,SC_C_CONTRAST,aiops2022,False,65,0.007692307692307693,65,0.0,65,0.0,65,0.03076923076923077,65,0.0,65,0.012307692307692308
test,qwen3.8-27b,SC_C_CONTRAST,aiops2022,True,54,0.6194444444444445,54,0.5555555555555556,54,0.6851851851851852,54,0.7222222222222222,54,0.6234567901234568,54,0.6592592592592593
test,qwen3.8-27b,SC_C_CONTRAST,aiops2025,False,60,0.02638888888888889,60,0.0,60,0.03333333333333333,60,0.08333333333333333,60,0.016666666666666666,60,0.043333333333333335
test,qwen3.8-27b,SC_C_CONTRAST,aiops2025,True,57,0.5698830409356725,57,0.3684210526315789,57,0.7894736842105263,57,0.8771929824561403,57,0.5906432748538011,57,0.6982456140350877
test,qwen3.8-27b,SC_M_TEXT,aegislab,False,46,0.08152173913043478,46,0.021739130434782608,46,0.15217391304347827,46,0.17391304347826086,46,0.08695652173913043,46,0.1217391304347826
test,qwen3.8-27b,SC_M_TEXT,aegislab,True,74,0.6587837837837838,74,0.5540540540540541,74,0.7567567567567568,74,0.8513513513513513,74,0.6486486486486487,74,0.7297297297297297
test,qwen3.8-27b,SC_M_TEXT,aiops2022,False,71,0.023943661971830985,71,0.014084507042253521,71,0.028169014084507043,71,0.04225352112676056,71,0.023474178403755867,71,0.028169014084507043
test,qwen3.8-27b,SC_M_TEXT,aiops2022,True,47,0.7074468085106383,47,0.5957446808510638,47,0.851063829787234,47,0.8723404255319149,47,0.723404255319149,47,0.7829787234042552
test,qwen3.8-27b,SC_M_TEXT,aiops2025,False,63,0.02962962962962963,63,0.0,63,0.047619047619047616,63,0.09523809523809523,63,0.021164021164021163,63,0.047619047619047616
test,qwen3.8-27b,SC_M_TEXT,aiops2025,True,56,0.5324404761904762,56,0.3392857142857143,56,0.7142857142857143,56,0.8035714285714286,56,0.5595238095238095,56,0.65
test,qwen3.8-27b,SC_V_CONTRAST,aegislab,False,55,0.02121212121212121,55,0.0,55,0.03636363636363636,55,0.07272727272727272,55,0.012121212121212121,55,0.03636363636363636
test,qwen3.8-27b,SC_V_CONTRAST,aegislab,True,65,0.5487179487179487,65,0.38461538461538464,65,0.7230769230769231,65,0.7846153846153846,65,0.5692307692307692,65,0.6553846153846155
test,qwen3.8-27b,SC_V_CONTRAST,aiops2022,False,78,0.011111111111111112,78,0.0,78,0.02564102564102564,78,0.038461538461538464,78,0.008547008547008546,78,0.017948717948717947
test,qwen3.8-27b,SC_V_CONTRAST,aiops2022,True,40,0.5195833333333333,40,0.35,40,0.675,40,0.775,40,0.5333333333333333,40,0.625
test,qwen3.8-27b,SC_V_CONTRAST,aiops2025,False,69,0.051207729468599035,69,0.0,69,0.08695652173913043,69,0.13043478260869565,69,0.05314009661835749,69,0.08115942028985508
test,qwen3.8-27b,SC_V_CONTRAST,aiops2025,True,51,0.4810457516339869,51,0.35294117647058826,51,0.6470588235294118,51,0.7058823529411765,51,0.4836601307189542,51,0.5686274509803921
test,qwen3.8-27b,SIRCL_TEXT,aegislab,False,41,0.18495934959349591,41,0.04878048780487805,41,0.34146341463414637,41,0.36585365853658536,41,0.2113821138211382,41,0.2731707317073171
test,qwen3.8-27b,SIRCL_TEXT,aegislab,True,78,0.7670940170940171,78,0.6025641025641025,78,0.9615384615384616,78,0.9615384615384616,78,0.811965811965812,78,0.8717948717948718
test,qwen3.8-27b,SIRCL_TEXT,aiops2022,False,79,0.059915611814345994,79,0.012658227848101266,79,0.12658227848101267,79,0.1518987341772152,79,0.0590717299578059,79,0.09113924050632911
test,qwen3.8-27b,SIRCL_TEXT,aiops2022,True,40,0.5333333333333333,40,0.45,40,0.65,40,0.65,40,0.55,40,0.5900000000000001
test,qwen3.8-27b,SIRCL_TEXT,aiops2025,False,63,0.04285714285714286,63,0.0,63,0.06349206349206349,63,0.1111111111111111,63,0.042328042328042326,63,0.06666666666666667
test,qwen3.8-27b,SIRCL_TEXT,aiops2025,True,55,0.7045454545454546,55,0.5818181818181818,55,0.8363636363636363,55,0.8545454545454545,55,0.7333333333333334,55,0.7818181818181819
test,qwen3.8-27b,T,aegislab,False,36,0.04398148148148148,36,0.0,36,0.08333333333333333,36,0.1111111111111111,36,0.046296296296296294,36,0.07222222222222223
test,qwen3.8-27b,T,aegislab,True,82,0.5873983739837398,82,0.4146341463414634,82,0.7926829268292683,82,0.8170731707317073,82,0.6219512195121951,82,0.7
test,qwen3.8-27b,T,aiops2022,False,75,0.02222222222222222,75,0.0,75,0.05333333333333334,75,0.05333333333333334,75,0.026666666666666665,75,0.03733333333333333
test,qwen3.8-27b,T,aiops2022,True,44,0.649621212121212,44,0.45454545454545453,44,0.8863636363636364,44,0.9090909090909091,44,0.6893939393939393,44,0.7772727272727273
test,qwen3.8-27b,T,aiops2025,False,57,0.014619883040935672,57,0.0,57,0.03508771929824561,57,0.03508771929824561,57,0.017543859649122806,57,0.02456140350877193
test,qwen3.8-27b,T,aiops2025,True,62,0.5725806451612904,62,0.3709677419354839,62,0.8064516129032258,62,0.8387096774193549,62,0.6129032258064516,62,0.7032258064516129
test,qwen3.8-27b,TPV,aegislab,False,37,0.05405405405405406,37,0.0,37,0.10810810810810811,37,0.16216216216216217,37,0.04504504504504504,37,0.09189189189189188
test,qwen3.8-27b,TPV,aegislab,True,83,0.6746987951807228,83,0.5060240963855421,83,0.8674698795180723,83,0.891566265060241,83,0.7108433734939759,83,0.7831325301204819
test,qwen3.8-27b,TPV,aiops2022,False,71,0.014084507042253521,71,0.0,71,0.028169014084507043,71,0.028169014084507043,71,0.018779342723004695,71,0.022535211267605635
test,qwen3.8-27b,TPV,aiops2022,True,48,0.6597222222222222,48,0.4791666666666667,48,0.8333333333333334,48,0.875,48,0.7013888888888888,48,0.7708333333333334
test,qwen3.8-27b,TPV,aiops2025,False,61,0.0273224043715847,61,0.0,61,0.06557377049180328,61,0.06557377049180328,61,0.03278688524590164,61,0.04590163934426229
test,qwen3.8-27b,TPV,aiops2025,True,59,0.7570621468926553,59,0.6610169491525424,59,0.847457627118644,59,0.8813559322033898,59,0.7740112994350282,59,0.8169491525423729
