,,,,,mrr,mrr,ac@1,ac@1,ac@3,ac@3,ac@5,ac@5,avg@3,avg@3,avg@5,avg@5
,,,,,size,mean,size,mean,size,mean,size,mean,size,mean,size,mean
phase,model,arm,dataset,root_granularity,,,,,,,,,,,,
mechanisms,gemma-4-26b-a4b,NO_GROUPING__C_CONTRAST,aegislab,service,20,0.45,20,0.45,20,0.45,20,0.45,20,0.45,20,0.45
mechanisms,gemma-4-26b-a4b,NO_GROUPING__C_CONTRAST,aiops2022,node,5,0.2,5,0.2,5,0.2,5,0.2,5,0.2,5,0.2
mechanisms,gemma-4-26b-a4b,NO_GROUPING__C_CONTRAST,aiops2022,pod,8,0.375,8,0.375,8,0.375,8,0.375,8,0.375,8,0.375
mechanisms,gemma-4-26b-a4b,NO_GROUPING__C_CONTRAST,aiops2022,service,7,0.14285714285714285,7,0.14285714285714285,7,0.14285714285714285,7,0.14285714285714285,7,0.14285714285714285,7,0.14285714285714285
mechanisms,gemma-4-26b-a4b,NO_GROUPING__C_CONTRAST,aiops2025,mixed,7,0.14285714285714285,7,0.14285714285714285,7,0.14285714285714285,7,0.14285714285714285,7,0.14285714285714285,7,0.14285714285714285
mechanisms,gemma-4-26b-a4b,NO_GROUPING__C_CONTRAST,aiops2025,node,6,0.16666666666666666,6,0.16666666666666666,6,0.16666666666666666,6,0.16666666666666666,6,0.16666666666666666,6,0.16666666666666666
mechanisms,gemma-4-26b-a4b,NO_GROUPING__C_CONTRAST,aiops2025,service,7,0.14285714285714285,7,0.14285714285714285,7,0.14285714285714285,7,0.14285714285714285,7,0.14285714285714285,7,0.14285714285714285
mechanisms,gemma-4-26b-a4b,NO_GROUPING__C_CONTRAST,re2_ob,service,20,0.95,20,0.95,20,0.95,20,0.95,20,0.95,20,0.95
mechanisms,gemma-4-26b-a4b,NO_GROUPING__C_CONTRAST,re2_tt,service,20,0.9,20,0.9,20,0.9,20,0.9,20,0.9,20,0.9
mechanisms,gemma-4-26b-a4b,NO_GROUPING__M_TEXT,aegislab,service,20,0.4,20,0.4,20,0.4,20,0.4,20,0.4,20,0.4
mechanisms,gemma-4-26b-a4b,NO_GROUPING__M_TEXT,aiops2022,node,5,0.2,5,0.2,5,0.2,5,0.2,5,0.2,5,0.2
mechanisms,gemma-4-26b-a4b,NO_GROUPING__M_TEXT,aiops2022,pod,8,0.375,8,0.375,8,0.375,8,0.375,8,0.375,8,0.375
mechanisms,gemma-4-26b-a4b,NO_GROUPING__M_TEXT,aiops2022,service,7,0.14285714285714285,7,0.14285714285714285,7,0.14285714285714285,7,0.14285714285714285,7,0.14285714285714285,7,0.14285714285714285
mechanisms,gemma-4-26b-a4b,NO_GROUPING__M_TEXT,aiops2025,mixed,7,0.14285714285714285,7,0.14285714285714285,7,0.14285714285714285,7,0.14285714285714285,7,0.14285714285714285,7,0.14285714285714285
mechanisms,gemma-4-26b-a4b,NO_GROUPING__M_TEXT,aiops2025,node,6,0.3333333333333333,6,0.3333333333333333,6,0.3333333333333333,6,0.3333333333333333,6,0.3333333333333333,6,0.3333333333333333
mechanisms,gemma-4-26b-a4b,NO_GROUPING__M_TEXT,aiops2025,service,7,0.14285714285714285,7,0.14285714285714285,7,0.14285714285714285,7,0.14285714285714285,7,0.14285714285714285,7,0.14285714285714285
mechanisms,gemma-4-26b-a4b,NO_GROUPING__M_TEXT,re2_ob,service,20,0.85,20,0.85,20,0.85,20,0.85,20,0.85,20,0.85
mechanisms,gemma-4-26b-a4b,NO_GROUPING__M_TEXT,re2_tt,service,20,0.65,20,0.65,20,0.65,20,0.65,20,0.65,20,0.65
mechanisms,gemma-4-26b-a4b,REANONYMIZE__C_CONTRAST,aegislab,service,20,0.55,20,0.55,20,0.55,20,0.55,20,0.55,20,0.55
mechanisms,gemma-4-26b-a4b,REANONYMIZE__C_CONTRAST,aiops2022,node,5,0.2,5,0.2,5,0.2,5,0.2,5,0.2,5,0.2
mechanisms,gemma-4-26b-a4b,REANONYMIZE__C_CONTRAST,aiops2022,pod,8,0.375,8,0.375,8,0.375,8,0.375,8,0.375,8,0.375
mechanisms,gemma-4-26b-a4b,REANONYMIZE__C_CONTRAST,aiops2022,service,7,0.14285714285714285,7,0.14285714285714285,7,0.14285714285714285,7,0.14285714285714285,7,0.14285714285714285,7,0.14285714285714285
mechanisms,gemma-4-26b-a4b,REANONYMIZE__C_CONTRAST,aiops2025,mixed,7,0.2857142857142857,7,0.2857142857142857,7,0.2857142857142857,7,0.2857142857142857,7,0.2857142857142857,7,0.2857142857142857
mechanisms,gemma-4-26b-a4b,REANONYMIZE__C_CONTRAST,aiops2025,node,6,0.3333333333333333,6,0.3333333333333333,6,0.3333333333333333,6,0.3333333333333333,6,0.3333333333333333,6,0.3333333333333333
mechanisms,gemma-4-26b-a4b,REANONYMIZE__C_CONTRAST,aiops2025,service,7,0.2857142857142857,7,0.2857142857142857,7,0.2857142857142857,7,0.2857142857142857,7,0.2857142857142857,7,0.2857142857142857
mechanisms,gemma-4-26b-a4b,REANONYMIZE__C_CONTRAST,re2_ob,service,20,0.8,20,0.8,20,0.8,20,0.8,20,0.8,20,0.8
mechanisms,gemma-4-26b-a4b,REANONYMIZE__C_CONTRAST,re2_tt,service,20,0.9,20,0.9,20,0.9,20,0.9,20,0.9,20,0.9
mechanisms,gemma-4-26b-a4b,REANONYMIZE__M_TEXT,aegislab,service,20,0.35,20,0.35,20,0.35,20,0.35,20,0.35,20,0.35
mechanisms,gemma-4-26b-a4b,REANONYMIZE__M_TEXT,aiops2022,node,5,0.2,5,0.2,5,0.2,5,0.2,5,0.2,5,0.2
mechanisms,gemma-4-26b-a4b,REANONYMIZE__M_TEXT,aiops2022,pod,8,0.375,8,0.375,8,0.375,8,0.375,8,0.375,8,0.375
mechanisms,gemma-4-26b-a4b,REANONYMIZE__M_TEXT,aiops2022,service,7,0.14285714285714285,7,0.14285714285714285,7,0.14285714285714285,7,0.14285714285714285,7,0.14285714285714285,7,0.14285714285714285
mechanisms,gemma-4-26b-a4b,REANONYMIZE__M_TEXT,aiops2025,mixed,7,0.14285714285714285,7,0.14285714285714285,7,0.14285714285714285,7,0.14285714285714285,7,0.14285714285714285,7,0.14285714285714285
mechanisms,gemma-4-26b-a4b,REANONYMIZE__M_TEXT,aiops2025,node,6,0.16666666666666666,6,0.16666666666666666,6,0.16666666666666666,6,0.16666666666666666,6,0.16666666666666666,6,0.16666666666666666
mechanisms,gemma-4-26b-a4b,REANONYMIZE__M_TEXT,aiops2025,service,7,0.0,7,0.0,7,0.0,7,0.0,7,0.0,7,0.0
mechanisms,gemma-4-26b-a4b,REANONYMIZE__M_TEXT,re2_ob,service,20,0.85,20,0.85,20,0.85,20,0.85,20,0.85,20,0.85
mechanisms,gemma-4-26b-a4b,REANONYMIZE__M_TEXT,re2_tt,service,20,0.65,20,0.65,20,0.65,20,0.65,20,0.65,20,0.65
mechanisms,gemma-4-26b-a4b,REDUNDANT_NOISE__C_CONTRAST,aegislab,service,20,0.45,20,0.45,20,0.45,20,0.45,20,0.45,20,0.45
mechanisms,gemma-4-26b-a4b,REDUNDANT_NOISE__C_CONTRAST,aiops2022,node,5,0.2,5,0.2,5,0.2,5,0.2,5,0.2,5,0.2
mechanisms,gemma-4-26b-a4b,REDUNDANT_NOISE__C_CONTRAST,aiops2022,pod,8,0.25,8,0.25,8,0.25,8,0.25,8,0.25,8,0.25
mechanisms,gemma-4-26b-a4b,REDUNDANT_NOISE__C_CONTRAST,aiops2022,service,7,0.0,7,0.0,7,0.0,7,0.0,7,0.0,7,0.0
mechanisms,gemma-4-26b-a4b,REDUNDANT_NOISE__C_CONTRAST,aiops2025,mixed,7,0.42857142857142855,7,0.42857142857142855,7,0.42857142857142855,7,0.42857142857142855,7,0.42857142857142855,7,0.42857142857142855
mechanisms,gemma-4-26b-a4b,REDUNDANT_NOISE__C_CONTRAST,aiops2025,node,6,0.16666666666666666,6,0.16666666666666666,6,0.16666666666666666,6,0.16666666666666666,6,0.16666666666666666,6,0.16666666666666666
mechanisms,gemma-4-26b-a4b,REDUNDANT_NOISE__C_CONTRAST,aiops2025,service,7,0.42857142857142855,7,0.42857142857142855,7,0.42857142857142855,7,0.42857142857142855,7,0.42857142857142855,7,0.42857142857142855
mechanisms,gemma-4-26b-a4b,REDUNDANT_NOISE__C_CONTRAST,re2_ob,service,20,0.9,20,0.9,20,0.9,20,0.9,20,0.9,20,0.9
mechanisms,gemma-4-26b-a4b,REDUNDANT_NOISE__C_CONTRAST,re2_tt,service,20,0.9,20,0.9,20,0.9,20,0.9,20,0.9,20,0.9
mechanisms,gemma-4-26b-a4b,REDUNDANT_NOISE__M_TEXT,aegislab,service,20,0.4,20,0.4,20,0.4,20,0.4,20,0.4,20,0.4
mechanisms,gemma-4-26b-a4b,REDUNDANT_NOISE__M_TEXT,aiops2022,node,5,0.2,5,0.2,5,0.2,5,0.2,5,0.2,5,0.2
mechanisms,gemma-4-26b-a4b,REDUNDANT_NOISE__M_TEXT,aiops2022,pod,8,0.375,8,0.375,8,0.375,8,0.375,8,0.375,8,0.375
mechanisms,gemma-4-26b-a4b,REDUNDANT_NOISE__M_TEXT,aiops2022,service,7,0.2857142857142857,7,0.2857142857142857,7,0.2857142857142857,7,0.2857142857142857,7,0.2857142857142857,7,0.2857142857142857
mechanisms,gemma-4-26b-a4b,REDUNDANT_NOISE__M_TEXT,aiops2025,mixed,7,0.14285714285714285,7,0.14285714285714285,7,0.14285714285714285,7,0.14285714285714285,7,0.14285714285714285,7,0.14285714285714285
mechanisms,gemma-4-26b-a4b,REDUNDANT_NOISE__M_TEXT,aiops2025,node,6,0.16666666666666666,6,0.16666666666666666,6,0.16666666666666666,6,0.16666666666666666,6,0.16666666666666666,6,0.16666666666666666
mechanisms,gemma-4-26b-a4b,REDUNDANT_NOISE__M_TEXT,aiops2025,service,7,0.14285714285714285,7,0.14285714285714285,7,0.14285714285714285,7,0.14285714285714285,7,0.14285714285714285,7,0.14285714285714285
mechanisms,gemma-4-26b-a4b,REDUNDANT_NOISE__M_TEXT,re2_ob,service,20,0.85,20,0.85,20,0.85,20,0.85,20,0.85,20,0.85
mechanisms,gemma-4-26b-a4b,REDUNDANT_NOISE__M_TEXT,re2_tt,service,20,0.65,20,0.65,20,0.65,20,0.65,20,0.65,20,0.65
mechanisms,gemma-4-26b-a4b,REMOVE_MATCHED_NONTARGET__C_CONTRAST,aegislab,service,17,0.47058823529411764,17,0.47058823529411764,17,0.47058823529411764,17,0.47058823529411764,17,0.47058823529411764,17,0.47058823529411764
mechanisms,gemma-4-26b-a4b,REMOVE_MATCHED_NONTARGET__C_CONTRAST,aiops2022,node,1,1.0,1,1.0,1,1.0,1,1.0,1,1.0,1,1.0
mechanisms,gemma-4-26b-a4b,REMOVE_MATCHED_NONTARGET__C_CONTRAST,aiops2022,pod,5,0.2,5,0.2,5,0.2,5,0.2,5,0.2,5,0.2
mechanisms,gemma-4-26b-a4b,REMOVE_MATCHED_NONTARGET__C_CONTRAST,aiops2025,mixed,6,0.16666666666666666,6,0.16666666666666666,6,0.16666666666666666,6,0.16666666666666666,6,0.16666666666666666,6,0.16666666666666666
mechanisms,gemma-4-26b-a4b,REMOVE_MATCHED_NONTARGET__C_CONTRAST,aiops2025,node,6,0.3333333333333333,6,0.3333333333333333,6,0.3333333333333333,6,0.3333333333333333,6,0.3333333333333333,6,0.3333333333333333
mechanisms,gemma-4-26b-a4b,REMOVE_MATCHED_NONTARGET__C_CONTRAST,aiops2025,service,5,0.2,5,0.2,5,0.2,5,0.2,5,0.2,5,0.2
mechanisms,gemma-4-26b-a4b,REMOVE_MATCHED_NONTARGET__C_CONTRAST,re2_ob,service,20,1.0,20,1.0,20,1.0,20,1.0,20,1.0,20,1.0
mechanisms,gemma-4-26b-a4b,REMOVE_MATCHED_NONTARGET__C_CONTRAST,re2_tt,service,20,0.9,20,0.9,20,0.9,20,0.9,20,0.9,20,0.9
mechanisms,gemma-4-26b-a4b,REMOVE_MATCHED_NONTARGET__M_TEXT,aegislab,service,17,0.4117647058823529,17,0.4117647058823529,17,0.4117647058823529,17,0.4117647058823529,17,0.4117647058823529,17,0.4117647058823529
mechanisms,gemma-4-26b-a4b,REMOVE_MATCHED_NONTARGET__M_TEXT,aiops2022,node,1,1.0,1,1.0,1,1.0,1,1.0,1,1.0,1,1.0
mechanisms,gemma-4-26b-a4b,REMOVE_MATCHED_NONTARGET__M_TEXT,aiops2022,pod,5,0.6,5,0.6,5,0.6,5,0.6,5,0.6,5,0.6
mechanisms,gemma-4-26b-a4b,REMOVE_MATCHED_NONTARGET__M_TEXT,aiops2025,mixed,6,0.16666666666666666,6,0.16666666666666666,6,0.16666666666666666,6,0.16666666666666666,6,0.16666666666666666,6,0.16666666666666666
mechanisms,gemma-4-26b-a4b,REMOVE_MATCHED_NONTARGET__M_TEXT,aiops2025,node,6,0.3333333333333333,6,0.3333333333333333,6,0.3333333333333333,6,0.3333333333333333,6,0.3333333333333333,6,0.3333333333333333
mechanisms,gemma-4-26b-a4b,REMOVE_MATCHED_NONTARGET__M_TEXT,aiops2025,service,5,0.0,5,0.0,5,0.0,5,0.0,5,0.0,5,0.0
mechanisms,gemma-4-26b-a4b,REMOVE_MATCHED_NONTARGET__M_TEXT,re2_ob,service,20,0.95,20,0.95,20,0.95,20,0.95,20,0.95,20,0.95
mechanisms,gemma-4-26b-a4b,REMOVE_MATCHED_NONTARGET__M_TEXT,re2_tt,service,20,0.65,20,0.65,20,0.65,20,0.65,20,0.65,20,0.65
mechanisms,gemma-4-26b-a4b,REMOVE_TARGET__C_CONTRAST,aegislab,service,17,0.11764705882352941,17,0.11764705882352941,17,0.11764705882352941,17,0.11764705882352941,17,0.11764705882352941,17,0.11764705882352941
mechanisms,gemma-4-26b-a4b,REMOVE_TARGET__C_CONTRAST,aiops2022,node,1,1.0,1,1.0,1,1.0,1,1.0,1,1.0,1,1.0
mechanisms,gemma-4-26b-a4b,REMOVE_TARGET__C_CONTRAST,aiops2022,pod,5,0.2,5,0.2,5,0.2,5,0.2,5,0.2,5,0.2
mechanisms,gemma-4-26b-a4b,REMOVE_TARGET__C_CONTRAST,aiops2025,mixed,6,0.16666666666666666,6,0.16666666666666666,6,0.16666666666666666,6,0.16666666666666666,6,0.16666666666666666,6,0.16666666666666666
mechanisms,gemma-4-26b-a4b,REMOVE_TARGET__C_CONTRAST,aiops2025,node,6,0.08333333333333333,6,0.0,6,0.16666666666666666,6,0.16666666666666666,6,0.1111111111111111,6,0.13333333333333333
mechanisms,gemma-4-26b-a4b,REMOVE_TARGET__C_CONTRAST,aiops2025,service,6,0.3333333333333333,6,0.3333333333333333,6,0.3333333333333333,6,0.3333333333333333,6,0.3333333333333333,6,0.3333333333333333
mechanisms,gemma-4-26b-a4b,REMOVE_TARGET__C_CONTRAST,re2_ob,service,20,0.8,20,0.8,20,0.8,20,0.8,20,0.8,20,0.8
mechanisms,gemma-4-26b-a4b,REMOVE_TARGET__C_CONTRAST,re2_tt,service,20,0.5599999999999999,20,0.55,20,0.55,20,0.6,20,0.55,20,0.5599999999999999
mechanisms,gemma-4-26b-a4b,REMOVE_TARGET__M_TEXT,aegislab,service,17,0.17647058823529413,17,0.17647058823529413,17,0.17647058823529413,17,0.17647058823529413,17,0.17647058823529413,17,0.17647058823529413
mechanisms,gemma-4-26b-a4b,REMOVE_TARGET__M_TEXT,aiops2022,node,1,1.0,1,1.0,1,1.0,1,1.0,1,1.0,1,1.0
mechanisms,gemma-4-26b-a4b,REMOVE_TARGET__M_TEXT,aiops2022,pod,5,0.4,5,0.4,5,0.4,5,0.4,5,0.4,5,0.4
mechanisms,gemma-4-26b-a4b,REMOVE_TARGET__M_TEXT,aiops2025,mixed,6,0.16666666666666666,6,0.16666666666666666,6,0.16666666666666666,6,0.16666666666666666,6,0.16666666666666666,6,0.16666666666666666
mechanisms,gemma-4-26b-a4b,REMOVE_TARGET__M_TEXT,aiops2025,node,6,0.16666666666666666,6,0.16666666666666666,6,0.16666666666666666,6,0.16666666666666666,6,0.16666666666666666,6,0.16666666666666666
mechanisms,gemma-4-26b-a4b,REMOVE_TARGET__M_TEXT,aiops2025,service,6,0.16666666666666666,6,0.16666666666666666,6,0.16666666666666666,6,0.16666666666666666,6,0.16666666666666666,6,0.16666666666666666
mechanisms,gemma-4-26b-a4b,REMOVE_TARGET__M_TEXT,re2_ob,service,20,0.85,20,0.85,20,0.85,20,0.85,20,0.85,20,0.85
mechanisms,gemma-4-26b-a4b,REMOVE_TARGET__M_TEXT,re2_tt,service,20,0.25,20,0.25,20,0.25,20,0.25,20,0.25,20,0.25
mechanisms,gemma-4-26b-a4b,REPLICATE_1__C_CONTRAST,aegislab,service,20,0.45,20,0.45,20,0.45,20,0.45,20,0.45,20,0.45
mechanisms,gemma-4-26b-a4b,REPLICATE_1__C_CONTRAST,aiops2022,node,5,0.2,5,0.2,5,0.2,5,0.2,5,0.2,5,0.2
mechanisms,gemma-4-26b-a4b,REPLICATE_1__C_CONTRAST,aiops2022,pod,8,0.375,8,0.375,8,0.375,8,0.375,8,0.375,8,0.375
mechanisms,gemma-4-26b-a4b,REPLICATE_1__C_CONTRAST,aiops2022,service,7,0.0,7,0.0,7,0.0,7,0.0,7,0.0,7,0.0
mechanisms,gemma-4-26b-a4b,REPLICATE_1__C_CONTRAST,aiops2025,mixed,7,0.14285714285714285,7,0.14285714285714285,7,0.14285714285714285,7,0.14285714285714285,7,0.14285714285714285,7,0.14285714285714285
mechanisms,gemma-4-26b-a4b,REPLICATE_1__C_CONTRAST,aiops2025,node,6,0.16666666666666666,6,0.16666666666666666,6,0.16666666666666666,6,0.16666666666666666,6,0.16666666666666666,6,0.16666666666666666
mechanisms,gemma-4-26b-a4b,REPLICATE_1__C_CONTRAST,aiops2025,service,7,0.14285714285714285,7,0.14285714285714285,7,0.14285714285714285,7,0.14285714285714285,7,0.14285714285714285,7,0.14285714285714285
mechanisms,gemma-4-26b-a4b,REPLICATE_1__C_CONTRAST,re2_ob,service,20,0.9,20,0.9,20,0.9,20,0.9,20,0.9,20,0.9
mechanisms,gemma-4-26b-a4b,REPLICATE_1__C_CONTRAST,re2_tt,service,20,0.9,20,0.9,20,0.9,20,0.9,20,0.9,20,0.9
mechanisms,gemma-4-26b-a4b,REPLICATE_1__M_TEXT,aegislab,service,20,0.4,20,0.4,20,0.4,20,0.4,20,0.4,20,0.4
mechanisms,gemma-4-26b-a4b,REPLICATE_1__M_TEXT,aiops2022,node,5,0.2,5,0.2,5,0.2,5,0.2,5,0.2,5,0.2
mechanisms,gemma-4-26b-a4b,REPLICATE_1__M_TEXT,aiops2022,pod,8,0.375,8,0.375,8,0.375,8,0.375,8,0.375,8,0.375
mechanisms,gemma-4-26b-a4b,REPLICATE_1__M_TEXT,aiops2022,service,7,0.2857142857142857,7,0.2857142857142857,7,0.2857142857142857,7,0.2857142857142857,7,0.2857142857142857,7,0.2857142857142857
mechanisms,gemma-4-26b-a4b,REPLICATE_1__M_TEXT,aiops2025,mixed,7,0.14285714285714285,7,0.14285714285714285,7,0.14285714285714285,7,0.14285714285714285,7,0.14285714285714285,7,0.14285714285714285
mechanisms,gemma-4-26b-a4b,REPLICATE_1__M_TEXT,aiops2025,node,6,0.16666666666666666,6,0.16666666666666666,6,0.16666666666666666,6,0.16666666666666666,6,0.16666666666666666,6,0.16666666666666666
mechanisms,gemma-4-26b-a4b,REPLICATE_1__M_TEXT,aiops2025,service,7,0.0,7,0.0,7,0.0,7,0.0,7,0.0,7,0.0
mechanisms,gemma-4-26b-a4b,REPLICATE_1__M_TEXT,re2_ob,service,20,0.8,20,0.8,20,0.8,20,0.8,20,0.8,20,0.8
mechanisms,gemma-4-26b-a4b,REPLICATE_1__M_TEXT,re2_tt,service,20,0.65,20,0.65,20,0.65,20,0.65,20,0.65,20,0.65
mechanisms,gemma-4-26b-a4b,REPLICATE_2__C_CONTRAST,aegislab,service,20,0.45,20,0.45,20,0.45,20,0.45,20,0.45,20,0.45
mechanisms,gemma-4-26b-a4b,REPLICATE_2__C_CONTRAST,aiops2022,node,5,0.2,5,0.2,5,0.2,5,0.2,5,0.2,5,0.2
mechanisms,gemma-4-26b-a4b,REPLICATE_2__C_CONTRAST,aiops2022,pod,8,0.25,8,0.25,8,0.25,8,0.25,8,0.25,8,0.25
mechanisms,gemma-4-26b-a4b,REPLICATE_2__C_CONTRAST,aiops2022,service,7,0.0,7,0.0,7,0.0,7,0.0,7,0.0,7,0.0
mechanisms,gemma-4-26b-a4b,REPLICATE_2__C_CONTRAST,aiops2025,mixed,7,0.14285714285714285,7,0.14285714285714285,7,0.14285714285714285,7,0.14285714285714285,7,0.14285714285714285,7,0.14285714285714285
mechanisms,gemma-4-26b-a4b,REPLICATE_2__C_CONTRAST,aiops2025,node,6,0.3333333333333333,6,0.3333333333333333,6,0.3333333333333333,6,0.3333333333333333,6,0.3333333333333333,6,0.3333333333333333
mechanisms,gemma-4-26b-a4b,REPLICATE_2__C_CONTRAST,aiops2025,service,7,0.2857142857142857,7,0.2857142857142857,7,0.2857142857142857,7,0.2857142857142857,7,0.2857142857142857,7,0.2857142857142857
mechanisms,gemma-4-26b-a4b,REPLICATE_2__C_CONTRAST,re2_ob,service,20,0.95,20,0.95,20,0.95,20,0.95,20,0.95,20,0.95
mechanisms,gemma-4-26b-a4b,REPLICATE_2__C_CONTRAST,re2_tt,service,20,0.85,20,0.85,20,0.85,20,0.85,20,0.85,20,0.85
mechanisms,gemma-4-26b-a4b,REPLICATE_2__M_TEXT,aegislab,service,20,0.4,20,0.4,20,0.4,20,0.4,20,0.4,20,0.4
mechanisms,gemma-4-26b-a4b,REPLICATE_2__M_TEXT,aiops2022,node,5,0.2,5,0.2,5,0.2,5,0.2,5,0.2,5,0.2
mechanisms,gemma-4-26b-a4b,REPLICATE_2__M_TEXT,aiops2022,pod,8,0.375,8,0.375,8,0.375,8,0.375,8,0.375,8,0.375
mechanisms,gemma-4-26b-a4b,REPLICATE_2__M_TEXT,aiops2022,service,7,0.14285714285714285,7,0.14285714285714285,7,0.14285714285714285,7,0.14285714285714285,7,0.14285714285714285,7,0.14285714285714285
mechanisms,gemma-4-26b-a4b,REPLICATE_2__M_TEXT,aiops2025,mixed,7,0.14285714285714285,7,0.14285714285714285,7,0.14285714285714285,7,0.14285714285714285,7,0.14285714285714285,7,0.14285714285714285
mechanisms,gemma-4-26b-a4b,REPLICATE_2__M_TEXT,aiops2025,node,6,0.16666666666666666,6,0.16666666666666666,6,0.16666666666666666,6,0.16666666666666666,6,0.16666666666666666,6,0.16666666666666666
mechanisms,gemma-4-26b-a4b,REPLICATE_2__M_TEXT,aiops2025,service,7,0.14285714285714285,7,0.14285714285714285,7,0.14285714285714285,7,0.14285714285714285,7,0.14285714285714285,7,0.14285714285714285
mechanisms,gemma-4-26b-a4b,REPLICATE_2__M_TEXT,re2_ob,service,20,0.85,20,0.85,20,0.85,20,0.85,20,0.85,20,0.85
mechanisms,gemma-4-26b-a4b,REPLICATE_2__M_TEXT,re2_tt,service,20,0.65,20,0.65,20,0.65,20,0.65,20,0.65,20,0.65
mechanisms,qwen3.8-27b,NO_GROUPING__C_CONTRAST,aegislab,service,20,0.255,20,0.1,20,0.4,20,0.55,20,0.25,20,0.33999999999999997
mechanisms,qwen3.8-27b,NO_GROUPING__C_CONTRAST,aiops2022,node,5,0.2,5,0.2,5,0.2,5,0.2,5,0.2,5,0.2
mechanisms,qwen3.8-27b,NO_GROUPING__C_CONTRAST,aiops2022,pod,8,0.125,8,0.125,8,0.125,8,0.125,8,0.125,8,0.125
mechanisms,qwen3.8-27b,NO_GROUPING__C_CONTRAST,aiops2022,service,7,0.2857142857142857,7,0.14285714285714285,7,0.42857142857142855,7,0.42857142857142855,7,0.3333333333333333,7,0.37142857142857144
mechanisms,qwen3.8-27b,NO_GROUPING__C_CONTRAST,aiops2025,mixed,7,0.4095238095238095,7,0.14285714285714285,7,0.7142857142857143,7,0.8571428571428571,7,0.42857142857142855,7,0.5714285714285714
mechanisms,qwen3.8-27b,NO_GROUPING__C_CONTRAST,aiops2025,node,6,0.3333333333333333,6,0.3333333333333333,6,0.3333333333333333,6,0.3333333333333333,6,0.3333333333333333,6,0.3333333333333333
mechanisms,qwen3.8-27b,NO_GROUPING__C_CONTRAST,aiops2025,service,7,0.39285714285714285,7,0.2857142857142857,7,0.42857142857142855,7,0.5714285714285714,7,0.38095238095238093,7,0.4571428571428572
mechanisms,qwen3.8-27b,NO_GROUPING__C_CONTRAST,re2_ob,service,19,0.7850877192982456,19,0.6842105263157895,19,0.8947368421052632,19,0.9473684210526315,19,0.7894736842105263,19,0.8526315789473684
mechanisms,qwen3.8-27b,NO_GROUPING__C_CONTRAST,re2_tt,service,20,0.7125,20,0.6,20,0.85,20,0.9,20,0.7166666666666667,20,0.79
mechanisms,qwen3.8-27b,NO_GROUPING__M_TEXT,aegislab,service,20,0.3416666666666667,20,0.2,20,0.45,20,0.55,20,0.35,20,0.43
mechanisms,qwen3.8-27b,NO_GROUPING__M_TEXT,aiops2022,node,5,0.2,5,0.2,5,0.2,5,0.2,5,0.2,5,0.2
mechanisms,qwen3.8-27b,NO_GROUPING__M_TEXT,aiops2022,pod,8,0.125,8,0.125,8,0.125,8,0.125,8,0.125,8,0.125
mechanisms,qwen3.8-27b,NO_GROUPING__M_TEXT,aiops2022,service,7,0.35714285714285715,7,0.2857142857142857,7,0.42857142857142855,7,0.42857142857142855,7,0.38095238095238093,7,0.39999999999999997
mechanisms,qwen3.8-27b,NO_GROUPING__M_TEXT,aiops2025,mixed,7,0.14285714285714285,7,0.0,7,0.14285714285714285,7,0.42857142857142855,7,0.09523809523809523,7,0.2285714285714286
mechanisms,qwen3.8-27b,NO_GROUPING__M_TEXT,aiops2025,node,6,0.3333333333333333,6,0.3333333333333333,6,0.3333333333333333,6,0.3333333333333333,6,0.3333333333333333,6,0.3333333333333333
mechanisms,qwen3.8-27b,NO_GROUPING__M_TEXT,aiops2025,service,7,0.2857142857142857,7,0.14285714285714285,7,0.42857142857142855,7,0.42857142857142855,7,0.3333333333333333,7,0.37142857142857144
mechanisms,qwen3.8-27b,NO_GROUPING__M_TEXT,re2_ob,service,20,0.85,20,0.75,20,1.0,20,1.0,20,0.8666666666666666,20,0.9199999999999999
mechanisms,qwen3.8-27b,NO_GROUPING__M_TEXT,re2_tt,service,20,0.6833333333333333,20,0.55,20,0.85,20,0.85,20,0.7166666666666666,20,0.77
mechanisms,qwen3.8-27b,REANONYMIZE__C_CONTRAST,aegislab,service,20,0.2833333333333333,20,0.15,20,0.4,20,0.5,20,0.2833333333333333,20,0.37
mechanisms,qwen3.8-27b,REANONYMIZE__C_CONTRAST,aiops2022,node,5,0.1,5,0.0,5,0.2,5,0.2,5,0.13333333333333333,5,0.16
mechanisms,qwen3.8-27b,REANONYMIZE__C_CONTRAST,aiops2022,pod,8,0.0625,8,0.0,8,0.125,8,0.125,8,0.08333333333333333,8,0.1
mechanisms,qwen3.8-27b,REANONYMIZE__C_CONTRAST,aiops2022,service,6,0.25,6,0.0,6,0.3333333333333333,6,0.6666666666666666,6,0.2222222222222222,6,0.4000000000000001
mechanisms,qwen3.8-27b,REANONYMIZE__C_CONTRAST,aiops2025,mixed,7,0.3333333333333333,7,0.14285714285714285,7,0.42857142857142855,7,0.7142857142857143,7,0.2857142857142857,7,0.4571428571428572
mechanisms,qwen3.8-27b,REANONYMIZE__C_CONTRAST,aiops2025,node,6,0.5,6,0.3333333333333333,6,0.6666666666666666,6,0.6666666666666666,6,0.5555555555555555,6,0.6
mechanisms,qwen3.8-27b,REANONYMIZE__C_CONTRAST,aiops2025,service,7,0.2619047619047619,7,0.0,7,0.5714285714285714,7,0.5714285714285714,7,0.3333333333333333,7,0.42857142857142855
mechanisms,qwen3.8-27b,REANONYMIZE__C_CONTRAST,re2_ob,service,20,0.86,20,0.75,20,0.95,20,1.0,20,0.8833333333333334,20,0.9199999999999999
mechanisms,qwen3.8-27b,REANONYMIZE__C_CONTRAST,re2_tt,service,20,0.8458333333333334,20,0.8,20,0.9,20,0.95,20,0.8333333333333334,20,0.8800000000000001
mechanisms,qwen3.8-27b,REANONYMIZE__M_TEXT,aegislab,service,20,0.3125,20,0.25,20,0.35,20,0.4,20,0.31666666666666665,20,0.35
mechanisms,qwen3.8-27b,REANONYMIZE__M_TEXT,aiops2022,node,5,0.3,5,0.2,5,0.4,5,0.4,5,0.3333333333333333,5,0.36
mechanisms,qwen3.8-27b,REANONYMIZE__M_TEXT,aiops2022,pod,8,0.3125,8,0.25,8,0.375,8,0.375,8,0.3333333333333333,8,0.35
mechanisms,qwen3.8-27b,REANONYMIZE__M_TEXT,aiops2022,service,7,0.21428571428571427,7,0.14285714285714285,7,0.2857142857142857,7,0.2857142857142857,7,0.23809523809523808,7,0.2571428571428572
mechanisms,qwen3.8-27b,REANONYMIZE__M_TEXT,aiops2025,mixed,7,0.2857142857142857,7,0.14285714285714285,7,0.42857142857142855,7,0.42857142857142855,7,0.3333333333333333,7,0.37142857142857144
mechanisms,qwen3.8-27b,REANONYMIZE__M_TEXT,aiops2025,node,6,0.38888888888888884,6,0.3333333333333333,6,0.5,6,0.5,6,0.38888888888888884,6,0.43333333333333335
mechanisms,qwen3.8-27b,REANONYMIZE__M_TEXT,aiops2025,service,7,0.17857142857142858,7,0.0,7,0.2857142857142857,7,0.42857142857142855,7,0.19047619047619047,7,0.2857142857142857
mechanisms,qwen3.8-27b,REANONYMIZE__M_TEXT,re2_ob,service,20,0.8916666666666666,20,0.85,20,0.95,20,0.95,20,0.9,20,0.9199999999999999
mechanisms,qwen3.8-27b,REANONYMIZE__M_TEXT,re2_tt,service,20,0.8166666666666667,20,0.75,20,0.9,20,0.9,20,0.8333333333333334,20,0.86
mechanisms,qwen3.8-27b,REDUNDANT_NOISE__C_CONTRAST,aegislab,service,20,0.2583333333333333,20,0.05,20,0.5,20,0.5,20,0.31666666666666665,20,0.39
mechanisms,qwen3.8-27b,REDUNDANT_NOISE__C_CONTRAST,aiops2022,node,5,0.2,5,0.2,5,0.2,5,0.2,5,0.2,5,0.2
mechanisms,qwen3.8-27b,REDUNDANT_NOISE__C_CONTRAST,aiops2022,pod,8,0.0,8,0.0,8,0.0,8,0.0,8,0.0,8,0.0
mechanisms,qwen3.8-27b,REDUNDANT_NOISE__C_CONTRAST,aiops2022,service,7,0.39285714285714285,7,0.2857142857142857,7,0.42857142857142855,7,0.5714285714285714,7,0.38095238095238093,7,0.4571428571428572
mechanisms,qwen3.8-27b,REDUNDANT_NOISE__C_CONTRAST,aiops2025,mixed,7,0.3261904761904762,7,0.14285714285714285,7,0.42857142857142855,7,0.7142857142857143,7,0.2857142857142857,7,0.42857142857142855
mechanisms,qwen3.8-27b,REDUNDANT_NOISE__C_CONTRAST,aiops2025,node,6,0.3055555555555555,6,0.16666666666666666,6,0.3333333333333333,6,0.6666666666666666,6,0.2222222222222222,6,0.39999999999999997
mechanisms,qwen3.8-27b,REDUNDANT_NOISE__C_CONTRAST,aiops2025,service,7,0.4047619047619047,7,0.2857142857142857,7,0.5714285714285714,7,0.5714285714285714,7,0.42857142857142855,7,0.4857142857142857
mechanisms,qwen3.8-27b,REDUNDANT_NOISE__C_CONTRAST,re2_ob,service,20,0.8291666666666666,20,0.7,20,0.95,20,1.0,20,0.85,20,0.9099999999999999
mechanisms,qwen3.8-27b,REDUNDANT_NOISE__C_CONTRAST,re2_tt,service,20,0.6875,20,0.55,20,0.85,20,0.9,20,0.7,20,0.78
mechanisms,qwen3.8-27b,REDUNDANT_NOISE__M_TEXT,aegislab,service,20,0.3416666666666667,20,0.25,20,0.4,20,0.5,20,0.33333333333333337,20,0.4
mechanisms,qwen3.8-27b,REDUNDANT_NOISE__M_TEXT,aiops2022,node,5,0.2,5,0.2,5,0.2,5,0.2,5,0.2,5,0.2
mechanisms,qwen3.8-27b,REDUNDANT_NOISE__M_TEXT,aiops2022,pod,8,0.25,8,0.25,8,0.25,8,0.25,8,0.25,8,0.25
mechanisms,qwen3.8-27b,REDUNDANT_NOISE__M_TEXT,aiops2022,service,7,0.39285714285714285,7,0.2857142857142857,7,0.42857142857142855,7,0.5714285714285714,7,0.38095238095238093,7,0.4571428571428572
mechanisms,qwen3.8-27b,REDUNDANT_NOISE__M_TEXT,aiops2025,mixed,7,0.19047619047619047,7,0.0,7,0.42857142857142855,7,0.42857142857142855,7,0.23809523809523808,7,0.31428571428571433
mechanisms,qwen3.8-27b,REDUNDANT_NOISE__M_TEXT,aiops2025,node,6,0.2833333333333333,6,0.16666666666666666,6,0.3333333333333333,6,0.5,6,0.27777777777777773,6,0.3333333333333333
mechanisms,qwen3.8-27b,REDUNDANT_NOISE__M_TEXT,aiops2025,service,7,0.20714285714285713,7,0.0,7,0.2857142857142857,7,0.5714285714285714,7,0.19047619047619047,7,0.31428571428571433
mechanisms,qwen3.8-27b,REDUNDANT_NOISE__M_TEXT,re2_ob,service,20,0.8583333333333334,20,0.8,20,0.95,20,0.95,20,0.8666666666666666,20,0.9
mechanisms,qwen3.8-27b,REDUNDANT_NOISE__M_TEXT,re2_tt,service,20,0.5125,20,0.4,20,0.65,20,0.7,20,0.5166666666666666,20,0.5900000000000001
mechanisms,qwen3.8-27b,REMOVE_MATCHED_NONTARGET__C_CONTRAST,aegislab,service,17,0.242156862745098,17,0.058823529411764705,17,0.4117647058823529,17,0.5294117647058824,17,0.2549019607843137,17,0.35294117647058826
mechanisms,qwen3.8-27b,REMOVE_MATCHED_NONTARGET__C_CONTRAST,aiops2022,node,1,1.0,1,1.0,1,1.0,1,1.0,1,1.0,1,1.0
mechanisms,qwen3.8-27b,REMOVE_MATCHED_NONTARGET__C_CONTRAST,aiops2022,pod,5,0.2,5,0.2,5,0.2,5,0.2,5,0.2,5,0.2
mechanisms,qwen3.8-27b,REMOVE_MATCHED_NONTARGET__C_CONTRAST,aiops2025,mixed,6,0.2638888888888889,6,0.0,6,0.5,6,0.6666666666666666,6,0.27777777777777773,6,0.43333333333333335
mechanisms,qwen3.8-27b,REMOVE_MATCHED_NONTARGET__C_CONTRAST,aiops2025,node,6,0.3333333333333333,6,0.3333333333333333,6,0.3333333333333333,6,0.3333333333333333,6,0.3333333333333333,6,0.3333333333333333
mechanisms,qwen3.8-27b,REMOVE_MATCHED_NONTARGET__C_CONTRAST,aiops2025,service,5,0.35,5,0.2,5,0.4,5,0.6,5,0.3333333333333333,5,0.44000000000000006
mechanisms,qwen3.8-27b,REMOVE_MATCHED_NONTARGET__C_CONTRAST,re2_ob,service,20,0.8916666666666666,20,0.85,20,0.95,20,0.95,20,0.9,20,0.9199999999999999
mechanisms,qwen3.8-27b,REMOVE_MATCHED_NONTARGET__C_CONTRAST,re2_tt,service,20,0.6375,20,0.5,20,0.8,20,0.85,20,0.65,20,0.73
mechanisms,qwen3.8-27b,REMOVE_MATCHED_NONTARGET__M_TEXT,aegislab,service,17,0.38235294117647056,17,0.17647058823529413,17,0.47058823529411764,17,0.7058823529411765,17,0.37254901960784315,17,0.5058823529411764
mechanisms,qwen3.8-27b,REMOVE_MATCHED_NONTARGET__M_TEXT,aiops2022,node,1,1.0,1,1.0,1,1.0,1,1.0,1,1.0,1,1.0
mechanisms,qwen3.8-27b,REMOVE_MATCHED_NONTARGET__M_TEXT,aiops2022,pod,5,0.24,5,0.2,5,0.2,5,0.4,5,0.2,5,0.24
mechanisms,qwen3.8-27b,REMOVE_MATCHED_NONTARGET__M_TEXT,aiops2025,mixed,6,0.34722222222222215,6,0.16666666666666666,6,0.5,6,0.6666666666666666,6,0.3333333333333333,6,0.4666666666666666
mechanisms,qwen3.8-27b,REMOVE_MATCHED_NONTARGET__M_TEXT,aiops2025,node,5,0.13999999999999999,5,0.0,5,0.2,5,0.4,5,0.13333333333333333,5,0.2
mechanisms,qwen3.8-27b,REMOVE_MATCHED_NONTARGET__M_TEXT,aiops2025,service,5,0.29,5,0.0,5,0.4,5,0.8,5,0.26666666666666666,5,0.44000000000000006
mechanisms,qwen3.8-27b,REMOVE_MATCHED_NONTARGET__M_TEXT,re2_ob,service,20,0.8958333333333334,20,0.85,20,0.95,20,1.0,20,0.8833333333333334,20,0.93
mechanisms,qwen3.8-27b,REMOVE_MATCHED_NONTARGET__M_TEXT,re2_tt,service,19,0.7456140350877193,19,0.631578947368421,19,0.8947368421052632,19,0.8947368421052632,19,0.7719298245614035,19,0.8210526315789474
mechanisms,qwen3.8-27b,REMOVE_TARGET__C_CONTRAST,aegislab,service,17,0.29901960784313725,17,0.11764705882352941,17,0.47058823529411764,17,0.5294117647058824,17,0.3333333333333333,17,0.4117647058823529
mechanisms,qwen3.8-27b,REMOVE_TARGET__C_CONTRAST,aiops2022,node,1,1.0,1,1.0,1,1.0,1,1.0,1,1.0,1,1.0
mechanisms,qwen3.8-27b,REMOVE_TARGET__C_CONTRAST,aiops2022,pod,5,0.0,5,0.0,5,0.0,5,0.0,5,0.0,5,0.0
mechanisms,qwen3.8-27b,REMOVE_TARGET__C_CONTRAST,aiops2025,mixed,6,0.3055555555555555,6,0.16666666666666666,6,0.5,6,0.5,6,0.3333333333333333,6,0.39999999999999997
mechanisms,qwen3.8-27b,REMOVE_TARGET__C_CONTRAST,aiops2025,node,6,0.3333333333333333,6,0.3333333333333333,6,0.3333333333333333,6,0.3333333333333333,6,0.3333333333333333,6,0.3333333333333333
mechanisms,qwen3.8-27b,REMOVE_TARGET__C_CONTRAST,aiops2025,service,6,0.2916666666666667,6,0.16666666666666666,6,0.3333333333333333,6,0.5,6,0.27777777777777773,6,0.3666666666666667
mechanisms,qwen3.8-27b,REMOVE_TARGET__C_CONTRAST,re2_ob,service,20,0.8291666666666666,20,0.7,20,0.95,20,1.0,20,0.85,20,0.9099999999999999
mechanisms,qwen3.8-27b,REMOVE_TARGET__C_CONTRAST,re2_tt,service,20,0.6708333333333333,20,0.55,20,0.8,20,0.85,20,0.6833333333333333,20,0.75
mechanisms,qwen3.8-27b,REMOVE_TARGET__M_TEXT,aegislab,service,17,0.23529411764705882,17,0.17647058823529413,17,0.23529411764705882,17,0.35294117647058826,17,0.2156862745098039,17,0.27058823529411763
mechanisms,qwen3.8-27b,REMOVE_TARGET__M_TEXT,aiops2022,node,1,1.0,1,1.0,1,1.0,1,1.0,1,1.0,1,1.0
mechanisms,qwen3.8-27b,REMOVE_TARGET__M_TEXT,aiops2022,pod,5,0.04,5,0.0,5,0.0,5,0.2,5,0.0,5,0.04
mechanisms,qwen3.8-27b,REMOVE_TARGET__M_TEXT,aiops2025,mixed,6,0.041666666666666664,6,0.0,6,0.0,6,0.16666666666666666,6,0.0,6,0.06666666666666667
mechanisms,qwen3.8-27b,REMOVE_TARGET__M_TEXT,aiops2025,node,6,0.3333333333333333,6,0.3333333333333333,6,0.3333333333333333,6,0.3333333333333333,6,0.3333333333333333,6,0.3333333333333333
mechanisms,qwen3.8-27b,REMOVE_TARGET__M_TEXT,aiops2025,service,6,0.2638888888888889,6,0.16666666666666666,6,0.3333333333333333,6,0.5,6,0.2222222222222222,6,0.3333333333333333
mechanisms,qwen3.8-27b,REMOVE_TARGET__M_TEXT,re2_ob,service,20,0.8708333333333333,20,0.8,20,0.95,20,1.0,20,0.8666666666666666,20,0.9199999999999999
mechanisms,qwen3.8-27b,REMOVE_TARGET__M_TEXT,re2_tt,service,20,0.5458333333333333,20,0.45,20,0.65,20,0.7,20,0.55,20,0.61
mechanisms,qwen3.8-27b,REPLICATE_1__C_CONTRAST,aegislab,service,19,0.2421052631578947,19,0.05263157894736842,19,0.42105263157894735,19,0.5789473684210527,19,0.24561403508771926,19,0.34736842105263155
mechanisms,qwen3.8-27b,REPLICATE_1__C_CONTRAST,aiops2022,node,5,0.2,5,0.2,5,0.2,5,0.2,5,0.2,5,0.2
mechanisms,qwen3.8-27b,REPLICATE_1__C_CONTRAST,aiops2022,pod,8,0.125,8,0.125,8,0.125,8,0.125,8,0.125,8,0.125
mechanisms,qwen3.8-27b,REPLICATE_1__C_CONTRAST,aiops2022,service,7,0.2857142857142857,7,0.14285714285714285,7,0.42857142857142855,7,0.42857142857142855,7,0.3333333333333333,7,0.37142857142857144
mechanisms,qwen3.8-27b,REPLICATE_1__C_CONTRAST,aiops2025,mixed,7,0.4095238095238095,7,0.14285714285714285,7,0.7142857142857143,7,0.8571428571428571,7,0.42857142857142855,7,0.5714285714285714
mechanisms,qwen3.8-27b,REPLICATE_1__C_CONTRAST,aiops2025,node,6,0.3333333333333333,6,0.3333333333333333,6,0.3333333333333333,6,0.3333333333333333,6,0.3333333333333333,6,0.3333333333333333
mechanisms,qwen3.8-27b,REPLICATE_1__C_CONTRAST,aiops2025,service,7,0.39285714285714285,7,0.2857142857142857,7,0.42857142857142855,7,0.5714285714285714,7,0.38095238095238093,7,0.4571428571428572
mechanisms,qwen3.8-27b,REPLICATE_1__C_CONTRAST,re2_ob,service,20,0.8458333333333334,20,0.75,20,0.95,20,1.0,20,0.85,20,0.9099999999999999
mechanisms,qwen3.8-27b,REPLICATE_1__C_CONTRAST,re2_tt,service,20,0.7125,20,0.6,20,0.85,20,0.9,20,0.7166666666666667,20,0.79
mechanisms,qwen3.8-27b,REPLICATE_1__M_TEXT,aegislab,service,20,0.36666666666666664,20,0.25,20,0.45,20,0.55,20,0.36666666666666664,20,0.44000000000000006
mechanisms,qwen3.8-27b,REPLICATE_1__M_TEXT,aiops2022,node,5,0.2,5,0.2,5,0.2,5,0.2,5,0.2,5,0.2
mechanisms,qwen3.8-27b,REPLICATE_1__M_TEXT,aiops2022,pod,8,0.15,8,0.125,8,0.125,8,0.25,8,0.125,8,0.15
mechanisms,qwen3.8-27b,REPLICATE_1__M_TEXT,aiops2022,service,7,0.21428571428571427,7,0.14285714285714285,7,0.2857142857142857,7,0.2857142857142857,7,0.23809523809523808,7,0.2571428571428572
mechanisms,qwen3.8-27b,REPLICATE_1__M_TEXT,aiops2025,mixed,6,0.34722222222222215,6,0.16666666666666666,6,0.5,6,0.6666666666666666,6,0.3333333333333333,6,0.4666666666666666
mechanisms,qwen3.8-27b,REPLICATE_1__M_TEXT,aiops2025,node,6,0.2222222222222222,6,0.16666666666666666,6,0.3333333333333333,6,0.3333333333333333,6,0.2222222222222222,6,0.26666666666666666
mechanisms,qwen3.8-27b,REPLICATE_1__M_TEXT,aiops2025,service,7,0.3333333333333333,7,0.14285714285714285,7,0.5714285714285714,7,0.5714285714285714,7,0.38095238095238093,7,0.4571428571428572
mechanisms,qwen3.8-27b,REPLICATE_1__M_TEXT,re2_ob,service,20,0.8666666666666666,20,0.8,20,0.9,20,1.0,20,0.85,20,0.9099999999999999
mechanisms,qwen3.8-27b,REPLICATE_1__M_TEXT,re2_tt,service,20,0.7041666666666667,20,0.55,20,0.85,20,0.9,20,0.7333333333333333,20,0.8
mechanisms,qwen3.8-27b,REPLICATE_2__C_CONTRAST,aegislab,service,20,0.22999999999999998,20,0.05,20,0.4,20,0.55,20,0.2333333333333333,20,0.32999999999999996
mechanisms,qwen3.8-27b,REPLICATE_2__C_CONTRAST,aiops2022,node,5,0.2,5,0.2,5,0.2,5,0.2,5,0.2,5,0.2
mechanisms,qwen3.8-27b,REPLICATE_2__C_CONTRAST,aiops2022,pod,8,0.125,8,0.125,8,0.125,8,0.125,8,0.125,8,0.125
mechanisms,qwen3.8-27b,REPLICATE_2__C_CONTRAST,aiops2022,service,7,0.2857142857142857,7,0.14285714285714285,7,0.42857142857142855,7,0.42857142857142855,7,0.3333333333333333,7,0.37142857142857144
mechanisms,qwen3.8-27b,REPLICATE_2__C_CONTRAST,aiops2025,mixed,6,0.4444444444444444,6,0.16666666666666666,6,0.8333333333333334,6,0.8333333333333334,6,0.5,6,0.6333333333333333
mechanisms,qwen3.8-27b,REPLICATE_2__C_CONTRAST,aiops2025,node,6,0.3333333333333333,6,0.3333333333333333,6,0.3333333333333333,6,0.3333333333333333,6,0.3333333333333333,6,0.3333333333333333
mechanisms,qwen3.8-27b,REPLICATE_2__C_CONTRAST,aiops2025,service,7,0.39285714285714285,7,0.2857142857142857,7,0.42857142857142855,7,0.5714285714285714,7,0.38095238095238093,7,0.4571428571428572
mechanisms,qwen3.8-27b,REPLICATE_2__C_CONTRAST,re2_ob,service,20,0.8458333333333334,20,0.75,20,0.95,20,1.0,20,0.85,20,0.9099999999999999
mechanisms,qwen3.8-27b,REPLICATE_2__C_CONTRAST,re2_tt,service,20,0.7125,20,0.6,20,0.85,20,0.9,20,0.7166666666666667,20,0.79
mechanisms,qwen3.8-27b,REPLICATE_2__M_TEXT,aegislab,service,20,0.35833333333333334,20,0.25,20,0.45,20,0.55,20,0.35,20,0.43
mechanisms,qwen3.8-27b,REPLICATE_2__M_TEXT,aiops2022,node,5,0.2,5,0.2,5,0.2,5,0.2,5,0.2,5,0.2
mechanisms,qwen3.8-27b,REPLICATE_2__M_TEXT,aiops2022,pod,8,0.15,8,0.125,8,0.125,8,0.25,8,0.125,8,0.15
mechanisms,qwen3.8-27b,REPLICATE_2__M_TEXT,aiops2022,service,7,0.25,7,0.14285714285714285,7,0.2857142857142857,7,0.42857142857142855,7,0.23809523809523808,7,0.31428571428571433
mechanisms,qwen3.8-27b,REPLICATE_2__M_TEXT,aiops2025,mixed,7,0.2261904761904762,7,0.14285714285714285,7,0.2857142857142857,7,0.42857142857142855,7,0.19047619047619047,7,0.2857142857142857
mechanisms,qwen3.8-27b,REPLICATE_2__M_TEXT,aiops2025,node,6,0.19999999999999998,6,0.16666666666666666,6,0.16666666666666666,6,0.3333333333333333,6,0.16666666666666666,6,0.19999999999999998
mechanisms,qwen3.8-27b,REPLICATE_2__M_TEXT,aiops2025,service,7,0.3333333333333333,7,0.14285714285714285,7,0.5714285714285714,7,0.5714285714285714,7,0.38095238095238093,7,0.4571428571428572
mechanisms,qwen3.8-27b,REPLICATE_2__M_TEXT,re2_ob,service,20,0.8666666666666666,20,0.8,20,0.9,20,1.0,20,0.85,20,0.9099999999999999
mechanisms,qwen3.8-27b,REPLICATE_2__M_TEXT,re2_tt,service,19,0.6885964912280702,19,0.5263157894736842,19,0.8421052631578947,19,0.8947368421052632,19,0.7192982456140351,19,0.7894736842105263
representation,gemma-4-26b-a4b,P0_C_CONTRAST,aegislab,service,100,0.36,100,0.36,100,0.36,100,0.36,100,0.36,100,0.36
representation,gemma-4-26b-a4b,P0_C_CONTRAST,aiops2022,node,29,0.3620689655172414,29,0.3448275862068966,29,0.3793103448275862,29,0.3793103448275862,29,0.367816091954023,29,0.3724137931034483
representation,gemma-4-26b-a4b,P0_C_CONTRAST,aiops2022,pod,38,0.18421052631578946,38,0.18421052631578946,38,0.18421052631578946,38,0.18421052631578946,38,0.18421052631578946,38,0.18421052631578946
representation,gemma-4-26b-a4b,P0_C_CONTRAST,aiops2022,service,33,0.15151515151515152,33,0.15151515151515152,33,0.15151515151515152,33,0.15151515151515152,33,0.15151515151515152,33,0.15151515151515152
representation,gemma-4-26b-a4b,P0_C_CONTRAST,aiops2025,mixed,35,0.14285714285714285,35,0.14285714285714285,35,0.14285714285714285,35,0.14285714285714285,35,0.14285714285714285,35,0.14285714285714285
representation,gemma-4-26b-a4b,P0_C_CONTRAST,aiops2025,node,22,0.22727272727272727,22,0.22727272727272727,22,0.22727272727272727,22,0.22727272727272727,22,0.22727272727272727,22,0.22727272727272727
representation,gemma-4-26b-a4b,P0_C_CONTRAST,aiops2025,service,43,0.18604651162790697,43,0.18604651162790697,43,0.18604651162790697,43,0.18604651162790697,43,0.18604651162790697,43,0.18604651162790697
representation,gemma-4-26b-a4b,P0_C_CONTRAST,re2_ob,service,90,0.8444444444444444,90,0.8444444444444444,90,0.8444444444444444,90,0.8444444444444444,90,0.8444444444444444,90,0.8444444444444444
representation,gemma-4-26b-a4b,P0_C_CONTRAST,re2_tt,service,90,0.7555555555555555,90,0.7555555555555555,90,0.7555555555555555,90,0.7555555555555555,90,0.7555555555555555,90,0.7555555555555555
representation,gemma-4-26b-a4b,P0_M_TEXT,aegislab,service,100,0.45,100,0.45,100,0.45,100,0.45,100,0.45,100,0.45
representation,gemma-4-26b-a4b,P0_M_TEXT,aiops2022,node,29,0.3103448275862069,29,0.3103448275862069,29,0.3103448275862069,29,0.3103448275862069,29,0.3103448275862069,29,0.3103448275862069
representation,gemma-4-26b-a4b,P0_M_TEXT,aiops2022,pod,38,0.39473684210526316,38,0.39473684210526316,38,0.39473684210526316,38,0.39473684210526316,38,0.39473684210526316,38,0.39473684210526316
representation,gemma-4-26b-a4b,P0_M_TEXT,aiops2022,service,33,0.15151515151515152,33,0.15151515151515152,33,0.15151515151515152,33,0.15151515151515152,33,0.15151515151515152,33,0.15151515151515152
representation,gemma-4-26b-a4b,P0_M_TEXT,aiops2025,mixed,35,0.14285714285714285,35,0.14285714285714285,35,0.14285714285714285,35,0.14285714285714285,35,0.14285714285714285,35,0.14285714285714285
representation,gemma-4-26b-a4b,P0_M_TEXT,aiops2025,node,22,0.13636363636363635,22,0.13636363636363635,22,0.13636363636363635,22,0.13636363636363635,22,0.13636363636363635,22,0.13636363636363635
representation,gemma-4-26b-a4b,P0_M_TEXT,aiops2025,service,43,0.3023255813953488,43,0.3023255813953488,43,0.3023255813953488,43,0.3023255813953488,43,0.3023255813953488,43,0.3023255813953488
representation,gemma-4-26b-a4b,P0_M_TEXT,re2_ob,service,90,0.8666666666666667,90,0.8666666666666667,90,0.8666666666666667,90,0.8666666666666667,90,0.8666666666666667,90,0.8666666666666667
representation,gemma-4-26b-a4b,P0_M_TEXT,re2_tt,service,90,0.6222222222222222,90,0.6222222222222222,90,0.6222222222222222,90,0.6222222222222222,90,0.6222222222222222,90,0.6222222222222222
representation,gemma-4-26b-a4b,P0_V_CONTRAST,aegislab,service,100,0.31,100,0.31,100,0.31,100,0.31,100,0.31,100,0.31
representation,gemma-4-26b-a4b,P0_V_CONTRAST,aiops2022,node,29,0.10344827586206896,29,0.10344827586206896,29,0.10344827586206896,29,0.10344827586206896,29,0.10344827586206896,29,0.10344827586206896
representation,gemma-4-26b-a4b,P0_V_CONTRAST,aiops2022,pod,38,0.05263157894736842,38,0.05263157894736842,38,0.05263157894736842,38,0.05263157894736842,38,0.05263157894736842,38,0.05263157894736842
representation,gemma-4-26b-a4b,P0_V_CONTRAST,aiops2022,service,33,0.09090909090909091,33,0.09090909090909091,33,0.09090909090909091,33,0.09090909090909091,33,0.09090909090909091,33,0.09090909090909091
representation,gemma-4-26b-a4b,P0_V_CONTRAST,aiops2025,mixed,35,0.08571428571428572,35,0.08571428571428572,35,0.08571428571428572,35,0.08571428571428572,35,0.08571428571428572,35,0.08571428571428572
representation,gemma-4-26b-a4b,P0_V_CONTRAST,aiops2025,node,22,0.13636363636363635,22,0.13636363636363635,22,0.13636363636363635,22,0.13636363636363635,22,0.13636363636363635,22,0.13636363636363635
representation,gemma-4-26b-a4b,P0_V_CONTRAST,aiops2025,service,43,0.13953488372093023,43,0.13953488372093023,43,0.13953488372093023,43,0.13953488372093023,43,0.13953488372093023,43,0.13953488372093023
representation,gemma-4-26b-a4b,P0_V_CONTRAST,re2_ob,service,90,0.4888888888888889,90,0.4888888888888889,90,0.4888888888888889,90,0.4888888888888889,90,0.4888888888888889,90,0.4888888888888889
representation,gemma-4-26b-a4b,P0_V_CONTRAST,re2_tt,service,90,0.3,90,0.3,90,0.3,90,0.3,90,0.3,90,0.3
representation,gemma-4-26b-a4b,P0_V_STANDARD,aegislab,service,100,0.33,100,0.33,100,0.33,100,0.33,100,0.33,100,0.33
representation,gemma-4-26b-a4b,P0_V_STANDARD,aiops2022,node,29,0.13793103448275862,29,0.13793103448275862,29,0.13793103448275862,29,0.13793103448275862,29,0.13793103448275862,29,0.13793103448275862
representation,gemma-4-26b-a4b,P0_V_STANDARD,aiops2022,pod,38,0.18421052631578946,38,0.18421052631578946,38,0.18421052631578946,38,0.18421052631578946,38,0.18421052631578946,38,0.18421052631578946
representation,gemma-4-26b-a4b,P0_V_STANDARD,aiops2022,service,33,0.18181818181818182,33,0.18181818181818182,33,0.18181818181818182,33,0.18181818181818182,33,0.18181818181818182,33,0.18181818181818182
representation,gemma-4-26b-a4b,P0_V_STANDARD,aiops2025,mixed,35,0.11428571428571428,35,0.11428571428571428,35,0.11428571428571428,35,0.11428571428571428,35,0.11428571428571428,35,0.11428571428571428
representation,gemma-4-26b-a4b,P0_V_STANDARD,aiops2025,node,22,0.09090909090909091,22,0.09090909090909091,22,0.09090909090909091,22,0.09090909090909091,22,0.09090909090909091,22,0.09090909090909091
representation,gemma-4-26b-a4b,P0_V_STANDARD,aiops2025,service,43,0.18604651162790697,43,0.18604651162790697,43,0.18604651162790697,43,0.18604651162790697,43,0.18604651162790697,43,0.18604651162790697
representation,gemma-4-26b-a4b,P0_V_STANDARD,re2_ob,service,90,0.45555555555555555,90,0.45555555555555555,90,0.45555555555555555,90,0.45555555555555555,90,0.45555555555555555,90,0.45555555555555555
representation,gemma-4-26b-a4b,P0_V_STANDARD,re2_tt,service,90,0.3333333333333333,90,0.3333333333333333,90,0.3333333333333333,90,0.3333333333333333,90,0.3333333333333333,90,0.3333333333333333
representation,gemma-4-26b-a4b,SC_C_CONTRAST,aegislab,service,100,0.42,100,0.42,100,0.42,100,0.42,100,0.42,100,0.42
representation,gemma-4-26b-a4b,SC_C_CONTRAST,aiops2022,node,29,0.27586206896551724,29,0.27586206896551724,29,0.27586206896551724,29,0.27586206896551724,29,0.27586206896551724,29,0.27586206896551724
representation,gemma-4-26b-a4b,SC_C_CONTRAST,aiops2022,pod,38,0.21052631578947367,38,0.21052631578947367,38,0.21052631578947367,38,0.21052631578947367,38,0.21052631578947367,38,0.21052631578947367
representation,gemma-4-26b-a4b,SC_C_CONTRAST,aiops2022,service,33,0.24242424242424243,33,0.24242424242424243,33,0.24242424242424243,33,0.24242424242424243,33,0.24242424242424243,33,0.24242424242424243
representation,gemma-4-26b-a4b,SC_C_CONTRAST,aiops2025,mixed,35,0.2,35,0.2,35,0.2,35,0.2,35,0.2,35,0.2
representation,gemma-4-26b-a4b,SC_C_CONTRAST,aiops2025,node,22,0.13636363636363635,22,0.13636363636363635,22,0.13636363636363635,22,0.13636363636363635,22,0.13636363636363635,22,0.13636363636363635
representation,gemma-4-26b-a4b,SC_C_CONTRAST,aiops2025,service,43,0.11627906976744186,43,0.11627906976744186,43,0.11627906976744186,43,0.11627906976744186,43,0.11627906976744186,43,0.11627906976744186
representation,gemma-4-26b-a4b,SC_C_CONTRAST,re2_ob,service,90,0.8666666666666667,90,0.8666666666666667,90,0.8666666666666667,90,0.8666666666666667,90,0.8666666666666667,90,0.8666666666666667
representation,gemma-4-26b-a4b,SC_C_CONTRAST,re2_tt,service,90,0.7888888888888889,90,0.7888888888888889,90,0.7888888888888889,90,0.7888888888888889,90,0.7888888888888889,90,0.7888888888888889
representation,gemma-4-26b-a4b,SC_M_TEXT,aegislab,service,100,0.39,100,0.39,100,0.39,100,0.39,100,0.39,100,0.39
representation,gemma-4-26b-a4b,SC_M_TEXT,aiops2022,node,29,0.13793103448275862,29,0.13793103448275862,29,0.13793103448275862,29,0.13793103448275862,29,0.13793103448275862,29,0.13793103448275862
representation,gemma-4-26b-a4b,SC_M_TEXT,aiops2022,pod,38,0.34210526315789475,38,0.34210526315789475,38,0.34210526315789475,38,0.34210526315789475,38,0.34210526315789475,38,0.34210526315789475
representation,gemma-4-26b-a4b,SC_M_TEXT,aiops2022,service,33,0.21212121212121213,33,0.21212121212121213,33,0.21212121212121213,33,0.21212121212121213,33,0.21212121212121213,33,0.21212121212121213
representation,gemma-4-26b-a4b,SC_M_TEXT,aiops2025,mixed,35,0.2,35,0.2,35,0.2,35,0.2,35,0.2,35,0.2
representation,gemma-4-26b-a4b,SC_M_TEXT,aiops2025,node,22,0.13636363636363635,22,0.13636363636363635,22,0.13636363636363635,22,0.13636363636363635,22,0.13636363636363635,22,0.13636363636363635
representation,gemma-4-26b-a4b,SC_M_TEXT,aiops2025,service,43,0.023255813953488372,43,0.023255813953488372,43,0.023255813953488372,43,0.023255813953488372,43,0.023255813953488372,43,0.023255813953488372
representation,gemma-4-26b-a4b,SC_M_TEXT,re2_ob,service,90,0.8333333333333334,90,0.8333333333333334,90,0.8333333333333334,90,0.8333333333333334,90,0.8333333333333334,90,0.8333333333333334
representation,gemma-4-26b-a4b,SC_M_TEXT,re2_tt,service,90,0.6444444444444445,90,0.6444444444444445,90,0.6444444444444445,90,0.6444444444444445,90,0.6444444444444445,90,0.6444444444444445
representation,gemma-4-26b-a4b,SC_V_CONTRAST,aegislab,service,100,0.24,100,0.24,100,0.24,100,0.24,100,0.24,100,0.24
representation,gemma-4-26b-a4b,SC_V_CONTRAST,aiops2022,node,29,0.10344827586206896,29,0.10344827586206896,29,0.10344827586206896,29,0.10344827586206896,29,0.10344827586206896,29,0.10344827586206896
representation,gemma-4-26b-a4b,SC_V_CONTRAST,aiops2022,pod,38,0.18421052631578946,38,0.18421052631578946,38,0.18421052631578946,38,0.18421052631578946,38,0.18421052631578946,38,0.18421052631578946
representation,gemma-4-26b-a4b,SC_V_CONTRAST,aiops2022,service,33,0.12121212121212122,33,0.12121212121212122,33,0.12121212121212122,33,0.12121212121212122,33,0.12121212121212122,33,0.12121212121212122
representation,gemma-4-26b-a4b,SC_V_CONTRAST,aiops2025,mixed,35,0.08571428571428572,35,0.08571428571428572,35,0.08571428571428572,35,0.08571428571428572,35,0.08571428571428572,35,0.08571428571428572
representation,gemma-4-26b-a4b,SC_V_CONTRAST,aiops2025,node,22,0.18181818181818182,22,0.18181818181818182,22,0.18181818181818182,22,0.18181818181818182,22,0.18181818181818182,22,0.18181818181818182
representation,gemma-4-26b-a4b,SC_V_CONTRAST,aiops2025,service,43,0.046511627906976744,43,0.046511627906976744,43,0.046511627906976744,43,0.046511627906976744,43,0.046511627906976744,43,0.046511627906976744
representation,gemma-4-26b-a4b,SC_V_CONTRAST,re2_ob,service,90,0.5111111111111111,90,0.5111111111111111,90,0.5111111111111111,90,0.5111111111111111,90,0.5111111111111111,90,0.5111111111111111
representation,gemma-4-26b-a4b,SC_V_CONTRAST,re2_tt,service,90,0.2,90,0.2,90,0.2,90,0.2,90,0.2,90,0.2
representation,gemma-4-26b-a4b,SC_V_STANDARD,aegislab,service,100,0.25,100,0.25,100,0.25,100,0.25,100,0.25,100,0.25
representation,gemma-4-26b-a4b,SC_V_STANDARD,aiops2022,node,29,0.13793103448275862,29,0.13793103448275862,29,0.13793103448275862,29,0.13793103448275862,29,0.13793103448275862,29,0.13793103448275862
representation,gemma-4-26b-a4b,SC_V_STANDARD,aiops2022,pod,38,0.21052631578947367,38,0.21052631578947367,38,0.21052631578947367,38,0.21052631578947367,38,0.21052631578947367,38,0.21052631578947367
representation,gemma-4-26b-a4b,SC_V_STANDARD,aiops2022,service,33,0.18181818181818182,33,0.18181818181818182,33,0.18181818181818182,33,0.18181818181818182,33,0.18181818181818182,33,0.18181818181818182
representation,gemma-4-26b-a4b,SC_V_STANDARD,aiops2025,mixed,35,0.08571428571428572,35,0.08571428571428572,35,0.08571428571428572,35,0.08571428571428572,35,0.08571428571428572,35,0.08571428571428572
representation,gemma-4-26b-a4b,SC_V_STANDARD,aiops2025,node,22,0.18181818181818182,22,0.18181818181818182,22,0.18181818181818182,22,0.18181818181818182,22,0.18181818181818182,22,0.18181818181818182
representation,gemma-4-26b-a4b,SC_V_STANDARD,aiops2025,service,43,0.11627906976744186,43,0.11627906976744186,43,0.11627906976744186,43,0.11627906976744186,43,0.11627906976744186,43,0.11627906976744186
representation,gemma-4-26b-a4b,SC_V_STANDARD,re2_ob,service,90,0.5888888888888889,90,0.5888888888888889,90,0.5888888888888889,90,0.5888888888888889,90,0.5888888888888889,90,0.5888888888888889
representation,gemma-4-26b-a4b,SC_V_STANDARD,re2_tt,service,90,0.24444444444444444,90,0.24444444444444444,90,0.24444444444444444,90,0.24444444444444444,90,0.24444444444444444,90,0.24444444444444444
representation,gemma-4-26b-a4b,SIRCL_TEXT,aegislab,service,100,0.2916666666666667,100,0.23,100,0.36,100,0.36,100,0.31,100,0.33
representation,gemma-4-26b-a4b,SIRCL_TEXT,aiops2022,node,29,0.3275862068965517,29,0.3103448275862069,29,0.3448275862068966,29,0.3448275862068966,29,0.3333333333333333,29,0.33793103448275863
representation,gemma-4-26b-a4b,SIRCL_TEXT,aiops2022,pod,38,0.27631578947368424,38,0.21052631578947367,38,0.3684210526315789,38,0.3684210526315789,38,0.2894736842105263,38,0.32105263157894737
representation,gemma-4-26b-a4b,SIRCL_TEXT,aiops2022,service,33,0.09595959595959595,33,0.06060606060606061,33,0.15151515151515152,33,0.15151515151515152,33,0.10101010101010101,33,0.12121212121212122
representation,gemma-4-26b-a4b,SIRCL_TEXT,aiops2025,mixed,35,0.2380952380952381,35,0.22857142857142856,35,0.2571428571428571,35,0.2571428571428571,35,0.2380952380952381,35,0.2457142857142857
representation,gemma-4-26b-a4b,SIRCL_TEXT,aiops2025,node,22,0.19696969696969696,22,0.18181818181818182,22,0.22727272727272727,22,0.22727272727272727,22,0.19696969696969696,22,0.20909090909090908
representation,gemma-4-26b-a4b,SIRCL_TEXT,aiops2025,service,43,0.4263565891472868,43,0.4186046511627907,43,0.4418604651162791,43,0.4418604651162791,43,0.4263565891472868,43,0.43255813953488376
representation,gemma-4-26b-a4b,SIRCL_TEXT,re2_ob,service,90,0.9537037037037036,90,0.9222222222222223,90,1.0,90,1.0,90,0.9592592592592593,90,0.9755555555555555
representation,gemma-4-26b-a4b,SIRCL_TEXT,re2_tt,service,90,0.9314814814814815,90,0.9111111111111111,90,0.9555555555555556,90,0.9555555555555556,90,0.937037037037037,90,0.9444444444444444
representation,gemma-4-26b-a4b,T,aegislab,service,100,0.415,100,0.4,100,0.43,100,0.43,100,0.42,100,0.424
representation,gemma-4-26b-a4b,T,aiops2022,node,29,0.3793103448275862,29,0.3793103448275862,29,0.3793103448275862,29,0.3793103448275862,29,0.3793103448275862,29,0.3793103448275862
representation,gemma-4-26b-a4b,T,aiops2022,pod,38,0.3157894736842105,38,0.3157894736842105,38,0.3157894736842105,38,0.3157894736842105,38,0.3157894736842105,38,0.3157894736842105
representation,gemma-4-26b-a4b,T,aiops2022,service,33,0.20707070707070707,33,0.18181818181818182,33,0.24242424242424243,33,0.24242424242424243,33,0.21212121212121213,33,0.22424242424242424
representation,gemma-4-26b-a4b,T,aiops2025,mixed,35,0.15238095238095237,35,0.14285714285714285,35,0.17142857142857143,35,0.17142857142857143,35,0.15238095238095237,35,0.16
representation,gemma-4-26b-a4b,T,aiops2025,node,22,0.18181818181818182,22,0.18181818181818182,22,0.18181818181818182,22,0.18181818181818182,22,0.18181818181818182,22,0.18181818181818182
representation,gemma-4-26b-a4b,T,aiops2025,service,43,0.2868217054263566,43,0.2558139534883721,43,0.32558139534883723,43,0.32558139534883723,43,0.2945736434108527,43,0.3069767441860465
representation,gemma-4-26b-a4b,T,re2_ob,service,90,0.8981481481481481,90,0.8888888888888888,90,0.9111111111111111,90,0.9111111111111111,90,0.9,90,0.9044444444444445
representation,gemma-4-26b-a4b,T,re2_tt,service,90,0.7333333333333333,90,0.6555555555555556,90,0.8222222222222222,90,0.8222222222222222,90,0.7555555555555555,90,0.7822222222222223
representation,gemma-4-26b-a4b,TPV,aegislab,service,100,0.415,100,0.4,100,0.43,100,0.43,100,0.42,100,0.424
representation,gemma-4-26b-a4b,TPV,aiops2022,node,29,0.1724137931034483,29,0.1724137931034483,29,0.1724137931034483,29,0.1724137931034483,29,0.1724137931034483,29,0.1724137931034483
representation,gemma-4-26b-a4b,TPV,aiops2022,pod,38,0.3684210526315789,38,0.3684210526315789,38,0.3684210526315789,38,0.3684210526315789,38,0.3684210526315789,38,0.3684210526315789
representation,gemma-4-26b-a4b,TPV,aiops2022,service,33,0.12121212121212122,33,0.12121212121212122,33,0.12121212121212122,33,0.12121212121212122,33,0.12121212121212122,33,0.12121212121212122
representation,gemma-4-26b-a4b,TPV,aiops2025,mixed,35,0.12857142857142856,35,0.11428571428571428,35,0.14285714285714285,35,0.14285714285714285,35,0.1333333333333333,35,0.13714285714285715
representation,gemma-4-26b-a4b,TPV,aiops2025,node,22,0.2424242424242424,22,0.22727272727272727,22,0.2727272727272727,22,0.2727272727272727,22,0.2424242424242424,22,0.2545454545454545
representation,gemma-4-26b-a4b,TPV,aiops2025,service,43,0.23255813953488372,43,0.20930232558139536,43,0.2558139534883721,43,0.2558139534883721,43,0.24031007751937983,43,0.24651162790697673
representation,gemma-4-26b-a4b,TPV,re2_ob,service,90,0.8888888888888888,90,0.8888888888888888,90,0.8888888888888888,90,0.8888888888888888,90,0.8888888888888888,90,0.8888888888888888
representation,gemma-4-26b-a4b,TPV,re2_tt,service,90,0.7611111111111111,90,0.7555555555555555,90,0.7666666666666667,90,0.7666666666666667,90,0.7629629629629631,90,0.7644444444444444
representation,qwen3.8-27b,P0_C_CONTRAST,aegislab,service,99,0.35488215488215485,99,0.21212121212121213,99,0.48484848484848486,99,0.5858585858585859,99,0.36026936026936024,99,0.4424242424242424
representation,qwen3.8-27b,P0_C_CONTRAST,aiops2022,node,29,0.40804597701149425,29,0.3793103448275862,29,0.4482758620689655,29,0.4482758620689655,29,0.41379310344827586,29,0.42758620689655175
representation,qwen3.8-27b,P0_C_CONTRAST,aiops2022,pod,38,0.07236842105263158,38,0.02631578947368421,38,0.10526315789473684,38,0.13157894736842105,38,0.07894736842105263,38,0.1
representation,qwen3.8-27b,P0_C_CONTRAST,aiops2022,service,32,0.34375,32,0.15625,32,0.53125,32,0.59375,32,0.375,32,0.4625
representation,qwen3.8-27b,P0_C_CONTRAST,aiops2025,mixed,35,0.20666666666666667,35,0.08571428571428572,35,0.3142857142857143,35,0.42857142857142855,35,0.2,35,0.28
representation,qwen3.8-27b,P0_C_CONTRAST,aiops2025,node,22,0.26515151515151514,22,0.18181818181818182,22,0.36363636363636365,22,0.36363636363636365,22,0.28787878787878785,22,0.3181818181818182
representation,qwen3.8-27b,P0_C_CONTRAST,aiops2025,service,43,0.3562015503875969,43,0.2558139534883721,43,0.4418604651162791,43,0.5581395348837209,43,0.34108527131782945,43,0.4186046511627907
representation,qwen3.8-27b,P0_C_CONTRAST,re2_ob,service,87,0.8279693486590038,87,0.7126436781609196,87,0.9425287356321839,87,0.9770114942528736,87,0.8505747126436781,87,0.8988505747126437
representation,qwen3.8-27b,P0_C_CONTRAST,re2_tt,service,88,0.7068181818181819,88,0.6136363636363636,88,0.8181818181818182,88,0.8295454545454546,88,0.7272727272727273,88,0.765909090909091
representation,qwen3.8-27b,P0_M_TEXT,aegislab,service,99,0.4444444444444444,99,0.30303030303030304,99,0.5858585858585859,99,0.6262626262626263,99,0.47138047138047134,99,0.5333333333333333
representation,qwen3.8-27b,P0_M_TEXT,aiops2022,node,29,0.3936781609195402,29,0.3448275862068966,29,0.4482758620689655,29,0.4827586206896552,29,0.39080459770114945,29,0.42758620689655175
representation,qwen3.8-27b,P0_M_TEXT,aiops2022,pod,38,0.1368421052631579,38,0.10526315789473684,38,0.13157894736842105,38,0.21052631578947367,38,0.12280701754385963,38,0.15263157894736842
representation,qwen3.8-27b,P0_M_TEXT,aiops2022,service,33,0.23484848484848486,33,0.15151515151515152,33,0.2727272727272727,33,0.36363636363636365,33,0.2323232323232323,33,0.28484848484848485
representation,qwen3.8-27b,P0_M_TEXT,aiops2025,mixed,35,0.16904761904761906,35,0.05714285714285714,35,0.2857142857142857,35,0.3142857142857143,35,0.19047619047619047,35,0.24000000000000002
representation,qwen3.8-27b,P0_M_TEXT,aiops2025,node,22,0.22727272727272727,22,0.18181818181818182,22,0.2727272727272727,22,0.2727272727272727,22,0.2424242424242424,22,0.2545454545454545
representation,qwen3.8-27b,P0_M_TEXT,aiops2025,service,43,0.38953488372093026,43,0.27906976744186046,43,0.5348837209302325,43,0.5581395348837209,43,0.40310077519379844,43,0.46511627906976744
representation,qwen3.8-27b,P0_M_TEXT,re2_ob,service,89,0.8632958801498127,89,0.797752808988764,89,0.9438202247191011,89,0.9662921348314607,89,0.8689138576779025,89,0.9078651685393259
representation,qwen3.8-27b,P0_M_TEXT,re2_tt,service,90,0.775,90,0.6888888888888889,90,0.8777777777777778,90,0.8888888888888888,90,0.7925925925925925,90,0.8311111111111111
representation,qwen3.8-27b,P0_V_CONTRAST,aegislab,service,99,0.45151515151515154,99,0.31313131313131315,99,0.5959595959595959,99,0.6464646464646465,99,0.47138047138047134,99,0.5393939393939394
representation,qwen3.8-27b,P0_V_CONTRAST,aiops2022,node,29,0.1896551724137931,29,0.13793103448275862,29,0.2413793103448276,29,0.2413793103448276,29,0.20689655172413793,29,0.22068965517241382
representation,qwen3.8-27b,P0_V_CONTRAST,aiops2022,pod,36,0.11203703703703703,36,0.05555555555555555,36,0.16666666666666666,36,0.19444444444444445,36,0.12037037037037036,36,0.14444444444444446
representation,qwen3.8-27b,P0_V_CONTRAST,aiops2022,service,32,0.26666666666666666,32,0.125,32,0.40625,32,0.4375,32,0.3020833333333333,32,0.35000000000000003
representation,qwen3.8-27b,P0_V_CONTRAST,aiops2025,mixed,35,0.15,35,0.11428571428571428,35,0.17142857142857143,35,0.2,35,0.15238095238095237,35,0.17142857142857143
representation,qwen3.8-27b,P0_V_CONTRAST,aiops2025,node,22,0.2590909090909091,22,0.18181818181818182,22,0.2727272727272727,22,0.4090909090909091,22,0.2424242424242424,22,0.30000000000000004
representation,qwen3.8-27b,P0_V_CONTRAST,aiops2025,service,43,0.3844961240310077,43,0.27906976744186046,43,0.5348837209302325,43,0.5581395348837209,43,0.3953488372093023,43,0.4558139534883721
representation,qwen3.8-27b,P0_V_CONTRAST,re2_ob,service,89,0.74812734082397,89,0.6404494382022472,89,0.8764044943820225,89,0.9101123595505618,89,0.7602996254681649,89,0.8202247191011236
representation,qwen3.8-27b,P0_V_CONTRAST,re2_tt,service,89,0.5187265917602996,89,0.43820224719101125,89,0.6067415730337079,89,0.651685393258427,89,0.5205992509363296,89,0.5730337078651685
representation,qwen3.8-27b,P0_V_STANDARD,aegislab,service,97,0.40154639175257734,97,0.28865979381443296,97,0.5051546391752577,97,0.5670103092783505,97,0.41237113402061853,97,0.4721649484536083
representation,qwen3.8-27b,P0_V_STANDARD,aiops2022,node,29,0.2597701149425287,29,0.2413793103448276,29,0.27586206896551724,29,0.3103448275862069,29,0.2528735632183908,29,0.2689655172413793
representation,qwen3.8-27b,P0_V_STANDARD,aiops2022,pod,38,0.09210526315789473,38,0.05263157894736842,38,0.13157894736842105,38,0.13157894736842105,38,0.10526315789473684,38,0.11578947368421054
representation,qwen3.8-27b,P0_V_STANDARD,aiops2022,service,32,0.23958333333333331,32,0.15625,32,0.3125,32,0.375,32,0.23958333333333331,32,0.29375
representation,qwen3.8-27b,P0_V_STANDARD,aiops2025,mixed,35,0.13333333333333333,35,0.05714285714285714,35,0.2,35,0.2571428571428571,35,0.1333333333333333,35,0.18285714285714286
representation,qwen3.8-27b,P0_V_STANDARD,aiops2025,node,21,0.2261904761904762,21,0.14285714285714285,21,0.2857142857142857,21,0.3333333333333333,21,0.23809523809523808,21,0.2761904761904762
representation,qwen3.8-27b,P0_V_STANDARD,aiops2025,service,43,0.29651162790697677,43,0.18604651162790697,43,0.37209302325581395,43,0.4883720930232558,43,0.28682170542635654,43,0.3674418604651163
representation,qwen3.8-27b,P0_V_STANDARD,re2_ob,service,90,0.7809259259259259,90,0.6666666666666666,90,0.9,90,0.9444444444444444,90,0.7962962962962964,90,0.8533333333333333
representation,qwen3.8-27b,P0_V_STANDARD,re2_tt,service,89,0.5262172284644195,89,0.42696629213483145,89,0.6292134831460674,89,0.6741573033707865,89,0.5355805243445693,89,0.5910112359550562
representation,qwen3.8-27b,SC_C_CONTRAST,aegislab,service,97,0.3802405498281787,97,0.23711340206185566,97,0.4948453608247423,97,0.6288659793814433,97,0.3745704467353952,97,0.46804123711340206
representation,qwen3.8-27b,SC_C_CONTRAST,aiops2022,node,29,0.40344827586206894,29,0.3793103448275862,29,0.41379310344827586,29,0.4482758620689655,29,0.4022988505747126,29,0.41379310344827586
representation,qwen3.8-27b,SC_C_CONTRAST,aiops2022,pod,37,0.1554054054054054,37,0.13513513513513514,37,0.16216216216216217,37,0.1891891891891892,37,0.15315315315315314,37,0.16756756756756758
representation,qwen3.8-27b,SC_C_CONTRAST,aiops2022,service,33,0.29040404040404044,33,0.15151515151515152,33,0.3939393939393939,33,0.48484848484848486,33,0.30303030303030304,33,0.3757575757575758
representation,qwen3.8-27b,SC_C_CONTRAST,aiops2025,mixed,35,0.2414285714285714,35,0.14285714285714285,35,0.3142857142857143,35,0.42857142857142855,35,0.22857142857142856,35,0.3028571428571428
representation,qwen3.8-27b,SC_C_CONTRAST,aiops2025,node,20,0.3125,20,0.25,20,0.35,20,0.4,20,0.31666666666666665,20,0.35
representation,qwen3.8-27b,SC_C_CONTRAST,aiops2025,service,40,0.3258333333333333,40,0.175,40,0.475,40,0.55,40,0.3416666666666667,40,0.42000000000000004
representation,qwen3.8-27b,SC_C_CONTRAST,re2_ob,service,89,0.8308988764044944,89,0.7303370786516854,89,0.9438202247191011,89,0.9662921348314607,89,0.8501872659176031,89,0.89438202247191
representation,qwen3.8-27b,SC_C_CONTRAST,re2_tt,service,88,0.7541666666666665,88,0.6704545454545454,88,0.8522727272727273,88,0.8863636363636364,88,0.7613636363636364,88,0.8090909090909091
representation,qwen3.8-27b,SC_M_TEXT,aegislab,service,99,0.4621212121212121,99,0.3434343434343434,99,0.5757575757575758,99,0.6464646464646465,99,0.46801346801346805,99,0.5393939393939394
representation,qwen3.8-27b,SC_M_TEXT,aiops2022,node,28,0.2976190476190476,28,0.25,28,0.35714285714285715,28,0.35714285714285715,28,0.3095238095238095,28,0.32857142857142857
representation,qwen3.8-27b,SC_M_TEXT,aiops2022,pod,37,0.23738738738738738,37,0.21621621621621623,37,0.24324324324324326,37,0.2972972972972973,37,0.22522522522522523,37,0.24864864864864863
representation,qwen3.8-27b,SC_M_TEXT,aiops2022,service,33,0.23333333333333334,33,0.15151515151515152,33,0.24242424242424243,33,0.3939393939393939,33,0.21212121212121213,33,0.2787878787878788
representation,qwen3.8-27b,SC_M_TEXT,aiops2025,mixed,35,0.2876190476190476,35,0.22857142857142856,35,0.3142857142857143,35,0.42857142857142855,35,0.26666666666666666,35,0.32
representation,qwen3.8-27b,SC_M_TEXT,aiops2025,node,22,0.2,22,0.13636363636363635,22,0.22727272727272727,22,0.3181818181818182,22,0.19696969696969696,22,0.22727272727272727
representation,qwen3.8-27b,SC_M_TEXT,aiops2025,service,42,0.326984126984127,42,0.16666666666666666,42,0.5,42,0.5952380952380952,42,0.3333333333333333,42,0.42857142857142855
representation,qwen3.8-27b,SC_M_TEXT,re2_ob,service,89,0.8380149812734082,89,0.7415730337078652,89,0.9325842696629213,89,0.9887640449438202,89,0.8426966292134831,89,0.901123595505618
representation,qwen3.8-27b,SC_M_TEXT,re2_tt,service,89,0.7368913857677902,89,0.6629213483146067,89,0.8314606741573034,89,0.8426966292134831,89,0.7490636704119851,89,0.7865168539325843
representation,qwen3.8-27b,SC_V_CONTRAST,aegislab,service,98,0.3579931972789116,98,0.23469387755102042,98,0.46938775510204084,98,0.5612244897959183,98,0.35714285714285715,98,0.4387755102040816
representation,qwen3.8-27b,SC_V_CONTRAST,aiops2022,node,29,0.1724137931034483,29,0.13793103448275862,29,0.20689655172413793,29,0.20689655172413793,29,0.1839080459770115,29,0.19310344827586207
representation,qwen3.8-27b,SC_V_CONTRAST,aiops2022,pod,38,0.07105263157894737,38,0.05263157894736842,38,0.07894736842105263,38,0.10526315789473684,38,0.07017543859649122,38,0.07894736842105263
representation,qwen3.8-27b,SC_V_CONTRAST,aiops2022,service,33,0.19797979797979798,33,0.06060606060606061,33,0.3333333333333333,33,0.36363636363636365,33,0.2323232323232323,33,0.2787878787878788
representation,qwen3.8-27b,SC_V_CONTRAST,aiops2025,mixed,35,0.1438095238095238,35,0.08571428571428572,35,0.2,35,0.22857142857142856,35,0.15238095238095237,35,0.17714285714285716
representation,qwen3.8-27b,SC_V_CONTRAST,aiops2025,node,22,0.14545454545454548,22,0.09090909090909091,22,0.13636363636363635,22,0.2727272727272727,22,0.1212121212121212,22,0.17272727272727273
representation,qwen3.8-27b,SC_V_CONTRAST,aiops2025,service,41,0.30284552845528456,41,0.21951219512195122,41,0.3902439024390244,41,0.4146341463414634,41,0.3170731707317073,41,0.35609756097560974
representation,qwen3.8-27b,SC_V_CONTRAST,re2_ob,service,90,0.7361111111111112,90,0.6,90,0.9,90,0.9111111111111111,90,0.7666666666666667,90,0.8244444444444444
representation,qwen3.8-27b,SC_V_CONTRAST,re2_tt,service,89,0.5440074906367041,89,0.42696629213483145,89,0.6853932584269663,89,0.7191011235955056,89,0.5580524344569288,89,0.6224719101123596
representation,qwen3.8-27b,SC_V_STANDARD,aegislab,service,98,0.39064625850340134,98,0.2653061224489796,98,0.5102040816326531,98,0.5714285714285714,98,0.4047619047619047,98,0.46938775510204084
representation,qwen3.8-27b,SC_V_STANDARD,aiops2022,node,28,0.13035714285714287,28,0.07142857142857142,28,0.14285714285714285,28,0.25,28,0.11904761904761904,28,0.15714285714285717
representation,qwen3.8-27b,SC_V_STANDARD,aiops2022,pod,38,0.08552631578947369,38,0.07894736842105263,38,0.07894736842105263,38,0.10526315789473684,38,0.07894736842105263,38,0.08947368421052632
representation,qwen3.8-27b,SC_V_STANDARD,aiops2022,service,33,0.21414141414141413,33,0.12121212121212122,33,0.2727272727272727,33,0.3939393939393939,33,0.202020202020202,33,0.26666666666666666
representation,qwen3.8-27b,SC_V_STANDARD,aiops2025,mixed,35,0.09476190476190476,35,0.02857142857142857,35,0.14285714285714285,35,0.22857142857142856,35,0.08571428571428572,35,0.13142857142857145
representation,qwen3.8-27b,SC_V_STANDARD,aiops2025,node,22,0.19318181818181818,22,0.13636363636363635,22,0.22727272727272727,22,0.2727272727272727,22,0.19696969696969696,22,0.22727272727272727
representation,qwen3.8-27b,SC_V_STANDARD,aiops2025,service,42,0.25476190476190474,42,0.14285714285714285,42,0.35714285714285715,42,0.42857142857142855,42,0.2619047619047619,42,0.3238095238095238
representation,qwen3.8-27b,SC_V_STANDARD,re2_ob,service,90,0.7740740740740741,90,0.6444444444444445,90,0.9222222222222223,90,0.9444444444444444,90,0.8,90,0.8577777777777779
representation,qwen3.8-27b,SC_V_STANDARD,re2_tt,service,90,0.5842592592592593,90,0.4666666666666667,90,0.7,90,0.7555555555555555,90,0.5962962962962963,90,0.66
representation,qwen3.8-27b,SIRCL_TEXT,aegislab,service,100,0.4225,100,0.31,100,0.56,100,0.57,100,0.44666666666666666,100,0.496
representation,qwen3.8-27b,SIRCL_TEXT,aiops2022,node,29,0.3919540229885058,29,0.3448275862068966,29,0.4482758620689655,29,0.4827586206896552,29,0.39080459770114945,29,0.42068965517241375
representation,qwen3.8-27b,SIRCL_TEXT,aiops2022,pod,38,0.29473684210526313,38,0.18421052631578946,38,0.4473684210526316,38,0.47368421052631576,38,0.30701754385964913,38,0.3684210526315789
representation,qwen3.8-27b,SIRCL_TEXT,aiops2022,service,33,0.20555555555555555,33,0.12121212121212122,33,0.2727272727272727,33,0.3333333333333333,33,0.21212121212121213,33,0.2545454545454546
representation,qwen3.8-27b,SIRCL_TEXT,aiops2025,mixed,34,0.18872549019607843,34,0.14705882352941177,34,0.23529411764705882,34,0.2647058823529412,34,0.18627450980392157,34,0.21764705882352942
representation,qwen3.8-27b,SIRCL_TEXT,aiops2025,node,22,0.20454545454545456,22,0.18181818181818182,22,0.22727272727272727,22,0.22727272727272727,22,0.2121212121212121,22,0.21818181818181817
representation,qwen3.8-27b,SIRCL_TEXT,aiops2025,service,43,0.37790697674418605,43,0.32558139534883723,43,0.4418604651162791,43,0.46511627906976744,43,0.37984496124031003,43,0.41395348837209306
representation,qwen3.8-27b,SIRCL_TEXT,re2_ob,service,89,0.9194756554307115,89,0.8651685393258427,89,1.0,89,1.0,89,0.9288389513108615,89,0.9573033707865168
representation,qwen3.8-27b,SIRCL_TEXT,re2_tt,service,89,0.8689138576779025,89,0.797752808988764,89,0.9438202247191011,89,0.9438202247191011,89,0.8913857677902621,89,0.9123595505617977
representation,qwen3.8-27b,T,aegislab,service,100,0.44333333333333336,100,0.31,100,0.6,100,0.62,100,0.47,100,0.53
representation,qwen3.8-27b,T,aiops2022,node,28,0.34523809523809523,28,0.2857142857142857,28,0.42857142857142855,28,0.42857142857142855,28,0.35714285714285715,28,0.38571428571428573
representation,qwen3.8-27b,T,aiops2022,pod,38,0.08771929824561404,38,0.07894736842105263,38,0.10526315789473684,38,0.10526315789473684,38,0.08771929824561404,38,0.09473684210526316
representation,qwen3.8-27b,T,aiops2022,service,33,0.33585858585858586,33,0.21212121212121213,33,0.48484848484848486,33,0.5151515151515151,33,0.35353535353535354,33,0.4181818181818182
representation,qwen3.8-27b,T,aiops2025,mixed,35,0.16904761904761906,35,0.05714285714285714,35,0.3142857142857143,35,0.34285714285714286,35,0.18095238095238095,35,0.2457142857142857
representation,qwen3.8-27b,T,aiops2025,node,22,0.16818181818181818,22,0.13636363636363635,22,0.18181818181818182,22,0.22727272727272727,22,0.16666666666666666,22,0.18181818181818182
representation,qwen3.8-27b,T,aiops2025,service,43,0.25,43,0.11627906976744186,43,0.4186046511627907,43,0.4418604651162791,43,0.2713178294573643,43,0.3395348837209302
representation,qwen3.8-27b,T,re2_ob,service,89,0.8327715355805243,89,0.7303370786516854,89,0.9550561797752809,89,0.9775280898876404,89,0.8501872659176031,89,0.898876404494382
representation,qwen3.8-27b,T,re2_tt,service,90,0.7916666666666666,90,0.7333333333333333,90,0.8666666666666667,90,0.8777777777777778,90,0.8,90,0.8311111111111111
representation,qwen3.8-27b,TPV,aegislab,service,100,0.5308333333333334,100,0.41,100,0.67,100,0.68,100,0.56,100,0.6080000000000001
representation,qwen3.8-27b,TPV,aiops2022,node,29,0.33448275862068966,29,0.3103448275862069,29,0.3448275862068966,29,0.3793103448275862,29,0.3333333333333333,29,0.3448275862068966
representation,qwen3.8-27b,TPV,aiops2022,pod,38,0.24342105263157895,38,0.18421052631578946,38,0.3157894736842105,38,0.34210526315789475,38,0.2456140350877193,38,0.28421052631578947
representation,qwen3.8-27b,TPV,aiops2022,service,32,0.3072916666666667,32,0.1875,32,0.4375,32,0.4375,32,0.34375,32,0.38125
representation,qwen3.8-27b,TPV,aiops2025,mixed,35,0.21428571428571427,35,0.14285714285714285,35,0.3142857142857143,35,0.3142857142857143,35,0.22857142857142856,35,0.26285714285714284
representation,qwen3.8-27b,TPV,aiops2025,node,22,0.11363636363636363,22,0.09090909090909091,22,0.13636363636363635,22,0.13636363636363635,22,0.1212121212121212,22,0.12727272727272726
representation,qwen3.8-27b,TPV,aiops2025,service,43,0.5503875968992248,43,0.4883720930232558,43,0.627906976744186,43,0.627906976744186,43,0.5658914728682171,43,0.5906976744186047
representation,qwen3.8-27b,TPV,re2_ob,service,88,0.9346590909090909,88,0.9090909090909091,88,0.9659090909090909,88,0.9772727272727273,88,0.9356060606060606,88,0.9522727272727273
representation,qwen3.8-27b,TPV,re2_tt,service,87,0.8582375478927203,87,0.7931034482758621,87,0.9310344827586207,87,0.9310344827586207,87,0.8773946360153256,87,0.8988505747126437
selection,gemma-4-26b-a4b,P0_CAL,aegislab,service,100,0.4,100,0.4,100,0.4,100,0.4,100,0.4,100,0.4
selection,gemma-4-26b-a4b,P0_CAL,aiops2022,node,29,0.3448275862068966,29,0.3448275862068966,29,0.3448275862068966,29,0.3448275862068966,29,0.3448275862068966,29,0.3448275862068966
selection,gemma-4-26b-a4b,P0_CAL,aiops2022,pod,38,0.18421052631578946,38,0.18421052631578946,38,0.18421052631578946,38,0.18421052631578946,38,0.18421052631578946,38,0.18421052631578946
selection,gemma-4-26b-a4b,P0_CAL,aiops2022,service,33,0.15151515151515152,33,0.15151515151515152,33,0.15151515151515152,33,0.15151515151515152,33,0.15151515151515152,33,0.15151515151515152
selection,gemma-4-26b-a4b,P0_CAL,aiops2025,mixed,35,0.17142857142857143,35,0.17142857142857143,35,0.17142857142857143,35,0.17142857142857143,35,0.17142857142857143,35,0.17142857142857143
selection,gemma-4-26b-a4b,P0_CAL,aiops2025,node,22,0.22727272727272727,22,0.22727272727272727,22,0.22727272727272727,22,0.22727272727272727,22,0.22727272727272727,22,0.22727272727272727
selection,gemma-4-26b-a4b,P0_CAL,aiops2025,service,43,0.23255813953488372,43,0.23255813953488372,43,0.23255813953488372,43,0.23255813953488372,43,0.23255813953488372,43,0.23255813953488372
selection,gemma-4-26b-a4b,P0_CAL,re2_ob,service,90,0.9,90,0.9,90,0.9,90,0.9,90,0.9,90,0.9
selection,gemma-4-26b-a4b,P0_CAL,re2_tt,service,90,0.7333333333333333,90,0.7333333333333333,90,0.7333333333333333,90,0.7333333333333333,90,0.7333333333333333,90,0.7333333333333333
selection,gemma-4-26b-a4b,P0_MORE,aegislab,service,100,0.3,100,0.3,100,0.3,100,0.3,100,0.3,100,0.3
selection,gemma-4-26b-a4b,P0_MORE,aiops2022,node,29,0.41379310344827586,29,0.41379310344827586,29,0.41379310344827586,29,0.41379310344827586,29,0.41379310344827586,29,0.41379310344827586
selection,gemma-4-26b-a4b,P0_MORE,aiops2022,pod,38,0.02631578947368421,38,0.02631578947368421,38,0.02631578947368421,38,0.02631578947368421,38,0.02631578947368421,38,0.02631578947368421
selection,gemma-4-26b-a4b,P0_MORE,aiops2022,service,33,0.12121212121212122,33,0.12121212121212122,33,0.12121212121212122,33,0.12121212121212122,33,0.12121212121212122,33,0.12121212121212122
selection,gemma-4-26b-a4b,P0_MORE,aiops2025,mixed,35,0.11428571428571428,35,0.11428571428571428,35,0.11428571428571428,35,0.11428571428571428,35,0.11428571428571428,35,0.11428571428571428
selection,gemma-4-26b-a4b,P0_MORE,aiops2025,node,22,0.13636363636363635,22,0.13636363636363635,22,0.13636363636363635,22,0.13636363636363635,22,0.13636363636363635,22,0.13636363636363635
selection,gemma-4-26b-a4b,P0_MORE,aiops2025,service,43,0.046511627906976744,43,0.046511627906976744,43,0.046511627906976744,43,0.046511627906976744,43,0.046511627906976744,43,0.046511627906976744
selection,gemma-4-26b-a4b,P0_MORE,re2_ob,service,90,0.7888888888888889,90,0.7888888888888889,90,0.7888888888888889,90,0.7888888888888889,90,0.7888888888888889,90,0.7888888888888889
selection,gemma-4-26b-a4b,P0_MORE,re2_tt,service,90,0.6333333333333333,90,0.6333333333333333,90,0.6333333333333333,90,0.6333333333333333,90,0.6333333333333333,90,0.6333333333333333
selection,gemma-4-26b-a4b,SC_COVER,aegislab,service,100,0.4,100,0.4,100,0.4,100,0.4,100,0.4,100,0.4
selection,gemma-4-26b-a4b,SC_COVER,aiops2022,node,29,0.2413793103448276,29,0.2413793103448276,29,0.2413793103448276,29,0.2413793103448276,29,0.2413793103448276,29,0.2413793103448276
selection,gemma-4-26b-a4b,SC_COVER,aiops2022,pod,38,0.18421052631578946,38,0.18421052631578946,38,0.18421052631578946,38,0.18421052631578946,38,0.18421052631578946,38,0.18421052631578946
selection,gemma-4-26b-a4b,SC_COVER,aiops2022,service,33,0.3333333333333333,33,0.3333333333333333,33,0.3333333333333333,33,0.3333333333333333,33,0.3333333333333333,33,0.3333333333333333
selection,gemma-4-26b-a4b,SC_COVER,aiops2025,mixed,35,0.17142857142857143,35,0.17142857142857143,35,0.17142857142857143,35,0.17142857142857143,35,0.17142857142857143,35,0.17142857142857143
selection,gemma-4-26b-a4b,SC_COVER,aiops2025,node,22,0.22727272727272727,22,0.22727272727272727,22,0.22727272727272727,22,0.22727272727272727,22,0.22727272727272727,22,0.22727272727272727
selection,gemma-4-26b-a4b,SC_COVER,aiops2025,service,43,0.2558139534883721,43,0.2558139534883721,43,0.2558139534883721,43,0.2558139534883721,43,0.2558139534883721,43,0.2558139534883721
selection,gemma-4-26b-a4b,SC_COVER,re2_ob,service,90,0.8333333333333334,90,0.8333333333333334,90,0.8333333333333334,90,0.8333333333333334,90,0.8333333333333334,90,0.8333333333333334
selection,gemma-4-26b-a4b,SC_COVER,re2_tt,service,90,0.7444444444444445,90,0.7444444444444445,90,0.7444444444444445,90,0.7444444444444445,90,0.7444444444444445,90,0.7444444444444445
selection,gemma-4-26b-a4b,SC_FULL,aegislab,service,100,0.41,100,0.41,100,0.41,100,0.41,100,0.41,100,0.41
selection,gemma-4-26b-a4b,SC_FULL,aiops2022,node,29,0.27586206896551724,29,0.27586206896551724,29,0.27586206896551724,29,0.27586206896551724,29,0.27586206896551724,29,0.27586206896551724
selection,gemma-4-26b-a4b,SC_FULL,aiops2022,pod,38,0.21052631578947367,38,0.21052631578947367,38,0.21052631578947367,38,0.21052631578947367,38,0.21052631578947367,38,0.21052631578947367
selection,gemma-4-26b-a4b,SC_FULL,aiops2022,service,33,0.18181818181818182,33,0.18181818181818182,33,0.18181818181818182,33,0.18181818181818182,33,0.18181818181818182,33,0.18181818181818182
selection,gemma-4-26b-a4b,SC_FULL,aiops2025,mixed,35,0.1,35,0.08571428571428572,35,0.11428571428571428,35,0.11428571428571428,35,0.10476190476190476,35,0.10857142857142857
selection,gemma-4-26b-a4b,SC_FULL,aiops2025,node,22,0.13636363636363635,22,0.13636363636363635,22,0.13636363636363635,22,0.13636363636363635,22,0.13636363636363635,22,0.13636363636363635
selection,gemma-4-26b-a4b,SC_FULL,aiops2025,service,43,0.09302325581395349,43,0.09302325581395349,43,0.09302325581395349,43,0.09302325581395349,43,0.09302325581395349,43,0.09302325581395349
selection,gemma-4-26b-a4b,SC_FULL,re2_ob,service,90,0.8777777777777778,90,0.8777777777777778,90,0.8777777777777778,90,0.8777777777777778,90,0.8777777777777778,90,0.8777777777777778
selection,gemma-4-26b-a4b,SC_FULL,re2_tt,service,90,0.6888888888888889,90,0.6888888888888889,90,0.6888888888888889,90,0.6888888888888889,90,0.6888888888888889,90,0.6888888888888889
selection,gemma-4-26b-a4b,SC_MORE,aegislab,service,100,0.445,100,0.44,100,0.45,100,0.45,100,0.44666666666666666,100,0.44799999999999995
selection,gemma-4-26b-a4b,SC_MORE,aiops2022,node,29,0.27586206896551724,29,0.27586206896551724,29,0.27586206896551724,29,0.27586206896551724,29,0.27586206896551724,29,0.27586206896551724
selection,gemma-4-26b-a4b,SC_MORE,aiops2022,pod,38,0.2631578947368421,38,0.2631578947368421,38,0.2631578947368421,38,0.2631578947368421,38,0.2631578947368421,38,0.2631578947368421
selection,gemma-4-26b-a4b,SC_MORE,aiops2022,service,33,0.15151515151515152,33,0.15151515151515152,33,0.15151515151515152,33,0.15151515151515152,33,0.15151515151515152,33,0.15151515151515152
selection,gemma-4-26b-a4b,SC_MORE,aiops2025,mixed,35,0.17142857142857143,35,0.17142857142857143,35,0.17142857142857143,35,0.17142857142857143,35,0.17142857142857143,35,0.17142857142857143
selection,gemma-4-26b-a4b,SC_MORE,aiops2025,node,22,0.18181818181818182,22,0.18181818181818182,22,0.18181818181818182,22,0.18181818181818182,22,0.18181818181818182,22,0.18181818181818182
selection,gemma-4-26b-a4b,SC_MORE,aiops2025,service,43,0.16279069767441862,43,0.16279069767441862,43,0.16279069767441862,43,0.16279069767441862,43,0.16279069767441862,43,0.16279069767441862
selection,gemma-4-26b-a4b,SC_MORE,re2_ob,service,90,0.8777777777777778,90,0.8777777777777778,90,0.8777777777777778,90,0.8777777777777778,90,0.8777777777777778,90,0.8777777777777778
selection,gemma-4-26b-a4b,SC_MORE,re2_tt,service,90,0.7022222222222223,90,0.7,90,0.7,90,0.7111111111111111,90,0.7,90,0.7022222222222223
selection,gemma-4-26b-a4b,SC_NO_BACKBONE,aegislab,service,100,0.32,100,0.32,100,0.32,100,0.32,100,0.32,100,0.32
selection,gemma-4-26b-a4b,SC_NO_BACKBONE,aiops2022,node,29,0.3793103448275862,29,0.3793103448275862,29,0.3793103448275862,29,0.3793103448275862,29,0.3793103448275862,29,0.3793103448275862
selection,gemma-4-26b-a4b,SC_NO_BACKBONE,aiops2022,pod,38,0.0,38,0.0,38,0.0,38,0.0,38,0.0,38,0.0
selection,gemma-4-26b-a4b,SC_NO_BACKBONE,aiops2022,service,33,0.21212121212121213,33,0.21212121212121213,33,0.21212121212121213,33,0.21212121212121213,33,0.21212121212121213,33,0.21212121212121213
selection,gemma-4-26b-a4b,SC_NO_BACKBONE,aiops2025,mixed,35,0.05714285714285714,35,0.05714285714285714,35,0.05714285714285714,35,0.05714285714285714,35,0.05714285714285714,35,0.05714285714285714
selection,gemma-4-26b-a4b,SC_NO_BACKBONE,aiops2025,node,22,0.4090909090909091,22,0.4090909090909091,22,0.4090909090909091,22,0.4090909090909091,22,0.4090909090909091,22,0.4090909090909091
selection,gemma-4-26b-a4b,SC_NO_BACKBONE,aiops2025,service,43,0.023255813953488372,43,0.023255813953488372,43,0.023255813953488372,43,0.023255813953488372,43,0.023255813953488372,43,0.023255813953488372
selection,gemma-4-26b-a4b,SC_NO_BACKBONE,re2_ob,service,90,0.7888888888888889,90,0.7888888888888889,90,0.7888888888888889,90,0.7888888888888889,90,0.7888888888888889,90,0.7888888888888889
selection,gemma-4-26b-a4b,SC_NO_BACKBONE,re2_tt,service,90,0.6444444444444445,90,0.6444444444444445,90,0.6444444444444445,90,0.6444444444444445,90,0.6444444444444445,90,0.6444444444444445
selection,gemma-4-26b-a4b,SC_NO_STRATA,aegislab,service,100,0.44,100,0.44,100,0.44,100,0.44,100,0.44,100,0.44
selection,gemma-4-26b-a4b,SC_NO_STRATA,aiops2022,node,29,0.27586206896551724,29,0.27586206896551724,29,0.27586206896551724,29,0.27586206896551724,29,0.27586206896551724,29,0.27586206896551724
selection,gemma-4-26b-a4b,SC_NO_STRATA,aiops2022,pod,38,0.21052631578947367,38,0.21052631578947367,38,0.21052631578947367,38,0.21052631578947367,38,0.21052631578947367,38,0.21052631578947367
selection,gemma-4-26b-a4b,SC_NO_STRATA,aiops2022,service,33,0.2727272727272727,33,0.2727272727272727,33,0.2727272727272727,33,0.2727272727272727,33,0.2727272727272727,33,0.2727272727272727
selection,gemma-4-26b-a4b,SC_NO_STRATA,aiops2025,mixed,35,0.14285714285714285,35,0.14285714285714285,35,0.14285714285714285,35,0.14285714285714285,35,0.14285714285714285,35,0.14285714285714285
selection,gemma-4-26b-a4b,SC_NO_STRATA,aiops2025,node,22,0.22727272727272727,22,0.22727272727272727,22,0.22727272727272727,22,0.22727272727272727,22,0.22727272727272727,22,0.22727272727272727
selection,gemma-4-26b-a4b,SC_NO_STRATA,aiops2025,service,43,0.16279069767441862,43,0.16279069767441862,43,0.16279069767441862,43,0.16279069767441862,43,0.16279069767441862,43,0.16279069767441862
selection,gemma-4-26b-a4b,SC_NO_STRATA,re2_ob,service,90,0.8555555555555555,90,0.8555555555555555,90,0.8555555555555555,90,0.8555555555555555,90,0.8555555555555555,90,0.8555555555555555
selection,gemma-4-26b-a4b,SC_NO_STRATA,re2_tt,service,90,0.6333333333333333,90,0.6333333333333333,90,0.6333333333333333,90,0.6333333333333333,90,0.6333333333333333,90,0.6333333333333333
selection,gemma-4-26b-a4b,SC_STRICT_PAIR,aegislab,service,100,0.37,100,0.37,100,0.37,100,0.37,100,0.37,100,0.37
selection,gemma-4-26b-a4b,SC_STRICT_PAIR,aiops2022,node,29,0.27586206896551724,29,0.27586206896551724,29,0.27586206896551724,29,0.27586206896551724,29,0.27586206896551724,29,0.27586206896551724
selection,gemma-4-26b-a4b,SC_STRICT_PAIR,aiops2022,pod,38,0.23684210526315788,38,0.23684210526315788,38,0.23684210526315788,38,0.23684210526315788,38,0.23684210526315788,38,0.23684210526315788
selection,gemma-4-26b-a4b,SC_STRICT_PAIR,aiops2022,service,33,0.18181818181818182,33,0.18181818181818182,33,0.18181818181818182,33,0.18181818181818182,33,0.18181818181818182,33,0.18181818181818182
selection,gemma-4-26b-a4b,SC_STRICT_PAIR,aiops2025,mixed,35,0.11428571428571428,35,0.11428571428571428,35,0.11428571428571428,35,0.11428571428571428,35,0.11428571428571428,35,0.11428571428571428
selection,gemma-4-26b-a4b,SC_STRICT_PAIR,aiops2025,node,22,0.36363636363636365,22,0.36363636363636365,22,0.36363636363636365,22,0.36363636363636365,22,0.36363636363636365,22,0.36363636363636365
selection,gemma-4-26b-a4b,SC_STRICT_PAIR,aiops2025,service,43,0.3488372093023256,43,0.3488372093023256,43,0.3488372093023256,43,0.3488372093023256,43,0.3488372093023256,43,0.3488372093023256
selection,gemma-4-26b-a4b,SC_STRICT_PAIR,re2_ob,service,90,0.8888888888888888,90,0.8888888888888888,90,0.8888888888888888,90,0.8888888888888888,90,0.8888888888888888,90,0.8888888888888888
selection,gemma-4-26b-a4b,SC_STRICT_PAIR,re2_tt,service,90,0.6888888888888889,90,0.6888888888888889,90,0.6888888888888889,90,0.6888888888888889,90,0.6888888888888889,90,0.6888888888888889
selection,gemma-4-26b-a4b,X_ALIGNED,aegislab,service,100,0.28,100,0.28,100,0.28,100,0.28,100,0.28,100,0.28
selection,gemma-4-26b-a4b,X_ALIGNED,aiops2022,node,29,0.0,29,0.0,29,0.0,29,0.0,29,0.0,29,0.0
selection,gemma-4-26b-a4b,X_ALIGNED,aiops2022,pod,38,0.18421052631578946,38,0.18421052631578946,38,0.18421052631578946,38,0.18421052631578946,38,0.18421052631578946,38,0.18421052631578946
selection,gemma-4-26b-a4b,X_ALIGNED,aiops2022,service,33,0.2727272727272727,33,0.2727272727272727,33,0.2727272727272727,33,0.2727272727272727,33,0.2727272727272727,33,0.2727272727272727
selection,gemma-4-26b-a4b,X_ALIGNED,aiops2025,mixed,35,0.11428571428571428,35,0.11428571428571428,35,0.11428571428571428,35,0.11428571428571428,35,0.11428571428571428,35,0.11428571428571428
selection,gemma-4-26b-a4b,X_ALIGNED,aiops2025,node,22,0.045454545454545456,22,0.045454545454545456,22,0.045454545454545456,22,0.045454545454545456,22,0.045454545454545456,22,0.045454545454545456
selection,gemma-4-26b-a4b,X_ALIGNED,aiops2025,service,43,0.3953488372093023,43,0.3953488372093023,43,0.3953488372093023,43,0.3953488372093023,43,0.3953488372093023,43,0.3953488372093023
selection,gemma-4-26b-a4b,X_ALIGNED,re2_ob,service,90,0.6111111111111112,90,0.6111111111111112,90,0.6111111111111112,90,0.6111111111111112,90,0.6111111111111112,90,0.6111111111111112
selection,gemma-4-26b-a4b,X_ALIGNED,re2_tt,service,90,0.7388888888888889,90,0.7333333333333333,90,0.7444444444444445,90,0.7444444444444445,90,0.7407407407407408,90,0.7422222222222222
selection,gemma-4-26b-a4b,X_NATIVE_CAL,aegislab,service,100,0.295,100,0.29,100,0.3,100,0.3,100,0.2966666666666667,100,0.298
selection,gemma-4-26b-a4b,X_NATIVE_CAL,aiops2022,node,29,0.0,29,0.0,29,0.0,29,0.0,29,0.0,29,0.0
selection,gemma-4-26b-a4b,X_NATIVE_CAL,aiops2022,pod,38,0.15789473684210525,38,0.15789473684210525,38,0.15789473684210525,38,0.15789473684210525,38,0.15789473684210525,38,0.15789473684210525
selection,gemma-4-26b-a4b,X_NATIVE_CAL,aiops2022,service,33,0.24242424242424243,33,0.24242424242424243,33,0.24242424242424243,33,0.24242424242424243,33,0.24242424242424243,33,0.24242424242424243
selection,gemma-4-26b-a4b,X_NATIVE_CAL,aiops2025,mixed,35,0.14285714285714285,35,0.14285714285714285,35,0.14285714285714285,35,0.14285714285714285,35,0.14285714285714285,35,0.14285714285714285
selection,gemma-4-26b-a4b,X_NATIVE_CAL,aiops2025,node,22,0.0,22,0.0,22,0.0,22,0.0,22,0.0,22,0.0
selection,gemma-4-26b-a4b,X_NATIVE_CAL,aiops2025,service,43,0.5162790697674419,43,0.5116279069767442,43,0.5116279069767442,43,0.5348837209302325,43,0.5116279069767442,43,0.5162790697674419
selection,gemma-4-26b-a4b,X_NATIVE_CAL,re2_ob,service,90,0.6333333333333333,90,0.6333333333333333,90,0.6333333333333333,90,0.6333333333333333,90,0.6333333333333333,90,0.6333333333333333
selection,gemma-4-26b-a4b,X_NATIVE_CAL,re2_tt,service,90,0.8111111111111111,90,0.8111111111111111,90,0.8111111111111111,90,0.8111111111111111,90,0.8111111111111111,90,0.8111111111111111
selection,qwen3.8-27b,P0_CAL,aegislab,service,99,0.3922558922558923,99,0.26262626262626265,99,0.5252525252525253,99,0.5858585858585859,99,0.40404040404040403,99,0.4767676767676768
selection,qwen3.8-27b,P0_CAL,aiops2022,node,29,0.41206896551724137,29,0.3793103448275862,29,0.41379310344827586,29,0.4827586206896552,29,0.4022988505747126,29,0.42758620689655175
selection,qwen3.8-27b,P0_CAL,aiops2022,pod,38,0.11403508771929824,38,0.07894736842105263,38,0.15789473684210525,38,0.15789473684210525,38,0.12280701754385963,38,0.1368421052631579
selection,qwen3.8-27b,P0_CAL,aiops2022,service,33,0.32676767676767676,33,0.18181818181818182,33,0.42424242424242425,33,0.5454545454545454,33,0.3333333333333333,33,0.4121212121212121
selection,qwen3.8-27b,P0_CAL,aiops2025,mixed,35,0.20952380952380953,35,0.08571428571428572,35,0.3142857142857143,35,0.42857142857142855,35,0.2,35,0.2914285714285714
selection,qwen3.8-27b,P0_CAL,aiops2025,node,22,0.26515151515151514,22,0.18181818181818182,22,0.36363636363636365,22,0.36363636363636365,22,0.28787878787878785,22,0.3181818181818182
selection,qwen3.8-27b,P0_CAL,aiops2025,service,43,0.34651162790697676,43,0.2558139534883721,43,0.4186046511627907,43,0.5116279069767442,43,0.34108527131782945,43,0.39999999999999997
selection,qwen3.8-27b,P0_CAL,re2_ob,service,88,0.834659090909091,88,0.7272727272727273,88,0.9431818181818182,88,0.9886363636363636,88,0.8484848484848485,88,0.9022727272727273
selection,qwen3.8-27b,P0_CAL,re2_tt,service,88,0.7267045454545454,88,0.6363636363636364,88,0.8295454545454546,88,0.8522727272727273,88,0.7424242424242423,88,0.7840909090909091
selection,qwen3.8-27b,P0_MORE,aegislab,service,99,0.36094276094276095,99,0.2222222222222222,99,0.47474747474747475,99,0.5757575757575758,99,0.36700336700336705,99,0.4464646464646465
selection,qwen3.8-27b,P0_MORE,aiops2022,node,29,0.3942528735632184,29,0.3103448275862069,29,0.4482758620689655,29,0.5517241379310345,29,0.39080459770114945,29,0.43448275862068964
selection,qwen3.8-27b,P0_MORE,aiops2022,pod,37,0.02252252252252252,37,0.0,37,0.05405405405405406,37,0.05405405405405406,37,0.02702702702702703,37,0.03783783783783783
selection,qwen3.8-27b,P0_MORE,aiops2022,service,33,0.3712121212121212,33,0.24242424242424243,33,0.45454545454545453,33,0.5454545454545454,33,0.3838383838383838,33,0.4484848484848485
selection,qwen3.8-27b,P0_MORE,aiops2025,mixed,35,0.19285714285714287,35,0.11428571428571428,35,0.2857142857142857,35,0.3142857142857143,35,0.2,35,0.2457142857142857
selection,qwen3.8-27b,P0_MORE,aiops2025,node,22,0.2424242424242424,22,0.18181818181818182,22,0.3181818181818182,22,0.3181818181818182,22,0.25757575757575757,22,0.2818181818181818
selection,qwen3.8-27b,P0_MORE,aiops2025,service,43,0.27635658914728684,43,0.18604651162790697,43,0.3488372093023256,43,0.5116279069767442,43,0.24031007751937983,43,0.3302325581395349
selection,qwen3.8-27b,P0_MORE,re2_ob,service,90,0.8346296296296296,90,0.7444444444444445,90,0.9333333333333333,90,0.9777777777777777,90,0.8407407407407408,90,0.8933333333333334
selection,qwen3.8-27b,P0_MORE,re2_tt,service,90,0.7296296296296296,90,0.6222222222222222,90,0.8444444444444444,90,0.8888888888888888,90,0.7407407407407408,90,0.8
selection,qwen3.8-27b,SC_COVER,aegislab,service,100,0.361,100,0.24,100,0.43,100,0.6,100,0.33666666666666667,100,0.436
selection,qwen3.8-27b,SC_COVER,aiops2022,node,29,0.35172413793103446,29,0.3103448275862069,29,0.3793103448275862,29,0.41379310344827586,29,0.3563218390804598,29,0.3724137931034483
selection,qwen3.8-27b,SC_COVER,aiops2022,pod,38,0.10526315789473684,38,0.07894736842105263,38,0.10526315789473684,38,0.15789473684210525,38,0.09649122807017543,38,0.12105263157894736
selection,qwen3.8-27b,SC_COVER,aiops2022,service,32,0.3541666666666667,32,0.21875,32,0.4375,32,0.5625,32,0.35416666666666663,32,0.4375
selection,qwen3.8-27b,SC_COVER,aiops2025,mixed,35,0.18428571428571427,35,0.08571428571428572,35,0.2857142857142857,35,0.4,35,0.16190476190476188,35,0.25142857142857145
selection,qwen3.8-27b,SC_COVER,aiops2025,node,22,0.2424242424242424,22,0.18181818181818182,22,0.3181818181818182,22,0.3181818181818182,22,0.25757575757575757,22,0.2818181818181818
selection,qwen3.8-27b,SC_COVER,aiops2025,service,43,0.3573643410852713,43,0.2558139534883721,43,0.46511627906976744,43,0.5348837209302325,43,0.3565891472868217,43,0.4232558139534884
selection,qwen3.8-27b,SC_COVER,re2_ob,service,88,0.8219696969696969,88,0.7045454545454546,88,0.9431818181818182,88,0.9886363636363636,88,0.8371212121212122,88,0.8977272727272727
selection,qwen3.8-27b,SC_COVER,re2_tt,service,90,0.7722222222222223,90,0.6666666666666666,90,0.8888888888888888,90,0.9333333333333333,90,0.7814814814814814,90,0.8422222222222222
selection,qwen3.8-27b,SC_FULL,aegislab,service,100,0.40116666666666667,100,0.27,100,0.51,100,0.61,100,0.4033333333333334,100,0.484
selection,qwen3.8-27b,SC_FULL,aiops2022,node,28,0.375,28,0.35714285714285715,28,0.39285714285714285,28,0.39285714285714285,28,0.38095238095238093,28,0.38571428571428573
selection,qwen3.8-27b,SC_FULL,aiops2022,pod,38,0.14473684210526316,38,0.13157894736842105,38,0.15789473684210525,38,0.15789473684210525,38,0.14912280701754385,38,0.15263157894736842
selection,qwen3.8-27b,SC_FULL,aiops2022,service,32,0.3229166666666667,32,0.1875,32,0.40625,32,0.53125,32,0.32291666666666663,32,0.40625
selection,qwen3.8-27b,SC_FULL,aiops2025,mixed,35,0.28523809523809524,35,0.17142857142857143,35,0.37142857142857144,35,0.5142857142857142,35,0.2666666666666666,35,0.3542857142857143
selection,qwen3.8-27b,SC_FULL,aiops2025,node,20,0.22666666666666666,20,0.2,20,0.25,20,0.3,20,0.21666666666666665,20,0.24
selection,qwen3.8-27b,SC_FULL,aiops2025,service,42,0.40634920634920635,42,0.30952380952380953,42,0.5476190476190477,42,0.5952380952380952,42,0.40476190476190477,42,0.4714285714285714
selection,qwen3.8-27b,SC_FULL,re2_ob,service,90,0.8568518518518518,90,0.7666666666666667,90,0.9444444444444444,90,0.9888888888888889,90,0.8666666666666667,90,0.9133333333333333
selection,qwen3.8-27b,SC_FULL,re2_tt,service,89,0.7471910112359551,89,0.651685393258427,89,0.8651685393258427,89,0.8876404494382022,89,0.7602996254681649,89,0.8112359550561798
selection,qwen3.8-27b,SC_MORE,aegislab,service,100,0.3931666666666666,100,0.25,100,0.52,100,0.61,100,0.4033333333333334,100,0.48200000000000004
selection,qwen3.8-27b,SC_MORE,aiops2022,node,29,0.3074712643678161,29,0.2413793103448276,29,0.3793103448275862,29,0.41379310344827586,29,0.3103448275862069,29,0.35172413793103446
selection,qwen3.8-27b,SC_MORE,aiops2022,pod,37,0.16306306306306306,37,0.13513513513513514,37,0.1891891891891892,37,0.21621621621621623,37,0.16216216216216217,37,0.17837837837837836
selection,qwen3.8-27b,SC_MORE,aiops2022,service,32,0.3578125,32,0.21875,32,0.46875,32,0.53125,32,0.3854166666666667,32,0.4375
selection,qwen3.8-27b,SC_MORE,aiops2025,mixed,35,0.2509523809523809,35,0.14285714285714285,35,0.34285714285714286,35,0.45714285714285713,35,0.23809523809523805,35,0.32
selection,qwen3.8-27b,SC_MORE,aiops2025,node,22,0.27954545454545454,22,0.18181818181818182,22,0.3181818181818182,22,0.45454545454545453,22,0.2727272727272727,22,0.32727272727272727
selection,qwen3.8-27b,SC_MORE,aiops2025,service,42,0.4071428571428572,42,0.23809523809523808,42,0.5952380952380952,42,0.7142857142857143,42,0.40476190476190477,42,0.5142857142857143
selection,qwen3.8-27b,SC_MORE,re2_ob,service,89,0.8730337078651685,89,0.797752808988764,89,0.9550561797752809,89,0.9887640449438202,89,0.8801498127340823,89,0.9213483146067416
selection,qwen3.8-27b,SC_MORE,re2_tt,service,90,0.7694444444444445,90,0.6777777777777778,90,0.8777777777777778,90,0.8888888888888888,90,0.7888888888888889,90,0.8288888888888888
selection,qwen3.8-27b,SC_NO_BACKBONE,aegislab,service,100,0.3378333333333333,100,0.19,100,0.48,100,0.58,100,0.34,100,0.434
selection,qwen3.8-27b,SC_NO_BACKBONE,aiops2022,node,29,0.27413793103448275,29,0.2413793103448276,29,0.27586206896551724,29,0.3448275862068966,29,0.26436781609195403,29,0.2896551724137931
selection,qwen3.8-27b,SC_NO_BACKBONE,aiops2022,pod,37,0.032432432432432434,37,0.0,37,0.05405405405405406,37,0.08108108108108109,37,0.036036036036036036,37,0.04864864864864865
selection,qwen3.8-27b,SC_NO_BACKBONE,aiops2022,service,33,0.3333333333333333,33,0.18181818181818182,33,0.42424242424242425,33,0.5454545454545454,33,0.3434343434343434,33,0.42424242424242425
selection,qwen3.8-27b,SC_NO_BACKBONE,aiops2025,mixed,34,0.1446078431372549,34,0.08823529411764706,34,0.20588235294117646,34,0.23529411764705882,34,0.14705882352941177,34,0.1823529411764706
selection,qwen3.8-27b,SC_NO_BACKBONE,aiops2025,node,22,0.23863636363636365,22,0.18181818181818182,22,0.2727272727272727,22,0.3181818181818182,22,0.2424242424242424,22,0.2727272727272727
selection,qwen3.8-27b,SC_NO_BACKBONE,aiops2025,service,42,0.2626984126984127,42,0.14285714285714285,42,0.40476190476190477,42,0.47619047619047616,42,0.2619047619047619,42,0.34285714285714286
selection,qwen3.8-27b,SC_NO_BACKBONE,re2_ob,service,88,0.8251893939393938,88,0.7272727272727273,88,0.9318181818181818,88,0.9772727272727273,88,0.8333333333333333,88,0.8886363636363637
selection,qwen3.8-27b,SC_NO_BACKBONE,re2_tt,service,88,0.71875,88,0.625,88,0.8295454545454546,88,0.8636363636363636,88,0.7272727272727273,88,0.7818181818181817
selection,qwen3.8-27b,SC_NO_STRATA,aegislab,service,100,0.39899999999999997,100,0.26,100,0.51,100,0.63,100,0.39666666666666667,100,0.486
selection,qwen3.8-27b,SC_NO_STRATA,aiops2022,node,29,0.36896551724137927,29,0.3448275862068966,29,0.3793103448275862,29,0.41379310344827586,29,0.367816091954023,29,0.3793103448275862
selection,qwen3.8-27b,SC_NO_STRATA,aiops2022,pod,38,0.125,38,0.10526315789473684,38,0.13157894736842105,38,0.15789473684210525,38,0.12280701754385963,38,0.1368421052631579
selection,qwen3.8-27b,SC_NO_STRATA,aiops2022,service,32,0.2760416666666667,32,0.125,32,0.375,32,0.5,32,0.28125,32,0.36875
selection,qwen3.8-27b,SC_NO_STRATA,aiops2025,mixed,33,0.23181818181818184,33,0.12121212121212122,33,0.30303030303030304,33,0.45454545454545453,33,0.21212121212121213,33,0.296969696969697
selection,qwen3.8-27b,SC_NO_STRATA,aiops2025,node,22,0.26515151515151514,22,0.18181818181818182,22,0.36363636363636365,22,0.36363636363636365,22,0.28787878787878785,22,0.3181818181818182
selection,qwen3.8-27b,SC_NO_STRATA,aiops2025,service,43,0.35000000000000003,43,0.16279069767441862,43,0.5581395348837209,43,0.6744186046511628,43,0.3565891472868217,43,0.46511627906976744
selection,qwen3.8-27b,SC_NO_STRATA,re2_ob,service,90,0.8701851851851852,90,0.7777777777777778,90,0.9666666666666667,90,1.0,90,0.8851851851851852,90,0.9266666666666667
selection,qwen3.8-27b,SC_NO_STRATA,re2_tt,service,89,0.7728464419475656,89,0.6741573033707865,89,0.8764044943820225,89,0.9213483146067416,89,0.7827715355805244,89,0.8359550561797754
selection,qwen3.8-27b,SC_STRICT_PAIR,aegislab,service,99,0.36397306397306395,99,0.2222222222222222,99,0.46464646464646464,99,0.5959595959595959,99,0.36026936026936024,99,0.45252525252525255
selection,qwen3.8-27b,SC_STRICT_PAIR,aiops2022,node,28,0.375,28,0.35714285714285715,28,0.39285714285714285,28,0.39285714285714285,28,0.38095238095238093,28,0.38571428571428573
selection,qwen3.8-27b,SC_STRICT_PAIR,aiops2022,pod,38,0.11842105263157894,38,0.10526315789473684,38,0.13157894736842105,38,0.13157894736842105,38,0.12280701754385963,38,0.12631578947368421
selection,qwen3.8-27b,SC_STRICT_PAIR,aiops2022,service,32,0.33541666666666664,32,0.1875,32,0.40625,32,0.59375,32,0.32291666666666663,32,0.41875
selection,qwen3.8-27b,SC_STRICT_PAIR,aiops2025,mixed,35,0.25476190476190474,35,0.11428571428571428,35,0.4,35,0.4857142857142857,35,0.2571428571428571,35,0.34857142857142853
selection,qwen3.8-27b,SC_STRICT_PAIR,aiops2025,node,22,0.2424242424242424,22,0.18181818181818182,22,0.3181818181818182,22,0.3181818181818182,22,0.25757575757575757,22,0.2818181818181818
selection,qwen3.8-27b,SC_STRICT_PAIR,aiops2025,service,41,0.43902439024390244,41,0.3170731707317073,41,0.5853658536585366,41,0.6341463414634146,41,0.44715447154471544,41,0.5219512195121951
selection,qwen3.8-27b,SC_STRICT_PAIR,re2_ob,service,90,0.8642592592592593,90,0.7777777777777778,90,0.9444444444444444,90,0.9888888888888889,90,0.8740740740740741,90,0.9177777777777777
selection,qwen3.8-27b,SC_STRICT_PAIR,re2_tt,service,89,0.7462546816479402,89,0.6629213483146067,89,0.8426966292134831,89,0.8764044943820225,89,0.7528089887640449,89,0.802247191011236
selection,qwen3.8-27b,X_ALIGNED,aegislab,service,98,0.35289115646258506,98,0.29591836734693877,98,0.41836734693877553,98,0.42857142857142855,98,0.3639455782312925,98,0.38979591836734695
selection,qwen3.8-27b,X_ALIGNED,aiops2022,node,29,0.0,29,0.0,29,0.0,29,0.0,29,0.0,29,0.0
selection,qwen3.8-27b,X_ALIGNED,aiops2022,pod,38,0.14035087719298245,38,0.13157894736842105,38,0.15789473684210525,38,0.15789473684210525,38,0.14035087719298245,38,0.14736842105263157
selection,qwen3.8-27b,X_ALIGNED,aiops2022,service,33,0.20707070707070707,33,0.18181818181818182,33,0.24242424242424243,33,0.24242424242424243,33,0.21212121212121213,33,0.22424242424242424
selection,qwen3.8-27b,X_ALIGNED,aiops2025,mixed,35,0.12857142857142856,35,0.05714285714285714,35,0.22857142857142856,35,0.22857142857142856,35,0.14285714285714285,35,0.17714285714285716
selection,qwen3.8-27b,X_ALIGNED,aiops2025,node,22,0.0,22,0.0,22,0.0,22,0.0,22,0.0,22,0.0
selection,qwen3.8-27b,X_ALIGNED,aiops2025,service,43,0.5189922480620155,43,0.4418604651162791,43,0.5581395348837209,43,0.6744186046511628,43,0.5038759689922481,43,0.5627906976744186
selection,qwen3.8-27b,X_ALIGNED,re2_ob,service,90,0.6759259259259259,90,0.5777777777777777,90,0.7555555555555555,90,0.8222222222222222,90,0.6814814814814815,90,0.7377777777777779
selection,qwen3.8-27b,X_ALIGNED,re2_tt,service,90,0.8453703703703703,90,0.7888888888888889,90,0.9111111111111111,90,0.9222222222222223,90,0.8555555555555555,90,0.8822222222222222
selection,qwen3.8-27b,X_NATIVE_CAL,aegislab,service,99,0.3956228956228956,99,0.29292929292929293,99,0.494949494949495,99,0.5353535353535354,99,0.41077441077441074,99,0.46060606060606063
selection,qwen3.8-27b,X_NATIVE_CAL,aiops2022,node,29,0.0,29,0.0,29,0.0,29,0.0,29,0.0,29,0.0
selection,qwen3.8-27b,X_NATIVE_CAL,aiops2022,pod,37,0.16216216216216217,37,0.16216216216216217,37,0.16216216216216217,37,0.16216216216216217,37,0.16216216216216217,37,0.16216216216216217
selection,qwen3.8-27b,X_NATIVE_CAL,aiops2022,service,33,0.29545454545454547,33,0.24242424242424243,33,0.3333333333333333,33,0.36363636363636365,33,0.30303030303030304,33,0.32727272727272727
selection,qwen3.8-27b,X_NATIVE_CAL,aiops2025,mixed,34,0.24019607843137253,34,0.14705882352941177,34,0.3235294117647059,34,0.38235294117647056,34,0.24509803921568624,34,0.3
selection,qwen3.8-27b,X_NATIVE_CAL,aiops2025,node,22,0.0,22,0.0,22,0.0,22,0.0,22,0.0,22,0.0
selection,qwen3.8-27b,X_NATIVE_CAL,aiops2025,service,43,0.5891472868217054,43,0.5116279069767442,43,0.6744186046511628,43,0.6744186046511628,43,0.6124031007751938,43,0.6372093023255814
selection,qwen3.8-27b,X_NATIVE_CAL,re2_ob,service,90,0.6957407407407408,90,0.6,90,0.7777777777777778,90,0.8444444444444444,90,0.7,90,0.7555555555555555
selection,qwen3.8-27b,X_NATIVE_CAL,re2_tt,service,89,0.8604868913857677,89,0.8089887640449438,89,0.898876404494382,89,0.9325842696629213,89,0.8651685393258427,89,0.8921348314606742
test,gemma-4-26b-a4b,SC_C_CONTRAST,aegislab,service,120,0.49166666666666664,120,0.49166666666666664,120,0.49166666666666664,120,0.49166666666666664,120,0.49166666666666664,120,0.49166666666666664
test,gemma-4-26b-a4b,SC_C_CONTRAST,aiops2022,node,31,0.2903225806451613,31,0.2903225806451613,31,0.2903225806451613,31,0.2903225806451613,31,0.2903225806451613,31,0.2903225806451613
test,gemma-4-26b-a4b,SC_C_CONTRAST,aiops2022,pod,44,0.09090909090909091,44,0.09090909090909091,44,0.09090909090909091,44,0.09090909090909091,44,0.09090909090909091,44,0.09090909090909091
test,gemma-4-26b-a4b,SC_C_CONTRAST,aiops2022,service,45,0.2222222222222222,45,0.2222222222222222,45,0.2222222222222222,45,0.2222222222222222,45,0.2222222222222222,45,0.2222222222222222
test,gemma-4-26b-a4b,SC_C_CONTRAST,aiops2025,mixed,37,0.10810810810810811,37,0.10810810810810811,37,0.10810810810810811,37,0.10810810810810811,37,0.10810810810810811,37,0.10810810810810811
test,gemma-4-26b-a4b,SC_C_CONTRAST,aiops2025,node,20,0.3,20,0.3,20,0.3,20,0.3,20,0.3,20,0.3
test,gemma-4-26b-a4b,SC_C_CONTRAST,aiops2025,service,63,0.1746031746031746,63,0.1746031746031746,63,0.1746031746031746,63,0.1746031746031746,63,0.1746031746031746,63,0.1746031746031746
test,gemma-4-26b-a4b,SC_M_TEXT,aegislab,service,120,0.4083333333333333,120,0.4083333333333333,120,0.4083333333333333,120,0.4083333333333333,120,0.4083333333333333,120,0.4083333333333333
test,gemma-4-26b-a4b,SC_M_TEXT,aiops2022,node,31,0.3225806451612903,31,0.3225806451612903,31,0.3225806451612903,31,0.3225806451612903,31,0.3225806451612903,31,0.3225806451612903
test,gemma-4-26b-a4b,SC_M_TEXT,aiops2022,pod,44,0.11363636363636363,44,0.11363636363636363,44,0.11363636363636363,44,0.11363636363636363,44,0.11363636363636363,44,0.11363636363636363
test,gemma-4-26b-a4b,SC_M_TEXT,aiops2022,service,45,0.13333333333333333,45,0.13333333333333333,45,0.13333333333333333,45,0.13333333333333333,45,0.13333333333333333,45,0.13333333333333333
test,gemma-4-26b-a4b,SC_M_TEXT,aiops2025,mixed,37,0.10810810810810811,37,0.10810810810810811,37,0.10810810810810811,37,0.10810810810810811,37,0.10810810810810811,37,0.10810810810810811
test,gemma-4-26b-a4b,SC_M_TEXT,aiops2025,node,20,0.25,20,0.25,20,0.25,20,0.25,20,0.25,20,0.25
test,gemma-4-26b-a4b,SC_M_TEXT,aiops2025,service,63,0.14285714285714285,63,0.14285714285714285,63,0.14285714285714285,63,0.14285714285714285,63,0.14285714285714285,63,0.14285714285714285
test,gemma-4-26b-a4b,SC_V_CONTRAST,aegislab,service,120,0.275,120,0.275,120,0.275,120,0.275,120,0.275,120,0.275
test,gemma-4-26b-a4b,SC_V_CONTRAST,aiops2022,node,31,0.12903225806451613,31,0.12903225806451613,31,0.12903225806451613,31,0.12903225806451613,31,0.12903225806451613,31,0.12903225806451613
test,gemma-4-26b-a4b,SC_V_CONTRAST,aiops2022,pod,44,0.11363636363636363,44,0.11363636363636363,44,0.11363636363636363,44,0.11363636363636363,44,0.11363636363636363,44,0.11363636363636363
test,gemma-4-26b-a4b,SC_V_CONTRAST,aiops2022,service,45,0.08888888888888889,45,0.08888888888888889,45,0.08888888888888889,45,0.08888888888888889,45,0.08888888888888889,45,0.08888888888888889
test,gemma-4-26b-a4b,SC_V_CONTRAST,aiops2025,mixed,37,0.08108108108108109,37,0.08108108108108109,37,0.08108108108108109,37,0.08108108108108109,37,0.08108108108108109,37,0.08108108108108109
test,gemma-4-26b-a4b,SC_V_CONTRAST,aiops2025,node,20,0.2,20,0.2,20,0.2,20,0.2,20,0.2,20,0.2
test,gemma-4-26b-a4b,SC_V_CONTRAST,aiops2025,service,63,0.07936507936507936,63,0.07936507936507936,63,0.07936507936507936,63,0.07936507936507936,63,0.07936507936507936,63,0.07936507936507936
test,gemma-4-26b-a4b,SIRCL_TEXT,aegislab,service,120,0.32083333333333336,120,0.26666666666666666,120,0.39166666666666666,120,0.39166666666666666,120,0.3333333333333333,120,0.35666666666666663
test,gemma-4-26b-a4b,SIRCL_TEXT,aiops2022,node,31,0.2903225806451613,31,0.2903225806451613,31,0.2903225806451613,31,0.2903225806451613,31,0.2903225806451613,31,0.2903225806451613
test,gemma-4-26b-a4b,SIRCL_TEXT,aiops2022,pod,44,0.21212121212121213,44,0.20454545454545456,44,0.22727272727272727,44,0.22727272727272727,44,0.21212121212121213,44,0.21818181818181817
test,gemma-4-26b-a4b,SIRCL_TEXT,aiops2022,service,45,0.12962962962962962,45,0.1111111111111111,45,0.15555555555555556,45,0.15555555555555556,45,0.13333333333333333,45,0.14222222222222222
test,gemma-4-26b-a4b,SIRCL_TEXT,aiops2025,mixed,37,0.22972972972972974,37,0.21621621621621623,37,0.24324324324324326,37,0.24324324324324326,37,0.23423423423423423,37,0.23783783783783785
test,gemma-4-26b-a4b,SIRCL_TEXT,aiops2025,node,20,0.25,20,0.25,20,0.25,20,0.25,20,0.25,20,0.25
test,gemma-4-26b-a4b,SIRCL_TEXT,aiops2025,service,63,0.30423280423280424,63,0.2698412698412698,63,0.3492063492063492,63,0.3492063492063492,63,0.3121693121693122,63,0.326984126984127
test,gemma-4-26b-a4b,T,aegislab,service,120,0.4888888888888889,120,0.4583333333333333,120,0.525,120,0.525,120,0.4972222222222222,120,0.5083333333333333
test,gemma-4-26b-a4b,T,aiops2022,node,31,0.3225806451612903,31,0.3225806451612903,31,0.3225806451612903,31,0.3225806451612903,31,0.3225806451612903,31,0.3225806451612903
test,gemma-4-26b-a4b,T,aiops2022,pod,44,0.268939393939394,44,0.22727272727272727,44,0.3181818181818182,44,0.3181818181818182,44,0.28030303030303033,44,0.29545454545454547
test,gemma-4-26b-a4b,T,aiops2022,service,45,0.18888888888888888,45,0.17777777777777778,45,0.2,45,0.2,45,0.1925925925925926,45,0.19555555555555557
test,gemma-4-26b-a4b,T,aiops2025,mixed,37,0.13963963963963963,37,0.08108108108108109,37,0.21621621621621623,37,0.21621621621621623,37,0.15315315315315314,37,0.17837837837837836
test,gemma-4-26b-a4b,T,aiops2025,node,20,0.325,20,0.3,20,0.35,20,0.35,20,0.3333333333333333,20,0.33999999999999997
test,gemma-4-26b-a4b,T,aiops2025,service,63,0.21428571428571427,63,0.19047619047619047,63,0.25396825396825395,63,0.25396825396825395,63,0.21693121693121692,63,0.23174603174603173
test,gemma-4-26b-a4b,TPV,aegislab,service,120,0.5291666666666667,120,0.5166666666666667,120,0.5416666666666666,120,0.5416666666666666,120,0.5333333333333333,120,0.5366666666666667
test,gemma-4-26b-a4b,TPV,aiops2022,node,31,0.2903225806451613,31,0.2903225806451613,31,0.2903225806451613,31,0.2903225806451613,31,0.2903225806451613,31,0.2903225806451613
test,gemma-4-26b-a4b,TPV,aiops2022,pod,44,0.2840909090909091,44,0.2727272727272727,44,0.29545454545454547,44,0.29545454545454547,44,0.28787878787878785,44,0.29090909090909095
test,gemma-4-26b-a4b,TPV,aiops2022,service,45,0.2,45,0.2,45,0.2,45,0.2,45,0.2,45,0.2
test,gemma-4-26b-a4b,TPV,aiops2025,mixed,37,0.16216216216216217,37,0.16216216216216217,37,0.16216216216216217,37,0.16216216216216217,37,0.16216216216216217,37,0.16216216216216217
test,gemma-4-26b-a4b,TPV,aiops2025,node,20,0.3,20,0.3,20,0.3,20,0.3,20,0.3,20,0.3
test,gemma-4-26b-a4b,TPV,aiops2025,service,63,0.1984126984126984,63,0.19047619047619047,63,0.20634920634920634,63,0.20634920634920634,63,0.20105820105820105,63,0.20317460317460317
test,qwen3.8-27b,SC_C_CONTRAST,aegislab,service,119,0.3760504201680672,119,0.2773109243697479,119,0.44537815126050423,119,0.5798319327731093,119,0.3557422969187675,119,0.4369747899159664
test,qwen3.8-27b,SC_C_CONTRAST,aiops2022,node,31,0.25268817204301075,31,0.22580645161290322,31,0.2903225806451613,31,0.2903225806451613,31,0.25806451612903225,31,0.2709677419354839
test,qwen3.8-27b,SC_C_CONTRAST,aiops2022,pod,44,0.05113636363636364,44,0.045454545454545456,44,0.045454545454545456,44,0.06818181818181818,44,0.045454545454545456,44,0.05454545454545454
test,qwen3.8-27b,SC_C_CONTRAST,aiops2022,service,44,0.5424242424242425,44,0.4772727272727273,44,0.5909090909090909,44,0.6590909090909091,44,0.537878787878788,44,0.5818181818181819
test,qwen3.8-27b,SC_C_CONTRAST,aiops2025,mixed,36,0.17314814814814816,36,0.08333333333333333,36,0.2222222222222222,36,0.3333333333333333,36,0.16666666666666666,36,0.2222222222222222
test,qwen3.8-27b,SC_C_CONTRAST,aiops2025,node,19,0.4385964912280702,19,0.3157894736842105,19,0.5789473684210527,19,0.5789473684210527,19,0.47368421052631576,19,0.5157894736842106
test,qwen3.8-27b,SC_C_CONTRAST,aiops2025,service,62,0.31451612903225806,62,0.1935483870967742,62,0.45161290322580644,62,0.5161290322580645,62,0.3172043010752688,62,0.3967741935483871
test,qwen3.8-27b,SC_M_TEXT,aegislab,service,120,0.4375,120,0.35,120,0.525,120,0.5916666666666667,120,0.43333333333333335,120,0.4966666666666667
test,qwen3.8-27b,SC_M_TEXT,aiops2022,node,31,0.34516129032258064,31,0.2903225806451613,31,0.41935483870967744,31,0.45161290322580644,31,0.3440860215053763,31,0.3806451612903226
test,qwen3.8-27b,SC_M_TEXT,aiops2022,pod,43,0.08914728682170542,43,0.06976744186046512,43,0.11627906976744186,43,0.11627906976744186,43,0.09302325581395349,43,0.10232558139534885
test,qwen3.8-27b,SC_M_TEXT,aiops2022,service,44,0.46401515151515155,44,0.38636363636363635,44,0.5454545454545454,44,0.5681818181818182,44,0.4772727272727273,44,0.5136363636363637
test,qwen3.8-27b,SC_M_TEXT,aiops2025,mixed,36,0.14907407407407405,36,0.05555555555555555,36,0.2222222222222222,36,0.3055555555555556,36,0.14814814814814814,36,0.20555555555555557
test,qwen3.8-27b,SC_M_TEXT,aiops2025,node,20,0.425,20,0.4,20,0.45,20,0.45,20,0.4333333333333333,20,0.44000000000000006
test,qwen3.8-27b,SC_M_TEXT,aiops2025,service,63,0.2828042328042328,63,0.14285714285714285,63,0.4126984126984127,63,0.49206349206349204,63,0.29629629629629634,63,0.3682539682539682
test,qwen3.8-27b,SC_V_CONTRAST,aegislab,service,120,0.30694444444444446,120,0.20833333333333334,120,0.4083333333333333,120,0.4583333333333333,120,0.3138888888888889,120,0.3716666666666667
test,qwen3.8-27b,SC_V_CONTRAST,aiops2022,node,30,0.19555555555555554,30,0.13333333333333333,30,0.26666666666666666,30,0.3,30,0.2,30,0.23333333333333334
test,qwen3.8-27b,SC_V_CONTRAST,aiops2022,pod,43,0.10077519379844961,43,0.09302325581395349,43,0.11627906976744186,43,0.11627906976744186,43,0.10077519379844961,43,0.10697674418604651
test,qwen3.8-27b,SC_V_CONTRAST,aiops2022,service,45,0.2544444444444444,45,0.13333333333333333,45,0.35555555555555557,45,0.4444444444444444,45,0.25925925925925924,45,0.3288888888888889
test,qwen3.8-27b,SC_V_CONTRAST,aiops2025,mixed,37,0.21936936936936938,37,0.10810810810810811,37,0.32432432432432434,37,0.3783783783783784,37,0.23423423423423423,37,0.2864864864864865
test,qwen3.8-27b,SC_V_CONTRAST,aiops2025,node,20,0.30166666666666664,20,0.25,20,0.35,20,0.4,20,0.3,20,0.32999999999999996
test,qwen3.8-27b,SC_V_CONTRAST,aiops2025,service,63,0.2208994708994709,63,0.14285714285714285,63,0.31746031746031744,63,0.36507936507936506,63,0.21693121693121692,63,0.27619047619047615
test,qwen3.8-27b,SIRCL_TEXT,aegislab,service,119,0.5665266106442577,119,0.4117647058823529,119,0.7478991596638656,119,0.7563025210084033,119,0.6050420168067226,119,0.665546218487395
test,qwen3.8-27b,SIRCL_TEXT,aiops2022,node,30,0.18333333333333332,30,0.16666666666666666,30,0.2,30,0.2,30,0.18888888888888886,30,0.19333333333333333
test,qwen3.8-27b,SIRCL_TEXT,aiops2022,pod,44,0.175,44,0.11363636363636363,44,0.25,44,0.2727272727272727,44,0.18181818181818182,44,0.21363636363636365
test,qwen3.8-27b,SIRCL_TEXT,aiops2022,service,45,0.2859259259259259,45,0.2,45,0.4222222222222222,45,0.4444444444444444,45,0.28888888888888886,45,0.3466666666666667
test,qwen3.8-27b,SIRCL_TEXT,aiops2025,mixed,36,0.22453703703703706,36,0.1388888888888889,36,0.3055555555555556,36,0.3333333333333333,36,0.24074074074074073,36,0.2777777777777778
test,qwen3.8-27b,SIRCL_TEXT,aiops2025,node,20,0.28500000000000003,20,0.25,20,0.3,20,0.35,20,0.2833333333333333,20,0.3
test,qwen3.8-27b,SIRCL_TEXT,aiops2025,service,62,0.44623655913978494,62,0.3548387096774194,62,0.532258064516129,62,0.5645161290322581,62,0.4623655913978495,62,0.5032258064516129
test,qwen3.8-27b,T,aegislab,service,118,0.4216101694915254,118,0.288135593220339,118,0.576271186440678,118,0.6016949152542372,118,0.4463276836158192,118,0.5084745762711864
test,qwen3.8-27b,T,aiops2022,node,31,0.23118279569892472,31,0.12903225806451613,31,0.3548387096774194,31,0.3548387096774194,31,0.25806451612903225,31,0.29677419354838713
test,qwen3.8-27b,T,aiops2022,pod,43,0.07170542635658914,43,0.023255813953488372,43,0.13953488372093023,43,0.16279069767441862,43,0.06976744186046512,43,0.10697674418604651
test,qwen3.8-27b,T,aiops2022,service,45,0.4444444444444444,45,0.3333333333333333,45,0.5777777777777777,45,0.5777777777777777,45,0.47407407407407404,45,0.5155555555555555
test,qwen3.8-27b,T,aiops2025,mixed,37,0.16666666666666669,37,0.08108108108108109,37,0.2702702702702703,37,0.2702702702702703,37,0.1891891891891892,37,0.22162162162162166
test,qwen3.8-27b,T,aiops2025,node,20,0.5,20,0.4,20,0.6,20,0.6,20,0.5333333333333333,20,0.5599999999999999
test,qwen3.8-27b,T,aiops2025,service,62,0.3252688172043011,62,0.1935483870967742,62,0.4838709677419355,62,0.5161290322580645,62,0.3440860215053763,62,0.4129032258064516
test,qwen3.8-27b,TPV,aegislab,service,120,0.48333333333333334,120,0.35,120,0.6333333333333333,120,0.6666666666666666,120,0.5055555555555555,120,0.5700000000000001
test,qwen3.8-27b,TPV,aiops2022,node,31,0.27419354838709675,31,0.25806451612903225,31,0.2903225806451613,31,0.2903225806451613,31,0.27956989247311825,31,0.2838709677419355
test,qwen3.8-27b,TPV,aiops2022,pod,43,0.1511627906976744,43,0.09302325581395349,43,0.20930232558139536,43,0.20930232558139536,43,0.17054263565891473,43,0.18604651162790697
test,qwen3.8-27b,TPV,aiops2022,service,45,0.3925925925925926,45,0.24444444444444444,45,0.5333333333333333,45,0.5777777777777777,45,0.4222222222222222,45,0.48444444444444446
test,qwen3.8-27b,TPV,aiops2025,mixed,37,0.23873873873873874,37,0.1891891891891892,37,0.2972972972972973,37,0.2972972972972973,37,0.2522522522522523,37,0.2702702702702703
test,qwen3.8-27b,TPV,aiops2025,node,20,0.4166666666666667,20,0.4,20,0.45,20,0.45,20,0.4166666666666667,20,0.43
test,qwen3.8-27b,TPV,aiops2025,service,63,0.46296296296296297,63,0.38095238095238093,63,0.5396825396825397,63,0.5714285714285714,63,0.47619047619047616,63,0.5142857142857142
