,,,,,mrr,mrr,ac@1,ac@1,ac@3,ac@3,ac@5,ac@5,avg@3,avg@3,avg@5,avg@5
,,,,,size,mean,size,mean,size,mean,size,mean,size,mean,size,mean
phase,model,arm,dataset,top1_kind,,,,,,,,,,,,
mechanisms,gemma-4-26b-a4b,NO_GROUPING__C_CONTRAST,aegislab,service,20,0.45,20,0.45,20,0.45,20,0.45,20,0.45,20,0.45
mechanisms,gemma-4-26b-a4b,NO_GROUPING__C_CONTRAST,aiops2022,node,4,0.25,4,0.25,4,0.25,4,0.25,4,0.25,4,0.25
mechanisms,gemma-4-26b-a4b,NO_GROUPING__C_CONTRAST,aiops2022,pod,5,0.6,5,0.6,5,0.6,5,0.6,5,0.6,5,0.6
mechanisms,gemma-4-26b-a4b,NO_GROUPING__C_CONTRAST,aiops2022,service,11,0.09090909090909091,11,0.09090909090909091,11,0.09090909090909091,11,0.09090909090909091,11,0.09090909090909091,11,0.09090909090909091
mechanisms,gemma-4-26b-a4b,NO_GROUPING__C_CONTRAST,aiops2025,node,3,0.3333333333333333,3,0.3333333333333333,3,0.3333333333333333,3,0.3333333333333333,3,0.3333333333333333,3,0.3333333333333333
mechanisms,gemma-4-26b-a4b,NO_GROUPING__C_CONTRAST,aiops2025,pod,1,0.0,1,0.0,1,0.0,1,0.0,1,0.0,1,0.0
mechanisms,gemma-4-26b-a4b,NO_GROUPING__C_CONTRAST,aiops2025,service,16,0.125,16,0.125,16,0.125,16,0.125,16,0.125,16,0.125
mechanisms,gemma-4-26b-a4b,NO_GROUPING__C_CONTRAST,re2_ob,service,20,0.95,20,0.95,20,0.95,20,0.95,20,0.95,20,0.95
mechanisms,gemma-4-26b-a4b,NO_GROUPING__C_CONTRAST,re2_tt,service,20,0.9,20,0.9,20,0.9,20,0.9,20,0.9,20,0.9
mechanisms,gemma-4-26b-a4b,NO_GROUPING__M_TEXT,aegislab,pod,2,1.0,2,1.0,2,1.0,2,1.0,2,1.0,2,1.0
mechanisms,gemma-4-26b-a4b,NO_GROUPING__M_TEXT,aegislab,service,18,0.3333333333333333,18,0.3333333333333333,18,0.3333333333333333,18,0.3333333333333333,18,0.3333333333333333,18,0.3333333333333333
mechanisms,gemma-4-26b-a4b,NO_GROUPING__M_TEXT,aiops2022,node,5,0.2,5,0.2,5,0.2,5,0.2,5,0.2,5,0.2
mechanisms,gemma-4-26b-a4b,NO_GROUPING__M_TEXT,aiops2022,pod,6,0.6666666666666666,6,0.6666666666666666,6,0.6666666666666666,6,0.6666666666666666,6,0.6666666666666666,6,0.6666666666666666
mechanisms,gemma-4-26b-a4b,NO_GROUPING__M_TEXT,aiops2022,service,9,0.0,9,0.0,9,0.0,9,0.0,9,0.0,9,0.0
mechanisms,gemma-4-26b-a4b,NO_GROUPING__M_TEXT,aiops2025,node,3,0.6666666666666666,3,0.6666666666666666,3,0.6666666666666666,3,0.6666666666666666,3,0.6666666666666666,3,0.6666666666666666
mechanisms,gemma-4-26b-a4b,NO_GROUPING__M_TEXT,aiops2025,pod,3,0.3333333333333333,3,0.3333333333333333,3,0.3333333333333333,3,0.3333333333333333,3,0.3333333333333333,3,0.3333333333333333
mechanisms,gemma-4-26b-a4b,NO_GROUPING__M_TEXT,aiops2025,service,14,0.07142857142857142,14,0.07142857142857142,14,0.07142857142857142,14,0.07142857142857142,14,0.07142857142857142,14,0.07142857142857142
mechanisms,gemma-4-26b-a4b,NO_GROUPING__M_TEXT,re2_ob,service,20,0.85,20,0.85,20,0.85,20,0.85,20,0.85,20,0.85
mechanisms,gemma-4-26b-a4b,NO_GROUPING__M_TEXT,re2_tt,service,20,0.65,20,0.65,20,0.65,20,0.65,20,0.65,20,0.65
mechanisms,gemma-4-26b-a4b,REANONYMIZE__C_CONTRAST,aegislab,pod,1,1.0,1,1.0,1,1.0,1,1.0,1,1.0,1,1.0
mechanisms,gemma-4-26b-a4b,REANONYMIZE__C_CONTRAST,aegislab,service,19,0.5263157894736842,19,0.5263157894736842,19,0.5263157894736842,19,0.5263157894736842,19,0.5263157894736842,19,0.5263157894736842
mechanisms,gemma-4-26b-a4b,REANONYMIZE__C_CONTRAST,aiops2022,node,5,0.2,5,0.2,5,0.2,5,0.2,5,0.2,5,0.2
mechanisms,gemma-4-26b-a4b,REANONYMIZE__C_CONTRAST,aiops2022,pod,4,0.75,4,0.75,4,0.75,4,0.75,4,0.75,4,0.75
mechanisms,gemma-4-26b-a4b,REANONYMIZE__C_CONTRAST,aiops2022,service,11,0.09090909090909091,11,0.09090909090909091,11,0.09090909090909091,11,0.09090909090909091,11,0.09090909090909091,11,0.09090909090909091
mechanisms,gemma-4-26b-a4b,REANONYMIZE__C_CONTRAST,aiops2025,node,4,0.5,4,0.5,4,0.5,4,0.5,4,0.5,4,0.5
mechanisms,gemma-4-26b-a4b,REANONYMIZE__C_CONTRAST,aiops2025,pod,1,0.0,1,0.0,1,0.0,1,0.0,1,0.0,1,0.0
mechanisms,gemma-4-26b-a4b,REANONYMIZE__C_CONTRAST,aiops2025,service,15,0.26666666666666666,15,0.26666666666666666,15,0.26666666666666666,15,0.26666666666666666,15,0.26666666666666666,15,0.26666666666666666
mechanisms,gemma-4-26b-a4b,REANONYMIZE__C_CONTRAST,re2_ob,service,20,0.8,20,0.8,20,0.8,20,0.8,20,0.8,20,0.8
mechanisms,gemma-4-26b-a4b,REANONYMIZE__C_CONTRAST,re2_tt,service,20,0.9,20,0.9,20,0.9,20,0.9,20,0.9,20,0.9
mechanisms,gemma-4-26b-a4b,REANONYMIZE__M_TEXT,aegislab,service,20,0.35,20,0.35,20,0.35,20,0.35,20,0.35,20,0.35
mechanisms,gemma-4-26b-a4b,REANONYMIZE__M_TEXT,aiops2022,node,5,0.2,5,0.2,5,0.2,5,0.2,5,0.2,5,0.2
mechanisms,gemma-4-26b-a4b,REANONYMIZE__M_TEXT,aiops2022,pod,6,0.6666666666666666,6,0.6666666666666666,6,0.6666666666666666,6,0.6666666666666666,6,0.6666666666666666,6,0.6666666666666666
mechanisms,gemma-4-26b-a4b,REANONYMIZE__M_TEXT,aiops2022,service,9,0.0,9,0.0,9,0.0,9,0.0,9,0.0,9,0.0
mechanisms,gemma-4-26b-a4b,REANONYMIZE__M_TEXT,aiops2025,node,2,0.5,2,0.5,2,0.5,2,0.5,2,0.5,2,0.5
mechanisms,gemma-4-26b-a4b,REANONYMIZE__M_TEXT,aiops2025,pod,3,0.0,3,0.0,3,0.0,3,0.0,3,0.0,3,0.0
mechanisms,gemma-4-26b-a4b,REANONYMIZE__M_TEXT,aiops2025,service,15,0.06666666666666667,15,0.06666666666666667,15,0.06666666666666667,15,0.06666666666666667,15,0.06666666666666667,15,0.06666666666666667
mechanisms,gemma-4-26b-a4b,REANONYMIZE__M_TEXT,re2_ob,service,20,0.85,20,0.85,20,0.85,20,0.85,20,0.85,20,0.85
mechanisms,gemma-4-26b-a4b,REANONYMIZE__M_TEXT,re2_tt,service,20,0.65,20,0.65,20,0.65,20,0.65,20,0.65,20,0.65
mechanisms,gemma-4-26b-a4b,REDUNDANT_NOISE__C_CONTRAST,aegislab,pod,1,1.0,1,1.0,1,1.0,1,1.0,1,1.0,1,1.0
mechanisms,gemma-4-26b-a4b,REDUNDANT_NOISE__C_CONTRAST,aegislab,service,19,0.42105263157894735,19,0.42105263157894735,19,0.42105263157894735,19,0.42105263157894735,19,0.42105263157894735,19,0.42105263157894735
mechanisms,gemma-4-26b-a4b,REDUNDANT_NOISE__C_CONTRAST,aiops2022,node,5,0.2,5,0.2,5,0.2,5,0.2,5,0.2,5,0.2
mechanisms,gemma-4-26b-a4b,REDUNDANT_NOISE__C_CONTRAST,aiops2022,pod,4,0.5,4,0.5,4,0.5,4,0.5,4,0.5,4,0.5
mechanisms,gemma-4-26b-a4b,REDUNDANT_NOISE__C_CONTRAST,aiops2022,service,11,0.0,11,0.0,11,0.0,11,0.0,11,0.0,11,0.0
mechanisms,gemma-4-26b-a4b,REDUNDANT_NOISE__C_CONTRAST,aiops2025,node,3,0.3333333333333333,3,0.3333333333333333,3,0.3333333333333333,3,0.3333333333333333,3,0.3333333333333333,3,0.3333333333333333
mechanisms,gemma-4-26b-a4b,REDUNDANT_NOISE__C_CONTRAST,aiops2025,pod,2,0.5,2,0.5,2,0.5,2,0.5,2,0.5,2,0.5
mechanisms,gemma-4-26b-a4b,REDUNDANT_NOISE__C_CONTRAST,aiops2025,service,15,0.3333333333333333,15,0.3333333333333333,15,0.3333333333333333,15,0.3333333333333333,15,0.3333333333333333,15,0.3333333333333333
mechanisms,gemma-4-26b-a4b,REDUNDANT_NOISE__C_CONTRAST,re2_ob,service,20,0.9,20,0.9,20,0.9,20,0.9,20,0.9,20,0.9
mechanisms,gemma-4-26b-a4b,REDUNDANT_NOISE__C_CONTRAST,re2_tt,service,20,0.9,20,0.9,20,0.9,20,0.9,20,0.9,20,0.9
mechanisms,gemma-4-26b-a4b,REDUNDANT_NOISE__M_TEXT,aegislab,pod,3,1.0,3,1.0,3,1.0,3,1.0,3,1.0,3,1.0
mechanisms,gemma-4-26b-a4b,REDUNDANT_NOISE__M_TEXT,aegislab,service,17,0.29411764705882354,17,0.29411764705882354,17,0.29411764705882354,17,0.29411764705882354,17,0.29411764705882354,17,0.29411764705882354
mechanisms,gemma-4-26b-a4b,REDUNDANT_NOISE__M_TEXT,aiops2022,node,3,0.3333333333333333,3,0.3333333333333333,3,0.3333333333333333,3,0.3333333333333333,3,0.3333333333333333,3,0.3333333333333333
mechanisms,gemma-4-26b-a4b,REDUNDANT_NOISE__M_TEXT,aiops2022,pod,7,0.7142857142857143,7,0.7142857142857143,7,0.7142857142857143,7,0.7142857142857143,7,0.7142857142857143,7,0.7142857142857143
mechanisms,gemma-4-26b-a4b,REDUNDANT_NOISE__M_TEXT,aiops2022,service,10,0.0,10,0.0,10,0.0,10,0.0,10,0.0,10,0.0
mechanisms,gemma-4-26b-a4b,REDUNDANT_NOISE__M_TEXT,aiops2025,node,2,0.5,2,0.5,2,0.5,2,0.5,2,0.5,2,0.5
mechanisms,gemma-4-26b-a4b,REDUNDANT_NOISE__M_TEXT,aiops2025,pod,5,0.0,5,0.0,5,0.0,5,0.0,5,0.0,5,0.0
mechanisms,gemma-4-26b-a4b,REDUNDANT_NOISE__M_TEXT,aiops2025,service,13,0.15384615384615385,13,0.15384615384615385,13,0.15384615384615385,13,0.15384615384615385,13,0.15384615384615385,13,0.15384615384615385
mechanisms,gemma-4-26b-a4b,REDUNDANT_NOISE__M_TEXT,re2_ob,service,20,0.85,20,0.85,20,0.85,20,0.85,20,0.85,20,0.85
mechanisms,gemma-4-26b-a4b,REDUNDANT_NOISE__M_TEXT,re2_tt,service,20,0.65,20,0.65,20,0.65,20,0.65,20,0.65,20,0.65
mechanisms,gemma-4-26b-a4b,REMOVE_MATCHED_NONTARGET__C_CONTRAST,aegislab,service,17,0.47058823529411764,17,0.47058823529411764,17,0.47058823529411764,17,0.47058823529411764,17,0.47058823529411764,17,0.47058823529411764
mechanisms,gemma-4-26b-a4b,REMOVE_MATCHED_NONTARGET__C_CONTRAST,aiops2022,node,1,1.0,1,1.0,1,1.0,1,1.0,1,1.0,1,1.0
mechanisms,gemma-4-26b-a4b,REMOVE_MATCHED_NONTARGET__C_CONTRAST,aiops2022,pod,1,1.0,1,1.0,1,1.0,1,1.0,1,1.0,1,1.0
mechanisms,gemma-4-26b-a4b,REMOVE_MATCHED_NONTARGET__C_CONTRAST,aiops2022,service,4,0.0,4,0.0,4,0.0,4,0.0,4,0.0,4,0.0
mechanisms,gemma-4-26b-a4b,REMOVE_MATCHED_NONTARGET__C_CONTRAST,aiops2025,node,4,0.5,4,0.5,4,0.5,4,0.5,4,0.5,4,0.5
mechanisms,gemma-4-26b-a4b,REMOVE_MATCHED_NONTARGET__C_CONTRAST,aiops2025,pod,1,0.0,1,0.0,1,0.0,1,0.0,1,0.0,1,0.0
mechanisms,gemma-4-26b-a4b,REMOVE_MATCHED_NONTARGET__C_CONTRAST,aiops2025,service,12,0.16666666666666666,12,0.16666666666666666,12,0.16666666666666666,12,0.16666666666666666,12,0.16666666666666666,12,0.16666666666666666
mechanisms,gemma-4-26b-a4b,REMOVE_MATCHED_NONTARGET__C_CONTRAST,re2_ob,service,20,1.0,20,1.0,20,1.0,20,1.0,20,1.0,20,1.0
mechanisms,gemma-4-26b-a4b,REMOVE_MATCHED_NONTARGET__C_CONTRAST,re2_tt,service,20,0.9,20,0.9,20,0.9,20,0.9,20,0.9,20,0.9
mechanisms,gemma-4-26b-a4b,REMOVE_MATCHED_NONTARGET__M_TEXT,aegislab,service,17,0.4117647058823529,17,0.4117647058823529,17,0.4117647058823529,17,0.4117647058823529,17,0.4117647058823529,17,0.4117647058823529
mechanisms,gemma-4-26b-a4b,REMOVE_MATCHED_NONTARGET__M_TEXT,aiops2022,node,1,1.0,1,1.0,1,1.0,1,1.0,1,1.0,1,1.0
mechanisms,gemma-4-26b-a4b,REMOVE_MATCHED_NONTARGET__M_TEXT,aiops2022,pod,3,1.0,3,1.0,3,1.0,3,1.0,3,1.0,3,1.0
mechanisms,gemma-4-26b-a4b,REMOVE_MATCHED_NONTARGET__M_TEXT,aiops2022,service,2,0.0,2,0.0,2,0.0,2,0.0,2,0.0,2,0.0
mechanisms,gemma-4-26b-a4b,REMOVE_MATCHED_NONTARGET__M_TEXT,aiops2025,node,3,0.6666666666666666,3,0.6666666666666666,3,0.6666666666666666,3,0.6666666666666666,3,0.6666666666666666,3,0.6666666666666666
mechanisms,gemma-4-26b-a4b,REMOVE_MATCHED_NONTARGET__M_TEXT,aiops2025,pod,2,0.0,2,0.0,2,0.0,2,0.0,2,0.0,2,0.0
mechanisms,gemma-4-26b-a4b,REMOVE_MATCHED_NONTARGET__M_TEXT,aiops2025,service,12,0.08333333333333333,12,0.08333333333333333,12,0.08333333333333333,12,0.08333333333333333,12,0.08333333333333333,12,0.08333333333333333
mechanisms,gemma-4-26b-a4b,REMOVE_MATCHED_NONTARGET__M_TEXT,re2_ob,service,20,0.95,20,0.95,20,0.95,20,0.95,20,0.95,20,0.95
mechanisms,gemma-4-26b-a4b,REMOVE_MATCHED_NONTARGET__M_TEXT,re2_tt,service,20,0.65,20,0.65,20,0.65,20,0.65,20,0.65,20,0.65
mechanisms,gemma-4-26b-a4b,REMOVE_TARGET__C_CONTRAST,aegislab,service,17,0.11764705882352941,17,0.11764705882352941,17,0.11764705882352941,17,0.11764705882352941,17,0.11764705882352941,17,0.11764705882352941
mechanisms,gemma-4-26b-a4b,REMOVE_TARGET__C_CONTRAST,aiops2022,node,2,0.5,2,0.5,2,0.5,2,0.5,2,0.5,2,0.5
mechanisms,gemma-4-26b-a4b,REMOVE_TARGET__C_CONTRAST,aiops2022,pod,1,1.0,1,1.0,1,1.0,1,1.0,1,1.0,1,1.0
mechanisms,gemma-4-26b-a4b,REMOVE_TARGET__C_CONTRAST,aiops2022,service,3,0.0,3,0.0,3,0.0,3,0.0,3,0.0,3,0.0
mechanisms,gemma-4-26b-a4b,REMOVE_TARGET__C_CONTRAST,aiops2025,node,3,0.16666666666666666,3,0.0,3,0.3333333333333333,3,0.3333333333333333,3,0.2222222222222222,3,0.26666666666666666
mechanisms,gemma-4-26b-a4b,REMOVE_TARGET__C_CONTRAST,aiops2025,pod,1,0.0,1,0.0,1,0.0,1,0.0,1,0.0,1,0.0
mechanisms,gemma-4-26b-a4b,REMOVE_TARGET__C_CONTRAST,aiops2025,service,14,0.21428571428571427,14,0.21428571428571427,14,0.21428571428571427,14,0.21428571428571427,14,0.21428571428571427,14,0.21428571428571427
mechanisms,gemma-4-26b-a4b,REMOVE_TARGET__C_CONTRAST,re2_ob,service,20,0.8,20,0.8,20,0.8,20,0.8,20,0.8,20,0.8
mechanisms,gemma-4-26b-a4b,REMOVE_TARGET__C_CONTRAST,re2_tt,service,20,0.5599999999999999,20,0.55,20,0.55,20,0.6,20,0.55,20,0.5599999999999999
mechanisms,gemma-4-26b-a4b,REMOVE_TARGET__M_TEXT,aegislab,service,17,0.17647058823529413,17,0.17647058823529413,17,0.17647058823529413,17,0.17647058823529413,17,0.17647058823529413,17,0.17647058823529413
mechanisms,gemma-4-26b-a4b,REMOVE_TARGET__M_TEXT,aiops2022,node,2,0.5,2,0.5,2,0.5,2,0.5,2,0.5,2,0.5
mechanisms,gemma-4-26b-a4b,REMOVE_TARGET__M_TEXT,aiops2022,pod,2,1.0,2,1.0,2,1.0,2,1.0,2,1.0,2,1.0
mechanisms,gemma-4-26b-a4b,REMOVE_TARGET__M_TEXT,aiops2022,service,2,0.0,2,0.0,2,0.0,2,0.0,2,0.0,2,0.0
mechanisms,gemma-4-26b-a4b,REMOVE_TARGET__M_TEXT,aiops2025,node,2,0.5,2,0.5,2,0.5,2,0.5,2,0.5,2,0.5
mechanisms,gemma-4-26b-a4b,REMOVE_TARGET__M_TEXT,aiops2025,pod,3,0.3333333333333333,3,0.3333333333333333,3,0.3333333333333333,3,0.3333333333333333,3,0.3333333333333333,3,0.3333333333333333
mechanisms,gemma-4-26b-a4b,REMOVE_TARGET__M_TEXT,aiops2025,service,13,0.07692307692307693,13,0.07692307692307693,13,0.07692307692307693,13,0.07692307692307693,13,0.07692307692307693,13,0.07692307692307693
mechanisms,gemma-4-26b-a4b,REMOVE_TARGET__M_TEXT,re2_ob,service,20,0.85,20,0.85,20,0.85,20,0.85,20,0.85,20,0.85
mechanisms,gemma-4-26b-a4b,REMOVE_TARGET__M_TEXT,re2_tt,service,20,0.25,20,0.25,20,0.25,20,0.25,20,0.25,20,0.25
mechanisms,gemma-4-26b-a4b,REPLICATE_1__C_CONTRAST,aegislab,service,20,0.45,20,0.45,20,0.45,20,0.45,20,0.45,20,0.45
mechanisms,gemma-4-26b-a4b,REPLICATE_1__C_CONTRAST,aiops2022,node,3,0.3333333333333333,3,0.3333333333333333,3,0.3333333333333333,3,0.3333333333333333,3,0.3333333333333333,3,0.3333333333333333
mechanisms,gemma-4-26b-a4b,REPLICATE_1__C_CONTRAST,aiops2022,pod,5,0.6,5,0.6,5,0.6,5,0.6,5,0.6,5,0.6
mechanisms,gemma-4-26b-a4b,REPLICATE_1__C_CONTRAST,aiops2022,service,12,0.0,12,0.0,12,0.0,12,0.0,12,0.0,12,0.0
mechanisms,gemma-4-26b-a4b,REPLICATE_1__C_CONTRAST,aiops2025,node,3,0.3333333333333333,3,0.3333333333333333,3,0.3333333333333333,3,0.3333333333333333,3,0.3333333333333333,3,0.3333333333333333
mechanisms,gemma-4-26b-a4b,REPLICATE_1__C_CONTRAST,aiops2025,pod,1,0.0,1,0.0,1,0.0,1,0.0,1,0.0,1,0.0
mechanisms,gemma-4-26b-a4b,REPLICATE_1__C_CONTRAST,aiops2025,service,16,0.125,16,0.125,16,0.125,16,0.125,16,0.125,16,0.125
mechanisms,gemma-4-26b-a4b,REPLICATE_1__C_CONTRAST,re2_ob,service,20,0.9,20,0.9,20,0.9,20,0.9,20,0.9,20,0.9
mechanisms,gemma-4-26b-a4b,REPLICATE_1__C_CONTRAST,re2_tt,service,20,0.9,20,0.9,20,0.9,20,0.9,20,0.9,20,0.9
mechanisms,gemma-4-26b-a4b,REPLICATE_1__M_TEXT,aegislab,service,20,0.4,20,0.4,20,0.4,20,0.4,20,0.4,20,0.4
mechanisms,gemma-4-26b-a4b,REPLICATE_1__M_TEXT,aiops2022,node,4,0.25,4,0.25,4,0.25,4,0.25,4,0.25,4,0.25
mechanisms,gemma-4-26b-a4b,REPLICATE_1__M_TEXT,aiops2022,pod,7,0.7142857142857143,7,0.7142857142857143,7,0.7142857142857143,7,0.7142857142857143,7,0.7142857142857143,7,0.7142857142857143
mechanisms,gemma-4-26b-a4b,REPLICATE_1__M_TEXT,aiops2022,service,9,0.0,9,0.0,9,0.0,9,0.0,9,0.0,9,0.0
mechanisms,gemma-4-26b-a4b,REPLICATE_1__M_TEXT,aiops2025,node,2,0.5,2,0.5,2,0.5,2,0.5,2,0.5,2,0.5
mechanisms,gemma-4-26b-a4b,REPLICATE_1__M_TEXT,aiops2025,pod,5,0.0,5,0.0,5,0.0,5,0.0,5,0.0,5,0.0
mechanisms,gemma-4-26b-a4b,REPLICATE_1__M_TEXT,aiops2025,service,13,0.07692307692307693,13,0.07692307692307693,13,0.07692307692307693,13,0.07692307692307693,13,0.07692307692307693,13,0.07692307692307693
mechanisms,gemma-4-26b-a4b,REPLICATE_1__M_TEXT,re2_ob,service,20,0.8,20,0.8,20,0.8,20,0.8,20,0.8,20,0.8
mechanisms,gemma-4-26b-a4b,REPLICATE_1__M_TEXT,re2_tt,service,20,0.65,20,0.65,20,0.65,20,0.65,20,0.65,20,0.65
mechanisms,gemma-4-26b-a4b,REPLICATE_2__C_CONTRAST,aegislab,service,20,0.45,20,0.45,20,0.45,20,0.45,20,0.45,20,0.45
mechanisms,gemma-4-26b-a4b,REPLICATE_2__C_CONTRAST,aiops2022,node,4,0.25,4,0.25,4,0.25,4,0.25,4,0.25,4,0.25
mechanisms,gemma-4-26b-a4b,REPLICATE_2__C_CONTRAST,aiops2022,pod,4,0.5,4,0.5,4,0.5,4,0.5,4,0.5,4,0.5
mechanisms,gemma-4-26b-a4b,REPLICATE_2__C_CONTRAST,aiops2022,service,12,0.0,12,0.0,12,0.0,12,0.0,12,0.0,12,0.0
mechanisms,gemma-4-26b-a4b,REPLICATE_2__C_CONTRAST,aiops2025,node,4,0.5,4,0.5,4,0.5,4,0.5,4,0.5,4,0.5
mechanisms,gemma-4-26b-a4b,REPLICATE_2__C_CONTRAST,aiops2025,pod,1,1.0,1,1.0,1,1.0,1,1.0,1,1.0,1,1.0
mechanisms,gemma-4-26b-a4b,REPLICATE_2__C_CONTRAST,aiops2025,service,15,0.13333333333333333,15,0.13333333333333333,15,0.13333333333333333,15,0.13333333333333333,15,0.13333333333333333,15,0.13333333333333333
mechanisms,gemma-4-26b-a4b,REPLICATE_2__C_CONTRAST,re2_ob,service,20,0.95,20,0.95,20,0.95,20,0.95,20,0.95,20,0.95
mechanisms,gemma-4-26b-a4b,REPLICATE_2__C_CONTRAST,re2_tt,service,20,0.85,20,0.85,20,0.85,20,0.85,20,0.85,20,0.85
mechanisms,gemma-4-26b-a4b,REPLICATE_2__M_TEXT,aegislab,service,20,0.4,20,0.4,20,0.4,20,0.4,20,0.4,20,0.4
mechanisms,gemma-4-26b-a4b,REPLICATE_2__M_TEXT,aiops2022,node,5,0.2,5,0.2,5,0.2,5,0.2,5,0.2,5,0.2
mechanisms,gemma-4-26b-a4b,REPLICATE_2__M_TEXT,aiops2022,pod,6,0.6666666666666666,6,0.6666666666666666,6,0.6666666666666666,6,0.6666666666666666,6,0.6666666666666666,6,0.6666666666666666
mechanisms,gemma-4-26b-a4b,REPLICATE_2__M_TEXT,aiops2022,service,9,0.0,9,0.0,9,0.0,9,0.0,9,0.0,9,0.0
mechanisms,gemma-4-26b-a4b,REPLICATE_2__M_TEXT,aiops2025,node,2,0.5,2,0.5,2,0.5,2,0.5,2,0.5,2,0.5
mechanisms,gemma-4-26b-a4b,REPLICATE_2__M_TEXT,aiops2025,pod,5,0.2,5,0.2,5,0.2,5,0.2,5,0.2,5,0.2
mechanisms,gemma-4-26b-a4b,REPLICATE_2__M_TEXT,aiops2025,service,13,0.07692307692307693,13,0.07692307692307693,13,0.07692307692307693,13,0.07692307692307693,13,0.07692307692307693,13,0.07692307692307693
mechanisms,gemma-4-26b-a4b,REPLICATE_2__M_TEXT,re2_ob,service,20,0.85,20,0.85,20,0.85,20,0.85,20,0.85,20,0.85
mechanisms,gemma-4-26b-a4b,REPLICATE_2__M_TEXT,re2_tt,service,20,0.65,20,0.65,20,0.65,20,0.65,20,0.65,20,0.65
mechanisms,qwen3.8-27b,NO_GROUPING__C_CONTRAST,aegislab,none,1,0.0,1,0.0,1,0.0,1,0.0,1,0.0,1,0.0
mechanisms,qwen3.8-27b,NO_GROUPING__C_CONTRAST,aegislab,service,19,0.26842105263157895,19,0.10526315789473684,19,0.42105263157894735,19,0.5789473684210527,19,0.2631578947368421,19,0.35789473684210527
mechanisms,qwen3.8-27b,NO_GROUPING__C_CONTRAST,aiops2022,node,3,0.5,3,0.3333333333333333,3,0.6666666666666666,3,0.6666666666666666,3,0.5555555555555555,3,0.6
mechanisms,qwen3.8-27b,NO_GROUPING__C_CONTRAST,aiops2022,pod,1,1.0,1,1.0,1,1.0,1,1.0,1,1.0,1,1.0
mechanisms,qwen3.8-27b,NO_GROUPING__C_CONTRAST,aiops2022,service,16,0.09375,16,0.0625,16,0.125,16,0.125,16,0.10416666666666666,16,0.1125
mechanisms,qwen3.8-27b,NO_GROUPING__C_CONTRAST,aiops2025,node,6,0.5055555555555555,6,0.3333333333333333,6,0.6666666666666666,6,0.8333333333333334,6,0.5,6,0.6
mechanisms,qwen3.8-27b,NO_GROUPING__C_CONTRAST,aiops2025,none,1,0.0,1,0.0,1,0.0,1,0.0,1,0.0,1,0.0
mechanisms,qwen3.8-27b,NO_GROUPING__C_CONTRAST,aiops2025,service,13,0.35256410256410253,13,0.23076923076923078,13,0.46153846153846156,13,0.5384615384615384,13,0.3589743589743589,13,0.43076923076923074
mechanisms,qwen3.8-27b,NO_GROUPING__C_CONTRAST,re2_ob,none,1,0.0,1,0.0,1,0.0,1,0.0,1,0.0,1,0.0
mechanisms,qwen3.8-27b,NO_GROUPING__C_CONTRAST,re2_ob,service,18,0.8287037037037037,18,0.7222222222222222,18,0.9444444444444444,18,1.0,18,0.8333333333333334,18,0.8999999999999999
mechanisms,qwen3.8-27b,NO_GROUPING__C_CONTRAST,re2_tt,service,20,0.7125,20,0.6,20,0.85,20,0.9,20,0.7166666666666667,20,0.79
mechanisms,qwen3.8-27b,NO_GROUPING__M_TEXT,aegislab,pod,1,1.0,1,1.0,1,1.0,1,1.0,1,1.0,1,1.0
mechanisms,qwen3.8-27b,NO_GROUPING__M_TEXT,aegislab,service,19,0.30701754385964913,19,0.15789473684210525,19,0.42105263157894735,19,0.5263157894736842,19,0.3157894736842105,19,0.4
mechanisms,qwen3.8-27b,NO_GROUPING__M_TEXT,aiops2022,node,4,0.375,4,0.25,4,0.5,4,0.5,4,0.41666666666666663,4,0.45
mechanisms,qwen3.8-27b,NO_GROUPING__M_TEXT,aiops2022,pod,3,0.6666666666666666,3,0.6666666666666666,3,0.6666666666666666,3,0.6666666666666666,3,0.6666666666666666,3,0.6666666666666666
mechanisms,qwen3.8-27b,NO_GROUPING__M_TEXT,aiops2022,service,13,0.07692307692307693,13,0.07692307692307693,13,0.07692307692307693,13,0.07692307692307693,13,0.07692307692307693,13,0.07692307692307693
mechanisms,qwen3.8-27b,NO_GROUPING__M_TEXT,aiops2025,node,5,0.45,5,0.4,5,0.4,5,0.6,5,0.4,5,0.48
mechanisms,qwen3.8-27b,NO_GROUPING__M_TEXT,aiops2025,pod,2,0.0,2,0.0,2,0.0,2,0.0,2,0.0,2,0.0
mechanisms,qwen3.8-27b,NO_GROUPING__M_TEXT,aiops2025,service,13,0.21153846153846154,13,0.07692307692307693,13,0.3076923076923077,13,0.38461538461538464,13,0.23076923076923078,13,0.2923076923076923
mechanisms,qwen3.8-27b,NO_GROUPING__M_TEXT,re2_ob,service,20,0.85,20,0.75,20,1.0,20,1.0,20,0.8666666666666666,20,0.9199999999999999
mechanisms,qwen3.8-27b,NO_GROUPING__M_TEXT,re2_tt,service,20,0.6833333333333333,20,0.55,20,0.85,20,0.85,20,0.7166666666666666,20,0.77
mechanisms,qwen3.8-27b,REANONYMIZE__C_CONTRAST,aegislab,none,1,0.0,1,0.0,1,0.0,1,0.0,1,0.0,1,0.0
mechanisms,qwen3.8-27b,REANONYMIZE__C_CONTRAST,aegislab,pod,2,0.0,2,0.0,2,0.0,2,0.0,2,0.0,2,0.0
mechanisms,qwen3.8-27b,REANONYMIZE__C_CONTRAST,aegislab,service,17,0.3333333333333333,17,0.17647058823529413,17,0.47058823529411764,17,0.5882352941176471,17,0.3333333333333333,17,0.43529411764705883
mechanisms,qwen3.8-27b,REANONYMIZE__C_CONTRAST,aiops2022,node,3,0.3333333333333333,3,0.0,3,0.6666666666666666,3,0.6666666666666666,3,0.4444444444444444,3,0.5333333333333333
mechanisms,qwen3.8-27b,REANONYMIZE__C_CONTRAST,aiops2022,none,1,0.0,1,0.0,1,0.0,1,0.0,1,0.0,1,0.0
mechanisms,qwen3.8-27b,REANONYMIZE__C_CONTRAST,aiops2022,pod,1,0.0,1,0.0,1,0.0,1,0.0,1,0.0,1,0.0
mechanisms,qwen3.8-27b,REANONYMIZE__C_CONTRAST,aiops2022,service,14,0.10714285714285714,14,0.0,14,0.14285714285714285,14,0.2857142857142857,14,0.09523809523809523,14,0.17142857142857146
mechanisms,qwen3.8-27b,REANONYMIZE__C_CONTRAST,aiops2025,node,6,0.5555555555555555,6,0.3333333333333333,6,0.8333333333333334,6,0.8333333333333334,6,0.611111111111111,6,0.7000000000000001
mechanisms,qwen3.8-27b,REANONYMIZE__C_CONTRAST,aiops2025,service,14,0.2738095238095238,14,0.07142857142857142,14,0.42857142857142855,14,0.5714285714285714,14,0.2857142857142857,14,0.4
mechanisms,qwen3.8-27b,REANONYMIZE__C_CONTRAST,re2_ob,service,20,0.86,20,0.75,20,0.95,20,1.0,20,0.8833333333333334,20,0.9199999999999999
mechanisms,qwen3.8-27b,REANONYMIZE__C_CONTRAST,re2_tt,service,20,0.8458333333333334,20,0.8,20,0.9,20,0.95,20,0.8333333333333334,20,0.8800000000000001
mechanisms,qwen3.8-27b,REANONYMIZE__M_TEXT,aegislab,service,20,0.3125,20,0.25,20,0.35,20,0.4,20,0.31666666666666665,20,0.35
mechanisms,qwen3.8-27b,REANONYMIZE__M_TEXT,aiops2022,node,4,0.5,4,0.25,4,0.75,4,0.75,4,0.5833333333333333,4,0.65
mechanisms,qwen3.8-27b,REANONYMIZE__M_TEXT,aiops2022,none,1,0.0,1,0.0,1,0.0,1,0.0,1,0.0,1,0.0
mechanisms,qwen3.8-27b,REANONYMIZE__M_TEXT,aiops2022,pod,2,1.0,2,1.0,2,1.0,2,1.0,2,1.0,2,1.0
mechanisms,qwen3.8-27b,REANONYMIZE__M_TEXT,aiops2022,service,13,0.11538461538461539,13,0.07692307692307693,13,0.15384615384615385,13,0.15384615384615385,13,0.1282051282051282,13,0.13846153846153847
mechanisms,qwen3.8-27b,REANONYMIZE__M_TEXT,aiops2025,node,5,0.5,5,0.4,5,0.6,5,0.6,5,0.5333333333333333,5,0.5599999999999999
mechanisms,qwen3.8-27b,REANONYMIZE__M_TEXT,aiops2025,none,1,0.0,1,0.0,1,0.0,1,0.0,1,0.0,1,0.0
mechanisms,qwen3.8-27b,REANONYMIZE__M_TEXT,aiops2025,service,14,0.2202380952380952,14,0.07142857142857142,14,0.35714285714285715,14,0.42857142857142855,14,0.23809523809523808,14,0.31428571428571433
mechanisms,qwen3.8-27b,REANONYMIZE__M_TEXT,re2_ob,service,20,0.8916666666666666,20,0.85,20,0.95,20,0.95,20,0.9,20,0.9199999999999999
mechanisms,qwen3.8-27b,REANONYMIZE__M_TEXT,re2_tt,service,20,0.8166666666666667,20,0.75,20,0.9,20,0.9,20,0.8333333333333334,20,0.86
mechanisms,qwen3.8-27b,REDUNDANT_NOISE__C_CONTRAST,aegislab,none,1,0.0,1,0.0,1,0.0,1,0.0,1,0.0,1,0.0
mechanisms,qwen3.8-27b,REDUNDANT_NOISE__C_CONTRAST,aegislab,service,19,0.27192982456140347,19,0.05263157894736842,19,0.5263157894736842,19,0.5263157894736842,19,0.3333333333333333,19,0.41052631578947374
mechanisms,qwen3.8-27b,REDUNDANT_NOISE__C_CONTRAST,aiops2022,node,3,0.4166666666666667,3,0.3333333333333333,3,0.3333333333333333,3,0.6666666666666666,3,0.3333333333333333,3,0.4666666666666666
mechanisms,qwen3.8-27b,REDUNDANT_NOISE__C_CONTRAST,aiops2022,service,17,0.14705882352941177,17,0.11764705882352941,17,0.17647058823529413,17,0.17647058823529413,17,0.1568627450980392,17,0.16470588235294117
mechanisms,qwen3.8-27b,REDUNDANT_NOISE__C_CONTRAST,aiops2025,node,3,0.5111111111111111,3,0.3333333333333333,3,0.6666666666666666,3,1.0,3,0.4444444444444444,3,0.6
mechanisms,qwen3.8-27b,REDUNDANT_NOISE__C_CONTRAST,aiops2025,none,1,0.0,1,0.0,1,0.0,1,0.0,1,0.0,1,0.0
mechanisms,qwen3.8-27b,REDUNDANT_NOISE__C_CONTRAST,aiops2025,service,16,0.3385416666666667,16,0.1875,16,0.4375,16,0.625,16,0.3125,16,0.4375
mechanisms,qwen3.8-27b,REDUNDANT_NOISE__C_CONTRAST,re2_ob,service,20,0.8291666666666666,20,0.7,20,0.95,20,1.0,20,0.85,20,0.9099999999999999
mechanisms,qwen3.8-27b,REDUNDANT_NOISE__C_CONTRAST,re2_tt,service,20,0.6875,20,0.55,20,0.85,20,0.9,20,0.7,20,0.78
mechanisms,qwen3.8-27b,REDUNDANT_NOISE__M_TEXT,aegislab,pod,1,1.0,1,1.0,1,1.0,1,1.0,1,1.0,1,1.0
mechanisms,qwen3.8-27b,REDUNDANT_NOISE__M_TEXT,aegislab,service,19,0.30701754385964913,19,0.21052631578947367,19,0.3684210526315789,19,0.47368421052631576,19,0.2982456140350877,19,0.3684210526315789
mechanisms,qwen3.8-27b,REDUNDANT_NOISE__M_TEXT,aiops2022,node,3,0.5,3,0.3333333333333333,3,0.6666666666666666,3,0.6666666666666666,3,0.5555555555555555,3,0.6
mechanisms,qwen3.8-27b,REDUNDANT_NOISE__M_TEXT,aiops2022,pod,4,0.75,4,0.75,4,0.75,4,0.75,4,0.75,4,0.75
mechanisms,qwen3.8-27b,REDUNDANT_NOISE__M_TEXT,aiops2022,service,13,0.09615384615384616,13,0.07692307692307693,13,0.07692307692307693,13,0.15384615384615385,13,0.07692307692307693,13,0.10769230769230768
mechanisms,qwen3.8-27b,REDUNDANT_NOISE__M_TEXT,aiops2025,node,4,0.25,4,0.25,4,0.25,4,0.25,4,0.25,4,0.25
mechanisms,qwen3.8-27b,REDUNDANT_NOISE__M_TEXT,aiops2025,service,16,0.21770833333333334,16,0.0,16,0.375,16,0.5625,16,0.22916666666666666,16,0.3375
mechanisms,qwen3.8-27b,REDUNDANT_NOISE__M_TEXT,re2_ob,service,20,0.8583333333333334,20,0.8,20,0.95,20,0.95,20,0.8666666666666666,20,0.9
mechanisms,qwen3.8-27b,REDUNDANT_NOISE__M_TEXT,re2_tt,service,20,0.5125,20,0.4,20,0.65,20,0.7,20,0.5166666666666666,20,0.5900000000000001
mechanisms,qwen3.8-27b,REMOVE_MATCHED_NONTARGET__C_CONTRAST,aegislab,none,1,0.0,1,0.0,1,0.0,1,0.0,1,0.0,1,0.0
mechanisms,qwen3.8-27b,REMOVE_MATCHED_NONTARGET__C_CONTRAST,aegislab,service,16,0.25729166666666664,16,0.0625,16,0.4375,16,0.5625,16,0.2708333333333333,16,0.375
mechanisms,qwen3.8-27b,REMOVE_MATCHED_NONTARGET__C_CONTRAST,aiops2022,node,1,1.0,1,1.0,1,1.0,1,1.0,1,1.0,1,1.0
mechanisms,qwen3.8-27b,REMOVE_MATCHED_NONTARGET__C_CONTRAST,aiops2022,pod,1,1.0,1,1.0,1,1.0,1,1.0,1,1.0,1,1.0
mechanisms,qwen3.8-27b,REMOVE_MATCHED_NONTARGET__C_CONTRAST,aiops2022,service,4,0.0,4,0.0,4,0.0,4,0.0,4,0.0,4,0.0
mechanisms,qwen3.8-27b,REMOVE_MATCHED_NONTARGET__C_CONTRAST,aiops2025,node,5,0.5666666666666667,5,0.4,5,0.8,5,0.8,5,0.6,5,0.6799999999999999
mechanisms,qwen3.8-27b,REMOVE_MATCHED_NONTARGET__C_CONTRAST,aiops2025,service,12,0.20833333333333334,12,0.08333333333333333,12,0.25,12,0.4166666666666667,12,0.19444444444444442,12,0.2833333333333334
mechanisms,qwen3.8-27b,REMOVE_MATCHED_NONTARGET__C_CONTRAST,re2_ob,none,1,0.0,1,0.0,1,0.0,1,0.0,1,0.0,1,0.0
mechanisms,qwen3.8-27b,REMOVE_MATCHED_NONTARGET__C_CONTRAST,re2_ob,service,19,0.9385964912280701,19,0.8947368421052632,19,1.0,19,1.0,19,0.9473684210526315,19,0.9684210526315788
mechanisms,qwen3.8-27b,REMOVE_MATCHED_NONTARGET__C_CONTRAST,re2_tt,none,1,0.0,1,0.0,1,0.0,1,0.0,1,0.0,1,0.0
mechanisms,qwen3.8-27b,REMOVE_MATCHED_NONTARGET__C_CONTRAST,re2_tt,service,19,0.6710526315789473,19,0.5263157894736842,19,0.8421052631578947,19,0.8947368421052632,19,0.6842105263157895,19,0.7684210526315789
mechanisms,qwen3.8-27b,REMOVE_MATCHED_NONTARGET__M_TEXT,aegislab,none,1,0.0,1,0.0,1,0.0,1,0.0,1,0.0,1,0.0
mechanisms,qwen3.8-27b,REMOVE_MATCHED_NONTARGET__M_TEXT,aegislab,service,16,0.40625,16,0.1875,16,0.5,16,0.75,16,0.3958333333333333,16,0.5375
mechanisms,qwen3.8-27b,REMOVE_MATCHED_NONTARGET__M_TEXT,aiops2022,node,1,1.0,1,1.0,1,1.0,1,1.0,1,1.0,1,1.0
mechanisms,qwen3.8-27b,REMOVE_MATCHED_NONTARGET__M_TEXT,aiops2022,pod,1,1.0,1,1.0,1,1.0,1,1.0,1,1.0,1,1.0
mechanisms,qwen3.8-27b,REMOVE_MATCHED_NONTARGET__M_TEXT,aiops2022,service,4,0.05,4,0.0,4,0.0,4,0.25,4,0.0,4,0.05
mechanisms,qwen3.8-27b,REMOVE_MATCHED_NONTARGET__M_TEXT,aiops2025,node,1,0.0,1,0.0,1,0.0,1,0.0,1,0.0,1,0.0
mechanisms,qwen3.8-27b,REMOVE_MATCHED_NONTARGET__M_TEXT,aiops2025,none,1,0.0,1,0.0,1,0.0,1,0.0,1,0.0,1,0.0
mechanisms,qwen3.8-27b,REMOVE_MATCHED_NONTARGET__M_TEXT,aiops2025,pod,1,0.0,1,0.0,1,0.0,1,0.0,1,0.0,1,0.0
mechanisms,qwen3.8-27b,REMOVE_MATCHED_NONTARGET__M_TEXT,aiops2025,service,13,0.32564102564102565,13,0.07692307692307693,13,0.46153846153846156,13,0.7692307692307693,13,0.3076923076923077,13,0.46153846153846156
mechanisms,qwen3.8-27b,REMOVE_MATCHED_NONTARGET__M_TEXT,re2_ob,service,20,0.8958333333333334,20,0.85,20,0.95,20,1.0,20,0.8833333333333334,20,0.93
mechanisms,qwen3.8-27b,REMOVE_MATCHED_NONTARGET__M_TEXT,re2_tt,service,19,0.7456140350877193,19,0.631578947368421,19,0.8947368421052632,19,0.8947368421052632,19,0.7719298245614035,19,0.8210526315789474
mechanisms,qwen3.8-27b,REMOVE_TARGET__C_CONTRAST,aegislab,service,17,0.29901960784313725,17,0.11764705882352941,17,0.47058823529411764,17,0.5294117647058824,17,0.3333333333333333,17,0.4117647058823529
mechanisms,qwen3.8-27b,REMOVE_TARGET__C_CONTRAST,aiops2022,node,1,1.0,1,1.0,1,1.0,1,1.0,1,1.0,1,1.0
mechanisms,qwen3.8-27b,REMOVE_TARGET__C_CONTRAST,aiops2022,service,5,0.0,5,0.0,5,0.0,5,0.0,5,0.0,5,0.0
mechanisms,qwen3.8-27b,REMOVE_TARGET__C_CONTRAST,aiops2025,node,5,0.4666666666666666,5,0.4,5,0.6,5,0.6,5,0.4666666666666666,5,0.52
mechanisms,qwen3.8-27b,REMOVE_TARGET__C_CONTRAST,aiops2025,service,13,0.25,13,0.15384615384615385,13,0.3076923076923077,13,0.38461538461538464,13,0.2564102564102564,13,0.3076923076923077
mechanisms,qwen3.8-27b,REMOVE_TARGET__C_CONTRAST,re2_ob,service,20,0.8291666666666666,20,0.7,20,0.95,20,1.0,20,0.85,20,0.9099999999999999
mechanisms,qwen3.8-27b,REMOVE_TARGET__C_CONTRAST,re2_tt,service,20,0.6708333333333333,20,0.55,20,0.8,20,0.85,20,0.6833333333333333,20,0.75
mechanisms,qwen3.8-27b,REMOVE_TARGET__M_TEXT,aegislab,service,17,0.23529411764705882,17,0.17647058823529413,17,0.23529411764705882,17,0.35294117647058826,17,0.2156862745098039,17,0.27058823529411763
mechanisms,qwen3.8-27b,REMOVE_TARGET__M_TEXT,aiops2022,node,2,0.5,2,0.5,2,0.5,2,0.5,2,0.5,2,0.5
mechanisms,qwen3.8-27b,REMOVE_TARGET__M_TEXT,aiops2022,service,4,0.05,4,0.0,4,0.0,4,0.25,4,0.0,4,0.05
mechanisms,qwen3.8-27b,REMOVE_TARGET__M_TEXT,aiops2025,node,4,0.5,4,0.5,4,0.5,4,0.5,4,0.5,4,0.5
mechanisms,qwen3.8-27b,REMOVE_TARGET__M_TEXT,aiops2025,none,1,0.0,1,0.0,1,0.0,1,0.0,1,0.0,1,0.0
mechanisms,qwen3.8-27b,REMOVE_TARGET__M_TEXT,aiops2025,pod,2,0.0,2,0.0,2,0.0,2,0.0,2,0.0,2,0.0
mechanisms,qwen3.8-27b,REMOVE_TARGET__M_TEXT,aiops2025,service,11,0.16666666666666666,11,0.09090909090909091,11,0.18181818181818182,11,0.36363636363636365,11,0.1212121212121212,11,0.21818181818181817
mechanisms,qwen3.8-27b,REMOVE_TARGET__M_TEXT,re2_ob,service,20,0.8708333333333333,20,0.8,20,0.95,20,1.0,20,0.8666666666666666,20,0.9199999999999999
mechanisms,qwen3.8-27b,REMOVE_TARGET__M_TEXT,re2_tt,service,20,0.5458333333333333,20,0.45,20,0.65,20,0.7,20,0.55,20,0.61
mechanisms,qwen3.8-27b,REPLICATE_1__C_CONTRAST,aegislab,none,1,0.0,1,0.0,1,0.0,1,0.0,1,0.0,1,0.0
mechanisms,qwen3.8-27b,REPLICATE_1__C_CONTRAST,aegislab,service,18,0.25555555555555554,18,0.05555555555555555,18,0.4444444444444444,18,0.6111111111111112,18,0.25925925925925924,18,0.36666666666666664
mechanisms,qwen3.8-27b,REPLICATE_1__C_CONTRAST,aiops2022,node,3,0.5,3,0.3333333333333333,3,0.6666666666666666,3,0.6666666666666666,3,0.5555555555555555,3,0.6
mechanisms,qwen3.8-27b,REPLICATE_1__C_CONTRAST,aiops2022,pod,1,1.0,1,1.0,1,1.0,1,1.0,1,1.0,1,1.0
mechanisms,qwen3.8-27b,REPLICATE_1__C_CONTRAST,aiops2022,service,16,0.09375,16,0.0625,16,0.125,16,0.125,16,0.10416666666666666,16,0.1125
mechanisms,qwen3.8-27b,REPLICATE_1__C_CONTRAST,aiops2025,node,6,0.5055555555555555,6,0.3333333333333333,6,0.6666666666666666,6,0.8333333333333334,6,0.5,6,0.6
mechanisms,qwen3.8-27b,REPLICATE_1__C_CONTRAST,aiops2025,none,1,0.0,1,0.0,1,0.0,1,0.0,1,0.0,1,0.0
mechanisms,qwen3.8-27b,REPLICATE_1__C_CONTRAST,aiops2025,service,13,0.35256410256410253,13,0.23076923076923078,13,0.46153846153846156,13,0.5384615384615384,13,0.3589743589743589,13,0.43076923076923074
mechanisms,qwen3.8-27b,REPLICATE_1__C_CONTRAST,re2_ob,service,20,0.8458333333333334,20,0.75,20,0.95,20,1.0,20,0.85,20,0.9099999999999999
mechanisms,qwen3.8-27b,REPLICATE_1__C_CONTRAST,re2_tt,service,20,0.7125,20,0.6,20,0.85,20,0.9,20,0.7166666666666667,20,0.79
mechanisms,qwen3.8-27b,REPLICATE_1__M_TEXT,aegislab,pod,1,1.0,1,1.0,1,1.0,1,1.0,1,1.0,1,1.0
mechanisms,qwen3.8-27b,REPLICATE_1__M_TEXT,aegislab,service,19,0.3333333333333333,19,0.21052631578947367,19,0.42105263157894735,19,0.5263157894736842,19,0.3333333333333333,19,0.4105263157894737
mechanisms,qwen3.8-27b,REPLICATE_1__M_TEXT,aiops2022,node,4,0.375,4,0.25,4,0.5,4,0.5,4,0.41666666666666663,4,0.45
mechanisms,qwen3.8-27b,REPLICATE_1__M_TEXT,aiops2022,pod,2,0.5,2,0.5,2,0.5,2,0.5,2,0.5,2,0.5
mechanisms,qwen3.8-27b,REPLICATE_1__M_TEXT,aiops2022,service,14,0.08571428571428572,14,0.07142857142857142,14,0.07142857142857142,14,0.14285714285714285,14,0.07142857142857142,14,0.08571428571428572
mechanisms,qwen3.8-27b,REPLICATE_1__M_TEXT,aiops2025,node,3,0.5,3,0.3333333333333333,3,0.6666666666666666,3,0.6666666666666666,3,0.5555555555555555,3,0.6
mechanisms,qwen3.8-27b,REPLICATE_1__M_TEXT,aiops2025,pod,1,0.0,1,0.0,1,0.0,1,0.0,1,0.0,1,0.0
mechanisms,qwen3.8-27b,REPLICATE_1__M_TEXT,aiops2025,service,15,0.2833333333333333,15,0.13333333333333333,15,0.4666666666666667,15,0.5333333333333333,15,0.28888888888888886,15,0.38666666666666666
mechanisms,qwen3.8-27b,REPLICATE_1__M_TEXT,re2_ob,service,20,0.8666666666666666,20,0.8,20,0.9,20,1.0,20,0.85,20,0.9099999999999999
mechanisms,qwen3.8-27b,REPLICATE_1__M_TEXT,re2_tt,service,20,0.7041666666666667,20,0.55,20,0.85,20,0.9,20,0.7333333333333333,20,0.8
mechanisms,qwen3.8-27b,REPLICATE_2__C_CONTRAST,aegislab,none,1,0.0,1,0.0,1,0.0,1,0.0,1,0.0,1,0.0
mechanisms,qwen3.8-27b,REPLICATE_2__C_CONTRAST,aegislab,service,19,0.2421052631578947,19,0.05263157894736842,19,0.42105263157894735,19,0.5789473684210527,19,0.24561403508771926,19,0.34736842105263155
mechanisms,qwen3.8-27b,REPLICATE_2__C_CONTRAST,aiops2022,node,3,0.5,3,0.3333333333333333,3,0.6666666666666666,3,0.6666666666666666,3,0.5555555555555555,3,0.6
mechanisms,qwen3.8-27b,REPLICATE_2__C_CONTRAST,aiops2022,pod,1,1.0,1,1.0,1,1.0,1,1.0,1,1.0,1,1.0
mechanisms,qwen3.8-27b,REPLICATE_2__C_CONTRAST,aiops2022,service,16,0.09375,16,0.0625,16,0.125,16,0.125,16,0.10416666666666666,16,0.1125
mechanisms,qwen3.8-27b,REPLICATE_2__C_CONTRAST,aiops2025,node,5,0.5666666666666667,5,0.4,5,0.8,5,0.8,5,0.6,5,0.6799999999999999
mechanisms,qwen3.8-27b,REPLICATE_2__C_CONTRAST,aiops2025,none,1,0.0,1,0.0,1,0.0,1,0.0,1,0.0,1,0.0
mechanisms,qwen3.8-27b,REPLICATE_2__C_CONTRAST,aiops2025,service,13,0.35256410256410253,13,0.23076923076923078,13,0.46153846153846156,13,0.5384615384615384,13,0.3589743589743589,13,0.43076923076923074
mechanisms,qwen3.8-27b,REPLICATE_2__C_CONTRAST,re2_ob,service,20,0.8458333333333334,20,0.75,20,0.95,20,1.0,20,0.85,20,0.9099999999999999
mechanisms,qwen3.8-27b,REPLICATE_2__C_CONTRAST,re2_tt,service,20,0.7125,20,0.6,20,0.85,20,0.9,20,0.7166666666666667,20,0.79
mechanisms,qwen3.8-27b,REPLICATE_2__M_TEXT,aegislab,pod,1,1.0,1,1.0,1,1.0,1,1.0,1,1.0,1,1.0
mechanisms,qwen3.8-27b,REPLICATE_2__M_TEXT,aegislab,service,19,0.32456140350877194,19,0.21052631578947367,19,0.42105263157894735,19,0.5263157894736842,19,0.3157894736842105,19,0.39999999999999997
mechanisms,qwen3.8-27b,REPLICATE_2__M_TEXT,aiops2022,node,4,0.4375,4,0.25,4,0.5,4,0.75,4,0.41666666666666663,4,0.55
mechanisms,qwen3.8-27b,REPLICATE_2__M_TEXT,aiops2022,pod,2,0.5,2,0.5,2,0.5,2,0.5,2,0.5,2,0.5
mechanisms,qwen3.8-27b,REPLICATE_2__M_TEXT,aiops2022,service,14,0.08571428571428572,14,0.07142857142857142,14,0.07142857142857142,14,0.14285714285714285,14,0.07142857142857142,14,0.08571428571428572
mechanisms,qwen3.8-27b,REPLICATE_2__M_TEXT,aiops2025,node,3,0.3333333333333333,3,0.3333333333333333,3,0.3333333333333333,3,0.3333333333333333,3,0.3333333333333333,3,0.3333333333333333
mechanisms,qwen3.8-27b,REPLICATE_2__M_TEXT,aiops2025,pod,1,0.0,1,0.0,1,0.0,1,0.0,1,0.0,1,0.0
mechanisms,qwen3.8-27b,REPLICATE_2__M_TEXT,aiops2025,service,16,0.25729166666666664,16,0.125,16,0.375,16,0.5,16,0.25,16,0.3375
mechanisms,qwen3.8-27b,REPLICATE_2__M_TEXT,re2_ob,service,20,0.8666666666666666,20,0.8,20,0.9,20,1.0,20,0.85,20,0.9099999999999999
mechanisms,qwen3.8-27b,REPLICATE_2__M_TEXT,re2_tt,service,19,0.6885964912280702,19,0.5263157894736842,19,0.8421052631578947,19,0.8947368421052632,19,0.7192982456140351,19,0.7894736842105263
representation,gemma-4-26b-a4b,P0_C_CONTRAST,aegislab,pod,2,0.0,2,0.0,2,0.0,2,0.0,2,0.0,2,0.0
representation,gemma-4-26b-a4b,P0_C_CONTRAST,aegislab,service,98,0.3673469387755102,98,0.3673469387755102,98,0.3673469387755102,98,0.3673469387755102,98,0.3673469387755102,98,0.3673469387755102
representation,gemma-4-26b-a4b,P0_C_CONTRAST,aiops2022,node,26,0.38461538461538464,26,0.38461538461538464,26,0.38461538461538464,26,0.38461538461538464,26,0.38461538461538464,26,0.38461538461538464
representation,gemma-4-26b-a4b,P0_C_CONTRAST,aiops2022,pod,17,0.4117647058823529,17,0.4117647058823529,17,0.4117647058823529,17,0.4117647058823529,17,0.4117647058823529,17,0.4117647058823529
representation,gemma-4-26b-a4b,P0_C_CONTRAST,aiops2022,service,57,0.09649122807017543,57,0.08771929824561403,57,0.10526315789473684,57,0.10526315789473684,57,0.09941520467836257,57,0.10175438596491228
representation,gemma-4-26b-a4b,P0_C_CONTRAST,aiops2025,node,15,0.3333333333333333,15,0.3333333333333333,15,0.3333333333333333,15,0.3333333333333333,15,0.3333333333333333,15,0.3333333333333333
representation,gemma-4-26b-a4b,P0_C_CONTRAST,aiops2025,pod,12,0.0,12,0.0,12,0.0,12,0.0,12,0.0,12,0.0
representation,gemma-4-26b-a4b,P0_C_CONTRAST,aiops2025,service,73,0.1780821917808219,73,0.1780821917808219,73,0.1780821917808219,73,0.1780821917808219,73,0.1780821917808219,73,0.1780821917808219
representation,gemma-4-26b-a4b,P0_C_CONTRAST,re2_ob,service,90,0.8444444444444444,90,0.8444444444444444,90,0.8444444444444444,90,0.8444444444444444,90,0.8444444444444444,90,0.8444444444444444
representation,gemma-4-26b-a4b,P0_C_CONTRAST,re2_tt,none,1,0.0,1,0.0,1,0.0,1,0.0,1,0.0,1,0.0
representation,gemma-4-26b-a4b,P0_C_CONTRAST,re2_tt,service,89,0.7640449438202247,89,0.7640449438202247,89,0.7640449438202247,89,0.7640449438202247,89,0.7640449438202247,89,0.7640449438202247
representation,gemma-4-26b-a4b,P0_M_TEXT,aegislab,pod,7,0.8571428571428571,7,0.8571428571428571,7,0.8571428571428571,7,0.8571428571428571,7,0.8571428571428571,7,0.8571428571428571
representation,gemma-4-26b-a4b,P0_M_TEXT,aegislab,service,93,0.41935483870967744,93,0.41935483870967744,93,0.41935483870967744,93,0.41935483870967744,93,0.41935483870967744,93,0.41935483870967744
representation,gemma-4-26b-a4b,P0_M_TEXT,aiops2022,node,29,0.3103448275862069,29,0.3103448275862069,29,0.3103448275862069,29,0.3103448275862069,29,0.3103448275862069,29,0.3103448275862069
representation,gemma-4-26b-a4b,P0_M_TEXT,aiops2022,pod,37,0.5135135135135135,37,0.5135135135135135,37,0.5135135135135135,37,0.5135135135135135,37,0.5135135135135135,37,0.5135135135135135
representation,gemma-4-26b-a4b,P0_M_TEXT,aiops2022,service,34,0.029411764705882353,34,0.029411764705882353,34,0.029411764705882353,34,0.029411764705882353,34,0.029411764705882353,34,0.029411764705882353
representation,gemma-4-26b-a4b,P0_M_TEXT,aiops2025,node,14,0.21428571428571427,14,0.21428571428571427,14,0.21428571428571427,14,0.21428571428571427,14,0.21428571428571427,14,0.21428571428571427
representation,gemma-4-26b-a4b,P0_M_TEXT,aiops2025,pod,28,0.25,28,0.25,28,0.25,28,0.25,28,0.25,28,0.25
representation,gemma-4-26b-a4b,P0_M_TEXT,aiops2025,service,58,0.1896551724137931,58,0.1896551724137931,58,0.1896551724137931,58,0.1896551724137931,58,0.1896551724137931,58,0.1896551724137931
representation,gemma-4-26b-a4b,P0_M_TEXT,re2_ob,service,90,0.8666666666666667,90,0.8666666666666667,90,0.8666666666666667,90,0.8666666666666667,90,0.8666666666666667,90,0.8666666666666667
representation,gemma-4-26b-a4b,P0_M_TEXT,re2_tt,service,90,0.6222222222222222,90,0.6222222222222222,90,0.6222222222222222,90,0.6222222222222222,90,0.6222222222222222,90,0.6222222222222222
representation,gemma-4-26b-a4b,P0_V_CONTRAST,aegislab,pod,7,0.2857142857142857,7,0.2857142857142857,7,0.2857142857142857,7,0.2857142857142857,7,0.2857142857142857,7,0.2857142857142857
representation,gemma-4-26b-a4b,P0_V_CONTRAST,aegislab,service,93,0.3118279569892473,93,0.3118279569892473,93,0.3118279569892473,93,0.3118279569892473,93,0.3118279569892473,93,0.3118279569892473
representation,gemma-4-26b-a4b,P0_V_CONTRAST,aiops2022,node,31,0.0967741935483871,31,0.0967741935483871,31,0.0967741935483871,31,0.0967741935483871,31,0.0967741935483871,31,0.0967741935483871
representation,gemma-4-26b-a4b,P0_V_CONTRAST,aiops2022,none,1,0.0,1,0.0,1,0.0,1,0.0,1,0.0,1,0.0
representation,gemma-4-26b-a4b,P0_V_CONTRAST,aiops2022,pod,31,0.12903225806451613,31,0.12903225806451613,31,0.12903225806451613,31,0.12903225806451613,31,0.12903225806451613,31,0.12903225806451613
representation,gemma-4-26b-a4b,P0_V_CONTRAST,aiops2022,service,37,0.02702702702702703,37,0.02702702702702703,37,0.02702702702702703,37,0.02702702702702703,37,0.02702702702702703,37,0.02702702702702703
representation,gemma-4-26b-a4b,P0_V_CONTRAST,aiops2025,node,30,0.1,30,0.1,30,0.1,30,0.1,30,0.1,30,0.1
representation,gemma-4-26b-a4b,P0_V_CONTRAST,aiops2025,pod,26,0.15384615384615385,26,0.15384615384615385,26,0.15384615384615385,26,0.15384615384615385,26,0.15384615384615385,26,0.15384615384615385
representation,gemma-4-26b-a4b,P0_V_CONTRAST,aiops2025,service,44,0.11363636363636363,44,0.11363636363636363,44,0.11363636363636363,44,0.11363636363636363,44,0.11363636363636363,44,0.11363636363636363
representation,gemma-4-26b-a4b,P0_V_CONTRAST,re2_ob,none,3,0.0,3,0.0,3,0.0,3,0.0,3,0.0,3,0.0
representation,gemma-4-26b-a4b,P0_V_CONTRAST,re2_ob,service,87,0.5057471264367817,87,0.5057471264367817,87,0.5057471264367817,87,0.5057471264367817,87,0.5057471264367817,87,0.5057471264367817
representation,gemma-4-26b-a4b,P0_V_CONTRAST,re2_tt,service,90,0.3,90,0.3,90,0.3,90,0.3,90,0.3,90,0.3
representation,gemma-4-26b-a4b,P0_V_STANDARD,aegislab,pod,8,0.25,8,0.25,8,0.25,8,0.25,8,0.25,8,0.25
representation,gemma-4-26b-a4b,P0_V_STANDARD,aegislab,service,92,0.33695652173913043,92,0.33695652173913043,92,0.33695652173913043,92,0.33695652173913043,92,0.33695652173913043,92,0.33695652173913043
representation,gemma-4-26b-a4b,P0_V_STANDARD,aiops2022,node,26,0.15384615384615385,26,0.15384615384615385,26,0.15384615384615385,26,0.15384615384615385,26,0.15384615384615385,26,0.15384615384615385
representation,gemma-4-26b-a4b,P0_V_STANDARD,aiops2022,pod,41,0.2682926829268293,41,0.2682926829268293,41,0.2682926829268293,41,0.2682926829268293,41,0.2682926829268293,41,0.2682926829268293
representation,gemma-4-26b-a4b,P0_V_STANDARD,aiops2022,service,33,0.06060606060606061,33,0.06060606060606061,33,0.06060606060606061,33,0.06060606060606061,33,0.06060606060606061,33,0.06060606060606061
representation,gemma-4-26b-a4b,P0_V_STANDARD,aiops2025,node,28,0.07142857142857142,28,0.07142857142857142,28,0.07142857142857142,28,0.07142857142857142,28,0.07142857142857142,28,0.07142857142857142
representation,gemma-4-26b-a4b,P0_V_STANDARD,aiops2025,pod,17,0.23529411764705882,17,0.23529411764705882,17,0.23529411764705882,17,0.23529411764705882,17,0.23529411764705882,17,0.23529411764705882
representation,gemma-4-26b-a4b,P0_V_STANDARD,aiops2025,service,55,0.14545454545454545,55,0.14545454545454545,55,0.14545454545454545,55,0.14545454545454545,55,0.14545454545454545,55,0.14545454545454545
representation,gemma-4-26b-a4b,P0_V_STANDARD,re2_ob,service,90,0.45555555555555555,90,0.45555555555555555,90,0.45555555555555555,90,0.45555555555555555,90,0.45555555555555555,90,0.45555555555555555
representation,gemma-4-26b-a4b,P0_V_STANDARD,re2_tt,service,90,0.3333333333333333,90,0.3333333333333333,90,0.3333333333333333,90,0.3333333333333333,90,0.3333333333333333,90,0.3333333333333333
representation,gemma-4-26b-a4b,SC_C_CONTRAST,aegislab,pod,1,1.0,1,1.0,1,1.0,1,1.0,1,1.0,1,1.0
representation,gemma-4-26b-a4b,SC_C_CONTRAST,aegislab,service,99,0.41414141414141414,99,0.41414141414141414,99,0.41414141414141414,99,0.41414141414141414,99,0.41414141414141414,99,0.41414141414141414
representation,gemma-4-26b-a4b,SC_C_CONTRAST,aiops2022,node,19,0.42105263157894735,19,0.42105263157894735,19,0.42105263157894735,19,0.42105263157894735,19,0.42105263157894735,19,0.42105263157894735
representation,gemma-4-26b-a4b,SC_C_CONTRAST,aiops2022,pod,23,0.4782608695652174,23,0.4782608695652174,23,0.4782608695652174,23,0.4782608695652174,23,0.4782608695652174,23,0.4782608695652174
representation,gemma-4-26b-a4b,SC_C_CONTRAST,aiops2022,service,58,0.08620689655172414,58,0.08620689655172414,58,0.08620689655172414,58,0.08620689655172414,58,0.08620689655172414,58,0.08620689655172414
representation,gemma-4-26b-a4b,SC_C_CONTRAST,aiops2025,node,10,0.3,10,0.3,10,0.3,10,0.3,10,0.3,10,0.3
representation,gemma-4-26b-a4b,SC_C_CONTRAST,aiops2025,pod,6,0.3333333333333333,6,0.3333333333333333,6,0.3333333333333333,6,0.3333333333333333,6,0.3333333333333333,6,0.3333333333333333
representation,gemma-4-26b-a4b,SC_C_CONTRAST,aiops2025,service,84,0.11904761904761904,84,0.11904761904761904,84,0.11904761904761904,84,0.11904761904761904,84,0.11904761904761904,84,0.11904761904761904
representation,gemma-4-26b-a4b,SC_C_CONTRAST,re2_ob,service,90,0.8666666666666667,90,0.8666666666666667,90,0.8666666666666667,90,0.8666666666666667,90,0.8666666666666667,90,0.8666666666666667
representation,gemma-4-26b-a4b,SC_C_CONTRAST,re2_tt,service,90,0.7888888888888889,90,0.7888888888888889,90,0.7888888888888889,90,0.7888888888888889,90,0.7888888888888889,90,0.7888888888888889
representation,gemma-4-26b-a4b,SC_M_TEXT,aegislab,pod,2,1.0,2,1.0,2,1.0,2,1.0,2,1.0,2,1.0
representation,gemma-4-26b-a4b,SC_M_TEXT,aegislab,service,98,0.37755102040816324,98,0.37755102040816324,98,0.37755102040816324,98,0.37755102040816324,98,0.37755102040816324,98,0.37755102040816324
representation,gemma-4-26b-a4b,SC_M_TEXT,aiops2022,node,19,0.21052631578947367,19,0.21052631578947367,19,0.21052631578947367,19,0.21052631578947367,19,0.21052631578947367,19,0.21052631578947367
representation,gemma-4-26b-a4b,SC_M_TEXT,aiops2022,none,1,0.0,1,0.0,1,0.0,1,0.0,1,0.0,1,0.0
representation,gemma-4-26b-a4b,SC_M_TEXT,aiops2022,pod,32,0.59375,32,0.59375,32,0.59375,32,0.59375,32,0.59375,32,0.59375
representation,gemma-4-26b-a4b,SC_M_TEXT,aiops2022,service,48,0.020833333333333332,48,0.020833333333333332,48,0.020833333333333332,48,0.020833333333333332,48,0.020833333333333332,48,0.020833333333333332
representation,gemma-4-26b-a4b,SC_M_TEXT,aiops2025,node,8,0.375,8,0.375,8,0.375,8,0.375,8,0.375,8,0.375
representation,gemma-4-26b-a4b,SC_M_TEXT,aiops2025,pod,22,0.09090909090909091,22,0.09090909090909091,22,0.09090909090909091,22,0.09090909090909091,22,0.09090909090909091,22,0.09090909090909091
representation,gemma-4-26b-a4b,SC_M_TEXT,aiops2025,service,70,0.08571428571428572,70,0.08571428571428572,70,0.08571428571428572,70,0.08571428571428572,70,0.08571428571428572,70,0.08571428571428572
representation,gemma-4-26b-a4b,SC_M_TEXT,re2_ob,service,90,0.8333333333333334,90,0.8333333333333334,90,0.8333333333333334,90,0.8333333333333334,90,0.8333333333333334,90,0.8333333333333334
representation,gemma-4-26b-a4b,SC_M_TEXT,re2_tt,service,90,0.6444444444444445,90,0.6444444444444445,90,0.6444444444444445,90,0.6444444444444445,90,0.6444444444444445,90,0.6444444444444445
representation,gemma-4-26b-a4b,SC_V_CONTRAST,aegislab,pod,13,0.46153846153846156,13,0.46153846153846156,13,0.46153846153846156,13,0.46153846153846156,13,0.46153846153846156,13,0.46153846153846156
representation,gemma-4-26b-a4b,SC_V_CONTRAST,aegislab,service,87,0.20689655172413793,87,0.20689655172413793,87,0.20689655172413793,87,0.20689655172413793,87,0.20689655172413793,87,0.20689655172413793
representation,gemma-4-26b-a4b,SC_V_CONTRAST,aiops2022,node,29,0.10344827586206896,29,0.10344827586206896,29,0.10344827586206896,29,0.10344827586206896,29,0.10344827586206896,29,0.10344827586206896
representation,gemma-4-26b-a4b,SC_V_CONTRAST,aiops2022,pod,25,0.4,25,0.4,25,0.4,25,0.4,25,0.4,25,0.4
representation,gemma-4-26b-a4b,SC_V_CONTRAST,aiops2022,service,46,0.021739130434782608,46,0.021739130434782608,46,0.021739130434782608,46,0.021739130434782608,46,0.021739130434782608,46,0.021739130434782608
representation,gemma-4-26b-a4b,SC_V_CONTRAST,aiops2025,node,30,0.13333333333333333,30,0.13333333333333333,30,0.13333333333333333,30,0.13333333333333333,30,0.13333333333333333,30,0.13333333333333333
representation,gemma-4-26b-a4b,SC_V_CONTRAST,aiops2025,pod,14,0.14285714285714285,14,0.14285714285714285,14,0.14285714285714285,14,0.14285714285714285,14,0.14285714285714285,14,0.14285714285714285
representation,gemma-4-26b-a4b,SC_V_CONTRAST,aiops2025,service,56,0.05357142857142857,56,0.05357142857142857,56,0.05357142857142857,56,0.05357142857142857,56,0.05357142857142857,56,0.05357142857142857
representation,gemma-4-26b-a4b,SC_V_CONTRAST,re2_ob,service,90,0.5111111111111111,90,0.5111111111111111,90,0.5111111111111111,90,0.5111111111111111,90,0.5111111111111111,90,0.5111111111111111
representation,gemma-4-26b-a4b,SC_V_CONTRAST,re2_tt,service,90,0.2,90,0.2,90,0.2,90,0.2,90,0.2,90,0.2
representation,gemma-4-26b-a4b,SC_V_STANDARD,aegislab,pod,3,0.6666666666666666,3,0.6666666666666666,3,0.6666666666666666,3,0.6666666666666666,3,0.6666666666666666,3,0.6666666666666666
representation,gemma-4-26b-a4b,SC_V_STANDARD,aegislab,service,97,0.23711340206185566,97,0.23711340206185566,97,0.23711340206185566,97,0.23711340206185566,97,0.23711340206185566,97,0.23711340206185566
representation,gemma-4-26b-a4b,SC_V_STANDARD,aiops2022,node,26,0.15384615384615385,26,0.15384615384615385,26,0.15384615384615385,26,0.15384615384615385,26,0.15384615384615385,26,0.15384615384615385
representation,gemma-4-26b-a4b,SC_V_STANDARD,aiops2022,pod,31,0.41935483870967744,31,0.41935483870967744,31,0.41935483870967744,31,0.41935483870967744,31,0.41935483870967744,31,0.41935483870967744
representation,gemma-4-26b-a4b,SC_V_STANDARD,aiops2022,service,43,0.023255813953488372,43,0.023255813953488372,43,0.023255813953488372,43,0.023255813953488372,43,0.023255813953488372,43,0.023255813953488372
representation,gemma-4-26b-a4b,SC_V_STANDARD,aiops2025,node,26,0.15384615384615385,26,0.15384615384615385,26,0.15384615384615385,26,0.15384615384615385,26,0.15384615384615385,26,0.15384615384615385
representation,gemma-4-26b-a4b,SC_V_STANDARD,aiops2025,pod,24,0.16666666666666666,24,0.16666666666666666,24,0.16666666666666666,24,0.16666666666666666,24,0.16666666666666666,24,0.16666666666666666
representation,gemma-4-26b-a4b,SC_V_STANDARD,aiops2025,service,50,0.08,50,0.08,50,0.08,50,0.08,50,0.08,50,0.08
representation,gemma-4-26b-a4b,SC_V_STANDARD,re2_ob,service,90,0.5888888888888889,90,0.5888888888888889,90,0.5888888888888889,90,0.5888888888888889,90,0.5888888888888889,90,0.5888888888888889
representation,gemma-4-26b-a4b,SC_V_STANDARD,re2_tt,service,90,0.24444444444444444,90,0.24444444444444444,90,0.24444444444444444,90,0.24444444444444444,90,0.24444444444444444,90,0.24444444444444444
representation,gemma-4-26b-a4b,SIRCL_TEXT,aegislab,node,16,0.15625,16,0.0,16,0.3125,16,0.3125,16,0.20833333333333331,16,0.25
representation,gemma-4-26b-a4b,SIRCL_TEXT,aegislab,pod,6,0.5833333333333334,6,0.5,6,0.6666666666666666,6,0.6666666666666666,6,0.611111111111111,6,0.6333333333333333
representation,gemma-4-26b-a4b,SIRCL_TEXT,aegislab,service,78,0.297008547008547,78,0.2564102564102564,78,0.34615384615384615,78,0.34615384615384615,78,0.3076923076923077,78,0.3230769230769231
representation,gemma-4-26b-a4b,SIRCL_TEXT,aiops2022,node,58,0.1925287356321839,58,0.15517241379310345,58,0.2413793103448276,58,0.2413793103448276,58,0.2011494252873563,58,0.21724137931034482
representation,gemma-4-26b-a4b,SIRCL_TEXT,aiops2022,none,1,0.0,1,0.0,1,0.0,1,0.0,1,0.0,1,0.0
representation,gemma-4-26b-a4b,SIRCL_TEXT,aiops2022,pod,40,0.275,40,0.225,40,0.35,40,0.35,40,0.2833333333333333,40,0.31
representation,gemma-4-26b-a4b,SIRCL_TEXT,aiops2022,service,1,1.0,1,1.0,1,1.0,1,1.0,1,1.0,1,1.0
representation,gemma-4-26b-a4b,SIRCL_TEXT,aiops2025,node,18,0.2592592592592593,18,0.2222222222222222,18,0.3333333333333333,18,0.3333333333333333,18,0.2592592592592593,18,0.2888888888888889
representation,gemma-4-26b-a4b,SIRCL_TEXT,aiops2025,pod,34,0.1568627450980392,34,0.14705882352941177,34,0.17647058823529413,34,0.17647058823529413,34,0.1568627450980392,34,0.16470588235294117
representation,gemma-4-26b-a4b,SIRCL_TEXT,aiops2025,service,48,0.4375,48,0.4375,48,0.4375,48,0.4375,48,0.4375,48,0.4375
representation,gemma-4-26b-a4b,SIRCL_TEXT,re2_ob,service,90,0.9537037037037036,90,0.9222222222222223,90,1.0,90,1.0,90,0.9592592592592593,90,0.9755555555555555
representation,gemma-4-26b-a4b,SIRCL_TEXT,re2_tt,service,90,0.9314814814814815,90,0.9111111111111111,90,0.9555555555555556,90,0.9555555555555556,90,0.937037037037037,90,0.9444444444444444
representation,gemma-4-26b-a4b,T,aegislab,pod,21,0.6904761904761905,21,0.6190476190476191,21,0.7619047619047619,21,0.7619047619047619,21,0.7142857142857143,21,0.7333333333333334
representation,gemma-4-26b-a4b,T,aegislab,service,79,0.34177215189873417,79,0.34177215189873417,79,0.34177215189873417,79,0.34177215189873417,79,0.34177215189873417,79,0.34177215189873417
representation,gemma-4-26b-a4b,T,aiops2022,node,25,0.45333333333333337,25,0.44,25,0.48,25,0.48,25,0.45333333333333337,25,0.46399999999999997
representation,gemma-4-26b-a4b,T,aiops2022,pod,35,0.5,35,0.4857142857142857,35,0.5142857142857142,35,0.5142857142857142,35,0.5047619047619047,35,0.5085714285714286
representation,gemma-4-26b-a4b,T,aiops2022,service,40,0.025,40,0.025,40,0.025,40,0.025,40,0.025,40,0.025
representation,gemma-4-26b-a4b,T,aiops2025,node,17,0.23529411764705882,17,0.23529411764705882,17,0.23529411764705882,17,0.23529411764705882,17,0.23529411764705882,17,0.23529411764705882
representation,gemma-4-26b-a4b,T,aiops2025,pod,25,0.22,25,0.2,25,0.24,25,0.24,25,0.22666666666666668,25,0.23199999999999998
representation,gemma-4-26b-a4b,T,aiops2025,service,58,0.20977011494252873,58,0.1896551724137931,58,0.2413793103448276,58,0.2413793103448276,58,0.21264367816091953,58,0.22413793103448276
representation,gemma-4-26b-a4b,T,re2_ob,service,90,0.8981481481481481,90,0.8888888888888888,90,0.9111111111111111,90,0.9111111111111111,90,0.9,90,0.9044444444444445
representation,gemma-4-26b-a4b,T,re2_tt,service,90,0.7333333333333333,90,0.6555555555555556,90,0.8222222222222222,90,0.8222222222222222,90,0.7555555555555555,90,0.7822222222222223
representation,gemma-4-26b-a4b,TPV,aegislab,pod,25,0.54,25,0.48,25,0.6,25,0.6,25,0.56,25,0.5760000000000001
representation,gemma-4-26b-a4b,TPV,aegislab,service,75,0.37333333333333335,75,0.37333333333333335,75,0.37333333333333335,75,0.37333333333333335,75,0.37333333333333335,75,0.37333333333333335
representation,gemma-4-26b-a4b,TPV,aiops2022,node,31,0.16129032258064516,31,0.16129032258064516,31,0.16129032258064516,31,0.16129032258064516,31,0.16129032258064516,31,0.16129032258064516
representation,gemma-4-26b-a4b,TPV,aiops2022,pod,43,0.4186046511627907,43,0.4186046511627907,43,0.4186046511627907,43,0.4186046511627907,43,0.4186046511627907,43,0.4186046511627907
representation,gemma-4-26b-a4b,TPV,aiops2022,service,26,0.0,26,0.0,26,0.0,26,0.0,26,0.0,26,0.0
representation,gemma-4-26b-a4b,TPV,aiops2025,node,17,0.29411764705882354,17,0.29411764705882354,17,0.29411764705882354,17,0.29411764705882354,17,0.29411764705882354,17,0.29411764705882354
representation,gemma-4-26b-a4b,TPV,aiops2025,pod,54,0.16358024691358025,54,0.12962962962962962,54,0.2037037037037037,54,0.2037037037037037,54,0.1728395061728395,54,0.18518518518518517
representation,gemma-4-26b-a4b,TPV,aiops2025,service,29,0.20689655172413793,29,0.20689655172413793,29,0.20689655172413793,29,0.20689655172413793,29,0.20689655172413793,29,0.20689655172413793
representation,gemma-4-26b-a4b,TPV,re2_ob,service,90,0.8888888888888888,90,0.8888888888888888,90,0.8888888888888888,90,0.8888888888888888,90,0.8888888888888888,90,0.8888888888888888
representation,gemma-4-26b-a4b,TPV,re2_tt,service,90,0.7611111111111111,90,0.7555555555555555,90,0.7666666666666667,90,0.7666666666666667,90,0.7629629629629631,90,0.7644444444444444
representation,qwen3.8-27b,P0_C_CONTRAST,aegislab,none,1,0.0,1,0.0,1,0.0,1,0.0,1,0.0,1,0.0
representation,qwen3.8-27b,P0_C_CONTRAST,aegislab,pod,4,0.675,4,0.5,4,0.75,4,1.0,4,0.6666666666666666,4,0.75
representation,qwen3.8-27b,P0_C_CONTRAST,aegislab,service,94,0.34503546099290777,94,0.20212765957446807,94,0.4787234042553192,94,0.574468085106383,94,0.35106382978723405,94,0.4340425531914893
representation,qwen3.8-27b,P0_C_CONTRAST,aiops2022,node,18,0.712962962962963,18,0.6111111111111112,18,0.8333333333333334,18,0.8333333333333334,18,0.7407407407407408,18,0.7777777777777778
representation,qwen3.8-27b,P0_C_CONTRAST,aiops2022,none,1,0.0,1,0.0,1,0.0,1,0.0,1,0.0,1,0.0
representation,qwen3.8-27b,P0_C_CONTRAST,aiops2022,pod,7,0.21428571428571427,7,0.14285714285714285,7,0.2857142857142857,7,0.2857142857142857,7,0.23809523809523808,7,0.2571428571428572
representation,qwen3.8-27b,P0_C_CONTRAST,aiops2022,service,73,0.1541095890410959,73,0.0684931506849315,73,0.2328767123287671,73,0.273972602739726,73,0.1643835616438356,73,0.20821917808219179
representation,qwen3.8-27b,P0_C_CONTRAST,aiops2025,node,22,0.278030303030303,22,0.18181818181818182,22,0.36363636363636365,22,0.45454545454545453,22,0.2727272727272727,22,0.33636363636363636
representation,qwen3.8-27b,P0_C_CONTRAST,aiops2025,none,3,0.0,3,0.0,3,0.0,3,0.0,3,0.0,3,0.0
representation,qwen3.8-27b,P0_C_CONTRAST,aiops2025,pod,2,0.5,2,0.5,2,0.5,2,0.5,2,0.5,2,0.5
representation,qwen3.8-27b,P0_C_CONTRAST,aiops2025,service,73,0.291324200913242,73,0.1780821917808219,73,0.3972602739726027,73,0.4931506849315068,73,0.2876712328767123,73,0.3616438356164383
representation,qwen3.8-27b,P0_C_CONTRAST,re2_ob,service,87,0.8279693486590038,87,0.7126436781609196,87,0.9425287356321839,87,0.9770114942528736,87,0.8505747126436781,87,0.8988505747126437
representation,qwen3.8-27b,P0_C_CONTRAST,re2_tt,none,2,0.0,2,0.0,2,0.0,2,0.0,2,0.0,2,0.0
representation,qwen3.8-27b,P0_C_CONTRAST,re2_tt,service,86,0.7232558139534884,86,0.627906976744186,86,0.8372093023255814,86,0.8488372093023255,86,0.7441860465116279,86,0.7837209302325582
representation,qwen3.8-27b,P0_M_TEXT,aegislab,pod,3,1.0,3,1.0,3,1.0,3,1.0,3,1.0,3,1.0
representation,qwen3.8-27b,P0_M_TEXT,aegislab,service,96,0.4270833333333333,96,0.28125,96,0.5729166666666666,96,0.6145833333333334,96,0.4548611111111111,96,0.51875
representation,qwen3.8-27b,P0_M_TEXT,aiops2022,node,19,0.5526315789473685,19,0.5263157894736842,19,0.5789473684210527,19,0.5789473684210527,19,0.5614035087719298,19,0.5684210526315789
representation,qwen3.8-27b,P0_M_TEXT,aiops2022,pod,10,0.525,10,0.5,10,0.5,10,0.6,10,0.5,10,0.54
representation,qwen3.8-27b,P0_M_TEXT,aiops2022,service,71,0.12136150234741784,71,0.056338028169014086,71,0.15492957746478872,71,0.23943661971830985,71,0.11267605633802817,71,0.16056338028169015
representation,qwen3.8-27b,P0_M_TEXT,aiops2025,node,19,0.2631578947368421,19,0.21052631578947367,19,0.3684210526315789,19,0.3684210526315789,19,0.2631578947368421,19,0.30526315789473685
representation,qwen3.8-27b,P0_M_TEXT,aiops2025,pod,3,0.3333333333333333,3,0.3333333333333333,3,0.3333333333333333,3,0.3333333333333333,3,0.3333333333333333,3,0.3333333333333333
representation,qwen3.8-27b,P0_M_TEXT,aiops2025,service,78,0.2777777777777778,78,0.16666666666666666,78,0.3974358974358974,78,0.4230769230769231,78,0.29914529914529914,78,0.3487179487179487
representation,qwen3.8-27b,P0_M_TEXT,re2_ob,service,89,0.8632958801498127,89,0.797752808988764,89,0.9438202247191011,89,0.9662921348314607,89,0.8689138576779025,89,0.9078651685393259
representation,qwen3.8-27b,P0_M_TEXT,re2_tt,service,90,0.775,90,0.6888888888888889,90,0.8777777777777778,90,0.8888888888888888,90,0.7925925925925925,90,0.8311111111111111
representation,qwen3.8-27b,P0_V_CONTRAST,aegislab,pod,7,0.9285714285714286,7,0.8571428571428571,7,1.0,7,1.0,7,0.9523809523809524,7,0.9714285714285714
representation,qwen3.8-27b,P0_V_CONTRAST,aegislab,service,92,0.41521739130434787,92,0.2717391304347826,92,0.5652173913043478,92,0.6195652173913043,92,0.43478260869565216,92,0.5065217391304347
representation,qwen3.8-27b,P0_V_CONTRAST,aiops2022,node,24,0.25833333333333336,24,0.16666666666666666,24,0.3333333333333333,24,0.375,24,0.27777777777777773,24,0.30833333333333335
representation,qwen3.8-27b,P0_V_CONTRAST,aiops2022,pod,24,0.2847222222222222,24,0.20833333333333334,24,0.375,24,0.375,24,0.3055555555555555,24,0.3333333333333333
representation,qwen3.8-27b,P0_V_CONTRAST,aiops2022,service,49,0.10272108843537414,49,0.02040816326530612,49,0.1836734693877551,49,0.20408163265306123,49,0.12244897959183673,49,0.1510204081632653
representation,qwen3.8-27b,P0_V_CONTRAST,aiops2025,node,23,0.20289855072463767,23,0.17391304347826086,23,0.2608695652173913,23,0.2608695652173913,23,0.20289855072463767,23,0.22608695652173913
representation,qwen3.8-27b,P0_V_CONTRAST,aiops2025,pod,9,0.25925925925925924,9,0.2222222222222222,9,0.3333333333333333,9,0.3333333333333333,9,0.25925925925925924,9,0.2888888888888889
representation,qwen3.8-27b,P0_V_CONTRAST,aiops2025,service,68,0.30122549019607847,68,0.20588235294117646,68,0.38235294117647056,68,0.45588235294117646,68,0.303921568627451,68,0.3588235294117647
representation,qwen3.8-27b,P0_V_CONTRAST,re2_ob,service,89,0.74812734082397,89,0.6404494382022472,89,0.8764044943820225,89,0.9101123595505618,89,0.7602996254681649,89,0.8202247191011236
representation,qwen3.8-27b,P0_V_CONTRAST,re2_tt,service,89,0.5187265917602996,89,0.43820224719101125,89,0.6067415730337079,89,0.651685393258427,89,0.5205992509363296,89,0.5730337078651685
representation,qwen3.8-27b,P0_V_STANDARD,aegislab,none,1,0.0,1,0.0,1,0.0,1,0.0,1,0.0,1,0.0
representation,qwen3.8-27b,P0_V_STANDARD,aegislab,pod,4,0.875,4,0.75,4,1.0,4,1.0,4,0.9166666666666666,4,0.95
representation,qwen3.8-27b,P0_V_STANDARD,aegislab,service,92,0.38532608695652176,92,0.2717391304347826,92,0.4891304347826087,92,0.5543478260869565,92,0.3949275362318841,92,0.45652173913043476
representation,qwen3.8-27b,P0_V_STANDARD,aiops2022,node,21,0.3904761904761904,21,0.3333333333333333,21,0.42857142857142855,21,0.47619047619047616,21,0.39682539682539686,21,0.41904761904761906
representation,qwen3.8-27b,P0_V_STANDARD,aiops2022,pod,6,0.5,6,0.5,6,0.5,6,0.5,6,0.5,6,0.5
representation,qwen3.8-27b,P0_V_STANDARD,aiops2022,service,72,0.10416666666666667,72,0.05555555555555555,72,0.1527777777777778,72,0.18055555555555555,72,0.10648148148148147,72,0.13611111111111113
representation,qwen3.8-27b,P0_V_STANDARD,aiops2025,node,25,0.19,25,0.12,25,0.28,25,0.32,25,0.18666666666666665,25,0.24
representation,qwen3.8-27b,P0_V_STANDARD,aiops2025,pod,2,0.0,2,0.0,2,0.0,2,0.0,2,0.0,2,0.0
representation,qwen3.8-27b,P0_V_STANDARD,aiops2025,service,72,0.24189814814814817,72,0.1388888888888889,72,0.3055555555555556,72,0.4027777777777778,72,0.24074074074074073,72,0.3055555555555556
representation,qwen3.8-27b,P0_V_STANDARD,re2_ob,service,90,0.7809259259259259,90,0.6666666666666666,90,0.9,90,0.9444444444444444,90,0.7962962962962964,90,0.8533333333333333
representation,qwen3.8-27b,P0_V_STANDARD,re2_tt,service,89,0.5262172284644195,89,0.42696629213483145,89,0.6292134831460674,89,0.6741573033707865,89,0.5355805243445693,89,0.5910112359550562
representation,qwen3.8-27b,SC_C_CONTRAST,aegislab,none,4,0.0,4,0.0,4,0.0,4,0.0,4,0.0,4,0.0
representation,qwen3.8-27b,SC_C_CONTRAST,aegislab,service,93,0.396594982078853,93,0.24731182795698925,93,0.5161290322580645,93,0.6559139784946236,93,0.3906810035842294,93,0.4881720430107527
representation,qwen3.8-27b,SC_C_CONTRAST,aiops2022,node,18,0.6805555555555556,18,0.6111111111111112,18,0.7222222222222222,18,0.7777777777777778,18,0.6851851851851852,18,0.7222222222222222
representation,qwen3.8-27b,SC_C_CONTRAST,aiops2022,none,4,0.0,4,0.0,4,0.0,4,0.0,4,0.0,4,0.0
representation,qwen3.8-27b,SC_C_CONTRAST,aiops2022,pod,13,0.46153846153846156,13,0.46153846153846156,13,0.46153846153846156,13,0.46153846153846156,13,0.46153846153846156,13,0.46153846153846156
representation,qwen3.8-27b,SC_C_CONTRAST,aiops2022,service,64,0.13723958333333333,64,0.0625,64,0.1875,64,0.25,64,0.140625,64,0.18125
representation,qwen3.8-27b,SC_C_CONTRAST,aiops2025,node,20,0.36583333333333334,20,0.25,20,0.45,20,0.6,20,0.35,20,0.43
representation,qwen3.8-27b,SC_C_CONTRAST,aiops2025,none,2,0.0,2,0.0,2,0.0,2,0.0,2,0.0,2,0.0
representation,qwen3.8-27b,SC_C_CONTRAST,aiops2025,pod,4,0.0,4,0.0,4,0.0,4,0.0,4,0.0,4,0.0
representation,qwen3.8-27b,SC_C_CONTRAST,aiops2025,service,69,0.2958937198067633,69,0.17391304347826086,69,0.4057971014492754,69,0.4782608695652174,69,0.30434782608695654,69,0.3739130434782609
representation,qwen3.8-27b,SC_C_CONTRAST,re2_ob,none,1,0.0,1,0.0,1,0.0,1,0.0,1,0.0,1,0.0
representation,qwen3.8-27b,SC_C_CONTRAST,re2_ob,service,88,0.8403409090909091,88,0.7386363636363636,88,0.9545454545454546,88,0.9772727272727273,88,0.8598484848484849,88,0.9045454545454544
representation,qwen3.8-27b,SC_C_CONTRAST,re2_tt,service,88,0.7541666666666665,88,0.6704545454545454,88,0.8522727272727273,88,0.8863636363636364,88,0.7613636363636364,88,0.8090909090909091
representation,qwen3.8-27b,SC_M_TEXT,aegislab,pod,3,0.7777777777777777,3,0.6666666666666666,3,1.0,3,1.0,3,0.7777777777777777,3,0.8666666666666667
representation,qwen3.8-27b,SC_M_TEXT,aegislab,service,96,0.4522569444444444,96,0.3333333333333333,96,0.5625,96,0.6354166666666666,96,0.4583333333333333,96,0.5291666666666667
representation,qwen3.8-27b,SC_M_TEXT,aiops2022,node,15,0.5666666666666667,15,0.4666666666666667,15,0.6,15,0.7333333333333333,15,0.5555555555555556,15,0.6266666666666667
representation,qwen3.8-27b,SC_M_TEXT,aiops2022,none,1,0.0,1,0.0,1,0.0,1,0.0,1,0.0,1,0.0
representation,qwen3.8-27b,SC_M_TEXT,aiops2022,pod,22,0.4431818181818182,22,0.4090909090909091,22,0.45454545454545453,22,0.5,22,0.4393939393939394,22,0.4636363636363636
representation,qwen3.8-27b,SC_M_TEXT,aiops2022,service,60,0.10944444444444444,60,0.06666666666666667,60,0.13333333333333333,60,0.2,60,0.1,60,0.13333333333333333
representation,qwen3.8-27b,SC_M_TEXT,aiops2025,node,17,0.30490196078431375,17,0.17647058823529413,17,0.35294117647058826,17,0.5882352941176471,17,0.2745098039215686,17,0.3647058823529412
representation,qwen3.8-27b,SC_M_TEXT,aiops2025,none,1,0.0,1,0.0,1,0.0,1,0.0,1,0.0,1,0.0
representation,qwen3.8-27b,SC_M_TEXT,aiops2025,pod,9,0.2777777777777778,9,0.2222222222222222,9,0.3333333333333333,9,0.3333333333333333,9,0.2962962962962963,9,0.3111111111111111
representation,qwen3.8-27b,SC_M_TEXT,aiops2025,service,72,0.2849537037037037,72,0.18055555555555555,72,0.3888888888888889,72,0.4722222222222222,72,0.2824074074074074,72,0.35
representation,qwen3.8-27b,SC_M_TEXT,re2_ob,service,89,0.8380149812734082,89,0.7415730337078652,89,0.9325842696629213,89,0.9887640449438202,89,0.8426966292134831,89,0.901123595505618
representation,qwen3.8-27b,SC_M_TEXT,re2_tt,service,89,0.7368913857677902,89,0.6629213483146067,89,0.8314606741573034,89,0.8426966292134831,89,0.7490636704119851,89,0.7865168539325843
representation,qwen3.8-27b,SC_V_CONTRAST,aegislab,none,1,0.0,1,0.0,1,0.0,1,0.0,1,0.0,1,0.0
representation,qwen3.8-27b,SC_V_CONTRAST,aegislab,pod,4,0.375,4,0.25,4,0.5,4,0.5,4,0.41666666666666663,4,0.45
representation,qwen3.8-27b,SC_V_CONTRAST,aegislab,service,93,0.36111111111111116,93,0.23655913978494625,93,0.4731182795698925,93,0.5698924731182796,93,0.3584229390681004,93,0.4430107526881721
representation,qwen3.8-27b,SC_V_CONTRAST,aiops2022,node,19,0.23684210526315788,19,0.21052631578947367,19,0.2631578947368421,19,0.2631578947368421,19,0.24561403508771926,19,0.25263157894736843
representation,qwen3.8-27b,SC_V_CONTRAST,aiops2022,pod,16,0.21875,16,0.1875,16,0.25,16,0.25,16,0.22916666666666666,16,0.2375
representation,qwen3.8-27b,SC_V_CONTRAST,aiops2022,service,65,0.09589743589743589,65,0.015384615384615385,65,0.16923076923076924,65,0.2,65,0.11282051282051282,65,0.14153846153846156
representation,qwen3.8-27b,SC_V_CONTRAST,aiops2025,node,16,0.21875,16,0.125,16,0.3125,16,0.3125,16,0.25,16,0.275
representation,qwen3.8-27b,SC_V_CONTRAST,aiops2025,pod,10,0.3,10,0.3,10,0.3,10,0.3,10,0.3,10,0.3
representation,qwen3.8-27b,SC_V_CONTRAST,aiops2025,service,72,0.19652777777777777,72,0.125,72,0.25,72,0.3194444444444444,72,0.19444444444444445,72,0.23888888888888887
representation,qwen3.8-27b,SC_V_CONTRAST,re2_ob,service,90,0.7361111111111112,90,0.6,90,0.9,90,0.9111111111111111,90,0.7666666666666667,90,0.8244444444444444
representation,qwen3.8-27b,SC_V_CONTRAST,re2_tt,service,89,0.5440074906367041,89,0.42696629213483145,89,0.6853932584269663,89,0.7191011235955056,89,0.5580524344569288,89,0.6224719101123596
representation,qwen3.8-27b,SC_V_STANDARD,aegislab,pod,2,0.75,2,0.5,2,1.0,2,1.0,2,0.8333333333333333,2,0.9
representation,qwen3.8-27b,SC_V_STANDARD,aegislab,service,96,0.3831597222222222,96,0.2604166666666667,96,0.5,96,0.5625,96,0.3958333333333333,96,0.4604166666666667
representation,qwen3.8-27b,SC_V_STANDARD,aiops2022,node,16,0.23333333333333334,16,0.125,16,0.3125,16,0.4375,16,0.22916666666666666,16,0.2875
representation,qwen3.8-27b,SC_V_STANDARD,aiops2022,pod,15,0.26666666666666666,15,0.26666666666666666,15,0.26666666666666666,15,0.26666666666666666,15,0.26666666666666666,15,0.26666666666666666
representation,qwen3.8-27b,SC_V_STANDARD,aiops2022,service,68,0.09166666666666667,68,0.04411764705882353,68,0.10294117647058823,68,0.19117647058823528,68,0.0784313725490196,68,0.11764705882352941
representation,qwen3.8-27b,SC_V_STANDARD,aiops2025,node,26,0.15384615384615385,26,0.11538461538461539,26,0.19230769230769232,26,0.19230769230769232,26,0.16666666666666666,26,0.1769230769230769
representation,qwen3.8-27b,SC_V_STANDARD,aiops2025,pod,2,0.16666666666666666,2,0.0,2,0.5,2,0.5,2,0.16666666666666666,2,0.3
representation,qwen3.8-27b,SC_V_STANDARD,aiops2025,service,71,0.19624413145539907,71,0.09859154929577464,71,0.2676056338028169,71,0.36619718309859156,71,0.19248826291079812,71,0.2535211267605634
representation,qwen3.8-27b,SC_V_STANDARD,re2_ob,service,90,0.7740740740740741,90,0.6444444444444445,90,0.9222222222222223,90,0.9444444444444444,90,0.8,90,0.8577777777777779
representation,qwen3.8-27b,SC_V_STANDARD,re2_tt,service,90,0.5842592592592593,90,0.4666666666666667,90,0.7,90,0.7555555555555555,90,0.5962962962962963,90,0.66
representation,qwen3.8-27b,SIRCL_TEXT,aegislab,node,6,0.08333333333333333,6,0.0,6,0.16666666666666666,6,0.16666666666666666,6,0.1111111111111111,6,0.13333333333333333
representation,qwen3.8-27b,SIRCL_TEXT,aegislab,pod,14,0.48214285714285715,14,0.35714285714285715,14,0.6428571428571429,14,0.7142857142857143,14,0.47619047619047616,14,0.5714285714285714
representation,qwen3.8-27b,SIRCL_TEXT,aegislab,service,80,0.4375,80,0.325,80,0.575,80,0.575,80,0.4666666666666667,80,0.51
representation,qwen3.8-27b,SIRCL_TEXT,aiops2022,node,27,0.4444444444444444,27,0.37037037037037035,27,0.5555555555555556,27,0.5555555555555556,27,0.45679012345679015,27,0.4962962962962963
representation,qwen3.8-27b,SIRCL_TEXT,aiops2022,pod,62,0.2422043010752688,62,0.16129032258064516,62,0.3225806451612903,62,0.3870967741935484,62,0.24193548387096775,62,0.2903225806451613
representation,qwen3.8-27b,SIRCL_TEXT,aiops2022,service,11,0.2121212121212121,11,0.09090909090909091,11,0.36363636363636365,11,0.36363636363636365,11,0.2424242424242424,11,0.29090909090909095
representation,qwen3.8-27b,SIRCL_TEXT,aiops2025,node,16,0.28125,16,0.25,16,0.3125,16,0.3125,16,0.29166666666666663,16,0.3
representation,qwen3.8-27b,SIRCL_TEXT,aiops2025,pod,49,0.14285714285714285,49,0.10204081632653061,49,0.1836734693877551,49,0.22448979591836735,49,0.13605442176870747,49,0.17142857142857143
representation,qwen3.8-27b,SIRCL_TEXT,aiops2025,service,34,0.46078431372549017,34,0.4117647058823529,34,0.5294117647058824,34,0.5294117647058824,34,0.47058823529411764,34,0.49411764705882355
representation,qwen3.8-27b,SIRCL_TEXT,re2_ob,service,89,0.9194756554307115,89,0.8651685393258427,89,1.0,89,1.0,89,0.9288389513108615,89,0.9573033707865168
representation,qwen3.8-27b,SIRCL_TEXT,re2_tt,service,89,0.8689138576779025,89,0.797752808988764,89,0.9438202247191011,89,0.9438202247191011,89,0.8913857677902621,89,0.9123595505617977
representation,qwen3.8-27b,T,aegislab,pod,10,0.8333333333333334,10,0.7,10,1.0,10,1.0,10,0.8666666666666666,10,0.9199999999999999
representation,qwen3.8-27b,T,aegislab,service,90,0.4,90,0.26666666666666666,90,0.5555555555555556,90,0.5777777777777777,90,0.42592592592592593,90,0.48666666666666664
representation,qwen3.8-27b,T,aiops2022,node,18,0.4722222222222222,18,0.4444444444444444,18,0.5,18,0.5,18,0.48148148148148145,18,0.48888888888888893
representation,qwen3.8-27b,T,aiops2022,pod,11,0.36363636363636365,11,0.36363636363636365,11,0.36363636363636365,11,0.36363636363636365,11,0.36363636363636365,11,0.36363636363636365
representation,qwen3.8-27b,T,aiops2022,service,70,0.16547619047619047,70,0.08571428571428572,70,0.2714285714285714,70,0.2857142857142857,70,0.17619047619047618,70,0.22
representation,qwen3.8-27b,T,aiops2025,node,14,0.3095238095238095,14,0.21428571428571427,14,0.35714285714285715,14,0.5,14,0.2857142857142857,14,0.37142857142857144
representation,qwen3.8-27b,T,aiops2025,pod,11,0.18181818181818182,11,0.09090909090909091,11,0.2727272727272727,11,0.2727272727272727,11,0.2121212121212121,11,0.23636363636363636
representation,qwen3.8-27b,T,aiops2025,service,75,0.18711111111111112,75,0.08,75,0.3333333333333333,75,0.3466666666666667,75,0.20444444444444443,75,0.25866666666666666
representation,qwen3.8-27b,T,re2_ob,service,89,0.8327715355805243,89,0.7303370786516854,89,0.9550561797752809,89,0.9775280898876404,89,0.8501872659176031,89,0.898876404494382
representation,qwen3.8-27b,T,re2_tt,service,90,0.7916666666666666,90,0.7333333333333333,90,0.8666666666666667,90,0.8777777777777778,90,0.8,90,0.8311111111111111
representation,qwen3.8-27b,TPV,aegislab,pod,14,0.75,14,0.7142857142857143,14,0.7857142857142857,14,0.7857142857142857,14,0.7619047619047619,14,0.7714285714285715
representation,qwen3.8-27b,TPV,aegislab,service,86,0.49515503875968997,86,0.36046511627906974,86,0.6511627906976745,86,0.6627906976744186,86,0.5271317829457365,86,0.5813953488372093
representation,qwen3.8-27b,TPV,aiops2022,node,21,0.47619047619047616,21,0.42857142857142855,21,0.5238095238095238,21,0.5238095238095238,21,0.4920634920634921,21,0.5047619047619047
representation,qwen3.8-27b,TPV,aiops2022,pod,35,0.28904761904761905,35,0.22857142857142856,35,0.34285714285714286,35,0.4,35,0.2857142857142857,35,0.32571428571428573
representation,qwen3.8-27b,TPV,aiops2022,service,43,0.20155038759689922,43,0.11627906976744186,43,0.3023255813953488,43,0.3023255813953488,43,0.22480620155038758,43,0.2558139534883721
representation,qwen3.8-27b,TPV,aiops2025,node,12,0.2222222222222222,12,0.16666666666666666,12,0.3333333333333333,12,0.3333333333333333,12,0.2222222222222222,12,0.26666666666666666
representation,qwen3.8-27b,TPV,aiops2025,pod,23,0.26811594202898553,23,0.21739130434782608,23,0.34782608695652173,23,0.34782608695652173,23,0.2753623188405797,23,0.30434782608695654
representation,qwen3.8-27b,TPV,aiops2025,service,65,0.382051282051282,65,0.3230769230769231,65,0.4461538461538462,65,0.4461538461538462,65,0.4,65,0.41846153846153844
representation,qwen3.8-27b,TPV,re2_ob,service,88,0.9346590909090909,88,0.9090909090909091,88,0.9659090909090909,88,0.9772727272727273,88,0.9356060606060606,88,0.9522727272727273
representation,qwen3.8-27b,TPV,re2_tt,service,87,0.8582375478927203,87,0.7931034482758621,87,0.9310344827586207,87,0.9310344827586207,87,0.8773946360153256,87,0.8988505747126437
selection,gemma-4-26b-a4b,P0_CAL,aegislab,pod,1,0.0,1,0.0,1,0.0,1,0.0,1,0.0,1,0.0
selection,gemma-4-26b-a4b,P0_CAL,aegislab,service,99,0.40404040404040403,99,0.40404040404040403,99,0.40404040404040403,99,0.40404040404040403,99,0.40404040404040403,99,0.40404040404040403
selection,gemma-4-26b-a4b,P0_CAL,aiops2022,node,27,0.37037037037037035,27,0.37037037037037035,27,0.37037037037037035,27,0.37037037037037035,27,0.37037037037037035,27,0.37037037037037035
selection,gemma-4-26b-a4b,P0_CAL,aiops2022,pod,16,0.4375,16,0.4375,16,0.4375,16,0.4375,16,0.4375,16,0.4375
selection,gemma-4-26b-a4b,P0_CAL,aiops2022,service,57,0.08771929824561403,57,0.08771929824561403,57,0.08771929824561403,57,0.08771929824561403,57,0.08771929824561403,57,0.08771929824561403
selection,gemma-4-26b-a4b,P0_CAL,aiops2025,node,15,0.3333333333333333,15,0.3333333333333333,15,0.3333333333333333,15,0.3333333333333333,15,0.3333333333333333,15,0.3333333333333333
selection,gemma-4-26b-a4b,P0_CAL,aiops2025,pod,4,0.25,4,0.25,4,0.25,4,0.25,4,0.25,4,0.25
selection,gemma-4-26b-a4b,P0_CAL,aiops2025,service,81,0.18518518518518517,81,0.18518518518518517,81,0.18518518518518517,81,0.18518518518518517,81,0.18518518518518517,81,0.18518518518518517
selection,gemma-4-26b-a4b,P0_CAL,re2_ob,service,90,0.9,90,0.9,90,0.9,90,0.9,90,0.9,90,0.9
selection,gemma-4-26b-a4b,P0_CAL,re2_tt,service,90,0.7333333333333333,90,0.7333333333333333,90,0.7333333333333333,90,0.7333333333333333,90,0.7333333333333333,90,0.7333333333333333
selection,gemma-4-26b-a4b,P0_MORE,aegislab,pod,1,0.0,1,0.0,1,0.0,1,0.0,1,0.0,1,0.0
selection,gemma-4-26b-a4b,P0_MORE,aegislab,service,99,0.30303030303030304,99,0.30303030303030304,99,0.30303030303030304,99,0.30303030303030304,99,0.30303030303030304,99,0.30303030303030304
selection,gemma-4-26b-a4b,P0_MORE,aiops2022,node,38,0.3157894736842105,38,0.3157894736842105,38,0.3157894736842105,38,0.3157894736842105,38,0.3157894736842105,38,0.3157894736842105
selection,gemma-4-26b-a4b,P0_MORE,aiops2022,none,2,0.0,2,0.0,2,0.0,2,0.0,2,0.0,2,0.0
selection,gemma-4-26b-a4b,P0_MORE,aiops2022,pod,5,0.2,5,0.2,5,0.2,5,0.2,5,0.2,5,0.2
selection,gemma-4-26b-a4b,P0_MORE,aiops2022,service,55,0.07272727272727272,55,0.07272727272727272,55,0.07272727272727272,55,0.07272727272727272,55,0.07272727272727272,55,0.07272727272727272
selection,gemma-4-26b-a4b,P0_MORE,aiops2025,node,7,0.42857142857142855,7,0.42857142857142855,7,0.42857142857142855,7,0.42857142857142855,7,0.42857142857142855,7,0.42857142857142855
selection,gemma-4-26b-a4b,P0_MORE,aiops2025,pod,7,0.0,7,0.0,7,0.0,7,0.0,7,0.0,7,0.0
selection,gemma-4-26b-a4b,P0_MORE,aiops2025,service,86,0.06976744186046512,86,0.06976744186046512,86,0.06976744186046512,86,0.06976744186046512,86,0.06976744186046512,86,0.06976744186046512
selection,gemma-4-26b-a4b,P0_MORE,re2_ob,service,90,0.7888888888888889,90,0.7888888888888889,90,0.7888888888888889,90,0.7888888888888889,90,0.7888888888888889,90,0.7888888888888889
selection,gemma-4-26b-a4b,P0_MORE,re2_tt,service,90,0.6333333333333333,90,0.6333333333333333,90,0.6333333333333333,90,0.6333333333333333,90,0.6333333333333333,90,0.6333333333333333
selection,gemma-4-26b-a4b,SC_COVER,aegislab,pod,1,1.0,1,1.0,1,1.0,1,1.0,1,1.0,1,1.0
selection,gemma-4-26b-a4b,SC_COVER,aegislab,service,99,0.3939393939393939,99,0.3939393939393939,99,0.3939393939393939,99,0.3939393939393939,99,0.3939393939393939,99,0.3939393939393939
selection,gemma-4-26b-a4b,SC_COVER,aiops2022,node,15,0.4666666666666667,15,0.4666666666666667,15,0.4666666666666667,15,0.4666666666666667,15,0.4666666666666667,15,0.4666666666666667
selection,gemma-4-26b-a4b,SC_COVER,aiops2022,pod,21,0.42857142857142855,21,0.42857142857142855,21,0.42857142857142855,21,0.42857142857142855,21,0.42857142857142855,21,0.42857142857142855
selection,gemma-4-26b-a4b,SC_COVER,aiops2022,service,64,0.140625,64,0.140625,64,0.140625,64,0.140625,64,0.140625,64,0.140625
selection,gemma-4-26b-a4b,SC_COVER,aiops2025,node,10,0.5,10,0.5,10,0.5,10,0.5,10,0.5,10,0.5
selection,gemma-4-26b-a4b,SC_COVER,aiops2025,pod,27,0.25925925925925924,27,0.25925925925925924,27,0.25925925925925924,27,0.25925925925925924,27,0.25925925925925924,27,0.25925925925925924
selection,gemma-4-26b-a4b,SC_COVER,aiops2025,service,63,0.15873015873015872,63,0.15873015873015872,63,0.15873015873015872,63,0.15873015873015872,63,0.15873015873015872,63,0.15873015873015872
selection,gemma-4-26b-a4b,SC_COVER,re2_ob,service,90,0.8333333333333334,90,0.8333333333333334,90,0.8333333333333334,90,0.8333333333333334,90,0.8333333333333334,90,0.8333333333333334
selection,gemma-4-26b-a4b,SC_COVER,re2_tt,none,1,0.0,1,0.0,1,0.0,1,0.0,1,0.0,1,0.0
selection,gemma-4-26b-a4b,SC_COVER,re2_tt,service,89,0.7528089887640449,89,0.7528089887640449,89,0.7528089887640449,89,0.7528089887640449,89,0.7528089887640449,89,0.7528089887640449
selection,gemma-4-26b-a4b,SC_FULL,aegislab,service,100,0.41,100,0.41,100,0.41,100,0.41,100,0.41,100,0.41
selection,gemma-4-26b-a4b,SC_FULL,aiops2022,node,19,0.42105263157894735,19,0.42105263157894735,19,0.42105263157894735,19,0.42105263157894735,19,0.42105263157894735,19,0.42105263157894735
selection,gemma-4-26b-a4b,SC_FULL,aiops2022,pod,22,0.4090909090909091,22,0.4090909090909091,22,0.4090909090909091,22,0.4090909090909091,22,0.4090909090909091,22,0.4090909090909091
selection,gemma-4-26b-a4b,SC_FULL,aiops2022,service,59,0.0847457627118644,59,0.0847457627118644,59,0.0847457627118644,59,0.0847457627118644,59,0.0847457627118644,59,0.0847457627118644
selection,gemma-4-26b-a4b,SC_FULL,aiops2025,node,8,0.375,8,0.375,8,0.375,8,0.375,8,0.375,8,0.375
selection,gemma-4-26b-a4b,SC_FULL,aiops2025,pod,8,0.25,8,0.25,8,0.25,8,0.25,8,0.25,8,0.25
selection,gemma-4-26b-a4b,SC_FULL,aiops2025,service,84,0.06547619047619048,84,0.05952380952380952,84,0.07142857142857142,84,0.07142857142857142,84,0.06746031746031746,84,0.06904761904761905
selection,gemma-4-26b-a4b,SC_FULL,re2_ob,service,90,0.8777777777777778,90,0.8777777777777778,90,0.8777777777777778,90,0.8777777777777778,90,0.8777777777777778,90,0.8777777777777778
selection,gemma-4-26b-a4b,SC_FULL,re2_tt,service,90,0.6888888888888889,90,0.6888888888888889,90,0.6888888888888889,90,0.6888888888888889,90,0.6888888888888889,90,0.6888888888888889
selection,gemma-4-26b-a4b,SC_MORE,aegislab,service,100,0.445,100,0.44,100,0.45,100,0.45,100,0.44666666666666666,100,0.44799999999999995
selection,gemma-4-26b-a4b,SC_MORE,aiops2022,node,21,0.38095238095238093,21,0.38095238095238093,21,0.38095238095238093,21,0.38095238095238093,21,0.38095238095238093,21,0.38095238095238093
selection,gemma-4-26b-a4b,SC_MORE,aiops2022,pod,23,0.4782608695652174,23,0.4782608695652174,23,0.4782608695652174,23,0.4782608695652174,23,0.4782608695652174,23,0.4782608695652174
selection,gemma-4-26b-a4b,SC_MORE,aiops2022,service,56,0.07142857142857142,56,0.07142857142857142,56,0.07142857142857142,56,0.07142857142857142,56,0.07142857142857142,56,0.07142857142857142
selection,gemma-4-26b-a4b,SC_MORE,aiops2025,node,8,0.5,8,0.5,8,0.5,8,0.5,8,0.5,8,0.5
selection,gemma-4-26b-a4b,SC_MORE,aiops2025,pod,3,0.3333333333333333,3,0.3333333333333333,3,0.3333333333333333,3,0.3333333333333333,3,0.3333333333333333,3,0.3333333333333333
selection,gemma-4-26b-a4b,SC_MORE,aiops2025,service,89,0.1348314606741573,89,0.1348314606741573,89,0.1348314606741573,89,0.1348314606741573,89,0.1348314606741573,89,0.1348314606741573
selection,gemma-4-26b-a4b,SC_MORE,re2_ob,service,90,0.8777777777777778,90,0.8777777777777778,90,0.8777777777777778,90,0.8777777777777778,90,0.8777777777777778,90,0.8777777777777778
selection,gemma-4-26b-a4b,SC_MORE,re2_tt,none,1,0.0,1,0.0,1,0.0,1,0.0,1,0.0,1,0.0
selection,gemma-4-26b-a4b,SC_MORE,re2_tt,service,89,0.7101123595505618,89,0.7078651685393258,89,0.7078651685393258,89,0.7191011235955056,89,0.7078651685393258,89,0.7101123595505618
selection,gemma-4-26b-a4b,SC_NO_BACKBONE,aegislab,pod,5,0.8,5,0.8,5,0.8,5,0.8,5,0.8,5,0.8
selection,gemma-4-26b-a4b,SC_NO_BACKBONE,aegislab,service,95,0.29473684210526313,95,0.29473684210526313,95,0.29473684210526313,95,0.29473684210526313,95,0.29473684210526313,95,0.29473684210526313
selection,gemma-4-26b-a4b,SC_NO_BACKBONE,aiops2022,node,25,0.44,25,0.44,25,0.44,25,0.44,25,0.44,25,0.44
selection,gemma-4-26b-a4b,SC_NO_BACKBONE,aiops2022,pod,4,0.0,4,0.0,4,0.0,4,0.0,4,0.0,4,0.0
selection,gemma-4-26b-a4b,SC_NO_BACKBONE,aiops2022,service,71,0.09859154929577464,71,0.09859154929577464,71,0.09859154929577464,71,0.09859154929577464,71,0.09859154929577464,71,0.09859154929577464
selection,gemma-4-26b-a4b,SC_NO_BACKBONE,aiops2025,node,18,0.5,18,0.5,18,0.5,18,0.5,18,0.5,18,0.5
selection,gemma-4-26b-a4b,SC_NO_BACKBONE,aiops2025,pod,2,0.5,2,0.5,2,0.5,2,0.5,2,0.5,2,0.5
selection,gemma-4-26b-a4b,SC_NO_BACKBONE,aiops2025,service,80,0.025,80,0.025,80,0.025,80,0.025,80,0.025,80,0.025
selection,gemma-4-26b-a4b,SC_NO_BACKBONE,re2_ob,service,90,0.7888888888888889,90,0.7888888888888889,90,0.7888888888888889,90,0.7888888888888889,90,0.7888888888888889,90,0.7888888888888889
selection,gemma-4-26b-a4b,SC_NO_BACKBONE,re2_tt,service,90,0.6444444444444445,90,0.6444444444444445,90,0.6444444444444445,90,0.6444444444444445,90,0.6444444444444445,90,0.6444444444444445
selection,gemma-4-26b-a4b,SC_NO_STRATA,aegislab,service,100,0.44,100,0.44,100,0.44,100,0.44,100,0.44,100,0.44
selection,gemma-4-26b-a4b,SC_NO_STRATA,aiops2022,node,24,0.3333333333333333,24,0.3333333333333333,24,0.3333333333333333,24,0.3333333333333333,24,0.3333333333333333,24,0.3333333333333333
selection,gemma-4-26b-a4b,SC_NO_STRATA,aiops2022,none,1,0.0,1,0.0,1,0.0,1,0.0,1,0.0,1,0.0
selection,gemma-4-26b-a4b,SC_NO_STRATA,aiops2022,pod,21,0.5238095238095238,21,0.5238095238095238,21,0.5238095238095238,21,0.5238095238095238,21,0.5238095238095238,21,0.5238095238095238
selection,gemma-4-26b-a4b,SC_NO_STRATA,aiops2022,service,54,0.1111111111111111,54,0.1111111111111111,54,0.1111111111111111,54,0.1111111111111111,54,0.1111111111111111,54,0.1111111111111111
selection,gemma-4-26b-a4b,SC_NO_STRATA,aiops2025,node,12,0.4166666666666667,12,0.4166666666666667,12,0.4166666666666667,12,0.4166666666666667,12,0.4166666666666667,12,0.4166666666666667
selection,gemma-4-26b-a4b,SC_NO_STRATA,aiops2025,pod,9,0.2222222222222222,9,0.2222222222222222,9,0.2222222222222222,9,0.2222222222222222,9,0.2222222222222222,9,0.2222222222222222
selection,gemma-4-26b-a4b,SC_NO_STRATA,aiops2025,service,79,0.12658227848101267,79,0.12658227848101267,79,0.12658227848101267,79,0.12658227848101267,79,0.12658227848101267,79,0.12658227848101267
selection,gemma-4-26b-a4b,SC_NO_STRATA,re2_ob,service,90,0.8555555555555555,90,0.8555555555555555,90,0.8555555555555555,90,0.8555555555555555,90,0.8555555555555555,90,0.8555555555555555
selection,gemma-4-26b-a4b,SC_NO_STRATA,re2_tt,none,1,0.0,1,0.0,1,0.0,1,0.0,1,0.0,1,0.0
selection,gemma-4-26b-a4b,SC_NO_STRATA,re2_tt,service,89,0.6404494382022472,89,0.6404494382022472,89,0.6404494382022472,89,0.6404494382022472,89,0.6404494382022472,89,0.6404494382022472
selection,gemma-4-26b-a4b,SC_STRICT_PAIR,aegislab,service,100,0.37,100,0.37,100,0.37,100,0.37,100,0.37,100,0.37
selection,gemma-4-26b-a4b,SC_STRICT_PAIR,aiops2022,node,18,0.4444444444444444,18,0.4444444444444444,18,0.4444444444444444,18,0.4444444444444444,18,0.4444444444444444,18,0.4444444444444444
selection,gemma-4-26b-a4b,SC_STRICT_PAIR,aiops2022,none,1,0.0,1,0.0,1,0.0,1,0.0,1,0.0,1,0.0
selection,gemma-4-26b-a4b,SC_STRICT_PAIR,aiops2022,pod,21,0.47619047619047616,21,0.47619047619047616,21,0.47619047619047616,21,0.47619047619047616,21,0.47619047619047616,21,0.47619047619047616
selection,gemma-4-26b-a4b,SC_STRICT_PAIR,aiops2022,service,60,0.08333333333333333,60,0.08333333333333333,60,0.08333333333333333,60,0.08333333333333333,60,0.08333333333333333,60,0.08333333333333333
selection,gemma-4-26b-a4b,SC_STRICT_PAIR,aiops2025,node,20,0.4,20,0.4,20,0.4,20,0.4,20,0.4,20,0.4
selection,gemma-4-26b-a4b,SC_STRICT_PAIR,aiops2025,pod,14,0.21428571428571427,14,0.21428571428571427,14,0.21428571428571427,14,0.21428571428571427,14,0.21428571428571427,14,0.21428571428571427
selection,gemma-4-26b-a4b,SC_STRICT_PAIR,aiops2025,service,66,0.24242424242424243,66,0.24242424242424243,66,0.24242424242424243,66,0.24242424242424243,66,0.24242424242424243,66,0.24242424242424243
selection,gemma-4-26b-a4b,SC_STRICT_PAIR,re2_ob,service,90,0.8888888888888888,90,0.8888888888888888,90,0.8888888888888888,90,0.8888888888888888,90,0.8888888888888888,90,0.8888888888888888
selection,gemma-4-26b-a4b,SC_STRICT_PAIR,re2_tt,service,90,0.6888888888888889,90,0.6888888888888889,90,0.6888888888888889,90,0.6888888888888889,90,0.6888888888888889,90,0.6888888888888889
selection,gemma-4-26b-a4b,X_ALIGNED,aegislab,pod,2,0.5,2,0.5,2,0.5,2,0.5,2,0.5,2,0.5
selection,gemma-4-26b-a4b,X_ALIGNED,aegislab,service,98,0.2755102040816326,98,0.2755102040816326,98,0.2755102040816326,98,0.2755102040816326,98,0.2755102040816326,98,0.2755102040816326
selection,gemma-4-26b-a4b,X_ALIGNED,aiops2022,node,1,0.0,1,0.0,1,0.0,1,0.0,1,0.0,1,0.0
selection,gemma-4-26b-a4b,X_ALIGNED,aiops2022,pod,99,0.16161616161616163,99,0.16161616161616163,99,0.16161616161616163,99,0.16161616161616163,99,0.16161616161616163,99,0.16161616161616163
selection,gemma-4-26b-a4b,X_ALIGNED,aiops2025,node,3,0.3333333333333333,3,0.3333333333333333,3,0.3333333333333333,3,0.3333333333333333,3,0.3333333333333333,3,0.3333333333333333
selection,gemma-4-26b-a4b,X_ALIGNED,aiops2025,none,2,0.0,2,0.0,2,0.0,2,0.0,2,0.0,2,0.0
selection,gemma-4-26b-a4b,X_ALIGNED,aiops2025,pod,15,0.2,15,0.2,15,0.2,15,0.2,15,0.2,15,0.2
selection,gemma-4-26b-a4b,X_ALIGNED,aiops2025,service,80,0.225,80,0.225,80,0.225,80,0.225,80,0.225,80,0.225
selection,gemma-4-26b-a4b,X_ALIGNED,re2_ob,service,90,0.6111111111111112,90,0.6111111111111112,90,0.6111111111111112,90,0.6111111111111112,90,0.6111111111111112,90,0.6111111111111112
selection,gemma-4-26b-a4b,X_ALIGNED,re2_tt,none,2,0.0,2,0.0,2,0.0,2,0.0,2,0.0,2,0.0
selection,gemma-4-26b-a4b,X_ALIGNED,re2_tt,service,88,0.7556818181818182,88,0.75,88,0.7613636363636364,88,0.7613636363636364,88,0.7575757575757577,88,0.759090909090909
selection,gemma-4-26b-a4b,X_NATIVE_CAL,aegislab,service,100,0.295,100,0.29,100,0.3,100,0.3,100,0.2966666666666667,100,0.298
selection,gemma-4-26b-a4b,X_NATIVE_CAL,aiops2022,none,2,0.0,2,0.0,2,0.0,2,0.0,2,0.0,2,0.0
selection,gemma-4-26b-a4b,X_NATIVE_CAL,aiops2022,pod,98,0.14285714285714285,98,0.14285714285714285,98,0.14285714285714285,98,0.14285714285714285,98,0.14285714285714285,98,0.14285714285714285
selection,gemma-4-26b-a4b,X_NATIVE_CAL,aiops2025,node,2,0.0,2,0.0,2,0.0,2,0.0,2,0.0,2,0.0
selection,gemma-4-26b-a4b,X_NATIVE_CAL,aiops2025,none,3,0.0,3,0.0,3,0.0,3,0.0,3,0.0,3,0.0
selection,gemma-4-26b-a4b,X_NATIVE_CAL,aiops2025,pod,15,0.28,15,0.26666666666666666,15,0.26666666666666666,15,0.3333333333333333,15,0.26666666666666666,15,0.28
selection,gemma-4-26b-a4b,X_NATIVE_CAL,aiops2025,service,80,0.2875,80,0.2875,80,0.2875,80,0.2875,80,0.2875,80,0.2875
selection,gemma-4-26b-a4b,X_NATIVE_CAL,re2_ob,service,90,0.6333333333333333,90,0.6333333333333333,90,0.6333333333333333,90,0.6333333333333333,90,0.6333333333333333,90,0.6333333333333333
selection,gemma-4-26b-a4b,X_NATIVE_CAL,re2_tt,service,90,0.8111111111111111,90,0.8111111111111111,90,0.8111111111111111,90,0.8111111111111111,90,0.8111111111111111,90,0.8111111111111111
selection,qwen3.8-27b,P0_CAL,aegislab,pod,2,1.0,2,1.0,2,1.0,2,1.0,2,1.0,2,1.0
selection,qwen3.8-27b,P0_CAL,aegislab,service,97,0.37972508591065296,97,0.24742268041237114,97,0.5154639175257731,97,0.5773195876288659,97,0.3917525773195876,97,0.465979381443299
selection,qwen3.8-27b,P0_CAL,aiops2022,node,18,0.6944444444444444,18,0.6111111111111112,18,0.7777777777777778,18,0.7777777777777778,18,0.7222222222222222,18,0.7444444444444445
selection,qwen3.8-27b,P0_CAL,aiops2022,none,1,0.0,1,0.0,1,0.0,1,0.0,1,0.0,1,0.0
selection,qwen3.8-27b,P0_CAL,aiops2022,pod,5,0.6,5,0.6,5,0.6,5,0.6,5,0.6,5,0.6
selection,qwen3.8-27b,P0_CAL,aiops2022,service,76,0.15219298245614035,76,0.07894736842105263,76,0.19736842105263158,76,0.27631578947368424,76,0.14912280701754388,76,0.19473684210526318
selection,qwen3.8-27b,P0_CAL,aiops2025,node,21,0.2777777777777778,21,0.19047619047619047,21,0.3333333333333333,21,0.42857142857142855,21,0.2698412698412698,21,0.3333333333333333
selection,qwen3.8-27b,P0_CAL,aiops2025,none,3,0.0,3,0.0,3,0.0,3,0.0,3,0.0,3,0.0
selection,qwen3.8-27b,P0_CAL,aiops2025,pod,2,0.5,2,0.5,2,0.5,2,0.5,2,0.5,2,0.5
selection,qwen3.8-27b,P0_CAL,aiops2025,service,74,0.28693693693693695,74,0.17567567567567569,74,0.3918918918918919,74,0.47297297297297297,74,0.2882882882882883,74,0.3567567567567567
selection,qwen3.8-27b,P0_CAL,re2_ob,service,88,0.834659090909091,88,0.7272727272727273,88,0.9431818181818182,88,0.9886363636363636,88,0.8484848484848485,88,0.9022727272727273
selection,qwen3.8-27b,P0_CAL,re2_tt,node,1,0.0,1,0.0,1,0.0,1,0.0,1,0.0,1,0.0
selection,qwen3.8-27b,P0_CAL,re2_tt,service,87,0.7350574712643678,87,0.6436781609195402,87,0.8390804597701149,87,0.8620689655172413,87,0.7509578544061302,87,0.7931034482758621
selection,qwen3.8-27b,P0_MORE,aegislab,service,99,0.36094276094276095,99,0.2222222222222222,99,0.47474747474747475,99,0.5757575757575758,99,0.36700336700336705,99,0.4464646464646465
selection,qwen3.8-27b,P0_MORE,aiops2022,node,16,0.625,16,0.5625,16,0.6875,16,0.6875,16,0.6458333333333333,16,0.6625
selection,qwen3.8-27b,P0_MORE,aiops2022,pod,4,0.3,4,0.25,4,0.25,4,0.5,4,0.25,4,0.3
selection,qwen3.8-27b,P0_MORE,aiops2022,service,79,0.16856540084388186,79,0.08860759493670886,79,0.22784810126582278,79,0.2911392405063291,79,0.1729957805907173,79,0.21518987341772153
selection,qwen3.8-27b,P0_MORE,aiops2025,node,17,0.26666666666666666,17,0.23529411764705882,17,0.29411764705882354,17,0.35294117647058826,17,0.2549019607843137,17,0.2823529411764706
selection,qwen3.8-27b,P0_MORE,aiops2025,pod,2,0.125,2,0.0,2,0.0,2,0.5,2,0.0,2,0.2
selection,qwen3.8-27b,P0_MORE,aiops2025,service,81,0.2368312757201646,81,0.14814814814814814,81,0.3333333333333333,81,0.4074074074074074,81,0.23045267489711935,81,0.2938271604938272
selection,qwen3.8-27b,P0_MORE,re2_ob,service,90,0.8346296296296296,90,0.7444444444444445,90,0.9333333333333333,90,0.9777777777777777,90,0.8407407407407408,90,0.8933333333333334
selection,qwen3.8-27b,P0_MORE,re2_tt,service,90,0.7296296296296296,90,0.6222222222222222,90,0.8444444444444444,90,0.8888888888888888,90,0.7407407407407408,90,0.8
selection,qwen3.8-27b,SC_COVER,aegislab,none,1,0.0,1,0.0,1,0.0,1,0.0,1,0.0,1,0.0
selection,qwen3.8-27b,SC_COVER,aegislab,pod,2,0.5,2,0.5,2,0.5,2,0.5,2,0.5,2,0.5
selection,qwen3.8-27b,SC_COVER,aegislab,service,97,0.3618556701030928,97,0.23711340206185566,97,0.4329896907216495,97,0.6082474226804123,97,0.3367697594501718,97,0.43917525773195876
selection,qwen3.8-27b,SC_COVER,aiops2022,node,16,0.59375,16,0.5625,16,0.625,16,0.625,16,0.6041666666666666,16,0.6125
selection,qwen3.8-27b,SC_COVER,aiops2022,none,3,0.0,3,0.0,3,0.0,3,0.0,3,0.0,3,0.0
selection,qwen3.8-27b,SC_COVER,aiops2022,pod,9,0.4666666666666667,9,0.4444444444444444,9,0.4444444444444444,9,0.5555555555555556,9,0.4444444444444444,9,0.4666666666666667
selection,qwen3.8-27b,SC_COVER,aiops2022,service,71,0.16666666666666669,71,0.08450704225352113,71,0.2112676056338028,71,0.29577464788732394,71,0.16431924882629106,71,0.21690140845070424
selection,qwen3.8-27b,SC_COVER,aiops2025,node,20,0.2975,20,0.2,20,0.4,20,0.5,20,0.2833333333333333,20,0.36
selection,qwen3.8-27b,SC_COVER,aiops2025,none,4,0.0,4,0.0,4,0.0,4,0.0,4,0.0,4,0.0
selection,qwen3.8-27b,SC_COVER,aiops2025,pod,8,0.375,8,0.375,8,0.375,8,0.375,8,0.375,8,0.375
selection,qwen3.8-27b,SC_COVER,aiops2025,service,68,0.2676470588235294,68,0.16176470588235295,68,0.38235294117647056,68,0.45588235294117646,68,0.2647058823529412,68,0.3382352941176471
selection,qwen3.8-27b,SC_COVER,re2_ob,service,88,0.8219696969696969,88,0.7045454545454546,88,0.9431818181818182,88,0.9886363636363636,88,0.8371212121212122,88,0.8977272727272727
selection,qwen3.8-27b,SC_COVER,re2_tt,service,90,0.7722222222222223,90,0.6666666666666666,90,0.8888888888888888,90,0.9333333333333333,90,0.7814814814814814,90,0.8422222222222222
selection,qwen3.8-27b,SC_FULL,aegislab,pod,2,1.0,2,1.0,2,1.0,2,1.0,2,1.0,2,1.0
selection,qwen3.8-27b,SC_FULL,aegislab,service,98,0.3889455782312925,98,0.25510204081632654,98,0.5,98,0.6020408163265306,98,0.39115646258503406,98,0.473469387755102
selection,qwen3.8-27b,SC_FULL,aiops2022,node,16,0.65625,16,0.625,16,0.6875,16,0.6875,16,0.6666666666666666,16,0.675
selection,qwen3.8-27b,SC_FULL,aiops2022,pod,13,0.46153846153846156,13,0.46153846153846156,13,0.46153846153846156,13,0.46153846153846156,13,0.46153846153846156,13,0.46153846153846156
selection,qwen3.8-27b,SC_FULL,aiops2022,service,69,0.142512077294686,69,0.07246376811594203,69,0.18840579710144928,69,0.2463768115942029,69,0.14492753623188406,69,0.1855072463768116
selection,qwen3.8-27b,SC_FULL,aiops2025,node,15,0.35444444444444445,15,0.26666666666666666,15,0.4,15,0.6,15,0.31111111111111106,15,0.4
selection,qwen3.8-27b,SC_FULL,aiops2025,none,1,0.0,1,0.0,1,0.0,1,0.0,1,0.0,1,0.0
selection,qwen3.8-27b,SC_FULL,aiops2025,pod,8,0.2916666666666667,8,0.25,8,0.375,8,0.375,8,0.2916666666666667,8,0.325
selection,qwen3.8-27b,SC_FULL,aiops2025,service,73,0.3278538812785388,73,0.2328767123287671,73,0.4383561643835616,73,0.5068493150684932,73,0.32420091324200917,73,0.3890410958904109
selection,qwen3.8-27b,SC_FULL,re2_ob,service,90,0.8568518518518518,90,0.7666666666666667,90,0.9444444444444444,90,0.9888888888888889,90,0.8666666666666667,90,0.9133333333333333
selection,qwen3.8-27b,SC_FULL,re2_tt,service,89,0.7471910112359551,89,0.651685393258427,89,0.8651685393258427,89,0.8876404494382022,89,0.7602996254681649,89,0.8112359550561798
selection,qwen3.8-27b,SC_MORE,aegislab,node,1,0.0,1,0.0,1,0.0,1,0.0,1,0.0,1,0.0
selection,qwen3.8-27b,SC_MORE,aegislab,none,1,0.0,1,0.0,1,0.0,1,0.0,1,0.0,1,0.0
selection,qwen3.8-27b,SC_MORE,aegislab,pod,2,1.0,2,1.0,2,1.0,2,1.0,2,1.0,2,1.0
selection,qwen3.8-27b,SC_MORE,aegislab,service,96,0.38871527777777776,96,0.23958333333333334,96,0.5208333333333334,96,0.6145833333333334,96,0.3993055555555556,96,0.48125
selection,qwen3.8-27b,SC_MORE,aiops2022,node,14,0.5952380952380952,14,0.5,14,0.7142857142857143,14,0.7142857142857143,14,0.619047619047619,14,0.6571428571428571
selection,qwen3.8-27b,SC_MORE,aiops2022,none,2,0.0,2,0.0,2,0.0,2,0.0,2,0.0,2,0.0
selection,qwen3.8-27b,SC_MORE,aiops2022,pod,14,0.5595238095238095,14,0.5,14,0.6428571428571429,14,0.6428571428571429,14,0.5714285714285714,14,0.6
selection,qwen3.8-27b,SC_MORE,aiops2022,service,68,0.1504901960784314,68,0.07352941176470588,68,0.20588235294117646,68,0.2647058823529412,68,0.1568627450980392,68,0.19411764705882353
selection,qwen3.8-27b,SC_MORE,aiops2025,node,16,0.390625,16,0.25,16,0.5625,16,0.625,16,0.3958333333333333,16,0.4875
selection,qwen3.8-27b,SC_MORE,aiops2025,none,2,0.0,2,0.0,2,0.0,2,0.0,2,0.0,2,0.0
selection,qwen3.8-27b,SC_MORE,aiops2025,pod,6,0.47222222222222227,6,0.3333333333333333,6,0.6666666666666666,6,0.6666666666666666,6,0.5,6,0.5666666666666667
selection,qwen3.8-27b,SC_MORE,aiops2025,service,75,0.306,75,0.17333333333333334,75,0.41333333333333333,75,0.56,75,0.29333333333333333,75,0.384
selection,qwen3.8-27b,SC_MORE,re2_ob,service,89,0.8730337078651685,89,0.797752808988764,89,0.9550561797752809,89,0.9887640449438202,89,0.8801498127340823,89,0.9213483146067416
selection,qwen3.8-27b,SC_MORE,re2_tt,service,90,0.7694444444444445,90,0.6777777777777778,90,0.8777777777777778,90,0.8888888888888888,90,0.7888888888888889,90,0.8288888888888888
selection,qwen3.8-27b,SC_NO_BACKBONE,aegislab,service,100,0.3378333333333333,100,0.19,100,0.48,100,0.58,100,0.34,100,0.434
selection,qwen3.8-27b,SC_NO_BACKBONE,aiops2022,node,16,0.46875,16,0.4375,16,0.5,16,0.5,16,0.47916666666666663,16,0.4875
selection,qwen3.8-27b,SC_NO_BACKBONE,aiops2022,none,2,0.0,2,0.0,2,0.0,2,0.0,2,0.0,2,0.0
selection,qwen3.8-27b,SC_NO_BACKBONE,aiops2022,pod,5,0.24,5,0.2,5,0.2,5,0.4,5,0.2,5,0.24
selection,qwen3.8-27b,SC_NO_BACKBONE,aiops2022,service,76,0.1506578947368421,76,0.06578947368421052,76,0.19736842105263158,76,0.27631578947368424,76,0.15350877192982457,76,0.2
selection,qwen3.8-27b,SC_NO_BACKBONE,aiops2025,node,19,0.24561403508771926,19,0.21052631578947367,19,0.3157894736842105,19,0.3157894736842105,19,0.24561403508771926,19,0.2736842105263158
selection,qwen3.8-27b,SC_NO_BACKBONE,aiops2025,none,1,0.0,1,0.0,1,0.0,1,0.0,1,0.0,1,0.0
selection,qwen3.8-27b,SC_NO_BACKBONE,aiops2025,pod,2,0.5,2,0.5,2,0.5,2,0.5,2,0.5,2,0.5
selection,qwen3.8-27b,SC_NO_BACKBONE,aiops2025,service,76,0.2043859649122807,76,0.10526315789473684,76,0.3026315789473684,76,0.3684210526315789,76,0.20614035087719298,76,0.26842105263157895
selection,qwen3.8-27b,SC_NO_BACKBONE,re2_ob,service,88,0.8251893939393938,88,0.7272727272727273,88,0.9318181818181818,88,0.9772727272727273,88,0.8333333333333333,88,0.8886363636363637
selection,qwen3.8-27b,SC_NO_BACKBONE,re2_tt,service,88,0.71875,88,0.625,88,0.8295454545454546,88,0.8636363636363636,88,0.7272727272727273,88,0.7818181818181817
selection,qwen3.8-27b,SC_NO_STRATA,aegislab,none,1,0.0,1,0.0,1,0.0,1,0.0,1,0.0,1,0.0
selection,qwen3.8-27b,SC_NO_STRATA,aegislab,pod,4,0.875,4,0.75,4,1.0,4,1.0,4,0.9166666666666666,4,0.95
selection,qwen3.8-27b,SC_NO_STRATA,aegislab,service,95,0.3831578947368421,95,0.24210526315789474,95,0.49473684210526314,95,0.6210526315789474,95,0.37894736842105264,95,0.47157894736842104
selection,qwen3.8-27b,SC_NO_STRATA,aiops2022,node,17,0.6323529411764706,17,0.5882352941176471,17,0.6470588235294118,17,0.7058823529411765,17,0.6274509803921569,17,0.6588235294117647
selection,qwen3.8-27b,SC_NO_STRATA,aiops2022,none,5,0.0,5,0.0,5,0.0,5,0.0,5,0.0,5,0.0
selection,qwen3.8-27b,SC_NO_STRATA,aiops2022,pod,10,0.5,10,0.5,10,0.5,10,0.5,10,0.5,10,0.5
selection,qwen3.8-27b,SC_NO_STRATA,aiops2022,service,67,0.12736318407960198,67,0.04477611940298507,67,0.1791044776119403,67,0.2537313432835821,67,0.12935323383084577,67,0.17611940298507464
selection,qwen3.8-27b,SC_NO_STRATA,aiops2025,node,19,0.33421052631578946,19,0.21052631578947367,19,0.42105263157894735,19,0.631578947368421,19,0.29824561403508776,19,0.39999999999999997
selection,qwen3.8-27b,SC_NO_STRATA,aiops2025,none,2,0.0,2,0.0,2,0.0,2,0.0,2,0.0,2,0.0
selection,qwen3.8-27b,SC_NO_STRATA,aiops2025,pod,2,0.5,2,0.5,2,0.5,2,0.5,2,0.5,2,0.5
selection,qwen3.8-27b,SC_NO_STRATA,aiops2025,service,75,0.28244444444444444,75,0.13333333333333333,75,0.44,75,0.52,75,0.29333333333333333,75,0.376
selection,qwen3.8-27b,SC_NO_STRATA,re2_ob,service,90,0.8701851851851852,90,0.7777777777777778,90,0.9666666666666667,90,1.0,90,0.8851851851851852,90,0.9266666666666667
selection,qwen3.8-27b,SC_NO_STRATA,re2_tt,service,89,0.7728464419475656,89,0.6741573033707865,89,0.8764044943820225,89,0.9213483146067416,89,0.7827715355805244,89,0.8359550561797754
selection,qwen3.8-27b,SC_STRICT_PAIR,aegislab,pod,1,1.0,1,1.0,1,1.0,1,1.0,1,1.0,1,1.0
selection,qwen3.8-27b,SC_STRICT_PAIR,aegislab,service,98,0.3574829931972789,98,0.21428571428571427,98,0.45918367346938777,98,0.5918367346938775,98,0.3537414965986394,98,0.4469387755102041
selection,qwen3.8-27b,SC_STRICT_PAIR,aiops2022,node,16,0.66875,16,0.625,16,0.6875,16,0.75,16,0.6666666666666666,16,0.6875
selection,qwen3.8-27b,SC_STRICT_PAIR,aiops2022,pod,11,0.4727272727272727,11,0.45454545454545453,11,0.45454545454545453,11,0.5454545454545454,11,0.45454545454545453,11,0.4727272727272727
selection,qwen3.8-27b,SC_STRICT_PAIR,aiops2022,service,71,0.13849765258215962,71,0.07042253521126761,71,0.18309859154929578,71,0.23943661971830985,71,0.14084507042253522,71,0.18028169014084508
selection,qwen3.8-27b,SC_STRICT_PAIR,aiops2025,node,16,0.33854166666666663,16,0.25,16,0.4375,16,0.5,16,0.3333333333333333,16,0.4
selection,qwen3.8-27b,SC_STRICT_PAIR,aiops2025,none,1,0.0,1,0.0,1,0.0,1,0.0,1,0.0,1,0.0
selection,qwen3.8-27b,SC_STRICT_PAIR,aiops2025,pod,2,0.5,2,0.5,2,0.5,2,0.5,2,0.5,2,0.5
selection,qwen3.8-27b,SC_STRICT_PAIR,aiops2025,service,79,0.3270042194092827,79,0.20253164556962025,79,0.46835443037974683,79,0.5189873417721519,79,0.33755274261603374,79,0.410126582278481
selection,qwen3.8-27b,SC_STRICT_PAIR,re2_ob,service,90,0.8642592592592593,90,0.7777777777777778,90,0.9444444444444444,90,0.9888888888888889,90,0.8740740740740741,90,0.9177777777777777
selection,qwen3.8-27b,SC_STRICT_PAIR,re2_tt,service,89,0.7462546816479402,89,0.6629213483146067,89,0.8426966292134831,89,0.8764044943820225,89,0.7528089887640449,89,0.802247191011236
selection,qwen3.8-27b,X_ALIGNED,aegislab,node,3,0.0,3,0.0,3,0.0,3,0.0,3,0.0,3,0.0
selection,qwen3.8-27b,X_ALIGNED,aegislab,none,7,0.0,7,0.0,7,0.0,7,0.0,7,0.0,7,0.0
selection,qwen3.8-27b,X_ALIGNED,aegislab,service,88,0.39299242424242425,88,0.32954545454545453,88,0.4659090909090909,88,0.4772727272727273,88,0.4053030303030303,88,0.43409090909090914
selection,qwen3.8-27b,X_ALIGNED,aiops2022,node,2,0.0,2,0.0,2,0.0,2,0.0,2,0.0,2,0.0
selection,qwen3.8-27b,X_ALIGNED,aiops2022,pod,90,0.12777777777777777,90,0.12222222222222222,90,0.13333333333333333,90,0.13333333333333333,90,0.12962962962962962,90,0.13111111111111112
selection,qwen3.8-27b,X_ALIGNED,aiops2022,service,8,0.08333333333333333,8,0.0,8,0.25,8,0.25,8,0.08333333333333333,8,0.15
selection,qwen3.8-27b,X_ALIGNED,aiops2025,node,8,0.0,8,0.0,8,0.0,8,0.0,8,0.0,8,0.0
selection,qwen3.8-27b,X_ALIGNED,aiops2025,none,11,0.0,11,0.0,11,0.0,11,0.0,11,0.0,11,0.0
selection,qwen3.8-27b,X_ALIGNED,aiops2025,pod,18,0.20555555555555557,18,0.16666666666666666,18,0.2222222222222222,18,0.2777777777777778,18,0.2037037037037037,18,0.2222222222222222
selection,qwen3.8-27b,X_ALIGNED,aiops2025,service,63,0.36693121693121694,63,0.2857142857142857,63,0.4444444444444444,63,0.5079365079365079,63,0.36507936507936506,63,0.41904761904761906
selection,qwen3.8-27b,X_ALIGNED,re2_ob,none,1,0.0,1,0.0,1,0.0,1,0.0,1,0.0,1,0.0
selection,qwen3.8-27b,X_ALIGNED,re2_ob,service,89,0.6835205992509363,89,0.5842696629213483,89,0.7640449438202247,89,0.8314606741573034,89,0.6891385767790262,89,0.7460674157303372
selection,qwen3.8-27b,X_ALIGNED,re2_tt,none,1,0.0,1,0.0,1,0.0,1,0.0,1,0.0,1,0.0
selection,qwen3.8-27b,X_ALIGNED,re2_tt,service,89,0.8548689138576778,89,0.797752808988764,89,0.9213483146067416,89,0.9325842696629213,89,0.8651685393258427,89,0.8921348314606742
selection,qwen3.8-27b,X_NATIVE_CAL,aegislab,node,4,0.0,4,0.0,4,0.0,4,0.0,4,0.0,4,0.0
selection,qwen3.8-27b,X_NATIVE_CAL,aegislab,none,7,0.0,7,0.0,7,0.0,7,0.0,7,0.0,7,0.0
selection,qwen3.8-27b,X_NATIVE_CAL,aegislab,service,88,0.44507575757575757,88,0.32954545454545453,88,0.5568181818181818,88,0.6022727272727273,88,0.4621212121212121,88,0.5181818181818182
selection,qwen3.8-27b,X_NATIVE_CAL,aiops2022,node,2,0.0,2,0.0,2,0.0,2,0.0,2,0.0,2,0.0
selection,qwen3.8-27b,X_NATIVE_CAL,aiops2022,none,3,0.0,3,0.0,3,0.0,3,0.0,3,0.0,3,0.0
selection,qwen3.8-27b,X_NATIVE_CAL,aiops2022,pod,87,0.15229885057471265,87,0.13793103448275862,87,0.16091954022988506,87,0.1724137931034483,87,0.1532567049808429,87,0.16091954022988506
selection,qwen3.8-27b,X_NATIVE_CAL,aiops2022,service,7,0.35714285714285715,7,0.2857142857142857,7,0.42857142857142855,7,0.42857142857142855,7,0.38095238095238093,7,0.39999999999999997
selection,qwen3.8-27b,X_NATIVE_CAL,aiops2025,node,5,0.0,5,0.0,5,0.0,5,0.0,5,0.0,5,0.0
selection,qwen3.8-27b,X_NATIVE_CAL,aiops2025,none,13,0.0,13,0.0,13,0.0,13,0.0,13,0.0,13,0.0
selection,qwen3.8-27b,X_NATIVE_CAL,aiops2025,pod,20,0.4166666666666667,20,0.35,20,0.5,20,0.5,20,0.4333333333333333,20,0.45999999999999996
selection,qwen3.8-27b,X_NATIVE_CAL,aiops2025,service,61,0.412568306010929,61,0.32786885245901637,61,0.4918032786885246,61,0.5245901639344263,61,0.4262295081967213,61,0.46557377049180326
selection,qwen3.8-27b,X_NATIVE_CAL,re2_ob,none,3,0.0,3,0.0,3,0.0,3,0.0,3,0.0,3,0.0
selection,qwen3.8-27b,X_NATIVE_CAL,re2_ob,service,87,0.7197318007662835,87,0.6206896551724138,87,0.8045977011494253,87,0.8735632183908046,87,0.7241379310344828,87,0.7816091954022989
selection,qwen3.8-27b,X_NATIVE_CAL,re2_tt,node,1,0.0,1,0.0,1,0.0,1,0.0,1,0.0,1,0.0
selection,qwen3.8-27b,X_NATIVE_CAL,re2_tt,none,1,0.0,1,0.0,1,0.0,1,0.0,1,0.0,1,0.0
selection,qwen3.8-27b,X_NATIVE_CAL,re2_tt,service,87,0.8802681992337165,87,0.8275862068965517,87,0.9195402298850575,87,0.9540229885057471,87,0.8850574712643678,87,0.9126436781609196
test,gemma-4-26b-a4b,SC_C_CONTRAST,aegislab,service,120,0.49166666666666664,120,0.49166666666666664,120,0.49166666666666664,120,0.49166666666666664,120,0.49166666666666664,120,0.49166666666666664
test,gemma-4-26b-a4b,SC_C_CONTRAST,aiops2022,node,28,0.32142857142857145,28,0.32142857142857145,28,0.32142857142857145,28,0.32142857142857145,28,0.32142857142857145,28,0.32142857142857145
test,gemma-4-26b-a4b,SC_C_CONTRAST,aiops2022,none,2,0.0,2,0.0,2,0.0,2,0.0,2,0.0,2,0.0
test,gemma-4-26b-a4b,SC_C_CONTRAST,aiops2022,pod,19,0.3684210526315789,19,0.3684210526315789,19,0.3684210526315789,19,0.3684210526315789,19,0.3684210526315789,19,0.3684210526315789
test,gemma-4-26b-a4b,SC_C_CONTRAST,aiops2022,service,71,0.09859154929577464,71,0.09859154929577464,71,0.09859154929577464,71,0.09859154929577464,71,0.09859154929577464,71,0.09859154929577464
test,gemma-4-26b-a4b,SC_C_CONTRAST,aiops2025,node,19,0.3157894736842105,19,0.3157894736842105,19,0.3157894736842105,19,0.3157894736842105,19,0.3157894736842105,19,0.3157894736842105
test,gemma-4-26b-a4b,SC_C_CONTRAST,aiops2025,pod,11,0.18181818181818182,11,0.18181818181818182,11,0.18181818181818182,11,0.18181818181818182,11,0.18181818181818182,11,0.18181818181818182
test,gemma-4-26b-a4b,SC_C_CONTRAST,aiops2025,service,90,0.14444444444444443,90,0.14444444444444443,90,0.14444444444444443,90,0.14444444444444443,90,0.14444444444444443,90,0.14444444444444443
test,gemma-4-26b-a4b,SC_M_TEXT,aegislab,pod,2,1.0,2,1.0,2,1.0,2,1.0,2,1.0,2,1.0
test,gemma-4-26b-a4b,SC_M_TEXT,aegislab,service,118,0.3983050847457627,118,0.3983050847457627,118,0.3983050847457627,118,0.3983050847457627,118,0.3983050847457627,118,0.3983050847457627
test,gemma-4-26b-a4b,SC_M_TEXT,aiops2022,node,33,0.30303030303030304,33,0.30303030303030304,33,0.30303030303030304,33,0.30303030303030304,33,0.30303030303030304,33,0.30303030303030304
test,gemma-4-26b-a4b,SC_M_TEXT,aiops2022,pod,27,0.4074074074074074,27,0.4074074074074074,27,0.4074074074074074,27,0.4074074074074074,27,0.4074074074074074,27,0.4074074074074074
test,gemma-4-26b-a4b,SC_M_TEXT,aiops2022,service,60,0.0,60,0.0,60,0.0,60,0.0,60,0.0,60,0.0
test,gemma-4-26b-a4b,SC_M_TEXT,aiops2025,node,11,0.45454545454545453,11,0.45454545454545453,11,0.45454545454545453,11,0.45454545454545453,11,0.45454545454545453,11,0.45454545454545453
test,gemma-4-26b-a4b,SC_M_TEXT,aiops2025,pod,30,0.2,30,0.2,30,0.2,30,0.2,30,0.2,30,0.2
test,gemma-4-26b-a4b,SC_M_TEXT,aiops2025,service,79,0.08860759493670886,79,0.08860759493670886,79,0.08860759493670886,79,0.08860759493670886,79,0.08860759493670886,79,0.08860759493670886
test,gemma-4-26b-a4b,SC_V_CONTRAST,aegislab,pod,10,0.3,10,0.3,10,0.3,10,0.3,10,0.3,10,0.3
test,gemma-4-26b-a4b,SC_V_CONTRAST,aegislab,service,110,0.2727272727272727,110,0.2727272727272727,110,0.2727272727272727,110,0.2727272727272727,110,0.2727272727272727,110,0.2727272727272727
test,gemma-4-26b-a4b,SC_V_CONTRAST,aiops2022,node,38,0.10526315789473684,38,0.10526315789473684,38,0.10526315789473684,38,0.10526315789473684,38,0.10526315789473684,38,0.10526315789473684
test,gemma-4-26b-a4b,SC_V_CONTRAST,aiops2022,pod,22,0.4090909090909091,22,0.4090909090909091,22,0.4090909090909091,22,0.4090909090909091,22,0.4090909090909091,22,0.4090909090909091
test,gemma-4-26b-a4b,SC_V_CONTRAST,aiops2022,service,60,0.0,60,0.0,60,0.0,60,0.0,60,0.0,60,0.0
test,gemma-4-26b-a4b,SC_V_CONTRAST,aiops2025,node,37,0.10810810810810811,37,0.10810810810810811,37,0.10810810810810811,37,0.10810810810810811,37,0.10810810810810811,37,0.10810810810810811
test,gemma-4-26b-a4b,SC_V_CONTRAST,aiops2025,pod,16,0.1875,16,0.1875,16,0.1875,16,0.1875,16,0.1875,16,0.1875
test,gemma-4-26b-a4b,SC_V_CONTRAST,aiops2025,service,67,0.07462686567164178,67,0.07462686567164178,67,0.07462686567164178,67,0.07462686567164178,67,0.07462686567164178,67,0.07462686567164178
test,gemma-4-26b-a4b,SIRCL_TEXT,aegislab,node,19,0.13157894736842105,19,0.0,19,0.3157894736842105,19,0.3157894736842105,19,0.15789473684210525,19,0.2210526315789474
test,gemma-4-26b-a4b,SIRCL_TEXT,aegislab,pod,6,0.8333333333333334,6,0.8333333333333334,6,0.8333333333333334,6,0.8333333333333334,6,0.8333333333333334,6,0.8333333333333334
test,gemma-4-26b-a4b,SIRCL_TEXT,aegislab,service,95,0.3263157894736842,95,0.28421052631578947,95,0.37894736842105264,95,0.37894736842105264,95,0.3368421052631579,95,0.3536842105263158
test,gemma-4-26b-a4b,SIRCL_TEXT,aiops2022,node,85,0.11568627450980393,85,0.10588235294117647,85,0.12941176470588237,85,0.12941176470588237,85,0.11764705882352941,85,0.1223529411764706
test,gemma-4-26b-a4b,SIRCL_TEXT,aiops2022,pod,35,0.40952380952380957,35,0.4,35,0.42857142857142855,35,0.42857142857142855,35,0.40952380952380957,35,0.41714285714285715
test,gemma-4-26b-a4b,SIRCL_TEXT,aiops2025,node,28,0.19642857142857142,28,0.17857142857142858,28,0.21428571428571427,28,0.21428571428571427,28,0.20238095238095236,28,0.20714285714285713
test,gemma-4-26b-a4b,SIRCL_TEXT,aiops2025,pod,45,0.24814814814814815,45,0.2222222222222222,45,0.28888888888888886,45,0.28888888888888886,45,0.2518518518518519,45,0.26666666666666666
test,gemma-4-26b-a4b,SIRCL_TEXT,aiops2025,service,47,0.3404255319148936,47,0.3191489361702128,47,0.3617021276595745,47,0.3617021276595745,47,0.3475177304964539,47,0.35319148936170214
test,gemma-4-26b-a4b,T,aegislab,pod,14,0.880952380952381,14,0.7857142857142857,14,1.0,14,1.0,14,0.9047619047619048,14,0.9428571428571428
test,gemma-4-26b-a4b,T,aegislab,service,106,0.4371069182389937,106,0.41509433962264153,106,0.46226415094339623,106,0.46226415094339623,106,0.44339622641509435,106,0.45094339622641505
test,gemma-4-26b-a4b,T,aiops2022,node,37,0.30630630630630634,37,0.2702702702702703,37,0.35135135135135137,37,0.35135135135135137,37,0.3153153153153153,37,0.3297297297297297
test,gemma-4-26b-a4b,T,aiops2022,pod,33,0.5151515151515151,33,0.5151515151515151,33,0.5151515151515151,33,0.5151515151515151,33,0.5151515151515151,33,0.5151515151515151
test,gemma-4-26b-a4b,T,aiops2022,service,50,0.04,50,0.02,50,0.06,50,0.06,50,0.04666666666666666,50,0.052000000000000005
test,gemma-4-26b-a4b,T,aiops2025,node,26,0.24358974358974358,26,0.23076923076923078,26,0.2692307692307692,26,0.2692307692307692,26,0.24358974358974358,26,0.25384615384615383
test,gemma-4-26b-a4b,T,aiops2025,pod,31,0.1774193548387097,31,0.0967741935483871,31,0.2903225806451613,31,0.2903225806451613,31,0.1935483870967742,31,0.23225806451612904
test,gemma-4-26b-a4b,T,aiops2025,service,63,0.21164021164021166,63,0.19047619047619047,63,0.23809523809523808,63,0.23809523809523808,63,0.21693121693121692,63,0.22539682539682537
test,gemma-4-26b-a4b,TPV,aegislab,pod,28,0.625,28,0.5714285714285714,28,0.6785714285714286,28,0.6785714285714286,28,0.6428571428571429,28,0.6571428571428571
test,gemma-4-26b-a4b,TPV,aegislab,service,92,0.5,92,0.5,92,0.5,92,0.5,92,0.5,92,0.5
test,gemma-4-26b-a4b,TPV,aiops2022,node,40,0.2375,40,0.225,40,0.25,40,0.25,40,0.24166666666666664,40,0.24500000000000002
test,gemma-4-26b-a4b,TPV,aiops2022,pod,50,0.42,50,0.42,50,0.42,50,0.42,50,0.42,50,0.42
test,gemma-4-26b-a4b,TPV,aiops2022,service,30,0.0,30,0.0,30,0.0,30,0.0,30,0.0,30,0.0
test,gemma-4-26b-a4b,TPV,aiops2025,node,17,0.35294117647058826,17,0.35294117647058826,17,0.35294117647058826,17,0.35294117647058826,17,0.35294117647058826,17,0.35294117647058826
test,gemma-4-26b-a4b,TPV,aiops2025,pod,60,0.14166666666666666,60,0.13333333333333333,60,0.15,60,0.15,60,0.14444444444444443,60,0.14666666666666667
test,gemma-4-26b-a4b,TPV,aiops2025,service,43,0.23255813953488372,43,0.23255813953488372,43,0.23255813953488372,43,0.23255813953488372,43,0.23255813953488372,43,0.23255813953488372
test,qwen3.8-27b,SC_C_CONTRAST,aegislab,node,1,0.0,1,0.0,1,0.0,1,0.0,1,0.0,1,0.0
test,qwen3.8-27b,SC_C_CONTRAST,aegislab,none,7,0.0,7,0.0,7,0.0,7,0.0,7,0.0,7,0.0
test,qwen3.8-27b,SC_C_CONTRAST,aegislab,service,111,0.40315315315315314,111,0.2972972972972973,111,0.4774774774774775,111,0.6216216216216216,111,0.3813813813813814,111,0.46846846846846846
test,qwen3.8-27b,SC_C_CONTRAST,aiops2022,node,19,0.4052631578947368,19,0.3684210526315789,19,0.42105263157894735,19,0.47368421052631576,19,0.40350877192982454,19,0.42105263157894735
test,qwen3.8-27b,SC_C_CONTRAST,aiops2022,none,11,0.0,11,0.0,11,0.0,11,0.0,11,0.0,11,0.0
test,qwen3.8-27b,SC_C_CONTRAST,aiops2022,pod,7,0.42857142857142855,7,0.42857142857142855,7,0.42857142857142855,7,0.42857142857142855,7,0.42857142857142855,7,0.42857142857142855
test,qwen3.8-27b,SC_C_CONTRAST,aiops2022,service,82,0.28353658536585363,82,0.24390243902439024,82,0.3170731707317073,82,0.35365853658536583,82,0.2804878048780488,82,0.3097560975609756
test,qwen3.8-27b,SC_C_CONTRAST,aiops2025,node,21,0.373015873015873,21,0.2857142857142857,21,0.42857142857142855,21,0.5238095238095238,21,0.36507936507936506,21,0.42857142857142855
test,qwen3.8-27b,SC_C_CONTRAST,aiops2025,none,6,0.0,6,0.0,6,0.0,6,0.0,6,0.0,6,0.0
test,qwen3.8-27b,SC_C_CONTRAST,aiops2025,pod,6,0.2222222222222222,6,0.16666666666666666,6,0.3333333333333333,6,0.3333333333333333,6,0.2222222222222222,6,0.26666666666666666
test,qwen3.8-27b,SC_C_CONTRAST,aiops2025,service,84,0.29642857142857143,84,0.16666666666666666,84,0.42857142857142855,84,0.5,84,0.3055555555555555,84,0.37857142857142856
test,qwen3.8-27b,SC_M_TEXT,aegislab,pod,1,1.0,1,1.0,1,1.0,1,1.0,1,1.0,1,1.0
test,qwen3.8-27b,SC_M_TEXT,aegislab,service,119,0.4327731092436975,119,0.3445378151260504,119,0.5210084033613446,119,0.5882352941176471,119,0.42857142857142855,119,0.492436974789916
test,qwen3.8-27b,SC_M_TEXT,aiops2022,node,24,0.4513888888888889,24,0.375,24,0.5416666666666666,24,0.5416666666666666,24,0.47222222222222215,24,0.5
test,qwen3.8-27b,SC_M_TEXT,aiops2022,none,3,0.0,3,0.0,3,0.0,3,0.0,3,0.0,3,0.0
test,qwen3.8-27b,SC_M_TEXT,aiops2022,pod,21,0.45396825396825397,21,0.42857142857142855,21,0.47619047619047616,21,0.5238095238095238,21,0.4444444444444445,21,0.4666666666666667
test,qwen3.8-27b,SC_M_TEXT,aiops2022,service,70,0.20833333333333331,70,0.15714285714285714,70,0.2714285714285714,70,0.2857142857142857,70,0.21428571428571427,70,0.24285714285714285
test,qwen3.8-27b,SC_M_TEXT,aiops2025,node,20,0.4725,20,0.4,20,0.5,20,0.6,20,0.4666666666666667,20,0.51
test,qwen3.8-27b,SC_M_TEXT,aiops2025,none,6,0.0,6,0.0,6,0.0,6,0.0,6,0.0,6,0.0
test,qwen3.8-27b,SC_M_TEXT,aiops2025,pod,15,0.13333333333333333,15,0.13333333333333333,15,0.13333333333333333,15,0.13333333333333333,15,0.13333333333333333,15,0.13333333333333333
test,qwen3.8-27b,SC_M_TEXT,aiops2025,service,78,0.2594017094017094,78,0.11538461538461539,78,0.3974358974358974,78,0.47435897435897434,78,0.2735042735042735,78,0.3487179487179487
test,qwen3.8-27b,SC_V_CONTRAST,aegislab,pod,9,0.2777777777777778,9,0.1111111111111111,9,0.4444444444444444,9,0.4444444444444444,9,0.3333333333333333,9,0.3777777777777778
test,qwen3.8-27b,SC_V_CONTRAST,aegislab,service,111,0.30930930930930933,111,0.21621621621621623,111,0.40540540540540543,111,0.4594594594594595,111,0.31231231231231227,111,0.3711711711711712
test,qwen3.8-27b,SC_V_CONTRAST,aiops2022,node,19,0.27807017543859647,19,0.21052631578947367,19,0.3157894736842105,19,0.42105263157894735,19,0.2631578947368421,19,0.3157894736842105
test,qwen3.8-27b,SC_V_CONTRAST,aiops2022,pod,19,0.4298245614035087,19,0.3684210526315789,19,0.5263157894736842,19,0.5263157894736842,19,0.4385964912280702,19,0.47368421052631576
test,qwen3.8-27b,SC_V_CONTRAST,aiops2022,service,80,0.1025,80,0.0375,80,0.1625,80,0.2,80,0.10833333333333332,80,0.14250000000000002
test,qwen3.8-27b,SC_V_CONTRAST,aiops2025,node,20,0.29166666666666663,20,0.25,20,0.35,20,0.35,20,0.3,20,0.32
test,qwen3.8-27b,SC_V_CONTRAST,aiops2025,pod,11,0.09090909090909091,11,0.09090909090909091,11,0.09090909090909091,11,0.09090909090909091,11,0.09090909090909091,11,0.09090909090909091
test,qwen3.8-27b,SC_V_CONTRAST,aiops2025,service,89,0.23857677902621724,89,0.1348314606741573,89,0.34831460674157305,89,0.4157303370786517,89,0.23970037453183518,89,0.3056179775280899
test,qwen3.8-27b,SIRCL_TEXT,aegislab,node,7,0.047619047619047616,7,0.0,7,0.14285714285714285,7,0.14285714285714285,7,0.047619047619047616,7,0.08571428571428572
test,qwen3.8-27b,SIRCL_TEXT,aegislab,pod,21,0.75,21,0.6190476190476191,21,0.8571428571428571,21,0.9047619047619048,21,0.7777777777777777,21,0.8285714285714285
test,qwen3.8-27b,SIRCL_TEXT,aegislab,service,91,0.5641025641025641,91,0.3956043956043956,91,0.7692307692307693,91,0.7692307692307693,91,0.6080586080586081,91,0.6725274725274726
test,qwen3.8-27b,SIRCL_TEXT,aiops2022,node,48,0.19791666666666666,48,0.10416666666666667,48,0.3333333333333333,48,0.3333333333333333,48,0.2152777777777778,48,0.2625
test,qwen3.8-27b,SIRCL_TEXT,aiops2022,pod,59,0.25254237288135595,59,0.22033898305084745,59,0.288135593220339,59,0.3220338983050847,59,0.2485875706214689,59,0.2711864406779661
test,qwen3.8-27b,SIRCL_TEXT,aiops2022,service,12,0.13888888888888887,12,0.08333333333333333,12,0.25,12,0.25,12,0.13888888888888887,12,0.18333333333333335
test,qwen3.8-27b,SIRCL_TEXT,aiops2025,node,14,0.39285714285714285,14,0.35714285714285715,14,0.42857142857142855,14,0.42857142857142855,14,0.4047619047619047,14,0.41428571428571426
test,qwen3.8-27b,SIRCL_TEXT,aiops2025,pod,55,0.29303030303030303,55,0.2,55,0.36363636363636365,55,0.43636363636363634,55,0.29696969696969694,55,0.34909090909090906
test,qwen3.8-27b,SIRCL_TEXT,aiops2025,service,49,0.4047619047619047,49,0.32653061224489793,49,0.4897959183673469,49,0.4897959183673469,49,0.42857142857142855,49,0.4530612244897959
test,qwen3.8-27b,T,aegislab,pod,12,0.5972222222222222,12,0.4166666666666667,12,0.8333333333333334,12,0.8333333333333334,12,0.6388888888888888,12,0.7166666666666667
test,qwen3.8-27b,T,aegislab,service,106,0.4017295597484277,106,0.27358490566037735,106,0.5471698113207547,106,0.5754716981132075,106,0.42452830188679247,106,0.4849056603773585
test,qwen3.8-27b,T,aiops2022,node,21,0.25396825396825395,21,0.19047619047619047,21,0.3333333333333333,21,0.3333333333333333,21,0.2698412698412699,21,0.29523809523809524
test,qwen3.8-27b,T,aiops2022,pod,17,0.27450980392156865,17,0.058823529411764705,17,0.5294117647058824,17,0.5294117647058824,17,0.3333333333333333,17,0.4117647058823529
test,qwen3.8-27b,T,aiops2022,service,81,0.25,81,0.18518518518518517,81,0.3333333333333333,81,0.345679012345679,81,0.25925925925925924,81,0.2938271604938272
test,qwen3.8-27b,T,aiops2025,node,32,0.3098958333333333,32,0.25,32,0.375,32,0.40625,32,0.3125,32,0.35
test,qwen3.8-27b,T,aiops2025,pod,13,0.23076923076923078,13,0.15384615384615385,13,0.3076923076923077,13,0.3076923076923077,13,0.2564102564102564,13,0.27692307692307694
test,qwen3.8-27b,T,aiops2025,service,74,0.3164414414414415,74,0.17567567567567569,74,0.4864864864864865,74,0.5,74,0.3468468468468468,74,0.4081081081081081
test,qwen3.8-27b,TPV,aegislab,pod,15,0.6833333333333333,15,0.5333333333333333,15,0.8,15,0.8666666666666667,15,0.711111111111111,15,0.7733333333333333
test,qwen3.8-27b,TPV,aegislab,service,105,0.45476190476190476,105,0.3238095238095238,105,0.6095238095238096,105,0.638095238095238,105,0.47619047619047616,105,0.540952380952381
test,qwen3.8-27b,TPV,aiops2022,node,25,0.4,25,0.32,25,0.48,25,0.48,25,0.42666666666666664,25,0.44799999999999995
test,qwen3.8-27b,TPV,aiops2022,pod,34,0.3382352941176471,34,0.2647058823529412,34,0.38235294117647056,34,0.4411764705882353,34,0.3431372549019608,34,0.38235294117647056
test,qwen3.8-27b,TPV,aiops2022,service,60,0.1861111111111111,60,0.1,60,0.2833333333333333,60,0.2833333333333333,60,0.2111111111111111,60,0.24000000000000002
test,qwen3.8-27b,TPV,aiops2025,node,14,0.6130952380952381,14,0.5714285714285714,14,0.6428571428571429,14,0.7142857142857143,14,0.5952380952380952,14,0.6428571428571429
test,qwen3.8-27b,TPV,aiops2025,pod,25,0.24666666666666667,25,0.2,25,0.32,25,0.32,25,0.2533333333333333,25,0.28
test,qwen3.8-27b,TPV,aiops2025,service,81,0.389917695473251,81,0.32098765432098764,81,0.4567901234567901,81,0.4691358024691358,81,0.4074074074074074,81,0.43209876543209874
