model,case,condition,representation,same_input,mrr,base_mrr,delta,rank_changed,top1_changed,repaired,broken
qwen3.8-27b,INC-E92A6FFD9DC0,REMOVE_TARGET,C_CONTRAST,False,0.0,0.2,-0.2,True,False,False,False
qwen3.8-27b,INC-E92A6FFD9DC0,REMOVE_TARGET,M_TEXT,False,0.0,0.0,0.0,False,False,False,False
qwen3.8-27b,INC-E92A6FFD9DC0,REMOVE_MATCHED_NONTARGET,C_CONTRAST,False,0.0,0.2,-0.2,True,False,False,False
qwen3.8-27b,INC-E92A6FFD9DC0,REMOVE_MATCHED_NONTARGET,M_TEXT,False,0.25,0.0,0.25,True,False,False,False
qwen3.8-27b,INC-E92A6FFD9DC0,NO_GROUPING,C_CONTRAST,True,0.2,0.2,0.0,False,False,False,False
qwen3.8-27b,INC-E92A6FFD9DC0,NO_GROUPING,M_TEXT,False,0.0,0.0,0.0,False,False,False,False
qwen3.8-27b,INC-E92A6FFD9DC0,REDUNDANT_NOISE,C_CONTRAST,False,0.0,0.2,-0.2,True,False,False,False
qwen3.8-27b,INC-E92A6FFD9DC0,REDUNDANT_NOISE,M_TEXT,False,0.25,0.0,0.25,True,False,False,False
qwen3.8-27b,INC-E92A6FFD9DC0,REANONYMIZE,C_CONTRAST,False,0.0,0.2,-0.2,True,,False,False
qwen3.8-27b,INC-E92A6FFD9DC0,REANONYMIZE,M_TEXT,False,0.0,0.0,0.0,False,,False,False
qwen3.8-27b,INC-E92A6FFD9DC0,REPLICATE_1,C_CONTRAST,True,0.2,0.2,0.0,False,False,False,False
qwen3.8-27b,INC-E92A6FFD9DC0,REPLICATE_1,M_TEXT,True,0.0,0.0,0.0,False,False,False,False
qwen3.8-27b,INC-E92A6FFD9DC0,REPLICATE_2,C_CONTRAST,True,0.2,0.2,0.0,False,False,False,False
qwen3.8-27b,INC-E92A6FFD9DC0,REPLICATE_2,M_TEXT,True,0.0,0.0,0.0,False,False,False,False
qwen3.8-27b,INC-6CB07956172F,REMOVE_TARGET,M_TEXT,False,0.0,0.0,0.0,False,False,False,False
qwen3.8-27b,INC-6CB07956172F,REMOVE_MATCHED_NONTARGET,M_TEXT,False,0.0,0.0,0.0,False,False,False,False
qwen3.8-27b,INC-6CB07956172F,NO_GROUPING,M_TEXT,False,0.0,0.0,0.0,False,False,False,False
qwen3.8-27b,INC-6CB07956172F,REDUNDANT_NOISE,M_TEXT,False,0.0,0.0,0.0,False,False,False,False
qwen3.8-27b,INC-6CB07956172F,REANONYMIZE,M_TEXT,False,0.0,0.0,0.0,False,,False,False
qwen3.8-27b,INC-6CB07956172F,REPLICATE_1,M_TEXT,True,0.0,0.0,0.0,False,False,False,False
qwen3.8-27b,INC-6CB07956172F,REPLICATE_2,M_TEXT,True,0.0,0.0,0.0,False,False,False,False
qwen3.8-27b,INC-A2F0E757DD2A,REMOVE_TARGET,C_CONTRAST,False,0.5,0.5,0.0,False,True,False,False
qwen3.8-27b,INC-A2F0E757DD2A,REMOVE_TARGET,M_TEXT,False,1.0,1.0,0.0,False,False,False,False
qwen3.8-27b,INC-A2F0E757DD2A,REMOVE_MATCHED_NONTARGET,C_CONTRAST,False,0.5,0.5,0.0,False,True,False,False
qwen3.8-27b,INC-A2F0E757DD2A,REMOVE_MATCHED_NONTARGET,M_TEXT,False,1.0,1.0,0.0,False,False,False,False
qwen3.8-27b,INC-A2F0E757DD2A,NO_GROUPING,C_CONTRAST,True,1.0,0.5,0.5,True,True,True,False
qwen3.8-27b,INC-A2F0E757DD2A,NO_GROUPING,M_TEXT,False,1.0,1.0,0.0,False,False,False,False
qwen3.8-27b,INC-A2F0E757DD2A,REDUNDANT_NOISE,C_CONTRAST,False,0.5,0.5,0.0,False,True,False,False
qwen3.8-27b,INC-A2F0E757DD2A,REDUNDANT_NOISE,M_TEXT,False,1.0,1.0,0.0,False,False,False,False
qwen3.8-27b,INC-A2F0E757DD2A,REANONYMIZE,C_CONTRAST,False,0.5,0.5,0.0,False,,False,False
qwen3.8-27b,INC-A2F0E757DD2A,REANONYMIZE,M_TEXT,False,1.0,1.0,0.0,False,,False,False
qwen3.8-27b,INC-A2F0E757DD2A,REPLICATE_1,C_CONTRAST,True,0.5,0.5,0.0,False,False,False,False
qwen3.8-27b,INC-A2F0E757DD2A,REPLICATE_1,M_TEXT,True,1.0,1.0,0.0,False,False,False,False
qwen3.8-27b,INC-A2F0E757DD2A,REPLICATE_2,C_CONTRAST,True,0.5,0.5,0.0,False,False,False,False
qwen3.8-27b,INC-A2F0E757DD2A,REPLICATE_2,M_TEXT,True,1.0,1.0,0.0,False,False,False,False
qwen3.8-27b,INC-39682657768A,NO_GROUPING,C_CONTRAST,True,0.3333333333333333,0.3333333333333333,0.0,False,False,False,False
qwen3.8-27b,INC-39682657768A,NO_GROUPING,M_TEXT,False,1.0,1.0,0.0,False,False,False,False
qwen3.8-27b,INC-39682657768A,REDUNDANT_NOISE,C_CONTRAST,False,0.3333333333333333,0.3333333333333333,0.0,False,False,False,False
qwen3.8-27b,INC-39682657768A,REDUNDANT_NOISE,M_TEXT,False,1.0,1.0,0.0,False,False,False,False
qwen3.8-27b,INC-39682657768A,REANONYMIZE,C_CONTRAST,False,0.5,0.3333333333333333,0.16666666666666669,True,,False,False
qwen3.8-27b,INC-39682657768A,REANONYMIZE,M_TEXT,False,0.5,1.0,-0.5,True,,False,True
qwen3.8-27b,INC-39682657768A,REPLICATE_1,C_CONTRAST,True,0.3333333333333333,0.3333333333333333,0.0,False,False,False,False
qwen3.8-27b,INC-39682657768A,REPLICATE_1,M_TEXT,True,1.0,1.0,0.0,False,False,False,False
qwen3.8-27b,INC-39682657768A,REPLICATE_2,C_CONTRAST,True,0.3333333333333333,0.3333333333333333,0.0,False,False,False,False
qwen3.8-27b,INC-39682657768A,REPLICATE_2,M_TEXT,True,1.0,1.0,0.0,False,False,False,False
qwen3.8-27b,INC-133324A21C16,REMOVE_TARGET,C_CONTRAST,False,0.25,0.0,0.25,True,True,False,False
qwen3.8-27b,INC-133324A21C16,REMOVE_TARGET,M_TEXT,False,0.25,1.0,-0.75,True,True,False,True
qwen3.8-27b,INC-133324A21C16,REMOVE_MATCHED_NONTARGET,C_CONTRAST,False,0.0,0.0,0.0,False,True,False,False
qwen3.8-27b,INC-133324A21C16,REMOVE_MATCHED_NONTARGET,M_TEXT,False,0.5,1.0,-0.5,True,True,False,True
qwen3.8-27b,INC-133324A21C16,NO_GROUPING,C_CONTRAST,True,0.0,0.0,0.0,False,False,False,False
qwen3.8-27b,INC-133324A21C16,NO_GROUPING,M_TEXT,False,1.0,1.0,0.0,False,False,False,False
qwen3.8-27b,INC-133324A21C16,REDUNDANT_NOISE,C_CONTRAST,False,0.3333333333333333,0.0,0.3333333333333333,True,True,False,False
qwen3.8-27b,INC-133324A21C16,REDUNDANT_NOISE,M_TEXT,False,1.0,1.0,0.0,False,False,False,False
qwen3.8-27b,INC-133324A21C16,REANONYMIZE,C_CONTRAST,False,0.0,0.0,0.0,False,,False,False
qwen3.8-27b,INC-133324A21C16,REANONYMIZE,M_TEXT,False,1.0,1.0,0.0,False,,False,False
qwen3.8-27b,INC-133324A21C16,REPLICATE_1,C_CONTRAST,True,0.0,0.0,0.0,False,False,False,False
qwen3.8-27b,INC-133324A21C16,REPLICATE_1,M_TEXT,True,1.0,1.0,0.0,False,False,False,False
qwen3.8-27b,INC-133324A21C16,REPLICATE_2,C_CONTRAST,True,0.0,0.0,0.0,False,False,False,False
qwen3.8-27b,INC-133324A21C16,REPLICATE_2,M_TEXT,True,1.0,1.0,0.0,False,False,False,False
qwen3.8-27b,INC-F0B46AA8EB55,NO_GROUPING,C_CONTRAST,True,0.0,0.0,0.0,False,True,False,False
qwen3.8-27b,INC-F0B46AA8EB55,NO_GROUPING,M_TEXT,False,0.0,0.0,0.0,False,False,False,False
qwen3.8-27b,INC-F0B46AA8EB55,REDUNDANT_NOISE,C_CONTRAST,False,0.0,0.0,0.0,False,True,False,False
qwen3.8-27b,INC-F0B46AA8EB55,REDUNDANT_NOISE,M_TEXT,False,0.0,0.0,0.0,False,False,False,False
qwen3.8-27b,INC-F0B46AA8EB55,REANONYMIZE,C_CONTRAST,False,0.0,0.0,0.0,False,,False,False
qwen3.8-27b,INC-F0B46AA8EB55,REANONYMIZE,M_TEXT,False,0.0,0.0,0.0,False,,False,False
qwen3.8-27b,INC-F0B46AA8EB55,REPLICATE_1,C_CONTRAST,True,0.0,0.0,0.0,False,True,False,False
qwen3.8-27b,INC-F0B46AA8EB55,REPLICATE_1,M_TEXT,True,0.0,0.0,0.0,False,False,False,False
qwen3.8-27b,INC-F0B46AA8EB55,REPLICATE_2,C_CONTRAST,True,0.0,0.0,0.0,False,True,False,False
qwen3.8-27b,INC-F0B46AA8EB55,REPLICATE_2,M_TEXT,True,0.0,0.0,0.0,False,False,False,False
qwen3.8-27b,INC-A89422C045DE,REMOVE_TARGET,C_CONTRAST,False,0.0,0.0,0.0,False,False,False,False
qwen3.8-27b,INC-A89422C045DE,REMOVE_TARGET,M_TEXT,False,0.0,0.0,0.0,False,False,False,False
qwen3.8-27b,INC-A89422C045DE,REMOVE_MATCHED_NONTARGET,C_CONTRAST,False,0.0,0.0,0.0,False,False,False,False
qwen3.8-27b,INC-A89422C045DE,REMOVE_MATCHED_NONTARGET,M_TEXT,False,0.0,0.0,0.0,False,True,False,False
qwen3.8-27b,INC-A89422C045DE,NO_GROUPING,C_CONTRAST,True,0.0,0.0,0.0,False,False,False,False
qwen3.8-27b,INC-A89422C045DE,NO_GROUPING,M_TEXT,False,0.0,0.0,0.0,False,False,False,False
qwen3.8-27b,INC-A89422C045DE,REDUNDANT_NOISE,C_CONTRAST,False,0.0,0.0,0.0,False,False,False,False
qwen3.8-27b,INC-A89422C045DE,REDUNDANT_NOISE,M_TEXT,False,0.0,0.0,0.0,False,False,False,False
qwen3.8-27b,INC-A89422C045DE,REANONYMIZE,C_CONTRAST,False,0.0,0.0,0.0,False,,False,False
qwen3.8-27b,INC-A89422C045DE,REANONYMIZE,M_TEXT,False,0.0,0.0,0.0,False,,False,False
qwen3.8-27b,INC-A89422C045DE,REPLICATE_1,C_CONTRAST,True,0.0,0.0,0.0,False,False,False,False
qwen3.8-27b,INC-A89422C045DE,REPLICATE_1,M_TEXT,True,0.0,0.0,0.0,False,False,False,False
qwen3.8-27b,INC-A89422C045DE,REPLICATE_2,C_CONTRAST,True,0.0,0.0,0.0,False,False,False,False
qwen3.8-27b,INC-A89422C045DE,REPLICATE_2,M_TEXT,True,0.0,0.0,0.0,False,False,False,False
qwen3.8-27b,INC-1D3579F09C93,NO_GROUPING,C_CONTRAST,True,0.0,0.0,0.0,False,False,False,False
qwen3.8-27b,INC-1D3579F09C93,NO_GROUPING,M_TEXT,False,0.0,0.0,0.0,False,False,False,False
qwen3.8-27b,INC-1D3579F09C93,REDUNDANT_NOISE,C_CONTRAST,False,0.0,0.0,0.0,False,False,False,False
qwen3.8-27b,INC-1D3579F09C93,REDUNDANT_NOISE,M_TEXT,False,0.0,0.0,0.0,False,False,False,False
qwen3.8-27b,INC-1D3579F09C93,REANONYMIZE,C_CONTRAST,False,0.0,0.0,0.0,False,,False,False
qwen3.8-27b,INC-1D3579F09C93,REANONYMIZE,M_TEXT,False,0.0,0.0,0.0,False,,False,False
qwen3.8-27b,INC-1D3579F09C93,REPLICATE_1,C_CONTRAST,True,0.0,0.0,0.0,False,False,False,False
qwen3.8-27b,INC-1D3579F09C93,REPLICATE_1,M_TEXT,True,0.0,0.0,0.0,False,False,False,False
qwen3.8-27b,INC-1D3579F09C93,REPLICATE_2,C_CONTRAST,True,0.0,0.0,0.0,False,False,False,False
qwen3.8-27b,INC-1D3579F09C93,REPLICATE_2,M_TEXT,True,0.0,0.0,0.0,False,False,False,False
qwen3.8-27b,INC-FD27B5B35F1F,REMOVE_TARGET,C_CONTRAST,False,0.5,0.5,0.0,False,False,False,False
qwen3.8-27b,INC-FD27B5B35F1F,REMOVE_TARGET,M_TEXT,False,0.5,0.5,0.0,False,False,False,False
qwen3.8-27b,INC-FD27B5B35F1F,REMOVE_MATCHED_NONTARGET,C_CONTRAST,False,0.5,0.5,0.0,False,False,False,False
qwen3.8-27b,INC-FD27B5B35F1F,REMOVE_MATCHED_NONTARGET,M_TEXT,False,0.5,0.5,0.0,False,False,False,False
qwen3.8-27b,INC-FD27B5B35F1F,NO_GROUPING,C_CONTRAST,True,0.5,0.5,0.0,False,False,False,False
qwen3.8-27b,INC-FD27B5B35F1F,NO_GROUPING,M_TEXT,False,0.5,0.5,0.0,False,False,False,False
qwen3.8-27b,INC-FD27B5B35F1F,REDUNDANT_NOISE,C_CONTRAST,False,0.5,0.5,0.0,False,False,False,False
qwen3.8-27b,INC-FD27B5B35F1F,REDUNDANT_NOISE,M_TEXT,False,0.0,0.5,-0.5,True,True,False,False
qwen3.8-27b,INC-FD27B5B35F1F,REANONYMIZE,C_CONTRAST,False,0.3333333333333333,0.5,-0.16666666666666669,True,,False,False
qwen3.8-27b,INC-FD27B5B35F1F,REANONYMIZE,M_TEXT,False,0.0,0.5,-0.5,True,,False,False
qwen3.8-27b,INC-FD27B5B35F1F,REPLICATE_1,C_CONTRAST,True,0.5,0.5,0.0,False,False,False,False
qwen3.8-27b,INC-FD27B5B35F1F,REPLICATE_1,M_TEXT,True,0.5,0.5,0.0,False,False,False,False
qwen3.8-27b,INC-FD27B5B35F1F,REPLICATE_2,C_CONTRAST,True,0.5,0.5,0.0,False,False,False,False
qwen3.8-27b,INC-FD27B5B35F1F,REPLICATE_2,M_TEXT,True,0.5,0.5,0.0,False,False,False,False
qwen3.8-27b,INC-C7962AC24637,REMOVE_TARGET,C_CONTRAST,False,0.0,0.0,0.0,False,False,False,False
qwen3.8-27b,INC-C7962AC24637,REMOVE_TARGET,M_TEXT,False,1.0,1.0,0.0,False,False,False,False
qwen3.8-27b,INC-C7962AC24637,REMOVE_MATCHED_NONTARGET,C_CONTRAST,False,0.0,0.0,0.0,False,False,False,False
qwen3.8-27b,INC-C7962AC24637,REMOVE_MATCHED_NONTARGET,M_TEXT,False,1.0,1.0,0.0,False,False,False,False
qwen3.8-27b,INC-C7962AC24637,NO_GROUPING,C_CONTRAST,True,0.0,0.0,0.0,False,False,False,False
qwen3.8-27b,INC-C7962AC24637,NO_GROUPING,M_TEXT,False,1.0,1.0,0.0,False,False,False,False
qwen3.8-27b,INC-C7962AC24637,REDUNDANT_NOISE,C_CONTRAST,False,0.5,0.0,0.5,True,False,False,False
qwen3.8-27b,INC-C7962AC24637,REDUNDANT_NOISE,M_TEXT,False,1.0,1.0,0.0,False,False,False,False
qwen3.8-27b,INC-C7962AC24637,REANONYMIZE,C_CONTRAST,False,1.0,0.0,1.0,True,,True,False
qwen3.8-27b,INC-C7962AC24637,REANONYMIZE,M_TEXT,False,1.0,1.0,0.0,False,,False,False
qwen3.8-27b,INC-C7962AC24637,REPLICATE_1,C_CONTRAST,True,0.0,0.0,0.0,False,False,False,False
qwen3.8-27b,INC-C7962AC24637,REPLICATE_1,M_TEXT,True,1.0,1.0,0.0,False,False,False,False
qwen3.8-27b,INC-C7962AC24637,REPLICATE_2,C_CONTRAST,True,0.0,0.0,0.0,False,False,False,False
qwen3.8-27b,INC-C7962AC24637,REPLICATE_2,M_TEXT,True,1.0,1.0,0.0,False,False,False,False
qwen3.8-27b,INC-37ABFB78A80E,REMOVE_TARGET,C_CONTRAST,False,0.5,0.3333333333333333,0.16666666666666669,True,False,False,False
qwen3.8-27b,INC-37ABFB78A80E,REMOVE_TARGET,M_TEXT,False,0.0,0.25,-0.25,True,False,False,False
qwen3.8-27b,INC-37ABFB78A80E,REMOVE_MATCHED_NONTARGET,C_CONTRAST,False,0.25,0.3333333333333333,-0.08333333333333331,True,True,False,False
qwen3.8-27b,INC-37ABFB78A80E,REMOVE_MATCHED_NONTARGET,M_TEXT,False,0.25,0.25,0.0,False,False,False,False
qwen3.8-27b,INC-37ABFB78A80E,NO_GROUPING,C_CONTRAST,True,0.3333333333333333,0.3333333333333333,0.0,False,False,False,False
qwen3.8-27b,INC-37ABFB78A80E,NO_GROUPING,M_TEXT,False,0.25,0.25,0.0,False,False,False,False
qwen3.8-27b,INC-37ABFB78A80E,REDUNDANT_NOISE,C_CONTRAST,False,0.0,0.3333333333333333,-0.3333333333333333,True,True,False,False
qwen3.8-27b,INC-37ABFB78A80E,REDUNDANT_NOISE,M_TEXT,False,0.25,0.25,0.0,False,False,False,False
qwen3.8-27b,INC-37ABFB78A80E,REANONYMIZE,C_CONTRAST,False,0.3333333333333333,0.3333333333333333,0.0,False,,False,False
qwen3.8-27b,INC-37ABFB78A80E,REANONYMIZE,M_TEXT,False,0.25,0.25,0.0,False,,False,False
qwen3.8-27b,INC-37ABFB78A80E,REPLICATE_1,C_CONTRAST,True,0.3333333333333333,0.3333333333333333,0.0,False,False,False,False
qwen3.8-27b,INC-37ABFB78A80E,REPLICATE_1,M_TEXT,True,0.25,0.25,0.0,False,False,False,False
qwen3.8-27b,INC-37ABFB78A80E,REPLICATE_2,C_CONTRAST,True,0.3333333333333333,0.3333333333333333,0.0,False,False,False,False
qwen3.8-27b,INC-37ABFB78A80E,REPLICATE_2,M_TEXT,True,0.25,0.25,0.0,False,False,False,False
qwen3.8-27b,INC-1FF1DA038ECD,REMOVE_TARGET,C_CONTRAST,False,0.0,0.2,-0.2,True,False,False,False
qwen3.8-27b,INC-1FF1DA038ECD,REMOVE_TARGET,M_TEXT,False,0.0,0.0,0.0,False,False,False,False
qwen3.8-27b,INC-1FF1DA038ECD,REMOVE_MATCHED_NONTARGET,C_CONTRAST,False,0.0,0.2,-0.2,True,False,False,False
qwen3.8-27b,INC-1FF1DA038ECD,REMOVE_MATCHED_NONTARGET,M_TEXT,False,0.0,0.0,0.0,False,False,False,False
qwen3.8-27b,INC-1FF1DA038ECD,NO_GROUPING,C_CONTRAST,True,0.2,0.2,0.0,False,False,False,False
qwen3.8-27b,INC-1FF1DA038ECD,NO_GROUPING,M_TEXT,False,0.0,0.0,0.0,False,False,False,False
qwen3.8-27b,INC-1FF1DA038ECD,REDUNDANT_NOISE,C_CONTRAST,False,0.0,0.2,-0.2,True,False,False,False
qwen3.8-27b,INC-1FF1DA038ECD,REDUNDANT_NOISE,M_TEXT,False,0.0,0.0,0.0,False,False,False,False
qwen3.8-27b,INC-1FF1DA038ECD,REANONYMIZE,C_CONTRAST,False,1.0,0.2,0.8,True,,True,False
qwen3.8-27b,INC-1FF1DA038ECD,REANONYMIZE,M_TEXT,False,0.0,0.0,0.0,False,,False,False
qwen3.8-27b,INC-1FF1DA038ECD,REPLICATE_1,C_CONTRAST,True,0.2,0.2,0.0,False,False,False,False
qwen3.8-27b,INC-1FF1DA038ECD,REPLICATE_1,M_TEXT,True,0.0,0.0,0.0,False,False,False,False
qwen3.8-27b,INC-1FF1DA038ECD,REPLICATE_2,C_CONTRAST,True,0.2,0.2,0.0,False,False,False,False
qwen3.8-27b,INC-1FF1DA038ECD,REPLICATE_2,M_TEXT,True,0.0,0.0,0.0,False,False,False,False
qwen3.8-27b,INC-385F3FDBBD1F,REMOVE_TARGET,C_CONTRAST,False,0.5,0.5,0.0,False,False,False,False
qwen3.8-27b,INC-385F3FDBBD1F,REMOVE_TARGET,M_TEXT,False,0.0,0.5,-0.5,True,False,False,False
qwen3.8-27b,INC-385F3FDBBD1F,REMOVE_MATCHED_NONTARGET,C_CONTRAST,False,0.5,0.5,0.0,False,False,False,False
qwen3.8-27b,INC-385F3FDBBD1F,REMOVE_MATCHED_NONTARGET,M_TEXT,False,0.5,0.5,0.0,False,False,False,False
qwen3.8-27b,INC-385F3FDBBD1F,NO_GROUPING,C_CONTRAST,True,0.5,0.5,0.0,False,False,False,False
qwen3.8-27b,INC-385F3FDBBD1F,NO_GROUPING,M_TEXT,False,0.5,0.5,0.0,False,False,False,False
qwen3.8-27b,INC-385F3FDBBD1F,REDUNDANT_NOISE,C_CONTRAST,False,0.5,0.5,0.0,False,False,False,False
qwen3.8-27b,INC-385F3FDBBD1F,REDUNDANT_NOISE,M_TEXT,False,0.5,0.5,0.0,False,False,False,False
qwen3.8-27b,INC-385F3FDBBD1F,REANONYMIZE,C_CONTRAST,False,0.0,0.5,-0.5,True,,False,False
qwen3.8-27b,INC-385F3FDBBD1F,REANONYMIZE,M_TEXT,False,1.0,0.5,0.5,True,,True,False
qwen3.8-27b,INC-385F3FDBBD1F,REPLICATE_1,C_CONTRAST,True,0.5,0.5,0.0,False,False,False,False
qwen3.8-27b,INC-385F3FDBBD1F,REPLICATE_1,M_TEXT,True,0.5,0.5,0.0,False,False,False,False
qwen3.8-27b,INC-385F3FDBBD1F,REPLICATE_2,C_CONTRAST,True,0.5,0.5,0.0,False,False,False,False
qwen3.8-27b,INC-385F3FDBBD1F,REPLICATE_2,M_TEXT,True,0.5,0.5,0.0,False,False,False,False
qwen3.8-27b,INC-018AC5D486B5,REMOVE_TARGET,C_CONTRAST,False,0.0,0.0,0.0,False,False,False,False
qwen3.8-27b,INC-018AC5D486B5,REMOVE_TARGET,M_TEXT,False,0.0,0.0,0.0,False,False,False,False
qwen3.8-27b,INC-018AC5D486B5,REMOVE_MATCHED_NONTARGET,C_CONTRAST,False,0.2,0.0,0.2,True,False,False,False
qwen3.8-27b,INC-018AC5D486B5,REMOVE_MATCHED_NONTARGET,M_TEXT,False,0.0,0.0,0.0,False,False,False,False
qwen3.8-27b,INC-018AC5D486B5,NO_GROUPING,C_CONTRAST,True,0.0,0.0,0.0,False,False,False,False
qwen3.8-27b,INC-018AC5D486B5,NO_GROUPING,M_TEXT,False,0.0,0.0,0.0,False,False,False,False
qwen3.8-27b,INC-018AC5D486B5,REDUNDANT_NOISE,C_CONTRAST,False,0.0,0.0,0.0,False,False,False,False
qwen3.8-27b,INC-018AC5D486B5,REDUNDANT_NOISE,M_TEXT,False,0.0,0.0,0.0,False,True,False,False
qwen3.8-27b,INC-018AC5D486B5,REANONYMIZE,C_CONTRAST,False,0.0,0.0,0.0,False,,False,False
qwen3.8-27b,INC-018AC5D486B5,REANONYMIZE,M_TEXT,False,0.0,0.0,0.0,False,,False,False
qwen3.8-27b,INC-018AC5D486B5,REPLICATE_1,C_CONTRAST,True,0.0,0.0,0.0,False,False,False,False
qwen3.8-27b,INC-018AC5D486B5,REPLICATE_1,M_TEXT,True,0.0,0.0,0.0,False,False,False,False
qwen3.8-27b,INC-018AC5D486B5,REPLICATE_2,C_CONTRAST,True,0.0,0.0,0.0,False,False,False,False
qwen3.8-27b,INC-018AC5D486B5,REPLICATE_2,M_TEXT,True,0.0,0.0,0.0,False,False,False,False
qwen3.8-27b,INC-50C26A55D214,REMOVE_TARGET,C_CONTRAST,False,1.0,1.0,0.0,False,False,False,False
qwen3.8-27b,INC-50C26A55D214,REMOVE_TARGET,M_TEXT,False,1.0,1.0,0.0,False,False,False,False
qwen3.8-27b,INC-50C26A55D214,REMOVE_MATCHED_NONTARGET,C_CONTRAST,False,1.0,1.0,0.0,False,False,False,False
qwen3.8-27b,INC-50C26A55D214,REMOVE_MATCHED_NONTARGET,M_TEXT,False,1.0,1.0,0.0,False,False,False,False
qwen3.8-27b,INC-50C26A55D214,NO_GROUPING,C_CONTRAST,True,1.0,1.0,0.0,False,False,False,False
qwen3.8-27b,INC-50C26A55D214,NO_GROUPING,M_TEXT,False,0.25,1.0,-0.75,True,True,False,True
qwen3.8-27b,INC-50C26A55D214,REDUNDANT_NOISE,C_CONTRAST,False,1.0,1.0,0.0,False,False,False,False
qwen3.8-27b,INC-50C26A55D214,REDUNDANT_NOISE,M_TEXT,False,1.0,1.0,0.0,False,False,False,False
qwen3.8-27b,INC-50C26A55D214,REANONYMIZE,C_CONTRAST,False,1.0,1.0,0.0,False,,False,False
qwen3.8-27b,INC-50C26A55D214,REANONYMIZE,M_TEXT,False,0.0,1.0,-1.0,True,,False,True
qwen3.8-27b,INC-50C26A55D214,REPLICATE_1,C_CONTRAST,True,1.0,1.0,0.0,False,False,False,False
qwen3.8-27b,INC-50C26A55D214,REPLICATE_1,M_TEXT,True,1.0,1.0,0.0,False,False,False,False
qwen3.8-27b,INC-50C26A55D214,REPLICATE_2,C_CONTRAST,True,1.0,1.0,0.0,False,False,False,False
qwen3.8-27b,INC-50C26A55D214,REPLICATE_2,M_TEXT,True,1.0,1.0,0.0,False,False,False,False
qwen3.8-27b,INC-3C072440A74A,REMOVE_TARGET,C_CONTRAST,False,0.0,0.0,0.0,False,False,False,False
qwen3.8-27b,INC-3C072440A74A,REMOVE_TARGET,M_TEXT,False,0.0,0.0,0.0,False,False,False,False
qwen3.8-27b,INC-3C072440A74A,REMOVE_MATCHED_NONTARGET,C_CONTRAST,False,0.0,0.0,0.0,False,False,False,False
qwen3.8-27b,INC-3C072440A74A,REMOVE_MATCHED_NONTARGET,M_TEXT,False,0.0,0.0,0.0,False,False,False,False
qwen3.8-27b,INC-3C072440A74A,NO_GROUPING,C_CONTRAST,True,0.2,0.0,0.2,True,False,False,False
qwen3.8-27b,INC-3C072440A74A,NO_GROUPING,M_TEXT,False,0.0,0.0,0.0,False,False,False,False
qwen3.8-27b,INC-3C072440A74A,REDUNDANT_NOISE,C_CONTRAST,False,0.0,0.0,0.0,False,False,False,False
qwen3.8-27b,INC-3C072440A74A,REDUNDANT_NOISE,M_TEXT,False,0.0,0.0,0.0,False,False,False,False
qwen3.8-27b,INC-3C072440A74A,REANONYMIZE,C_CONTRAST,False,0.25,0.0,0.25,True,,False,False
qwen3.8-27b,INC-3C072440A74A,REANONYMIZE,M_TEXT,False,0.0,0.0,0.0,False,,False,False
qwen3.8-27b,INC-3C072440A74A,REPLICATE_1,C_CONTRAST,True,0.2,0.0,0.2,True,False,False,False
qwen3.8-27b,INC-3C072440A74A,REPLICATE_1,M_TEXT,True,0.0,0.0,0.0,False,False,False,False
qwen3.8-27b,INC-3C072440A74A,REPLICATE_2,C_CONTRAST,True,0.2,0.0,0.2,True,False,False,False
qwen3.8-27b,INC-3C072440A74A,REPLICATE_2,M_TEXT,True,0.0,0.0,0.0,False,False,False,False
qwen3.8-27b,INC-C1795BBAEEF2,REMOVE_TARGET,C_CONTRAST,False,1.0,0.5,0.5,True,True,True,False
qwen3.8-27b,INC-C1795BBAEEF2,REMOVE_TARGET,M_TEXT,False,0.25,0.3333333333333333,-0.08333333333333331,True,False,False,False
qwen3.8-27b,INC-C1795BBAEEF2,REMOVE_MATCHED_NONTARGET,C_CONTRAST,False,0.5,0.5,0.0,False,False,False,False
qwen3.8-27b,INC-C1795BBAEEF2,REMOVE_MATCHED_NONTARGET,M_TEXT,False,0.5,0.3333333333333333,0.16666666666666669,True,False,False,False
qwen3.8-27b,INC-C1795BBAEEF2,NO_GROUPING,C_CONTRAST,True,0.5,0.5,0.0,False,False,False,False
qwen3.8-27b,INC-C1795BBAEEF2,NO_GROUPING,M_TEXT,False,0.5,0.3333333333333333,0.16666666666666669,True,False,False,False
qwen3.8-27b,INC-C1795BBAEEF2,REDUNDANT_NOISE,C_CONTRAST,False,0.5,0.5,0.0,False,False,False,False
qwen3.8-27b,INC-C1795BBAEEF2,REDUNDANT_NOISE,M_TEXT,False,0.5,0.3333333333333333,0.16666666666666669,True,False,False,False
qwen3.8-27b,INC-C1795BBAEEF2,REANONYMIZE,C_CONTRAST,False,0.5,0.5,0.0,False,,False,False
qwen3.8-27b,INC-C1795BBAEEF2,REANONYMIZE,M_TEXT,False,0.5,0.3333333333333333,0.16666666666666669,True,,False,False
qwen3.8-27b,INC-C1795BBAEEF2,REPLICATE_1,C_CONTRAST,True,0.5,0.5,0.0,False,False,False,False
qwen3.8-27b,INC-C1795BBAEEF2,REPLICATE_1,M_TEXT,True,0.5,0.3333333333333333,0.16666666666666669,True,False,False,False
qwen3.8-27b,INC-C1795BBAEEF2,REPLICATE_2,C_CONTRAST,True,0.5,0.5,0.0,False,False,False,False
qwen3.8-27b,INC-C1795BBAEEF2,REPLICATE_2,M_TEXT,True,0.3333333333333333,0.3333333333333333,0.0,False,False,False,False
qwen3.8-27b,INC-9AF32547D264,REMOVE_TARGET,C_CONTRAST,False,0.3333333333333333,0.3333333333333333,0.0,False,False,False,False
qwen3.8-27b,INC-9AF32547D264,REMOVE_TARGET,M_TEXT,False,0.0,0.25,-0.25,True,False,False,False
qwen3.8-27b,INC-9AF32547D264,REMOVE_MATCHED_NONTARGET,C_CONTRAST,False,0.3333333333333333,0.3333333333333333,0.0,False,False,False,False
qwen3.8-27b,INC-9AF32547D264,REMOVE_MATCHED_NONTARGET,M_TEXT,False,0.25,0.25,0.0,False,False,False,False
qwen3.8-27b,INC-9AF32547D264,NO_GROUPING,C_CONTRAST,True,0.3333333333333333,0.3333333333333333,0.0,False,False,False,False
qwen3.8-27b,INC-9AF32547D264,NO_GROUPING,M_TEXT,False,0.3333333333333333,0.25,0.08333333333333331,True,False,False,False
qwen3.8-27b,INC-9AF32547D264,REDUNDANT_NOISE,C_CONTRAST,False,0.5,0.3333333333333333,0.16666666666666669,True,False,False,False
qwen3.8-27b,INC-9AF32547D264,REDUNDANT_NOISE,M_TEXT,False,0.0,0.25,-0.25,True,False,False,False
qwen3.8-27b,INC-9AF32547D264,REANONYMIZE,C_CONTRAST,False,0.0,0.3333333333333333,-0.3333333333333333,True,,False,False
qwen3.8-27b,INC-9AF32547D264,REANONYMIZE,M_TEXT,False,0.0,0.25,-0.25,True,,False,False
qwen3.8-27b,INC-9AF32547D264,REPLICATE_1,C_CONTRAST,True,0.3333333333333333,0.3333333333333333,0.0,False,False,False,False
qwen3.8-27b,INC-9AF32547D264,REPLICATE_1,M_TEXT,True,0.25,0.25,0.0,False,False,False,False
qwen3.8-27b,INC-9AF32547D264,REPLICATE_2,C_CONTRAST,True,0.3333333333333333,0.3333333333333333,0.0,False,False,False,False
qwen3.8-27b,INC-9AF32547D264,REPLICATE_2,M_TEXT,True,0.25,0.25,0.0,False,False,False,False
qwen3.8-27b,INC-BD5F475DAC3C,REMOVE_TARGET,C_CONTRAST,False,0.5,0.0,0.5,True,False,False,False
qwen3.8-27b,INC-BD5F475DAC3C,REMOVE_TARGET,M_TEXT,False,0.0,0.0,0.0,False,False,False,False
qwen3.8-27b,INC-BD5F475DAC3C,REMOVE_MATCHED_NONTARGET,C_CONTRAST,False,0.0,0.0,0.0,False,False,False,False
qwen3.8-27b,INC-BD5F475DAC3C,REMOVE_MATCHED_NONTARGET,M_TEXT,False,0.25,0.0,0.25,True,False,False,False
qwen3.8-27b,INC-BD5F475DAC3C,NO_GROUPING,C_CONTRAST,True,0.0,0.0,0.0,False,False,False,False
qwen3.8-27b,INC-BD5F475DAC3C,NO_GROUPING,M_TEXT,False,0.0,0.0,0.0,False,False,False,False
qwen3.8-27b,INC-BD5F475DAC3C,REDUNDANT_NOISE,C_CONTRAST,False,0.5,0.0,0.5,True,False,False,False
qwen3.8-27b,INC-BD5F475DAC3C,REDUNDANT_NOISE,M_TEXT,False,0.0,0.0,0.0,False,False,False,False
qwen3.8-27b,INC-BD5F475DAC3C,REANONYMIZE,C_CONTRAST,False,0.0,0.0,0.0,False,,False,False
qwen3.8-27b,INC-BD5F475DAC3C,REANONYMIZE,M_TEXT,False,0.0,0.0,0.0,False,,False,False
qwen3.8-27b,INC-BD5F475DAC3C,REPLICATE_1,C_CONTRAST,True,0.0,0.0,0.0,False,False,False,False
qwen3.8-27b,INC-BD5F475DAC3C,REPLICATE_1,M_TEXT,True,0.0,0.0,0.0,False,False,False,False
qwen3.8-27b,INC-BD5F475DAC3C,REPLICATE_2,C_CONTRAST,True,0.0,0.0,0.0,False,False,False,False
qwen3.8-27b,INC-BD5F475DAC3C,REPLICATE_2,M_TEXT,True,0.0,0.0,0.0,False,False,False,False
qwen3.8-27b,INC-3842F45DAA9C,REMOVE_TARGET,C_CONTRAST,False,0.0,0.0,0.0,False,False,False,False
qwen3.8-27b,INC-3842F45DAA9C,REMOVE_TARGET,M_TEXT,False,0.0,0.3333333333333333,-0.3333333333333333,True,False,False,False
qwen3.8-27b,INC-3842F45DAA9C,REMOVE_MATCHED_NONTARGET,C_CONTRAST,False,0.3333333333333333,0.0,0.3333333333333333,True,False,False,False
qwen3.8-27b,INC-3842F45DAA9C,REMOVE_MATCHED_NONTARGET,M_TEXT,False,0.5,0.3333333333333333,0.16666666666666669,True,True,False,False
qwen3.8-27b,INC-3842F45DAA9C,NO_GROUPING,C_CONTRAST,True,0.0,0.0,0.0,False,False,False,False
qwen3.8-27b,INC-3842F45DAA9C,NO_GROUPING,M_TEXT,False,0.5,0.3333333333333333,0.16666666666666669,True,True,False,False
qwen3.8-27b,INC-3842F45DAA9C,REDUNDANT_NOISE,C_CONTRAST,False,0.0,0.0,0.0,False,False,False,False
qwen3.8-27b,INC-3842F45DAA9C,REDUNDANT_NOISE,M_TEXT,False,0.3333333333333333,0.3333333333333333,0.0,False,False,False,False
qwen3.8-27b,INC-3842F45DAA9C,REANONYMIZE,C_CONTRAST,False,0.25,0.0,0.25,True,,False,False
qwen3.8-27b,INC-3842F45DAA9C,REANONYMIZE,M_TEXT,False,1.0,0.3333333333333333,0.6666666666666667,True,,True,False
qwen3.8-27b,INC-3842F45DAA9C,REPLICATE_1,C_CONTRAST,True,0.0,0.0,0.0,False,False,False,False
qwen3.8-27b,INC-3842F45DAA9C,REPLICATE_1,M_TEXT,True,0.3333333333333333,0.3333333333333333,0.0,False,False,False,False
qwen3.8-27b,INC-3842F45DAA9C,REPLICATE_2,C_CONTRAST,True,0.0,0.0,0.0,False,False,False,False
qwen3.8-27b,INC-3842F45DAA9C,REPLICATE_2,M_TEXT,True,0.3333333333333333,0.3333333333333333,0.0,False,False,False,False
qwen3.8-27b,INC-65CE2F2F3440,REMOVE_TARGET,C_CONTRAST,False,1.0,1.0,0.0,False,False,False,False
qwen3.8-27b,INC-65CE2F2F3440,REMOVE_TARGET,M_TEXT,False,1.0,1.0,0.0,False,False,False,False
qwen3.8-27b,INC-65CE2F2F3440,REMOVE_MATCHED_NONTARGET,C_CONTRAST,False,1.0,1.0,0.0,False,False,False,False
qwen3.8-27b,INC-65CE2F2F3440,REMOVE_MATCHED_NONTARGET,M_TEXT,False,1.0,1.0,0.0,False,False,False,False
qwen3.8-27b,INC-65CE2F2F3440,NO_GROUPING,C_CONTRAST,True,1.0,1.0,0.0,False,False,False,False
qwen3.8-27b,INC-65CE2F2F3440,NO_GROUPING,M_TEXT,False,1.0,1.0,0.0,False,False,False,False
qwen3.8-27b,INC-65CE2F2F3440,REDUNDANT_NOISE,C_CONTRAST,False,1.0,1.0,0.0,False,False,False,False
qwen3.8-27b,INC-65CE2F2F3440,REDUNDANT_NOISE,M_TEXT,False,1.0,1.0,0.0,False,False,False,False
qwen3.8-27b,INC-65CE2F2F3440,REANONYMIZE,C_CONTRAST,False,0.0,1.0,-1.0,True,,False,True
qwen3.8-27b,INC-65CE2F2F3440,REANONYMIZE,M_TEXT,False,1.0,1.0,0.0,False,,False,False
qwen3.8-27b,INC-65CE2F2F3440,REPLICATE_1,C_CONTRAST,True,1.0,1.0,0.0,False,False,False,False
qwen3.8-27b,INC-65CE2F2F3440,REPLICATE_1,M_TEXT,True,1.0,1.0,0.0,False,False,False,False
qwen3.8-27b,INC-65CE2F2F3440,REPLICATE_2,C_CONTRAST,True,1.0,1.0,0.0,False,False,False,False
qwen3.8-27b,INC-65CE2F2F3440,REPLICATE_2,M_TEXT,True,1.0,1.0,0.0,False,False,False,False
qwen3.8-27b,INC-7D95F2013B97,NO_GROUPING,C_CONTRAST,True,0.0,0.0,0.0,False,False,False,False
qwen3.8-27b,INC-7D95F2013B97,NO_GROUPING,M_TEXT,False,0.0,0.0,0.0,False,False,False,False
qwen3.8-27b,INC-7D95F2013B97,REDUNDANT_NOISE,C_CONTRAST,False,0.0,0.0,0.0,False,False,False,False
qwen3.8-27b,INC-7D95F2013B97,REDUNDANT_NOISE,M_TEXT,False,0.0,0.0,0.0,False,False,False,False
qwen3.8-27b,INC-7D95F2013B97,REANONYMIZE,C_CONTRAST,False,0.0,0.0,0.0,False,,False,False
qwen3.8-27b,INC-7D95F2013B97,REANONYMIZE,M_TEXT,False,0.0,0.0,0.0,False,,False,False
qwen3.8-27b,INC-7D95F2013B97,REPLICATE_1,C_CONTRAST,True,0.0,0.0,0.0,False,False,False,False
qwen3.8-27b,INC-7D95F2013B97,REPLICATE_1,M_TEXT,True,0.0,0.0,0.0,False,False,False,False
qwen3.8-27b,INC-7D95F2013B97,REPLICATE_2,C_CONTRAST,True,0.0,0.0,0.0,False,False,False,False
qwen3.8-27b,INC-7D95F2013B97,REPLICATE_2,M_TEXT,True,0.0,0.0,0.0,False,False,False,False
qwen3.8-27b,INC-93C032432E23,REMOVE_TARGET,C_CONTRAST,False,0.0,1.0,-1.0,True,True,False,True
qwen3.8-27b,INC-93C032432E23,REMOVE_TARGET,M_TEXT,False,0.0,1.0,-1.0,True,True,False,True
qwen3.8-27b,INC-93C032432E23,REMOVE_MATCHED_NONTARGET,C_CONTRAST,False,1.0,1.0,0.0,False,False,False,False
qwen3.8-27b,INC-93C032432E23,REMOVE_MATCHED_NONTARGET,M_TEXT,False,1.0,1.0,0.0,False,False,False,False
qwen3.8-27b,INC-93C032432E23,NO_GROUPING,C_CONTRAST,True,1.0,1.0,0.0,False,False,False,False
qwen3.8-27b,INC-93C032432E23,NO_GROUPING,M_TEXT,False,1.0,1.0,0.0,False,False,False,False
qwen3.8-27b,INC-93C032432E23,REDUNDANT_NOISE,C_CONTRAST,False,0.0,1.0,-1.0,True,True,False,True
qwen3.8-27b,INC-93C032432E23,REDUNDANT_NOISE,M_TEXT,False,1.0,1.0,0.0,False,False,False,False
qwen3.8-27b,INC-93C032432E23,REANONYMIZE,C_CONTRAST,False,0.0,1.0,-1.0,True,,False,True
qwen3.8-27b,INC-93C032432E23,REANONYMIZE,M_TEXT,False,1.0,1.0,0.0,False,,False,False
qwen3.8-27b,INC-93C032432E23,REPLICATE_1,C_CONTRAST,True,1.0,1.0,0.0,False,False,False,False
qwen3.8-27b,INC-93C032432E23,REPLICATE_1,M_TEXT,True,1.0,1.0,0.0,False,False,False,False
qwen3.8-27b,INC-93C032432E23,REPLICATE_2,C_CONTRAST,True,1.0,1.0,0.0,False,False,False,False
qwen3.8-27b,INC-93C032432E23,REPLICATE_2,M_TEXT,True,1.0,1.0,0.0,False,False,False,False
qwen3.8-27b,INC-6EF79652EA22,NO_GROUPING,C_CONTRAST,True,0.0,0.0,0.0,False,False,False,False
qwen3.8-27b,INC-6EF79652EA22,NO_GROUPING,M_TEXT,False,0.0,0.0,0.0,False,True,False,False
qwen3.8-27b,INC-6EF79652EA22,REDUNDANT_NOISE,C_CONTRAST,False,0.0,0.0,0.0,False,False,False,False
qwen3.8-27b,INC-6EF79652EA22,REDUNDANT_NOISE,M_TEXT,False,0.0,0.0,0.0,False,True,False,False
qwen3.8-27b,INC-6EF79652EA22,REANONYMIZE,C_CONTRAST,False,0.0,0.0,0.0,False,,False,False
qwen3.8-27b,INC-6EF79652EA22,REANONYMIZE,M_TEXT,False,0.0,0.0,0.0,False,,False,False
qwen3.8-27b,INC-6EF79652EA22,REPLICATE_1,C_CONTRAST,True,0.0,0.0,0.0,False,False,False,False
qwen3.8-27b,INC-6EF79652EA22,REPLICATE_1,M_TEXT,True,0.0,0.0,0.0,False,False,False,False
qwen3.8-27b,INC-6EF79652EA22,REPLICATE_2,C_CONTRAST,True,0.0,0.0,0.0,False,False,False,False
qwen3.8-27b,INC-6EF79652EA22,REPLICATE_2,M_TEXT,True,0.0,0.0,0.0,False,False,False,False
qwen3.8-27b,INC-B63F1516296F,NO_GROUPING,C_CONTRAST,True,0.0,0.0,0.0,False,False,False,False
qwen3.8-27b,INC-B63F1516296F,NO_GROUPING,M_TEXT,False,0.0,0.0,0.0,False,False,False,False
qwen3.8-27b,INC-B63F1516296F,REDUNDANT_NOISE,C_CONTRAST,False,0.0,0.0,0.0,False,False,False,False
qwen3.8-27b,INC-B63F1516296F,REDUNDANT_NOISE,M_TEXT,False,0.0,0.0,0.0,False,False,False,False
qwen3.8-27b,INC-B63F1516296F,REANONYMIZE,M_TEXT,False,0.0,0.0,0.0,False,,False,False
qwen3.8-27b,INC-B63F1516296F,REPLICATE_1,C_CONTRAST,True,0.0,0.0,0.0,False,False,False,False
qwen3.8-27b,INC-B63F1516296F,REPLICATE_1,M_TEXT,True,0.0,0.0,0.0,False,False,False,False
qwen3.8-27b,INC-B63F1516296F,REPLICATE_2,C_CONTRAST,True,0.0,0.0,0.0,False,False,False,False
qwen3.8-27b,INC-B63F1516296F,REPLICATE_2,M_TEXT,True,0.0,0.0,0.0,False,False,False,False
qwen3.8-27b,INC-D195A4C0D9B6,REMOVE_TARGET,C_CONTRAST,False,0.0,0.0,0.0,False,False,False,False
qwen3.8-27b,INC-D195A4C0D9B6,REMOVE_TARGET,M_TEXT,False,0.0,0.0,0.0,False,False,False,False
qwen3.8-27b,INC-D195A4C0D9B6,REMOVE_MATCHED_NONTARGET,C_CONTRAST,False,0.0,0.0,0.0,False,False,False,False
qwen3.8-27b,INC-D195A4C0D9B6,REMOVE_MATCHED_NONTARGET,M_TEXT,False,0.0,0.0,0.0,False,False,False,False
qwen3.8-27b,INC-D195A4C0D9B6,NO_GROUPING,C_CONTRAST,True,0.0,0.0,0.0,False,False,False,False
qwen3.8-27b,INC-D195A4C0D9B6,NO_GROUPING,M_TEXT,False,0.0,0.0,0.0,False,False,False,False
qwen3.8-27b,INC-D195A4C0D9B6,REDUNDANT_NOISE,C_CONTRAST,False,0.0,0.0,0.0,False,False,False,False
qwen3.8-27b,INC-D195A4C0D9B6,REDUNDANT_NOISE,M_TEXT,False,1.0,0.0,1.0,True,True,True,False
qwen3.8-27b,INC-D195A4C0D9B6,REANONYMIZE,C_CONTRAST,False,0.5,0.0,0.5,True,,False,False
qwen3.8-27b,INC-D195A4C0D9B6,REANONYMIZE,M_TEXT,False,0.5,0.0,0.5,True,,False,False
qwen3.8-27b,INC-D195A4C0D9B6,REPLICATE_1,C_CONTRAST,True,0.0,0.0,0.0,False,False,False,False
qwen3.8-27b,INC-D195A4C0D9B6,REPLICATE_1,M_TEXT,True,0.0,0.0,0.0,False,False,False,False
qwen3.8-27b,INC-D195A4C0D9B6,REPLICATE_2,C_CONTRAST,True,0.0,0.0,0.0,False,False,False,False
qwen3.8-27b,INC-D195A4C0D9B6,REPLICATE_2,M_TEXT,True,0.0,0.0,0.0,False,False,False,False
qwen3.8-27b,INC-CCE2A7ACCA59,REMOVE_TARGET,C_CONTRAST,False,0.0,0.0,0.0,False,False,False,False
qwen3.8-27b,INC-CCE2A7ACCA59,REMOVE_TARGET,M_TEXT,False,0.0,0.0,0.0,False,False,False,False
qwen3.8-27b,INC-CCE2A7ACCA59,REMOVE_MATCHED_NONTARGET,C_CONTRAST,False,0.0,0.0,0.0,False,False,False,False
qwen3.8-27b,INC-CCE2A7ACCA59,REMOVE_MATCHED_NONTARGET,M_TEXT,False,0.0,0.0,0.0,False,False,False,False
qwen3.8-27b,INC-CCE2A7ACCA59,NO_GROUPING,C_CONTRAST,True,0.0,0.0,0.0,False,False,False,False
qwen3.8-27b,INC-CCE2A7ACCA59,NO_GROUPING,M_TEXT,False,0.0,0.0,0.0,False,False,False,False
qwen3.8-27b,INC-CCE2A7ACCA59,REDUNDANT_NOISE,C_CONTRAST,False,0.0,0.0,0.0,False,False,False,False
qwen3.8-27b,INC-CCE2A7ACCA59,REDUNDANT_NOISE,M_TEXT,False,0.0,0.0,0.0,False,False,False,False
qwen3.8-27b,INC-CCE2A7ACCA59,REANONYMIZE,C_CONTRAST,False,0.0,0.0,0.0,False,,False,False
qwen3.8-27b,INC-CCE2A7ACCA59,REANONYMIZE,M_TEXT,False,0.0,0.0,0.0,False,,False,False
qwen3.8-27b,INC-CCE2A7ACCA59,REPLICATE_1,C_CONTRAST,True,0.0,0.0,0.0,False,False,False,False
qwen3.8-27b,INC-CCE2A7ACCA59,REPLICATE_1,M_TEXT,True,0.0,0.0,0.0,False,False,False,False
qwen3.8-27b,INC-CCE2A7ACCA59,REPLICATE_2,C_CONTRAST,True,0.0,0.0,0.0,False,False,False,False
qwen3.8-27b,INC-CCE2A7ACCA59,REPLICATE_2,M_TEXT,True,0.0,0.0,0.0,False,False,False,False
qwen3.8-27b,INC-BA41A280E858,REMOVE_TARGET,C_CONTRAST,False,0.0,0.0,0.0,False,False,False,False
qwen3.8-27b,INC-BA41A280E858,REMOVE_TARGET,M_TEXT,False,0.2,0.2,0.0,False,False,False,False
qwen3.8-27b,INC-BA41A280E858,REMOVE_MATCHED_NONTARGET,C_CONTRAST,False,0.0,0.0,0.0,False,False,False,False
qwen3.8-27b,INC-BA41A280E858,REMOVE_MATCHED_NONTARGET,M_TEXT,False,0.2,0.2,0.0,False,False,False,False
qwen3.8-27b,INC-BA41A280E858,NO_GROUPING,C_CONTRAST,True,0.0,0.0,0.0,False,False,False,False
qwen3.8-27b,INC-BA41A280E858,NO_GROUPING,M_TEXT,False,0.0,0.2,-0.2,True,False,False,False
qwen3.8-27b,INC-BA41A280E858,REDUNDANT_NOISE,C_CONTRAST,False,0.0,0.0,0.0,False,False,False,False
qwen3.8-27b,INC-BA41A280E858,REDUNDANT_NOISE,M_TEXT,False,0.0,0.2,-0.2,True,False,False,False
qwen3.8-27b,INC-BA41A280E858,REANONYMIZE,C_CONTRAST,False,0.0,0.0,0.0,False,,False,False
qwen3.8-27b,INC-BA41A280E858,REANONYMIZE,M_TEXT,False,1.0,0.2,0.8,True,,True,False
qwen3.8-27b,INC-BA41A280E858,REPLICATE_1,C_CONTRAST,True,0.0,0.0,0.0,False,False,False,False
qwen3.8-27b,INC-BA41A280E858,REPLICATE_1,M_TEXT,True,0.2,0.2,0.0,False,False,False,False
qwen3.8-27b,INC-BA41A280E858,REPLICATE_2,C_CONTRAST,True,0.0,0.0,0.0,False,False,False,False
qwen3.8-27b,INC-BA41A280E858,REPLICATE_2,M_TEXT,True,0.2,0.2,0.0,False,False,False,False
qwen3.8-27b,INC-873FE163DCDF,NO_GROUPING,C_CONTRAST,True,0.0,0.0,0.0,False,False,False,False
qwen3.8-27b,INC-873FE163DCDF,NO_GROUPING,M_TEXT,False,0.0,0.0,0.0,False,False,False,False
qwen3.8-27b,INC-873FE163DCDF,REDUNDANT_NOISE,C_CONTRAST,False,0.0,0.0,0.0,False,False,False,False
qwen3.8-27b,INC-873FE163DCDF,REDUNDANT_NOISE,M_TEXT,False,0.0,0.0,0.0,False,False,False,False
qwen3.8-27b,INC-873FE163DCDF,REANONYMIZE,C_CONTRAST,False,0.5,0.0,0.5,True,,False,False
qwen3.8-27b,INC-873FE163DCDF,REANONYMIZE,M_TEXT,False,0.5,0.0,0.5,True,,False,False
qwen3.8-27b,INC-873FE163DCDF,REPLICATE_1,C_CONTRAST,True,0.0,0.0,0.0,False,False,False,False
qwen3.8-27b,INC-873FE163DCDF,REPLICATE_1,M_TEXT,True,0.0,0.0,0.0,False,False,False,False
qwen3.8-27b,INC-873FE163DCDF,REPLICATE_2,C_CONTRAST,True,0.0,0.0,0.0,False,False,False,False
qwen3.8-27b,INC-873FE163DCDF,REPLICATE_2,M_TEXT,True,0.0,0.0,0.0,False,False,False,False
qwen3.8-27b,INC-84FD34A01D53,NO_GROUPING,C_CONTRAST,True,0.5,0.5,0.0,False,False,False,False
qwen3.8-27b,INC-84FD34A01D53,NO_GROUPING,M_TEXT,False,0.5,0.5,0.0,False,False,False,False
qwen3.8-27b,INC-84FD34A01D53,REDUNDANT_NOISE,C_CONTRAST,False,1.0,0.5,0.5,True,True,True,False
qwen3.8-27b,INC-84FD34A01D53,REDUNDANT_NOISE,M_TEXT,False,0.5,0.5,0.0,False,False,False,False
qwen3.8-27b,INC-84FD34A01D53,REANONYMIZE,C_CONTRAST,False,0.5,0.5,0.0,False,,False,False
qwen3.8-27b,INC-84FD34A01D53,REANONYMIZE,M_TEXT,False,0.5,0.5,0.0,False,,False,False
qwen3.8-27b,INC-84FD34A01D53,REPLICATE_1,C_CONTRAST,True,0.5,0.5,0.0,False,False,False,False
qwen3.8-27b,INC-84FD34A01D53,REPLICATE_1,M_TEXT,True,0.5,0.5,0.0,False,False,False,False
qwen3.8-27b,INC-84FD34A01D53,REPLICATE_2,C_CONTRAST,True,0.5,0.5,0.0,False,False,False,False
qwen3.8-27b,INC-84FD34A01D53,REPLICATE_2,M_TEXT,True,0.5,0.5,0.0,False,False,False,False
qwen3.8-27b,INC-11AFCDDD7B6E,NO_GROUPING,C_CONTRAST,True,0.0,0.0,0.0,False,False,False,False
qwen3.8-27b,INC-11AFCDDD7B6E,NO_GROUPING,M_TEXT,False,0.0,0.0,0.0,False,True,False,False
qwen3.8-27b,INC-11AFCDDD7B6E,REDUNDANT_NOISE,C_CONTRAST,False,0.0,0.0,0.0,False,False,False,False
qwen3.8-27b,INC-11AFCDDD7B6E,REDUNDANT_NOISE,M_TEXT,False,0.0,0.0,0.0,False,False,False,False
qwen3.8-27b,INC-11AFCDDD7B6E,REANONYMIZE,C_CONTRAST,False,0.0,0.0,0.0,False,,False,False
qwen3.8-27b,INC-11AFCDDD7B6E,REANONYMIZE,M_TEXT,False,0.0,0.0,0.0,False,,False,False
qwen3.8-27b,INC-11AFCDDD7B6E,REPLICATE_1,C_CONTRAST,True,0.0,0.0,0.0,False,False,False,False
qwen3.8-27b,INC-11AFCDDD7B6E,REPLICATE_1,M_TEXT,True,0.0,0.0,0.0,False,False,False,False
qwen3.8-27b,INC-11AFCDDD7B6E,REPLICATE_2,C_CONTRAST,True,0.0,0.0,0.0,False,False,False,False
qwen3.8-27b,INC-11AFCDDD7B6E,REPLICATE_2,M_TEXT,True,0.0,0.0,0.0,False,False,False,False
qwen3.8-27b,INC-CDC8083CEEE3,NO_GROUPING,C_CONTRAST,True,0.5,0.5,0.0,False,False,False,False
qwen3.8-27b,INC-CDC8083CEEE3,NO_GROUPING,M_TEXT,False,0.0,0.0,0.0,False,False,False,False
qwen3.8-27b,INC-CDC8083CEEE3,REDUNDANT_NOISE,C_CONTRAST,False,0.5,0.5,0.0,False,False,False,False
qwen3.8-27b,INC-CDC8083CEEE3,REDUNDANT_NOISE,M_TEXT,False,0.25,0.0,0.25,True,False,False,False
qwen3.8-27b,INC-CDC8083CEEE3,REANONYMIZE,C_CONTRAST,False,0.25,0.5,-0.25,True,,False,False
qwen3.8-27b,INC-CDC8083CEEE3,REANONYMIZE,M_TEXT,False,0.0,0.0,0.0,False,,False,False
qwen3.8-27b,INC-CDC8083CEEE3,REPLICATE_1,C_CONTRAST,True,0.5,0.5,0.0,False,False,False,False
qwen3.8-27b,INC-CDC8083CEEE3,REPLICATE_1,M_TEXT,True,0.0,0.0,0.0,False,False,False,False
qwen3.8-27b,INC-CDC8083CEEE3,REPLICATE_2,C_CONTRAST,True,0.5,0.5,0.0,False,False,False,False
qwen3.8-27b,INC-CDC8083CEEE3,REPLICATE_2,M_TEXT,True,0.0,0.0,0.0,False,False,False,False
qwen3.8-27b,INC-B861B23C1EB4,NO_GROUPING,C_CONTRAST,True,0.0,0.0,0.0,False,False,False,False
qwen3.8-27b,INC-B861B23C1EB4,NO_GROUPING,M_TEXT,False,0.0,0.0,0.0,False,True,False,False
qwen3.8-27b,INC-B861B23C1EB4,REDUNDANT_NOISE,C_CONTRAST,False,0.0,0.0,0.0,False,False,False,False
qwen3.8-27b,INC-B861B23C1EB4,REDUNDANT_NOISE,M_TEXT,False,0.0,0.0,0.0,False,False,False,False
qwen3.8-27b,INC-B861B23C1EB4,REANONYMIZE,C_CONTRAST,False,0.0,0.0,0.0,False,,False,False
qwen3.8-27b,INC-B861B23C1EB4,REANONYMIZE,M_TEXT,False,0.0,0.0,0.0,False,,False,False
qwen3.8-27b,INC-B861B23C1EB4,REPLICATE_1,C_CONTRAST,True,0.0,0.0,0.0,False,False,False,False
qwen3.8-27b,INC-B861B23C1EB4,REPLICATE_1,M_TEXT,True,0.0,0.0,0.0,False,False,False,False
qwen3.8-27b,INC-B861B23C1EB4,REPLICATE_2,C_CONTRAST,True,0.0,0.0,0.0,False,False,False,False
qwen3.8-27b,INC-B861B23C1EB4,REPLICATE_2,M_TEXT,True,0.0,0.0,0.0,False,False,False,False
qwen3.8-27b,INC-9293D99C285C,NO_GROUPING,C_CONTRAST,True,0.0,0.0,0.0,False,False,False,False
qwen3.8-27b,INC-9293D99C285C,NO_GROUPING,M_TEXT,False,1.0,0.25,0.75,True,True,True,False
qwen3.8-27b,INC-9293D99C285C,REDUNDANT_NOISE,C_CONTRAST,False,0.25,0.0,0.25,True,False,False,False
qwen3.8-27b,INC-9293D99C285C,REDUNDANT_NOISE,M_TEXT,False,1.0,0.25,0.75,True,True,True,False
qwen3.8-27b,INC-9293D99C285C,REANONYMIZE,C_CONTRAST,False,0.0,0.0,0.0,False,,False,False
qwen3.8-27b,INC-9293D99C285C,REANONYMIZE,M_TEXT,False,0.0,0.25,-0.25,True,,False,False
qwen3.8-27b,INC-9293D99C285C,REPLICATE_1,C_CONTRAST,True,0.0,0.0,0.0,False,False,False,False
qwen3.8-27b,INC-9293D99C285C,REPLICATE_1,M_TEXT,True,0.0,0.25,-0.25,True,False,False,False
qwen3.8-27b,INC-9293D99C285C,REPLICATE_2,C_CONTRAST,True,0.0,0.0,0.0,False,False,False,False
qwen3.8-27b,INC-9293D99C285C,REPLICATE_2,M_TEXT,True,0.25,0.25,0.0,False,False,False,False
qwen3.8-27b,INC-358CBE8D4527,NO_GROUPING,C_CONTRAST,True,0.0,0.0,0.0,False,False,False,False
qwen3.8-27b,INC-358CBE8D4527,NO_GROUPING,M_TEXT,False,0.0,0.0,0.0,False,False,False,False
qwen3.8-27b,INC-358CBE8D4527,REDUNDANT_NOISE,C_CONTRAST,False,0.0,0.0,0.0,False,False,False,False
qwen3.8-27b,INC-358CBE8D4527,REDUNDANT_NOISE,M_TEXT,False,0.0,0.0,0.0,False,False,False,False
qwen3.8-27b,INC-358CBE8D4527,REANONYMIZE,C_CONTRAST,False,0.0,0.0,0.0,False,,False,False
qwen3.8-27b,INC-358CBE8D4527,REANONYMIZE,M_TEXT,False,0.0,0.0,0.0,False,,False,False
qwen3.8-27b,INC-358CBE8D4527,REPLICATE_1,C_CONTRAST,True,0.0,0.0,0.0,False,False,False,False
qwen3.8-27b,INC-358CBE8D4527,REPLICATE_1,M_TEXT,True,0.0,0.0,0.0,False,False,False,False
qwen3.8-27b,INC-358CBE8D4527,REPLICATE_2,C_CONTRAST,True,0.0,0.0,0.0,False,False,False,False
qwen3.8-27b,INC-358CBE8D4527,REPLICATE_2,M_TEXT,True,0.0,0.0,0.0,False,False,False,False
qwen3.8-27b,INC-4D6E62700175,REMOVE_TARGET,C_CONTRAST,False,0.0,0.0,0.0,False,False,False,False
qwen3.8-27b,INC-4D6E62700175,REMOVE_TARGET,M_TEXT,False,0.0,0.0,0.0,False,True,False,False
qwen3.8-27b,INC-4D6E62700175,REMOVE_MATCHED_NONTARGET,C_CONTRAST,False,0.0,0.0,0.0,False,False,False,False
qwen3.8-27b,INC-4D6E62700175,REMOVE_MATCHED_NONTARGET,M_TEXT,False,0.0,0.0,0.0,False,False,False,False
qwen3.8-27b,INC-4D6E62700175,NO_GROUPING,C_CONTRAST,True,0.0,0.0,0.0,False,False,False,False
qwen3.8-27b,INC-4D6E62700175,NO_GROUPING,M_TEXT,False,0.0,0.0,0.0,False,False,False,False
qwen3.8-27b,INC-4D6E62700175,REDUNDANT_NOISE,C_CONTRAST,False,0.0,0.0,0.0,False,False,False,False
qwen3.8-27b,INC-4D6E62700175,REDUNDANT_NOISE,M_TEXT,False,0.0,0.0,0.0,False,False,False,False
qwen3.8-27b,INC-4D6E62700175,REANONYMIZE,C_CONTRAST,False,0.0,0.0,0.0,False,,False,False
qwen3.8-27b,INC-4D6E62700175,REANONYMIZE,M_TEXT,False,0.0,0.0,0.0,False,,False,False
qwen3.8-27b,INC-4D6E62700175,REPLICATE_1,C_CONTRAST,True,0.0,0.0,0.0,False,False,False,False
qwen3.8-27b,INC-4D6E62700175,REPLICATE_1,M_TEXT,True,0.0,0.0,0.0,False,False,False,False
qwen3.8-27b,INC-4D6E62700175,REPLICATE_2,C_CONTRAST,True,0.0,0.0,0.0,False,False,False,False
qwen3.8-27b,INC-4D6E62700175,REPLICATE_2,M_TEXT,True,0.0,0.0,0.0,False,False,False,False
qwen3.8-27b,INC-56A429CF3650,NO_GROUPING,C_CONTRAST,True,0.0,0.0,0.0,False,False,False,False
qwen3.8-27b,INC-56A429CF3650,NO_GROUPING,M_TEXT,False,0.0,0.0,0.0,False,True,False,False
qwen3.8-27b,INC-56A429CF3650,REDUNDANT_NOISE,C_CONTRAST,False,0.0,0.0,0.0,False,False,False,False
qwen3.8-27b,INC-56A429CF3650,REDUNDANT_NOISE,M_TEXT,False,0.0,0.0,0.0,False,False,False,False
qwen3.8-27b,INC-56A429CF3650,REANONYMIZE,C_CONTRAST,False,0.25,0.0,0.25,True,,False,False
qwen3.8-27b,INC-56A429CF3650,REANONYMIZE,M_TEXT,False,0.0,0.0,0.0,False,,False,False
qwen3.8-27b,INC-56A429CF3650,REPLICATE_1,C_CONTRAST,True,0.0,0.0,0.0,False,False,False,False
qwen3.8-27b,INC-56A429CF3650,REPLICATE_1,M_TEXT,True,0.0,0.0,0.0,False,False,False,False
qwen3.8-27b,INC-56A429CF3650,REPLICATE_2,C_CONTRAST,True,0.0,0.0,0.0,False,False,False,False
qwen3.8-27b,INC-56A429CF3650,REPLICATE_2,M_TEXT,True,0.0,0.0,0.0,False,False,False,False
qwen3.8-27b,INC-91DCB951C96E,NO_GROUPING,C_CONTRAST,True,0.0,0.0,0.0,False,False,False,False
qwen3.8-27b,INC-91DCB951C96E,NO_GROUPING,M_TEXT,False,0.0,0.0,0.0,False,False,False,False
qwen3.8-27b,INC-91DCB951C96E,REDUNDANT_NOISE,C_CONTRAST,False,0.0,0.0,0.0,False,False,False,False
qwen3.8-27b,INC-91DCB951C96E,REDUNDANT_NOISE,M_TEXT,False,0.0,0.0,0.0,False,False,False,False
qwen3.8-27b,INC-91DCB951C96E,REANONYMIZE,C_CONTRAST,False,0.0,0.0,0.0,False,,False,False
qwen3.8-27b,INC-91DCB951C96E,REANONYMIZE,M_TEXT,False,0.0,0.0,0.0,False,,False,False
qwen3.8-27b,INC-91DCB951C96E,REPLICATE_1,C_CONTRAST,True,0.0,0.0,0.0,False,False,False,False
qwen3.8-27b,INC-91DCB951C96E,REPLICATE_1,M_TEXT,True,0.0,0.0,0.0,False,False,False,False
qwen3.8-27b,INC-91DCB951C96E,REPLICATE_2,C_CONTRAST,True,0.0,0.0,0.0,False,False,False,False
qwen3.8-27b,INC-91DCB951C96E,REPLICATE_2,M_TEXT,True,0.0,0.0,0.0,False,False,False,False
qwen3.8-27b,INC-B646C4677B96,NO_GROUPING,C_CONTRAST,True,1.0,1.0,0.0,False,False,False,False
qwen3.8-27b,INC-B646C4677B96,NO_GROUPING,M_TEXT,False,1.0,1.0,0.0,False,False,False,False
qwen3.8-27b,INC-B646C4677B96,REDUNDANT_NOISE,C_CONTRAST,False,1.0,1.0,0.0,False,False,False,False
qwen3.8-27b,INC-B646C4677B96,REDUNDANT_NOISE,M_TEXT,False,1.0,1.0,0.0,False,False,False,False
qwen3.8-27b,INC-B646C4677B96,REANONYMIZE,C_CONTRAST,False,0.5,1.0,-0.5,True,,False,True
qwen3.8-27b,INC-B646C4677B96,REANONYMIZE,M_TEXT,False,1.0,1.0,0.0,False,,False,False
qwen3.8-27b,INC-B646C4677B96,REPLICATE_1,C_CONTRAST,True,1.0,1.0,0.0,False,False,False,False
qwen3.8-27b,INC-B646C4677B96,REPLICATE_1,M_TEXT,True,1.0,1.0,0.0,False,False,False,False
qwen3.8-27b,INC-B646C4677B96,REPLICATE_2,C_CONTRAST,True,1.0,1.0,0.0,False,False,False,False
qwen3.8-27b,INC-B646C4677B96,REPLICATE_2,M_TEXT,True,1.0,1.0,0.0,False,False,False,False
qwen3.8-27b,INC-90722DCD5A51,NO_GROUPING,C_CONTRAST,True,0.0,0.0,0.0,False,False,False,False
qwen3.8-27b,INC-90722DCD5A51,NO_GROUPING,M_TEXT,False,0.0,0.0,0.0,False,False,False,False
qwen3.8-27b,INC-90722DCD5A51,REDUNDANT_NOISE,C_CONTRAST,False,0.0,0.0,0.0,False,True,False,False
qwen3.8-27b,INC-90722DCD5A51,REDUNDANT_NOISE,M_TEXT,False,0.0,0.0,0.0,False,True,False,False
qwen3.8-27b,INC-90722DCD5A51,REANONYMIZE,C_CONTRAST,False,0.0,0.0,0.0,False,,False,False
qwen3.8-27b,INC-90722DCD5A51,REANONYMIZE,M_TEXT,False,0.0,0.0,0.0,False,,False,False
qwen3.8-27b,INC-90722DCD5A51,REPLICATE_1,C_CONTRAST,True,0.0,0.0,0.0,False,False,False,False
qwen3.8-27b,INC-90722DCD5A51,REPLICATE_1,M_TEXT,True,0.0,0.0,0.0,False,False,False,False
qwen3.8-27b,INC-90722DCD5A51,REPLICATE_2,C_CONTRAST,True,0.0,0.0,0.0,False,False,False,False
qwen3.8-27b,INC-90722DCD5A51,REPLICATE_2,M_TEXT,True,0.0,0.0,0.0,False,False,False,False
qwen3.8-27b,INC-E6D8B968F39E,REMOVE_TARGET,C_CONTRAST,False,1.0,1.0,0.0,False,False,False,False
qwen3.8-27b,INC-E6D8B968F39E,REMOVE_TARGET,M_TEXT,False,1.0,1.0,0.0,False,False,False,False
qwen3.8-27b,INC-E6D8B968F39E,NO_GROUPING,C_CONTRAST,True,1.0,1.0,0.0,False,False,False,False
qwen3.8-27b,INC-E6D8B968F39E,NO_GROUPING,M_TEXT,False,1.0,1.0,0.0,False,False,False,False
qwen3.8-27b,INC-E6D8B968F39E,REDUNDANT_NOISE,C_CONTRAST,False,1.0,1.0,0.0,False,False,False,False
qwen3.8-27b,INC-E6D8B968F39E,REDUNDANT_NOISE,M_TEXT,False,0.2,1.0,-0.8,True,True,False,True
qwen3.8-27b,INC-E6D8B968F39E,REANONYMIZE,C_CONTRAST,False,0.3333333333333333,1.0,-0.6666666666666667,True,,False,True
qwen3.8-27b,INC-E6D8B968F39E,REANONYMIZE,M_TEXT,False,0.25,1.0,-0.75,True,,False,True
qwen3.8-27b,INC-E6D8B968F39E,REPLICATE_1,C_CONTRAST,True,1.0,1.0,0.0,False,False,False,False
qwen3.8-27b,INC-E6D8B968F39E,REPLICATE_1,M_TEXT,True,1.0,1.0,0.0,False,False,False,False
qwen3.8-27b,INC-E6D8B968F39E,REPLICATE_2,C_CONTRAST,True,1.0,1.0,0.0,False,False,False,False
qwen3.8-27b,INC-E6D8B968F39E,REPLICATE_2,M_TEXT,True,1.0,1.0,0.0,False,False,False,False
qwen3.8-27b,INC-F328F417F5C9,REMOVE_TARGET,C_CONTRAST,False,0.0,0.5,-0.5,True,False,False,False
qwen3.8-27b,INC-F328F417F5C9,REMOVE_TARGET,M_TEXT,False,0.0,1.0,-1.0,True,True,False,True
qwen3.8-27b,INC-F328F417F5C9,REMOVE_MATCHED_NONTARGET,C_CONTRAST,False,0.5,0.5,0.0,False,False,False,False
qwen3.8-27b,INC-F328F417F5C9,REMOVE_MATCHED_NONTARGET,M_TEXT,False,1.0,1.0,0.0,False,False,False,False
qwen3.8-27b,INC-F328F417F5C9,NO_GROUPING,C_CONTRAST,True,0.5,0.5,0.0,False,False,False,False
qwen3.8-27b,INC-F328F417F5C9,NO_GROUPING,M_TEXT,False,0.0,1.0,-1.0,True,True,False,True
qwen3.8-27b,INC-F328F417F5C9,REDUNDANT_NOISE,C_CONTRAST,False,1.0,0.5,0.5,True,True,True,False
qwen3.8-27b,INC-F328F417F5C9,REDUNDANT_NOISE,M_TEXT,False,0.0,1.0,-1.0,True,True,False,True
qwen3.8-27b,INC-F328F417F5C9,REANONYMIZE,C_CONTRAST,False,0.3333333333333333,0.5,-0.16666666666666669,True,,False,False
qwen3.8-27b,INC-F328F417F5C9,REANONYMIZE,M_TEXT,False,0.0,1.0,-1.0,True,,False,True
qwen3.8-27b,INC-F328F417F5C9,REPLICATE_1,C_CONTRAST,True,0.5,0.5,0.0,False,False,False,False
qwen3.8-27b,INC-F328F417F5C9,REPLICATE_1,M_TEXT,True,1.0,1.0,0.0,False,False,False,False
qwen3.8-27b,INC-F328F417F5C9,REPLICATE_2,C_CONTRAST,True,0.5,0.5,0.0,False,False,False,False
qwen3.8-27b,INC-F328F417F5C9,REPLICATE_2,M_TEXT,True,1.0,1.0,0.0,False,False,False,False
qwen3.8-27b,INC-50AFA840E6F8,REMOVE_TARGET,C_CONTRAST,False,0.0,0.0,0.0,False,False,False,False
qwen3.8-27b,INC-50AFA840E6F8,REMOVE_TARGET,M_TEXT,False,0.0,0.0,0.0,False,False,False,False
qwen3.8-27b,INC-50AFA840E6F8,REMOVE_MATCHED_NONTARGET,C_CONTRAST,False,0.0,0.0,0.0,False,False,False,False
qwen3.8-27b,INC-50AFA840E6F8,REMOVE_MATCHED_NONTARGET,M_TEXT,False,0.0,0.0,0.0,False,False,False,False
qwen3.8-27b,INC-50AFA840E6F8,NO_GROUPING,C_CONTRAST,True,0.0,0.0,0.0,False,False,False,False
qwen3.8-27b,INC-50AFA840E6F8,NO_GROUPING,M_TEXT,False,0.0,0.0,0.0,False,False,False,False
qwen3.8-27b,INC-50AFA840E6F8,REDUNDANT_NOISE,C_CONTRAST,False,0.0,0.0,0.0,False,False,False,False
qwen3.8-27b,INC-50AFA840E6F8,REDUNDANT_NOISE,M_TEXT,False,0.0,0.0,0.0,False,False,False,False
qwen3.8-27b,INC-50AFA840E6F8,REANONYMIZE,C_CONTRAST,False,0.0,0.0,0.0,False,,False,False
qwen3.8-27b,INC-50AFA840E6F8,REANONYMIZE,M_TEXT,False,0.0,0.0,0.0,False,,False,False
qwen3.8-27b,INC-50AFA840E6F8,REPLICATE_1,C_CONTRAST,True,0.0,0.0,0.0,False,False,False,False
qwen3.8-27b,INC-50AFA840E6F8,REPLICATE_2,C_CONTRAST,True,0.0,0.0,0.0,False,False,False,False
qwen3.8-27b,INC-50AFA840E6F8,REPLICATE_2,M_TEXT,True,0.0,0.0,0.0,False,False,False,False
qwen3.8-27b,INC-DE4C5840855B,REMOVE_TARGET,C_CONTRAST,False,0.25,0.25,0.0,False,False,False,False
qwen3.8-27b,INC-DE4C5840855B,REMOVE_TARGET,M_TEXT,False,0.25,0.3333333333333333,-0.08333333333333331,True,False,False,False
qwen3.8-27b,INC-DE4C5840855B,REMOVE_MATCHED_NONTARGET,C_CONTRAST,False,0.25,0.25,0.0,False,False,False,False
qwen3.8-27b,INC-DE4C5840855B,REMOVE_MATCHED_NONTARGET,M_TEXT,False,0.25,0.3333333333333333,-0.08333333333333331,True,False,False,False
qwen3.8-27b,INC-DE4C5840855B,NO_GROUPING,C_CONTRAST,True,0.25,0.25,0.0,False,False,False,False
qwen3.8-27b,INC-DE4C5840855B,NO_GROUPING,M_TEXT,False,0.0,0.3333333333333333,-0.3333333333333333,True,False,False,False
qwen3.8-27b,INC-DE4C5840855B,REDUNDANT_NOISE,C_CONTRAST,False,0.3333333333333333,0.25,0.08333333333333331,True,False,False,False
qwen3.8-27b,INC-DE4C5840855B,REDUNDANT_NOISE,M_TEXT,False,0.25,0.3333333333333333,-0.08333333333333331,True,False,False,False
qwen3.8-27b,INC-DE4C5840855B,REANONYMIZE,C_CONTRAST,False,0.5,0.25,0.25,True,,False,False
qwen3.8-27b,INC-DE4C5840855B,REANONYMIZE,M_TEXT,False,0.5,0.3333333333333333,0.16666666666666669,True,,False,False
qwen3.8-27b,INC-DE4C5840855B,REPLICATE_1,C_CONTRAST,True,0.25,0.25,0.0,False,False,False,False
qwen3.8-27b,INC-DE4C5840855B,REPLICATE_1,M_TEXT,True,0.3333333333333333,0.3333333333333333,0.0,False,False,False,False
qwen3.8-27b,INC-DE4C5840855B,REPLICATE_2,C_CONTRAST,True,0.25,0.25,0.0,False,False,False,False
qwen3.8-27b,INC-DE4C5840855B,REPLICATE_2,M_TEXT,True,0.3333333333333333,0.3333333333333333,0.0,False,False,False,False
qwen3.8-27b,INC-5CE6915288DD,REMOVE_TARGET,C_CONTRAST,False,1.0,1.0,0.0,False,False,False,False
qwen3.8-27b,INC-5CE6915288DD,REMOVE_TARGET,M_TEXT,False,1.0,1.0,0.0,False,False,False,False
qwen3.8-27b,INC-5CE6915288DD,REMOVE_MATCHED_NONTARGET,C_CONTRAST,False,1.0,1.0,0.0,False,False,False,False
qwen3.8-27b,INC-5CE6915288DD,NO_GROUPING,C_CONTRAST,True,1.0,1.0,0.0,False,False,False,False
qwen3.8-27b,INC-5CE6915288DD,NO_GROUPING,M_TEXT,False,1.0,1.0,0.0,False,False,False,False
qwen3.8-27b,INC-5CE6915288DD,REDUNDANT_NOISE,C_CONTRAST,False,1.0,1.0,0.0,False,False,False,False
qwen3.8-27b,INC-5CE6915288DD,REDUNDANT_NOISE,M_TEXT,False,1.0,1.0,0.0,False,False,False,False
qwen3.8-27b,INC-5CE6915288DD,REANONYMIZE,C_CONTRAST,False,1.0,1.0,0.0,False,,False,False
qwen3.8-27b,INC-5CE6915288DD,REANONYMIZE,M_TEXT,False,1.0,1.0,0.0,False,,False,False
qwen3.8-27b,INC-5CE6915288DD,REPLICATE_1,C_CONTRAST,True,1.0,1.0,0.0,False,False,False,False
qwen3.8-27b,INC-5CE6915288DD,REPLICATE_1,M_TEXT,True,1.0,1.0,0.0,False,False,False,False
qwen3.8-27b,INC-5CE6915288DD,REPLICATE_2,C_CONTRAST,True,1.0,1.0,0.0,False,False,False,False
qwen3.8-27b,INC-5CE6915288DD,REPLICATE_2,M_TEXT,True,1.0,1.0,0.0,False,False,False,False
qwen3.8-27b,INC-B3349051A0EF,REMOVE_TARGET,C_CONTRAST,False,0.0,1.0,-1.0,True,True,False,True
qwen3.8-27b,INC-B3349051A0EF,REMOVE_MATCHED_NONTARGET,C_CONTRAST,False,1.0,1.0,0.0,False,False,False,False
qwen3.8-27b,INC-B3349051A0EF,NO_GROUPING,C_CONTRAST,True,1.0,1.0,0.0,False,False,False,False
qwen3.8-27b,INC-B3349051A0EF,REDUNDANT_NOISE,C_CONTRAST,False,1.0,1.0,0.0,False,False,False,False
qwen3.8-27b,INC-B3349051A0EF,REANONYMIZE,C_CONTRAST,False,0.5,1.0,-0.5,True,,False,True
qwen3.8-27b,INC-B3349051A0EF,REPLICATE_1,C_CONTRAST,True,1.0,1.0,0.0,False,False,False,False
qwen3.8-27b,INC-B3349051A0EF,REPLICATE_2,C_CONTRAST,True,1.0,1.0,0.0,False,False,False,False
qwen3.8-27b,INC-7C21112F33BD,REMOVE_TARGET,C_CONTRAST,False,0.0,0.0,0.0,False,False,False,False
qwen3.8-27b,INC-7C21112F33BD,REMOVE_TARGET,M_TEXT,False,0.0,0.0,0.0,False,False,False,False
qwen3.8-27b,INC-7C21112F33BD,REMOVE_MATCHED_NONTARGET,C_CONTRAST,False,0.0,0.0,0.0,False,False,False,False
qwen3.8-27b,INC-7C21112F33BD,REMOVE_MATCHED_NONTARGET,M_TEXT,False,0.0,0.0,0.0,False,False,False,False
qwen3.8-27b,INC-7C21112F33BD,NO_GROUPING,C_CONTRAST,True,0.0,0.0,0.0,False,False,False,False
qwen3.8-27b,INC-7C21112F33BD,NO_GROUPING,M_TEXT,False,0.0,0.0,0.0,False,False,False,False
qwen3.8-27b,INC-7C21112F33BD,REDUNDANT_NOISE,C_CONTRAST,False,0.0,0.0,0.0,False,False,False,False
qwen3.8-27b,INC-7C21112F33BD,REDUNDANT_NOISE,M_TEXT,False,0.0,0.0,0.0,False,True,False,False
qwen3.8-27b,INC-7C21112F33BD,REANONYMIZE,C_CONTRAST,False,0.5,0.0,0.5,True,,False,False
qwen3.8-27b,INC-7C21112F33BD,REANONYMIZE,M_TEXT,False,0.0,0.0,0.0,False,,False,False
qwen3.8-27b,INC-7C21112F33BD,REPLICATE_1,C_CONTRAST,True,0.0,0.0,0.0,False,False,False,False
qwen3.8-27b,INC-7C21112F33BD,REPLICATE_1,M_TEXT,True,0.0,0.0,0.0,False,False,False,False
qwen3.8-27b,INC-7C21112F33BD,REPLICATE_2,C_CONTRAST,True,0.0,0.0,0.0,False,False,False,False
qwen3.8-27b,INC-7C21112F33BD,REPLICATE_2,M_TEXT,True,0.0,0.0,0.0,False,False,False,False
qwen3.8-27b,INC-03A46BA87920,REMOVE_TARGET,C_CONTRAST,False,0.0,0.3333333333333333,-0.3333333333333333,True,False,False,False
qwen3.8-27b,INC-03A46BA87920,REMOVE_TARGET,M_TEXT,False,0.0,0.3333333333333333,-0.3333333333333333,True,True,False,False
qwen3.8-27b,INC-03A46BA87920,REMOVE_MATCHED_NONTARGET,C_CONTRAST,False,0.0,0.3333333333333333,-0.3333333333333333,True,False,False,False
qwen3.8-27b,INC-03A46BA87920,REMOVE_MATCHED_NONTARGET,M_TEXT,False,0.3333333333333333,0.3333333333333333,0.0,False,False,False,False
qwen3.8-27b,INC-03A46BA87920,NO_GROUPING,C_CONTRAST,True,0.3333333333333333,0.3333333333333333,0.0,False,False,False,False
qwen3.8-27b,INC-03A46BA87920,NO_GROUPING,M_TEXT,False,0.0,0.3333333333333333,-0.3333333333333333,True,True,False,False
qwen3.8-27b,INC-03A46BA87920,REDUNDANT_NOISE,C_CONTRAST,False,0.0,0.3333333333333333,-0.3333333333333333,True,False,False,False
qwen3.8-27b,INC-03A46BA87920,REDUNDANT_NOISE,M_TEXT,False,0.3333333333333333,0.3333333333333333,0.0,False,False,False,False
qwen3.8-27b,INC-03A46BA87920,REANONYMIZE,C_CONTRAST,False,0.25,0.3333333333333333,-0.08333333333333331,True,,False,False
qwen3.8-27b,INC-03A46BA87920,REANONYMIZE,M_TEXT,False,0.0,0.3333333333333333,-0.3333333333333333,True,,False,False
qwen3.8-27b,INC-03A46BA87920,REPLICATE_1,C_CONTRAST,True,0.3333333333333333,0.3333333333333333,0.0,False,False,False,False
qwen3.8-27b,INC-03A46BA87920,REPLICATE_1,M_TEXT,True,0.3333333333333333,0.3333333333333333,0.0,False,False,False,False
qwen3.8-27b,INC-03A46BA87920,REPLICATE_2,C_CONTRAST,True,0.3333333333333333,0.3333333333333333,0.0,False,False,False,False
qwen3.8-27b,INC-03A46BA87920,REPLICATE_2,M_TEXT,True,0.3333333333333333,0.3333333333333333,0.0,False,False,False,False
qwen3.8-27b,INC-69A7A0E7E78B,REMOVE_TARGET,C_CONTRAST,False,0.0,0.0,0.0,False,False,False,False
qwen3.8-27b,INC-69A7A0E7E78B,REMOVE_TARGET,M_TEXT,False,0.0,0.0,0.0,False,True,False,False
qwen3.8-27b,INC-69A7A0E7E78B,REMOVE_MATCHED_NONTARGET,C_CONTRAST,False,0.0,0.0,0.0,False,False,False,False
qwen3.8-27b,INC-69A7A0E7E78B,REMOVE_MATCHED_NONTARGET,M_TEXT,False,0.0,0.0,0.0,False,True,False,False
qwen3.8-27b,INC-69A7A0E7E78B,NO_GROUPING,C_CONTRAST,True,0.0,0.0,0.0,False,True,False,False
qwen3.8-27b,INC-69A7A0E7E78B,NO_GROUPING,M_TEXT,False,0.0,0.0,0.0,False,False,False,False
qwen3.8-27b,INC-69A7A0E7E78B,REDUNDANT_NOISE,C_CONTRAST,False,0.0,0.0,0.0,False,False,False,False
qwen3.8-27b,INC-69A7A0E7E78B,REDUNDANT_NOISE,M_TEXT,False,0.0,0.0,0.0,False,True,False,False
qwen3.8-27b,INC-69A7A0E7E78B,REANONYMIZE,C_CONTRAST,False,0.0,0.0,0.0,False,,False,False
qwen3.8-27b,INC-69A7A0E7E78B,REANONYMIZE,M_TEXT,False,0.3333333333333333,0.0,0.3333333333333333,True,,False,False
qwen3.8-27b,INC-69A7A0E7E78B,REPLICATE_1,C_CONTRAST,True,0.0,0.0,0.0,False,True,False,False
qwen3.8-27b,INC-69A7A0E7E78B,REPLICATE_1,M_TEXT,True,0.0,0.0,0.0,False,True,False,False
qwen3.8-27b,INC-69A7A0E7E78B,REPLICATE_2,C_CONTRAST,True,0.0,0.0,0.0,False,True,False,False
qwen3.8-27b,INC-69A7A0E7E78B,REPLICATE_2,M_TEXT,True,0.0,0.0,0.0,False,True,False,False
qwen3.8-27b,INC-D87134FF9ACF,NO_GROUPING,C_CONTRAST,True,0.2,0.2,0.0,False,False,False,False
qwen3.8-27b,INC-D87134FF9ACF,NO_GROUPING,M_TEXT,False,0.25,0.5,-0.25,True,False,False,False
qwen3.8-27b,INC-D87134FF9ACF,REDUNDANT_NOISE,C_CONTRAST,False,0.2,0.2,0.0,False,False,False,False
qwen3.8-27b,INC-D87134FF9ACF,REDUNDANT_NOISE,M_TEXT,False,0.0,0.5,-0.5,True,False,False,False
qwen3.8-27b,INC-D87134FF9ACF,REANONYMIZE,C_CONTRAST,False,0.25,0.2,0.04999999999999999,True,,False,False
qwen3.8-27b,INC-D87134FF9ACF,REANONYMIZE,M_TEXT,False,0.0,0.5,-0.5,True,,False,False
qwen3.8-27b,INC-D87134FF9ACF,REPLICATE_1,C_CONTRAST,True,0.2,0.2,0.0,False,False,False,False
qwen3.8-27b,INC-D87134FF9ACF,REPLICATE_1,M_TEXT,True,0.5,0.5,0.0,False,False,False,False
qwen3.8-27b,INC-D87134FF9ACF,REPLICATE_2,M_TEXT,True,0.0,0.5,-0.5,True,False,False,False
qwen3.8-27b,INC-38605D04F34F,REMOVE_TARGET,C_CONTRAST,False,0.3333333333333333,0.3333333333333333,0.0,False,False,False,False
qwen3.8-27b,INC-38605D04F34F,REMOVE_TARGET,M_TEXT,False,0.0,0.0,0.0,False,False,False,False
qwen3.8-27b,INC-38605D04F34F,REMOVE_MATCHED_NONTARGET,C_CONTRAST,False,0.3333333333333333,0.3333333333333333,0.0,False,False,False,False
qwen3.8-27b,INC-38605D04F34F,REMOVE_MATCHED_NONTARGET,M_TEXT,False,0.0,0.0,0.0,False,False,False,False
qwen3.8-27b,INC-38605D04F34F,NO_GROUPING,C_CONTRAST,True,0.3333333333333333,0.3333333333333333,0.0,False,False,False,False
qwen3.8-27b,INC-38605D04F34F,NO_GROUPING,M_TEXT,False,0.0,0.0,0.0,False,False,False,False
qwen3.8-27b,INC-38605D04F34F,REDUNDANT_NOISE,C_CONTRAST,False,0.3333333333333333,0.3333333333333333,0.0,False,False,False,False
qwen3.8-27b,INC-38605D04F34F,REDUNDANT_NOISE,M_TEXT,False,0.0,0.0,0.0,False,False,False,False
qwen3.8-27b,INC-38605D04F34F,REANONYMIZE,C_CONTRAST,False,0.5,0.3333333333333333,0.16666666666666669,True,,False,False
qwen3.8-27b,INC-38605D04F34F,REANONYMIZE,M_TEXT,False,0.5,0.0,0.5,True,,False,False
qwen3.8-27b,INC-38605D04F34F,REPLICATE_1,C_CONTRAST,True,0.3333333333333333,0.3333333333333333,0.0,False,False,False,False
qwen3.8-27b,INC-38605D04F34F,REPLICATE_1,M_TEXT,True,0.0,0.0,0.0,False,False,False,False
qwen3.8-27b,INC-38605D04F34F,REPLICATE_2,C_CONTRAST,True,0.3333333333333333,0.3333333333333333,0.0,False,False,False,False
qwen3.8-27b,INC-38605D04F34F,REPLICATE_2,M_TEXT,True,0.0,0.0,0.0,False,False,False,False
qwen3.8-27b,INC-C10F5EA649A5,REMOVE_TARGET,C_CONTRAST,False,0.0,0.0,0.0,False,False,False,False
qwen3.8-27b,INC-C10F5EA649A5,REMOVE_TARGET,M_TEXT,False,0.0,0.0,0.0,False,False,False,False
qwen3.8-27b,INC-C10F5EA649A5,REMOVE_MATCHED_NONTARGET,C_CONTRAST,False,0.0,0.0,0.0,False,False,False,False
qwen3.8-27b,INC-C10F5EA649A5,REMOVE_MATCHED_NONTARGET,M_TEXT,False,0.0,0.0,0.0,False,True,False,False
qwen3.8-27b,INC-C10F5EA649A5,NO_GROUPING,C_CONTRAST,True,0.0,0.0,0.0,False,False,False,False
qwen3.8-27b,INC-C10F5EA649A5,NO_GROUPING,M_TEXT,False,0.0,0.0,0.0,False,False,False,False
qwen3.8-27b,INC-C10F5EA649A5,REDUNDANT_NOISE,C_CONTRAST,False,0.25,0.0,0.25,True,False,False,False
qwen3.8-27b,INC-C10F5EA649A5,REDUNDANT_NOISE,M_TEXT,False,0.0,0.0,0.0,False,False,False,False
qwen3.8-27b,INC-C10F5EA649A5,REANONYMIZE,C_CONTRAST,False,0.5,0.0,0.5,True,,False,False
qwen3.8-27b,INC-C10F5EA649A5,REANONYMIZE,M_TEXT,False,0.0,0.0,0.0,False,,False,False
qwen3.8-27b,INC-C10F5EA649A5,REPLICATE_1,C_CONTRAST,True,0.0,0.0,0.0,False,False,False,False
qwen3.8-27b,INC-C10F5EA649A5,REPLICATE_1,M_TEXT,True,0.0,0.0,0.0,False,False,False,False
qwen3.8-27b,INC-C10F5EA649A5,REPLICATE_2,C_CONTRAST,True,0.0,0.0,0.0,False,False,False,False
qwen3.8-27b,INC-C10F5EA649A5,REPLICATE_2,M_TEXT,True,0.0,0.0,0.0,False,False,False,False
qwen3.8-27b,INC-1FD94FA4DDB2,REMOVE_TARGET,C_CONTRAST,False,0.5,0.5,0.0,False,False,False,False
qwen3.8-27b,INC-1FD94FA4DDB2,REMOVE_TARGET,M_TEXT,False,0.0,0.0,0.0,False,False,False,False
qwen3.8-27b,INC-1FD94FA4DDB2,REMOVE_MATCHED_NONTARGET,C_CONTRAST,False,0.5,0.5,0.0,False,False,False,False
qwen3.8-27b,INC-1FD94FA4DDB2,REMOVE_MATCHED_NONTARGET,M_TEXT,False,0.5,0.0,0.5,True,False,False,False
qwen3.8-27b,INC-1FD94FA4DDB2,NO_GROUPING,C_CONTRAST,True,0.5,0.5,0.0,False,False,False,False
qwen3.8-27b,INC-1FD94FA4DDB2,NO_GROUPING,M_TEXT,False,0.5,0.0,0.5,True,False,False,False
qwen3.8-27b,INC-1FD94FA4DDB2,REDUNDANT_NOISE,C_CONTRAST,False,0.5,0.5,0.0,False,False,False,False
qwen3.8-27b,INC-1FD94FA4DDB2,REDUNDANT_NOISE,M_TEXT,False,0.5,0.0,0.5,True,False,False,False
qwen3.8-27b,INC-1FD94FA4DDB2,REANONYMIZE,C_CONTRAST,False,0.0,0.5,-0.5,True,,False,False
qwen3.8-27b,INC-1FD94FA4DDB2,REANONYMIZE,M_TEXT,False,0.5,0.0,0.5,True,,False,False
qwen3.8-27b,INC-1FD94FA4DDB2,REPLICATE_1,C_CONTRAST,True,0.5,0.5,0.0,False,False,False,False
qwen3.8-27b,INC-1FD94FA4DDB2,REPLICATE_1,M_TEXT,True,0.0,0.0,0.0,False,False,False,False
qwen3.8-27b,INC-1FD94FA4DDB2,REPLICATE_2,C_CONTRAST,True,0.5,0.5,0.0,False,False,False,False
qwen3.8-27b,INC-1FD94FA4DDB2,REPLICATE_2,M_TEXT,True,0.0,0.0,0.0,False,False,False,False
qwen3.8-27b,INC-BD033D92F337,REMOVE_TARGET,C_CONTRAST,False,0.5,0.5,0.0,False,False,False,False
qwen3.8-27b,INC-BD033D92F337,REMOVE_TARGET,M_TEXT,False,0.0,0.5,-0.5,True,True,False,False
qwen3.8-27b,INC-BD033D92F337,REMOVE_MATCHED_NONTARGET,C_CONTRAST,False,0.5,0.5,0.0,False,False,False,False
qwen3.8-27b,INC-BD033D92F337,REMOVE_MATCHED_NONTARGET,M_TEXT,False,0.5,0.5,0.0,False,False,False,False
qwen3.8-27b,INC-BD033D92F337,NO_GROUPING,C_CONTRAST,True,0.5,0.5,0.0,False,False,False,False
qwen3.8-27b,INC-BD033D92F337,NO_GROUPING,M_TEXT,False,0.5,0.5,0.0,False,False,False,False
qwen3.8-27b,INC-BD033D92F337,REDUNDANT_NOISE,C_CONTRAST,False,0.5,0.5,0.0,False,False,False,False
qwen3.8-27b,INC-BD033D92F337,REDUNDANT_NOISE,M_TEXT,False,0.5,0.5,0.0,False,False,False,False
qwen3.8-27b,INC-BD033D92F337,REANONYMIZE,C_CONTRAST,False,0.0,0.5,-0.5,True,,False,False
qwen3.8-27b,INC-BD033D92F337,REANONYMIZE,M_TEXT,False,0.0,0.5,-0.5,True,,False,False
qwen3.8-27b,INC-BD033D92F337,REPLICATE_1,C_CONTRAST,True,0.5,0.5,0.0,False,False,False,False
qwen3.8-27b,INC-BD033D92F337,REPLICATE_1,M_TEXT,True,0.5,0.5,0.0,False,False,False,False
qwen3.8-27b,INC-BD033D92F337,REPLICATE_2,C_CONTRAST,True,0.5,0.5,0.0,False,False,False,False
qwen3.8-27b,INC-BD033D92F337,REPLICATE_2,M_TEXT,True,0.5,0.5,0.0,False,False,False,False
qwen3.8-27b,INC-92A00B34EECF,REMOVE_TARGET,C_CONTRAST,False,1.0,1.0,0.0,False,False,False,False
qwen3.8-27b,INC-92A00B34EECF,REMOVE_TARGET,M_TEXT,False,0.25,0.25,0.0,False,False,False,False
qwen3.8-27b,INC-92A00B34EECF,REMOVE_MATCHED_NONTARGET,C_CONTRAST,False,0.25,1.0,-0.75,True,True,False,True
qwen3.8-27b,INC-92A00B34EECF,REMOVE_MATCHED_NONTARGET,M_TEXT,False,0.25,0.25,0.0,False,False,False,False
qwen3.8-27b,INC-92A00B34EECF,NO_GROUPING,C_CONTRAST,True,1.0,1.0,0.0,False,False,False,False
qwen3.8-27b,INC-92A00B34EECF,NO_GROUPING,M_TEXT,False,0.25,0.25,0.0,False,False,False,False
qwen3.8-27b,INC-92A00B34EECF,REDUNDANT_NOISE,C_CONTRAST,False,0.25,1.0,-0.75,True,True,False,True
qwen3.8-27b,INC-92A00B34EECF,REDUNDANT_NOISE,M_TEXT,False,0.5,0.25,0.25,True,False,False,False
qwen3.8-27b,INC-92A00B34EECF,REANONYMIZE,C_CONTRAST,False,1.0,1.0,0.0,False,,False,False
qwen3.8-27b,INC-92A00B34EECF,REANONYMIZE,M_TEXT,False,1.0,0.25,0.75,True,,True,False
qwen3.8-27b,INC-92A00B34EECF,REPLICATE_1,C_CONTRAST,True,1.0,1.0,0.0,False,False,False,False
qwen3.8-27b,INC-92A00B34EECF,REPLICATE_1,M_TEXT,True,0.25,0.25,0.0,False,False,False,False
qwen3.8-27b,INC-92A00B34EECF,REPLICATE_2,C_CONTRAST,True,1.0,1.0,0.0,False,False,False,False
qwen3.8-27b,INC-92A00B34EECF,REPLICATE_2,M_TEXT,True,0.25,0.25,0.0,False,False,False,False
qwen3.8-27b,INC-BD14EEDA08FA,REMOVE_TARGET,C_CONTRAST,False,1.0,1.0,0.0,False,False,False,False
qwen3.8-27b,INC-BD14EEDA08FA,REMOVE_TARGET,M_TEXT,False,1.0,0.2,0.8,True,True,True,False
qwen3.8-27b,INC-BD14EEDA08FA,REMOVE_MATCHED_NONTARGET,C_CONTRAST,False,1.0,1.0,0.0,False,False,False,False
qwen3.8-27b,INC-BD14EEDA08FA,REMOVE_MATCHED_NONTARGET,M_TEXT,False,0.2,0.2,0.0,False,False,False,False
qwen3.8-27b,INC-BD14EEDA08FA,NO_GROUPING,C_CONTRAST,True,1.0,1.0,0.0,False,False,False,False
qwen3.8-27b,INC-BD14EEDA08FA,NO_GROUPING,M_TEXT,False,1.0,0.2,0.8,True,True,True,False
qwen3.8-27b,INC-BD14EEDA08FA,REDUNDANT_NOISE,C_CONTRAST,False,0.25,1.0,-0.75,True,True,False,True
qwen3.8-27b,INC-BD14EEDA08FA,REDUNDANT_NOISE,M_TEXT,False,0.2,0.2,0.0,False,True,False,False
qwen3.8-27b,INC-BD14EEDA08FA,REANONYMIZE,C_CONTRAST,False,1.0,1.0,0.0,False,,False,False
qwen3.8-27b,INC-BD14EEDA08FA,REANONYMIZE,M_TEXT,False,1.0,0.2,0.8,True,,True,False
qwen3.8-27b,INC-BD14EEDA08FA,REPLICATE_1,C_CONTRAST,True,1.0,1.0,0.0,False,False,False,False
qwen3.8-27b,INC-BD14EEDA08FA,REPLICATE_1,M_TEXT,True,0.3333333333333333,0.2,0.1333333333333333,True,True,False,False
qwen3.8-27b,INC-BD14EEDA08FA,REPLICATE_2,C_CONTRAST,True,1.0,1.0,0.0,False,False,False,False
qwen3.8-27b,INC-BD14EEDA08FA,REPLICATE_2,M_TEXT,True,0.2,0.2,0.0,False,False,False,False
qwen3.8-27b,INC-3B6FE224D74B,REMOVE_TARGET,C_CONTRAST,False,0.0,0.0,0.0,False,False,False,False
qwen3.8-27b,INC-3B6FE224D74B,REMOVE_TARGET,M_TEXT,False,0.3333333333333333,0.0,0.3333333333333333,True,True,False,False
qwen3.8-27b,INC-3B6FE224D74B,REMOVE_MATCHED_NONTARGET,C_CONTRAST,False,0.0,0.0,0.0,False,False,False,False
qwen3.8-27b,INC-3B6FE224D74B,REMOVE_MATCHED_NONTARGET,M_TEXT,False,0.2,0.0,0.2,True,False,False,False
qwen3.8-27b,INC-3B6FE224D74B,NO_GROUPING,C_CONTRAST,True,0.0,0.0,0.0,False,False,False,False
qwen3.8-27b,INC-3B6FE224D74B,NO_GROUPING,M_TEXT,False,0.0,0.0,0.0,False,False,False,False
qwen3.8-27b,INC-3B6FE224D74B,REDUNDANT_NOISE,C_CONTRAST,False,0.0,0.0,0.0,False,True,False,False
qwen3.8-27b,INC-3B6FE224D74B,REDUNDANT_NOISE,M_TEXT,False,0.0,0.0,0.0,False,False,False,False
qwen3.8-27b,INC-3B6FE224D74B,REANONYMIZE,C_CONTRAST,False,0.5,0.0,0.5,True,,False,False
qwen3.8-27b,INC-3B6FE224D74B,REANONYMIZE,M_TEXT,False,0.5,0.0,0.5,True,,False,False
qwen3.8-27b,INC-3B6FE224D74B,REPLICATE_1,C_CONTRAST,True,0.0,0.0,0.0,False,False,False,False
qwen3.8-27b,INC-3B6FE224D74B,REPLICATE_1,M_TEXT,True,0.0,0.0,0.0,False,False,False,False
qwen3.8-27b,INC-3B6FE224D74B,REPLICATE_2,C_CONTRAST,True,0.0,0.0,0.0,False,False,False,False
qwen3.8-27b,INC-3B6FE224D74B,REPLICATE_2,M_TEXT,True,0.0,0.0,0.0,False,False,False,False
qwen3.8-27b,INC-2A292B511B14,NO_GROUPING,C_CONTRAST,True,0.0,0.0,0.0,False,False,False,False
qwen3.8-27b,INC-2A292B511B14,NO_GROUPING,M_TEXT,False,0.0,0.0,0.0,False,False,False,False
qwen3.8-27b,INC-2A292B511B14,REDUNDANT_NOISE,C_CONTRAST,False,0.0,0.0,0.0,False,False,False,False
qwen3.8-27b,INC-2A292B511B14,REDUNDANT_NOISE,M_TEXT,False,0.0,0.0,0.0,False,False,False,False
qwen3.8-27b,INC-2A292B511B14,REANONYMIZE,C_CONTRAST,False,0.0,0.0,0.0,False,,False,False
qwen3.8-27b,INC-2A292B511B14,REANONYMIZE,M_TEXT,False,0.0,0.0,0.0,False,,False,False
qwen3.8-27b,INC-2A292B511B14,REPLICATE_1,C_CONTRAST,True,0.0,0.0,0.0,False,False,False,False
qwen3.8-27b,INC-2A292B511B14,REPLICATE_1,M_TEXT,True,0.0,0.0,0.0,False,False,False,False
qwen3.8-27b,INC-2A292B511B14,REPLICATE_2,C_CONTRAST,True,0.0,0.0,0.0,False,False,False,False
qwen3.8-27b,INC-2A292B511B14,REPLICATE_2,M_TEXT,True,0.0,0.0,0.0,False,False,False,False
qwen3.8-27b,INC-F30D0DDD63EF,REMOVE_TARGET,C_CONTRAST,False,0.0,0.0,0.0,False,True,False,False
qwen3.8-27b,INC-F30D0DDD63EF,REMOVE_TARGET,M_TEXT,False,0.0,0.0,0.0,False,False,False,False
qwen3.8-27b,INC-F30D0DDD63EF,REMOVE_MATCHED_NONTARGET,C_CONTRAST,False,0.0,0.0,0.0,False,False,False,False
qwen3.8-27b,INC-F30D0DDD63EF,REMOVE_MATCHED_NONTARGET,M_TEXT,False,0.0,0.0,0.0,False,False,False,False
qwen3.8-27b,INC-F30D0DDD63EF,NO_GROUPING,C_CONTRAST,True,0.0,0.0,0.0,False,False,False,False
qwen3.8-27b,INC-F30D0DDD63EF,NO_GROUPING,M_TEXT,False,0.0,0.0,0.0,False,False,False,False
qwen3.8-27b,INC-F30D0DDD63EF,REDUNDANT_NOISE,C_CONTRAST,False,0.0,0.0,0.0,False,False,False,False
qwen3.8-27b,INC-F30D0DDD63EF,REDUNDANT_NOISE,M_TEXT,False,0.0,0.0,0.0,False,True,False,False
qwen3.8-27b,INC-F30D0DDD63EF,REANONYMIZE,C_CONTRAST,False,0.0,0.0,0.0,False,,False,False
qwen3.8-27b,INC-F30D0DDD63EF,REANONYMIZE,M_TEXT,False,0.0,0.0,0.0,False,,False,False
qwen3.8-27b,INC-F30D0DDD63EF,REPLICATE_1,C_CONTRAST,True,0.0,0.0,0.0,False,False,False,False
qwen3.8-27b,INC-F30D0DDD63EF,REPLICATE_1,M_TEXT,True,0.0,0.0,0.0,False,False,False,False
qwen3.8-27b,INC-F30D0DDD63EF,REPLICATE_2,C_CONTRAST,True,0.0,0.0,0.0,False,False,False,False
qwen3.8-27b,INC-F30D0DDD63EF,REPLICATE_2,M_TEXT,True,0.0,0.0,0.0,False,False,False,False
qwen3.8-27b,INC-9D1784608F61,REMOVE_TARGET,C_CONTRAST,False,0.0,0.0,0.0,False,False,False,False
qwen3.8-27b,INC-9D1784608F61,REMOVE_TARGET,M_TEXT,False,0.0,0.0,0.0,False,False,False,False
qwen3.8-27b,INC-9D1784608F61,REMOVE_MATCHED_NONTARGET,C_CONTRAST,False,0.0,0.0,0.0,False,False,False,False
qwen3.8-27b,INC-9D1784608F61,REMOVE_MATCHED_NONTARGET,M_TEXT,False,0.5,0.0,0.5,True,False,False,False
qwen3.8-27b,INC-9D1784608F61,NO_GROUPING,C_CONTRAST,True,0.0,0.0,0.0,False,False,False,False
qwen3.8-27b,INC-9D1784608F61,NO_GROUPING,M_TEXT,False,0.0,0.0,0.0,False,False,False,False
qwen3.8-27b,INC-9D1784608F61,REDUNDANT_NOISE,C_CONTRAST,False,0.3333333333333333,0.0,0.3333333333333333,True,True,False,False
qwen3.8-27b,INC-9D1784608F61,REDUNDANT_NOISE,M_TEXT,False,0.5,0.0,0.5,True,False,False,False
qwen3.8-27b,INC-9D1784608F61,REANONYMIZE,C_CONTRAST,False,0.0,0.0,0.0,False,,False,False
qwen3.8-27b,INC-9D1784608F61,REANONYMIZE,M_TEXT,False,0.0,0.0,0.0,False,,False,False
qwen3.8-27b,INC-9D1784608F61,REPLICATE_1,C_CONTRAST,True,0.0,0.0,0.0,False,False,False,False
qwen3.8-27b,INC-9D1784608F61,REPLICATE_1,M_TEXT,True,0.0,0.0,0.0,False,False,False,False
qwen3.8-27b,INC-9D1784608F61,REPLICATE_2,C_CONTRAST,True,0.0,0.0,0.0,False,False,False,False
qwen3.8-27b,INC-9D1784608F61,REPLICATE_2,M_TEXT,True,0.0,0.0,0.0,False,False,False,False
qwen3.8-27b,INC-7763E2627FD6,REMOVE_TARGET,C_CONTRAST,False,1.0,1.0,0.0,False,False,False,False
qwen3.8-27b,INC-7763E2627FD6,REMOVE_TARGET,M_TEXT,False,1.0,1.0,0.0,False,False,False,False
qwen3.8-27b,INC-7763E2627FD6,REMOVE_MATCHED_NONTARGET,C_CONTRAST,False,1.0,1.0,0.0,False,False,False,False
qwen3.8-27b,INC-7763E2627FD6,REMOVE_MATCHED_NONTARGET,M_TEXT,False,1.0,1.0,0.0,False,False,False,False
qwen3.8-27b,INC-7763E2627FD6,NO_GROUPING,C_CONTRAST,True,1.0,1.0,0.0,False,False,False,False
qwen3.8-27b,INC-7763E2627FD6,NO_GROUPING,M_TEXT,False,1.0,1.0,0.0,False,False,False,False
qwen3.8-27b,INC-7763E2627FD6,REDUNDANT_NOISE,C_CONTRAST,False,1.0,1.0,0.0,False,False,False,False
qwen3.8-27b,INC-7763E2627FD6,REDUNDANT_NOISE,M_TEXT,False,1.0,1.0,0.0,False,False,False,False
qwen3.8-27b,INC-7763E2627FD6,REANONYMIZE,C_CONTRAST,False,1.0,1.0,0.0,False,,False,False
qwen3.8-27b,INC-7763E2627FD6,REANONYMIZE,M_TEXT,False,1.0,1.0,0.0,False,,False,False
qwen3.8-27b,INC-7763E2627FD6,REPLICATE_1,C_CONTRAST,True,1.0,1.0,0.0,False,False,False,False
qwen3.8-27b,INC-7763E2627FD6,REPLICATE_1,M_TEXT,True,1.0,1.0,0.0,False,False,False,False
qwen3.8-27b,INC-7763E2627FD6,REPLICATE_2,C_CONTRAST,True,1.0,1.0,0.0,False,False,False,False
qwen3.8-27b,INC-7763E2627FD6,REPLICATE_2,M_TEXT,True,1.0,1.0,0.0,False,False,False,False
qwen3.8-27b,INC-58CA418024BC,REMOVE_TARGET,C_CONTRAST,False,1.0,0.0,1.0,True,True,True,False
qwen3.8-27b,INC-58CA418024BC,REMOVE_TARGET,M_TEXT,False,1.0,1.0,0.0,False,False,False,False
qwen3.8-27b,INC-58CA418024BC,REMOVE_MATCHED_NONTARGET,C_CONTRAST,False,0.0,0.0,0.0,False,False,False,False
qwen3.8-27b,INC-58CA418024BC,REMOVE_MATCHED_NONTARGET,M_TEXT,False,1.0,1.0,0.0,False,False,False,False
qwen3.8-27b,INC-58CA418024BC,NO_GROUPING,C_CONTRAST,True,0.0,0.0,0.0,False,False,False,False
qwen3.8-27b,INC-58CA418024BC,NO_GROUPING,M_TEXT,False,1.0,1.0,0.0,False,False,False,False
qwen3.8-27b,INC-58CA418024BC,REDUNDANT_NOISE,C_CONTRAST,False,1.0,0.0,1.0,True,True,True,False
qwen3.8-27b,INC-58CA418024BC,REDUNDANT_NOISE,M_TEXT,False,1.0,1.0,0.0,False,False,False,False
qwen3.8-27b,INC-58CA418024BC,REANONYMIZE,C_CONTRAST,False,1.0,0.0,1.0,True,,True,False
qwen3.8-27b,INC-58CA418024BC,REANONYMIZE,M_TEXT,False,1.0,1.0,0.0,False,,False,False
qwen3.8-27b,INC-58CA418024BC,REPLICATE_1,C_CONTRAST,True,1.0,0.0,1.0,True,True,True,False
qwen3.8-27b,INC-58CA418024BC,REPLICATE_1,M_TEXT,True,1.0,1.0,0.0,False,False,False,False
qwen3.8-27b,INC-58CA418024BC,REPLICATE_2,C_CONTRAST,True,1.0,0.0,1.0,True,True,True,False
qwen3.8-27b,INC-58CA418024BC,REPLICATE_2,M_TEXT,True,1.0,1.0,0.0,False,False,False,False
qwen3.8-27b,INC-5AA6D2114681,REMOVE_TARGET,C_CONTRAST,False,1.0,1.0,0.0,False,False,False,False
qwen3.8-27b,INC-5AA6D2114681,REMOVE_MATCHED_NONTARGET,C_CONTRAST,False,1.0,1.0,0.0,False,False,False,False
qwen3.8-27b,INC-5AA6D2114681,NO_GROUPING,C_CONTRAST,True,1.0,1.0,0.0,False,False,False,False
qwen3.8-27b,INC-5AA6D2114681,REDUNDANT_NOISE,C_CONTRAST,False,1.0,1.0,0.0,False,False,False,False
qwen3.8-27b,INC-5AA6D2114681,REANONYMIZE,C_CONTRAST,False,1.0,1.0,0.0,False,,False,False
qwen3.8-27b,INC-5AA6D2114681,REPLICATE_1,C_CONTRAST,True,1.0,1.0,0.0,False,False,False,False
qwen3.8-27b,INC-5AA6D2114681,REPLICATE_2,C_CONTRAST,True,1.0,1.0,0.0,False,False,False,False
qwen3.8-27b,INC-B4810DE898A5,REMOVE_TARGET,C_CONTRAST,False,1.0,1.0,0.0,False,False,False,False
qwen3.8-27b,INC-B4810DE898A5,REMOVE_TARGET,M_TEXT,False,1.0,1.0,0.0,False,False,False,False
qwen3.8-27b,INC-B4810DE898A5,REMOVE_MATCHED_NONTARGET,C_CONTRAST,False,1.0,1.0,0.0,False,False,False,False
qwen3.8-27b,INC-B4810DE898A5,REMOVE_MATCHED_NONTARGET,M_TEXT,False,1.0,1.0,0.0,False,False,False,False
qwen3.8-27b,INC-B4810DE898A5,NO_GROUPING,C_CONTRAST,True,1.0,1.0,0.0,False,False,False,False
qwen3.8-27b,INC-B4810DE898A5,NO_GROUPING,M_TEXT,False,1.0,1.0,0.0,False,False,False,False
qwen3.8-27b,INC-B4810DE898A5,REDUNDANT_NOISE,C_CONTRAST,False,1.0,1.0,0.0,False,False,False,False
qwen3.8-27b,INC-B4810DE898A5,REDUNDANT_NOISE,M_TEXT,False,1.0,1.0,0.0,False,False,False,False
qwen3.8-27b,INC-B4810DE898A5,REANONYMIZE,C_CONTRAST,False,1.0,1.0,0.0,False,,False,False
qwen3.8-27b,INC-B4810DE898A5,REANONYMIZE,M_TEXT,False,1.0,1.0,0.0,False,,False,False
qwen3.8-27b,INC-B4810DE898A5,REPLICATE_1,C_CONTRAST,True,1.0,1.0,0.0,False,False,False,False
qwen3.8-27b,INC-B4810DE898A5,REPLICATE_1,M_TEXT,True,1.0,1.0,0.0,False,False,False,False
qwen3.8-27b,INC-B4810DE898A5,REPLICATE_2,C_CONTRAST,True,1.0,1.0,0.0,False,False,False,False
qwen3.8-27b,INC-B4810DE898A5,REPLICATE_2,M_TEXT,True,1.0,1.0,0.0,False,False,False,False
qwen3.8-27b,INC-F1CD9B69032E,REMOVE_TARGET,C_CONTRAST,False,1.0,1.0,0.0,False,False,False,False
qwen3.8-27b,INC-F1CD9B69032E,REMOVE_TARGET,M_TEXT,False,0.25,0.25,0.0,False,False,False,False
qwen3.8-27b,INC-F1CD9B69032E,REMOVE_MATCHED_NONTARGET,C_CONTRAST,False,1.0,1.0,0.0,False,False,False,False
qwen3.8-27b,INC-F1CD9B69032E,REMOVE_MATCHED_NONTARGET,M_TEXT,False,0.25,0.25,0.0,False,False,False,False
qwen3.8-27b,INC-F1CD9B69032E,NO_GROUPING,C_CONTRAST,True,1.0,1.0,0.0,False,False,False,False
qwen3.8-27b,INC-F1CD9B69032E,NO_GROUPING,M_TEXT,False,0.5,0.25,0.25,True,False,False,False
qwen3.8-27b,INC-F1CD9B69032E,REDUNDANT_NOISE,C_CONTRAST,False,1.0,1.0,0.0,False,False,False,False
qwen3.8-27b,INC-F1CD9B69032E,REDUNDANT_NOISE,M_TEXT,False,1.0,0.25,0.75,True,True,True,False
qwen3.8-27b,INC-F1CD9B69032E,REANONYMIZE,C_CONTRAST,False,1.0,1.0,0.0,False,,False,False
qwen3.8-27b,INC-F1CD9B69032E,REANONYMIZE,M_TEXT,False,1.0,0.25,0.75,True,,True,False
qwen3.8-27b,INC-F1CD9B69032E,REPLICATE_1,C_CONTRAST,True,1.0,1.0,0.0,False,False,False,False
qwen3.8-27b,INC-F1CD9B69032E,REPLICATE_1,M_TEXT,True,0.25,0.25,0.0,False,False,False,False
qwen3.8-27b,INC-F1CD9B69032E,REPLICATE_2,C_CONTRAST,True,1.0,1.0,0.0,False,False,False,False
qwen3.8-27b,INC-F1CD9B69032E,REPLICATE_2,M_TEXT,True,0.25,0.25,0.0,False,False,False,False
qwen3.8-27b,INC-72703AF9554D,REMOVE_TARGET,C_CONTRAST,False,1.0,0.25,0.75,True,True,True,False
qwen3.8-27b,INC-72703AF9554D,REMOVE_TARGET,M_TEXT,False,1.0,1.0,0.0,False,False,False,False
qwen3.8-27b,INC-72703AF9554D,REMOVE_MATCHED_NONTARGET,C_CONTRAST,False,1.0,0.25,0.75,True,True,True,False
qwen3.8-27b,INC-72703AF9554D,REMOVE_MATCHED_NONTARGET,M_TEXT,False,1.0,1.0,0.0,False,False,False,False
qwen3.8-27b,INC-72703AF9554D,NO_GROUPING,C_CONTRAST,True,0.25,0.25,0.0,False,False,False,False
qwen3.8-27b,INC-72703AF9554D,NO_GROUPING,M_TEXT,False,0.3333333333333333,1.0,-0.6666666666666667,True,True,False,True
qwen3.8-27b,INC-72703AF9554D,REDUNDANT_NOISE,C_CONTRAST,False,0.25,0.25,0.0,False,False,False,False
qwen3.8-27b,INC-72703AF9554D,REDUNDANT_NOISE,M_TEXT,False,0.3333333333333333,1.0,-0.6666666666666667,True,True,False,True
qwen3.8-27b,INC-72703AF9554D,REANONYMIZE,C_CONTRAST,False,0.5,0.25,0.25,True,,False,False
qwen3.8-27b,INC-72703AF9554D,REANONYMIZE,M_TEXT,False,0.3333333333333333,1.0,-0.6666666666666667,True,,False,True
qwen3.8-27b,INC-72703AF9554D,REPLICATE_1,C_CONTRAST,True,0.25,0.25,0.0,False,False,False,False
qwen3.8-27b,INC-72703AF9554D,REPLICATE_1,M_TEXT,True,1.0,1.0,0.0,False,False,False,False
qwen3.8-27b,INC-72703AF9554D,REPLICATE_2,C_CONTRAST,True,0.25,0.25,0.0,False,False,False,False
qwen3.8-27b,INC-72703AF9554D,REPLICATE_2,M_TEXT,True,1.0,1.0,0.0,False,False,False,False
qwen3.8-27b,INC-BA06C52CBB22,REMOVE_TARGET,C_CONTRAST,False,1.0,1.0,0.0,False,False,False,False
qwen3.8-27b,INC-BA06C52CBB22,REMOVE_TARGET,M_TEXT,False,1.0,1.0,0.0,False,False,False,False
qwen3.8-27b,INC-BA06C52CBB22,REMOVE_MATCHED_NONTARGET,C_CONTRAST,False,1.0,1.0,0.0,False,False,False,False
qwen3.8-27b,INC-BA06C52CBB22,REMOVE_MATCHED_NONTARGET,M_TEXT,False,1.0,1.0,0.0,False,False,False,False
qwen3.8-27b,INC-BA06C52CBB22,NO_GROUPING,C_CONTRAST,True,1.0,1.0,0.0,False,False,False,False
qwen3.8-27b,INC-BA06C52CBB22,NO_GROUPING,M_TEXT,False,1.0,1.0,0.0,False,False,False,False
qwen3.8-27b,INC-BA06C52CBB22,REDUNDANT_NOISE,C_CONTRAST,False,1.0,1.0,0.0,False,False,False,False
qwen3.8-27b,INC-BA06C52CBB22,REDUNDANT_NOISE,M_TEXT,False,1.0,1.0,0.0,False,False,False,False
qwen3.8-27b,INC-BA06C52CBB22,REANONYMIZE,C_CONTRAST,False,0.2,1.0,-0.8,True,,False,True
qwen3.8-27b,INC-BA06C52CBB22,REANONYMIZE,M_TEXT,False,1.0,1.0,0.0,False,,False,False
qwen3.8-27b,INC-BA06C52CBB22,REPLICATE_1,C_CONTRAST,True,1.0,1.0,0.0,False,False,False,False
qwen3.8-27b,INC-BA06C52CBB22,REPLICATE_1,M_TEXT,True,1.0,1.0,0.0,False,False,False,False
qwen3.8-27b,INC-BA06C52CBB22,REPLICATE_2,C_CONTRAST,True,1.0,1.0,0.0,False,False,False,False
qwen3.8-27b,INC-BA06C52CBB22,REPLICATE_2,M_TEXT,True,1.0,1.0,0.0,False,False,False,False
qwen3.8-27b,INC-495E8857529A,REMOVE_TARGET,C_CONTRAST,False,0.5,0.5,0.0,False,False,False,False
qwen3.8-27b,INC-495E8857529A,REMOVE_TARGET,M_TEXT,False,1.0,1.0,0.0,False,False,False,False
qwen3.8-27b,INC-495E8857529A,REMOVE_MATCHED_NONTARGET,C_CONTRAST,False,1.0,0.5,0.5,True,True,True,False
qwen3.8-27b,INC-495E8857529A,REMOVE_MATCHED_NONTARGET,M_TEXT,False,1.0,1.0,0.0,False,False,False,False
qwen3.8-27b,INC-495E8857529A,NO_GROUPING,C_CONTRAST,True,0.5,0.5,0.0,False,False,False,False
qwen3.8-27b,INC-495E8857529A,NO_GROUPING,M_TEXT,False,1.0,1.0,0.0,False,False,False,False
qwen3.8-27b,INC-495E8857529A,REDUNDANT_NOISE,C_CONTRAST,False,0.5,0.5,0.0,False,False,False,False
qwen3.8-27b,INC-495E8857529A,REDUNDANT_NOISE,M_TEXT,False,1.0,1.0,0.0,False,False,False,False
qwen3.8-27b,INC-495E8857529A,REANONYMIZE,C_CONTRAST,False,1.0,0.5,0.5,True,,True,False
qwen3.8-27b,INC-495E8857529A,REANONYMIZE,M_TEXT,False,1.0,1.0,0.0,False,,False,False
qwen3.8-27b,INC-495E8857529A,REPLICATE_1,C_CONTRAST,True,0.5,0.5,0.0,False,False,False,False
qwen3.8-27b,INC-495E8857529A,REPLICATE_1,M_TEXT,True,1.0,1.0,0.0,False,False,False,False
qwen3.8-27b,INC-495E8857529A,REPLICATE_2,C_CONTRAST,True,0.5,0.5,0.0,False,False,False,False
qwen3.8-27b,INC-495E8857529A,REPLICATE_2,M_TEXT,True,1.0,1.0,0.0,False,False,False,False
qwen3.8-27b,INC-2BA10FF98249,REMOVE_TARGET,C_CONTRAST,False,0.5,1.0,-0.5,True,True,False,True
qwen3.8-27b,INC-2BA10FF98249,REMOVE_TARGET,M_TEXT,False,1.0,1.0,0.0,False,False,False,False
qwen3.8-27b,INC-2BA10FF98249,REMOVE_MATCHED_NONTARGET,C_CONTRAST,False,1.0,1.0,0.0,False,False,False,False
qwen3.8-27b,INC-2BA10FF98249,REMOVE_MATCHED_NONTARGET,M_TEXT,False,1.0,1.0,0.0,False,False,False,False
qwen3.8-27b,INC-2BA10FF98249,NO_GROUPING,C_CONTRAST,True,1.0,1.0,0.0,False,False,False,False
qwen3.8-27b,INC-2BA10FF98249,NO_GROUPING,M_TEXT,False,1.0,1.0,0.0,False,False,False,False
qwen3.8-27b,INC-2BA10FF98249,REDUNDANT_NOISE,C_CONTRAST,False,0.5,1.0,-0.5,True,True,False,True
qwen3.8-27b,INC-2BA10FF98249,REDUNDANT_NOISE,M_TEXT,False,1.0,1.0,0.0,False,False,False,False
qwen3.8-27b,INC-2BA10FF98249,REANONYMIZE,C_CONTRAST,False,1.0,1.0,0.0,False,,False,False
qwen3.8-27b,INC-2BA10FF98249,REANONYMIZE,M_TEXT,False,1.0,1.0,0.0,False,,False,False
qwen3.8-27b,INC-2BA10FF98249,REPLICATE_1,C_CONTRAST,True,1.0,1.0,0.0,False,False,False,False
qwen3.8-27b,INC-2BA10FF98249,REPLICATE_1,M_TEXT,True,1.0,1.0,0.0,False,False,False,False
qwen3.8-27b,INC-2BA10FF98249,REPLICATE_2,C_CONTRAST,True,1.0,1.0,0.0,False,False,False,False
qwen3.8-27b,INC-2BA10FF98249,REPLICATE_2,M_TEXT,True,1.0,1.0,0.0,False,False,False,False
qwen3.8-27b,INC-84FBC12057DF,REMOVE_TARGET,C_CONTRAST,False,0.25,0.3333333333333333,-0.08333333333333331,True,False,False,False
qwen3.8-27b,INC-84FBC12057DF,REMOVE_TARGET,M_TEXT,False,0.3333333333333333,0.25,0.08333333333333331,True,False,False,False
qwen3.8-27b,INC-84FBC12057DF,REMOVE_MATCHED_NONTARGET,C_CONTRAST,False,0.5,0.3333333333333333,0.16666666666666669,True,True,False,False
qwen3.8-27b,INC-84FBC12057DF,REMOVE_MATCHED_NONTARGET,M_TEXT,False,0.3333333333333333,0.25,0.08333333333333331,True,False,False,False
qwen3.8-27b,INC-84FBC12057DF,NO_GROUPING,C_CONTRAST,True,0.3333333333333333,0.3333333333333333,0.0,False,False,False,False
qwen3.8-27b,INC-84FBC12057DF,NO_GROUPING,M_TEXT,False,0.3333333333333333,0.25,0.08333333333333331,True,False,False,False
qwen3.8-27b,INC-84FBC12057DF,REDUNDANT_NOISE,C_CONTRAST,False,0.5,0.3333333333333333,0.16666666666666669,True,True,False,False
qwen3.8-27b,INC-84FBC12057DF,REDUNDANT_NOISE,M_TEXT,False,0.3333333333333333,0.25,0.08333333333333331,True,False,False,False
qwen3.8-27b,INC-84FBC12057DF,REANONYMIZE,C_CONTRAST,False,0.5,0.3333333333333333,0.16666666666666669,True,,False,False
qwen3.8-27b,INC-84FBC12057DF,REANONYMIZE,M_TEXT,False,0.0,0.25,-0.25,True,,False,False
qwen3.8-27b,INC-84FBC12057DF,REPLICATE_1,C_CONTRAST,True,0.3333333333333333,0.3333333333333333,0.0,False,False,False,False
qwen3.8-27b,INC-84FBC12057DF,REPLICATE_1,M_TEXT,True,0.25,0.25,0.0,False,False,False,False
qwen3.8-27b,INC-84FBC12057DF,REPLICATE_2,C_CONTRAST,True,0.3333333333333333,0.3333333333333333,0.0,False,False,False,False
qwen3.8-27b,INC-84FBC12057DF,REPLICATE_2,M_TEXT,True,0.25,0.25,0.0,False,False,False,False
qwen3.8-27b,INC-318B5137ACB5,REMOVE_TARGET,C_CONTRAST,False,1.0,1.0,0.0,False,False,False,False
qwen3.8-27b,INC-318B5137ACB5,REMOVE_TARGET,M_TEXT,False,1.0,1.0,0.0,False,False,False,False
qwen3.8-27b,INC-318B5137ACB5,REMOVE_MATCHED_NONTARGET,C_CONTRAST,False,1.0,1.0,0.0,False,False,False,False
qwen3.8-27b,INC-318B5137ACB5,REMOVE_MATCHED_NONTARGET,M_TEXT,False,1.0,1.0,0.0,False,False,False,False
qwen3.8-27b,INC-318B5137ACB5,NO_GROUPING,C_CONTRAST,True,1.0,1.0,0.0,False,False,False,False
qwen3.8-27b,INC-318B5137ACB5,NO_GROUPING,M_TEXT,False,1.0,1.0,0.0,False,False,False,False
qwen3.8-27b,INC-318B5137ACB5,REDUNDANT_NOISE,C_CONTRAST,False,1.0,1.0,0.0,False,False,False,False
qwen3.8-27b,INC-318B5137ACB5,REDUNDANT_NOISE,M_TEXT,False,1.0,1.0,0.0,False,False,False,False
qwen3.8-27b,INC-318B5137ACB5,REANONYMIZE,C_CONTRAST,False,1.0,1.0,0.0,False,,False,False
qwen3.8-27b,INC-318B5137ACB5,REANONYMIZE,M_TEXT,False,1.0,1.0,0.0,False,,False,False
qwen3.8-27b,INC-318B5137ACB5,REPLICATE_1,C_CONTRAST,True,1.0,1.0,0.0,False,False,False,False
qwen3.8-27b,INC-318B5137ACB5,REPLICATE_1,M_TEXT,True,1.0,1.0,0.0,False,False,False,False
qwen3.8-27b,INC-318B5137ACB5,REPLICATE_2,C_CONTRAST,True,1.0,1.0,0.0,False,False,False,False
qwen3.8-27b,INC-318B5137ACB5,REPLICATE_2,M_TEXT,True,1.0,1.0,0.0,False,False,False,False
qwen3.8-27b,INC-C9D3BBC140AC,REMOVE_TARGET,C_CONTRAST,False,1.0,1.0,0.0,False,False,False,False
qwen3.8-27b,INC-C9D3BBC140AC,REMOVE_TARGET,M_TEXT,False,1.0,1.0,0.0,False,False,False,False
qwen3.8-27b,INC-C9D3BBC140AC,REMOVE_MATCHED_NONTARGET,C_CONTRAST,False,1.0,1.0,0.0,False,False,False,False
qwen3.8-27b,INC-C9D3BBC140AC,REMOVE_MATCHED_NONTARGET,M_TEXT,False,1.0,1.0,0.0,False,False,False,False
qwen3.8-27b,INC-C9D3BBC140AC,NO_GROUPING,C_CONTRAST,True,1.0,1.0,0.0,False,False,False,False
qwen3.8-27b,INC-C9D3BBC140AC,NO_GROUPING,M_TEXT,False,1.0,1.0,0.0,False,False,False,False
qwen3.8-27b,INC-C9D3BBC140AC,REDUNDANT_NOISE,C_CONTRAST,False,1.0,1.0,0.0,False,False,False,False
qwen3.8-27b,INC-C9D3BBC140AC,REDUNDANT_NOISE,M_TEXT,False,1.0,1.0,0.0,False,False,False,False
qwen3.8-27b,INC-C9D3BBC140AC,REANONYMIZE,C_CONTRAST,False,1.0,1.0,0.0,False,,False,False
qwen3.8-27b,INC-C9D3BBC140AC,REANONYMIZE,M_TEXT,False,1.0,1.0,0.0,False,,False,False
qwen3.8-27b,INC-C9D3BBC140AC,REPLICATE_1,C_CONTRAST,True,1.0,1.0,0.0,False,False,False,False
qwen3.8-27b,INC-C9D3BBC140AC,REPLICATE_1,M_TEXT,True,1.0,1.0,0.0,False,False,False,False
qwen3.8-27b,INC-C9D3BBC140AC,REPLICATE_2,C_CONTRAST,True,1.0,1.0,0.0,False,False,False,False
qwen3.8-27b,INC-C9D3BBC140AC,REPLICATE_2,M_TEXT,True,1.0,1.0,0.0,False,False,False,False
qwen3.8-27b,INC-31E57C5E5BC9,REMOVE_TARGET,C_CONTRAST,False,0.5,0.5,0.0,False,False,False,False
qwen3.8-27b,INC-31E57C5E5BC9,REMOVE_TARGET,M_TEXT,False,0.5,0.5,0.0,False,False,False,False
qwen3.8-27b,INC-31E57C5E5BC9,REMOVE_MATCHED_NONTARGET,C_CONTRAST,False,1.0,0.5,0.5,True,True,True,False
qwen3.8-27b,INC-31E57C5E5BC9,REMOVE_MATCHED_NONTARGET,M_TEXT,False,1.0,0.5,0.5,True,True,True,False
qwen3.8-27b,INC-31E57C5E5BC9,NO_GROUPING,C_CONTRAST,True,0.5,0.5,0.0,False,False,False,False
qwen3.8-27b,INC-31E57C5E5BC9,NO_GROUPING,M_TEXT,False,0.5,0.5,0.0,False,False,False,False
qwen3.8-27b,INC-31E57C5E5BC9,REDUNDANT_NOISE,C_CONTRAST,False,0.5,0.5,0.0,False,False,False,False
qwen3.8-27b,INC-31E57C5E5BC9,REDUNDANT_NOISE,M_TEXT,False,0.5,0.5,0.0,False,False,False,False
qwen3.8-27b,INC-31E57C5E5BC9,REANONYMIZE,C_CONTRAST,False,0.5,0.5,0.0,False,,False,False
qwen3.8-27b,INC-31E57C5E5BC9,REANONYMIZE,M_TEXT,False,0.5,0.5,0.0,False,,False,False
qwen3.8-27b,INC-31E57C5E5BC9,REPLICATE_1,C_CONTRAST,True,0.5,0.5,0.0,False,False,False,False
qwen3.8-27b,INC-31E57C5E5BC9,REPLICATE_1,M_TEXT,True,0.5,0.5,0.0,False,False,False,False
qwen3.8-27b,INC-31E57C5E5BC9,REPLICATE_2,C_CONTRAST,True,0.5,0.5,0.0,False,False,False,False
qwen3.8-27b,INC-31E57C5E5BC9,REPLICATE_2,M_TEXT,True,0.5,0.5,0.0,False,False,False,False
qwen3.8-27b,INC-AF408910E346,REMOVE_TARGET,C_CONTRAST,False,1.0,1.0,0.0,False,False,False,False
qwen3.8-27b,INC-AF408910E346,REMOVE_TARGET,M_TEXT,False,1.0,1.0,0.0,False,False,False,False
qwen3.8-27b,INC-AF408910E346,REMOVE_MATCHED_NONTARGET,C_CONTRAST,False,1.0,1.0,0.0,False,False,False,False
qwen3.8-27b,INC-AF408910E346,REMOVE_MATCHED_NONTARGET,M_TEXT,False,1.0,1.0,0.0,False,False,False,False
qwen3.8-27b,INC-AF408910E346,NO_GROUPING,C_CONTRAST,True,1.0,1.0,0.0,False,False,False,False
qwen3.8-27b,INC-AF408910E346,NO_GROUPING,M_TEXT,False,1.0,1.0,0.0,False,False,False,False
qwen3.8-27b,INC-AF408910E346,REDUNDANT_NOISE,C_CONTRAST,False,1.0,1.0,0.0,False,False,False,False
qwen3.8-27b,INC-AF408910E346,REDUNDANT_NOISE,M_TEXT,False,1.0,1.0,0.0,False,False,False,False
qwen3.8-27b,INC-AF408910E346,REANONYMIZE,C_CONTRAST,False,1.0,1.0,0.0,False,,False,False
qwen3.8-27b,INC-AF408910E346,REANONYMIZE,M_TEXT,False,1.0,1.0,0.0,False,,False,False
qwen3.8-27b,INC-AF408910E346,REPLICATE_1,C_CONTRAST,True,1.0,1.0,0.0,False,False,False,False
qwen3.8-27b,INC-AF408910E346,REPLICATE_1,M_TEXT,True,1.0,1.0,0.0,False,False,False,False
qwen3.8-27b,INC-AF408910E346,REPLICATE_2,C_CONTRAST,True,1.0,1.0,0.0,False,False,False,False
qwen3.8-27b,INC-AF408910E346,REPLICATE_2,M_TEXT,True,1.0,1.0,0.0,False,False,False,False
qwen3.8-27b,INC-C0E30071FAD4,REMOVE_TARGET,C_CONTRAST,False,1.0,1.0,0.0,False,False,False,False
qwen3.8-27b,INC-C0E30071FAD4,REMOVE_TARGET,M_TEXT,False,1.0,1.0,0.0,False,False,False,False
qwen3.8-27b,INC-C0E30071FAD4,REMOVE_MATCHED_NONTARGET,C_CONTRAST,False,1.0,1.0,0.0,False,False,False,False
qwen3.8-27b,INC-C0E30071FAD4,REMOVE_MATCHED_NONTARGET,M_TEXT,False,1.0,1.0,0.0,False,False,False,False
qwen3.8-27b,INC-C0E30071FAD4,NO_GROUPING,C_CONTRAST,True,1.0,1.0,0.0,False,False,False,False
qwen3.8-27b,INC-C0E30071FAD4,NO_GROUPING,M_TEXT,False,1.0,1.0,0.0,False,False,False,False
qwen3.8-27b,INC-C0E30071FAD4,REDUNDANT_NOISE,C_CONTRAST,False,1.0,1.0,0.0,False,False,False,False
qwen3.8-27b,INC-C0E30071FAD4,REDUNDANT_NOISE,M_TEXT,False,1.0,1.0,0.0,False,False,False,False
qwen3.8-27b,INC-C0E30071FAD4,REANONYMIZE,C_CONTRAST,False,1.0,1.0,0.0,False,,False,False
qwen3.8-27b,INC-C0E30071FAD4,REANONYMIZE,M_TEXT,False,1.0,1.0,0.0,False,,False,False
qwen3.8-27b,INC-C0E30071FAD4,REPLICATE_1,C_CONTRAST,True,1.0,1.0,0.0,False,False,False,False
qwen3.8-27b,INC-C0E30071FAD4,REPLICATE_1,M_TEXT,True,1.0,1.0,0.0,False,False,False,False
qwen3.8-27b,INC-C0E30071FAD4,REPLICATE_2,C_CONTRAST,True,1.0,1.0,0.0,False,False,False,False
qwen3.8-27b,INC-C0E30071FAD4,REPLICATE_2,M_TEXT,True,1.0,1.0,0.0,False,False,False,False
qwen3.8-27b,INC-45FA3C22839A,REMOVE_TARGET,C_CONTRAST,False,0.3333333333333333,0.3333333333333333,0.0,False,False,False,False
qwen3.8-27b,INC-45FA3C22839A,REMOVE_TARGET,M_TEXT,False,0.3333333333333333,0.3333333333333333,0.0,False,False,False,False
qwen3.8-27b,INC-45FA3C22839A,REMOVE_MATCHED_NONTARGET,C_CONTRAST,False,0.3333333333333333,0.3333333333333333,0.0,False,False,False,False
qwen3.8-27b,INC-45FA3C22839A,REMOVE_MATCHED_NONTARGET,M_TEXT,False,0.3333333333333333,0.3333333333333333,0.0,False,False,False,False
qwen3.8-27b,INC-45FA3C22839A,NO_GROUPING,C_CONTRAST,True,0.3333333333333333,0.3333333333333333,0.0,False,False,False,False
qwen3.8-27b,INC-45FA3C22839A,NO_GROUPING,M_TEXT,False,0.3333333333333333,0.3333333333333333,0.0,False,False,False,False
qwen3.8-27b,INC-45FA3C22839A,REDUNDANT_NOISE,C_CONTRAST,False,0.3333333333333333,0.3333333333333333,0.0,False,False,False,False
qwen3.8-27b,INC-45FA3C22839A,REDUNDANT_NOISE,M_TEXT,False,0.0,0.3333333333333333,-0.3333333333333333,True,False,False,False
qwen3.8-27b,INC-45FA3C22839A,REANONYMIZE,C_CONTRAST,False,1.0,0.3333333333333333,0.6666666666666667,True,,True,False
qwen3.8-27b,INC-45FA3C22839A,REANONYMIZE,M_TEXT,False,1.0,0.3333333333333333,0.6666666666666667,True,,True,False
qwen3.8-27b,INC-45FA3C22839A,REPLICATE_1,C_CONTRAST,True,0.3333333333333333,0.3333333333333333,0.0,False,False,False,False
qwen3.8-27b,INC-45FA3C22839A,REPLICATE_1,M_TEXT,True,0.3333333333333333,0.3333333333333333,0.0,False,False,False,False
qwen3.8-27b,INC-45FA3C22839A,REPLICATE_2,C_CONTRAST,True,0.3333333333333333,0.3333333333333333,0.0,False,False,False,False
qwen3.8-27b,INC-45FA3C22839A,REPLICATE_2,M_TEXT,True,0.3333333333333333,0.3333333333333333,0.0,False,False,False,False
qwen3.8-27b,INC-BBC8393AB176,REMOVE_TARGET,C_CONTRAST,False,1.0,1.0,0.0,False,False,False,False
qwen3.8-27b,INC-BBC8393AB176,REMOVE_TARGET,M_TEXT,False,1.0,1.0,0.0,False,False,False,False
qwen3.8-27b,INC-BBC8393AB176,REMOVE_MATCHED_NONTARGET,C_CONTRAST,False,1.0,1.0,0.0,False,False,False,False
qwen3.8-27b,INC-BBC8393AB176,REMOVE_MATCHED_NONTARGET,M_TEXT,False,1.0,1.0,0.0,False,False,False,False
qwen3.8-27b,INC-BBC8393AB176,NO_GROUPING,C_CONTRAST,True,1.0,1.0,0.0,False,False,False,False
qwen3.8-27b,INC-BBC8393AB176,NO_GROUPING,M_TEXT,False,1.0,1.0,0.0,False,False,False,False
qwen3.8-27b,INC-BBC8393AB176,REDUNDANT_NOISE,C_CONTRAST,False,1.0,1.0,0.0,False,False,False,False
qwen3.8-27b,INC-BBC8393AB176,REDUNDANT_NOISE,M_TEXT,False,1.0,1.0,0.0,False,False,False,False
qwen3.8-27b,INC-BBC8393AB176,REANONYMIZE,C_CONTRAST,False,1.0,1.0,0.0,False,,False,False
qwen3.8-27b,INC-BBC8393AB176,REANONYMIZE,M_TEXT,False,1.0,1.0,0.0,False,,False,False
qwen3.8-27b,INC-BBC8393AB176,REPLICATE_1,C_CONTRAST,True,1.0,1.0,0.0,False,False,False,False
qwen3.8-27b,INC-BBC8393AB176,REPLICATE_1,M_TEXT,True,1.0,1.0,0.0,False,False,False,False
qwen3.8-27b,INC-BBC8393AB176,REPLICATE_2,C_CONTRAST,True,1.0,1.0,0.0,False,False,False,False
qwen3.8-27b,INC-BBC8393AB176,REPLICATE_2,M_TEXT,True,1.0,1.0,0.0,False,False,False,False
qwen3.8-27b,INC-10414BB71DB4,REMOVE_TARGET,M_TEXT,False,1.0,1.0,0.0,False,False,False,False
qwen3.8-27b,INC-10414BB71DB4,REMOVE_MATCHED_NONTARGET,M_TEXT,False,1.0,1.0,0.0,False,False,False,False
qwen3.8-27b,INC-10414BB71DB4,NO_GROUPING,M_TEXT,False,1.0,1.0,0.0,False,False,False,False
qwen3.8-27b,INC-10414BB71DB4,REDUNDANT_NOISE,M_TEXT,False,1.0,1.0,0.0,False,False,False,False
qwen3.8-27b,INC-10414BB71DB4,REANONYMIZE,M_TEXT,False,1.0,1.0,0.0,False,,False,False
qwen3.8-27b,INC-10414BB71DB4,REPLICATE_1,M_TEXT,True,1.0,1.0,0.0,False,False,False,False
qwen3.8-27b,INC-10414BB71DB4,REPLICATE_2,M_TEXT,True,1.0,1.0,0.0,False,False,False,False
qwen3.8-27b,INC-4E586F5C0E9B,REMOVE_TARGET,C_CONTRAST,False,1.0,1.0,0.0,False,False,False,False
qwen3.8-27b,INC-4E586F5C0E9B,REMOVE_TARGET,M_TEXT,False,1.0,1.0,0.0,False,False,False,False
qwen3.8-27b,INC-4E586F5C0E9B,REMOVE_MATCHED_NONTARGET,C_CONTRAST,False,1.0,1.0,0.0,False,False,False,False
qwen3.8-27b,INC-4E586F5C0E9B,REMOVE_MATCHED_NONTARGET,M_TEXT,False,1.0,1.0,0.0,False,False,False,False
qwen3.8-27b,INC-4E586F5C0E9B,NO_GROUPING,M_TEXT,False,1.0,1.0,0.0,False,False,False,False
qwen3.8-27b,INC-4E586F5C0E9B,REDUNDANT_NOISE,C_CONTRAST,False,1.0,1.0,0.0,False,False,False,False
qwen3.8-27b,INC-4E586F5C0E9B,REDUNDANT_NOISE,M_TEXT,False,1.0,1.0,0.0,False,False,False,False
qwen3.8-27b,INC-4E586F5C0E9B,REANONYMIZE,C_CONTRAST,False,1.0,1.0,0.0,False,,False,False
qwen3.8-27b,INC-4E586F5C0E9B,REANONYMIZE,M_TEXT,False,1.0,1.0,0.0,False,,False,False
qwen3.8-27b,INC-4E586F5C0E9B,REPLICATE_1,C_CONTRAST,True,1.0,1.0,0.0,False,False,False,False
qwen3.8-27b,INC-4E586F5C0E9B,REPLICATE_1,M_TEXT,True,1.0,1.0,0.0,False,False,False,False
qwen3.8-27b,INC-4E586F5C0E9B,REPLICATE_2,C_CONTRAST,True,1.0,1.0,0.0,False,False,False,False
qwen3.8-27b,INC-4E586F5C0E9B,REPLICATE_2,M_TEXT,True,1.0,1.0,0.0,False,False,False,False
qwen3.8-27b,INC-0F24495B374E,REMOVE_TARGET,C_CONTRAST,False,1.0,1.0,0.0,False,False,False,False
qwen3.8-27b,INC-0F24495B374E,REMOVE_TARGET,M_TEXT,False,1.0,1.0,0.0,False,False,False,False
qwen3.8-27b,INC-0F24495B374E,REMOVE_MATCHED_NONTARGET,C_CONTRAST,False,1.0,1.0,0.0,False,False,False,False
qwen3.8-27b,INC-0F24495B374E,REMOVE_MATCHED_NONTARGET,M_TEXT,False,1.0,1.0,0.0,False,False,False,False
qwen3.8-27b,INC-0F24495B374E,NO_GROUPING,C_CONTRAST,True,1.0,1.0,0.0,False,False,False,False
qwen3.8-27b,INC-0F24495B374E,NO_GROUPING,M_TEXT,False,1.0,1.0,0.0,False,False,False,False
qwen3.8-27b,INC-0F24495B374E,REDUNDANT_NOISE,C_CONTRAST,False,1.0,1.0,0.0,False,False,False,False
qwen3.8-27b,INC-0F24495B374E,REDUNDANT_NOISE,M_TEXT,False,1.0,1.0,0.0,False,False,False,False
qwen3.8-27b,INC-0F24495B374E,REANONYMIZE,C_CONTRAST,False,1.0,1.0,0.0,False,,False,False
qwen3.8-27b,INC-0F24495B374E,REANONYMIZE,M_TEXT,False,1.0,1.0,0.0,False,,False,False
qwen3.8-27b,INC-0F24495B374E,REPLICATE_1,C_CONTRAST,True,1.0,1.0,0.0,False,False,False,False
qwen3.8-27b,INC-0F24495B374E,REPLICATE_1,M_TEXT,True,1.0,1.0,0.0,False,False,False,False
qwen3.8-27b,INC-0F24495B374E,REPLICATE_2,C_CONTRAST,True,1.0,1.0,0.0,False,False,False,False
qwen3.8-27b,INC-0F24495B374E,REPLICATE_2,M_TEXT,True,1.0,1.0,0.0,False,False,False,False
qwen3.8-27b,INC-BCC943C0801C,REMOVE_TARGET,C_CONTRAST,False,0.3333333333333333,0.3333333333333333,0.0,False,False,False,False
qwen3.8-27b,INC-BCC943C0801C,REMOVE_TARGET,M_TEXT,False,0.5,0.5,0.0,False,False,False,False
qwen3.8-27b,INC-BCC943C0801C,REMOVE_MATCHED_NONTARGET,C_CONTRAST,False,0.3333333333333333,0.3333333333333333,0.0,False,False,False,False
qwen3.8-27b,INC-BCC943C0801C,REMOVE_MATCHED_NONTARGET,M_TEXT,False,0.5,0.5,0.0,False,False,False,False
qwen3.8-27b,INC-BCC943C0801C,NO_GROUPING,C_CONTRAST,True,0.3333333333333333,0.3333333333333333,0.0,False,False,False,False
qwen3.8-27b,INC-BCC943C0801C,NO_GROUPING,M_TEXT,False,0.5,0.5,0.0,False,False,False,False
qwen3.8-27b,INC-BCC943C0801C,REDUNDANT_NOISE,C_CONTRAST,False,0.3333333333333333,0.3333333333333333,0.0,False,False,False,False
qwen3.8-27b,INC-BCC943C0801C,REDUNDANT_NOISE,M_TEXT,False,0.5,0.5,0.0,False,False,False,False
qwen3.8-27b,INC-BCC943C0801C,REANONYMIZE,C_CONTRAST,False,1.0,0.3333333333333333,0.6666666666666667,True,,True,False
qwen3.8-27b,INC-BCC943C0801C,REANONYMIZE,M_TEXT,False,1.0,0.5,0.5,True,,True,False
qwen3.8-27b,INC-BCC943C0801C,REPLICATE_1,C_CONTRAST,True,0.3333333333333333,0.3333333333333333,0.0,False,False,False,False
qwen3.8-27b,INC-BCC943C0801C,REPLICATE_1,M_TEXT,True,0.5,0.5,0.0,False,False,False,False
qwen3.8-27b,INC-BCC943C0801C,REPLICATE_2,C_CONTRAST,True,0.3333333333333333,0.3333333333333333,0.0,False,False,False,False
qwen3.8-27b,INC-BCC943C0801C,REPLICATE_2,M_TEXT,True,0.5,0.5,0.0,False,False,False,False
qwen3.8-27b,INC-0B2238ED048B,REMOVE_TARGET,C_CONTRAST,False,1.0,1.0,0.0,False,False,False,False
qwen3.8-27b,INC-0B2238ED048B,REMOVE_TARGET,M_TEXT,False,0.0,1.0,-1.0,True,True,False,True
qwen3.8-27b,INC-0B2238ED048B,REMOVE_MATCHED_NONTARGET,C_CONTRAST,False,1.0,1.0,0.0,False,False,False,False
qwen3.8-27b,INC-0B2238ED048B,REMOVE_MATCHED_NONTARGET,M_TEXT,False,1.0,1.0,0.0,False,False,False,False
qwen3.8-27b,INC-0B2238ED048B,NO_GROUPING,C_CONTRAST,True,1.0,1.0,0.0,False,False,False,False
qwen3.8-27b,INC-0B2238ED048B,NO_GROUPING,M_TEXT,False,1.0,1.0,0.0,False,False,False,False
qwen3.8-27b,INC-0B2238ED048B,REDUNDANT_NOISE,C_CONTRAST,False,1.0,1.0,0.0,False,False,False,False
qwen3.8-27b,INC-0B2238ED048B,REDUNDANT_NOISE,M_TEXT,False,1.0,1.0,0.0,False,False,False,False
qwen3.8-27b,INC-0B2238ED048B,REANONYMIZE,C_CONTRAST,False,0.0,1.0,-1.0,True,,False,True
qwen3.8-27b,INC-0B2238ED048B,REANONYMIZE,M_TEXT,False,0.0,1.0,-1.0,True,,False,True
qwen3.8-27b,INC-0B2238ED048B,REPLICATE_1,C_CONTRAST,True,1.0,1.0,0.0,False,False,False,False
qwen3.8-27b,INC-0B2238ED048B,REPLICATE_1,M_TEXT,True,1.0,1.0,0.0,False,False,False,False
qwen3.8-27b,INC-0B2238ED048B,REPLICATE_2,C_CONTRAST,True,1.0,1.0,0.0,False,False,False,False
qwen3.8-27b,INC-0B2238ED048B,REPLICATE_2,M_TEXT,True,1.0,1.0,0.0,False,False,False,False
qwen3.8-27b,INC-20F15B958E53,REMOVE_TARGET,C_CONTRAST,False,1.0,1.0,0.0,False,False,False,False
qwen3.8-27b,INC-20F15B958E53,REMOVE_TARGET,M_TEXT,False,1.0,1.0,0.0,False,False,False,False
qwen3.8-27b,INC-20F15B958E53,REMOVE_MATCHED_NONTARGET,C_CONTRAST,False,1.0,1.0,0.0,False,False,False,False
qwen3.8-27b,INC-20F15B958E53,REMOVE_MATCHED_NONTARGET,M_TEXT,False,1.0,1.0,0.0,False,False,False,False
qwen3.8-27b,INC-20F15B958E53,NO_GROUPING,C_CONTRAST,True,1.0,1.0,0.0,False,False,False,False
qwen3.8-27b,INC-20F15B958E53,NO_GROUPING,M_TEXT,False,1.0,1.0,0.0,False,False,False,False
qwen3.8-27b,INC-20F15B958E53,REDUNDANT_NOISE,C_CONTRAST,False,1.0,1.0,0.0,False,False,False,False
qwen3.8-27b,INC-20F15B958E53,REDUNDANT_NOISE,M_TEXT,False,1.0,1.0,0.0,False,False,False,False
qwen3.8-27b,INC-20F15B958E53,REANONYMIZE,C_CONTRAST,False,1.0,1.0,0.0,False,,False,False
qwen3.8-27b,INC-20F15B958E53,REANONYMIZE,M_TEXT,False,1.0,1.0,0.0,False,,False,False
qwen3.8-27b,INC-20F15B958E53,REPLICATE_1,C_CONTRAST,True,1.0,1.0,0.0,False,False,False,False
qwen3.8-27b,INC-20F15B958E53,REPLICATE_1,M_TEXT,True,1.0,1.0,0.0,False,False,False,False
qwen3.8-27b,INC-20F15B958E53,REPLICATE_2,C_CONTRAST,True,1.0,1.0,0.0,False,False,False,False
qwen3.8-27b,INC-20F15B958E53,REPLICATE_2,M_TEXT,True,1.0,1.0,0.0,False,False,False,False
qwen3.8-27b,INC-47B65415E3CA,REMOVE_TARGET,C_CONTRAST,False,0.5,1.0,-0.5,True,True,False,True
qwen3.8-27b,INC-47B65415E3CA,REMOVE_TARGET,M_TEXT,False,1.0,1.0,0.0,False,False,False,False
qwen3.8-27b,INC-47B65415E3CA,REMOVE_MATCHED_NONTARGET,C_CONTRAST,False,0.5,1.0,-0.5,True,True,False,True
qwen3.8-27b,INC-47B65415E3CA,REMOVE_MATCHED_NONTARGET,M_TEXT,False,1.0,1.0,0.0,False,False,False,False
qwen3.8-27b,INC-47B65415E3CA,NO_GROUPING,C_CONTRAST,True,1.0,1.0,0.0,False,False,False,False
qwen3.8-27b,INC-47B65415E3CA,NO_GROUPING,M_TEXT,False,1.0,1.0,0.0,False,False,False,False
qwen3.8-27b,INC-47B65415E3CA,REDUNDANT_NOISE,C_CONTRAST,False,0.5,1.0,-0.5,True,True,False,True
qwen3.8-27b,INC-47B65415E3CA,REDUNDANT_NOISE,M_TEXT,False,1.0,1.0,0.0,False,False,False,False
qwen3.8-27b,INC-47B65415E3CA,REANONYMIZE,C_CONTRAST,False,1.0,1.0,0.0,False,,False,False
qwen3.8-27b,INC-47B65415E3CA,REANONYMIZE,M_TEXT,False,1.0,1.0,0.0,False,,False,False
qwen3.8-27b,INC-47B65415E3CA,REPLICATE_1,C_CONTRAST,True,1.0,1.0,0.0,False,False,False,False
qwen3.8-27b,INC-47B65415E3CA,REPLICATE_1,M_TEXT,True,1.0,1.0,0.0,False,False,False,False
qwen3.8-27b,INC-47B65415E3CA,REPLICATE_2,C_CONTRAST,True,1.0,1.0,0.0,False,False,False,False
qwen3.8-27b,INC-47B65415E3CA,REPLICATE_2,M_TEXT,True,1.0,1.0,0.0,False,False,False,False
qwen3.8-27b,INC-AFC1CF58B350,REMOVE_TARGET,C_CONTRAST,False,0.5,0.5,0.0,False,False,False,False
qwen3.8-27b,INC-AFC1CF58B350,REMOVE_TARGET,M_TEXT,False,0.5,0.5,0.0,False,False,False,False
qwen3.8-27b,INC-AFC1CF58B350,REMOVE_MATCHED_NONTARGET,C_CONTRAST,False,0.5,0.5,0.0,False,False,False,False
qwen3.8-27b,INC-AFC1CF58B350,REMOVE_MATCHED_NONTARGET,M_TEXT,False,0.5,0.5,0.0,False,False,False,False
qwen3.8-27b,INC-AFC1CF58B350,NO_GROUPING,C_CONTRAST,True,0.5,0.5,0.0,False,False,False,False
qwen3.8-27b,INC-AFC1CF58B350,NO_GROUPING,M_TEXT,False,0.5,0.5,0.0,False,False,False,False
qwen3.8-27b,INC-AFC1CF58B350,REDUNDANT_NOISE,C_CONTRAST,False,0.5,0.5,0.0,False,False,False,False
qwen3.8-27b,INC-AFC1CF58B350,REDUNDANT_NOISE,M_TEXT,False,0.5,0.5,0.0,False,False,False,False
qwen3.8-27b,INC-AFC1CF58B350,REANONYMIZE,C_CONTRAST,False,1.0,0.5,0.5,True,,True,False
qwen3.8-27b,INC-AFC1CF58B350,REANONYMIZE,M_TEXT,False,1.0,0.5,0.5,True,,True,False
qwen3.8-27b,INC-AFC1CF58B350,REPLICATE_1,C_CONTRAST,True,0.5,0.5,0.0,False,False,False,False
qwen3.8-27b,INC-AFC1CF58B350,REPLICATE_1,M_TEXT,True,0.5,0.5,0.0,False,False,False,False
qwen3.8-27b,INC-AFC1CF58B350,REPLICATE_2,C_CONTRAST,True,0.5,0.5,0.0,False,False,False,False
qwen3.8-27b,INC-AFC1CF58B350,REPLICATE_2,M_TEXT,True,0.5,0.5,0.0,False,False,False,False
qwen3.8-27b,INC-793BF750FC74,REMOVE_TARGET,C_CONTRAST,False,1.0,1.0,0.0,False,False,False,False
qwen3.8-27b,INC-793BF750FC74,REMOVE_TARGET,M_TEXT,False,1.0,1.0,0.0,False,False,False,False
qwen3.8-27b,INC-793BF750FC74,REMOVE_MATCHED_NONTARGET,C_CONTRAST,False,0.0,1.0,-1.0,True,True,False,True
qwen3.8-27b,INC-793BF750FC74,REMOVE_MATCHED_NONTARGET,M_TEXT,False,1.0,1.0,0.0,False,False,False,False
qwen3.8-27b,INC-793BF750FC74,NO_GROUPING,C_CONTRAST,True,1.0,1.0,0.0,False,False,False,False
qwen3.8-27b,INC-793BF750FC74,NO_GROUPING,M_TEXT,False,1.0,1.0,0.0,False,False,False,False
qwen3.8-27b,INC-793BF750FC74,REDUNDANT_NOISE,C_CONTRAST,False,1.0,1.0,0.0,False,False,False,False
qwen3.8-27b,INC-793BF750FC74,REDUNDANT_NOISE,M_TEXT,False,1.0,1.0,0.0,False,False,False,False
qwen3.8-27b,INC-793BF750FC74,REANONYMIZE,C_CONTRAST,False,1.0,1.0,0.0,False,,False,False
qwen3.8-27b,INC-793BF750FC74,REANONYMIZE,M_TEXT,False,1.0,1.0,0.0,False,,False,False
qwen3.8-27b,INC-793BF750FC74,REPLICATE_1,C_CONTRAST,True,1.0,1.0,0.0,False,False,False,False
qwen3.8-27b,INC-793BF750FC74,REPLICATE_1,M_TEXT,True,1.0,1.0,0.0,False,False,False,False
qwen3.8-27b,INC-793BF750FC74,REPLICATE_2,C_CONTRAST,True,1.0,1.0,0.0,False,False,False,False
qwen3.8-27b,INC-793BF750FC74,REPLICATE_2,M_TEXT,True,1.0,1.0,0.0,False,False,False,False
qwen3.8-27b,INC-A9B687D08FA0,REMOVE_TARGET,C_CONTRAST,False,0.3333333333333333,0.3333333333333333,0.0,False,False,False,False
qwen3.8-27b,INC-A9B687D08FA0,REMOVE_TARGET,M_TEXT,False,0.3333333333333333,0.3333333333333333,0.0,False,True,False,False
qwen3.8-27b,INC-A9B687D08FA0,REMOVE_MATCHED_NONTARGET,C_CONTRAST,False,0.3333333333333333,0.3333333333333333,0.0,False,False,False,False
qwen3.8-27b,INC-A9B687D08FA0,REMOVE_MATCHED_NONTARGET,M_TEXT,False,0.3333333333333333,0.3333333333333333,0.0,False,False,False,False
qwen3.8-27b,INC-A9B687D08FA0,NO_GROUPING,C_CONTRAST,True,0.3333333333333333,0.3333333333333333,0.0,False,False,False,False
qwen3.8-27b,INC-A9B687D08FA0,NO_GROUPING,M_TEXT,False,0.3333333333333333,0.3333333333333333,0.0,False,True,False,False
qwen3.8-27b,INC-A9B687D08FA0,REDUNDANT_NOISE,C_CONTRAST,False,0.3333333333333333,0.3333333333333333,0.0,False,False,False,False
qwen3.8-27b,INC-A9B687D08FA0,REDUNDANT_NOISE,M_TEXT,False,0.3333333333333333,0.3333333333333333,0.0,False,False,False,False
qwen3.8-27b,INC-A9B687D08FA0,REANONYMIZE,C_CONTRAST,False,0.3333333333333333,0.3333333333333333,0.0,False,,False,False
qwen3.8-27b,INC-A9B687D08FA0,REANONYMIZE,M_TEXT,False,0.5,0.3333333333333333,0.16666666666666669,True,,False,False
qwen3.8-27b,INC-A9B687D08FA0,REPLICATE_1,C_CONTRAST,True,0.3333333333333333,0.3333333333333333,0.0,False,False,False,False
qwen3.8-27b,INC-A9B687D08FA0,REPLICATE_1,M_TEXT,True,0.3333333333333333,0.3333333333333333,0.0,False,False,False,False
qwen3.8-27b,INC-A9B687D08FA0,REPLICATE_2,C_CONTRAST,True,0.3333333333333333,0.3333333333333333,0.0,False,False,False,False
qwen3.8-27b,INC-A9B687D08FA0,REPLICATE_2,M_TEXT,True,0.3333333333333333,0.3333333333333333,0.0,False,False,False,False
qwen3.8-27b,INC-C59BC6133EB2,REMOVE_TARGET,C_CONTRAST,False,1.0,1.0,0.0,False,False,False,False
qwen3.8-27b,INC-C59BC6133EB2,REMOVE_TARGET,M_TEXT,False,1.0,1.0,0.0,False,False,False,False
qwen3.8-27b,INC-C59BC6133EB2,REMOVE_MATCHED_NONTARGET,C_CONTRAST,False,1.0,1.0,0.0,False,False,False,False
qwen3.8-27b,INC-C59BC6133EB2,REMOVE_MATCHED_NONTARGET,M_TEXT,False,1.0,1.0,0.0,False,False,False,False
qwen3.8-27b,INC-C59BC6133EB2,NO_GROUPING,C_CONTRAST,True,1.0,1.0,0.0,False,False,False,False
qwen3.8-27b,INC-C59BC6133EB2,NO_GROUPING,M_TEXT,False,1.0,1.0,0.0,False,False,False,False
qwen3.8-27b,INC-C59BC6133EB2,REDUNDANT_NOISE,C_CONTRAST,False,1.0,1.0,0.0,False,False,False,False
qwen3.8-27b,INC-C59BC6133EB2,REDUNDANT_NOISE,M_TEXT,False,1.0,1.0,0.0,False,False,False,False
qwen3.8-27b,INC-C59BC6133EB2,REANONYMIZE,C_CONTRAST,False,1.0,1.0,0.0,False,,False,False
qwen3.8-27b,INC-C59BC6133EB2,REANONYMIZE,M_TEXT,False,1.0,1.0,0.0,False,,False,False
qwen3.8-27b,INC-C59BC6133EB2,REPLICATE_1,C_CONTRAST,True,1.0,1.0,0.0,False,False,False,False
qwen3.8-27b,INC-C59BC6133EB2,REPLICATE_1,M_TEXT,True,1.0,1.0,0.0,False,False,False,False
qwen3.8-27b,INC-C59BC6133EB2,REPLICATE_2,C_CONTRAST,True,1.0,1.0,0.0,False,False,False,False
qwen3.8-27b,INC-389FF6C30F0C,REMOVE_TARGET,M_TEXT,False,0.25,1.0,-0.75,True,True,False,True
qwen3.8-27b,INC-389FF6C30F0C,REMOVE_MATCHED_NONTARGET,M_TEXT,False,1.0,1.0,0.0,False,False,False,False
qwen3.8-27b,INC-389FF6C30F0C,NO_GROUPING,M_TEXT,False,1.0,1.0,0.0,False,False,False,False
qwen3.8-27b,INC-389FF6C30F0C,REDUNDANT_NOISE,M_TEXT,False,0.3333333333333333,1.0,-0.6666666666666667,True,True,False,True
qwen3.8-27b,INC-389FF6C30F0C,REANONYMIZE,M_TEXT,False,0.5,1.0,-0.5,True,,False,True
qwen3.8-27b,INC-389FF6C30F0C,REPLICATE_1,M_TEXT,True,1.0,1.0,0.0,False,False,False,False
qwen3.8-27b,INC-389FF6C30F0C,REPLICATE_2,M_TEXT,True,1.0,1.0,0.0,False,False,False,False
qwen3.8-27b,INC-4B2715C98025,REMOVE_TARGET,C_CONTRAST,False,1.0,1.0,0.0,False,False,False,False
qwen3.8-27b,INC-4B2715C98025,REMOVE_TARGET,M_TEXT,False,1.0,1.0,0.0,False,False,False,False
qwen3.8-27b,INC-4B2715C98025,REMOVE_MATCHED_NONTARGET,C_CONTRAST,False,1.0,1.0,0.0,False,False,False,False
qwen3.8-27b,INC-4B2715C98025,REMOVE_MATCHED_NONTARGET,M_TEXT,False,1.0,1.0,0.0,False,False,False,False
qwen3.8-27b,INC-4B2715C98025,NO_GROUPING,C_CONTRAST,True,1.0,1.0,0.0,False,False,False,False
qwen3.8-27b,INC-4B2715C98025,NO_GROUPING,M_TEXT,False,1.0,1.0,0.0,False,False,False,False
qwen3.8-27b,INC-4B2715C98025,REDUNDANT_NOISE,C_CONTRAST,False,1.0,1.0,0.0,False,False,False,False
qwen3.8-27b,INC-4B2715C98025,REDUNDANT_NOISE,M_TEXT,False,1.0,1.0,0.0,False,False,False,False
qwen3.8-27b,INC-4B2715C98025,REANONYMIZE,C_CONTRAST,False,1.0,1.0,0.0,False,,False,False
qwen3.8-27b,INC-4B2715C98025,REANONYMIZE,M_TEXT,False,1.0,1.0,0.0,False,,False,False
qwen3.8-27b,INC-4B2715C98025,REPLICATE_1,C_CONTRAST,True,1.0,1.0,0.0,False,False,False,False
qwen3.8-27b,INC-4B2715C98025,REPLICATE_1,M_TEXT,True,1.0,1.0,0.0,False,False,False,False
qwen3.8-27b,INC-4B2715C98025,REPLICATE_2,C_CONTRAST,True,1.0,1.0,0.0,False,False,False,False
qwen3.8-27b,INC-4B2715C98025,REPLICATE_2,M_TEXT,True,1.0,1.0,0.0,False,False,False,False
qwen3.8-27b,INC-5D7DB04266BA,REMOVE_TARGET,C_CONTRAST,False,0.0,0.0,0.0,False,False,False,False
qwen3.8-27b,INC-5D7DB04266BA,REMOVE_TARGET,M_TEXT,False,0.0,0.25,-0.25,True,False,False,False
qwen3.8-27b,INC-5D7DB04266BA,REMOVE_MATCHED_NONTARGET,C_CONTRAST,False,0.0,0.0,0.0,False,False,False,False
qwen3.8-27b,INC-5D7DB04266BA,NO_GROUPING,C_CONTRAST,True,0.0,0.0,0.0,False,False,False,False
qwen3.8-27b,INC-5D7DB04266BA,NO_GROUPING,M_TEXT,False,0.3333333333333333,0.25,0.08333333333333331,True,False,False,False
qwen3.8-27b,INC-5D7DB04266BA,REDUNDANT_NOISE,C_CONTRAST,False,0.0,0.0,0.0,False,False,False,False
qwen3.8-27b,INC-5D7DB04266BA,REDUNDANT_NOISE,M_TEXT,False,0.0,0.25,-0.25,True,False,False,False
qwen3.8-27b,INC-5D7DB04266BA,REANONYMIZE,C_CONTRAST,False,1.0,0.0,1.0,True,,True,False
qwen3.8-27b,INC-5D7DB04266BA,REANONYMIZE,M_TEXT,False,1.0,0.25,0.75,True,,True,False
qwen3.8-27b,INC-5D7DB04266BA,REPLICATE_1,C_CONTRAST,True,0.0,0.0,0.0,False,False,False,False
qwen3.8-27b,INC-5D7DB04266BA,REPLICATE_1,M_TEXT,True,0.25,0.25,0.0,False,False,False,False
qwen3.8-27b,INC-5D7DB04266BA,REPLICATE_2,C_CONTRAST,True,0.0,0.0,0.0,False,False,False,False
qwen3.8-27b,INC-5D7DB04266BA,REPLICATE_2,M_TEXT,True,0.25,0.25,0.0,False,False,False,False
qwen3.8-27b,INC-420AE08478C0,REMOVE_TARGET,C_CONTRAST,False,0.0,1.0,-1.0,True,True,False,True
qwen3.8-27b,INC-420AE08478C0,REMOVE_TARGET,M_TEXT,False,0.0,1.0,-1.0,True,True,False,True
qwen3.8-27b,INC-420AE08478C0,REMOVE_MATCHED_NONTARGET,C_CONTRAST,False,1.0,1.0,0.0,False,False,False,False
qwen3.8-27b,INC-420AE08478C0,REMOVE_MATCHED_NONTARGET,M_TEXT,False,1.0,1.0,0.0,False,False,False,False
qwen3.8-27b,INC-420AE08478C0,NO_GROUPING,C_CONTRAST,True,1.0,1.0,0.0,False,False,False,False
qwen3.8-27b,INC-420AE08478C0,NO_GROUPING,M_TEXT,False,1.0,1.0,0.0,False,False,False,False
qwen3.8-27b,INC-420AE08478C0,REDUNDANT_NOISE,C_CONTRAST,False,1.0,1.0,0.0,False,False,False,False
qwen3.8-27b,INC-420AE08478C0,REDUNDANT_NOISE,M_TEXT,False,0.0,1.0,-1.0,True,True,False,True
qwen3.8-27b,INC-420AE08478C0,REANONYMIZE,C_CONTRAST,False,1.0,1.0,0.0,False,,False,False
qwen3.8-27b,INC-420AE08478C0,REANONYMIZE,M_TEXT,False,1.0,1.0,0.0,False,,False,False
qwen3.8-27b,INC-420AE08478C0,REPLICATE_1,C_CONTRAST,True,1.0,1.0,0.0,False,False,False,False
qwen3.8-27b,INC-420AE08478C0,REPLICATE_1,M_TEXT,True,1.0,1.0,0.0,False,False,False,False
qwen3.8-27b,INC-420AE08478C0,REPLICATE_2,C_CONTRAST,True,1.0,1.0,0.0,False,False,False,False
qwen3.8-27b,INC-420AE08478C0,REPLICATE_2,M_TEXT,True,1.0,1.0,0.0,False,False,False,False
qwen3.8-27b,INC-B57647053FCD,REMOVE_TARGET,C_CONTRAST,False,1.0,0.3333333333333333,0.6666666666666667,True,True,True,False
qwen3.8-27b,INC-B57647053FCD,REMOVE_TARGET,M_TEXT,False,1.0,1.0,0.0,False,False,False,False
qwen3.8-27b,INC-B57647053FCD,REMOVE_MATCHED_NONTARGET,C_CONTRAST,False,0.3333333333333333,0.3333333333333333,0.0,False,False,False,False
qwen3.8-27b,INC-B57647053FCD,REMOVE_MATCHED_NONTARGET,M_TEXT,False,1.0,1.0,0.0,False,False,False,False
qwen3.8-27b,INC-B57647053FCD,NO_GROUPING,C_CONTRAST,True,0.3333333333333333,0.3333333333333333,0.0,False,False,False,False
qwen3.8-27b,INC-B57647053FCD,NO_GROUPING,M_TEXT,False,0.0,1.0,-1.0,True,True,False,True
qwen3.8-27b,INC-B57647053FCD,REDUNDANT_NOISE,C_CONTRAST,False,0.3333333333333333,0.3333333333333333,0.0,False,False,False,False
qwen3.8-27b,INC-B57647053FCD,REDUNDANT_NOISE,M_TEXT,False,0.0,1.0,-1.0,True,True,False,True
qwen3.8-27b,INC-B57647053FCD,REANONYMIZE,C_CONTRAST,False,1.0,0.3333333333333333,0.6666666666666667,True,,True,False
qwen3.8-27b,INC-B57647053FCD,REANONYMIZE,M_TEXT,False,1.0,1.0,0.0,False,,False,False
qwen3.8-27b,INC-B57647053FCD,REPLICATE_1,C_CONTRAST,True,0.3333333333333333,0.3333333333333333,0.0,False,False,False,False
qwen3.8-27b,INC-B57647053FCD,REPLICATE_1,M_TEXT,True,0.5,1.0,-0.5,True,True,False,True
qwen3.8-27b,INC-B57647053FCD,REPLICATE_2,C_CONTRAST,True,0.3333333333333333,0.3333333333333333,0.0,False,False,False,False
qwen3.8-27b,INC-B57647053FCD,REPLICATE_2,M_TEXT,True,0.5,1.0,-0.5,True,True,False,True
qwen3.8-27b,INC-A59335340B6D,REMOVE_TARGET,C_CONTRAST,False,1.0,1.0,0.0,False,False,False,False
qwen3.8-27b,INC-A59335340B6D,REMOVE_TARGET,M_TEXT,False,1.0,1.0,0.0,False,False,False,False
qwen3.8-27b,INC-A59335340B6D,REMOVE_MATCHED_NONTARGET,C_CONTRAST,False,1.0,1.0,0.0,False,False,False,False
qwen3.8-27b,INC-A59335340B6D,REMOVE_MATCHED_NONTARGET,M_TEXT,False,1.0,1.0,0.0,False,False,False,False
qwen3.8-27b,INC-A59335340B6D,NO_GROUPING,C_CONTRAST,True,1.0,1.0,0.0,False,False,False,False
qwen3.8-27b,INC-A59335340B6D,NO_GROUPING,M_TEXT,False,1.0,1.0,0.0,False,False,False,False
qwen3.8-27b,INC-A59335340B6D,REDUNDANT_NOISE,C_CONTRAST,False,1.0,1.0,0.0,False,False,False,False
qwen3.8-27b,INC-A59335340B6D,REDUNDANT_NOISE,M_TEXT,False,1.0,1.0,0.0,False,False,False,False
qwen3.8-27b,INC-A59335340B6D,REANONYMIZE,C_CONTRAST,False,1.0,1.0,0.0,False,,False,False
qwen3.8-27b,INC-A59335340B6D,REANONYMIZE,M_TEXT,False,1.0,1.0,0.0,False,,False,False
qwen3.8-27b,INC-A59335340B6D,REPLICATE_1,C_CONTRAST,True,1.0,1.0,0.0,False,False,False,False
qwen3.8-27b,INC-A59335340B6D,REPLICATE_1,M_TEXT,True,1.0,1.0,0.0,False,False,False,False
qwen3.8-27b,INC-A59335340B6D,REPLICATE_2,C_CONTRAST,True,1.0,1.0,0.0,False,False,False,False
qwen3.8-27b,INC-A59335340B6D,REPLICATE_2,M_TEXT,True,1.0,1.0,0.0,False,False,False,False
qwen3.8-27b,INC-F9931F2050B1,REMOVE_TARGET,C_CONTRAST,False,0.5,0.5,0.0,False,False,False,False
qwen3.8-27b,INC-F9931F2050B1,REMOVE_TARGET,M_TEXT,False,0.3333333333333333,1.0,-0.6666666666666667,True,True,False,True
qwen3.8-27b,INC-F9931F2050B1,REMOVE_MATCHED_NONTARGET,C_CONTRAST,False,0.5,0.5,0.0,False,False,False,False
qwen3.8-27b,INC-F9931F2050B1,REMOVE_MATCHED_NONTARGET,M_TEXT,False,0.3333333333333333,1.0,-0.6666666666666667,True,True,False,True
qwen3.8-27b,INC-F9931F2050B1,NO_GROUPING,C_CONTRAST,True,0.5,0.5,0.0,False,False,False,False
qwen3.8-27b,INC-F9931F2050B1,NO_GROUPING,M_TEXT,False,0.5,1.0,-0.5,True,True,False,True
qwen3.8-27b,INC-F9931F2050B1,REDUNDANT_NOISE,C_CONTRAST,False,0.5,0.5,0.0,False,True,False,False
qwen3.8-27b,INC-F9931F2050B1,REDUNDANT_NOISE,M_TEXT,False,0.3333333333333333,1.0,-0.6666666666666667,True,True,False,True
qwen3.8-27b,INC-F9931F2050B1,REANONYMIZE,C_CONTRAST,False,1.0,0.5,0.5,True,,True,False
qwen3.8-27b,INC-F9931F2050B1,REANONYMIZE,M_TEXT,False,1.0,1.0,0.0,False,,False,False
qwen3.8-27b,INC-F9931F2050B1,REPLICATE_1,C_CONTRAST,True,0.5,0.5,0.0,False,False,False,False
qwen3.8-27b,INC-F9931F2050B1,REPLICATE_1,M_TEXT,True,0.5,1.0,-0.5,True,True,False,True
qwen3.8-27b,INC-F9931F2050B1,REPLICATE_2,C_CONTRAST,True,0.5,0.5,0.0,False,False,False,False
qwen3.8-27b,INC-F9931F2050B1,REPLICATE_2,M_TEXT,True,0.5,1.0,-0.5,True,True,False,True
qwen3.8-27b,INC-837ED60AC9F5,REMOVE_TARGET,C_CONTRAST,False,1.0,1.0,0.0,False,False,False,False
qwen3.8-27b,INC-837ED60AC9F5,REMOVE_TARGET,M_TEXT,False,0.0,0.0,0.0,False,True,False,False
qwen3.8-27b,INC-837ED60AC9F5,REMOVE_MATCHED_NONTARGET,C_CONTRAST,False,1.0,1.0,0.0,False,False,False,False
qwen3.8-27b,INC-837ED60AC9F5,REMOVE_MATCHED_NONTARGET,M_TEXT,False,0.0,0.0,0.0,False,False,False,False
qwen3.8-27b,INC-837ED60AC9F5,NO_GROUPING,C_CONTRAST,True,1.0,1.0,0.0,False,False,False,False
qwen3.8-27b,INC-837ED60AC9F5,NO_GROUPING,M_TEXT,False,0.0,0.0,0.0,False,False,False,False
qwen3.8-27b,INC-837ED60AC9F5,REDUNDANT_NOISE,C_CONTRAST,False,1.0,1.0,0.0,False,False,False,False
qwen3.8-27b,INC-837ED60AC9F5,REDUNDANT_NOISE,M_TEXT,False,0.0,0.0,0.0,False,False,False,False
qwen3.8-27b,INC-837ED60AC9F5,REANONYMIZE,C_CONTRAST,False,0.25,1.0,-0.75,True,,False,True
qwen3.8-27b,INC-837ED60AC9F5,REANONYMIZE,M_TEXT,False,0.0,0.0,0.0,False,,False,False
qwen3.8-27b,INC-837ED60AC9F5,REPLICATE_1,C_CONTRAST,True,1.0,1.0,0.0,False,False,False,False
qwen3.8-27b,INC-837ED60AC9F5,REPLICATE_1,M_TEXT,True,0.0,0.0,0.0,False,False,False,False
qwen3.8-27b,INC-837ED60AC9F5,REPLICATE_2,C_CONTRAST,True,1.0,1.0,0.0,False,False,False,False
qwen3.8-27b,INC-837ED60AC9F5,REPLICATE_2,M_TEXT,True,0.0,0.0,0.0,False,False,False,False
qwen3.8-27b,INC-9095FF6F0DE1,REMOVE_TARGET,C_CONTRAST,False,0.25,0.25,0.0,False,False,False,False
qwen3.8-27b,INC-9095FF6F0DE1,REMOVE_TARGET,M_TEXT,False,1.0,1.0,0.0,False,False,False,False
qwen3.8-27b,INC-9095FF6F0DE1,REMOVE_MATCHED_NONTARGET,C_CONTRAST,False,0.25,0.25,0.0,False,False,False,False
qwen3.8-27b,INC-9095FF6F0DE1,REMOVE_MATCHED_NONTARGET,M_TEXT,False,1.0,1.0,0.0,False,False,False,False
qwen3.8-27b,INC-9095FF6F0DE1,NO_GROUPING,C_CONTRAST,True,0.25,0.25,0.0,False,False,False,False
qwen3.8-27b,INC-9095FF6F0DE1,NO_GROUPING,M_TEXT,False,1.0,1.0,0.0,False,False,False,False
qwen3.8-27b,INC-9095FF6F0DE1,REDUNDANT_NOISE,C_CONTRAST,False,0.25,0.25,0.0,False,False,False,False
qwen3.8-27b,INC-9095FF6F0DE1,REDUNDANT_NOISE,M_TEXT,False,0.25,1.0,-0.75,True,True,False,True
qwen3.8-27b,INC-9095FF6F0DE1,REANONYMIZE,C_CONTRAST,False,1.0,0.25,0.75,True,,True,False
qwen3.8-27b,INC-9095FF6F0DE1,REANONYMIZE,M_TEXT,False,1.0,1.0,0.0,False,,False,False
qwen3.8-27b,INC-9095FF6F0DE1,REPLICATE_1,C_CONTRAST,True,0.25,0.25,0.0,False,False,False,False
qwen3.8-27b,INC-9095FF6F0DE1,REPLICATE_1,M_TEXT,True,1.0,1.0,0.0,False,False,False,False
qwen3.8-27b,INC-9095FF6F0DE1,REPLICATE_2,C_CONTRAST,True,0.25,0.25,0.0,False,False,False,False
qwen3.8-27b,INC-9095FF6F0DE1,REPLICATE_2,M_TEXT,True,1.0,1.0,0.0,False,False,False,False
qwen3.8-27b,INC-452942E7A056,REMOVE_TARGET,C_CONTRAST,False,0.0,1.0,-1.0,True,True,False,True
qwen3.8-27b,INC-452942E7A056,REMOVE_TARGET,M_TEXT,False,0.0,0.5,-0.5,True,False,False,False
qwen3.8-27b,INC-452942E7A056,REMOVE_MATCHED_NONTARGET,C_CONTRAST,False,1.0,1.0,0.0,False,False,False,False
qwen3.8-27b,INC-452942E7A056,REMOVE_MATCHED_NONTARGET,M_TEXT,False,0.5,0.5,0.0,False,False,False,False
qwen3.8-27b,INC-452942E7A056,NO_GROUPING,C_CONTRAST,True,1.0,1.0,0.0,False,False,False,False
qwen3.8-27b,INC-452942E7A056,NO_GROUPING,M_TEXT,False,0.5,0.5,0.0,False,False,False,False
qwen3.8-27b,INC-452942E7A056,REDUNDANT_NOISE,C_CONTRAST,False,1.0,1.0,0.0,False,False,False,False
qwen3.8-27b,INC-452942E7A056,REDUNDANT_NOISE,M_TEXT,False,0.0,0.5,-0.5,True,False,False,False
qwen3.8-27b,INC-452942E7A056,REANONYMIZE,C_CONTRAST,False,1.0,1.0,0.0,False,,False,False
qwen3.8-27b,INC-452942E7A056,REANONYMIZE,M_TEXT,False,1.0,0.5,0.5,True,,True,False
qwen3.8-27b,INC-452942E7A056,REPLICATE_1,C_CONTRAST,True,1.0,1.0,0.0,False,False,False,False
qwen3.8-27b,INC-452942E7A056,REPLICATE_1,M_TEXT,True,0.5,0.5,0.0,False,False,False,False
qwen3.8-27b,INC-452942E7A056,REPLICATE_2,C_CONTRAST,True,1.0,1.0,0.0,False,False,False,False
qwen3.8-27b,INC-452942E7A056,REPLICATE_2,M_TEXT,True,0.5,0.5,0.0,False,False,False,False
qwen3.8-27b,INC-FCED40C68B88,REMOVE_TARGET,C_CONTRAST,False,1.0,1.0,0.0,False,False,False,False
qwen3.8-27b,INC-FCED40C68B88,REMOVE_TARGET,M_TEXT,False,1.0,1.0,0.0,False,False,False,False
qwen3.8-27b,INC-FCED40C68B88,REMOVE_MATCHED_NONTARGET,C_CONTRAST,False,1.0,1.0,0.0,False,False,False,False
qwen3.8-27b,INC-FCED40C68B88,REMOVE_MATCHED_NONTARGET,M_TEXT,False,1.0,1.0,0.0,False,False,False,False
qwen3.8-27b,INC-FCED40C68B88,NO_GROUPING,C_CONTRAST,True,1.0,1.0,0.0,False,False,False,False
qwen3.8-27b,INC-FCED40C68B88,NO_GROUPING,M_TEXT,False,1.0,1.0,0.0,False,False,False,False
qwen3.8-27b,INC-FCED40C68B88,REDUNDANT_NOISE,C_CONTRAST,False,1.0,1.0,0.0,False,False,False,False
qwen3.8-27b,INC-FCED40C68B88,REDUNDANT_NOISE,M_TEXT,False,1.0,1.0,0.0,False,False,False,False
qwen3.8-27b,INC-FCED40C68B88,REANONYMIZE,C_CONTRAST,False,1.0,1.0,0.0,False,,False,False
qwen3.8-27b,INC-FCED40C68B88,REANONYMIZE,M_TEXT,False,1.0,1.0,0.0,False,,False,False
qwen3.8-27b,INC-FCED40C68B88,REPLICATE_1,C_CONTRAST,True,1.0,1.0,0.0,False,False,False,False
qwen3.8-27b,INC-FCED40C68B88,REPLICATE_1,M_TEXT,True,1.0,1.0,0.0,False,False,False,False
qwen3.8-27b,INC-FCED40C68B88,REPLICATE_2,C_CONTRAST,True,1.0,1.0,0.0,False,False,False,False
qwen3.8-27b,INC-FCED40C68B88,REPLICATE_2,M_TEXT,True,1.0,1.0,0.0,False,False,False,False
qwen3.8-27b,INC-AB544E508C91,REMOVE_TARGET,C_CONTRAST,False,1.0,0.0,1.0,True,True,True,False
qwen3.8-27b,INC-AB544E508C91,REMOVE_TARGET,M_TEXT,False,0.0,0.0,0.0,False,True,False,False
qwen3.8-27b,INC-AB544E508C91,REMOVE_MATCHED_NONTARGET,C_CONTRAST,False,0.0,0.0,0.0,False,True,False,False
qwen3.8-27b,INC-AB544E508C91,REMOVE_MATCHED_NONTARGET,M_TEXT,False,0.0,0.0,0.0,False,False,False,False
qwen3.8-27b,INC-AB544E508C91,NO_GROUPING,C_CONTRAST,True,0.0,0.0,0.0,False,False,False,False
qwen3.8-27b,INC-AB544E508C91,NO_GROUPING,M_TEXT,False,0.0,0.0,0.0,False,True,False,False
qwen3.8-27b,INC-AB544E508C91,REDUNDANT_NOISE,C_CONTRAST,False,0.0,0.0,0.0,False,False,False,False
qwen3.8-27b,INC-AB544E508C91,REDUNDANT_NOISE,M_TEXT,False,0.0,0.0,0.0,False,False,False,False
qwen3.8-27b,INC-AB544E508C91,REANONYMIZE,C_CONTRAST,False,0.3333333333333333,0.0,0.3333333333333333,True,,False,False
qwen3.8-27b,INC-AB544E508C91,REANONYMIZE,M_TEXT,False,0.3333333333333333,0.0,0.3333333333333333,True,,False,False
qwen3.8-27b,INC-AB544E508C91,REPLICATE_1,C_CONTRAST,True,0.0,0.0,0.0,False,False,False,False
qwen3.8-27b,INC-AB544E508C91,REPLICATE_1,M_TEXT,True,0.0,0.0,0.0,False,False,False,False
qwen3.8-27b,INC-AB544E508C91,REPLICATE_2,C_CONTRAST,True,0.0,0.0,0.0,False,False,False,False
qwen3.8-27b,INC-AB544E508C91,REPLICATE_2,M_TEXT,True,0.0,0.0,0.0,False,False,False,False
gemma-4-26b-a4b,INC-E92A6FFD9DC0,REMOVE_TARGET,C_CONTRAST,False,0.0,0.0,0.0,False,False,False,False
gemma-4-26b-a4b,INC-E92A6FFD9DC0,REMOVE_TARGET,M_TEXT,False,0.0,0.0,0.0,False,False,False,False
gemma-4-26b-a4b,INC-E92A6FFD9DC0,REMOVE_MATCHED_NONTARGET,C_CONTRAST,False,0.0,0.0,0.0,False,False,False,False
gemma-4-26b-a4b,INC-E92A6FFD9DC0,REMOVE_MATCHED_NONTARGET,M_TEXT,False,0.0,0.0,0.0,False,False,False,False
gemma-4-26b-a4b,INC-E92A6FFD9DC0,NO_GROUPING,C_CONTRAST,True,0.0,0.0,0.0,False,False,False,False
gemma-4-26b-a4b,INC-E92A6FFD9DC0,NO_GROUPING,M_TEXT,False,0.0,0.0,0.0,False,False,False,False
gemma-4-26b-a4b,INC-E92A6FFD9DC0,REDUNDANT_NOISE,C_CONTRAST,False,0.0,0.0,0.0,False,False,False,False
gemma-4-26b-a4b,INC-E92A6FFD9DC0,REDUNDANT_NOISE,M_TEXT,False,0.0,0.0,0.0,False,False,False,False
gemma-4-26b-a4b,INC-E92A6FFD9DC0,REANONYMIZE,C_CONTRAST,False,0.0,0.0,0.0,False,,False,False
gemma-4-26b-a4b,INC-E92A6FFD9DC0,REANONYMIZE,M_TEXT,False,0.0,0.0,0.0,False,,False,False
gemma-4-26b-a4b,INC-E92A6FFD9DC0,REPLICATE_1,C_CONTRAST,True,0.0,0.0,0.0,False,False,False,False
gemma-4-26b-a4b,INC-E92A6FFD9DC0,REPLICATE_1,M_TEXT,True,0.0,0.0,0.0,False,False,False,False
gemma-4-26b-a4b,INC-E92A6FFD9DC0,REPLICATE_2,C_CONTRAST,True,0.0,0.0,0.0,False,False,False,False
gemma-4-26b-a4b,INC-E92A6FFD9DC0,REPLICATE_2,M_TEXT,True,0.0,0.0,0.0,False,False,False,False
gemma-4-26b-a4b,INC-6CB07956172F,REMOVE_TARGET,C_CONTRAST,False,0.0,0.0,0.0,False,False,False,False
gemma-4-26b-a4b,INC-6CB07956172F,REMOVE_TARGET,M_TEXT,False,0.0,0.0,0.0,False,False,False,False
gemma-4-26b-a4b,INC-6CB07956172F,REMOVE_MATCHED_NONTARGET,C_CONTRAST,False,0.0,0.0,0.0,False,False,False,False
gemma-4-26b-a4b,INC-6CB07956172F,REMOVE_MATCHED_NONTARGET,M_TEXT,False,0.0,0.0,0.0,False,False,False,False
gemma-4-26b-a4b,INC-6CB07956172F,NO_GROUPING,C_CONTRAST,True,0.0,0.0,0.0,False,False,False,False
gemma-4-26b-a4b,INC-6CB07956172F,NO_GROUPING,M_TEXT,False,0.0,0.0,0.0,False,False,False,False
gemma-4-26b-a4b,INC-6CB07956172F,REDUNDANT_NOISE,C_CONTRAST,False,0.0,0.0,0.0,False,True,False,False
gemma-4-26b-a4b,INC-6CB07956172F,REDUNDANT_NOISE,M_TEXT,False,0.0,0.0,0.0,False,True,False,False
gemma-4-26b-a4b,INC-6CB07956172F,REANONYMIZE,C_CONTRAST,False,0.0,0.0,0.0,False,,False,False
gemma-4-26b-a4b,INC-6CB07956172F,REANONYMIZE,M_TEXT,False,0.0,0.0,0.0,False,,False,False
gemma-4-26b-a4b,INC-6CB07956172F,REPLICATE_1,C_CONTRAST,True,0.0,0.0,0.0,False,False,False,False
gemma-4-26b-a4b,INC-6CB07956172F,REPLICATE_1,M_TEXT,True,0.0,0.0,0.0,False,False,False,False
gemma-4-26b-a4b,INC-6CB07956172F,REPLICATE_2,C_CONTRAST,True,0.0,0.0,0.0,False,False,False,False
gemma-4-26b-a4b,INC-6CB07956172F,REPLICATE_2,M_TEXT,True,0.0,0.0,0.0,False,False,False,False
gemma-4-26b-a4b,INC-A2F0E757DD2A,REMOVE_TARGET,C_CONTRAST,False,1.0,1.0,0.0,False,False,False,False
gemma-4-26b-a4b,INC-A2F0E757DD2A,REMOVE_TARGET,M_TEXT,False,1.0,1.0,0.0,False,False,False,False
gemma-4-26b-a4b,INC-A2F0E757DD2A,REMOVE_MATCHED_NONTARGET,C_CONTRAST,False,1.0,1.0,0.0,False,False,False,False
gemma-4-26b-a4b,INC-A2F0E757DD2A,REMOVE_MATCHED_NONTARGET,M_TEXT,False,1.0,1.0,0.0,False,False,False,False
gemma-4-26b-a4b,INC-A2F0E757DD2A,NO_GROUPING,C_CONTRAST,True,1.0,1.0,0.0,False,False,False,False
gemma-4-26b-a4b,INC-A2F0E757DD2A,NO_GROUPING,M_TEXT,False,1.0,1.0,0.0,False,False,False,False
gemma-4-26b-a4b,INC-A2F0E757DD2A,REDUNDANT_NOISE,C_CONTRAST,False,1.0,1.0,0.0,False,False,False,False
gemma-4-26b-a4b,INC-A2F0E757DD2A,REDUNDANT_NOISE,M_TEXT,False,1.0,1.0,0.0,False,True,False,False
gemma-4-26b-a4b,INC-A2F0E757DD2A,REANONYMIZE,C_CONTRAST,False,1.0,1.0,0.0,False,,False,False
gemma-4-26b-a4b,INC-A2F0E757DD2A,REANONYMIZE,M_TEXT,False,1.0,1.0,0.0,False,,False,False
gemma-4-26b-a4b,INC-A2F0E757DD2A,REPLICATE_1,C_CONTRAST,True,1.0,1.0,0.0,False,False,False,False
gemma-4-26b-a4b,INC-A2F0E757DD2A,REPLICATE_1,M_TEXT,True,1.0,1.0,0.0,False,False,False,False
gemma-4-26b-a4b,INC-A2F0E757DD2A,REPLICATE_2,C_CONTRAST,True,1.0,1.0,0.0,False,False,False,False
gemma-4-26b-a4b,INC-A2F0E757DD2A,REPLICATE_2,M_TEXT,True,1.0,1.0,0.0,False,False,False,False
gemma-4-26b-a4b,INC-39682657768A,NO_GROUPING,C_CONTRAST,True,0.0,0.0,0.0,False,True,False,False
gemma-4-26b-a4b,INC-39682657768A,NO_GROUPING,M_TEXT,False,1.0,0.0,1.0,True,True,True,False
gemma-4-26b-a4b,INC-39682657768A,REDUNDANT_NOISE,C_CONTRAST,False,1.0,0.0,1.0,True,True,True,False
gemma-4-26b-a4b,INC-39682657768A,REDUNDANT_NOISE,M_TEXT,False,1.0,0.0,1.0,True,True,True,False
gemma-4-26b-a4b,INC-39682657768A,REANONYMIZE,C_CONTRAST,False,1.0,0.0,1.0,True,,True,False
gemma-4-26b-a4b,INC-39682657768A,REANONYMIZE,M_TEXT,False,0.0,0.0,0.0,False,,False,False
gemma-4-26b-a4b,INC-39682657768A,REPLICATE_1,C_CONTRAST,True,0.0,0.0,0.0,False,True,False,False
gemma-4-26b-a4b,INC-39682657768A,REPLICATE_1,M_TEXT,True,0.0,0.0,0.0,False,False,False,False
gemma-4-26b-a4b,INC-39682657768A,REPLICATE_2,C_CONTRAST,True,0.0,0.0,0.0,False,True,False,False
gemma-4-26b-a4b,INC-39682657768A,REPLICATE_2,M_TEXT,True,0.0,0.0,0.0,False,False,False,False
gemma-4-26b-a4b,INC-133324A21C16,REMOVE_TARGET,C_CONTRAST,False,0.0,1.0,-1.0,True,True,False,True
gemma-4-26b-a4b,INC-133324A21C16,REMOVE_TARGET,M_TEXT,False,0.0,1.0,-1.0,True,True,False,True
gemma-4-26b-a4b,INC-133324A21C16,REMOVE_MATCHED_NONTARGET,C_CONTRAST,False,0.0,1.0,-1.0,True,True,False,True
gemma-4-26b-a4b,INC-133324A21C16,REMOVE_MATCHED_NONTARGET,M_TEXT,False,1.0,1.0,0.0,False,False,False,False
gemma-4-26b-a4b,INC-133324A21C16,NO_GROUPING,C_CONTRAST,True,1.0,1.0,0.0,False,False,False,False
gemma-4-26b-a4b,INC-133324A21C16,NO_GROUPING,M_TEXT,False,1.0,1.0,0.0,False,False,False,False
gemma-4-26b-a4b,INC-133324A21C16,REDUNDANT_NOISE,C_CONTRAST,False,1.0,1.0,0.0,False,False,False,False
gemma-4-26b-a4b,INC-133324A21C16,REDUNDANT_NOISE,M_TEXT,False,1.0,1.0,0.0,False,False,False,False
gemma-4-26b-a4b,INC-133324A21C16,REANONYMIZE,C_CONTRAST,False,1.0,1.0,0.0,False,,False,False
gemma-4-26b-a4b,INC-133324A21C16,REANONYMIZE,M_TEXT,False,1.0,1.0,0.0,False,,False,False
gemma-4-26b-a4b,INC-133324A21C16,REPLICATE_1,C_CONTRAST,True,1.0,1.0,0.0,False,False,False,False
gemma-4-26b-a4b,INC-133324A21C16,REPLICATE_1,M_TEXT,True,1.0,1.0,0.0,False,False,False,False
gemma-4-26b-a4b,INC-133324A21C16,REPLICATE_2,C_CONTRAST,True,1.0,1.0,0.0,False,False,False,False
gemma-4-26b-a4b,INC-133324A21C16,REPLICATE_2,M_TEXT,True,1.0,1.0,0.0,False,False,False,False
gemma-4-26b-a4b,INC-F0B46AA8EB55,NO_GROUPING,C_CONTRAST,True,0.0,0.0,0.0,False,False,False,False
gemma-4-26b-a4b,INC-F0B46AA8EB55,NO_GROUPING,M_TEXT,False,0.0,0.0,0.0,False,False,False,False
gemma-4-26b-a4b,INC-F0B46AA8EB55,REDUNDANT_NOISE,C_CONTRAST,False,0.0,0.0,0.0,False,False,False,False
gemma-4-26b-a4b,INC-F0B46AA8EB55,REDUNDANT_NOISE,M_TEXT,False,0.0,0.0,0.0,False,False,False,False
gemma-4-26b-a4b,INC-F0B46AA8EB55,REANONYMIZE,C_CONTRAST,False,0.0,0.0,0.0,False,,False,False
gemma-4-26b-a4b,INC-F0B46AA8EB55,REANONYMIZE,M_TEXT,False,0.0,0.0,0.0,False,,False,False
gemma-4-26b-a4b,INC-F0B46AA8EB55,REPLICATE_1,C_CONTRAST,True,0.0,0.0,0.0,False,False,False,False
gemma-4-26b-a4b,INC-F0B46AA8EB55,REPLICATE_1,M_TEXT,True,0.0,0.0,0.0,False,False,False,False
gemma-4-26b-a4b,INC-F0B46AA8EB55,REPLICATE_2,C_CONTRAST,True,0.0,0.0,0.0,False,False,False,False
gemma-4-26b-a4b,INC-F0B46AA8EB55,REPLICATE_2,M_TEXT,True,0.0,0.0,0.0,False,False,False,False
gemma-4-26b-a4b,INC-A89422C045DE,REMOVE_TARGET,C_CONTRAST,False,0.0,0.0,0.0,False,False,False,False
gemma-4-26b-a4b,INC-A89422C045DE,REMOVE_TARGET,M_TEXT,False,0.0,0.0,0.0,False,False,False,False
gemma-4-26b-a4b,INC-A89422C045DE,REMOVE_MATCHED_NONTARGET,C_CONTRAST,False,0.0,0.0,0.0,False,False,False,False
gemma-4-26b-a4b,INC-A89422C045DE,REMOVE_MATCHED_NONTARGET,M_TEXT,False,0.0,0.0,0.0,False,False,False,False
gemma-4-26b-a4b,INC-A89422C045DE,NO_GROUPING,C_CONTRAST,True,0.0,0.0,0.0,False,False,False,False
gemma-4-26b-a4b,INC-A89422C045DE,NO_GROUPING,M_TEXT,False,0.0,0.0,0.0,False,False,False,False
gemma-4-26b-a4b,INC-A89422C045DE,REDUNDANT_NOISE,C_CONTRAST,False,0.0,0.0,0.0,False,False,False,False
gemma-4-26b-a4b,INC-A89422C045DE,REDUNDANT_NOISE,M_TEXT,False,0.0,0.0,0.0,False,False,False,False
gemma-4-26b-a4b,INC-A89422C045DE,REANONYMIZE,C_CONTRAST,False,0.0,0.0,0.0,False,,False,False
gemma-4-26b-a4b,INC-A89422C045DE,REANONYMIZE,M_TEXT,False,0.0,0.0,0.0,False,,False,False
gemma-4-26b-a4b,INC-A89422C045DE,REPLICATE_1,C_CONTRAST,True,0.0,0.0,0.0,False,False,False,False
gemma-4-26b-a4b,INC-A89422C045DE,REPLICATE_1,M_TEXT,True,0.0,0.0,0.0,False,False,False,False
gemma-4-26b-a4b,INC-A89422C045DE,REPLICATE_2,C_CONTRAST,True,0.0,0.0,0.0,False,False,False,False
gemma-4-26b-a4b,INC-A89422C045DE,REPLICATE_2,M_TEXT,True,0.0,0.0,0.0,False,False,False,False
gemma-4-26b-a4b,INC-1D3579F09C93,NO_GROUPING,C_CONTRAST,True,0.0,0.0,0.0,False,False,False,False
gemma-4-26b-a4b,INC-1D3579F09C93,NO_GROUPING,M_TEXT,False,0.0,0.0,0.0,False,False,False,False
gemma-4-26b-a4b,INC-1D3579F09C93,REDUNDANT_NOISE,C_CONTRAST,False,0.0,0.0,0.0,False,False,False,False
gemma-4-26b-a4b,INC-1D3579F09C93,REDUNDANT_NOISE,M_TEXT,False,0.0,0.0,0.0,False,False,False,False
gemma-4-26b-a4b,INC-1D3579F09C93,REANONYMIZE,C_CONTRAST,False,0.0,0.0,0.0,False,,False,False
gemma-4-26b-a4b,INC-1D3579F09C93,REANONYMIZE,M_TEXT,False,0.0,0.0,0.0,False,,False,False
gemma-4-26b-a4b,INC-1D3579F09C93,REPLICATE_1,C_CONTRAST,True,0.0,0.0,0.0,False,False,False,False
gemma-4-26b-a4b,INC-1D3579F09C93,REPLICATE_1,M_TEXT,True,0.0,0.0,0.0,False,True,False,False
gemma-4-26b-a4b,INC-1D3579F09C93,REPLICATE_2,C_CONTRAST,True,0.0,0.0,0.0,False,False,False,False
gemma-4-26b-a4b,INC-1D3579F09C93,REPLICATE_2,M_TEXT,True,0.0,0.0,0.0,False,True,False,False
gemma-4-26b-a4b,INC-FD27B5B35F1F,REMOVE_TARGET,C_CONTRAST,False,0.0,1.0,-1.0,True,True,False,True
gemma-4-26b-a4b,INC-FD27B5B35F1F,REMOVE_TARGET,M_TEXT,False,0.0,0.0,0.0,False,False,False,False
gemma-4-26b-a4b,INC-FD27B5B35F1F,REMOVE_MATCHED_NONTARGET,C_CONTRAST,False,1.0,1.0,0.0,False,False,False,False
gemma-4-26b-a4b,INC-FD27B5B35F1F,REMOVE_MATCHED_NONTARGET,M_TEXT,False,0.0,0.0,0.0,False,False,False,False
gemma-4-26b-a4b,INC-FD27B5B35F1F,NO_GROUPING,C_CONTRAST,True,1.0,1.0,0.0,False,False,False,False
gemma-4-26b-a4b,INC-FD27B5B35F1F,NO_GROUPING,M_TEXT,False,0.0,0.0,0.0,False,False,False,False
gemma-4-26b-a4b,INC-FD27B5B35F1F,REDUNDANT_NOISE,C_CONTRAST,False,1.0,1.0,0.0,False,False,False,False
gemma-4-26b-a4b,INC-FD27B5B35F1F,REDUNDANT_NOISE,M_TEXT,False,0.0,0.0,0.0,False,False,False,False
gemma-4-26b-a4b,INC-FD27B5B35F1F,REANONYMIZE,C_CONTRAST,False,1.0,1.0,0.0,False,,False,False
gemma-4-26b-a4b,INC-FD27B5B35F1F,REANONYMIZE,M_TEXT,False,0.0,0.0,0.0,False,,False,False
gemma-4-26b-a4b,INC-FD27B5B35F1F,REPLICATE_1,C_CONTRAST,True,1.0,1.0,0.0,False,False,False,False
gemma-4-26b-a4b,INC-FD27B5B35F1F,REPLICATE_1,M_TEXT,True,0.0,0.0,0.0,False,False,False,False
gemma-4-26b-a4b,INC-FD27B5B35F1F,REPLICATE_2,C_CONTRAST,True,1.0,1.0,0.0,False,False,False,False
gemma-4-26b-a4b,INC-FD27B5B35F1F,REPLICATE_2,M_TEXT,True,0.0,0.0,0.0,False,False,False,False
gemma-4-26b-a4b,INC-C7962AC24637,REMOVE_TARGET,C_CONTRAST,False,1.0,1.0,0.0,False,False,False,False
gemma-4-26b-a4b,INC-C7962AC24637,REMOVE_TARGET,M_TEXT,False,1.0,1.0,0.0,False,False,False,False
gemma-4-26b-a4b,INC-C7962AC24637,REMOVE_MATCHED_NONTARGET,C_CONTRAST,False,1.0,1.0,0.0,False,False,False,False
gemma-4-26b-a4b,INC-C7962AC24637,REMOVE_MATCHED_NONTARGET,M_TEXT,False,1.0,1.0,0.0,False,False,False,False
gemma-4-26b-a4b,INC-C7962AC24637,NO_GROUPING,C_CONTRAST,True,1.0,1.0,0.0,False,False,False,False
gemma-4-26b-a4b,INC-C7962AC24637,NO_GROUPING,M_TEXT,False,1.0,1.0,0.0,False,True,False,False
gemma-4-26b-a4b,INC-C7962AC24637,REDUNDANT_NOISE,C_CONTRAST,False,1.0,1.0,0.0,False,False,False,False
gemma-4-26b-a4b,INC-C7962AC24637,REDUNDANT_NOISE,M_TEXT,False,1.0,1.0,0.0,False,True,False,False
gemma-4-26b-a4b,INC-C7962AC24637,REANONYMIZE,C_CONTRAST,False,1.0,1.0,0.0,False,,False,False
gemma-4-26b-a4b,INC-C7962AC24637,REANONYMIZE,M_TEXT,False,1.0,1.0,0.0,False,,False,False
gemma-4-26b-a4b,INC-C7962AC24637,REPLICATE_1,C_CONTRAST,True,1.0,1.0,0.0,False,False,False,False
gemma-4-26b-a4b,INC-C7962AC24637,REPLICATE_1,M_TEXT,True,1.0,1.0,0.0,False,False,False,False
gemma-4-26b-a4b,INC-C7962AC24637,REPLICATE_2,C_CONTRAST,True,1.0,1.0,0.0,False,False,False,False
gemma-4-26b-a4b,INC-C7962AC24637,REPLICATE_2,M_TEXT,True,1.0,1.0,0.0,False,False,False,False
gemma-4-26b-a4b,INC-37ABFB78A80E,REMOVE_TARGET,C_CONTRAST,False,0.0,1.0,-1.0,True,True,False,True
gemma-4-26b-a4b,INC-37ABFB78A80E,REMOVE_TARGET,M_TEXT,False,0.0,0.0,0.0,False,True,False,False
gemma-4-26b-a4b,INC-37ABFB78A80E,REMOVE_MATCHED_NONTARGET,C_CONTRAST,False,1.0,1.0,0.0,False,False,False,False
gemma-4-26b-a4b,INC-37ABFB78A80E,REMOVE_MATCHED_NONTARGET,M_TEXT,False,0.0,0.0,0.0,False,False,False,False
gemma-4-26b-a4b,INC-37ABFB78A80E,NO_GROUPING,C_CONTRAST,True,1.0,1.0,0.0,False,False,False,False
gemma-4-26b-a4b,INC-37ABFB78A80E,NO_GROUPING,M_TEXT,False,0.0,0.0,0.0,False,False,False,False
gemma-4-26b-a4b,INC-37ABFB78A80E,REDUNDANT_NOISE,C_CONTRAST,False,0.0,1.0,-1.0,True,True,False,True
gemma-4-26b-a4b,INC-37ABFB78A80E,REDUNDANT_NOISE,M_TEXT,False,0.0,0.0,0.0,False,False,False,False
gemma-4-26b-a4b,INC-37ABFB78A80E,REANONYMIZE,C_CONTRAST,False,1.0,1.0,0.0,False,,False,False
gemma-4-26b-a4b,INC-37ABFB78A80E,REANONYMIZE,M_TEXT,False,0.0,0.0,0.0,False,,False,False
gemma-4-26b-a4b,INC-37ABFB78A80E,REPLICATE_1,C_CONTRAST,True,1.0,1.0,0.0,False,False,False,False
gemma-4-26b-a4b,INC-37ABFB78A80E,REPLICATE_1,M_TEXT,True,0.0,0.0,0.0,False,False,False,False
gemma-4-26b-a4b,INC-37ABFB78A80E,REPLICATE_2,C_CONTRAST,True,1.0,1.0,0.0,False,False,False,False
gemma-4-26b-a4b,INC-37ABFB78A80E,REPLICATE_2,M_TEXT,True,0.0,0.0,0.0,False,False,False,False
gemma-4-26b-a4b,INC-1FF1DA038ECD,REMOVE_TARGET,C_CONTRAST,False,0.0,0.0,0.0,False,True,False,False
gemma-4-26b-a4b,INC-1FF1DA038ECD,REMOVE_TARGET,M_TEXT,False,0.0,0.0,0.0,False,False,False,False
gemma-4-26b-a4b,INC-1FF1DA038ECD,REMOVE_MATCHED_NONTARGET,C_CONTRAST,False,0.0,0.0,0.0,False,False,False,False
gemma-4-26b-a4b,INC-1FF1DA038ECD,REMOVE_MATCHED_NONTARGET,M_TEXT,False,0.0,0.0,0.0,False,False,False,False
gemma-4-26b-a4b,INC-1FF1DA038ECD,NO_GROUPING,C_CONTRAST,True,0.0,0.0,0.0,False,False,False,False
gemma-4-26b-a4b,INC-1FF1DA038ECD,NO_GROUPING,M_TEXT,False,0.0,0.0,0.0,False,True,False,False
gemma-4-26b-a4b,INC-1FF1DA038ECD,REDUNDANT_NOISE,C_CONTRAST,False,0.0,0.0,0.0,False,False,False,False
gemma-4-26b-a4b,INC-1FF1DA038ECD,REDUNDANT_NOISE,M_TEXT,False,0.0,0.0,0.0,False,True,False,False
gemma-4-26b-a4b,INC-1FF1DA038ECD,REANONYMIZE,C_CONTRAST,False,0.0,0.0,0.0,False,,False,False
gemma-4-26b-a4b,INC-1FF1DA038ECD,REANONYMIZE,M_TEXT,False,0.0,0.0,0.0,False,,False,False
gemma-4-26b-a4b,INC-1FF1DA038ECD,REPLICATE_1,C_CONTRAST,True,0.0,0.0,0.0,False,False,False,False
gemma-4-26b-a4b,INC-1FF1DA038ECD,REPLICATE_1,M_TEXT,True,0.0,0.0,0.0,False,False,False,False
gemma-4-26b-a4b,INC-1FF1DA038ECD,REPLICATE_2,C_CONTRAST,True,0.0,0.0,0.0,False,False,False,False
gemma-4-26b-a4b,INC-1FF1DA038ECD,REPLICATE_2,M_TEXT,True,0.0,0.0,0.0,False,True,False,False
gemma-4-26b-a4b,INC-385F3FDBBD1F,REMOVE_TARGET,C_CONTRAST,False,0.0,1.0,-1.0,True,True,False,True
gemma-4-26b-a4b,INC-385F3FDBBD1F,REMOVE_TARGET,M_TEXT,False,0.0,1.0,-1.0,True,True,False,True
gemma-4-26b-a4b,INC-385F3FDBBD1F,REMOVE_MATCHED_NONTARGET,C_CONTRAST,False,1.0,1.0,0.0,False,False,False,False
gemma-4-26b-a4b,INC-385F3FDBBD1F,REMOVE_MATCHED_NONTARGET,M_TEXT,False,1.0,1.0,0.0,False,False,False,False
gemma-4-26b-a4b,INC-385F3FDBBD1F,NO_GROUPING,C_CONTRAST,True,1.0,1.0,0.0,False,False,False,False
gemma-4-26b-a4b,INC-385F3FDBBD1F,NO_GROUPING,M_TEXT,False,1.0,1.0,0.0,False,False,False,False
gemma-4-26b-a4b,INC-385F3FDBBD1F,REDUNDANT_NOISE,C_CONTRAST,False,1.0,1.0,0.0,False,False,False,False
gemma-4-26b-a4b,INC-385F3FDBBD1F,REDUNDANT_NOISE,M_TEXT,False,1.0,1.0,0.0,False,False,False,False
gemma-4-26b-a4b,INC-385F3FDBBD1F,REANONYMIZE,C_CONTRAST,False,1.0,1.0,0.0,False,,False,False
gemma-4-26b-a4b,INC-385F3FDBBD1F,REANONYMIZE,M_TEXT,False,1.0,1.0,0.0,False,,False,False
gemma-4-26b-a4b,INC-385F3FDBBD1F,REPLICATE_1,C_CONTRAST,True,1.0,1.0,0.0,False,False,False,False
gemma-4-26b-a4b,INC-385F3FDBBD1F,REPLICATE_1,M_TEXT,True,1.0,1.0,0.0,False,False,False,False
gemma-4-26b-a4b,INC-385F3FDBBD1F,REPLICATE_2,C_CONTRAST,True,1.0,1.0,0.0,False,False,False,False
gemma-4-26b-a4b,INC-385F3FDBBD1F,REPLICATE_2,M_TEXT,True,1.0,1.0,0.0,False,False,False,False
gemma-4-26b-a4b,INC-018AC5D486B5,REMOVE_TARGET,C_CONTRAST,False,0.0,0.0,0.0,False,False,False,False
gemma-4-26b-a4b,INC-018AC5D486B5,REMOVE_TARGET,M_TEXT,False,0.0,0.0,0.0,False,False,False,False
gemma-4-26b-a4b,INC-018AC5D486B5,REMOVE_MATCHED_NONTARGET,C_CONTRAST,False,0.0,0.0,0.0,False,False,False,False
gemma-4-26b-a4b,INC-018AC5D486B5,REMOVE_MATCHED_NONTARGET,M_TEXT,False,0.0,0.0,0.0,False,False,False,False
gemma-4-26b-a4b,INC-018AC5D486B5,NO_GROUPING,C_CONTRAST,True,0.0,0.0,0.0,False,False,False,False
gemma-4-26b-a4b,INC-018AC5D486B5,NO_GROUPING,M_TEXT,False,0.0,0.0,0.0,False,False,False,False
gemma-4-26b-a4b,INC-018AC5D486B5,REDUNDANT_NOISE,C_CONTRAST,False,0.0,0.0,0.0,False,False,False,False
gemma-4-26b-a4b,INC-018AC5D486B5,REDUNDANT_NOISE,M_TEXT,False,0.0,0.0,0.0,False,False,False,False
gemma-4-26b-a4b,INC-018AC5D486B5,REANONYMIZE,C_CONTRAST,False,0.0,0.0,0.0,False,,False,False
gemma-4-26b-a4b,INC-018AC5D486B5,REANONYMIZE,M_TEXT,False,0.0,0.0,0.0,False,,False,False
gemma-4-26b-a4b,INC-018AC5D486B5,REPLICATE_1,C_CONTRAST,True,0.0,0.0,0.0,False,False,False,False
gemma-4-26b-a4b,INC-018AC5D486B5,REPLICATE_1,M_TEXT,True,0.0,0.0,0.0,False,False,False,False
gemma-4-26b-a4b,INC-018AC5D486B5,REPLICATE_2,C_CONTRAST,True,0.0,0.0,0.0,False,False,False,False
gemma-4-26b-a4b,INC-018AC5D486B5,REPLICATE_2,M_TEXT,True,0.0,0.0,0.0,False,False,False,False
gemma-4-26b-a4b,INC-50C26A55D214,REMOVE_TARGET,C_CONTRAST,False,0.0,1.0,-1.0,True,True,False,True
gemma-4-26b-a4b,INC-50C26A55D214,REMOVE_TARGET,M_TEXT,False,1.0,1.0,0.0,False,False,False,False
gemma-4-26b-a4b,INC-50C26A55D214,REMOVE_MATCHED_NONTARGET,C_CONTRAST,False,1.0,1.0,0.0,False,False,False,False
gemma-4-26b-a4b,INC-50C26A55D214,REMOVE_MATCHED_NONTARGET,M_TEXT,False,1.0,1.0,0.0,False,False,False,False
gemma-4-26b-a4b,INC-50C26A55D214,NO_GROUPING,C_CONTRAST,True,1.0,1.0,0.0,False,False,False,False
gemma-4-26b-a4b,INC-50C26A55D214,NO_GROUPING,M_TEXT,False,1.0,1.0,0.0,False,False,False,False
gemma-4-26b-a4b,INC-50C26A55D214,REDUNDANT_NOISE,C_CONTRAST,False,1.0,1.0,0.0,False,False,False,False
gemma-4-26b-a4b,INC-50C26A55D214,REDUNDANT_NOISE,M_TEXT,False,1.0,1.0,0.0,False,False,False,False
gemma-4-26b-a4b,INC-50C26A55D214,REANONYMIZE,C_CONTRAST,False,1.0,1.0,0.0,False,,False,False
gemma-4-26b-a4b,INC-50C26A55D214,REANONYMIZE,M_TEXT,False,1.0,1.0,0.0,False,,False,False
gemma-4-26b-a4b,INC-50C26A55D214,REPLICATE_1,C_CONTRAST,True,1.0,1.0,0.0,False,False,False,False
gemma-4-26b-a4b,INC-50C26A55D214,REPLICATE_1,M_TEXT,True,1.0,1.0,0.0,False,False,False,False
gemma-4-26b-a4b,INC-50C26A55D214,REPLICATE_2,C_CONTRAST,True,1.0,1.0,0.0,False,False,False,False
gemma-4-26b-a4b,INC-50C26A55D214,REPLICATE_2,M_TEXT,True,1.0,1.0,0.0,False,False,False,False
gemma-4-26b-a4b,INC-3C072440A74A,REMOVE_TARGET,C_CONTRAST,False,0.0,0.0,0.0,False,False,False,False
gemma-4-26b-a4b,INC-3C072440A74A,REMOVE_TARGET,M_TEXT,False,0.0,0.0,0.0,False,False,False,False
gemma-4-26b-a4b,INC-3C072440A74A,REMOVE_MATCHED_NONTARGET,C_CONTRAST,False,0.0,0.0,0.0,False,False,False,False
gemma-4-26b-a4b,INC-3C072440A74A,REMOVE_MATCHED_NONTARGET,M_TEXT,False,0.0,0.0,0.0,False,False,False,False
gemma-4-26b-a4b,INC-3C072440A74A,NO_GROUPING,C_CONTRAST,True,0.0,0.0,0.0,False,False,False,False
gemma-4-26b-a4b,INC-3C072440A74A,NO_GROUPING,M_TEXT,False,0.0,0.0,0.0,False,False,False,False
gemma-4-26b-a4b,INC-3C072440A74A,REDUNDANT_NOISE,C_CONTRAST,False,0.0,0.0,0.0,False,False,False,False
gemma-4-26b-a4b,INC-3C072440A74A,REDUNDANT_NOISE,M_TEXT,False,0.0,0.0,0.0,False,False,False,False
gemma-4-26b-a4b,INC-3C072440A74A,REANONYMIZE,C_CONTRAST,False,0.0,0.0,0.0,False,,False,False
gemma-4-26b-a4b,INC-3C072440A74A,REANONYMIZE,M_TEXT,False,0.0,0.0,0.0,False,,False,False
gemma-4-26b-a4b,INC-3C072440A74A,REPLICATE_1,C_CONTRAST,True,0.0,0.0,0.0,False,False,False,False
gemma-4-26b-a4b,INC-3C072440A74A,REPLICATE_1,M_TEXT,True,0.0,0.0,0.0,False,False,False,False
gemma-4-26b-a4b,INC-3C072440A74A,REPLICATE_2,C_CONTRAST,True,0.0,0.0,0.0,False,False,False,False
gemma-4-26b-a4b,INC-3C072440A74A,REPLICATE_2,M_TEXT,True,0.0,0.0,0.0,False,False,False,False
gemma-4-26b-a4b,INC-C1795BBAEEF2,REMOVE_TARGET,C_CONTRAST,False,0.0,1.0,-1.0,True,True,False,True
gemma-4-26b-a4b,INC-C1795BBAEEF2,REMOVE_TARGET,M_TEXT,False,0.0,1.0,-1.0,True,True,False,True
gemma-4-26b-a4b,INC-C1795BBAEEF2,REMOVE_MATCHED_NONTARGET,C_CONTRAST,False,1.0,1.0,0.0,False,False,False,False
gemma-4-26b-a4b,INC-C1795BBAEEF2,REMOVE_MATCHED_NONTARGET,M_TEXT,False,1.0,1.0,0.0,False,False,False,False
gemma-4-26b-a4b,INC-C1795BBAEEF2,NO_GROUPING,C_CONTRAST,True,1.0,1.0,0.0,False,False,False,False
gemma-4-26b-a4b,INC-C1795BBAEEF2,NO_GROUPING,M_TEXT,False,1.0,1.0,0.0,False,False,False,False
gemma-4-26b-a4b,INC-C1795BBAEEF2,REDUNDANT_NOISE,C_CONTRAST,False,1.0,1.0,0.0,False,False,False,False
gemma-4-26b-a4b,INC-C1795BBAEEF2,REDUNDANT_NOISE,M_TEXT,False,1.0,1.0,0.0,False,False,False,False
gemma-4-26b-a4b,INC-C1795BBAEEF2,REANONYMIZE,C_CONTRAST,False,1.0,1.0,0.0,False,,False,False
gemma-4-26b-a4b,INC-C1795BBAEEF2,REANONYMIZE,M_TEXT,False,1.0,1.0,0.0,False,,False,False
gemma-4-26b-a4b,INC-C1795BBAEEF2,REPLICATE_1,C_CONTRAST,True,1.0,1.0,0.0,False,False,False,False
gemma-4-26b-a4b,INC-C1795BBAEEF2,REPLICATE_1,M_TEXT,True,1.0,1.0,0.0,False,False,False,False
gemma-4-26b-a4b,INC-C1795BBAEEF2,REPLICATE_2,C_CONTRAST,True,1.0,1.0,0.0,False,False,False,False
gemma-4-26b-a4b,INC-C1795BBAEEF2,REPLICATE_2,M_TEXT,True,1.0,1.0,0.0,False,False,False,False
gemma-4-26b-a4b,INC-9AF32547D264,REMOVE_TARGET,C_CONTRAST,False,0.0,0.0,0.0,False,False,False,False
gemma-4-26b-a4b,INC-9AF32547D264,REMOVE_TARGET,M_TEXT,False,0.0,0.0,0.0,False,False,False,False
gemma-4-26b-a4b,INC-9AF32547D264,REMOVE_MATCHED_NONTARGET,C_CONTRAST,False,0.0,0.0,0.0,False,False,False,False
gemma-4-26b-a4b,INC-9AF32547D264,REMOVE_MATCHED_NONTARGET,M_TEXT,False,0.0,0.0,0.0,False,False,False,False
gemma-4-26b-a4b,INC-9AF32547D264,NO_GROUPING,C_CONTRAST,True,0.0,0.0,0.0,False,False,False,False
gemma-4-26b-a4b,INC-9AF32547D264,NO_GROUPING,M_TEXT,False,0.0,0.0,0.0,False,False,False,False
gemma-4-26b-a4b,INC-9AF32547D264,REDUNDANT_NOISE,C_CONTRAST,False,0.0,0.0,0.0,False,True,False,False
gemma-4-26b-a4b,INC-9AF32547D264,REDUNDANT_NOISE,M_TEXT,False,0.0,0.0,0.0,False,False,False,False
gemma-4-26b-a4b,INC-9AF32547D264,REANONYMIZE,C_CONTRAST,False,0.0,0.0,0.0,False,,False,False
gemma-4-26b-a4b,INC-9AF32547D264,REANONYMIZE,M_TEXT,False,0.0,0.0,0.0,False,,False,False
gemma-4-26b-a4b,INC-9AF32547D264,REPLICATE_1,C_CONTRAST,True,0.0,0.0,0.0,False,False,False,False
gemma-4-26b-a4b,INC-9AF32547D264,REPLICATE_1,M_TEXT,True,0.0,0.0,0.0,False,False,False,False
gemma-4-26b-a4b,INC-9AF32547D264,REPLICATE_2,C_CONTRAST,True,0.0,0.0,0.0,False,False,False,False
gemma-4-26b-a4b,INC-9AF32547D264,REPLICATE_2,M_TEXT,True,0.0,0.0,0.0,False,False,False,False
gemma-4-26b-a4b,INC-BD5F475DAC3C,REMOVE_TARGET,C_CONTRAST,False,0.0,0.0,0.0,False,False,False,False
gemma-4-26b-a4b,INC-BD5F475DAC3C,REMOVE_TARGET,M_TEXT,False,0.0,1.0,-1.0,True,True,False,True
gemma-4-26b-a4b,INC-BD5F475DAC3C,REMOVE_MATCHED_NONTARGET,C_CONTRAST,False,0.0,0.0,0.0,False,True,False,False
gemma-4-26b-a4b,INC-BD5F475DAC3C,REMOVE_MATCHED_NONTARGET,M_TEXT,False,0.0,1.0,-1.0,True,True,False,True
gemma-4-26b-a4b,INC-BD5F475DAC3C,NO_GROUPING,C_CONTRAST,True,0.0,0.0,0.0,False,False,False,False
gemma-4-26b-a4b,INC-BD5F475DAC3C,NO_GROUPING,M_TEXT,False,0.0,1.0,-1.0,True,True,False,True
gemma-4-26b-a4b,INC-BD5F475DAC3C,REDUNDANT_NOISE,C_CONTRAST,False,0.0,0.0,0.0,False,False,False,False
gemma-4-26b-a4b,INC-BD5F475DAC3C,REDUNDANT_NOISE,M_TEXT,False,0.0,1.0,-1.0,True,True,False,True
gemma-4-26b-a4b,INC-BD5F475DAC3C,REANONYMIZE,C_CONTRAST,False,1.0,0.0,1.0,True,,True,False
gemma-4-26b-a4b,INC-BD5F475DAC3C,REANONYMIZE,M_TEXT,False,0.0,1.0,-1.0,True,,False,True
gemma-4-26b-a4b,INC-BD5F475DAC3C,REPLICATE_1,C_CONTRAST,True,0.0,0.0,0.0,False,False,False,False
gemma-4-26b-a4b,INC-BD5F475DAC3C,REPLICATE_1,M_TEXT,True,1.0,1.0,0.0,False,False,False,False
gemma-4-26b-a4b,INC-BD5F475DAC3C,REPLICATE_2,C_CONTRAST,True,0.0,0.0,0.0,False,False,False,False
gemma-4-26b-a4b,INC-BD5F475DAC3C,REPLICATE_2,M_TEXT,True,1.0,1.0,0.0,False,False,False,False
gemma-4-26b-a4b,INC-3842F45DAA9C,REMOVE_TARGET,C_CONTRAST,False,0.0,1.0,-1.0,True,True,False,True
gemma-4-26b-a4b,INC-3842F45DAA9C,REMOVE_TARGET,M_TEXT,False,0.0,1.0,-1.0,True,True,False,True
gemma-4-26b-a4b,INC-3842F45DAA9C,REMOVE_MATCHED_NONTARGET,C_CONTRAST,False,1.0,1.0,0.0,False,False,False,False
gemma-4-26b-a4b,INC-3842F45DAA9C,REMOVE_MATCHED_NONTARGET,M_TEXT,False,1.0,1.0,0.0,False,False,False,False
gemma-4-26b-a4b,INC-3842F45DAA9C,NO_GROUPING,C_CONTRAST,True,1.0,1.0,0.0,False,False,False,False
gemma-4-26b-a4b,INC-3842F45DAA9C,NO_GROUPING,M_TEXT,False,1.0,1.0,0.0,False,False,False,False
gemma-4-26b-a4b,INC-3842F45DAA9C,REDUNDANT_NOISE,C_CONTRAST,False,1.0,1.0,0.0,False,False,False,False
gemma-4-26b-a4b,INC-3842F45DAA9C,REDUNDANT_NOISE,M_TEXT,False,1.0,1.0,0.0,False,False,False,False
gemma-4-26b-a4b,INC-3842F45DAA9C,REANONYMIZE,C_CONTRAST,False,1.0,1.0,0.0,False,,False,False
gemma-4-26b-a4b,INC-3842F45DAA9C,REANONYMIZE,M_TEXT,False,1.0,1.0,0.0,False,,False,False
gemma-4-26b-a4b,INC-3842F45DAA9C,REPLICATE_1,C_CONTRAST,True,1.0,1.0,0.0,False,False,False,False
gemma-4-26b-a4b,INC-3842F45DAA9C,REPLICATE_1,M_TEXT,True,1.0,1.0,0.0,False,False,False,False
gemma-4-26b-a4b,INC-3842F45DAA9C,REPLICATE_2,C_CONTRAST,True,1.0,1.0,0.0,False,False,False,False
gemma-4-26b-a4b,INC-3842F45DAA9C,REPLICATE_2,M_TEXT,True,1.0,1.0,0.0,False,False,False,False
gemma-4-26b-a4b,INC-65CE2F2F3440,REMOVE_TARGET,C_CONTRAST,False,1.0,1.0,0.0,False,False,False,False
gemma-4-26b-a4b,INC-65CE2F2F3440,REMOVE_TARGET,M_TEXT,False,1.0,1.0,0.0,False,False,False,False
gemma-4-26b-a4b,INC-65CE2F2F3440,REMOVE_MATCHED_NONTARGET,C_CONTRAST,False,1.0,1.0,0.0,False,False,False,False
gemma-4-26b-a4b,INC-65CE2F2F3440,REMOVE_MATCHED_NONTARGET,M_TEXT,False,1.0,1.0,0.0,False,False,False,False
gemma-4-26b-a4b,INC-65CE2F2F3440,NO_GROUPING,C_CONTRAST,True,1.0,1.0,0.0,False,False,False,False
gemma-4-26b-a4b,INC-65CE2F2F3440,NO_GROUPING,M_TEXT,False,1.0,1.0,0.0,False,False,False,False
gemma-4-26b-a4b,INC-65CE2F2F3440,REDUNDANT_NOISE,C_CONTRAST,False,1.0,1.0,0.0,False,False,False,False
gemma-4-26b-a4b,INC-65CE2F2F3440,REDUNDANT_NOISE,M_TEXT,False,1.0,1.0,0.0,False,False,False,False
gemma-4-26b-a4b,INC-65CE2F2F3440,REANONYMIZE,C_CONTRAST,False,1.0,1.0,0.0,False,,False,False
gemma-4-26b-a4b,INC-65CE2F2F3440,REANONYMIZE,M_TEXT,False,1.0,1.0,0.0,False,,False,False
gemma-4-26b-a4b,INC-65CE2F2F3440,REPLICATE_1,C_CONTRAST,True,1.0,1.0,0.0,False,False,False,False
gemma-4-26b-a4b,INC-65CE2F2F3440,REPLICATE_1,M_TEXT,True,1.0,1.0,0.0,False,False,False,False
gemma-4-26b-a4b,INC-65CE2F2F3440,REPLICATE_2,C_CONTRAST,True,1.0,1.0,0.0,False,False,False,False
gemma-4-26b-a4b,INC-65CE2F2F3440,REPLICATE_2,M_TEXT,True,1.0,1.0,0.0,False,False,False,False
gemma-4-26b-a4b,INC-7D95F2013B97,NO_GROUPING,C_CONTRAST,True,0.0,0.0,0.0,False,False,False,False
gemma-4-26b-a4b,INC-7D95F2013B97,NO_GROUPING,M_TEXT,False,0.0,0.0,0.0,False,True,False,False
gemma-4-26b-a4b,INC-7D95F2013B97,REDUNDANT_NOISE,C_CONTRAST,False,0.0,0.0,0.0,False,True,False,False
gemma-4-26b-a4b,INC-7D95F2013B97,REDUNDANT_NOISE,M_TEXT,False,0.0,0.0,0.0,False,False,False,False
gemma-4-26b-a4b,INC-7D95F2013B97,REANONYMIZE,C_CONTRAST,False,0.0,0.0,0.0,False,,False,False
gemma-4-26b-a4b,INC-7D95F2013B97,REANONYMIZE,M_TEXT,False,0.0,0.0,0.0,False,,False,False
gemma-4-26b-a4b,INC-7D95F2013B97,REPLICATE_1,C_CONTRAST,True,0.0,0.0,0.0,False,False,False,False
gemma-4-26b-a4b,INC-7D95F2013B97,REPLICATE_1,M_TEXT,True,0.0,0.0,0.0,False,False,False,False
gemma-4-26b-a4b,INC-7D95F2013B97,REPLICATE_2,C_CONTRAST,True,0.0,0.0,0.0,False,False,False,False
gemma-4-26b-a4b,INC-7D95F2013B97,REPLICATE_2,M_TEXT,True,0.0,0.0,0.0,False,True,False,False
gemma-4-26b-a4b,INC-93C032432E23,REMOVE_TARGET,C_CONTRAST,False,0.0,1.0,-1.0,True,True,False,True
gemma-4-26b-a4b,INC-93C032432E23,REMOVE_TARGET,M_TEXT,False,0.0,1.0,-1.0,True,True,False,True
gemma-4-26b-a4b,INC-93C032432E23,REMOVE_MATCHED_NONTARGET,C_CONTRAST,False,1.0,1.0,0.0,False,False,False,False
gemma-4-26b-a4b,INC-93C032432E23,REMOVE_MATCHED_NONTARGET,M_TEXT,False,1.0,1.0,0.0,False,False,False,False
gemma-4-26b-a4b,INC-93C032432E23,NO_GROUPING,C_CONTRAST,True,1.0,1.0,0.0,False,False,False,False
gemma-4-26b-a4b,INC-93C032432E23,NO_GROUPING,M_TEXT,False,1.0,1.0,0.0,False,False,False,False
gemma-4-26b-a4b,INC-93C032432E23,REDUNDANT_NOISE,C_CONTRAST,False,1.0,1.0,0.0,False,False,False,False
gemma-4-26b-a4b,INC-93C032432E23,REDUNDANT_NOISE,M_TEXT,False,1.0,1.0,0.0,False,False,False,False
gemma-4-26b-a4b,INC-93C032432E23,REANONYMIZE,C_CONTRAST,False,1.0,1.0,0.0,False,,False,False
gemma-4-26b-a4b,INC-93C032432E23,REANONYMIZE,M_TEXT,False,1.0,1.0,0.0,False,,False,False
gemma-4-26b-a4b,INC-93C032432E23,REPLICATE_1,C_CONTRAST,True,1.0,1.0,0.0,False,False,False,False
gemma-4-26b-a4b,INC-93C032432E23,REPLICATE_1,M_TEXT,True,1.0,1.0,0.0,False,False,False,False
gemma-4-26b-a4b,INC-93C032432E23,REPLICATE_2,C_CONTRAST,True,1.0,1.0,0.0,False,False,False,False
gemma-4-26b-a4b,INC-93C032432E23,REPLICATE_2,M_TEXT,True,1.0,1.0,0.0,False,False,False,False
gemma-4-26b-a4b,INC-6EF79652EA22,NO_GROUPING,C_CONTRAST,True,0.0,0.0,0.0,False,False,False,False
gemma-4-26b-a4b,INC-6EF79652EA22,NO_GROUPING,M_TEXT,False,0.0,0.0,0.0,False,True,False,False
gemma-4-26b-a4b,INC-6EF79652EA22,REDUNDANT_NOISE,C_CONTRAST,False,0.0,0.0,0.0,False,True,False,False
gemma-4-26b-a4b,INC-6EF79652EA22,REDUNDANT_NOISE,M_TEXT,False,0.0,0.0,0.0,False,False,False,False
gemma-4-26b-a4b,INC-6EF79652EA22,REANONYMIZE,C_CONTRAST,False,0.0,0.0,0.0,False,,False,False
gemma-4-26b-a4b,INC-6EF79652EA22,REANONYMIZE,M_TEXT,False,0.0,0.0,0.0,False,,False,False
gemma-4-26b-a4b,INC-6EF79652EA22,REPLICATE_1,C_CONTRAST,True,0.0,0.0,0.0,False,False,False,False
gemma-4-26b-a4b,INC-6EF79652EA22,REPLICATE_1,M_TEXT,True,0.0,0.0,0.0,False,False,False,False
gemma-4-26b-a4b,INC-6EF79652EA22,REPLICATE_2,C_CONTRAST,True,0.0,0.0,0.0,False,False,False,False
gemma-4-26b-a4b,INC-6EF79652EA22,REPLICATE_2,M_TEXT,True,0.0,0.0,0.0,False,False,False,False
gemma-4-26b-a4b,INC-B63F1516296F,NO_GROUPING,C_CONTRAST,True,0.0,0.0,0.0,False,False,False,False
gemma-4-26b-a4b,INC-B63F1516296F,NO_GROUPING,M_TEXT,False,0.0,1.0,-1.0,True,True,False,True
gemma-4-26b-a4b,INC-B63F1516296F,REDUNDANT_NOISE,C_CONTRAST,False,0.0,0.0,0.0,False,True,False,False
gemma-4-26b-a4b,INC-B63F1516296F,REDUNDANT_NOISE,M_TEXT,False,1.0,1.0,0.0,False,False,False,False
gemma-4-26b-a4b,INC-B63F1516296F,REANONYMIZE,C_CONTRAST,False,0.0,0.0,0.0,False,,False,False
gemma-4-26b-a4b,INC-B63F1516296F,REANONYMIZE,M_TEXT,False,0.0,1.0,-1.0,True,,False,True
gemma-4-26b-a4b,INC-B63F1516296F,REPLICATE_1,C_CONTRAST,True,0.0,0.0,0.0,False,True,False,False
gemma-4-26b-a4b,INC-B63F1516296F,REPLICATE_1,M_TEXT,True,1.0,1.0,0.0,False,False,False,False
gemma-4-26b-a4b,INC-B63F1516296F,REPLICATE_2,C_CONTRAST,True,0.0,0.0,0.0,False,False,False,False
gemma-4-26b-a4b,INC-B63F1516296F,REPLICATE_2,M_TEXT,True,0.0,1.0,-1.0,True,True,False,True
gemma-4-26b-a4b,INC-D195A4C0D9B6,REMOVE_TARGET,C_CONTRAST,False,1.0,1.0,0.0,False,False,False,False
gemma-4-26b-a4b,INC-D195A4C0D9B6,REMOVE_TARGET,M_TEXT,False,1.0,1.0,0.0,False,False,False,False
gemma-4-26b-a4b,INC-D195A4C0D9B6,REMOVE_MATCHED_NONTARGET,C_CONTRAST,False,0.0,1.0,-1.0,True,True,False,True
gemma-4-26b-a4b,INC-D195A4C0D9B6,REMOVE_MATCHED_NONTARGET,M_TEXT,False,1.0,1.0,0.0,False,False,False,False
gemma-4-26b-a4b,INC-D195A4C0D9B6,NO_GROUPING,C_CONTRAST,True,1.0,1.0,0.0,False,False,False,False
gemma-4-26b-a4b,INC-D195A4C0D9B6,NO_GROUPING,M_TEXT,False,1.0,1.0,0.0,False,False,False,False
gemma-4-26b-a4b,INC-D195A4C0D9B6,REDUNDANT_NOISE,C_CONTRAST,False,1.0,1.0,0.0,False,False,False,False
gemma-4-26b-a4b,INC-D195A4C0D9B6,REDUNDANT_NOISE,M_TEXT,False,1.0,1.0,0.0,False,False,False,False
gemma-4-26b-a4b,INC-D195A4C0D9B6,REANONYMIZE,C_CONTRAST,False,1.0,1.0,0.0,False,,False,False
gemma-4-26b-a4b,INC-D195A4C0D9B6,REANONYMIZE,M_TEXT,False,1.0,1.0,0.0,False,,False,False
gemma-4-26b-a4b,INC-D195A4C0D9B6,REPLICATE_1,C_CONTRAST,True,1.0,1.0,0.0,False,False,False,False
gemma-4-26b-a4b,INC-D195A4C0D9B6,REPLICATE_1,M_TEXT,True,1.0,1.0,0.0,False,False,False,False
gemma-4-26b-a4b,INC-D195A4C0D9B6,REPLICATE_2,C_CONTRAST,True,1.0,1.0,0.0,False,False,False,False
gemma-4-26b-a4b,INC-D195A4C0D9B6,REPLICATE_2,M_TEXT,True,1.0,1.0,0.0,False,False,False,False
gemma-4-26b-a4b,INC-CCE2A7ACCA59,REMOVE_TARGET,C_CONTRAST,False,0.0,0.0,0.0,False,False,False,False
gemma-4-26b-a4b,INC-CCE2A7ACCA59,REMOVE_TARGET,M_TEXT,False,0.0,0.0,0.0,False,False,False,False
gemma-4-26b-a4b,INC-CCE2A7ACCA59,REMOVE_MATCHED_NONTARGET,C_CONTRAST,False,0.0,0.0,0.0,False,False,False,False
gemma-4-26b-a4b,INC-CCE2A7ACCA59,REMOVE_MATCHED_NONTARGET,M_TEXT,False,0.0,0.0,0.0,False,False,False,False
gemma-4-26b-a4b,INC-CCE2A7ACCA59,NO_GROUPING,C_CONTRAST,True,0.0,0.0,0.0,False,False,False,False
gemma-4-26b-a4b,INC-CCE2A7ACCA59,NO_GROUPING,M_TEXT,False,0.0,0.0,0.0,False,False,False,False
gemma-4-26b-a4b,INC-CCE2A7ACCA59,REDUNDANT_NOISE,C_CONTRAST,False,0.0,0.0,0.0,False,False,False,False
gemma-4-26b-a4b,INC-CCE2A7ACCA59,REDUNDANT_NOISE,M_TEXT,False,0.0,0.0,0.0,False,False,False,False
gemma-4-26b-a4b,INC-CCE2A7ACCA59,REANONYMIZE,C_CONTRAST,False,0.0,0.0,0.0,False,,False,False
gemma-4-26b-a4b,INC-CCE2A7ACCA59,REANONYMIZE,M_TEXT,False,0.0,0.0,0.0,False,,False,False
gemma-4-26b-a4b,INC-CCE2A7ACCA59,REPLICATE_1,C_CONTRAST,True,0.0,0.0,0.0,False,False,False,False
gemma-4-26b-a4b,INC-CCE2A7ACCA59,REPLICATE_1,M_TEXT,True,0.0,0.0,0.0,False,False,False,False
gemma-4-26b-a4b,INC-CCE2A7ACCA59,REPLICATE_2,C_CONTRAST,True,0.0,0.0,0.0,False,False,False,False
gemma-4-26b-a4b,INC-CCE2A7ACCA59,REPLICATE_2,M_TEXT,True,0.0,0.0,0.0,False,True,False,False
gemma-4-26b-a4b,INC-BA41A280E858,REMOVE_TARGET,C_CONTRAST,False,0.0,0.0,0.0,False,False,False,False
gemma-4-26b-a4b,INC-BA41A280E858,REMOVE_TARGET,M_TEXT,False,1.0,1.0,0.0,False,False,False,False
gemma-4-26b-a4b,INC-BA41A280E858,REMOVE_MATCHED_NONTARGET,C_CONTRAST,False,0.0,0.0,0.0,False,False,False,False
gemma-4-26b-a4b,INC-BA41A280E858,REMOVE_MATCHED_NONTARGET,M_TEXT,False,1.0,1.0,0.0,False,False,False,False
gemma-4-26b-a4b,INC-BA41A280E858,NO_GROUPING,C_CONTRAST,True,1.0,0.0,1.0,True,True,True,False
gemma-4-26b-a4b,INC-BA41A280E858,NO_GROUPING,M_TEXT,False,1.0,1.0,0.0,False,False,False,False
gemma-4-26b-a4b,INC-BA41A280E858,REDUNDANT_NOISE,C_CONTRAST,False,0.0,0.0,0.0,False,True,False,False
gemma-4-26b-a4b,INC-BA41A280E858,REDUNDANT_NOISE,M_TEXT,False,1.0,1.0,0.0,False,False,False,False
gemma-4-26b-a4b,INC-BA41A280E858,REANONYMIZE,C_CONTRAST,False,1.0,0.0,1.0,True,,True,False
gemma-4-26b-a4b,INC-BA41A280E858,REANONYMIZE,M_TEXT,False,1.0,1.0,0.0,False,,False,False
gemma-4-26b-a4b,INC-BA41A280E858,REPLICATE_1,C_CONTRAST,True,1.0,0.0,1.0,True,True,True,False
gemma-4-26b-a4b,INC-BA41A280E858,REPLICATE_1,M_TEXT,True,1.0,1.0,0.0,False,False,False,False
gemma-4-26b-a4b,INC-BA41A280E858,REPLICATE_2,C_CONTRAST,True,0.0,0.0,0.0,False,False,False,False
gemma-4-26b-a4b,INC-BA41A280E858,REPLICATE_2,M_TEXT,True,1.0,1.0,0.0,False,False,False,False
gemma-4-26b-a4b,INC-873FE163DCDF,NO_GROUPING,C_CONTRAST,True,0.0,0.0,0.0,False,False,False,False
gemma-4-26b-a4b,INC-873FE163DCDF,NO_GROUPING,M_TEXT,False,0.0,0.0,0.0,False,False,False,False
gemma-4-26b-a4b,INC-873FE163DCDF,REDUNDANT_NOISE,C_CONTRAST,False,0.0,0.0,0.0,False,True,False,False
gemma-4-26b-a4b,INC-873FE163DCDF,REDUNDANT_NOISE,M_TEXT,False,0.0,0.0,0.0,False,False,False,False
gemma-4-26b-a4b,INC-873FE163DCDF,REANONYMIZE,C_CONTRAST,False,0.0,0.0,0.0,False,,False,False
gemma-4-26b-a4b,INC-873FE163DCDF,REANONYMIZE,M_TEXT,False,0.0,0.0,0.0,False,,False,False
gemma-4-26b-a4b,INC-873FE163DCDF,REPLICATE_1,C_CONTRAST,True,0.0,0.0,0.0,False,False,False,False
gemma-4-26b-a4b,INC-873FE163DCDF,REPLICATE_1,M_TEXT,True,0.0,0.0,0.0,False,False,False,False
gemma-4-26b-a4b,INC-873FE163DCDF,REPLICATE_2,C_CONTRAST,True,0.0,0.0,0.0,False,False,False,False
gemma-4-26b-a4b,INC-873FE163DCDF,REPLICATE_2,M_TEXT,True,0.0,0.0,0.0,False,False,False,False
gemma-4-26b-a4b,INC-84FD34A01D53,NO_GROUPING,C_CONTRAST,True,0.0,0.0,0.0,False,False,False,False
gemma-4-26b-a4b,INC-84FD34A01D53,NO_GROUPING,M_TEXT,False,1.0,1.0,0.0,False,False,False,False
gemma-4-26b-a4b,INC-84FD34A01D53,REDUNDANT_NOISE,C_CONTRAST,False,0.0,0.0,0.0,False,False,False,False
gemma-4-26b-a4b,INC-84FD34A01D53,REDUNDANT_NOISE,M_TEXT,False,1.0,1.0,0.0,False,False,False,False
gemma-4-26b-a4b,INC-84FD34A01D53,REANONYMIZE,C_CONTRAST,False,0.0,0.0,0.0,False,,False,False
gemma-4-26b-a4b,INC-84FD34A01D53,REANONYMIZE,M_TEXT,False,1.0,1.0,0.0,False,,False,False
gemma-4-26b-a4b,INC-84FD34A01D53,REPLICATE_1,C_CONTRAST,True,0.0,0.0,0.0,False,False,False,False
gemma-4-26b-a4b,INC-84FD34A01D53,REPLICATE_1,M_TEXT,True,1.0,1.0,0.0,False,False,False,False
gemma-4-26b-a4b,INC-84FD34A01D53,REPLICATE_2,C_CONTRAST,True,0.0,0.0,0.0,False,False,False,False
gemma-4-26b-a4b,INC-84FD34A01D53,REPLICATE_2,M_TEXT,True,1.0,1.0,0.0,False,False,False,False
gemma-4-26b-a4b,INC-11AFCDDD7B6E,NO_GROUPING,C_CONTRAST,True,0.0,0.0,0.0,False,False,False,False
gemma-4-26b-a4b,INC-11AFCDDD7B6E,NO_GROUPING,M_TEXT,False,0.0,0.0,0.0,False,False,False,False
gemma-4-26b-a4b,INC-11AFCDDD7B6E,REDUNDANT_NOISE,C_CONTRAST,False,0.0,0.0,0.0,False,True,False,False
gemma-4-26b-a4b,INC-11AFCDDD7B6E,REDUNDANT_NOISE,M_TEXT,False,0.0,0.0,0.0,False,False,False,False
gemma-4-26b-a4b,INC-11AFCDDD7B6E,REANONYMIZE,C_CONTRAST,False,0.0,0.0,0.0,False,,False,False
gemma-4-26b-a4b,INC-11AFCDDD7B6E,REANONYMIZE,M_TEXT,False,0.0,0.0,0.0,False,,False,False
gemma-4-26b-a4b,INC-11AFCDDD7B6E,REPLICATE_1,C_CONTRAST,True,0.0,0.0,0.0,False,False,False,False
gemma-4-26b-a4b,INC-11AFCDDD7B6E,REPLICATE_1,M_TEXT,True,0.0,0.0,0.0,False,False,False,False
gemma-4-26b-a4b,INC-11AFCDDD7B6E,REPLICATE_2,C_CONTRAST,True,0.0,0.0,0.0,False,False,False,False
gemma-4-26b-a4b,INC-11AFCDDD7B6E,REPLICATE_2,M_TEXT,True,0.0,0.0,0.0,False,False,False,False
gemma-4-26b-a4b,INC-CDC8083CEEE3,NO_GROUPING,C_CONTRAST,True,0.0,0.0,0.0,False,False,False,False
gemma-4-26b-a4b,INC-CDC8083CEEE3,NO_GROUPING,M_TEXT,False,0.0,0.0,0.0,False,False,False,False
gemma-4-26b-a4b,INC-CDC8083CEEE3,REDUNDANT_NOISE,C_CONTRAST,False,0.0,0.0,0.0,False,True,False,False
gemma-4-26b-a4b,INC-CDC8083CEEE3,REDUNDANT_NOISE,M_TEXT,False,0.0,0.0,0.0,False,False,False,False
gemma-4-26b-a4b,INC-CDC8083CEEE3,REANONYMIZE,C_CONTRAST,False,0.0,0.0,0.0,False,,False,False
gemma-4-26b-a4b,INC-CDC8083CEEE3,REANONYMIZE,M_TEXT,False,0.0,0.0,0.0,False,,False,False
gemma-4-26b-a4b,INC-CDC8083CEEE3,REPLICATE_1,C_CONTRAST,True,0.0,0.0,0.0,False,False,False,False
gemma-4-26b-a4b,INC-CDC8083CEEE3,REPLICATE_1,M_TEXT,True,0.0,0.0,0.0,False,False,False,False
gemma-4-26b-a4b,INC-CDC8083CEEE3,REPLICATE_2,C_CONTRAST,True,0.0,0.0,0.0,False,False,False,False
gemma-4-26b-a4b,INC-CDC8083CEEE3,REPLICATE_2,M_TEXT,True,0.0,0.0,0.0,False,False,False,False
gemma-4-26b-a4b,INC-B861B23C1EB4,NO_GROUPING,C_CONTRAST,True,0.0,0.0,0.0,False,False,False,False
gemma-4-26b-a4b,INC-B861B23C1EB4,NO_GROUPING,M_TEXT,False,0.0,0.0,0.0,False,False,False,False
gemma-4-26b-a4b,INC-B861B23C1EB4,REDUNDANT_NOISE,C_CONTRAST,False,0.0,0.0,0.0,False,False,False,False
gemma-4-26b-a4b,INC-B861B23C1EB4,REDUNDANT_NOISE,M_TEXT,False,0.0,0.0,0.0,False,False,False,False
gemma-4-26b-a4b,INC-B861B23C1EB4,REANONYMIZE,C_CONTRAST,False,0.0,0.0,0.0,False,,False,False
gemma-4-26b-a4b,INC-B861B23C1EB4,REANONYMIZE,M_TEXT,False,0.0,0.0,0.0,False,,False,False
gemma-4-26b-a4b,INC-B861B23C1EB4,REPLICATE_1,C_CONTRAST,True,0.0,0.0,0.0,False,False,False,False
gemma-4-26b-a4b,INC-B861B23C1EB4,REPLICATE_1,M_TEXT,True,0.0,0.0,0.0,False,False,False,False
gemma-4-26b-a4b,INC-B861B23C1EB4,REPLICATE_2,C_CONTRAST,True,0.0,0.0,0.0,False,False,False,False
gemma-4-26b-a4b,INC-B861B23C1EB4,REPLICATE_2,M_TEXT,True,0.0,0.0,0.0,False,False,False,False
gemma-4-26b-a4b,INC-9293D99C285C,NO_GROUPING,C_CONTRAST,True,1.0,1.0,0.0,False,False,False,False
gemma-4-26b-a4b,INC-9293D99C285C,NO_GROUPING,M_TEXT,False,0.0,0.0,0.0,False,False,False,False
gemma-4-26b-a4b,INC-9293D99C285C,REDUNDANT_NOISE,C_CONTRAST,False,0.0,1.0,-1.0,True,True,False,True
gemma-4-26b-a4b,INC-9293D99C285C,REDUNDANT_NOISE,M_TEXT,False,0.0,0.0,0.0,False,False,False,False
gemma-4-26b-a4b,INC-9293D99C285C,REANONYMIZE,C_CONTRAST,False,1.0,1.0,0.0,False,,False,False
gemma-4-26b-a4b,INC-9293D99C285C,REANONYMIZE,M_TEXT,False,0.0,0.0,0.0,False,,False,False
gemma-4-26b-a4b,INC-9293D99C285C,REPLICATE_1,C_CONTRAST,True,0.0,1.0,-1.0,True,True,False,True
gemma-4-26b-a4b,INC-9293D99C285C,REPLICATE_1,M_TEXT,True,0.0,0.0,0.0,False,False,False,False
gemma-4-26b-a4b,INC-9293D99C285C,REPLICATE_2,C_CONTRAST,True,0.0,1.0,-1.0,True,True,False,True
gemma-4-26b-a4b,INC-9293D99C285C,REPLICATE_2,M_TEXT,True,0.0,0.0,0.0,False,False,False,False
gemma-4-26b-a4b,INC-358CBE8D4527,NO_GROUPING,C_CONTRAST,True,0.0,0.0,0.0,False,False,False,False
gemma-4-26b-a4b,INC-358CBE8D4527,NO_GROUPING,M_TEXT,False,0.0,0.0,0.0,False,False,False,False
gemma-4-26b-a4b,INC-358CBE8D4527,REDUNDANT_NOISE,C_CONTRAST,False,0.0,0.0,0.0,False,False,False,False
gemma-4-26b-a4b,INC-358CBE8D4527,REDUNDANT_NOISE,M_TEXT,False,0.0,0.0,0.0,False,False,False,False
gemma-4-26b-a4b,INC-358CBE8D4527,REANONYMIZE,C_CONTRAST,False,0.0,0.0,0.0,False,,False,False
gemma-4-26b-a4b,INC-358CBE8D4527,REANONYMIZE,M_TEXT,False,0.0,0.0,0.0,False,,False,False
gemma-4-26b-a4b,INC-358CBE8D4527,REPLICATE_1,C_CONTRAST,True,0.0,0.0,0.0,False,False,False,False
gemma-4-26b-a4b,INC-358CBE8D4527,REPLICATE_1,M_TEXT,True,0.0,0.0,0.0,False,False,False,False
gemma-4-26b-a4b,INC-358CBE8D4527,REPLICATE_2,C_CONTRAST,True,0.0,0.0,0.0,False,False,False,False
gemma-4-26b-a4b,INC-358CBE8D4527,REPLICATE_2,M_TEXT,True,0.0,0.0,0.0,False,False,False,False
gemma-4-26b-a4b,INC-4D6E62700175,REMOVE_TARGET,C_CONTRAST,False,0.0,0.0,0.0,False,True,False,False
gemma-4-26b-a4b,INC-4D6E62700175,REMOVE_TARGET,M_TEXT,False,0.0,0.0,0.0,False,False,False,False
gemma-4-26b-a4b,INC-4D6E62700175,REMOVE_MATCHED_NONTARGET,C_CONTRAST,False,0.0,0.0,0.0,False,False,False,False
gemma-4-26b-a4b,INC-4D6E62700175,REMOVE_MATCHED_NONTARGET,M_TEXT,False,0.0,0.0,0.0,False,False,False,False
gemma-4-26b-a4b,INC-4D6E62700175,NO_GROUPING,C_CONTRAST,True,0.0,0.0,0.0,False,False,False,False
gemma-4-26b-a4b,INC-4D6E62700175,NO_GROUPING,M_TEXT,False,0.0,0.0,0.0,False,False,False,False
gemma-4-26b-a4b,INC-4D6E62700175,REDUNDANT_NOISE,C_CONTRAST,False,0.0,0.0,0.0,False,False,False,False
gemma-4-26b-a4b,INC-4D6E62700175,REDUNDANT_NOISE,M_TEXT,False,0.0,0.0,0.0,False,True,False,False
gemma-4-26b-a4b,INC-4D6E62700175,REANONYMIZE,C_CONTRAST,False,0.0,0.0,0.0,False,,False,False
gemma-4-26b-a4b,INC-4D6E62700175,REANONYMIZE,M_TEXT,False,0.0,0.0,0.0,False,,False,False
gemma-4-26b-a4b,INC-4D6E62700175,REPLICATE_1,C_CONTRAST,True,0.0,0.0,0.0,False,False,False,False
gemma-4-26b-a4b,INC-4D6E62700175,REPLICATE_1,M_TEXT,True,0.0,0.0,0.0,False,False,False,False
gemma-4-26b-a4b,INC-4D6E62700175,REPLICATE_2,C_CONTRAST,True,0.0,0.0,0.0,False,False,False,False
gemma-4-26b-a4b,INC-4D6E62700175,REPLICATE_2,M_TEXT,True,0.0,0.0,0.0,False,False,False,False
gemma-4-26b-a4b,INC-56A429CF3650,NO_GROUPING,C_CONTRAST,True,0.0,0.0,0.0,False,False,False,False
gemma-4-26b-a4b,INC-56A429CF3650,NO_GROUPING,M_TEXT,False,0.0,0.0,0.0,False,False,False,False
gemma-4-26b-a4b,INC-56A429CF3650,REDUNDANT_NOISE,C_CONTRAST,False,0.0,0.0,0.0,False,False,False,False
gemma-4-26b-a4b,INC-56A429CF3650,REDUNDANT_NOISE,M_TEXT,False,0.0,0.0,0.0,False,False,False,False
gemma-4-26b-a4b,INC-56A429CF3650,REANONYMIZE,C_CONTRAST,False,0.0,0.0,0.0,False,,False,False
gemma-4-26b-a4b,INC-56A429CF3650,REANONYMIZE,M_TEXT,False,0.0,0.0,0.0,False,,False,False
gemma-4-26b-a4b,INC-56A429CF3650,REPLICATE_1,C_CONTRAST,True,0.0,0.0,0.0,False,False,False,False
gemma-4-26b-a4b,INC-56A429CF3650,REPLICATE_1,M_TEXT,True,0.0,0.0,0.0,False,False,False,False
gemma-4-26b-a4b,INC-56A429CF3650,REPLICATE_2,C_CONTRAST,True,0.0,0.0,0.0,False,False,False,False
gemma-4-26b-a4b,INC-56A429CF3650,REPLICATE_2,M_TEXT,True,0.0,0.0,0.0,False,False,False,False
gemma-4-26b-a4b,INC-91DCB951C96E,NO_GROUPING,C_CONTRAST,True,0.0,0.0,0.0,False,False,False,False
gemma-4-26b-a4b,INC-91DCB951C96E,NO_GROUPING,M_TEXT,False,0.0,0.0,0.0,False,False,False,False
gemma-4-26b-a4b,INC-91DCB951C96E,REDUNDANT_NOISE,C_CONTRAST,False,0.0,0.0,0.0,False,False,False,False
gemma-4-26b-a4b,INC-91DCB951C96E,REDUNDANT_NOISE,M_TEXT,False,0.0,0.0,0.0,False,False,False,False
gemma-4-26b-a4b,INC-91DCB951C96E,REANONYMIZE,C_CONTRAST,False,0.0,0.0,0.0,False,,False,False
gemma-4-26b-a4b,INC-91DCB951C96E,REANONYMIZE,M_TEXT,False,0.0,0.0,0.0,False,,False,False
gemma-4-26b-a4b,INC-91DCB951C96E,REPLICATE_1,C_CONTRAST,True,0.0,0.0,0.0,False,False,False,False
gemma-4-26b-a4b,INC-91DCB951C96E,REPLICATE_1,M_TEXT,True,0.0,0.0,0.0,False,False,False,False
gemma-4-26b-a4b,INC-91DCB951C96E,REPLICATE_2,C_CONTRAST,True,0.0,0.0,0.0,False,False,False,False
gemma-4-26b-a4b,INC-91DCB951C96E,REPLICATE_2,M_TEXT,True,0.0,0.0,0.0,False,False,False,False
gemma-4-26b-a4b,INC-B646C4677B96,NO_GROUPING,C_CONTRAST,True,0.0,0.0,0.0,False,False,False,False
gemma-4-26b-a4b,INC-B646C4677B96,NO_GROUPING,M_TEXT,False,0.0,0.0,0.0,False,False,False,False
gemma-4-26b-a4b,INC-B646C4677B96,REDUNDANT_NOISE,C_CONTRAST,False,0.0,0.0,0.0,False,False,False,False
gemma-4-26b-a4b,INC-B646C4677B96,REDUNDANT_NOISE,M_TEXT,False,0.0,0.0,0.0,False,False,False,False
gemma-4-26b-a4b,INC-B646C4677B96,REANONYMIZE,C_CONTRAST,False,0.0,0.0,0.0,False,,False,False
gemma-4-26b-a4b,INC-B646C4677B96,REANONYMIZE,M_TEXT,False,0.0,0.0,0.0,False,,False,False
gemma-4-26b-a4b,INC-B646C4677B96,REPLICATE_1,C_CONTRAST,True,0.0,0.0,0.0,False,False,False,False
gemma-4-26b-a4b,INC-B646C4677B96,REPLICATE_1,M_TEXT,True,0.0,0.0,0.0,False,False,False,False
gemma-4-26b-a4b,INC-B646C4677B96,REPLICATE_2,C_CONTRAST,True,0.0,0.0,0.0,False,False,False,False
gemma-4-26b-a4b,INC-B646C4677B96,REPLICATE_2,M_TEXT,True,0.0,0.0,0.0,False,False,False,False
gemma-4-26b-a4b,INC-90722DCD5A51,NO_GROUPING,C_CONTRAST,True,0.0,0.0,0.0,False,False,False,False
gemma-4-26b-a4b,INC-90722DCD5A51,NO_GROUPING,M_TEXT,False,0.0,0.0,0.0,False,False,False,False
gemma-4-26b-a4b,INC-90722DCD5A51,REDUNDANT_NOISE,C_CONTRAST,False,0.0,0.0,0.0,False,True,False,False
gemma-4-26b-a4b,INC-90722DCD5A51,REDUNDANT_NOISE,M_TEXT,False,0.0,0.0,0.0,False,True,False,False
gemma-4-26b-a4b,INC-90722DCD5A51,REANONYMIZE,C_CONTRAST,False,0.0,0.0,0.0,False,,False,False
gemma-4-26b-a4b,INC-90722DCD5A51,REANONYMIZE,M_TEXT,False,0.0,0.0,0.0,False,,False,False
gemma-4-26b-a4b,INC-90722DCD5A51,REPLICATE_1,C_CONTRAST,True,0.0,0.0,0.0,False,False,False,False
gemma-4-26b-a4b,INC-90722DCD5A51,REPLICATE_1,M_TEXT,True,0.0,0.0,0.0,False,False,False,False
gemma-4-26b-a4b,INC-90722DCD5A51,REPLICATE_2,C_CONTRAST,True,0.0,0.0,0.0,False,False,False,False
gemma-4-26b-a4b,INC-90722DCD5A51,REPLICATE_2,M_TEXT,True,0.0,0.0,0.0,False,False,False,False
gemma-4-26b-a4b,INC-E6D8B968F39E,REMOVE_TARGET,C_CONTRAST,False,0.0,0.0,0.0,False,True,False,False
gemma-4-26b-a4b,INC-E6D8B968F39E,REMOVE_TARGET,M_TEXT,False,0.0,0.0,0.0,False,True,False,False
gemma-4-26b-a4b,INC-E6D8B968F39E,NO_GROUPING,C_CONTRAST,True,0.0,0.0,0.0,False,False,False,False
gemma-4-26b-a4b,INC-E6D8B968F39E,NO_GROUPING,M_TEXT,False,0.0,0.0,0.0,False,True,False,False
gemma-4-26b-a4b,INC-E6D8B968F39E,REDUNDANT_NOISE,C_CONTRAST,False,1.0,0.0,1.0,True,True,True,False
gemma-4-26b-a4b,INC-E6D8B968F39E,REDUNDANT_NOISE,M_TEXT,False,0.0,0.0,0.0,False,True,False,False
gemma-4-26b-a4b,INC-E6D8B968F39E,REANONYMIZE,C_CONTRAST,False,1.0,0.0,1.0,True,,True,False
gemma-4-26b-a4b,INC-E6D8B968F39E,REANONYMIZE,M_TEXT,False,0.0,0.0,0.0,False,,False,False
gemma-4-26b-a4b,INC-E6D8B968F39E,REPLICATE_1,C_CONTRAST,True,0.0,0.0,0.0,False,False,False,False
gemma-4-26b-a4b,INC-E6D8B968F39E,REPLICATE_1,M_TEXT,True,0.0,0.0,0.0,False,False,False,False
gemma-4-26b-a4b,INC-E6D8B968F39E,REPLICATE_2,C_CONTRAST,True,0.0,0.0,0.0,False,False,False,False
gemma-4-26b-a4b,INC-E6D8B968F39E,REPLICATE_2,M_TEXT,True,0.0,0.0,0.0,False,True,False,False
gemma-4-26b-a4b,INC-F328F417F5C9,REMOVE_TARGET,C_CONTRAST,False,0.0,0.0,0.0,False,False,False,False
gemma-4-26b-a4b,INC-F328F417F5C9,REMOVE_TARGET,M_TEXT,False,0.0,0.0,0.0,False,False,False,False
gemma-4-26b-a4b,INC-F328F417F5C9,REMOVE_MATCHED_NONTARGET,C_CONTRAST,False,0.0,0.0,0.0,False,False,False,False
gemma-4-26b-a4b,INC-F328F417F5C9,REMOVE_MATCHED_NONTARGET,M_TEXT,False,0.0,0.0,0.0,False,False,False,False
gemma-4-26b-a4b,INC-F328F417F5C9,NO_GROUPING,C_CONTRAST,True,0.0,0.0,0.0,False,False,False,False
gemma-4-26b-a4b,INC-F328F417F5C9,NO_GROUPING,M_TEXT,False,0.0,0.0,0.0,False,True,False,False
gemma-4-26b-a4b,INC-F328F417F5C9,REDUNDANT_NOISE,C_CONTRAST,False,1.0,0.0,1.0,True,True,True,False
gemma-4-26b-a4b,INC-F328F417F5C9,REDUNDANT_NOISE,M_TEXT,False,0.0,0.0,0.0,False,True,False,False
gemma-4-26b-a4b,INC-F328F417F5C9,REANONYMIZE,C_CONTRAST,False,0.0,0.0,0.0,False,,False,False
gemma-4-26b-a4b,INC-F328F417F5C9,REANONYMIZE,M_TEXT,False,0.0,0.0,0.0,False,,False,False
gemma-4-26b-a4b,INC-F328F417F5C9,REPLICATE_1,C_CONTRAST,True,0.0,0.0,0.0,False,False,False,False
gemma-4-26b-a4b,INC-F328F417F5C9,REPLICATE_1,M_TEXT,True,0.0,0.0,0.0,False,False,False,False
gemma-4-26b-a4b,INC-F328F417F5C9,REPLICATE_2,C_CONTRAST,True,0.0,0.0,0.0,False,False,False,False
gemma-4-26b-a4b,INC-F328F417F5C9,REPLICATE_2,M_TEXT,True,0.0,0.0,0.0,False,False,False,False
gemma-4-26b-a4b,INC-50AFA840E6F8,REMOVE_TARGET,C_CONTRAST,False,0.0,0.0,0.0,False,False,False,False
gemma-4-26b-a4b,INC-50AFA840E6F8,REMOVE_TARGET,M_TEXT,False,0.0,0.0,0.0,False,False,False,False
gemma-4-26b-a4b,INC-50AFA840E6F8,REMOVE_MATCHED_NONTARGET,C_CONTRAST,False,0.0,0.0,0.0,False,False,False,False
gemma-4-26b-a4b,INC-50AFA840E6F8,REMOVE_MATCHED_NONTARGET,M_TEXT,False,0.0,0.0,0.0,False,False,False,False
gemma-4-26b-a4b,INC-50AFA840E6F8,NO_GROUPING,C_CONTRAST,True,0.0,0.0,0.0,False,False,False,False
gemma-4-26b-a4b,INC-50AFA840E6F8,NO_GROUPING,M_TEXT,False,0.0,0.0,0.0,False,False,False,False
gemma-4-26b-a4b,INC-50AFA840E6F8,REDUNDANT_NOISE,C_CONTRAST,False,0.0,0.0,0.0,False,False,False,False
gemma-4-26b-a4b,INC-50AFA840E6F8,REDUNDANT_NOISE,M_TEXT,False,0.0,0.0,0.0,False,False,False,False
gemma-4-26b-a4b,INC-50AFA840E6F8,REANONYMIZE,C_CONTRAST,False,0.0,0.0,0.0,False,,False,False
gemma-4-26b-a4b,INC-50AFA840E6F8,REANONYMIZE,M_TEXT,False,0.0,0.0,0.0,False,,False,False
gemma-4-26b-a4b,INC-50AFA840E6F8,REPLICATE_1,C_CONTRAST,True,0.0,0.0,0.0,False,False,False,False
gemma-4-26b-a4b,INC-50AFA840E6F8,REPLICATE_1,M_TEXT,True,0.0,0.0,0.0,False,False,False,False
gemma-4-26b-a4b,INC-50AFA840E6F8,REPLICATE_2,C_CONTRAST,True,0.0,0.0,0.0,False,False,False,False
gemma-4-26b-a4b,INC-50AFA840E6F8,REPLICATE_2,M_TEXT,True,0.0,0.0,0.0,False,False,False,False
gemma-4-26b-a4b,INC-DE4C5840855B,REMOVE_TARGET,C_CONTRAST,False,0.0,0.0,0.0,False,False,False,False
gemma-4-26b-a4b,INC-DE4C5840855B,REMOVE_TARGET,M_TEXT,False,0.0,0.0,0.0,False,True,False,False
gemma-4-26b-a4b,INC-DE4C5840855B,REMOVE_MATCHED_NONTARGET,C_CONTRAST,False,0.0,0.0,0.0,False,False,False,False
gemma-4-26b-a4b,INC-DE4C5840855B,REMOVE_MATCHED_NONTARGET,M_TEXT,False,0.0,0.0,0.0,False,False,False,False
gemma-4-26b-a4b,INC-DE4C5840855B,NO_GROUPING,C_CONTRAST,True,0.0,0.0,0.0,False,False,False,False
gemma-4-26b-a4b,INC-DE4C5840855B,NO_GROUPING,M_TEXT,False,0.0,0.0,0.0,False,True,False,False
gemma-4-26b-a4b,INC-DE4C5840855B,REDUNDANT_NOISE,C_CONTRAST,False,0.0,0.0,0.0,False,False,False,False
gemma-4-26b-a4b,INC-DE4C5840855B,REDUNDANT_NOISE,M_TEXT,False,0.0,0.0,0.0,False,True,False,False
gemma-4-26b-a4b,INC-DE4C5840855B,REANONYMIZE,C_CONTRAST,False,0.0,0.0,0.0,False,,False,False
gemma-4-26b-a4b,INC-DE4C5840855B,REANONYMIZE,M_TEXT,False,0.0,0.0,0.0,False,,False,False
gemma-4-26b-a4b,INC-DE4C5840855B,REPLICATE_1,C_CONTRAST,True,0.0,0.0,0.0,False,False,False,False
gemma-4-26b-a4b,INC-DE4C5840855B,REPLICATE_1,M_TEXT,True,0.0,0.0,0.0,False,False,False,False
gemma-4-26b-a4b,INC-DE4C5840855B,REPLICATE_2,C_CONTRAST,True,0.0,0.0,0.0,False,False,False,False
gemma-4-26b-a4b,INC-DE4C5840855B,REPLICATE_2,M_TEXT,True,0.0,0.0,0.0,False,False,False,False
gemma-4-26b-a4b,INC-5CE6915288DD,REMOVE_TARGET,C_CONTRAST,False,0.0,1.0,-1.0,True,True,False,True
gemma-4-26b-a4b,INC-5CE6915288DD,REMOVE_TARGET,M_TEXT,False,0.0,1.0,-1.0,True,True,False,True
gemma-4-26b-a4b,INC-5CE6915288DD,REMOVE_MATCHED_NONTARGET,C_CONTRAST,False,1.0,1.0,0.0,False,False,False,False
gemma-4-26b-a4b,INC-5CE6915288DD,REMOVE_MATCHED_NONTARGET,M_TEXT,False,1.0,1.0,0.0,False,False,False,False
gemma-4-26b-a4b,INC-5CE6915288DD,NO_GROUPING,C_CONTRAST,True,1.0,1.0,0.0,False,False,False,False
gemma-4-26b-a4b,INC-5CE6915288DD,NO_GROUPING,M_TEXT,False,1.0,1.0,0.0,False,False,False,False
gemma-4-26b-a4b,INC-5CE6915288DD,REDUNDANT_NOISE,C_CONTRAST,False,1.0,1.0,0.0,False,False,False,False
gemma-4-26b-a4b,INC-5CE6915288DD,REDUNDANT_NOISE,M_TEXT,False,1.0,1.0,0.0,False,False,False,False
gemma-4-26b-a4b,INC-5CE6915288DD,REANONYMIZE,C_CONTRAST,False,1.0,1.0,0.0,False,,False,False
gemma-4-26b-a4b,INC-5CE6915288DD,REANONYMIZE,M_TEXT,False,1.0,1.0,0.0,False,,False,False
gemma-4-26b-a4b,INC-5CE6915288DD,REPLICATE_1,C_CONTRAST,True,1.0,1.0,0.0,False,False,False,False
gemma-4-26b-a4b,INC-5CE6915288DD,REPLICATE_1,M_TEXT,True,1.0,1.0,0.0,False,False,False,False
gemma-4-26b-a4b,INC-5CE6915288DD,REPLICATE_2,C_CONTRAST,True,1.0,1.0,0.0,False,False,False,False
gemma-4-26b-a4b,INC-5CE6915288DD,REPLICATE_2,M_TEXT,True,1.0,1.0,0.0,False,False,False,False
gemma-4-26b-a4b,INC-B3349051A0EF,REMOVE_TARGET,C_CONTRAST,False,0.0,0.0,0.0,False,False,False,False
gemma-4-26b-a4b,INC-B3349051A0EF,REMOVE_TARGET,M_TEXT,False,0.0,0.0,0.0,False,False,False,False
gemma-4-26b-a4b,INC-B3349051A0EF,REMOVE_MATCHED_NONTARGET,C_CONTRAST,False,0.0,0.0,0.0,False,False,False,False
gemma-4-26b-a4b,INC-B3349051A0EF,REMOVE_MATCHED_NONTARGET,M_TEXT,False,0.0,0.0,0.0,False,False,False,False
gemma-4-26b-a4b,INC-B3349051A0EF,NO_GROUPING,C_CONTRAST,True,0.0,0.0,0.0,False,False,False,False
gemma-4-26b-a4b,INC-B3349051A0EF,NO_GROUPING,M_TEXT,False,0.0,0.0,0.0,False,False,False,False
gemma-4-26b-a4b,INC-B3349051A0EF,REDUNDANT_NOISE,C_CONTRAST,False,0.0,0.0,0.0,False,False,False,False
gemma-4-26b-a4b,INC-B3349051A0EF,REDUNDANT_NOISE,M_TEXT,False,0.0,0.0,0.0,False,False,False,False
gemma-4-26b-a4b,INC-B3349051A0EF,REANONYMIZE,C_CONTRAST,False,0.0,0.0,0.0,False,,False,False
gemma-4-26b-a4b,INC-B3349051A0EF,REANONYMIZE,M_TEXT,False,0.0,0.0,0.0,False,,False,False
gemma-4-26b-a4b,INC-B3349051A0EF,REPLICATE_1,C_CONTRAST,True,0.0,0.0,0.0,False,False,False,False
gemma-4-26b-a4b,INC-B3349051A0EF,REPLICATE_1,M_TEXT,True,0.0,0.0,0.0,False,False,False,False
gemma-4-26b-a4b,INC-B3349051A0EF,REPLICATE_2,C_CONTRAST,True,0.0,0.0,0.0,False,False,False,False
gemma-4-26b-a4b,INC-B3349051A0EF,REPLICATE_2,M_TEXT,True,0.0,0.0,0.0,False,False,False,False
gemma-4-26b-a4b,INC-7C21112F33BD,REMOVE_TARGET,C_CONTRAST,False,0.0,0.0,0.0,False,False,False,False
gemma-4-26b-a4b,INC-7C21112F33BD,REMOVE_TARGET,M_TEXT,False,0.0,0.0,0.0,False,False,False,False
gemma-4-26b-a4b,INC-7C21112F33BD,REMOVE_MATCHED_NONTARGET,C_CONTRAST,False,0.0,0.0,0.0,False,True,False,False
gemma-4-26b-a4b,INC-7C21112F33BD,REMOVE_MATCHED_NONTARGET,M_TEXT,False,0.0,0.0,0.0,False,False,False,False
gemma-4-26b-a4b,INC-7C21112F33BD,NO_GROUPING,C_CONTRAST,True,0.0,0.0,0.0,False,False,False,False
gemma-4-26b-a4b,INC-7C21112F33BD,NO_GROUPING,M_TEXT,False,0.0,0.0,0.0,False,False,False,False
gemma-4-26b-a4b,INC-7C21112F33BD,REDUNDANT_NOISE,C_CONTRAST,False,0.0,0.0,0.0,False,False,False,False
gemma-4-26b-a4b,INC-7C21112F33BD,REDUNDANT_NOISE,M_TEXT,False,0.0,0.0,0.0,False,False,False,False
gemma-4-26b-a4b,INC-7C21112F33BD,REANONYMIZE,C_CONTRAST,False,0.0,0.0,0.0,False,,False,False
gemma-4-26b-a4b,INC-7C21112F33BD,REANONYMIZE,M_TEXT,False,0.0,0.0,0.0,False,,False,False
gemma-4-26b-a4b,INC-7C21112F33BD,REPLICATE_1,C_CONTRAST,True,0.0,0.0,0.0,False,False,False,False
gemma-4-26b-a4b,INC-7C21112F33BD,REPLICATE_1,M_TEXT,True,0.0,0.0,0.0,False,False,False,False
gemma-4-26b-a4b,INC-7C21112F33BD,REPLICATE_2,C_CONTRAST,True,0.0,0.0,0.0,False,False,False,False
gemma-4-26b-a4b,INC-7C21112F33BD,REPLICATE_2,M_TEXT,True,0.0,0.0,0.0,False,False,False,False
gemma-4-26b-a4b,INC-03A46BA87920,REMOVE_TARGET,C_CONTRAST,False,0.0,0.0,0.0,False,False,False,False
gemma-4-26b-a4b,INC-03A46BA87920,REMOVE_TARGET,M_TEXT,False,0.0,0.0,0.0,False,False,False,False
gemma-4-26b-a4b,INC-03A46BA87920,REMOVE_MATCHED_NONTARGET,C_CONTRAST,False,0.0,0.0,0.0,False,False,False,False
gemma-4-26b-a4b,INC-03A46BA87920,REMOVE_MATCHED_NONTARGET,M_TEXT,False,0.0,0.0,0.0,False,False,False,False
gemma-4-26b-a4b,INC-03A46BA87920,NO_GROUPING,C_CONTRAST,True,0.0,0.0,0.0,False,False,False,False
gemma-4-26b-a4b,INC-03A46BA87920,NO_GROUPING,M_TEXT,False,0.0,0.0,0.0,False,False,False,False
gemma-4-26b-a4b,INC-03A46BA87920,REDUNDANT_NOISE,C_CONTRAST,False,0.0,0.0,0.0,False,False,False,False
gemma-4-26b-a4b,INC-03A46BA87920,REDUNDANT_NOISE,M_TEXT,False,0.0,0.0,0.0,False,False,False,False
gemma-4-26b-a4b,INC-03A46BA87920,REANONYMIZE,C_CONTRAST,False,0.0,0.0,0.0,False,,False,False
gemma-4-26b-a4b,INC-03A46BA87920,REANONYMIZE,M_TEXT,False,0.0,0.0,0.0,False,,False,False
gemma-4-26b-a4b,INC-03A46BA87920,REPLICATE_1,C_CONTRAST,True,0.0,0.0,0.0,False,False,False,False
gemma-4-26b-a4b,INC-03A46BA87920,REPLICATE_1,M_TEXT,True,0.0,0.0,0.0,False,False,False,False
gemma-4-26b-a4b,INC-03A46BA87920,REPLICATE_2,C_CONTRAST,True,0.0,0.0,0.0,False,False,False,False
gemma-4-26b-a4b,INC-03A46BA87920,REPLICATE_2,M_TEXT,True,0.0,0.0,0.0,False,False,False,False
gemma-4-26b-a4b,INC-69A7A0E7E78B,REMOVE_TARGET,C_CONTRAST,False,0.0,0.0,0.0,False,False,False,False
gemma-4-26b-a4b,INC-69A7A0E7E78B,REMOVE_TARGET,M_TEXT,False,0.0,0.0,0.0,False,False,False,False
gemma-4-26b-a4b,INC-69A7A0E7E78B,REMOVE_MATCHED_NONTARGET,C_CONTRAST,False,0.0,0.0,0.0,False,False,False,False
gemma-4-26b-a4b,INC-69A7A0E7E78B,REMOVE_MATCHED_NONTARGET,M_TEXT,False,0.0,0.0,0.0,False,True,False,False
gemma-4-26b-a4b,INC-69A7A0E7E78B,NO_GROUPING,C_CONTRAST,True,0.0,0.0,0.0,False,False,False,False
gemma-4-26b-a4b,INC-69A7A0E7E78B,NO_GROUPING,M_TEXT,False,0.0,0.0,0.0,False,True,False,False
gemma-4-26b-a4b,INC-69A7A0E7E78B,REDUNDANT_NOISE,C_CONTRAST,False,0.0,0.0,0.0,False,True,False,False
gemma-4-26b-a4b,INC-69A7A0E7E78B,REDUNDANT_NOISE,M_TEXT,False,0.0,0.0,0.0,False,True,False,False
gemma-4-26b-a4b,INC-69A7A0E7E78B,REANONYMIZE,C_CONTRAST,False,0.0,0.0,0.0,False,,False,False
gemma-4-26b-a4b,INC-69A7A0E7E78B,REANONYMIZE,M_TEXT,False,0.0,0.0,0.0,False,,False,False
gemma-4-26b-a4b,INC-69A7A0E7E78B,REPLICATE_1,C_CONTRAST,True,0.0,0.0,0.0,False,False,False,False
gemma-4-26b-a4b,INC-69A7A0E7E78B,REPLICATE_1,M_TEXT,True,0.0,0.0,0.0,False,False,False,False
gemma-4-26b-a4b,INC-69A7A0E7E78B,REPLICATE_2,C_CONTRAST,True,0.0,0.0,0.0,False,False,False,False
gemma-4-26b-a4b,INC-69A7A0E7E78B,REPLICATE_2,M_TEXT,True,0.0,0.0,0.0,False,True,False,False
gemma-4-26b-a4b,INC-D87134FF9ACF,NO_GROUPING,C_CONTRAST,True,0.0,0.0,0.0,False,False,False,False
gemma-4-26b-a4b,INC-D87134FF9ACF,NO_GROUPING,M_TEXT,False,0.0,0.0,0.0,False,False,False,False
gemma-4-26b-a4b,INC-D87134FF9ACF,REDUNDANT_NOISE,C_CONTRAST,False,0.0,0.0,0.0,False,False,False,False
gemma-4-26b-a4b,INC-D87134FF9ACF,REDUNDANT_NOISE,M_TEXT,False,0.0,0.0,0.0,False,True,False,False
gemma-4-26b-a4b,INC-D87134FF9ACF,REANONYMIZE,C_CONTRAST,False,0.0,0.0,0.0,False,,False,False
gemma-4-26b-a4b,INC-D87134FF9ACF,REANONYMIZE,M_TEXT,False,0.0,0.0,0.0,False,,False,False
gemma-4-26b-a4b,INC-D87134FF9ACF,REPLICATE_1,C_CONTRAST,True,0.0,0.0,0.0,False,False,False,False
gemma-4-26b-a4b,INC-D87134FF9ACF,REPLICATE_1,M_TEXT,True,0.0,0.0,0.0,False,False,False,False
gemma-4-26b-a4b,INC-D87134FF9ACF,REPLICATE_2,C_CONTRAST,True,0.0,0.0,0.0,False,False,False,False
gemma-4-26b-a4b,INC-D87134FF9ACF,REPLICATE_2,M_TEXT,True,0.0,0.0,0.0,False,False,False,False
gemma-4-26b-a4b,INC-38605D04F34F,REMOVE_TARGET,C_CONTRAST,False,0.0,0.0,0.0,False,False,False,False
gemma-4-26b-a4b,INC-38605D04F34F,REMOVE_TARGET,M_TEXT,False,0.0,0.0,0.0,False,False,False,False
gemma-4-26b-a4b,INC-38605D04F34F,REMOVE_MATCHED_NONTARGET,C_CONTRAST,False,0.0,0.0,0.0,False,False,False,False
gemma-4-26b-a4b,INC-38605D04F34F,REMOVE_MATCHED_NONTARGET,M_TEXT,False,0.0,0.0,0.0,False,False,False,False
gemma-4-26b-a4b,INC-38605D04F34F,NO_GROUPING,C_CONTRAST,True,0.0,0.0,0.0,False,False,False,False
gemma-4-26b-a4b,INC-38605D04F34F,NO_GROUPING,M_TEXT,False,0.0,0.0,0.0,False,False,False,False
gemma-4-26b-a4b,INC-38605D04F34F,REDUNDANT_NOISE,C_CONTRAST,False,0.0,0.0,0.0,False,False,False,False
gemma-4-26b-a4b,INC-38605D04F34F,REDUNDANT_NOISE,M_TEXT,False,0.0,0.0,0.0,False,False,False,False
gemma-4-26b-a4b,INC-38605D04F34F,REANONYMIZE,C_CONTRAST,False,0.0,0.0,0.0,False,,False,False
gemma-4-26b-a4b,INC-38605D04F34F,REANONYMIZE,M_TEXT,False,0.0,0.0,0.0,False,,False,False
gemma-4-26b-a4b,INC-38605D04F34F,REPLICATE_1,C_CONTRAST,True,0.0,0.0,0.0,False,False,False,False
gemma-4-26b-a4b,INC-38605D04F34F,REPLICATE_1,M_TEXT,True,0.0,0.0,0.0,False,False,False,False
gemma-4-26b-a4b,INC-38605D04F34F,REPLICATE_2,C_CONTRAST,True,0.0,0.0,0.0,False,False,False,False
gemma-4-26b-a4b,INC-38605D04F34F,REPLICATE_2,M_TEXT,True,0.0,0.0,0.0,False,False,False,False
gemma-4-26b-a4b,INC-C10F5EA649A5,REMOVE_TARGET,C_CONTRAST,False,0.0,0.0,0.0,False,False,False,False
gemma-4-26b-a4b,INC-C10F5EA649A5,REMOVE_TARGET,M_TEXT,False,0.0,0.0,0.0,False,True,False,False
gemma-4-26b-a4b,INC-C10F5EA649A5,REMOVE_MATCHED_NONTARGET,C_CONTRAST,False,0.0,0.0,0.0,False,False,False,False
gemma-4-26b-a4b,INC-C10F5EA649A5,REMOVE_MATCHED_NONTARGET,M_TEXT,False,0.0,0.0,0.0,False,True,False,False
gemma-4-26b-a4b,INC-C10F5EA649A5,NO_GROUPING,C_CONTRAST,True,0.0,0.0,0.0,False,False,False,False
gemma-4-26b-a4b,INC-C10F5EA649A5,NO_GROUPING,M_TEXT,False,0.0,0.0,0.0,False,False,False,False
gemma-4-26b-a4b,INC-C10F5EA649A5,REDUNDANT_NOISE,C_CONTRAST,False,0.0,0.0,0.0,False,False,False,False
gemma-4-26b-a4b,INC-C10F5EA649A5,REDUNDANT_NOISE,M_TEXT,False,0.0,0.0,0.0,False,True,False,False
gemma-4-26b-a4b,INC-C10F5EA649A5,REANONYMIZE,C_CONTRAST,False,0.0,0.0,0.0,False,,False,False
gemma-4-26b-a4b,INC-C10F5EA649A5,REANONYMIZE,M_TEXT,False,0.0,0.0,0.0,False,,False,False
gemma-4-26b-a4b,INC-C10F5EA649A5,REPLICATE_1,C_CONTRAST,True,0.0,0.0,0.0,False,False,False,False
gemma-4-26b-a4b,INC-C10F5EA649A5,REPLICATE_1,M_TEXT,True,0.0,0.0,0.0,False,True,False,False
gemma-4-26b-a4b,INC-C10F5EA649A5,REPLICATE_2,C_CONTRAST,True,0.0,0.0,0.0,False,False,False,False
gemma-4-26b-a4b,INC-C10F5EA649A5,REPLICATE_2,M_TEXT,True,0.0,0.0,0.0,False,True,False,False
gemma-4-26b-a4b,INC-1FD94FA4DDB2,REMOVE_TARGET,C_CONTRAST,False,0.0,0.0,0.0,False,False,False,False
gemma-4-26b-a4b,INC-1FD94FA4DDB2,REMOVE_TARGET,M_TEXT,False,0.0,0.0,0.0,False,False,False,False
gemma-4-26b-a4b,INC-1FD94FA4DDB2,REMOVE_MATCHED_NONTARGET,C_CONTRAST,False,0.0,0.0,0.0,False,False,False,False
gemma-4-26b-a4b,INC-1FD94FA4DDB2,REMOVE_MATCHED_NONTARGET,M_TEXT,False,0.0,0.0,0.0,False,False,False,False
gemma-4-26b-a4b,INC-1FD94FA4DDB2,NO_GROUPING,C_CONTRAST,True,0.0,0.0,0.0,False,False,False,False
gemma-4-26b-a4b,INC-1FD94FA4DDB2,NO_GROUPING,M_TEXT,False,0.0,0.0,0.0,False,False,False,False
gemma-4-26b-a4b,INC-1FD94FA4DDB2,REDUNDANT_NOISE,C_CONTRAST,False,1.0,0.0,1.0,True,True,True,False
gemma-4-26b-a4b,INC-1FD94FA4DDB2,REDUNDANT_NOISE,M_TEXT,False,0.0,0.0,0.0,False,False,False,False
gemma-4-26b-a4b,INC-1FD94FA4DDB2,REANONYMIZE,C_CONTRAST,False,1.0,0.0,1.0,True,,True,False
gemma-4-26b-a4b,INC-1FD94FA4DDB2,REANONYMIZE,M_TEXT,False,0.0,0.0,0.0,False,,False,False
gemma-4-26b-a4b,INC-1FD94FA4DDB2,REPLICATE_1,C_CONTRAST,True,0.0,0.0,0.0,False,False,False,False
gemma-4-26b-a4b,INC-1FD94FA4DDB2,REPLICATE_1,M_TEXT,True,0.0,0.0,0.0,False,False,False,False
gemma-4-26b-a4b,INC-1FD94FA4DDB2,REPLICATE_2,C_CONTRAST,True,0.0,0.0,0.0,False,False,False,False
gemma-4-26b-a4b,INC-1FD94FA4DDB2,REPLICATE_2,M_TEXT,True,0.0,0.0,0.0,False,False,False,False
gemma-4-26b-a4b,INC-BD033D92F337,REMOVE_TARGET,C_CONTRAST,False,1.0,0.0,1.0,True,True,True,False
gemma-4-26b-a4b,INC-BD033D92F337,REMOVE_TARGET,M_TEXT,False,1.0,0.0,1.0,True,True,True,False
gemma-4-26b-a4b,INC-BD033D92F337,REMOVE_MATCHED_NONTARGET,C_CONTRAST,False,0.0,0.0,0.0,False,False,False,False
gemma-4-26b-a4b,INC-BD033D92F337,REMOVE_MATCHED_NONTARGET,M_TEXT,False,0.0,0.0,0.0,False,False,False,False
gemma-4-26b-a4b,INC-BD033D92F337,NO_GROUPING,C_CONTRAST,True,0.0,0.0,0.0,False,False,False,False
gemma-4-26b-a4b,INC-BD033D92F337,NO_GROUPING,M_TEXT,False,0.0,0.0,0.0,False,False,False,False
gemma-4-26b-a4b,INC-BD033D92F337,REDUNDANT_NOISE,C_CONTRAST,False,1.0,0.0,1.0,True,True,True,False
gemma-4-26b-a4b,INC-BD033D92F337,REDUNDANT_NOISE,M_TEXT,False,0.0,0.0,0.0,False,False,False,False
gemma-4-26b-a4b,INC-BD033D92F337,REANONYMIZE,C_CONTRAST,False,0.0,0.0,0.0,False,,False,False
gemma-4-26b-a4b,INC-BD033D92F337,REANONYMIZE,M_TEXT,False,0.0,0.0,0.0,False,,False,False
gemma-4-26b-a4b,INC-BD033D92F337,REPLICATE_1,C_CONTRAST,True,0.0,0.0,0.0,False,False,False,False
gemma-4-26b-a4b,INC-BD033D92F337,REPLICATE_1,M_TEXT,True,0.0,0.0,0.0,False,False,False,False
gemma-4-26b-a4b,INC-BD033D92F337,REPLICATE_2,C_CONTRAST,True,1.0,0.0,1.0,True,True,True,False
gemma-4-26b-a4b,INC-BD033D92F337,REPLICATE_2,M_TEXT,True,0.0,0.0,0.0,False,False,False,False
gemma-4-26b-a4b,INC-92A00B34EECF,REMOVE_TARGET,C_CONTRAST,False,1.0,1.0,0.0,False,False,False,False
gemma-4-26b-a4b,INC-92A00B34EECF,REMOVE_TARGET,M_TEXT,False,1.0,1.0,0.0,False,False,False,False
gemma-4-26b-a4b,INC-92A00B34EECF,REMOVE_MATCHED_NONTARGET,C_CONTRAST,False,1.0,1.0,0.0,False,False,False,False
gemma-4-26b-a4b,INC-92A00B34EECF,REMOVE_MATCHED_NONTARGET,M_TEXT,False,1.0,1.0,0.0,False,False,False,False
gemma-4-26b-a4b,INC-92A00B34EECF,NO_GROUPING,C_CONTRAST,True,1.0,1.0,0.0,False,False,False,False
gemma-4-26b-a4b,INC-92A00B34EECF,NO_GROUPING,M_TEXT,False,1.0,1.0,0.0,False,False,False,False
gemma-4-26b-a4b,INC-92A00B34EECF,REDUNDANT_NOISE,C_CONTRAST,False,1.0,1.0,0.0,False,False,False,False
gemma-4-26b-a4b,INC-92A00B34EECF,REDUNDANT_NOISE,M_TEXT,False,1.0,1.0,0.0,False,False,False,False
gemma-4-26b-a4b,INC-92A00B34EECF,REANONYMIZE,C_CONTRAST,False,1.0,1.0,0.0,False,,False,False
gemma-4-26b-a4b,INC-92A00B34EECF,REANONYMIZE,M_TEXT,False,1.0,1.0,0.0,False,,False,False
gemma-4-26b-a4b,INC-92A00B34EECF,REPLICATE_1,C_CONTRAST,True,1.0,1.0,0.0,False,False,False,False
gemma-4-26b-a4b,INC-92A00B34EECF,REPLICATE_1,M_TEXT,True,1.0,1.0,0.0,False,False,False,False
gemma-4-26b-a4b,INC-92A00B34EECF,REPLICATE_2,C_CONTRAST,True,1.0,1.0,0.0,False,False,False,False
gemma-4-26b-a4b,INC-92A00B34EECF,REPLICATE_2,M_TEXT,True,1.0,1.0,0.0,False,False,False,False
gemma-4-26b-a4b,INC-BD14EEDA08FA,REMOVE_TARGET,C_CONTRAST,False,0.0,0.0,0.0,False,False,False,False
gemma-4-26b-a4b,INC-BD14EEDA08FA,REMOVE_TARGET,M_TEXT,False,0.0,0.0,0.0,False,False,False,False
gemma-4-26b-a4b,INC-BD14EEDA08FA,REMOVE_MATCHED_NONTARGET,C_CONTRAST,False,0.0,0.0,0.0,False,False,False,False
gemma-4-26b-a4b,INC-BD14EEDA08FA,REMOVE_MATCHED_NONTARGET,M_TEXT,False,0.0,0.0,0.0,False,False,False,False
gemma-4-26b-a4b,INC-BD14EEDA08FA,NO_GROUPING,C_CONTRAST,True,0.0,0.0,0.0,False,False,False,False
gemma-4-26b-a4b,INC-BD14EEDA08FA,NO_GROUPING,M_TEXT,False,0.0,0.0,0.0,False,False,False,False
gemma-4-26b-a4b,INC-BD14EEDA08FA,REDUNDANT_NOISE,C_CONTRAST,False,0.0,0.0,0.0,False,True,False,False
gemma-4-26b-a4b,INC-BD14EEDA08FA,REDUNDANT_NOISE,M_TEXT,False,0.0,0.0,0.0,False,True,False,False
gemma-4-26b-a4b,INC-BD14EEDA08FA,REANONYMIZE,C_CONTRAST,False,0.0,0.0,0.0,False,,False,False
gemma-4-26b-a4b,INC-BD14EEDA08FA,REANONYMIZE,M_TEXT,False,0.0,0.0,0.0,False,,False,False
gemma-4-26b-a4b,INC-BD14EEDA08FA,REPLICATE_1,C_CONTRAST,True,0.0,0.0,0.0,False,False,False,False
gemma-4-26b-a4b,INC-BD14EEDA08FA,REPLICATE_1,M_TEXT,True,0.0,0.0,0.0,False,False,False,False
gemma-4-26b-a4b,INC-BD14EEDA08FA,REPLICATE_2,C_CONTRAST,True,0.0,0.0,0.0,False,False,False,False
gemma-4-26b-a4b,INC-BD14EEDA08FA,REPLICATE_2,M_TEXT,True,0.0,0.0,0.0,False,False,False,False
gemma-4-26b-a4b,INC-3B6FE224D74B,REMOVE_TARGET,C_CONTRAST,False,1.0,1.0,0.0,False,False,False,False
gemma-4-26b-a4b,INC-3B6FE224D74B,REMOVE_TARGET,M_TEXT,False,0.0,0.0,0.0,False,False,False,False
gemma-4-26b-a4b,INC-3B6FE224D74B,REMOVE_MATCHED_NONTARGET,C_CONTRAST,False,1.0,1.0,0.0,False,False,False,False
gemma-4-26b-a4b,INC-3B6FE224D74B,REMOVE_MATCHED_NONTARGET,M_TEXT,False,0.0,0.0,0.0,False,False,False,False
gemma-4-26b-a4b,INC-3B6FE224D74B,NO_GROUPING,C_CONTRAST,True,1.0,1.0,0.0,False,False,False,False
gemma-4-26b-a4b,INC-3B6FE224D74B,NO_GROUPING,M_TEXT,False,1.0,0.0,1.0,True,True,True,False
gemma-4-26b-a4b,INC-3B6FE224D74B,REDUNDANT_NOISE,C_CONTRAST,False,1.0,1.0,0.0,False,False,False,False
gemma-4-26b-a4b,INC-3B6FE224D74B,REDUNDANT_NOISE,M_TEXT,False,1.0,0.0,1.0,True,True,True,False
gemma-4-26b-a4b,INC-3B6FE224D74B,REANONYMIZE,C_CONTRAST,False,1.0,1.0,0.0,False,,False,False
gemma-4-26b-a4b,INC-3B6FE224D74B,REANONYMIZE,M_TEXT,False,0.0,0.0,0.0,False,,False,False
gemma-4-26b-a4b,INC-3B6FE224D74B,REPLICATE_1,C_CONTRAST,True,1.0,1.0,0.0,False,False,False,False
gemma-4-26b-a4b,INC-3B6FE224D74B,REPLICATE_1,M_TEXT,True,0.0,0.0,0.0,False,False,False,False
gemma-4-26b-a4b,INC-3B6FE224D74B,REPLICATE_2,C_CONTRAST,True,1.0,1.0,0.0,False,False,False,False
gemma-4-26b-a4b,INC-3B6FE224D74B,REPLICATE_2,M_TEXT,True,1.0,0.0,1.0,True,True,True,False
gemma-4-26b-a4b,INC-2A292B511B14,NO_GROUPING,C_CONTRAST,True,0.0,0.0,0.0,False,False,False,False
gemma-4-26b-a4b,INC-2A292B511B14,NO_GROUPING,M_TEXT,False,0.0,0.0,0.0,False,False,False,False
gemma-4-26b-a4b,INC-2A292B511B14,REDUNDANT_NOISE,C_CONTRAST,False,0.0,0.0,0.0,False,False,False,False
gemma-4-26b-a4b,INC-2A292B511B14,REDUNDANT_NOISE,M_TEXT,False,0.0,0.0,0.0,False,False,False,False
gemma-4-26b-a4b,INC-2A292B511B14,REANONYMIZE,C_CONTRAST,False,0.0,0.0,0.0,False,,False,False
gemma-4-26b-a4b,INC-2A292B511B14,REANONYMIZE,M_TEXT,False,0.0,0.0,0.0,False,,False,False
gemma-4-26b-a4b,INC-2A292B511B14,REPLICATE_1,C_CONTRAST,True,0.0,0.0,0.0,False,False,False,False
gemma-4-26b-a4b,INC-2A292B511B14,REPLICATE_1,M_TEXT,True,0.0,0.0,0.0,False,False,False,False
gemma-4-26b-a4b,INC-2A292B511B14,REPLICATE_2,C_CONTRAST,True,0.0,0.0,0.0,False,False,False,False
gemma-4-26b-a4b,INC-2A292B511B14,REPLICATE_2,M_TEXT,True,0.0,0.0,0.0,False,False,False,False
gemma-4-26b-a4b,INC-F30D0DDD63EF,REMOVE_TARGET,C_CONTRAST,False,0.0,0.0,0.0,False,False,False,False
gemma-4-26b-a4b,INC-F30D0DDD63EF,REMOVE_TARGET,M_TEXT,False,0.0,0.0,0.0,False,True,False,False
gemma-4-26b-a4b,INC-F30D0DDD63EF,REMOVE_MATCHED_NONTARGET,C_CONTRAST,False,0.0,0.0,0.0,False,False,False,False
gemma-4-26b-a4b,INC-F30D0DDD63EF,REMOVE_MATCHED_NONTARGET,M_TEXT,False,0.0,0.0,0.0,False,True,False,False
gemma-4-26b-a4b,INC-F30D0DDD63EF,NO_GROUPING,C_CONTRAST,True,0.0,0.0,0.0,False,False,False,False
gemma-4-26b-a4b,INC-F30D0DDD63EF,NO_GROUPING,M_TEXT,False,0.0,0.0,0.0,False,True,False,False
gemma-4-26b-a4b,INC-F30D0DDD63EF,REDUNDANT_NOISE,C_CONTRAST,False,0.0,0.0,0.0,False,False,False,False
gemma-4-26b-a4b,INC-F30D0DDD63EF,REDUNDANT_NOISE,M_TEXT,False,0.0,0.0,0.0,False,True,False,False
gemma-4-26b-a4b,INC-F30D0DDD63EF,REANONYMIZE,C_CONTRAST,False,0.0,0.0,0.0,False,,False,False
gemma-4-26b-a4b,INC-F30D0DDD63EF,REANONYMIZE,M_TEXT,False,0.0,0.0,0.0,False,,False,False
gemma-4-26b-a4b,INC-F30D0DDD63EF,REPLICATE_1,C_CONTRAST,True,0.0,0.0,0.0,False,False,False,False
gemma-4-26b-a4b,INC-F30D0DDD63EF,REPLICATE_1,M_TEXT,True,0.0,0.0,0.0,False,False,False,False
gemma-4-26b-a4b,INC-F30D0DDD63EF,REPLICATE_2,C_CONTRAST,True,0.0,0.0,0.0,False,False,False,False
gemma-4-26b-a4b,INC-F30D0DDD63EF,REPLICATE_2,M_TEXT,True,0.0,0.0,0.0,False,False,False,False
gemma-4-26b-a4b,INC-9D1784608F61,REMOVE_TARGET,C_CONTRAST,False,0.5,0.0,0.5,True,True,False,False
gemma-4-26b-a4b,INC-9D1784608F61,REMOVE_TARGET,M_TEXT,False,1.0,0.0,1.0,True,True,True,False
gemma-4-26b-a4b,INC-9D1784608F61,REMOVE_MATCHED_NONTARGET,C_CONTRAST,False,1.0,0.0,1.0,True,True,True,False
gemma-4-26b-a4b,INC-9D1784608F61,REMOVE_MATCHED_NONTARGET,M_TEXT,False,1.0,0.0,1.0,True,True,True,False
gemma-4-26b-a4b,INC-9D1784608F61,NO_GROUPING,C_CONTRAST,True,0.0,0.0,0.0,False,False,False,False
gemma-4-26b-a4b,INC-9D1784608F61,NO_GROUPING,M_TEXT,False,1.0,0.0,1.0,True,True,True,False
gemma-4-26b-a4b,INC-9D1784608F61,REDUNDANT_NOISE,C_CONTRAST,False,0.0,0.0,0.0,False,True,False,False
gemma-4-26b-a4b,INC-9D1784608F61,REDUNDANT_NOISE,M_TEXT,False,0.0,0.0,0.0,False,False,False,False
gemma-4-26b-a4b,INC-9D1784608F61,REANONYMIZE,C_CONTRAST,False,1.0,0.0,1.0,True,,True,False
gemma-4-26b-a4b,INC-9D1784608F61,REANONYMIZE,M_TEXT,False,0.0,0.0,0.0,False,,False,False
gemma-4-26b-a4b,INC-9D1784608F61,REPLICATE_1,C_CONTRAST,True,0.0,0.0,0.0,False,False,False,False
gemma-4-26b-a4b,INC-9D1784608F61,REPLICATE_1,M_TEXT,True,0.0,0.0,0.0,False,False,False,False
gemma-4-26b-a4b,INC-9D1784608F61,REPLICATE_2,C_CONTRAST,True,1.0,0.0,1.0,True,True,True,False
gemma-4-26b-a4b,INC-9D1784608F61,REPLICATE_2,M_TEXT,True,0.0,0.0,0.0,False,False,False,False
gemma-4-26b-a4b,INC-7763E2627FD6,REMOVE_TARGET,C_CONTRAST,False,1.0,1.0,0.0,False,False,False,False
gemma-4-26b-a4b,INC-7763E2627FD6,REMOVE_TARGET,M_TEXT,False,1.0,1.0,0.0,False,False,False,False
gemma-4-26b-a4b,INC-7763E2627FD6,REMOVE_MATCHED_NONTARGET,C_CONTRAST,False,1.0,1.0,0.0,False,False,False,False
gemma-4-26b-a4b,INC-7763E2627FD6,REMOVE_MATCHED_NONTARGET,M_TEXT,False,1.0,1.0,0.0,False,False,False,False
gemma-4-26b-a4b,INC-7763E2627FD6,NO_GROUPING,C_CONTRAST,True,1.0,1.0,0.0,False,False,False,False
gemma-4-26b-a4b,INC-7763E2627FD6,NO_GROUPING,M_TEXT,False,1.0,1.0,0.0,False,False,False,False
gemma-4-26b-a4b,INC-7763E2627FD6,REDUNDANT_NOISE,C_CONTRAST,False,1.0,1.0,0.0,False,False,False,False
gemma-4-26b-a4b,INC-7763E2627FD6,REDUNDANT_NOISE,M_TEXT,False,1.0,1.0,0.0,False,False,False,False
gemma-4-26b-a4b,INC-7763E2627FD6,REANONYMIZE,C_CONTRAST,False,1.0,1.0,0.0,False,,False,False
gemma-4-26b-a4b,INC-7763E2627FD6,REANONYMIZE,M_TEXT,False,1.0,1.0,0.0,False,,False,False
gemma-4-26b-a4b,INC-7763E2627FD6,REPLICATE_1,C_CONTRAST,True,1.0,1.0,0.0,False,False,False,False
gemma-4-26b-a4b,INC-7763E2627FD6,REPLICATE_1,M_TEXT,True,1.0,1.0,0.0,False,False,False,False
gemma-4-26b-a4b,INC-7763E2627FD6,REPLICATE_2,C_CONTRAST,True,1.0,1.0,0.0,False,False,False,False
gemma-4-26b-a4b,INC-7763E2627FD6,REPLICATE_2,M_TEXT,True,1.0,1.0,0.0,False,False,False,False
gemma-4-26b-a4b,INC-58CA418024BC,REMOVE_TARGET,C_CONTRAST,False,1.0,1.0,0.0,False,False,False,False
gemma-4-26b-a4b,INC-58CA418024BC,REMOVE_TARGET,M_TEXT,False,1.0,1.0,0.0,False,False,False,False
gemma-4-26b-a4b,INC-58CA418024BC,REMOVE_MATCHED_NONTARGET,C_CONTRAST,False,1.0,1.0,0.0,False,False,False,False
gemma-4-26b-a4b,INC-58CA418024BC,REMOVE_MATCHED_NONTARGET,M_TEXT,False,1.0,1.0,0.0,False,False,False,False
gemma-4-26b-a4b,INC-58CA418024BC,NO_GROUPING,C_CONTRAST,True,1.0,1.0,0.0,False,False,False,False
gemma-4-26b-a4b,INC-58CA418024BC,NO_GROUPING,M_TEXT,False,1.0,1.0,0.0,False,False,False,False
gemma-4-26b-a4b,INC-58CA418024BC,REDUNDANT_NOISE,C_CONTRAST,False,1.0,1.0,0.0,False,False,False,False
gemma-4-26b-a4b,INC-58CA418024BC,REDUNDANT_NOISE,M_TEXT,False,1.0,1.0,0.0,False,False,False,False
gemma-4-26b-a4b,INC-58CA418024BC,REANONYMIZE,C_CONTRAST,False,1.0,1.0,0.0,False,,False,False
gemma-4-26b-a4b,INC-58CA418024BC,REANONYMIZE,M_TEXT,False,1.0,1.0,0.0,False,,False,False
gemma-4-26b-a4b,INC-58CA418024BC,REPLICATE_1,C_CONTRAST,True,1.0,1.0,0.0,False,False,False,False
gemma-4-26b-a4b,INC-58CA418024BC,REPLICATE_1,M_TEXT,True,1.0,1.0,0.0,False,False,False,False
gemma-4-26b-a4b,INC-58CA418024BC,REPLICATE_2,C_CONTRAST,True,1.0,1.0,0.0,False,False,False,False
gemma-4-26b-a4b,INC-58CA418024BC,REPLICATE_2,M_TEXT,True,1.0,1.0,0.0,False,False,False,False
gemma-4-26b-a4b,INC-5AA6D2114681,REMOVE_TARGET,C_CONTRAST,False,1.0,1.0,0.0,False,False,False,False
gemma-4-26b-a4b,INC-5AA6D2114681,REMOVE_TARGET,M_TEXT,False,1.0,1.0,0.0,False,False,False,False
gemma-4-26b-a4b,INC-5AA6D2114681,REMOVE_MATCHED_NONTARGET,C_CONTRAST,False,1.0,1.0,0.0,False,False,False,False
gemma-4-26b-a4b,INC-5AA6D2114681,REMOVE_MATCHED_NONTARGET,M_TEXT,False,1.0,1.0,0.0,False,False,False,False
gemma-4-26b-a4b,INC-5AA6D2114681,NO_GROUPING,C_CONTRAST,True,1.0,1.0,0.0,False,False,False,False
gemma-4-26b-a4b,INC-5AA6D2114681,NO_GROUPING,M_TEXT,False,1.0,1.0,0.0,False,False,False,False
gemma-4-26b-a4b,INC-5AA6D2114681,REDUNDANT_NOISE,C_CONTRAST,False,1.0,1.0,0.0,False,False,False,False
gemma-4-26b-a4b,INC-5AA6D2114681,REDUNDANT_NOISE,M_TEXT,False,1.0,1.0,0.0,False,False,False,False
gemma-4-26b-a4b,INC-5AA6D2114681,REANONYMIZE,C_CONTRAST,False,1.0,1.0,0.0,False,,False,False
gemma-4-26b-a4b,INC-5AA6D2114681,REANONYMIZE,M_TEXT,False,1.0,1.0,0.0,False,,False,False
gemma-4-26b-a4b,INC-5AA6D2114681,REPLICATE_1,C_CONTRAST,True,1.0,1.0,0.0,False,False,False,False
gemma-4-26b-a4b,INC-5AA6D2114681,REPLICATE_1,M_TEXT,True,1.0,1.0,0.0,False,False,False,False
gemma-4-26b-a4b,INC-5AA6D2114681,REPLICATE_2,C_CONTRAST,True,1.0,1.0,0.0,False,False,False,False
gemma-4-26b-a4b,INC-5AA6D2114681,REPLICATE_2,M_TEXT,True,1.0,1.0,0.0,False,False,False,False
gemma-4-26b-a4b,INC-B4810DE898A5,REMOVE_TARGET,C_CONTRAST,False,1.0,1.0,0.0,False,False,False,False
gemma-4-26b-a4b,INC-B4810DE898A5,REMOVE_TARGET,M_TEXT,False,1.0,1.0,0.0,False,False,False,False
gemma-4-26b-a4b,INC-B4810DE898A5,REMOVE_MATCHED_NONTARGET,C_CONTRAST,False,1.0,1.0,0.0,False,False,False,False
gemma-4-26b-a4b,INC-B4810DE898A5,REMOVE_MATCHED_NONTARGET,M_TEXT,False,1.0,1.0,0.0,False,False,False,False
gemma-4-26b-a4b,INC-B4810DE898A5,NO_GROUPING,C_CONTRAST,True,1.0,1.0,0.0,False,False,False,False
gemma-4-26b-a4b,INC-B4810DE898A5,NO_GROUPING,M_TEXT,False,1.0,1.0,0.0,False,False,False,False
gemma-4-26b-a4b,INC-B4810DE898A5,REDUNDANT_NOISE,C_CONTRAST,False,1.0,1.0,0.0,False,False,False,False
gemma-4-26b-a4b,INC-B4810DE898A5,REDUNDANT_NOISE,M_TEXT,False,1.0,1.0,0.0,False,False,False,False
gemma-4-26b-a4b,INC-B4810DE898A5,REANONYMIZE,C_CONTRAST,False,1.0,1.0,0.0,False,,False,False
gemma-4-26b-a4b,INC-B4810DE898A5,REANONYMIZE,M_TEXT,False,1.0,1.0,0.0,False,,False,False
gemma-4-26b-a4b,INC-B4810DE898A5,REPLICATE_1,C_CONTRAST,True,1.0,1.0,0.0,False,False,False,False
gemma-4-26b-a4b,INC-B4810DE898A5,REPLICATE_1,M_TEXT,True,1.0,1.0,0.0,False,False,False,False
gemma-4-26b-a4b,INC-B4810DE898A5,REPLICATE_2,C_CONTRAST,True,1.0,1.0,0.0,False,False,False,False
gemma-4-26b-a4b,INC-B4810DE898A5,REPLICATE_2,M_TEXT,True,1.0,1.0,0.0,False,False,False,False
gemma-4-26b-a4b,INC-F1CD9B69032E,REMOVE_TARGET,C_CONTRAST,False,1.0,1.0,0.0,False,False,False,False
gemma-4-26b-a4b,INC-F1CD9B69032E,REMOVE_TARGET,M_TEXT,False,1.0,1.0,0.0,False,False,False,False
gemma-4-26b-a4b,INC-F1CD9B69032E,REMOVE_MATCHED_NONTARGET,C_CONTRAST,False,1.0,1.0,0.0,False,False,False,False
gemma-4-26b-a4b,INC-F1CD9B69032E,REMOVE_MATCHED_NONTARGET,M_TEXT,False,1.0,1.0,0.0,False,False,False,False
gemma-4-26b-a4b,INC-F1CD9B69032E,NO_GROUPING,C_CONTRAST,True,1.0,1.0,0.0,False,False,False,False
gemma-4-26b-a4b,INC-F1CD9B69032E,NO_GROUPING,M_TEXT,False,1.0,1.0,0.0,False,False,False,False
gemma-4-26b-a4b,INC-F1CD9B69032E,REDUNDANT_NOISE,C_CONTRAST,False,1.0,1.0,0.0,False,False,False,False
gemma-4-26b-a4b,INC-F1CD9B69032E,REDUNDANT_NOISE,M_TEXT,False,1.0,1.0,0.0,False,False,False,False
gemma-4-26b-a4b,INC-F1CD9B69032E,REANONYMIZE,C_CONTRAST,False,1.0,1.0,0.0,False,,False,False
gemma-4-26b-a4b,INC-F1CD9B69032E,REANONYMIZE,M_TEXT,False,1.0,1.0,0.0,False,,False,False
gemma-4-26b-a4b,INC-F1CD9B69032E,REPLICATE_1,C_CONTRAST,True,1.0,1.0,0.0,False,False,False,False
gemma-4-26b-a4b,INC-F1CD9B69032E,REPLICATE_1,M_TEXT,True,1.0,1.0,0.0,False,False,False,False
gemma-4-26b-a4b,INC-F1CD9B69032E,REPLICATE_2,C_CONTRAST,True,1.0,1.0,0.0,False,False,False,False
gemma-4-26b-a4b,INC-F1CD9B69032E,REPLICATE_2,M_TEXT,True,1.0,1.0,0.0,False,False,False,False
gemma-4-26b-a4b,INC-72703AF9554D,REMOVE_TARGET,C_CONTRAST,False,0.0,0.0,0.0,False,False,False,False
gemma-4-26b-a4b,INC-72703AF9554D,REMOVE_TARGET,M_TEXT,False,0.0,0.0,0.0,False,False,False,False
gemma-4-26b-a4b,INC-72703AF9554D,REMOVE_MATCHED_NONTARGET,C_CONTRAST,False,1.0,0.0,1.0,True,True,True,False
gemma-4-26b-a4b,INC-72703AF9554D,REMOVE_MATCHED_NONTARGET,M_TEXT,False,1.0,0.0,1.0,True,True,True,False
gemma-4-26b-a4b,INC-72703AF9554D,NO_GROUPING,C_CONTRAST,True,0.0,0.0,0.0,False,False,False,False
gemma-4-26b-a4b,INC-72703AF9554D,NO_GROUPING,M_TEXT,False,0.0,0.0,0.0,False,False,False,False
gemma-4-26b-a4b,INC-72703AF9554D,REDUNDANT_NOISE,C_CONTRAST,False,0.0,0.0,0.0,False,False,False,False
gemma-4-26b-a4b,INC-72703AF9554D,REDUNDANT_NOISE,M_TEXT,False,0.0,0.0,0.0,False,False,False,False
gemma-4-26b-a4b,INC-72703AF9554D,REANONYMIZE,C_CONTRAST,False,0.0,0.0,0.0,False,,False,False
gemma-4-26b-a4b,INC-72703AF9554D,REANONYMIZE,M_TEXT,False,0.0,0.0,0.0,False,,False,False
gemma-4-26b-a4b,INC-72703AF9554D,REPLICATE_1,C_CONTRAST,True,0.0,0.0,0.0,False,False,False,False
gemma-4-26b-a4b,INC-72703AF9554D,REPLICATE_1,M_TEXT,True,0.0,0.0,0.0,False,False,False,False
gemma-4-26b-a4b,INC-72703AF9554D,REPLICATE_2,C_CONTRAST,True,0.0,0.0,0.0,False,False,False,False
gemma-4-26b-a4b,INC-72703AF9554D,REPLICATE_2,M_TEXT,True,0.0,0.0,0.0,False,False,False,False
gemma-4-26b-a4b,INC-BA06C52CBB22,REMOVE_TARGET,C_CONTRAST,False,1.0,1.0,0.0,False,False,False,False
gemma-4-26b-a4b,INC-BA06C52CBB22,REMOVE_TARGET,M_TEXT,False,1.0,1.0,0.0,False,False,False,False
gemma-4-26b-a4b,INC-BA06C52CBB22,REMOVE_MATCHED_NONTARGET,C_CONTRAST,False,1.0,1.0,0.0,False,False,False,False
gemma-4-26b-a4b,INC-BA06C52CBB22,REMOVE_MATCHED_NONTARGET,M_TEXT,False,1.0,1.0,0.0,False,False,False,False
gemma-4-26b-a4b,INC-BA06C52CBB22,NO_GROUPING,C_CONTRAST,True,1.0,1.0,0.0,False,False,False,False
gemma-4-26b-a4b,INC-BA06C52CBB22,NO_GROUPING,M_TEXT,False,1.0,1.0,0.0,False,False,False,False
gemma-4-26b-a4b,INC-BA06C52CBB22,REDUNDANT_NOISE,C_CONTRAST,False,1.0,1.0,0.0,False,False,False,False
gemma-4-26b-a4b,INC-BA06C52CBB22,REDUNDANT_NOISE,M_TEXT,False,1.0,1.0,0.0,False,False,False,False
gemma-4-26b-a4b,INC-BA06C52CBB22,REANONYMIZE,C_CONTRAST,False,1.0,1.0,0.0,False,,False,False
gemma-4-26b-a4b,INC-BA06C52CBB22,REANONYMIZE,M_TEXT,False,1.0,1.0,0.0,False,,False,False
gemma-4-26b-a4b,INC-BA06C52CBB22,REPLICATE_1,C_CONTRAST,True,1.0,1.0,0.0,False,False,False,False
gemma-4-26b-a4b,INC-BA06C52CBB22,REPLICATE_1,M_TEXT,True,1.0,1.0,0.0,False,False,False,False
gemma-4-26b-a4b,INC-BA06C52CBB22,REPLICATE_2,C_CONTRAST,True,1.0,1.0,0.0,False,False,False,False
gemma-4-26b-a4b,INC-BA06C52CBB22,REPLICATE_2,M_TEXT,True,1.0,1.0,0.0,False,False,False,False
gemma-4-26b-a4b,INC-495E8857529A,REMOVE_TARGET,C_CONTRAST,False,0.0,0.0,0.0,False,False,False,False
gemma-4-26b-a4b,INC-495E8857529A,REMOVE_TARGET,M_TEXT,False,1.0,1.0,0.0,False,False,False,False
gemma-4-26b-a4b,INC-495E8857529A,REMOVE_MATCHED_NONTARGET,C_CONTRAST,False,1.0,0.0,1.0,True,True,True,False
gemma-4-26b-a4b,INC-495E8857529A,REMOVE_MATCHED_NONTARGET,M_TEXT,False,1.0,1.0,0.0,False,False,False,False
gemma-4-26b-a4b,INC-495E8857529A,NO_GROUPING,C_CONTRAST,True,1.0,0.0,1.0,True,True,True,False
gemma-4-26b-a4b,INC-495E8857529A,NO_GROUPING,M_TEXT,False,1.0,1.0,0.0,False,False,False,False
gemma-4-26b-a4b,INC-495E8857529A,REDUNDANT_NOISE,C_CONTRAST,False,0.0,0.0,0.0,False,False,False,False
gemma-4-26b-a4b,INC-495E8857529A,REDUNDANT_NOISE,M_TEXT,False,1.0,1.0,0.0,False,False,False,False
gemma-4-26b-a4b,INC-495E8857529A,REANONYMIZE,C_CONTRAST,False,0.0,0.0,0.0,False,,False,False
gemma-4-26b-a4b,INC-495E8857529A,REANONYMIZE,M_TEXT,False,1.0,1.0,0.0,False,,False,False
gemma-4-26b-a4b,INC-495E8857529A,REPLICATE_1,C_CONTRAST,True,0.0,0.0,0.0,False,False,False,False
gemma-4-26b-a4b,INC-495E8857529A,REPLICATE_1,M_TEXT,True,1.0,1.0,0.0,False,False,False,False
gemma-4-26b-a4b,INC-495E8857529A,REPLICATE_2,C_CONTRAST,True,1.0,0.0,1.0,True,True,True,False
gemma-4-26b-a4b,INC-495E8857529A,REPLICATE_2,M_TEXT,True,1.0,1.0,0.0,False,False,False,False
gemma-4-26b-a4b,INC-2BA10FF98249,REMOVE_TARGET,C_CONTRAST,False,1.0,1.0,0.0,False,False,False,False
gemma-4-26b-a4b,INC-2BA10FF98249,REMOVE_TARGET,M_TEXT,False,1.0,1.0,0.0,False,False,False,False
gemma-4-26b-a4b,INC-2BA10FF98249,REMOVE_MATCHED_NONTARGET,C_CONTRAST,False,1.0,1.0,0.0,False,False,False,False
gemma-4-26b-a4b,INC-2BA10FF98249,REMOVE_MATCHED_NONTARGET,M_TEXT,False,1.0,1.0,0.0,False,False,False,False
gemma-4-26b-a4b,INC-2BA10FF98249,NO_GROUPING,C_CONTRAST,True,1.0,1.0,0.0,False,False,False,False
gemma-4-26b-a4b,INC-2BA10FF98249,NO_GROUPING,M_TEXT,False,1.0,1.0,0.0,False,False,False,False
gemma-4-26b-a4b,INC-2BA10FF98249,REDUNDANT_NOISE,C_CONTRAST,False,1.0,1.0,0.0,False,False,False,False
gemma-4-26b-a4b,INC-2BA10FF98249,REDUNDANT_NOISE,M_TEXT,False,1.0,1.0,0.0,False,False,False,False
gemma-4-26b-a4b,INC-2BA10FF98249,REANONYMIZE,C_CONTRAST,False,1.0,1.0,0.0,False,,False,False
gemma-4-26b-a4b,INC-2BA10FF98249,REANONYMIZE,M_TEXT,False,1.0,1.0,0.0,False,,False,False
gemma-4-26b-a4b,INC-2BA10FF98249,REPLICATE_1,C_CONTRAST,True,1.0,1.0,0.0,False,False,False,False
gemma-4-26b-a4b,INC-2BA10FF98249,REPLICATE_1,M_TEXT,True,1.0,1.0,0.0,False,False,False,False
gemma-4-26b-a4b,INC-2BA10FF98249,REPLICATE_2,C_CONTRAST,True,1.0,1.0,0.0,False,False,False,False
gemma-4-26b-a4b,INC-2BA10FF98249,REPLICATE_2,M_TEXT,True,1.0,1.0,0.0,False,False,False,False
gemma-4-26b-a4b,INC-84FBC12057DF,REMOVE_TARGET,C_CONTRAST,False,0.0,1.0,-1.0,True,True,False,True
gemma-4-26b-a4b,INC-84FBC12057DF,REMOVE_TARGET,M_TEXT,False,0.0,0.0,0.0,False,False,False,False
gemma-4-26b-a4b,INC-84FBC12057DF,REMOVE_MATCHED_NONTARGET,C_CONTRAST,False,1.0,1.0,0.0,False,False,False,False
gemma-4-26b-a4b,INC-84FBC12057DF,REMOVE_MATCHED_NONTARGET,M_TEXT,False,0.0,0.0,0.0,False,False,False,False
gemma-4-26b-a4b,INC-84FBC12057DF,NO_GROUPING,C_CONTRAST,True,1.0,1.0,0.0,False,False,False,False
gemma-4-26b-a4b,INC-84FBC12057DF,NO_GROUPING,M_TEXT,False,0.0,0.0,0.0,False,False,False,False
gemma-4-26b-a4b,INC-84FBC12057DF,REDUNDANT_NOISE,C_CONTRAST,False,1.0,1.0,0.0,False,False,False,False
gemma-4-26b-a4b,INC-84FBC12057DF,REDUNDANT_NOISE,M_TEXT,False,0.0,0.0,0.0,False,False,False,False
gemma-4-26b-a4b,INC-84FBC12057DF,REANONYMIZE,C_CONTRAST,False,0.0,1.0,-1.0,True,,False,True
gemma-4-26b-a4b,INC-84FBC12057DF,REANONYMIZE,M_TEXT,False,0.0,0.0,0.0,False,,False,False
gemma-4-26b-a4b,INC-84FBC12057DF,REPLICATE_1,C_CONTRAST,True,1.0,1.0,0.0,False,False,False,False
gemma-4-26b-a4b,INC-84FBC12057DF,REPLICATE_1,M_TEXT,True,0.0,0.0,0.0,False,False,False,False
gemma-4-26b-a4b,INC-84FBC12057DF,REPLICATE_2,C_CONTRAST,True,1.0,1.0,0.0,False,False,False,False
gemma-4-26b-a4b,INC-84FBC12057DF,REPLICATE_2,M_TEXT,True,0.0,0.0,0.0,False,False,False,False
gemma-4-26b-a4b,INC-318B5137ACB5,REMOVE_TARGET,C_CONTRAST,False,1.0,1.0,0.0,False,False,False,False
gemma-4-26b-a4b,INC-318B5137ACB5,REMOVE_TARGET,M_TEXT,False,1.0,1.0,0.0,False,False,False,False
gemma-4-26b-a4b,INC-318B5137ACB5,REMOVE_MATCHED_NONTARGET,C_CONTRAST,False,1.0,1.0,0.0,False,False,False,False
gemma-4-26b-a4b,INC-318B5137ACB5,REMOVE_MATCHED_NONTARGET,M_TEXT,False,1.0,1.0,0.0,False,False,False,False
gemma-4-26b-a4b,INC-318B5137ACB5,NO_GROUPING,C_CONTRAST,True,1.0,1.0,0.0,False,False,False,False
gemma-4-26b-a4b,INC-318B5137ACB5,NO_GROUPING,M_TEXT,False,1.0,1.0,0.0,False,False,False,False
gemma-4-26b-a4b,INC-318B5137ACB5,REDUNDANT_NOISE,C_CONTRAST,False,1.0,1.0,0.0,False,False,False,False
gemma-4-26b-a4b,INC-318B5137ACB5,REDUNDANT_NOISE,M_TEXT,False,1.0,1.0,0.0,False,False,False,False
gemma-4-26b-a4b,INC-318B5137ACB5,REANONYMIZE,C_CONTRAST,False,1.0,1.0,0.0,False,,False,False
gemma-4-26b-a4b,INC-318B5137ACB5,REANONYMIZE,M_TEXT,False,1.0,1.0,0.0,False,,False,False
gemma-4-26b-a4b,INC-318B5137ACB5,REPLICATE_1,C_CONTRAST,True,1.0,1.0,0.0,False,False,False,False
gemma-4-26b-a4b,INC-318B5137ACB5,REPLICATE_1,M_TEXT,True,1.0,1.0,0.0,False,False,False,False
gemma-4-26b-a4b,INC-318B5137ACB5,REPLICATE_2,C_CONTRAST,True,1.0,1.0,0.0,False,False,False,False
gemma-4-26b-a4b,INC-318B5137ACB5,REPLICATE_2,M_TEXT,True,1.0,1.0,0.0,False,False,False,False
gemma-4-26b-a4b,INC-C9D3BBC140AC,REMOVE_TARGET,C_CONTRAST,False,1.0,1.0,0.0,False,False,False,False
gemma-4-26b-a4b,INC-C9D3BBC140AC,REMOVE_TARGET,M_TEXT,False,1.0,1.0,0.0,False,False,False,False
gemma-4-26b-a4b,INC-C9D3BBC140AC,REMOVE_MATCHED_NONTARGET,C_CONTRAST,False,1.0,1.0,0.0,False,False,False,False
gemma-4-26b-a4b,INC-C9D3BBC140AC,REMOVE_MATCHED_NONTARGET,M_TEXT,False,1.0,1.0,0.0,False,False,False,False
gemma-4-26b-a4b,INC-C9D3BBC140AC,NO_GROUPING,C_CONTRAST,True,1.0,1.0,0.0,False,False,False,False
gemma-4-26b-a4b,INC-C9D3BBC140AC,NO_GROUPING,M_TEXT,False,1.0,1.0,0.0,False,False,False,False
gemma-4-26b-a4b,INC-C9D3BBC140AC,REDUNDANT_NOISE,C_CONTRAST,False,1.0,1.0,0.0,False,False,False,False
gemma-4-26b-a4b,INC-C9D3BBC140AC,REDUNDANT_NOISE,M_TEXT,False,1.0,1.0,0.0,False,False,False,False
gemma-4-26b-a4b,INC-C9D3BBC140AC,REANONYMIZE,C_CONTRAST,False,1.0,1.0,0.0,False,,False,False
gemma-4-26b-a4b,INC-C9D3BBC140AC,REANONYMIZE,M_TEXT,False,1.0,1.0,0.0,False,,False,False
gemma-4-26b-a4b,INC-C9D3BBC140AC,REPLICATE_1,C_CONTRAST,True,1.0,1.0,0.0,False,False,False,False
gemma-4-26b-a4b,INC-C9D3BBC140AC,REPLICATE_1,M_TEXT,True,1.0,1.0,0.0,False,False,False,False
gemma-4-26b-a4b,INC-C9D3BBC140AC,REPLICATE_2,C_CONTRAST,True,1.0,1.0,0.0,False,False,False,False
gemma-4-26b-a4b,INC-C9D3BBC140AC,REPLICATE_2,M_TEXT,True,1.0,1.0,0.0,False,False,False,False
gemma-4-26b-a4b,INC-31E57C5E5BC9,REMOVE_TARGET,C_CONTRAST,False,0.0,1.0,-1.0,True,True,False,True
gemma-4-26b-a4b,INC-31E57C5E5BC9,REMOVE_TARGET,M_TEXT,False,0.0,0.0,0.0,False,False,False,False
gemma-4-26b-a4b,INC-31E57C5E5BC9,REMOVE_MATCHED_NONTARGET,C_CONTRAST,False,1.0,1.0,0.0,False,False,False,False
gemma-4-26b-a4b,INC-31E57C5E5BC9,REMOVE_MATCHED_NONTARGET,M_TEXT,False,1.0,0.0,1.0,True,True,True,False
gemma-4-26b-a4b,INC-31E57C5E5BC9,NO_GROUPING,C_CONTRAST,True,1.0,1.0,0.0,False,False,False,False
gemma-4-26b-a4b,INC-31E57C5E5BC9,NO_GROUPING,M_TEXT,False,0.0,0.0,0.0,False,False,False,False
gemma-4-26b-a4b,INC-31E57C5E5BC9,REDUNDANT_NOISE,C_CONTRAST,False,1.0,1.0,0.0,False,False,False,False
gemma-4-26b-a4b,INC-31E57C5E5BC9,REDUNDANT_NOISE,M_TEXT,False,0.0,0.0,0.0,False,True,False,False
gemma-4-26b-a4b,INC-31E57C5E5BC9,REANONYMIZE,C_CONTRAST,False,0.0,1.0,-1.0,True,,False,True
gemma-4-26b-a4b,INC-31E57C5E5BC9,REANONYMIZE,M_TEXT,False,0.0,0.0,0.0,False,,False,False
gemma-4-26b-a4b,INC-31E57C5E5BC9,REPLICATE_1,C_CONTRAST,True,1.0,1.0,0.0,False,False,False,False
gemma-4-26b-a4b,INC-31E57C5E5BC9,REPLICATE_1,M_TEXT,True,0.0,0.0,0.0,False,False,False,False
gemma-4-26b-a4b,INC-31E57C5E5BC9,REPLICATE_2,C_CONTRAST,True,1.0,1.0,0.0,False,False,False,False
gemma-4-26b-a4b,INC-31E57C5E5BC9,REPLICATE_2,M_TEXT,True,0.0,0.0,0.0,False,False,False,False
gemma-4-26b-a4b,INC-AF408910E346,REMOVE_TARGET,C_CONTRAST,False,1.0,1.0,0.0,False,False,False,False
gemma-4-26b-a4b,INC-AF408910E346,REMOVE_TARGET,M_TEXT,False,1.0,1.0,0.0,False,False,False,False
gemma-4-26b-a4b,INC-AF408910E346,REMOVE_MATCHED_NONTARGET,C_CONTRAST,False,1.0,1.0,0.0,False,False,False,False
gemma-4-26b-a4b,INC-AF408910E346,REMOVE_MATCHED_NONTARGET,M_TEXT,False,1.0,1.0,0.0,False,False,False,False
gemma-4-26b-a4b,INC-AF408910E346,NO_GROUPING,C_CONTRAST,True,1.0,1.0,0.0,False,False,False,False
gemma-4-26b-a4b,INC-AF408910E346,NO_GROUPING,M_TEXT,False,1.0,1.0,0.0,False,False,False,False
gemma-4-26b-a4b,INC-AF408910E346,REDUNDANT_NOISE,C_CONTRAST,False,1.0,1.0,0.0,False,False,False,False
gemma-4-26b-a4b,INC-AF408910E346,REDUNDANT_NOISE,M_TEXT,False,1.0,1.0,0.0,False,False,False,False
gemma-4-26b-a4b,INC-AF408910E346,REANONYMIZE,C_CONTRAST,False,1.0,1.0,0.0,False,,False,False
gemma-4-26b-a4b,INC-AF408910E346,REANONYMIZE,M_TEXT,False,1.0,1.0,0.0,False,,False,False
gemma-4-26b-a4b,INC-AF408910E346,REPLICATE_1,C_CONTRAST,True,1.0,1.0,0.0,False,False,False,False
gemma-4-26b-a4b,INC-AF408910E346,REPLICATE_1,M_TEXT,True,0.0,1.0,-1.0,True,True,False,True
gemma-4-26b-a4b,INC-AF408910E346,REPLICATE_2,C_CONTRAST,True,1.0,1.0,0.0,False,False,False,False
gemma-4-26b-a4b,INC-AF408910E346,REPLICATE_2,M_TEXT,True,1.0,1.0,0.0,False,False,False,False
gemma-4-26b-a4b,INC-C0E30071FAD4,REMOVE_TARGET,C_CONTRAST,False,1.0,1.0,0.0,False,False,False,False
gemma-4-26b-a4b,INC-C0E30071FAD4,REMOVE_TARGET,M_TEXT,False,1.0,1.0,0.0,False,False,False,False
gemma-4-26b-a4b,INC-C0E30071FAD4,REMOVE_MATCHED_NONTARGET,C_CONTRAST,False,1.0,1.0,0.0,False,False,False,False
gemma-4-26b-a4b,INC-C0E30071FAD4,REMOVE_MATCHED_NONTARGET,M_TEXT,False,1.0,1.0,0.0,False,False,False,False
gemma-4-26b-a4b,INC-C0E30071FAD4,NO_GROUPING,C_CONTRAST,True,1.0,1.0,0.0,False,False,False,False
gemma-4-26b-a4b,INC-C0E30071FAD4,NO_GROUPING,M_TEXT,False,1.0,1.0,0.0,False,False,False,False
gemma-4-26b-a4b,INC-C0E30071FAD4,REDUNDANT_NOISE,C_CONTRAST,False,1.0,1.0,0.0,False,False,False,False
gemma-4-26b-a4b,INC-C0E30071FAD4,REDUNDANT_NOISE,M_TEXT,False,1.0,1.0,0.0,False,False,False,False
gemma-4-26b-a4b,INC-C0E30071FAD4,REANONYMIZE,C_CONTRAST,False,1.0,1.0,0.0,False,,False,False
gemma-4-26b-a4b,INC-C0E30071FAD4,REANONYMIZE,M_TEXT,False,1.0,1.0,0.0,False,,False,False
gemma-4-26b-a4b,INC-C0E30071FAD4,REPLICATE_1,C_CONTRAST,True,1.0,1.0,0.0,False,False,False,False
gemma-4-26b-a4b,INC-C0E30071FAD4,REPLICATE_1,M_TEXT,True,1.0,1.0,0.0,False,False,False,False
gemma-4-26b-a4b,INC-C0E30071FAD4,REPLICATE_2,C_CONTRAST,True,1.0,1.0,0.0,False,False,False,False
gemma-4-26b-a4b,INC-C0E30071FAD4,REPLICATE_2,M_TEXT,True,1.0,1.0,0.0,False,False,False,False
gemma-4-26b-a4b,INC-45FA3C22839A,REMOVE_TARGET,C_CONTRAST,False,1.0,1.0,0.0,False,False,False,False
gemma-4-26b-a4b,INC-45FA3C22839A,REMOVE_TARGET,M_TEXT,False,1.0,1.0,0.0,False,False,False,False
gemma-4-26b-a4b,INC-45FA3C22839A,REMOVE_MATCHED_NONTARGET,C_CONTRAST,False,1.0,1.0,0.0,False,False,False,False
gemma-4-26b-a4b,INC-45FA3C22839A,REMOVE_MATCHED_NONTARGET,M_TEXT,False,1.0,1.0,0.0,False,False,False,False
gemma-4-26b-a4b,INC-45FA3C22839A,NO_GROUPING,C_CONTRAST,True,1.0,1.0,0.0,False,False,False,False
gemma-4-26b-a4b,INC-45FA3C22839A,NO_GROUPING,M_TEXT,False,1.0,1.0,0.0,False,False,False,False
gemma-4-26b-a4b,INC-45FA3C22839A,REDUNDANT_NOISE,C_CONTRAST,False,1.0,1.0,0.0,False,False,False,False
gemma-4-26b-a4b,INC-45FA3C22839A,REDUNDANT_NOISE,M_TEXT,False,1.0,1.0,0.0,False,False,False,False
gemma-4-26b-a4b,INC-45FA3C22839A,REANONYMIZE,C_CONTRAST,False,1.0,1.0,0.0,False,,False,False
gemma-4-26b-a4b,INC-45FA3C22839A,REANONYMIZE,M_TEXT,False,1.0,1.0,0.0,False,,False,False
gemma-4-26b-a4b,INC-45FA3C22839A,REPLICATE_1,C_CONTRAST,True,1.0,1.0,0.0,False,False,False,False
gemma-4-26b-a4b,INC-45FA3C22839A,REPLICATE_1,M_TEXT,True,1.0,1.0,0.0,False,False,False,False
gemma-4-26b-a4b,INC-45FA3C22839A,REPLICATE_2,C_CONTRAST,True,1.0,1.0,0.0,False,False,False,False
gemma-4-26b-a4b,INC-45FA3C22839A,REPLICATE_2,M_TEXT,True,1.0,1.0,0.0,False,False,False,False
gemma-4-26b-a4b,INC-BBC8393AB176,REMOVE_TARGET,C_CONTRAST,False,1.0,1.0,0.0,False,False,False,False
gemma-4-26b-a4b,INC-BBC8393AB176,REMOVE_TARGET,M_TEXT,False,1.0,1.0,0.0,False,False,False,False
gemma-4-26b-a4b,INC-BBC8393AB176,REMOVE_MATCHED_NONTARGET,C_CONTRAST,False,1.0,1.0,0.0,False,False,False,False
gemma-4-26b-a4b,INC-BBC8393AB176,REMOVE_MATCHED_NONTARGET,M_TEXT,False,1.0,1.0,0.0,False,False,False,False
gemma-4-26b-a4b,INC-BBC8393AB176,NO_GROUPING,C_CONTRAST,True,1.0,1.0,0.0,False,False,False,False
gemma-4-26b-a4b,INC-BBC8393AB176,NO_GROUPING,M_TEXT,False,1.0,1.0,0.0,False,False,False,False
gemma-4-26b-a4b,INC-BBC8393AB176,REDUNDANT_NOISE,C_CONTRAST,False,1.0,1.0,0.0,False,False,False,False
gemma-4-26b-a4b,INC-BBC8393AB176,REDUNDANT_NOISE,M_TEXT,False,1.0,1.0,0.0,False,False,False,False
gemma-4-26b-a4b,INC-BBC8393AB176,REANONYMIZE,C_CONTRAST,False,1.0,1.0,0.0,False,,False,False
gemma-4-26b-a4b,INC-BBC8393AB176,REANONYMIZE,M_TEXT,False,1.0,1.0,0.0,False,,False,False
gemma-4-26b-a4b,INC-BBC8393AB176,REPLICATE_1,C_CONTRAST,True,1.0,1.0,0.0,False,False,False,False
gemma-4-26b-a4b,INC-BBC8393AB176,REPLICATE_1,M_TEXT,True,1.0,1.0,0.0,False,False,False,False
gemma-4-26b-a4b,INC-BBC8393AB176,REPLICATE_2,C_CONTRAST,True,1.0,1.0,0.0,False,False,False,False
gemma-4-26b-a4b,INC-BBC8393AB176,REPLICATE_2,M_TEXT,True,1.0,1.0,0.0,False,False,False,False
gemma-4-26b-a4b,INC-10414BB71DB4,REMOVE_TARGET,C_CONTRAST,False,1.0,1.0,0.0,False,False,False,False
gemma-4-26b-a4b,INC-10414BB71DB4,REMOVE_TARGET,M_TEXT,False,1.0,1.0,0.0,False,False,False,False
gemma-4-26b-a4b,INC-10414BB71DB4,REMOVE_MATCHED_NONTARGET,C_CONTRAST,False,1.0,1.0,0.0,False,False,False,False
gemma-4-26b-a4b,INC-10414BB71DB4,REMOVE_MATCHED_NONTARGET,M_TEXT,False,1.0,1.0,0.0,False,False,False,False
gemma-4-26b-a4b,INC-10414BB71DB4,NO_GROUPING,C_CONTRAST,True,1.0,1.0,0.0,False,False,False,False
gemma-4-26b-a4b,INC-10414BB71DB4,NO_GROUPING,M_TEXT,False,1.0,1.0,0.0,False,False,False,False
gemma-4-26b-a4b,INC-10414BB71DB4,REDUNDANT_NOISE,C_CONTRAST,False,1.0,1.0,0.0,False,False,False,False
gemma-4-26b-a4b,INC-10414BB71DB4,REDUNDANT_NOISE,M_TEXT,False,1.0,1.0,0.0,False,False,False,False
gemma-4-26b-a4b,INC-10414BB71DB4,REANONYMIZE,C_CONTRAST,False,1.0,1.0,0.0,False,,False,False
gemma-4-26b-a4b,INC-10414BB71DB4,REANONYMIZE,M_TEXT,False,1.0,1.0,0.0,False,,False,False
gemma-4-26b-a4b,INC-10414BB71DB4,REPLICATE_1,C_CONTRAST,True,1.0,1.0,0.0,False,False,False,False
gemma-4-26b-a4b,INC-10414BB71DB4,REPLICATE_1,M_TEXT,True,1.0,1.0,0.0,False,False,False,False
gemma-4-26b-a4b,INC-10414BB71DB4,REPLICATE_2,C_CONTRAST,True,1.0,1.0,0.0,False,False,False,False
gemma-4-26b-a4b,INC-10414BB71DB4,REPLICATE_2,M_TEXT,True,1.0,1.0,0.0,False,False,False,False
gemma-4-26b-a4b,INC-4E586F5C0E9B,REMOVE_TARGET,C_CONTRAST,False,1.0,1.0,0.0,False,False,False,False
gemma-4-26b-a4b,INC-4E586F5C0E9B,REMOVE_TARGET,M_TEXT,False,1.0,1.0,0.0,False,False,False,False
gemma-4-26b-a4b,INC-4E586F5C0E9B,REMOVE_MATCHED_NONTARGET,C_CONTRAST,False,1.0,1.0,0.0,False,False,False,False
gemma-4-26b-a4b,INC-4E586F5C0E9B,REMOVE_MATCHED_NONTARGET,M_TEXT,False,1.0,1.0,0.0,False,False,False,False
gemma-4-26b-a4b,INC-4E586F5C0E9B,NO_GROUPING,C_CONTRAST,True,1.0,1.0,0.0,False,False,False,False
gemma-4-26b-a4b,INC-4E586F5C0E9B,NO_GROUPING,M_TEXT,False,1.0,1.0,0.0,False,False,False,False
gemma-4-26b-a4b,INC-4E586F5C0E9B,REDUNDANT_NOISE,C_CONTRAST,False,1.0,1.0,0.0,False,False,False,False
gemma-4-26b-a4b,INC-4E586F5C0E9B,REDUNDANT_NOISE,M_TEXT,False,1.0,1.0,0.0,False,False,False,False
gemma-4-26b-a4b,INC-4E586F5C0E9B,REANONYMIZE,C_CONTRAST,False,1.0,1.0,0.0,False,,False,False
gemma-4-26b-a4b,INC-4E586F5C0E9B,REANONYMIZE,M_TEXT,False,1.0,1.0,0.0,False,,False,False
gemma-4-26b-a4b,INC-4E586F5C0E9B,REPLICATE_1,C_CONTRAST,True,1.0,1.0,0.0,False,False,False,False
gemma-4-26b-a4b,INC-4E586F5C0E9B,REPLICATE_1,M_TEXT,True,1.0,1.0,0.0,False,False,False,False
gemma-4-26b-a4b,INC-4E586F5C0E9B,REPLICATE_2,C_CONTRAST,True,1.0,1.0,0.0,False,False,False,False
gemma-4-26b-a4b,INC-4E586F5C0E9B,REPLICATE_2,M_TEXT,True,1.0,1.0,0.0,False,False,False,False
gemma-4-26b-a4b,INC-0F24495B374E,REMOVE_TARGET,C_CONTRAST,False,1.0,1.0,0.0,False,False,False,False
gemma-4-26b-a4b,INC-0F24495B374E,REMOVE_TARGET,M_TEXT,False,1.0,1.0,0.0,False,False,False,False
gemma-4-26b-a4b,INC-0F24495B374E,REMOVE_MATCHED_NONTARGET,C_CONTRAST,False,1.0,1.0,0.0,False,False,False,False
gemma-4-26b-a4b,INC-0F24495B374E,REMOVE_MATCHED_NONTARGET,M_TEXT,False,1.0,1.0,0.0,False,False,False,False
gemma-4-26b-a4b,INC-0F24495B374E,NO_GROUPING,C_CONTRAST,True,1.0,1.0,0.0,False,False,False,False
gemma-4-26b-a4b,INC-0F24495B374E,NO_GROUPING,M_TEXT,False,1.0,1.0,0.0,False,False,False,False
gemma-4-26b-a4b,INC-0F24495B374E,REDUNDANT_NOISE,C_CONTRAST,False,1.0,1.0,0.0,False,False,False,False
gemma-4-26b-a4b,INC-0F24495B374E,REDUNDANT_NOISE,M_TEXT,False,1.0,1.0,0.0,False,False,False,False
gemma-4-26b-a4b,INC-0F24495B374E,REANONYMIZE,C_CONTRAST,False,1.0,1.0,0.0,False,,False,False
gemma-4-26b-a4b,INC-0F24495B374E,REANONYMIZE,M_TEXT,False,1.0,1.0,0.0,False,,False,False
gemma-4-26b-a4b,INC-0F24495B374E,REPLICATE_1,C_CONTRAST,True,1.0,1.0,0.0,False,False,False,False
gemma-4-26b-a4b,INC-0F24495B374E,REPLICATE_1,M_TEXT,True,1.0,1.0,0.0,False,False,False,False
gemma-4-26b-a4b,INC-0F24495B374E,REPLICATE_2,C_CONTRAST,True,1.0,1.0,0.0,False,False,False,False
gemma-4-26b-a4b,INC-0F24495B374E,REPLICATE_2,M_TEXT,True,1.0,1.0,0.0,False,False,False,False
gemma-4-26b-a4b,INC-BCC943C0801C,REMOVE_TARGET,C_CONTRAST,False,1.0,1.0,0.0,False,False,False,False
gemma-4-26b-a4b,INC-BCC943C0801C,REMOVE_TARGET,M_TEXT,False,1.0,1.0,0.0,False,False,False,False
gemma-4-26b-a4b,INC-BCC943C0801C,REMOVE_MATCHED_NONTARGET,C_CONTRAST,False,1.0,1.0,0.0,False,False,False,False
gemma-4-26b-a4b,INC-BCC943C0801C,REMOVE_MATCHED_NONTARGET,M_TEXT,False,1.0,1.0,0.0,False,False,False,False
gemma-4-26b-a4b,INC-BCC943C0801C,NO_GROUPING,C_CONTRAST,True,1.0,1.0,0.0,False,False,False,False
gemma-4-26b-a4b,INC-BCC943C0801C,NO_GROUPING,M_TEXT,False,1.0,1.0,0.0,False,False,False,False
gemma-4-26b-a4b,INC-BCC943C0801C,REDUNDANT_NOISE,C_CONTRAST,False,1.0,1.0,0.0,False,False,False,False
gemma-4-26b-a4b,INC-BCC943C0801C,REDUNDANT_NOISE,M_TEXT,False,1.0,1.0,0.0,False,False,False,False
gemma-4-26b-a4b,INC-BCC943C0801C,REANONYMIZE,C_CONTRAST,False,1.0,1.0,0.0,False,,False,False
gemma-4-26b-a4b,INC-BCC943C0801C,REANONYMIZE,M_TEXT,False,1.0,1.0,0.0,False,,False,False
gemma-4-26b-a4b,INC-BCC943C0801C,REPLICATE_1,C_CONTRAST,True,1.0,1.0,0.0,False,False,False,False
gemma-4-26b-a4b,INC-BCC943C0801C,REPLICATE_1,M_TEXT,True,1.0,1.0,0.0,False,False,False,False
gemma-4-26b-a4b,INC-BCC943C0801C,REPLICATE_2,C_CONTRAST,True,1.0,1.0,0.0,False,False,False,False
gemma-4-26b-a4b,INC-BCC943C0801C,REPLICATE_2,M_TEXT,True,1.0,1.0,0.0,False,False,False,False
gemma-4-26b-a4b,INC-0B2238ED048B,REMOVE_TARGET,C_CONTRAST,False,0.2,1.0,-0.8,True,True,False,True
gemma-4-26b-a4b,INC-0B2238ED048B,REMOVE_TARGET,M_TEXT,False,0.0,0.0,0.0,False,False,False,False
gemma-4-26b-a4b,INC-0B2238ED048B,REMOVE_MATCHED_NONTARGET,C_CONTRAST,False,1.0,1.0,0.0,False,False,False,False
gemma-4-26b-a4b,INC-0B2238ED048B,REMOVE_MATCHED_NONTARGET,M_TEXT,False,0.0,0.0,0.0,False,False,False,False
gemma-4-26b-a4b,INC-0B2238ED048B,NO_GROUPING,C_CONTRAST,True,1.0,1.0,0.0,False,False,False,False
gemma-4-26b-a4b,INC-0B2238ED048B,NO_GROUPING,M_TEXT,False,1.0,0.0,1.0,True,True,True,False
gemma-4-26b-a4b,INC-0B2238ED048B,REDUNDANT_NOISE,C_CONTRAST,False,1.0,1.0,0.0,False,False,False,False
gemma-4-26b-a4b,INC-0B2238ED048B,REDUNDANT_NOISE,M_TEXT,False,1.0,0.0,1.0,True,True,True,False
gemma-4-26b-a4b,INC-0B2238ED048B,REANONYMIZE,C_CONTRAST,False,1.0,1.0,0.0,False,,False,False
gemma-4-26b-a4b,INC-0B2238ED048B,REANONYMIZE,M_TEXT,False,1.0,0.0,1.0,True,,True,False
gemma-4-26b-a4b,INC-0B2238ED048B,REPLICATE_1,C_CONTRAST,True,1.0,1.0,0.0,False,False,False,False
gemma-4-26b-a4b,INC-0B2238ED048B,REPLICATE_1,M_TEXT,True,0.0,0.0,0.0,False,True,False,False
gemma-4-26b-a4b,INC-0B2238ED048B,REPLICATE_2,C_CONTRAST,True,1.0,1.0,0.0,False,False,False,False
gemma-4-26b-a4b,INC-0B2238ED048B,REPLICATE_2,M_TEXT,True,0.0,0.0,0.0,False,False,False,False
gemma-4-26b-a4b,INC-20F15B958E53,REMOVE_TARGET,C_CONTRAST,False,1.0,1.0,0.0,False,False,False,False
gemma-4-26b-a4b,INC-20F15B958E53,REMOVE_TARGET,M_TEXT,False,0.0,1.0,-1.0,True,True,False,True
gemma-4-26b-a4b,INC-20F15B958E53,REMOVE_MATCHED_NONTARGET,C_CONTRAST,False,1.0,1.0,0.0,False,False,False,False
gemma-4-26b-a4b,INC-20F15B958E53,REMOVE_MATCHED_NONTARGET,M_TEXT,False,1.0,1.0,0.0,False,False,False,False
gemma-4-26b-a4b,INC-20F15B958E53,NO_GROUPING,C_CONTRAST,True,1.0,1.0,0.0,False,False,False,False
gemma-4-26b-a4b,INC-20F15B958E53,NO_GROUPING,M_TEXT,False,1.0,1.0,0.0,False,False,False,False
gemma-4-26b-a4b,INC-20F15B958E53,REDUNDANT_NOISE,C_CONTRAST,False,1.0,1.0,0.0,False,False,False,False
gemma-4-26b-a4b,INC-20F15B958E53,REDUNDANT_NOISE,M_TEXT,False,1.0,1.0,0.0,False,False,False,False
gemma-4-26b-a4b,INC-20F15B958E53,REANONYMIZE,C_CONTRAST,False,1.0,1.0,0.0,False,,False,False
gemma-4-26b-a4b,INC-20F15B958E53,REANONYMIZE,M_TEXT,False,1.0,1.0,0.0,False,,False,False
gemma-4-26b-a4b,INC-20F15B958E53,REPLICATE_1,C_CONTRAST,True,1.0,1.0,0.0,False,False,False,False
gemma-4-26b-a4b,INC-20F15B958E53,REPLICATE_1,M_TEXT,True,1.0,1.0,0.0,False,False,False,False
gemma-4-26b-a4b,INC-20F15B958E53,REPLICATE_2,C_CONTRAST,True,1.0,1.0,0.0,False,False,False,False
gemma-4-26b-a4b,INC-20F15B958E53,REPLICATE_2,M_TEXT,True,1.0,1.0,0.0,False,False,False,False
gemma-4-26b-a4b,INC-47B65415E3CA,REMOVE_TARGET,C_CONTRAST,False,1.0,1.0,0.0,False,False,False,False
gemma-4-26b-a4b,INC-47B65415E3CA,REMOVE_TARGET,M_TEXT,False,1.0,1.0,0.0,False,False,False,False
gemma-4-26b-a4b,INC-47B65415E3CA,REMOVE_MATCHED_NONTARGET,C_CONTRAST,False,1.0,1.0,0.0,False,False,False,False
gemma-4-26b-a4b,INC-47B65415E3CA,REMOVE_MATCHED_NONTARGET,M_TEXT,False,1.0,1.0,0.0,False,False,False,False
gemma-4-26b-a4b,INC-47B65415E3CA,NO_GROUPING,C_CONTRAST,True,1.0,1.0,0.0,False,False,False,False
gemma-4-26b-a4b,INC-47B65415E3CA,NO_GROUPING,M_TEXT,False,1.0,1.0,0.0,False,False,False,False
gemma-4-26b-a4b,INC-47B65415E3CA,REDUNDANT_NOISE,C_CONTRAST,False,1.0,1.0,0.0,False,False,False,False
gemma-4-26b-a4b,INC-47B65415E3CA,REDUNDANT_NOISE,M_TEXT,False,1.0,1.0,0.0,False,False,False,False
gemma-4-26b-a4b,INC-47B65415E3CA,REANONYMIZE,C_CONTRAST,False,1.0,1.0,0.0,False,,False,False
gemma-4-26b-a4b,INC-47B65415E3CA,REANONYMIZE,M_TEXT,False,1.0,1.0,0.0,False,,False,False
gemma-4-26b-a4b,INC-47B65415E3CA,REPLICATE_1,C_CONTRAST,True,1.0,1.0,0.0,False,False,False,False
gemma-4-26b-a4b,INC-47B65415E3CA,REPLICATE_1,M_TEXT,True,1.0,1.0,0.0,False,False,False,False
gemma-4-26b-a4b,INC-47B65415E3CA,REPLICATE_2,C_CONTRAST,True,1.0,1.0,0.0,False,False,False,False
gemma-4-26b-a4b,INC-47B65415E3CA,REPLICATE_2,M_TEXT,True,1.0,1.0,0.0,False,False,False,False
gemma-4-26b-a4b,INC-AFC1CF58B350,REMOVE_TARGET,C_CONTRAST,False,0.0,1.0,-1.0,True,True,False,True
gemma-4-26b-a4b,INC-AFC1CF58B350,REMOVE_TARGET,M_TEXT,False,0.0,1.0,-1.0,True,True,False,True
gemma-4-26b-a4b,INC-AFC1CF58B350,REMOVE_MATCHED_NONTARGET,C_CONTRAST,False,0.0,1.0,-1.0,True,True,False,True
gemma-4-26b-a4b,INC-AFC1CF58B350,REMOVE_MATCHED_NONTARGET,M_TEXT,False,0.0,1.0,-1.0,True,True,False,True
gemma-4-26b-a4b,INC-AFC1CF58B350,NO_GROUPING,C_CONTRAST,True,1.0,1.0,0.0,False,False,False,False
gemma-4-26b-a4b,INC-AFC1CF58B350,NO_GROUPING,M_TEXT,False,0.0,1.0,-1.0,True,True,False,True
gemma-4-26b-a4b,INC-AFC1CF58B350,REDUNDANT_NOISE,C_CONTRAST,False,0.0,1.0,-1.0,True,True,False,True
gemma-4-26b-a4b,INC-AFC1CF58B350,REDUNDANT_NOISE,M_TEXT,False,1.0,1.0,0.0,False,False,False,False
gemma-4-26b-a4b,INC-AFC1CF58B350,REANONYMIZE,C_CONTRAST,False,1.0,1.0,0.0,False,,False,False
gemma-4-26b-a4b,INC-AFC1CF58B350,REANONYMIZE,M_TEXT,False,1.0,1.0,0.0,False,,False,False
gemma-4-26b-a4b,INC-AFC1CF58B350,REPLICATE_1,C_CONTRAST,True,1.0,1.0,0.0,False,False,False,False
gemma-4-26b-a4b,INC-AFC1CF58B350,REPLICATE_1,M_TEXT,True,1.0,1.0,0.0,False,False,False,False
gemma-4-26b-a4b,INC-AFC1CF58B350,REPLICATE_2,C_CONTRAST,True,0.0,1.0,-1.0,True,True,False,True
gemma-4-26b-a4b,INC-AFC1CF58B350,REPLICATE_2,M_TEXT,True,1.0,1.0,0.0,False,False,False,False
gemma-4-26b-a4b,INC-793BF750FC74,REMOVE_TARGET,C_CONTRAST,False,1.0,1.0,0.0,False,False,False,False
gemma-4-26b-a4b,INC-793BF750FC74,REMOVE_TARGET,M_TEXT,False,1.0,1.0,0.0,False,False,False,False
gemma-4-26b-a4b,INC-793BF750FC74,REMOVE_MATCHED_NONTARGET,C_CONTRAST,False,1.0,1.0,0.0,False,False,False,False
gemma-4-26b-a4b,INC-793BF750FC74,REMOVE_MATCHED_NONTARGET,M_TEXT,False,1.0,1.0,0.0,False,False,False,False
gemma-4-26b-a4b,INC-793BF750FC74,NO_GROUPING,C_CONTRAST,True,1.0,1.0,0.0,False,False,False,False
gemma-4-26b-a4b,INC-793BF750FC74,NO_GROUPING,M_TEXT,False,1.0,1.0,0.0,False,False,False,False
gemma-4-26b-a4b,INC-793BF750FC74,REDUNDANT_NOISE,C_CONTRAST,False,1.0,1.0,0.0,False,False,False,False
gemma-4-26b-a4b,INC-793BF750FC74,REDUNDANT_NOISE,M_TEXT,False,1.0,1.0,0.0,False,False,False,False
gemma-4-26b-a4b,INC-793BF750FC74,REANONYMIZE,C_CONTRAST,False,1.0,1.0,0.0,False,,False,False
gemma-4-26b-a4b,INC-793BF750FC74,REANONYMIZE,M_TEXT,False,1.0,1.0,0.0,False,,False,False
gemma-4-26b-a4b,INC-793BF750FC74,REPLICATE_1,C_CONTRAST,True,1.0,1.0,0.0,False,False,False,False
gemma-4-26b-a4b,INC-793BF750FC74,REPLICATE_1,M_TEXT,True,1.0,1.0,0.0,False,False,False,False
gemma-4-26b-a4b,INC-793BF750FC74,REPLICATE_2,C_CONTRAST,True,1.0,1.0,0.0,False,False,False,False
gemma-4-26b-a4b,INC-793BF750FC74,REPLICATE_2,M_TEXT,True,1.0,1.0,0.0,False,False,False,False
gemma-4-26b-a4b,INC-A9B687D08FA0,REMOVE_TARGET,C_CONTRAST,False,0.0,0.0,0.0,False,False,False,False
gemma-4-26b-a4b,INC-A9B687D08FA0,REMOVE_TARGET,M_TEXT,False,0.0,0.0,0.0,False,False,False,False
gemma-4-26b-a4b,INC-A9B687D08FA0,REMOVE_MATCHED_NONTARGET,C_CONTRAST,False,1.0,0.0,1.0,True,True,True,False
gemma-4-26b-a4b,INC-A9B687D08FA0,REMOVE_MATCHED_NONTARGET,M_TEXT,False,0.0,0.0,0.0,False,False,False,False
gemma-4-26b-a4b,INC-A9B687D08FA0,NO_GROUPING,C_CONTRAST,True,0.0,0.0,0.0,False,False,False,False
gemma-4-26b-a4b,INC-A9B687D08FA0,NO_GROUPING,M_TEXT,False,0.0,0.0,0.0,False,False,False,False
gemma-4-26b-a4b,INC-A9B687D08FA0,REDUNDANT_NOISE,C_CONTRAST,False,1.0,0.0,1.0,True,True,True,False
gemma-4-26b-a4b,INC-A9B687D08FA0,REDUNDANT_NOISE,M_TEXT,False,0.0,0.0,0.0,False,False,False,False
gemma-4-26b-a4b,INC-A9B687D08FA0,REANONYMIZE,C_CONTRAST,False,0.0,0.0,0.0,False,,False,False
gemma-4-26b-a4b,INC-A9B687D08FA0,REANONYMIZE,M_TEXT,False,0.0,0.0,0.0,False,,False,False
gemma-4-26b-a4b,INC-A9B687D08FA0,REPLICATE_1,C_CONTRAST,True,0.0,0.0,0.0,False,False,False,False
gemma-4-26b-a4b,INC-A9B687D08FA0,REPLICATE_1,M_TEXT,True,0.0,0.0,0.0,False,False,False,False
gemma-4-26b-a4b,INC-A9B687D08FA0,REPLICATE_2,C_CONTRAST,True,0.0,0.0,0.0,False,False,False,False
gemma-4-26b-a4b,INC-A9B687D08FA0,REPLICATE_2,M_TEXT,True,0.0,0.0,0.0,False,False,False,False
gemma-4-26b-a4b,INC-C59BC6133EB2,REMOVE_TARGET,C_CONTRAST,False,1.0,1.0,0.0,False,False,False,False
gemma-4-26b-a4b,INC-C59BC6133EB2,REMOVE_TARGET,M_TEXT,False,0.0,0.0,0.0,False,False,False,False
gemma-4-26b-a4b,INC-C59BC6133EB2,REMOVE_MATCHED_NONTARGET,C_CONTRAST,False,1.0,1.0,0.0,False,False,False,False
gemma-4-26b-a4b,INC-C59BC6133EB2,REMOVE_MATCHED_NONTARGET,M_TEXT,False,0.0,0.0,0.0,False,False,False,False
gemma-4-26b-a4b,INC-C59BC6133EB2,NO_GROUPING,C_CONTRAST,True,1.0,1.0,0.0,False,False,False,False
gemma-4-26b-a4b,INC-C59BC6133EB2,NO_GROUPING,M_TEXT,False,0.0,0.0,0.0,False,False,False,False
gemma-4-26b-a4b,INC-C59BC6133EB2,REDUNDANT_NOISE,C_CONTRAST,False,1.0,1.0,0.0,False,False,False,False
gemma-4-26b-a4b,INC-C59BC6133EB2,REDUNDANT_NOISE,M_TEXT,False,0.0,0.0,0.0,False,False,False,False
gemma-4-26b-a4b,INC-C59BC6133EB2,REANONYMIZE,C_CONTRAST,False,1.0,1.0,0.0,False,,False,False
gemma-4-26b-a4b,INC-C59BC6133EB2,REANONYMIZE,M_TEXT,False,0.0,0.0,0.0,False,,False,False
gemma-4-26b-a4b,INC-C59BC6133EB2,REPLICATE_1,C_CONTRAST,True,1.0,1.0,0.0,False,False,False,False
gemma-4-26b-a4b,INC-C59BC6133EB2,REPLICATE_1,M_TEXT,True,0.0,0.0,0.0,False,False,False,False
gemma-4-26b-a4b,INC-C59BC6133EB2,REPLICATE_2,C_CONTRAST,True,1.0,1.0,0.0,False,False,False,False
gemma-4-26b-a4b,INC-C59BC6133EB2,REPLICATE_2,M_TEXT,True,0.0,0.0,0.0,False,False,False,False
gemma-4-26b-a4b,INC-389FF6C30F0C,REMOVE_TARGET,C_CONTRAST,False,1.0,1.0,0.0,False,False,False,False
gemma-4-26b-a4b,INC-389FF6C30F0C,REMOVE_TARGET,M_TEXT,False,0.0,1.0,-1.0,True,True,False,True
gemma-4-26b-a4b,INC-389FF6C30F0C,REMOVE_MATCHED_NONTARGET,C_CONTRAST,False,1.0,1.0,0.0,False,False,False,False
gemma-4-26b-a4b,INC-389FF6C30F0C,REMOVE_MATCHED_NONTARGET,M_TEXT,False,1.0,1.0,0.0,False,False,False,False
gemma-4-26b-a4b,INC-389FF6C30F0C,NO_GROUPING,C_CONTRAST,True,1.0,1.0,0.0,False,False,False,False
gemma-4-26b-a4b,INC-389FF6C30F0C,NO_GROUPING,M_TEXT,False,1.0,1.0,0.0,False,False,False,False
gemma-4-26b-a4b,INC-389FF6C30F0C,REDUNDANT_NOISE,C_CONTRAST,False,1.0,1.0,0.0,False,False,False,False
gemma-4-26b-a4b,INC-389FF6C30F0C,REDUNDANT_NOISE,M_TEXT,False,1.0,1.0,0.0,False,False,False,False
gemma-4-26b-a4b,INC-389FF6C30F0C,REANONYMIZE,C_CONTRAST,False,1.0,1.0,0.0,False,,False,False
gemma-4-26b-a4b,INC-389FF6C30F0C,REANONYMIZE,M_TEXT,False,0.0,1.0,-1.0,True,,False,True
gemma-4-26b-a4b,INC-389FF6C30F0C,REPLICATE_1,C_CONTRAST,True,1.0,1.0,0.0,False,False,False,False
gemma-4-26b-a4b,INC-389FF6C30F0C,REPLICATE_1,M_TEXT,True,1.0,1.0,0.0,False,False,False,False
gemma-4-26b-a4b,INC-389FF6C30F0C,REPLICATE_2,C_CONTRAST,True,1.0,1.0,0.0,False,False,False,False
gemma-4-26b-a4b,INC-389FF6C30F0C,REPLICATE_2,M_TEXT,True,1.0,1.0,0.0,False,False,False,False
gemma-4-26b-a4b,INC-4B2715C98025,REMOVE_TARGET,C_CONTRAST,False,1.0,1.0,0.0,False,False,False,False
gemma-4-26b-a4b,INC-4B2715C98025,REMOVE_TARGET,M_TEXT,False,1.0,1.0,0.0,False,False,False,False
gemma-4-26b-a4b,INC-4B2715C98025,REMOVE_MATCHED_NONTARGET,C_CONTRAST,False,1.0,1.0,0.0,False,False,False,False
gemma-4-26b-a4b,INC-4B2715C98025,REMOVE_MATCHED_NONTARGET,M_TEXT,False,1.0,1.0,0.0,False,False,False,False
gemma-4-26b-a4b,INC-4B2715C98025,NO_GROUPING,C_CONTRAST,True,1.0,1.0,0.0,False,False,False,False
gemma-4-26b-a4b,INC-4B2715C98025,NO_GROUPING,M_TEXT,False,1.0,1.0,0.0,False,False,False,False
gemma-4-26b-a4b,INC-4B2715C98025,REDUNDANT_NOISE,C_CONTRAST,False,1.0,1.0,0.0,False,False,False,False
gemma-4-26b-a4b,INC-4B2715C98025,REDUNDANT_NOISE,M_TEXT,False,1.0,1.0,0.0,False,False,False,False
gemma-4-26b-a4b,INC-4B2715C98025,REANONYMIZE,C_CONTRAST,False,1.0,1.0,0.0,False,,False,False
gemma-4-26b-a4b,INC-4B2715C98025,REANONYMIZE,M_TEXT,False,1.0,1.0,0.0,False,,False,False
gemma-4-26b-a4b,INC-4B2715C98025,REPLICATE_1,C_CONTRAST,True,1.0,1.0,0.0,False,False,False,False
gemma-4-26b-a4b,INC-4B2715C98025,REPLICATE_1,M_TEXT,True,1.0,1.0,0.0,False,False,False,False
gemma-4-26b-a4b,INC-4B2715C98025,REPLICATE_2,C_CONTRAST,True,1.0,1.0,0.0,False,False,False,False
gemma-4-26b-a4b,INC-4B2715C98025,REPLICATE_2,M_TEXT,True,1.0,1.0,0.0,False,False,False,False
gemma-4-26b-a4b,INC-5D7DB04266BA,REMOVE_TARGET,C_CONTRAST,False,0.0,1.0,-1.0,True,True,False,True
gemma-4-26b-a4b,INC-5D7DB04266BA,REMOVE_TARGET,M_TEXT,False,0.0,1.0,-1.0,True,True,False,True
gemma-4-26b-a4b,INC-5D7DB04266BA,REMOVE_MATCHED_NONTARGET,C_CONTRAST,False,1.0,1.0,0.0,False,False,False,False
gemma-4-26b-a4b,INC-5D7DB04266BA,REMOVE_MATCHED_NONTARGET,M_TEXT,False,1.0,1.0,0.0,False,False,False,False
gemma-4-26b-a4b,INC-5D7DB04266BA,NO_GROUPING,C_CONTRAST,True,1.0,1.0,0.0,False,False,False,False
gemma-4-26b-a4b,INC-5D7DB04266BA,NO_GROUPING,M_TEXT,False,1.0,1.0,0.0,False,False,False,False
gemma-4-26b-a4b,INC-5D7DB04266BA,REDUNDANT_NOISE,C_CONTRAST,False,1.0,1.0,0.0,False,False,False,False
gemma-4-26b-a4b,INC-5D7DB04266BA,REDUNDANT_NOISE,M_TEXT,False,1.0,1.0,0.0,False,False,False,False
gemma-4-26b-a4b,INC-5D7DB04266BA,REANONYMIZE,C_CONTRAST,False,0.0,1.0,-1.0,True,,False,True
gemma-4-26b-a4b,INC-5D7DB04266BA,REANONYMIZE,M_TEXT,False,1.0,1.0,0.0,False,,False,False
gemma-4-26b-a4b,INC-5D7DB04266BA,REPLICATE_1,C_CONTRAST,True,1.0,1.0,0.0,False,False,False,False
gemma-4-26b-a4b,INC-5D7DB04266BA,REPLICATE_1,M_TEXT,True,1.0,1.0,0.0,False,False,False,False
gemma-4-26b-a4b,INC-5D7DB04266BA,REPLICATE_2,C_CONTRAST,True,1.0,1.0,0.0,False,False,False,False
gemma-4-26b-a4b,INC-5D7DB04266BA,REPLICATE_2,M_TEXT,True,1.0,1.0,0.0,False,False,False,False
gemma-4-26b-a4b,INC-420AE08478C0,REMOVE_TARGET,C_CONTRAST,False,0.0,1.0,-1.0,True,True,False,True
gemma-4-26b-a4b,INC-420AE08478C0,REMOVE_TARGET,M_TEXT,False,0.0,1.0,-1.0,True,True,False,True
gemma-4-26b-a4b,INC-420AE08478C0,REMOVE_MATCHED_NONTARGET,C_CONTRAST,False,1.0,1.0,0.0,False,False,False,False
gemma-4-26b-a4b,INC-420AE08478C0,REMOVE_MATCHED_NONTARGET,M_TEXT,False,1.0,1.0,0.0,False,False,False,False
gemma-4-26b-a4b,INC-420AE08478C0,NO_GROUPING,C_CONTRAST,True,1.0,1.0,0.0,False,False,False,False
gemma-4-26b-a4b,INC-420AE08478C0,NO_GROUPING,M_TEXT,False,1.0,1.0,0.0,False,False,False,False
gemma-4-26b-a4b,INC-420AE08478C0,REDUNDANT_NOISE,C_CONTRAST,False,0.0,1.0,-1.0,True,True,False,True
gemma-4-26b-a4b,INC-420AE08478C0,REDUNDANT_NOISE,M_TEXT,False,0.0,1.0,-1.0,True,True,False,True
gemma-4-26b-a4b,INC-420AE08478C0,REANONYMIZE,C_CONTRAST,False,1.0,1.0,0.0,False,,False,False
gemma-4-26b-a4b,INC-420AE08478C0,REANONYMIZE,M_TEXT,False,1.0,1.0,0.0,False,,False,False
gemma-4-26b-a4b,INC-420AE08478C0,REPLICATE_1,C_CONTRAST,True,1.0,1.0,0.0,False,False,False,False
gemma-4-26b-a4b,INC-420AE08478C0,REPLICATE_1,M_TEXT,True,1.0,1.0,0.0,False,False,False,False
gemma-4-26b-a4b,INC-420AE08478C0,REPLICATE_2,C_CONTRAST,True,1.0,1.0,0.0,False,False,False,False
gemma-4-26b-a4b,INC-420AE08478C0,REPLICATE_2,M_TEXT,True,1.0,1.0,0.0,False,False,False,False
gemma-4-26b-a4b,INC-B57647053FCD,REMOVE_TARGET,C_CONTRAST,False,1.0,0.0,1.0,True,True,True,False
gemma-4-26b-a4b,INC-B57647053FCD,REMOVE_TARGET,M_TEXT,False,0.0,0.0,0.0,False,False,False,False
gemma-4-26b-a4b,INC-B57647053FCD,REMOVE_MATCHED_NONTARGET,C_CONTRAST,False,0.0,0.0,0.0,False,False,False,False
gemma-4-26b-a4b,INC-B57647053FCD,REMOVE_MATCHED_NONTARGET,M_TEXT,False,0.0,0.0,0.0,False,False,False,False
gemma-4-26b-a4b,INC-B57647053FCD,NO_GROUPING,C_CONTRAST,True,0.0,0.0,0.0,False,True,False,False
gemma-4-26b-a4b,INC-B57647053FCD,NO_GROUPING,M_TEXT,False,0.0,0.0,0.0,False,False,False,False
gemma-4-26b-a4b,INC-B57647053FCD,REDUNDANT_NOISE,C_CONTRAST,False,1.0,0.0,1.0,True,True,True,False
gemma-4-26b-a4b,INC-B57647053FCD,REDUNDANT_NOISE,M_TEXT,False,0.0,0.0,0.0,False,False,False,False
gemma-4-26b-a4b,INC-B57647053FCD,REANONYMIZE,C_CONTRAST,False,1.0,0.0,1.0,True,,True,False
gemma-4-26b-a4b,INC-B57647053FCD,REANONYMIZE,M_TEXT,False,0.0,0.0,0.0,False,,False,False
gemma-4-26b-a4b,INC-B57647053FCD,REPLICATE_1,C_CONTRAST,True,0.0,0.0,0.0,False,False,False,False
gemma-4-26b-a4b,INC-B57647053FCD,REPLICATE_1,M_TEXT,True,0.0,0.0,0.0,False,False,False,False
gemma-4-26b-a4b,INC-B57647053FCD,REPLICATE_2,C_CONTRAST,True,0.0,0.0,0.0,False,True,False,False
gemma-4-26b-a4b,INC-B57647053FCD,REPLICATE_2,M_TEXT,True,0.0,0.0,0.0,False,False,False,False
gemma-4-26b-a4b,INC-A59335340B6D,REMOVE_TARGET,C_CONTRAST,False,0.0,1.0,-1.0,True,True,False,True
gemma-4-26b-a4b,INC-A59335340B6D,REMOVE_TARGET,M_TEXT,False,0.0,1.0,-1.0,True,True,False,True
gemma-4-26b-a4b,INC-A59335340B6D,REMOVE_MATCHED_NONTARGET,C_CONTRAST,False,1.0,1.0,0.0,False,False,False,False
gemma-4-26b-a4b,INC-A59335340B6D,REMOVE_MATCHED_NONTARGET,M_TEXT,False,1.0,1.0,0.0,False,False,False,False
gemma-4-26b-a4b,INC-A59335340B6D,NO_GROUPING,C_CONTRAST,True,1.0,1.0,0.0,False,False,False,False
gemma-4-26b-a4b,INC-A59335340B6D,NO_GROUPING,M_TEXT,False,1.0,1.0,0.0,False,False,False,False
gemma-4-26b-a4b,INC-A59335340B6D,REDUNDANT_NOISE,C_CONTRAST,False,1.0,1.0,0.0,False,False,False,False
gemma-4-26b-a4b,INC-A59335340B6D,REDUNDANT_NOISE,M_TEXT,False,1.0,1.0,0.0,False,False,False,False
gemma-4-26b-a4b,INC-A59335340B6D,REANONYMIZE,C_CONTRAST,False,1.0,1.0,0.0,False,,False,False
gemma-4-26b-a4b,INC-A59335340B6D,REANONYMIZE,M_TEXT,False,1.0,1.0,0.0,False,,False,False
gemma-4-26b-a4b,INC-A59335340B6D,REPLICATE_1,C_CONTRAST,True,1.0,1.0,0.0,False,False,False,False
gemma-4-26b-a4b,INC-A59335340B6D,REPLICATE_1,M_TEXT,True,1.0,1.0,0.0,False,False,False,False
gemma-4-26b-a4b,INC-A59335340B6D,REPLICATE_2,C_CONTRAST,True,1.0,1.0,0.0,False,False,False,False
gemma-4-26b-a4b,INC-A59335340B6D,REPLICATE_2,M_TEXT,True,1.0,1.0,0.0,False,False,False,False
gemma-4-26b-a4b,INC-F9931F2050B1,REMOVE_TARGET,C_CONTRAST,False,0.0,1.0,-1.0,True,True,False,True
gemma-4-26b-a4b,INC-F9931F2050B1,REMOVE_TARGET,M_TEXT,False,0.0,0.0,0.0,False,False,False,False
gemma-4-26b-a4b,INC-F9931F2050B1,REMOVE_MATCHED_NONTARGET,C_CONTRAST,False,1.0,1.0,0.0,False,False,False,False
gemma-4-26b-a4b,INC-F9931F2050B1,REMOVE_MATCHED_NONTARGET,M_TEXT,False,0.0,0.0,0.0,False,True,False,False
gemma-4-26b-a4b,INC-F9931F2050B1,NO_GROUPING,C_CONTRAST,True,1.0,1.0,0.0,False,False,False,False
gemma-4-26b-a4b,INC-F9931F2050B1,NO_GROUPING,M_TEXT,False,0.0,0.0,0.0,False,False,False,False
gemma-4-26b-a4b,INC-F9931F2050B1,REDUNDANT_NOISE,C_CONTRAST,False,1.0,1.0,0.0,False,False,False,False
gemma-4-26b-a4b,INC-F9931F2050B1,REDUNDANT_NOISE,M_TEXT,False,0.0,0.0,0.0,False,False,False,False
gemma-4-26b-a4b,INC-F9931F2050B1,REANONYMIZE,C_CONTRAST,False,1.0,1.0,0.0,False,,False,False
gemma-4-26b-a4b,INC-F9931F2050B1,REANONYMIZE,M_TEXT,False,0.0,0.0,0.0,False,,False,False
gemma-4-26b-a4b,INC-F9931F2050B1,REPLICATE_1,C_CONTRAST,True,1.0,1.0,0.0,False,False,False,False
gemma-4-26b-a4b,INC-F9931F2050B1,REPLICATE_1,M_TEXT,True,0.0,0.0,0.0,False,True,False,False
gemma-4-26b-a4b,INC-F9931F2050B1,REPLICATE_2,C_CONTRAST,True,1.0,1.0,0.0,False,False,False,False
gemma-4-26b-a4b,INC-F9931F2050B1,REPLICATE_2,M_TEXT,True,0.0,0.0,0.0,False,False,False,False
gemma-4-26b-a4b,INC-837ED60AC9F5,REMOVE_TARGET,C_CONTRAST,False,1.0,1.0,0.0,False,False,False,False
gemma-4-26b-a4b,INC-837ED60AC9F5,REMOVE_TARGET,M_TEXT,False,0.0,0.0,0.0,False,False,False,False
gemma-4-26b-a4b,INC-837ED60AC9F5,REMOVE_MATCHED_NONTARGET,C_CONTRAST,False,1.0,1.0,0.0,False,False,False,False
gemma-4-26b-a4b,INC-837ED60AC9F5,REMOVE_MATCHED_NONTARGET,M_TEXT,False,0.0,0.0,0.0,False,True,False,False
gemma-4-26b-a4b,INC-837ED60AC9F5,NO_GROUPING,C_CONTRAST,True,1.0,1.0,0.0,False,False,False,False
gemma-4-26b-a4b,INC-837ED60AC9F5,NO_GROUPING,M_TEXT,False,0.0,0.0,0.0,False,False,False,False
gemma-4-26b-a4b,INC-837ED60AC9F5,REDUNDANT_NOISE,C_CONTRAST,False,1.0,1.0,0.0,False,False,False,False
gemma-4-26b-a4b,INC-837ED60AC9F5,REDUNDANT_NOISE,M_TEXT,False,0.0,0.0,0.0,False,True,False,False
gemma-4-26b-a4b,INC-837ED60AC9F5,REANONYMIZE,C_CONTRAST,False,1.0,1.0,0.0,False,,False,False
gemma-4-26b-a4b,INC-837ED60AC9F5,REANONYMIZE,M_TEXT,False,0.0,0.0,0.0,False,,False,False
gemma-4-26b-a4b,INC-837ED60AC9F5,REPLICATE_1,C_CONTRAST,True,1.0,1.0,0.0,False,False,False,False
gemma-4-26b-a4b,INC-837ED60AC9F5,REPLICATE_1,M_TEXT,True,0.0,0.0,0.0,False,True,False,False
gemma-4-26b-a4b,INC-837ED60AC9F5,REPLICATE_2,C_CONTRAST,True,1.0,1.0,0.0,False,False,False,False
gemma-4-26b-a4b,INC-837ED60AC9F5,REPLICATE_2,M_TEXT,True,0.0,0.0,0.0,False,False,False,False
gemma-4-26b-a4b,INC-9095FF6F0DE1,REMOVE_TARGET,C_CONTRAST,False,1.0,1.0,0.0,False,False,False,False
gemma-4-26b-a4b,INC-9095FF6F0DE1,REMOVE_TARGET,M_TEXT,False,1.0,1.0,0.0,False,False,False,False
gemma-4-26b-a4b,INC-9095FF6F0DE1,REMOVE_MATCHED_NONTARGET,C_CONTRAST,False,1.0,1.0,0.0,False,False,False,False
gemma-4-26b-a4b,INC-9095FF6F0DE1,REMOVE_MATCHED_NONTARGET,M_TEXT,False,1.0,1.0,0.0,False,False,False,False
gemma-4-26b-a4b,INC-9095FF6F0DE1,NO_GROUPING,C_CONTRAST,True,1.0,1.0,0.0,False,False,False,False
gemma-4-26b-a4b,INC-9095FF6F0DE1,NO_GROUPING,M_TEXT,False,1.0,1.0,0.0,False,False,False,False
gemma-4-26b-a4b,INC-9095FF6F0DE1,REDUNDANT_NOISE,C_CONTRAST,False,1.0,1.0,0.0,False,False,False,False
gemma-4-26b-a4b,INC-9095FF6F0DE1,REDUNDANT_NOISE,M_TEXT,False,1.0,1.0,0.0,False,False,False,False
gemma-4-26b-a4b,INC-9095FF6F0DE1,REANONYMIZE,C_CONTRAST,False,1.0,1.0,0.0,False,,False,False
gemma-4-26b-a4b,INC-9095FF6F0DE1,REANONYMIZE,M_TEXT,False,1.0,1.0,0.0,False,,False,False
gemma-4-26b-a4b,INC-9095FF6F0DE1,REPLICATE_1,C_CONTRAST,True,1.0,1.0,0.0,False,False,False,False
gemma-4-26b-a4b,INC-9095FF6F0DE1,REPLICATE_1,M_TEXT,True,1.0,1.0,0.0,False,False,False,False
gemma-4-26b-a4b,INC-9095FF6F0DE1,REPLICATE_2,C_CONTRAST,True,1.0,1.0,0.0,False,False,False,False
gemma-4-26b-a4b,INC-9095FF6F0DE1,REPLICATE_2,M_TEXT,True,1.0,1.0,0.0,False,False,False,False
gemma-4-26b-a4b,INC-452942E7A056,REMOVE_TARGET,C_CONTRAST,False,0.0,1.0,-1.0,True,True,False,True
gemma-4-26b-a4b,INC-452942E7A056,REMOVE_TARGET,M_TEXT,False,0.0,1.0,-1.0,True,True,False,True
gemma-4-26b-a4b,INC-452942E7A056,REMOVE_MATCHED_NONTARGET,C_CONTRAST,False,1.0,1.0,0.0,False,False,False,False
gemma-4-26b-a4b,INC-452942E7A056,REMOVE_MATCHED_NONTARGET,M_TEXT,False,1.0,1.0,0.0,False,False,False,False
gemma-4-26b-a4b,INC-452942E7A056,NO_GROUPING,C_CONTRAST,True,1.0,1.0,0.0,False,False,False,False
gemma-4-26b-a4b,INC-452942E7A056,NO_GROUPING,M_TEXT,False,1.0,1.0,0.0,False,False,False,False
gemma-4-26b-a4b,INC-452942E7A056,REDUNDANT_NOISE,C_CONTRAST,False,1.0,1.0,0.0,False,False,False,False
gemma-4-26b-a4b,INC-452942E7A056,REDUNDANT_NOISE,M_TEXT,False,1.0,1.0,0.0,False,False,False,False
gemma-4-26b-a4b,INC-452942E7A056,REANONYMIZE,C_CONTRAST,False,1.0,1.0,0.0,False,,False,False
gemma-4-26b-a4b,INC-452942E7A056,REANONYMIZE,M_TEXT,False,1.0,1.0,0.0,False,,False,False
gemma-4-26b-a4b,INC-452942E7A056,REPLICATE_1,C_CONTRAST,True,1.0,1.0,0.0,False,False,False,False
gemma-4-26b-a4b,INC-452942E7A056,REPLICATE_1,M_TEXT,True,1.0,1.0,0.0,False,False,False,False
gemma-4-26b-a4b,INC-452942E7A056,REPLICATE_2,C_CONTRAST,True,1.0,1.0,0.0,False,False,False,False
gemma-4-26b-a4b,INC-452942E7A056,REPLICATE_2,M_TEXT,True,1.0,1.0,0.0,False,False,False,False
gemma-4-26b-a4b,INC-FCED40C68B88,REMOVE_TARGET,C_CONTRAST,False,0.0,1.0,-1.0,True,True,False,True
gemma-4-26b-a4b,INC-FCED40C68B88,REMOVE_TARGET,M_TEXT,False,0.0,0.0,0.0,False,False,False,False
gemma-4-26b-a4b,INC-FCED40C68B88,REMOVE_MATCHED_NONTARGET,C_CONTRAST,False,1.0,1.0,0.0,False,False,False,False
gemma-4-26b-a4b,INC-FCED40C68B88,REMOVE_MATCHED_NONTARGET,M_TEXT,False,1.0,0.0,1.0,True,True,True,False
gemma-4-26b-a4b,INC-FCED40C68B88,NO_GROUPING,C_CONTRAST,True,1.0,1.0,0.0,False,False,False,False
gemma-4-26b-a4b,INC-FCED40C68B88,NO_GROUPING,M_TEXT,False,0.0,0.0,0.0,False,True,False,False
gemma-4-26b-a4b,INC-FCED40C68B88,REDUNDANT_NOISE,C_CONTRAST,False,1.0,1.0,0.0,False,False,False,False
gemma-4-26b-a4b,INC-FCED40C68B88,REDUNDANT_NOISE,M_TEXT,False,0.0,0.0,0.0,False,False,False,False
gemma-4-26b-a4b,INC-FCED40C68B88,REANONYMIZE,C_CONTRAST,False,1.0,1.0,0.0,False,,False,False
gemma-4-26b-a4b,INC-FCED40C68B88,REANONYMIZE,M_TEXT,False,0.0,0.0,0.0,False,,False,False
gemma-4-26b-a4b,INC-FCED40C68B88,REPLICATE_1,C_CONTRAST,True,1.0,1.0,0.0,False,False,False,False
gemma-4-26b-a4b,INC-FCED40C68B88,REPLICATE_1,M_TEXT,True,0.0,0.0,0.0,False,True,False,False
gemma-4-26b-a4b,INC-FCED40C68B88,REPLICATE_2,C_CONTRAST,True,1.0,1.0,0.0,False,False,False,False
gemma-4-26b-a4b,INC-FCED40C68B88,REPLICATE_2,M_TEXT,True,0.0,0.0,0.0,False,False,False,False
gemma-4-26b-a4b,INC-AB544E508C91,REMOVE_TARGET,C_CONTRAST,False,1.0,1.0,0.0,False,False,False,False
gemma-4-26b-a4b,INC-AB544E508C91,REMOVE_TARGET,M_TEXT,False,0.0,1.0,-1.0,True,True,False,True
gemma-4-26b-a4b,INC-AB544E508C91,REMOVE_MATCHED_NONTARGET,C_CONTRAST,False,1.0,1.0,0.0,False,False,False,False
gemma-4-26b-a4b,INC-AB544E508C91,REMOVE_MATCHED_NONTARGET,M_TEXT,False,1.0,1.0,0.0,False,False,False,False
gemma-4-26b-a4b,INC-AB544E508C91,NO_GROUPING,C_CONTRAST,True,1.0,1.0,0.0,False,False,False,False
gemma-4-26b-a4b,INC-AB544E508C91,NO_GROUPING,M_TEXT,False,1.0,1.0,0.0,False,False,False,False
gemma-4-26b-a4b,INC-AB544E508C91,REDUNDANT_NOISE,C_CONTRAST,False,1.0,1.0,0.0,False,False,False,False
gemma-4-26b-a4b,INC-AB544E508C91,REDUNDANT_NOISE,M_TEXT,False,1.0,1.0,0.0,False,False,False,False
gemma-4-26b-a4b,INC-AB544E508C91,REANONYMIZE,C_CONTRAST,False,1.0,1.0,0.0,False,,False,False
gemma-4-26b-a4b,INC-AB544E508C91,REANONYMIZE,M_TEXT,False,1.0,1.0,0.0,False,,False,False
gemma-4-26b-a4b,INC-AB544E508C91,REPLICATE_1,C_CONTRAST,True,1.0,1.0,0.0,False,False,False,False
gemma-4-26b-a4b,INC-AB544E508C91,REPLICATE_1,M_TEXT,True,1.0,1.0,0.0,False,False,False,False
gemma-4-26b-a4b,INC-AB544E508C91,REPLICATE_2,C_CONTRAST,True,1.0,1.0,0.0,False,False,False,False
gemma-4-26b-a4b,INC-AB544E508C91,REPLICATE_2,M_TEXT,True,1.0,1.0,0.0,False,False,False,False
