scope,model,dataset,arm,fault,n,mrr,ac1,ac5,output
rq1_cf,gemma-4-26b-a4b,aegislab,V_FACTUAL,ContainerKill,8,0.875,0.875,0.875,102.25
rq1_cf,gemma-4-26b-a4b,aegislab,V_FACTUAL,HTTPRequestAbort,6,0.1666666666666666,0.1666666666666666,0.1666666666666666,104.83333333333331
rq1_cf,gemma-4-26b-a4b,aegislab,V_FACTUAL,HTTPRequestDelay,7,0.0,0.0,0.0,94.71428571428572
rq1_cf,gemma-4-26b-a4b,aegislab,V_FACTUAL,HTTPRequestReplaceMethod,15,0.2,0.2,0.2,106.73333333333332
rq1_cf,gemma-4-26b-a4b,aegislab,V_FACTUAL,HTTPRequestReplacePath,1,0.0,0.0,0.0,116.0
rq1_cf,gemma-4-26b-a4b,aegislab,V_FACTUAL,HTTPResponseAbort,3,0.0,0.0,0.0,106.66666666666669
rq1_cf,gemma-4-26b-a4b,aegislab,V_FACTUAL,HTTPResponseDelay,7,0.0,0.0,0.0,99.85714285714286
rq1_cf,gemma-4-26b-a4b,aegislab,V_FACTUAL,HTTPResponseReplaceBody,2,0.5,0.5,0.5,109.5
rq1_cf,gemma-4-26b-a4b,aegislab,V_FACTUAL,HTTPResponseReplaceCode,13,0.3846153846153846,0.3846153846153846,0.3846153846153846,111.6153846153846
rq1_cf,gemma-4-26b-a4b,aegislab,V_FACTUAL,JVMException,3,0.6666666666666666,0.6666666666666666,0.6666666666666666,115.66666666666669
rq1_cf,gemma-4-26b-a4b,aegislab,V_FACTUAL,JVMLatency,1,0.0,0.0,0.0,135.0
rq1_cf,gemma-4-26b-a4b,aegislab,V_FACTUAL,JVMMemoryStress,14,0.9285714285714286,0.9285714285714286,0.9285714285714286,100.5
rq1_cf,gemma-4-26b-a4b,aegislab,V_FACTUAL,JVMReturn,2,0.5,0.5,0.5,95.5
rq1_cf,gemma-4-26b-a4b,aegislab,V_FACTUAL,NetworkBandwidth,2,0.0,0.0,0.0,99.5
rq1_cf,gemma-4-26b-a4b,aegislab,V_FACTUAL,NetworkCorrupt,3,0.0,0.0,0.0,91.0
rq1_cf,gemma-4-26b-a4b,aegislab,V_FACTUAL,NetworkDelay,1,1.0,1.0,1.0,104.0
rq1_cf,gemma-4-26b-a4b,aegislab,V_FACTUAL,NetworkLoss,3,0.3333333333333333,0.3333333333333333,0.3333333333333333,107.33333333333331
rq1_cf,gemma-4-26b-a4b,aegislab,V_FACTUAL,NetworkPartition,6,0.1666666666666666,0.1666666666666666,0.1666666666666666,109.0
rq1_cf,gemma-4-26b-a4b,aegislab,V_FACTUAL,PodFailure,2,1.0,1.0,1.0,101.5
rq1_cf,gemma-4-26b-a4b,aegislab,V_FACTUAL,PodKill,1,1.0,1.0,1.0,102.0
rq1_cf,gemma-4-26b-a4b,aegislab,V_NEUTRAL,ContainerKill,8,0.0,0.0,0.0,65.875
rq1_cf,gemma-4-26b-a4b,aegislab,V_NEUTRAL,HTTPRequestAbort,6,0.1666666666666666,0.1666666666666666,0.1666666666666666,63.0
rq1_cf,gemma-4-26b-a4b,aegislab,V_NEUTRAL,HTTPRequestDelay,7,0.0,0.0,0.0,71.0
rq1_cf,gemma-4-26b-a4b,aegislab,V_NEUTRAL,HTTPRequestReplaceMethod,15,0.1333333333333333,0.1333333333333333,0.1333333333333333,67.6
rq1_cf,gemma-4-26b-a4b,aegislab,V_NEUTRAL,HTTPRequestReplacePath,1,0.0,0.0,0.0,71.0
rq1_cf,gemma-4-26b-a4b,aegislab,V_NEUTRAL,HTTPResponseAbort,3,0.0,0.0,0.0,62.0
rq1_cf,gemma-4-26b-a4b,aegislab,V_NEUTRAL,HTTPResponseDelay,7,0.0,0.0,0.0,70.28571428571429
rq1_cf,gemma-4-26b-a4b,aegislab,V_NEUTRAL,HTTPResponseReplaceBody,2,0.0,0.0,0.0,69.5
rq1_cf,gemma-4-26b-a4b,aegislab,V_NEUTRAL,HTTPResponseReplaceCode,13,0.0769230769230769,0.0769230769230769,0.0769230769230769,68.3076923076923
rq1_cf,gemma-4-26b-a4b,aegislab,V_NEUTRAL,JVMException,3,0.0,0.0,0.0,71.0
rq1_cf,gemma-4-26b-a4b,aegislab,V_NEUTRAL,JVMLatency,1,0.0,0.0,0.0,85.0
rq1_cf,gemma-4-26b-a4b,aegislab,V_NEUTRAL,JVMMemoryStress,14,0.0,0.0,0.0,69.21428571428571
rq1_cf,gemma-4-26b-a4b,aegislab,V_NEUTRAL,JVMReturn,2,0.0,0.0,0.0,74.0
rq1_cf,gemma-4-26b-a4b,aegislab,V_NEUTRAL,NetworkBandwidth,2,0.0,0.0,0.0,67.5
rq1_cf,gemma-4-26b-a4b,aegislab,V_NEUTRAL,NetworkCorrupt,3,0.0,0.0,0.0,65.0
rq1_cf,gemma-4-26b-a4b,aegislab,V_NEUTRAL,NetworkDelay,1,0.0,0.0,0.0,73.0
rq1_cf,gemma-4-26b-a4b,aegislab,V_NEUTRAL,NetworkLoss,3,0.0,0.0,0.0,67.66666666666667
rq1_cf,gemma-4-26b-a4b,aegislab,V_NEUTRAL,NetworkPartition,6,0.0,0.0,0.0,68.33333333333333
rq1_cf,gemma-4-26b-a4b,aegislab,V_NEUTRAL,PodFailure,2,0.0,0.0,0.0,69.0
rq1_cf,gemma-4-26b-a4b,aegislab,V_NEUTRAL,PodKill,1,0.0,0.0,0.0,71.0
rq1_cf,gemma-4-26b-a4b,aegislab,V_PLACEBO,ContainerKill,8,0.75,0.75,0.75,98.875
rq1_cf,gemma-4-26b-a4b,aegislab,V_PLACEBO,HTTPRequestAbort,6,0.1666666666666666,0.1666666666666666,0.1666666666666666,100.83333333333331
rq1_cf,gemma-4-26b-a4b,aegislab,V_PLACEBO,HTTPRequestDelay,7,0.0,0.0,0.0,95.14285714285714
rq1_cf,gemma-4-26b-a4b,aegislab,V_PLACEBO,HTTPRequestReplaceMethod,15,0.2666666666666666,0.2666666666666666,0.2666666666666666,108.8
rq1_cf,gemma-4-26b-a4b,aegislab,V_PLACEBO,HTTPRequestReplacePath,1,0.0,0.0,0.0,108.0
rq1_cf,gemma-4-26b-a4b,aegislab,V_PLACEBO,HTTPResponseAbort,3,0.0,0.0,0.0,107.0
rq1_cf,gemma-4-26b-a4b,aegislab,V_PLACEBO,HTTPResponseDelay,7,0.1428571428571428,0.1428571428571428,0.1428571428571428,117.85714285714286
rq1_cf,gemma-4-26b-a4b,aegislab,V_PLACEBO,HTTPResponseReplaceBody,2,0.5,0.5,0.5,107.5
rq1_cf,gemma-4-26b-a4b,aegislab,V_PLACEBO,HTTPResponseReplaceCode,13,0.3076923076923077,0.3076923076923077,0.3076923076923077,110.23076923076924
rq1_cf,gemma-4-26b-a4b,aegislab,V_PLACEBO,JVMException,3,0.6666666666666666,0.6666666666666666,0.6666666666666666,93.33333333333331
rq1_cf,gemma-4-26b-a4b,aegislab,V_PLACEBO,JVMLatency,1,0.0,0.0,0.0,126.0
rq1_cf,gemma-4-26b-a4b,aegislab,V_PLACEBO,JVMMemoryStress,14,1.0,1.0,1.0,109.14285714285714
rq1_cf,gemma-4-26b-a4b,aegislab,V_PLACEBO,JVMReturn,2,1.0,1.0,1.0,82.0
rq1_cf,gemma-4-26b-a4b,aegislab,V_PLACEBO,NetworkBandwidth,2,0.5,0.5,0.5,90.5
rq1_cf,gemma-4-26b-a4b,aegislab,V_PLACEBO,NetworkCorrupt,3,0.0,0.0,0.0,102.0
rq1_cf,gemma-4-26b-a4b,aegislab,V_PLACEBO,NetworkDelay,1,0.0,0.0,0.0,85.0
rq1_cf,gemma-4-26b-a4b,aegislab,V_PLACEBO,NetworkLoss,3,0.3333333333333333,0.3333333333333333,0.3333333333333333,90.0
rq1_cf,gemma-4-26b-a4b,aegislab,V_PLACEBO,NetworkPartition,6,0.0,0.0,0.0,94.16666666666669
rq1_cf,gemma-4-26b-a4b,aegislab,V_PLACEBO,PodFailure,2,1.0,1.0,1.0,102.5
rq1_cf,gemma-4-26b-a4b,aegislab,V_PLACEBO,PodKill,1,1.0,1.0,1.0,120.0
rq1_cf,gemma-4-26b-a4b,aegislab,V_TARGETED,ContainerKill,8,0.375,0.375,0.375,101.125
rq1_cf,gemma-4-26b-a4b,aegislab,V_TARGETED,HTTPRequestAbort,6,0.1666666666666666,0.1666666666666666,0.1666666666666666,104.16666666666669
rq1_cf,gemma-4-26b-a4b,aegislab,V_TARGETED,HTTPRequestDelay,7,0.0,0.0,0.0,101.57142857142856
rq1_cf,gemma-4-26b-a4b,aegislab,V_TARGETED,HTTPRequestReplaceMethod,15,0.2,0.2,0.2,100.2
rq1_cf,gemma-4-26b-a4b,aegislab,V_TARGETED,HTTPRequestReplacePath,1,0.0,0.0,0.0,122.0
rq1_cf,gemma-4-26b-a4b,aegislab,V_TARGETED,HTTPResponseAbort,3,0.3333333333333333,0.3333333333333333,0.3333333333333333,104.66666666666669
rq1_cf,gemma-4-26b-a4b,aegislab,V_TARGETED,HTTPResponseDelay,7,0.1428571428571428,0.1428571428571428,0.1428571428571428,96.85714285714286
rq1_cf,gemma-4-26b-a4b,aegislab,V_TARGETED,HTTPResponseReplaceBody,2,0.0,0.0,0.0,97.0
rq1_cf,gemma-4-26b-a4b,aegislab,V_TARGETED,HTTPResponseReplaceCode,13,0.3076923076923077,0.3076923076923077,0.3076923076923077,105.6923076923077
rq1_cf,gemma-4-26b-a4b,aegislab,V_TARGETED,JVMException,3,0.6666666666666666,0.6666666666666666,0.6666666666666666,91.33333333333331
rq1_cf,gemma-4-26b-a4b,aegislab,V_TARGETED,JVMLatency,1,0.0,0.0,0.0,87.0
rq1_cf,gemma-4-26b-a4b,aegislab,V_TARGETED,JVMMemoryStress,14,0.5714285714285714,0.5714285714285714,0.5714285714285714,98.57142857142856
rq1_cf,gemma-4-26b-a4b,aegislab,V_TARGETED,JVMReturn,2,0.5,0.5,0.5,117.5
rq1_cf,gemma-4-26b-a4b,aegislab,V_TARGETED,NetworkBandwidth,2,0.5,0.5,0.5,92.5
rq1_cf,gemma-4-26b-a4b,aegislab,V_TARGETED,NetworkCorrupt,3,0.0,0.0,0.0,106.66666666666669
rq1_cf,gemma-4-26b-a4b,aegislab,V_TARGETED,NetworkDelay,1,1.0,1.0,1.0,125.0
rq1_cf,gemma-4-26b-a4b,aegislab,V_TARGETED,NetworkLoss,3,0.3333333333333333,0.3333333333333333,0.3333333333333333,104.0
rq1_cf,gemma-4-26b-a4b,aegislab,V_TARGETED,NetworkPartition,6,0.1666666666666666,0.1666666666666666,0.1666666666666666,94.0
rq1_cf,gemma-4-26b-a4b,aegislab,V_TARGETED,PodFailure,2,1.0,1.0,1.0,93.0
rq1_cf,gemma-4-26b-a4b,aegislab,V_TARGETED,PodKill,1,0.0,0.0,0.0,106.0
rq1_cf,gemma-4-26b-a4b,aiops2022,V_FACTUAL,k8s容器cpu负载,9,0.3333333333333333,0.3333333333333333,0.3333333333333333,99.88888888888889
rq1_cf,gemma-4-26b-a4b,aiops2022,V_FACTUAL,k8s容器内存负载,8,0.0,0.0,0.0,96.25
rq1_cf,gemma-4-26b-a4b,aiops2022,V_FACTUAL,k8s容器写io负载,4,0.25,0.25,0.25,115.0
rq1_cf,gemma-4-26b-a4b,aiops2022,V_FACTUAL,k8s容器网络丢包,9,0.0555555555555555,0.0,0.1111111111111111,108.66666666666669
rq1_cf,gemma-4-26b-a4b,aiops2022,V_FACTUAL,k8s容器网络延迟,10,0.0,0.0,0.0,107.7
rq1_cf,gemma-4-26b-a4b,aiops2022,V_FACTUAL,k8s容器网络资源包损坏,10,0.2,0.2,0.2,104.6
rq1_cf,gemma-4-26b-a4b,aiops2022,V_FACTUAL,k8s容器网络资源包重复发送,7,0.0,0.0,0.0,98.85714285714286
rq1_cf,gemma-4-26b-a4b,aiops2022,V_FACTUAL,k8s容器读io负载,9,0.2222222222222222,0.2222222222222222,0.2222222222222222,102.22222222222224
rq1_cf,gemma-4-26b-a4b,aiops2022,V_FACTUAL,k8s容器进程中止,5,0.2,0.2,0.2,107.4
rq1_cf,gemma-4-26b-a4b,aiops2022,V_FACTUAL,node 内存消耗,5,0.0,0.0,0.0,100.2
rq1_cf,gemma-4-26b-a4b,aiops2022,V_FACTUAL,node 磁盘写IO消耗,6,0.1666666666666666,0.1666666666666666,0.1666666666666666,97.33333333333331
rq1_cf,gemma-4-26b-a4b,aiops2022,V_FACTUAL,node 磁盘空间消耗,5,0.8,0.8,0.8,98.4
rq1_cf,gemma-4-26b-a4b,aiops2022,V_FACTUAL,node 磁盘读IO消耗,5,0.0,0.0,0.0,94.4
rq1_cf,gemma-4-26b-a4b,aiops2022,V_FACTUAL,node节点CPU故障,5,0.2,0.2,0.2,97.4
rq1_cf,gemma-4-26b-a4b,aiops2022,V_FACTUAL,node节点CPU爬升,3,0.0,0.0,0.0,100.33333333333331
rq1_cf,gemma-4-26b-a4b,aiops2022,V_NEUTRAL,k8s容器cpu负载,9,0.1111111111111111,0.1111111111111111,0.1111111111111111,70.22222222222223
rq1_cf,gemma-4-26b-a4b,aiops2022,V_NEUTRAL,k8s容器内存负载,8,0.0,0.0,0.0,60.75
rq1_cf,gemma-4-26b-a4b,aiops2022,V_NEUTRAL,k8s容器写io负载,4,0.0,0.0,0.0,65.25
rq1_cf,gemma-4-26b-a4b,aiops2022,V_NEUTRAL,k8s容器网络丢包,9,0.0,0.0,0.0,69.22222222222223
rq1_cf,gemma-4-26b-a4b,aiops2022,V_NEUTRAL,k8s容器网络延迟,10,0.1,0.1,0.1,67.6
rq1_cf,gemma-4-26b-a4b,aiops2022,V_NEUTRAL,k8s容器网络资源包损坏,10,0.0,0.0,0.0,66.4
rq1_cf,gemma-4-26b-a4b,aiops2022,V_NEUTRAL,k8s容器网络资源包重复发送,7,0.0,0.0,0.0,62.57142857142857
rq1_cf,gemma-4-26b-a4b,aiops2022,V_NEUTRAL,k8s容器读io负载,9,0.1111111111111111,0.1111111111111111,0.1111111111111111,70.88888888888889
rq1_cf,gemma-4-26b-a4b,aiops2022,V_NEUTRAL,k8s容器进程中止,5,0.0,0.0,0.0,70.4
rq1_cf,gemma-4-26b-a4b,aiops2022,V_NEUTRAL,node 内存消耗,5,0.0,0.0,0.0,71.6
rq1_cf,gemma-4-26b-a4b,aiops2022,V_NEUTRAL,node 磁盘写IO消耗,6,0.0,0.0,0.0,67.83333333333333
rq1_cf,gemma-4-26b-a4b,aiops2022,V_NEUTRAL,node 磁盘空间消耗,5,0.0,0.0,0.0,65.2
rq1_cf,gemma-4-26b-a4b,aiops2022,V_NEUTRAL,node 磁盘读IO消耗,5,0.0,0.0,0.0,64.2
rq1_cf,gemma-4-26b-a4b,aiops2022,V_NEUTRAL,node节点CPU故障,5,0.0,0.0,0.0,70.6
rq1_cf,gemma-4-26b-a4b,aiops2022,V_NEUTRAL,node节点CPU爬升,3,0.0,0.0,0.0,62.0
rq1_cf,gemma-4-26b-a4b,aiops2022,V_PLACEBO,k8s容器cpu负载,9,0.3333333333333333,0.3333333333333333,0.3333333333333333,112.0
rq1_cf,gemma-4-26b-a4b,aiops2022,V_PLACEBO,k8s容器内存负载,8,0.0,0.0,0.0,95.25
rq1_cf,gemma-4-26b-a4b,aiops2022,V_PLACEBO,k8s容器写io负载,4,0.0,0.0,0.0,98.75
rq1_cf,gemma-4-26b-a4b,aiops2022,V_PLACEBO,k8s容器网络丢包,9,0.0555555555555555,0.0,0.1111111111111111,111.44444444444444
rq1_cf,gemma-4-26b-a4b,aiops2022,V_PLACEBO,k8s容器网络延迟,10,0.0,0.0,0.0,97.1
rq1_cf,gemma-4-26b-a4b,aiops2022,V_PLACEBO,k8s容器网络资源包损坏,10,0.2,0.2,0.2,103.3
rq1_cf,gemma-4-26b-a4b,aiops2022,V_PLACEBO,k8s容器网络资源包重复发送,7,0.0,0.0,0.0,100.42857142857144
rq1_cf,gemma-4-26b-a4b,aiops2022,V_PLACEBO,k8s容器读io负载,9,0.2222222222222222,0.2222222222222222,0.2222222222222222,100.55555555555556
rq1_cf,gemma-4-26b-a4b,aiops2022,V_PLACEBO,k8s容器进程中止,5,0.2,0.2,0.2,103.2
rq1_cf,gemma-4-26b-a4b,aiops2022,V_PLACEBO,node 内存消耗,5,0.0,0.0,0.0,99.6
rq1_cf,gemma-4-26b-a4b,aiops2022,V_PLACEBO,node 磁盘写IO消耗,6,0.1666666666666666,0.1666666666666666,0.1666666666666666,112.5
rq1_cf,gemma-4-26b-a4b,aiops2022,V_PLACEBO,node 磁盘空间消耗,5,0.6,0.6,0.6,96.2
rq1_cf,gemma-4-26b-a4b,aiops2022,V_PLACEBO,node 磁盘读IO消耗,5,0.0,0.0,0.0,104.2
rq1_cf,gemma-4-26b-a4b,aiops2022,V_PLACEBO,node节点CPU故障,5,0.2,0.2,0.2,92.8
rq1_cf,gemma-4-26b-a4b,aiops2022,V_PLACEBO,node节点CPU爬升,3,0.0,0.0,0.0,104.33333333333331
rq1_cf,gemma-4-26b-a4b,aiops2022,V_TARGETED,k8s容器cpu负载,9,0.3333333333333333,0.3333333333333333,0.3333333333333333,108.77777777777776
rq1_cf,gemma-4-26b-a4b,aiops2022,V_TARGETED,k8s容器内存负载,8,0.125,0.125,0.125,98.0
rq1_cf,gemma-4-26b-a4b,aiops2022,V_TARGETED,k8s容器写io负载,4,0.25,0.25,0.25,106.25
rq1_cf,gemma-4-26b-a4b,aiops2022,V_TARGETED,k8s容器网络丢包,9,0.1111111111111111,0.1111111111111111,0.1111111111111111,110.77777777777776
rq1_cf,gemma-4-26b-a4b,aiops2022,V_TARGETED,k8s容器网络延迟,10,0.0,0.0,0.0,109.9
rq1_cf,gemma-4-26b-a4b,aiops2022,V_TARGETED,k8s容器网络资源包损坏,10,0.2,0.2,0.2,88.8
rq1_cf,gemma-4-26b-a4b,aiops2022,V_TARGETED,k8s容器网络资源包重复发送,7,0.0,0.0,0.0,99.71428571428572
rq1_cf,gemma-4-26b-a4b,aiops2022,V_TARGETED,k8s容器读io负载,9,0.1111111111111111,0.1111111111111111,0.1111111111111111,101.22222222222224
rq1_cf,gemma-4-26b-a4b,aiops2022,V_TARGETED,k8s容器进程中止,5,0.2,0.2,0.2,98.2
rq1_cf,gemma-4-26b-a4b,aiops2022,V_TARGETED,node 内存消耗,5,0.0,0.0,0.0,114.4
rq1_cf,gemma-4-26b-a4b,aiops2022,V_TARGETED,node 磁盘写IO消耗,6,0.1666666666666666,0.1666666666666666,0.1666666666666666,94.83333333333331
rq1_cf,gemma-4-26b-a4b,aiops2022,V_TARGETED,node 磁盘空间消耗,5,0.8,0.8,0.8,102.6
rq1_cf,gemma-4-26b-a4b,aiops2022,V_TARGETED,node 磁盘读IO消耗,5,0.0,0.0,0.0,93.2
rq1_cf,gemma-4-26b-a4b,aiops2022,V_TARGETED,node节点CPU故障,5,0.2,0.2,0.2,91.2
rq1_cf,gemma-4-26b-a4b,aiops2022,V_TARGETED,node节点CPU爬升,3,0.0,0.0,0.0,112.33333333333331
rq1_cf,gemma-4-26b-a4b,aiops2025,V_FACTUAL,code error,2,0.0,0.0,0.0,88.5
rq1_cf,gemma-4-26b-a4b,aiops2025,V_FACTUAL,cpu stress,8,0.125,0.125,0.125,95.125
rq1_cf,gemma-4-26b-a4b,aiops2025,V_FACTUAL,dns error,5,0.0,0.0,0.0,97.2
rq1_cf,gemma-4-26b-a4b,aiops2025,V_FACTUAL,io fault,5,0.4,0.4,0.4,98.2
rq1_cf,gemma-4-26b-a4b,aiops2025,V_FACTUAL,jvm cpu,3,0.0,0.0,0.0,93.66666666666669
rq1_cf,gemma-4-26b-a4b,aiops2025,V_FACTUAL,jvm exception,5,0.2,0.2,0.2,96.8
rq1_cf,gemma-4-26b-a4b,aiops2025,V_FACTUAL,jvm gc,2,0.0,0.0,0.0,102.0
rq1_cf,gemma-4-26b-a4b,aiops2025,V_FACTUAL,jvm latency,5,0.0,0.0,0.0,99.4
rq1_cf,gemma-4-26b-a4b,aiops2025,V_FACTUAL,memory stress,6,0.1666666666666666,0.1666666666666666,0.1666666666666666,90.5
rq1_cf,gemma-4-26b-a4b,aiops2025,V_FACTUAL,network corrupt,7,0.7142857142857143,0.7142857142857143,0.7142857142857143,106.71428571428572
rq1_cf,gemma-4-26b-a4b,aiops2025,V_FACTUAL,network delay,7,0.1428571428571428,0.1428571428571428,0.1428571428571428,91.28571428571428
rq1_cf,gemma-4-26b-a4b,aiops2025,V_FACTUAL,network loss,5,0.6,0.6,0.6,108.0
rq1_cf,gemma-4-26b-a4b,aiops2025,V_FACTUAL,node cpu stress,6,0.1666666666666666,0.1666666666666666,0.1666666666666666,105.0
rq1_cf,gemma-4-26b-a4b,aiops2025,V_FACTUAL,node disk fill,4,0.25,0.25,0.25,83.25
rq1_cf,gemma-4-26b-a4b,aiops2025,V_FACTUAL,node memory stress,12,0.25,0.25,0.25,100.33333333333331
rq1_cf,gemma-4-26b-a4b,aiops2025,V_FACTUAL,pod failure,13,0.0,0.0,0.0,104.0
rq1_cf,gemma-4-26b-a4b,aiops2025,V_FACTUAL,pod kill,2,0.0,0.0,0.0,112.5
rq1_cf,gemma-4-26b-a4b,aiops2025,V_FACTUAL,target port misconfig,3,0.0,0.0,0.0,116.0
rq1_cf,gemma-4-26b-a4b,aiops2025,V_NEUTRAL,code error,2,0.0,0.0,0.0,61.5
rq1_cf,gemma-4-26b-a4b,aiops2025,V_NEUTRAL,cpu stress,8,0.125,0.125,0.125,66.5
rq1_cf,gemma-4-26b-a4b,aiops2025,V_NEUTRAL,dns error,5,0.2,0.2,0.2,68.4
rq1_cf,gemma-4-26b-a4b,aiops2025,V_NEUTRAL,io fault,5,0.0,0.0,0.0,61.0
rq1_cf,gemma-4-26b-a4b,aiops2025,V_NEUTRAL,jvm cpu,3,0.0,0.0,0.0,56.333333333333336
rq1_cf,gemma-4-26b-a4b,aiops2025,V_NEUTRAL,jvm exception,5,0.0,0.0,0.0,63.8
rq1_cf,gemma-4-26b-a4b,aiops2025,V_NEUTRAL,jvm gc,2,0.0,0.0,0.0,58.0
rq1_cf,gemma-4-26b-a4b,aiops2025,V_NEUTRAL,jvm latency,5,0.0,0.0,0.0,63.8
rq1_cf,gemma-4-26b-a4b,aiops2025,V_NEUTRAL,memory stress,6,0.3333333333333333,0.3333333333333333,0.3333333333333333,58.833333333333336
rq1_cf,gemma-4-26b-a4b,aiops2025,V_NEUTRAL,network corrupt,7,0.0,0.0,0.0,65.28571428571429
rq1_cf,gemma-4-26b-a4b,aiops2025,V_NEUTRAL,network delay,7,0.2857142857142857,0.2857142857142857,0.2857142857142857,64.85714285714286
rq1_cf,gemma-4-26b-a4b,aiops2025,V_NEUTRAL,network loss,5,0.0,0.0,0.0,66.4
rq1_cf,gemma-4-26b-a4b,aiops2025,V_NEUTRAL,node cpu stress,6,0.0,0.0,0.0,66.5
rq1_cf,gemma-4-26b-a4b,aiops2025,V_NEUTRAL,node disk fill,4,0.0,0.0,0.0,67.25
rq1_cf,gemma-4-26b-a4b,aiops2025,V_NEUTRAL,node memory stress,12,0.0,0.0,0.0,63.16666666666666
rq1_cf,gemma-4-26b-a4b,aiops2025,V_NEUTRAL,pod failure,13,0.0769230769230769,0.0769230769230769,0.0769230769230769,65.0
rq1_cf,gemma-4-26b-a4b,aiops2025,V_NEUTRAL,pod kill,2,0.0,0.0,0.0,64.5
rq1_cf,gemma-4-26b-a4b,aiops2025,V_NEUTRAL,target port misconfig,3,0.0,0.0,0.0,63.66666666666666
rq1_cf,gemma-4-26b-a4b,aiops2025,V_PLACEBO,code error,2,0.0,0.0,0.0,89.0
rq1_cf,gemma-4-26b-a4b,aiops2025,V_PLACEBO,cpu stress,8,0.0,0.0,0.0,101.875
rq1_cf,gemma-4-26b-a4b,aiops2025,V_PLACEBO,dns error,5,0.0,0.0,0.0,88.4
rq1_cf,gemma-4-26b-a4b,aiops2025,V_PLACEBO,io fault,5,0.4,0.4,0.4,104.2
rq1_cf,gemma-4-26b-a4b,aiops2025,V_PLACEBO,jvm cpu,3,0.0,0.0,0.0,86.0
rq1_cf,gemma-4-26b-a4b,aiops2025,V_PLACEBO,jvm exception,5,0.2,0.2,0.2,97.0
rq1_cf,gemma-4-26b-a4b,aiops2025,V_PLACEBO,jvm gc,2,0.0,0.0,0.0,86.0
rq1_cf,gemma-4-26b-a4b,aiops2025,V_PLACEBO,jvm latency,5,0.0,0.0,0.0,99.8
rq1_cf,gemma-4-26b-a4b,aiops2025,V_PLACEBO,memory stress,6,0.1666666666666666,0.1666666666666666,0.1666666666666666,97.33333333333331
rq1_cf,gemma-4-26b-a4b,aiops2025,V_PLACEBO,network corrupt,7,0.5714285714285714,0.5714285714285714,0.5714285714285714,105.28571428571428
rq1_cf,gemma-4-26b-a4b,aiops2025,V_PLACEBO,network delay,7,0.0,0.0,0.0,93.57142857142856
rq1_cf,gemma-4-26b-a4b,aiops2025,V_PLACEBO,network loss,5,0.6,0.6,0.6,93.8
rq1_cf,gemma-4-26b-a4b,aiops2025,V_PLACEBO,node cpu stress,6,0.1666666666666666,0.1666666666666666,0.1666666666666666,94.33333333333331
rq1_cf,gemma-4-26b-a4b,aiops2025,V_PLACEBO,node disk fill,4,0.25,0.25,0.25,98.75
rq1_cf,gemma-4-26b-a4b,aiops2025,V_PLACEBO,node memory stress,12,0.25,0.25,0.25,93.58333333333331
rq1_cf,gemma-4-26b-a4b,aiops2025,V_PLACEBO,pod failure,13,0.0,0.0,0.0,98.46153846153848
rq1_cf,gemma-4-26b-a4b,aiops2025,V_PLACEBO,pod kill,2,0.0,0.0,0.0,93.0
rq1_cf,gemma-4-26b-a4b,aiops2025,V_PLACEBO,target port misconfig,3,0.0,0.0,0.0,81.0
rq1_cf,gemma-4-26b-a4b,aiops2025,V_TARGETED,code error,2,0.0,0.0,0.0,86.0
rq1_cf,gemma-4-26b-a4b,aiops2025,V_TARGETED,cpu stress,8,0.125,0.125,0.125,100.875
rq1_cf,gemma-4-26b-a4b,aiops2025,V_TARGETED,dns error,5,0.0,0.0,0.0,91.6
rq1_cf,gemma-4-26b-a4b,aiops2025,V_TARGETED,io fault,5,0.2,0.2,0.2,111.2
rq1_cf,gemma-4-26b-a4b,aiops2025,V_TARGETED,jvm cpu,3,0.3333333333333333,0.3333333333333333,0.3333333333333333,85.33333333333333
rq1_cf,gemma-4-26b-a4b,aiops2025,V_TARGETED,jvm exception,5,0.2,0.2,0.2,96.4
rq1_cf,gemma-4-26b-a4b,aiops2025,V_TARGETED,jvm gc,2,0.0,0.0,0.0,92.5
rq1_cf,gemma-4-26b-a4b,aiops2025,V_TARGETED,jvm latency,5,0.0,0.0,0.0,102.4
rq1_cf,gemma-4-26b-a4b,aiops2025,V_TARGETED,memory stress,6,0.0,0.0,0.0,94.66666666666669
rq1_cf,gemma-4-26b-a4b,aiops2025,V_TARGETED,network corrupt,7,0.4285714285714285,0.4285714285714285,0.4285714285714285,91.42857142857144
rq1_cf,gemma-4-26b-a4b,aiops2025,V_TARGETED,network delay,7,0.1428571428571428,0.1428571428571428,0.1428571428571428,98.71428571428572
rq1_cf,gemma-4-26b-a4b,aiops2025,V_TARGETED,network loss,5,0.4,0.4,0.4,103.2
rq1_cf,gemma-4-26b-a4b,aiops2025,V_TARGETED,node cpu stress,6,0.0,0.0,0.0,103.5
rq1_cf,gemma-4-26b-a4b,aiops2025,V_TARGETED,node disk fill,4,0.5,0.5,0.5,87.5
rq1_cf,gemma-4-26b-a4b,aiops2025,V_TARGETED,node memory stress,12,0.25,0.25,0.25,99.58333333333331
rq1_cf,gemma-4-26b-a4b,aiops2025,V_TARGETED,pod failure,13,0.0,0.0,0.0,96.3076923076923
rq1_cf,gemma-4-26b-a4b,aiops2025,V_TARGETED,pod kill,2,0.0,0.0,0.0,100.0
rq1_cf,gemma-4-26b-a4b,aiops2025,V_TARGETED,target port misconfig,3,0.0,0.0,0.0,101.66666666666669
rq1_cf,gemma-4-26b-a4b,re2_ob,V_FACTUAL,cpu,15,0.5333333333333333,0.5333333333333333,0.5333333333333333,94.13333333333334
rq1_cf,gemma-4-26b-a4b,re2_ob,V_FACTUAL,delay,15,0.3333333333333333,0.3333333333333333,0.3333333333333333,109.6
rq1_cf,gemma-4-26b-a4b,re2_ob,V_FACTUAL,disk,15,0.7666666666666667,0.7333333333333333,0.8,111.86666666666666
rq1_cf,gemma-4-26b-a4b,re2_ob,V_FACTUAL,loss,15,0.6,0.6,0.6,106.2
rq1_cf,gemma-4-26b-a4b,re2_ob,V_FACTUAL,mem,15,0.8,0.8,0.8,102.53333333333332
rq1_cf,gemma-4-26b-a4b,re2_ob,V_FACTUAL,socket,15,0.6,0.6,0.6,97.73333333333332
rq1_cf,gemma-4-26b-a4b,re2_ob,V_NEUTRAL,cpu,15,0.2,0.2,0.2,71.53333333333333
rq1_cf,gemma-4-26b-a4b,re2_ob,V_NEUTRAL,delay,15,0.1333333333333333,0.1333333333333333,0.1333333333333333,71.06666666666666
rq1_cf,gemma-4-26b-a4b,re2_ob,V_NEUTRAL,disk,15,0.0666666666666666,0.0666666666666666,0.0666666666666666,69.6
rq1_cf,gemma-4-26b-a4b,re2_ob,V_NEUTRAL,loss,15,0.0666666666666666,0.0666666666666666,0.0666666666666666,70.33333333333333
rq1_cf,gemma-4-26b-a4b,re2_ob,V_NEUTRAL,mem,15,0.0,0.0,0.0,70.6
rq1_cf,gemma-4-26b-a4b,re2_ob,V_NEUTRAL,socket,15,0.0666666666666666,0.0666666666666666,0.0666666666666666,73.8
rq1_cf,gemma-4-26b-a4b,re2_ob,V_PLACEBO,cpu,15,0.4666666666666667,0.4666666666666667,0.4666666666666667,96.93333333333334
rq1_cf,gemma-4-26b-a4b,re2_ob,V_PLACEBO,delay,15,0.2666666666666666,0.2666666666666666,0.2666666666666666,103.53333333333332
rq1_cf,gemma-4-26b-a4b,re2_ob,V_PLACEBO,disk,15,0.8,0.8,0.8,100.53333333333332
rq1_cf,gemma-4-26b-a4b,re2_ob,V_PLACEBO,loss,15,0.6666666666666666,0.6666666666666666,0.6666666666666666,105.26666666666668
rq1_cf,gemma-4-26b-a4b,re2_ob,V_PLACEBO,mem,15,0.7333333333333333,0.7333333333333333,0.7333333333333333,97.33333333333331
rq1_cf,gemma-4-26b-a4b,re2_ob,V_PLACEBO,socket,15,0.6,0.6,0.6,108.93333333333334
rq1_cf,gemma-4-26b-a4b,re2_ob,V_TARGETED,cpu,15,0.4666666666666667,0.4666666666666667,0.4666666666666667,99.2
rq1_cf,gemma-4-26b-a4b,re2_ob,V_TARGETED,delay,15,0.0666666666666666,0.0666666666666666,0.0666666666666666,107.26666666666668
rq1_cf,gemma-4-26b-a4b,re2_ob,V_TARGETED,disk,15,0.4666666666666667,0.4666666666666667,0.4666666666666667,105.93333333333334
rq1_cf,gemma-4-26b-a4b,re2_ob,V_TARGETED,loss,15,0.5333333333333333,0.5333333333333333,0.5333333333333333,99.6
rq1_cf,gemma-4-26b-a4b,re2_ob,V_TARGETED,mem,15,0.6,0.6,0.6,99.26666666666668
rq1_cf,gemma-4-26b-a4b,re2_ob,V_TARGETED,socket,15,0.4666666666666667,0.4666666666666667,0.4666666666666667,113.53333333333332
rq1_cf,gemma-4-26b-a4b,re2_tt,V_FACTUAL,cpu,15,0.4666666666666667,0.4666666666666667,0.4666666666666667,105.06666666666666
rq1_cf,gemma-4-26b-a4b,re2_tt,V_FACTUAL,delay,15,0.3333333333333333,0.3333333333333333,0.3333333333333333,98.4
rq1_cf,gemma-4-26b-a4b,re2_tt,V_FACTUAL,disk,15,0.8,0.8,0.8,98.26666666666668
rq1_cf,gemma-4-26b-a4b,re2_tt,V_FACTUAL,loss,15,0.1333333333333333,0.1333333333333333,0.1333333333333333,101.0
rq1_cf,gemma-4-26b-a4b,re2_tt,V_FACTUAL,mem,15,0.6,0.6,0.6,103.73333333333332
rq1_cf,gemma-4-26b-a4b,re2_tt,V_FACTUAL,socket,15,0.3333333333333333,0.3333333333333333,0.3333333333333333,106.06666666666666
rq1_cf,gemma-4-26b-a4b,re2_tt,V_NEUTRAL,cpu,15,0.0,0.0,0.0,72.0
rq1_cf,gemma-4-26b-a4b,re2_tt,V_NEUTRAL,delay,15,0.0,0.0,0.0,71.66666666666667
rq1_cf,gemma-4-26b-a4b,re2_tt,V_NEUTRAL,disk,15,0.0,0.0,0.0,70.4
rq1_cf,gemma-4-26b-a4b,re2_tt,V_NEUTRAL,loss,15,0.0,0.0,0.0,65.4
rq1_cf,gemma-4-26b-a4b,re2_tt,V_NEUTRAL,mem,15,0.0,0.0,0.0,70.26666666666667
rq1_cf,gemma-4-26b-a4b,re2_tt,V_NEUTRAL,socket,15,0.0,0.0,0.0,71.6
rq1_cf,gemma-4-26b-a4b,re2_tt,V_PLACEBO,cpu,15,0.5333333333333333,0.5333333333333333,0.5333333333333333,103.06666666666666
rq1_cf,gemma-4-26b-a4b,re2_tt,V_PLACEBO,delay,15,0.3333333333333333,0.3333333333333333,0.3333333333333333,106.8
rq1_cf,gemma-4-26b-a4b,re2_tt,V_PLACEBO,disk,15,0.6666666666666666,0.6666666666666666,0.6666666666666666,105.4
rq1_cf,gemma-4-26b-a4b,re2_tt,V_PLACEBO,loss,15,0.1333333333333333,0.1333333333333333,0.1333333333333333,102.2
rq1_cf,gemma-4-26b-a4b,re2_tt,V_PLACEBO,mem,15,0.6,0.6,0.6,103.46666666666668
rq1_cf,gemma-4-26b-a4b,re2_tt,V_PLACEBO,socket,15,0.4,0.4,0.4,98.13333333333334
rq1_cf,gemma-4-26b-a4b,re2_tt,V_TARGETED,cpu,15,0.2,0.2,0.2,103.93333333333334
rq1_cf,gemma-4-26b-a4b,re2_tt,V_TARGETED,delay,15,0.1333333333333333,0.1333333333333333,0.1333333333333333,105.33333333333331
rq1_cf,gemma-4-26b-a4b,re2_tt,V_TARGETED,disk,15,0.2666666666666666,0.2666666666666666,0.2666666666666666,101.46666666666668
rq1_cf,gemma-4-26b-a4b,re2_tt,V_TARGETED,loss,15,0.2666666666666666,0.2666666666666666,0.2666666666666666,103.4
rq1_cf,gemma-4-26b-a4b,re2_tt,V_TARGETED,mem,15,0.2666666666666666,0.2666666666666666,0.2666666666666666,102.86666666666666
rq1_cf,gemma-4-26b-a4b,re2_tt,V_TARGETED,socket,15,0.1333333333333333,0.1333333333333333,0.1333333333333333,99.06666666666666
rq1_cf,qwen3.8-27b,aegislab,V_FACTUAL,ContainerKill,8,0.875,0.75,1.0,172.5
rq1_cf,qwen3.8-27b,aegislab,V_FACTUAL,HTTPRequestAbort,6,0.1666666666666666,0.0,0.3333333333333333,184.66666666666663
rq1_cf,qwen3.8-27b,aegislab,V_FACTUAL,HTTPRequestDelay,7,0.119047619047619,0.0,0.2857142857142857,191.14285714285717
rq1_cf,qwen3.8-27b,aegislab,V_FACTUAL,HTTPRequestReplaceMethod,15,0.4333333333333333,0.3333333333333333,0.6,189.8
rq1_cf,qwen3.8-27b,aegislab,V_FACTUAL,HTTPRequestReplacePath,1,0.25,0.0,1.0,140.0
rq1_cf,qwen3.8-27b,aegislab,V_FACTUAL,HTTPResponseAbort,3,0.3333333333333333,0.3333333333333333,0.3333333333333333,163.66666666666666
rq1_cf,qwen3.8-27b,aegislab,V_FACTUAL,HTTPResponseDelay,7,0.2619047619047619,0.1428571428571428,0.4285714285714285,158.85714285714286
rq1_cf,qwen3.8-27b,aegislab,V_FACTUAL,HTTPResponseReplaceBody,2,0.25,0.0,0.5,163.5
rq1_cf,qwen3.8-27b,aegislab,V_FACTUAL,HTTPResponseReplaceCode,13,0.2692307692307692,0.1538461538461538,0.3846153846153846,194.0
rq1_cf,qwen3.8-27b,aegislab,V_FACTUAL,JVMException,3,0.6666666666666666,0.6666666666666666,0.6666666666666666,162.66666666666666
rq1_cf,qwen3.8-27b,aegislab,V_FACTUAL,JVMLatency,1,0.3333333333333333,0.0,1.0,149.0
rq1_cf,qwen3.8-27b,aegislab,V_FACTUAL,JVMMemoryStress,14,0.7142857142857143,0.6428571428571429,0.7857142857142857,164.85714285714286
rq1_cf,qwen3.8-27b,aegislab,V_FACTUAL,JVMReturn,2,0.1666666666666666,0.0,0.5,165.0
rq1_cf,qwen3.8-27b,aegislab,V_FACTUAL,NetworkBandwidth,2,0.75,0.5,1.0,186.0
rq1_cf,qwen3.8-27b,aegislab,V_FACTUAL,NetworkCorrupt,3,0.3333333333333333,0.3333333333333333,0.3333333333333333,144.66666666666666
rq1_cf,qwen3.8-27b,aegislab,V_FACTUAL,NetworkDelay,1,1.0,1.0,1.0,180.0
rq1_cf,qwen3.8-27b,aegislab,V_FACTUAL,NetworkLoss,3,0.1111111111111111,0.0,0.3333333333333333,218.66666666666663
rq1_cf,qwen3.8-27b,aegislab,V_FACTUAL,NetworkPartition,6,0.1666666666666666,0.0,0.3333333333333333,201.16666666666663
rq1_cf,qwen3.8-27b,aegislab,V_FACTUAL,PodFailure,2,1.0,1.0,1.0,280.0
rq1_cf,qwen3.8-27b,aegislab,V_FACTUAL,PodKill,1,0.5,0.0,1.0,136.0
rq1_cf,qwen3.8-27b,aegislab,V_NEUTRAL,ContainerKill,8,0.0,0.0,0.0,104.625
rq1_cf,qwen3.8-27b,aegislab,V_NEUTRAL,HTTPRequestAbort,6,0.1666666666666666,0.1666666666666666,0.1666666666666666,96.5
rq1_cf,qwen3.8-27b,aegislab,V_NEUTRAL,HTTPRequestDelay,7,0.0,0.0,0.0,104.85714285714286
rq1_cf,qwen3.8-27b,aegislab,V_NEUTRAL,HTTPRequestReplaceMethod,15,0.1333333333333333,0.1333333333333333,0.1333333333333333,107.06666666666666
rq1_cf,qwen3.8-27b,aegislab,V_NEUTRAL,HTTPRequestReplacePath,1,0.0,0.0,0.0,94.0
rq1_cf,qwen3.8-27b,aegislab,V_NEUTRAL,HTTPResponseAbort,3,0.0,0.0,0.0,111.0
rq1_cf,qwen3.8-27b,aegislab,V_NEUTRAL,HTTPResponseDelay,7,0.0,0.0,0.0,107.28571428571428
rq1_cf,qwen3.8-27b,aegislab,V_NEUTRAL,HTTPResponseReplaceBody,2,0.0,0.0,0.0,102.0
rq1_cf,qwen3.8-27b,aegislab,V_NEUTRAL,HTTPResponseReplaceCode,13,0.1538461538461538,0.0769230769230769,0.2307692307692307,103.0
rq1_cf,qwen3.8-27b,aegislab,V_NEUTRAL,JVMException,3,0.0,0.0,0.0,101.33333333333331
rq1_cf,qwen3.8-27b,aegislab,V_NEUTRAL,JVMLatency,1,0.0,0.0,0.0,85.0
rq1_cf,qwen3.8-27b,aegislab,V_NEUTRAL,JVMMemoryStress,14,0.0,0.0,0.0,111.71428571428572
rq1_cf,qwen3.8-27b,aegislab,V_NEUTRAL,JVMReturn,2,0.0,0.0,0.0,131.0
rq1_cf,qwen3.8-27b,aegislab,V_NEUTRAL,NetworkBandwidth,2,0.0,0.0,0.0,128.5
rq1_cf,qwen3.8-27b,aegislab,V_NEUTRAL,NetworkCorrupt,3,0.1666666666666666,0.0,0.3333333333333333,110.33333333333331
rq1_cf,qwen3.8-27b,aegislab,V_NEUTRAL,NetworkDelay,1,0.0,0.0,0.0,121.0
rq1_cf,qwen3.8-27b,aegislab,V_NEUTRAL,NetworkLoss,3,0.0,0.0,0.0,109.0
rq1_cf,qwen3.8-27b,aegislab,V_NEUTRAL,NetworkPartition,6,0.1388888888888888,0.0,0.3333333333333333,96.16666666666669
rq1_cf,qwen3.8-27b,aegislab,V_NEUTRAL,PodFailure,2,0.0,0.0,0.0,120.0
rq1_cf,qwen3.8-27b,aegislab,V_NEUTRAL,PodKill,1,0.0,0.0,0.0,96.0
rq1_cf,qwen3.8-27b,aegislab,V_PLACEBO,ContainerKill,8,0.625,0.5,0.75,183.5
rq1_cf,qwen3.8-27b,aegislab,V_PLACEBO,HTTPRequestAbort,6,0.1666666666666666,0.0,0.3333333333333333,202.33333333333331
rq1_cf,qwen3.8-27b,aegislab,V_PLACEBO,HTTPRequestDelay,7,0.0714285714285714,0.0,0.1428571428571428,176.14285714285714
rq1_cf,qwen3.8-27b,aegislab,V_PLACEBO,HTTPRequestReplaceMethod,15,0.4222222222222222,0.2666666666666666,0.6666666666666666,163.13333333333333
rq1_cf,qwen3.8-27b,aegislab,V_PLACEBO,HTTPRequestReplacePath,1,0.25,0.0,1.0,171.0
rq1_cf,qwen3.8-27b,aegislab,V_PLACEBO,HTTPResponseAbort,3,0.3333333333333333,0.3333333333333333,0.3333333333333333,189.66666666666663
rq1_cf,qwen3.8-27b,aegislab,V_PLACEBO,HTTPResponseDelay,7,0.3571428571428571,0.2857142857142857,0.4285714285714285,202.8571428571429
rq1_cf,qwen3.8-27b,aegislab,V_PLACEBO,HTTPResponseReplaceBody,2,0.25,0.0,0.5,189.5
rq1_cf,qwen3.8-27b,aegislab,V_PLACEBO,HTTPResponseReplaceCode,13,0.2564102564102564,0.1538461538461538,0.3846153846153846,169.6153846153846
rq1_cf,qwen3.8-27b,aegislab,V_PLACEBO,JVMException,3,0.6666666666666666,0.6666666666666666,0.6666666666666666,194.66666666666663
rq1_cf,qwen3.8-27b,aegislab,V_PLACEBO,JVMLatency,1,0.3333333333333333,0.0,1.0,151.0
rq1_cf,qwen3.8-27b,aegislab,V_PLACEBO,JVMMemoryStress,14,0.7023809523809524,0.6428571428571429,0.7857142857142857,176.5
rq1_cf,qwen3.8-27b,aegislab,V_PLACEBO,JVMReturn,2,0.5,0.5,0.5,208.0
rq1_cf,qwen3.8-27b,aegislab,V_PLACEBO,NetworkBandwidth,2,0.5,0.5,0.5,186.5
rq1_cf,qwen3.8-27b,aegislab,V_PLACEBO,NetworkCorrupt,3,0.3333333333333333,0.3333333333333333,0.3333333333333333,140.66666666666666
rq1_cf,qwen3.8-27b,aegislab,V_PLACEBO,NetworkDelay,1,1.0,1.0,1.0,154.0
rq1_cf,qwen3.8-27b,aegislab,V_PLACEBO,NetworkLoss,3,0.1666666666666666,0.0,0.3333333333333333,186.66666666666663
rq1_cf,qwen3.8-27b,aegislab,V_PLACEBO,NetworkPartition,6,0.1666666666666666,0.0,0.3333333333333333,174.66666666666666
rq1_cf,qwen3.8-27b,aegislab,V_PLACEBO,PodFailure,2,1.0,1.0,1.0,187.0
rq1_cf,qwen3.8-27b,aegislab,V_PLACEBO,PodKill,1,0.5,0.0,1.0,183.0
rq1_cf,qwen3.8-27b,aegislab,V_TARGETED,ContainerKill,8,0.25,0.25,0.25,162.5
rq1_cf,qwen3.8-27b,aegislab,V_TARGETED,HTTPRequestAbort,6,0.0833333333333333,0.0,0.1666666666666666,180.16666666666663
rq1_cf,qwen3.8-27b,aegislab,V_TARGETED,HTTPRequestDelay,7,0.1904761904761904,0.0,0.4285714285714285,171.14285714285714
rq1_cf,qwen3.8-27b,aegislab,V_TARGETED,HTTPRequestReplaceMethod,15,0.2444444444444444,0.1333333333333333,0.4666666666666667,173.86666666666667
rq1_cf,qwen3.8-27b,aegislab,V_TARGETED,HTTPRequestReplacePath,1,0.3333333333333333,0.0,1.0,249.0
rq1_cf,qwen3.8-27b,aegislab,V_TARGETED,HTTPResponseAbort,3,0.3333333333333333,0.3333333333333333,0.3333333333333333,158.66666666666666
rq1_cf,qwen3.8-27b,aegislab,V_TARGETED,HTTPResponseDelay,7,0.1904761904761904,0.1428571428571428,0.2857142857142857,176.0
rq1_cf,qwen3.8-27b,aegislab,V_TARGETED,HTTPResponseReplaceBody,2,0.25,0.0,0.5,184.0
rq1_cf,qwen3.8-27b,aegislab,V_TARGETED,HTTPResponseReplaceCode,13,0.1666666666666666,0.0,0.3846153846153846,189.69230769230768
rq1_cf,qwen3.8-27b,aegislab,V_TARGETED,JVMException,3,0.7777777777777777,0.6666666666666666,1.0,184.33333333333331
rq1_cf,qwen3.8-27b,aegislab,V_TARGETED,JVMLatency,1,0.3333333333333333,0.0,1.0,148.0
rq1_cf,qwen3.8-27b,aegislab,V_TARGETED,JVMMemoryStress,14,0.2857142857142857,0.2142857142857142,0.4285714285714285,187.8571428571429
rq1_cf,qwen3.8-27b,aegislab,V_TARGETED,JVMReturn,2,0.0,0.0,0.0,181.5
rq1_cf,qwen3.8-27b,aegislab,V_TARGETED,NetworkBandwidth,2,0.6666666666666666,0.5,1.0,166.5
rq1_cf,qwen3.8-27b,aegislab,V_TARGETED,NetworkCorrupt,3,0.0,0.0,0.0,151.33333333333334
rq1_cf,qwen3.8-27b,aegislab,V_TARGETED,NetworkDelay,1,1.0,1.0,1.0,205.0
rq1_cf,qwen3.8-27b,aegislab,V_TARGETED,NetworkLoss,3,0.5,0.3333333333333333,0.6666666666666666,170.33333333333334
rq1_cf,qwen3.8-27b,aegislab,V_TARGETED,NetworkPartition,6,0.25,0.0,0.5,155.83333333333334
rq1_cf,qwen3.8-27b,aegislab,V_TARGETED,PodFailure,2,1.0,1.0,1.0,199.5
rq1_cf,qwen3.8-27b,aegislab,V_TARGETED,PodKill,1,0.3333333333333333,0.0,1.0,123.0
rq1_cf,qwen3.8-27b,aiops2022,V_FACTUAL,k8s容器cpu负载,9,0.3333333333333333,0.2222222222222222,0.5555555555555556,196.0
rq1_cf,qwen3.8-27b,aiops2022,V_FACTUAL,k8s容器内存负载,8,0.2291666666666666,0.125,0.375,171.25
rq1_cf,qwen3.8-27b,aiops2022,V_FACTUAL,k8s容器写io负载,4,0.25,0.25,0.25,178.75
rq1_cf,qwen3.8-27b,aiops2022,V_FACTUAL,k8s容器网络丢包,9,0.1111111111111111,0.1111111111111111,0.1111111111111111,176.22222222222223
rq1_cf,qwen3.8-27b,aiops2022,V_FACTUAL,k8s容器网络延迟,10,0.0,0.0,0.0,198.2
rq1_cf,qwen3.8-27b,aiops2022,V_FACTUAL,k8s容器网络资源包损坏,10,0.275,0.1,0.5,204.1
rq1_cf,qwen3.8-27b,aiops2022,V_FACTUAL,k8s容器网络资源包重复发送,7,0.0476190476190476,0.0,0.1428571428571428,173.14285714285714
rq1_cf,qwen3.8-27b,aiops2022,V_FACTUAL,k8s容器读io负载,9,0.1481481481481481,0.0,0.3333333333333333,244.0
rq1_cf,qwen3.8-27b,aiops2022,V_FACTUAL,k8s容器进程中止,5,0.3,0.2,0.4,180.0
rq1_cf,qwen3.8-27b,aiops2022,V_FACTUAL,node 内存消耗,5,0.0,0.0,0.0,169.0
rq1_cf,qwen3.8-27b,aiops2022,V_FACTUAL,node 磁盘写IO消耗,6,0.3333333333333333,0.3333333333333333,0.3333333333333333,202.33333333333331
rq1_cf,qwen3.8-27b,aiops2022,V_FACTUAL,node 磁盘空间消耗,5,0.4,0.4,0.4,185.4
rq1_cf,qwen3.8-27b,aiops2022,V_FACTUAL,node 磁盘读IO消耗,5,0.2,0.2,0.2,191.2
rq1_cf,qwen3.8-27b,aiops2022,V_FACTUAL,node节点CPU故障,5,0.3,0.2,0.4,163.8
rq1_cf,qwen3.8-27b,aiops2022,V_FACTUAL,node节点CPU爬升,3,0.0,0.0,0.0,178.0
rq1_cf,qwen3.8-27b,aiops2022,V_NEUTRAL,k8s容器cpu负载,9,0.1111111111111111,0.1111111111111111,0.1111111111111111,89.0
rq1_cf,qwen3.8-27b,aiops2022,V_NEUTRAL,k8s容器内存负载,8,0.0416666666666666,0.0,0.125,112.0
rq1_cf,qwen3.8-27b,aiops2022,V_NEUTRAL,k8s容器写io负载,4,0.0,0.0,0.0,100.5
rq1_cf,qwen3.8-27b,aiops2022,V_NEUTRAL,k8s容器网络丢包,9,0.0,0.0,0.0,107.0
rq1_cf,qwen3.8-27b,aiops2022,V_NEUTRAL,k8s容器网络延迟,10,0.1,0.1,0.1,100.4
rq1_cf,qwen3.8-27b,aiops2022,V_NEUTRAL,k8s容器网络资源包损坏,10,0.0,0.0,0.0,97.2
rq1_cf,qwen3.8-27b,aiops2022,V_NEUTRAL,k8s容器网络资源包重复发送,7,0.0476190476190476,0.0,0.1428571428571428,112.71428571428572
rq1_cf,qwen3.8-27b,aiops2022,V_NEUTRAL,k8s容器读io负载,9,0.1111111111111111,0.1111111111111111,0.1111111111111111,99.55555555555556
rq1_cf,qwen3.8-27b,aiops2022,V_NEUTRAL,k8s容器进程中止,5,0.0666666666666666,0.0,0.2,104.4
rq1_cf,qwen3.8-27b,aiops2022,V_NEUTRAL,node 内存消耗,5,0.0,0.0,0.0,94.6
rq1_cf,qwen3.8-27b,aiops2022,V_NEUTRAL,node 磁盘写IO消耗,6,0.0,0.0,0.0,100.16666666666669
rq1_cf,qwen3.8-27b,aiops2022,V_NEUTRAL,node 磁盘空间消耗,5,0.0,0.0,0.0,115.4
rq1_cf,qwen3.8-27b,aiops2022,V_NEUTRAL,node 磁盘读IO消耗,5,0.0,0.0,0.0,91.0
rq1_cf,qwen3.8-27b,aiops2022,V_NEUTRAL,node节点CPU故障,5,0.0,0.0,0.0,113.6
rq1_cf,qwen3.8-27b,aiops2022,V_NEUTRAL,node节点CPU爬升,3,0.0,0.0,0.0,113.66666666666669
rq1_cf,qwen3.8-27b,aiops2022,V_PLACEBO,k8s容器cpu负载,9,0.287037037037037,0.2222222222222222,0.4444444444444444,173.33333333333334
rq1_cf,qwen3.8-27b,aiops2022,V_PLACEBO,k8s容器内存负载,8,0.1875,0.125,0.25,201.625
rq1_cf,qwen3.8-27b,aiops2022,V_PLACEBO,k8s容器写io负载,4,0.0833333333333333,0.0,0.25,180.5
rq1_cf,qwen3.8-27b,aiops2022,V_PLACEBO,k8s容器网络丢包,9,0.1111111111111111,0.1111111111111111,0.1111111111111111,190.55555555555557
rq1_cf,qwen3.8-27b,aiops2022,V_PLACEBO,k8s容器网络延迟,10,0.0,0.0,0.0,153.0
rq1_cf,qwen3.8-27b,aiops2022,V_PLACEBO,k8s容器网络资源包损坏,10,0.245,0.1,0.5,188.4
rq1_cf,qwen3.8-27b,aiops2022,V_PLACEBO,k8s容器网络资源包重复发送,7,0.0476190476190476,0.0,0.1428571428571428,189.14285714285717
rq1_cf,qwen3.8-27b,aiops2022,V_PLACEBO,k8s容器读io负载,9,0.1666666666666666,0.0,0.3333333333333333,259.1111111111111
rq1_cf,qwen3.8-27b,aiops2022,V_PLACEBO,k8s容器进程中止,5,0.3,0.2,0.4,177.6
rq1_cf,qwen3.8-27b,aiops2022,V_PLACEBO,node 内存消耗,5,0.0,0.0,0.0,177.6
rq1_cf,qwen3.8-27b,aiops2022,V_PLACEBO,node 磁盘写IO消耗,6,0.3333333333333333,0.3333333333333333,0.3333333333333333,176.66666666666666
rq1_cf,qwen3.8-27b,aiops2022,V_PLACEBO,node 磁盘空间消耗,5,0.4,0.4,0.4,141.6
rq1_cf,qwen3.8-27b,aiops2022,V_PLACEBO,node 磁盘读IO消耗,5,0.1,0.0,0.2,196.8
rq1_cf,qwen3.8-27b,aiops2022,V_PLACEBO,node节点CPU故障,5,0.3666666666666666,0.2,0.6,174.6
rq1_cf,qwen3.8-27b,aiops2022,V_PLACEBO,node节点CPU爬升,3,0.3333333333333333,0.3333333333333333,0.3333333333333333,163.66666666666666
rq1_cf,qwen3.8-27b,aiops2022,V_TARGETED,k8s容器cpu负载,9,0.2962962962962963,0.2222222222222222,0.4444444444444444,215.77777777777777
rq1_cf,qwen3.8-27b,aiops2022,V_TARGETED,k8s容器内存负载,8,0.125,0.125,0.125,170.875
rq1_cf,qwen3.8-27b,aiops2022,V_TARGETED,k8s容器写io负载,4,0.2083333333333333,0.0,0.5,184.25
rq1_cf,qwen3.8-27b,aiops2022,V_TARGETED,k8s容器网络丢包,9,0.1111111111111111,0.1111111111111111,0.1111111111111111,172.33333333333334
rq1_cf,qwen3.8-27b,aiops2022,V_TARGETED,k8s容器网络延迟,10,0.0833333333333333,0.0,0.2,173.6
rq1_cf,qwen3.8-27b,aiops2022,V_TARGETED,k8s容器网络资源包损坏,10,0.225,0.1,0.4,186.0
rq1_cf,qwen3.8-27b,aiops2022,V_TARGETED,k8s容器网络资源包重复发送,7,0.0476190476190476,0.0,0.1428571428571428,193.28571428571428
rq1_cf,qwen3.8-27b,aiops2022,V_TARGETED,k8s容器读io负载,9,0.1481481481481481,0.0,0.3333333333333333,190.0
rq1_cf,qwen3.8-27b,aiops2022,V_TARGETED,k8s容器进程中止,5,0.3,0.2,0.4,372.4
rq1_cf,qwen3.8-27b,aiops2022,V_TARGETED,node 内存消耗,5,0.0,0.0,0.0,143.2
rq1_cf,qwen3.8-27b,aiops2022,V_TARGETED,node 磁盘写IO消耗,6,0.5,0.5,0.5,204.33333333333331
rq1_cf,qwen3.8-27b,aiops2022,V_TARGETED,node 磁盘空间消耗,5,0.5,0.4,0.6,150.2
rq1_cf,qwen3.8-27b,aiops2022,V_TARGETED,node 磁盘读IO消耗,5,0.2,0.2,0.2,186.2
rq1_cf,qwen3.8-27b,aiops2022,V_TARGETED,node节点CPU故障,5,0.2666666666666666,0.2,0.4,149.6
rq1_cf,qwen3.8-27b,aiops2022,V_TARGETED,node节点CPU爬升,3,0.3333333333333333,0.3333333333333333,0.3333333333333333,188.66666666666663
rq1_cf,qwen3.8-27b,aiops2025,V_FACTUAL,code error,2,0.0,0.0,0.0,174.5
rq1_cf,qwen3.8-27b,aiops2025,V_FACTUAL,cpu stress,8,0.0,0.0,0.0,163.5
rq1_cf,qwen3.8-27b,aiops2025,V_FACTUAL,dns error,5,0.0666666666666666,0.0,0.2,190.6
rq1_cf,qwen3.8-27b,aiops2025,V_FACTUAL,io fault,5,0.2,0.0,0.4,171.4
rq1_cf,qwen3.8-27b,aiops2025,V_FACTUAL,jvm cpu,3,0.611111111111111,0.3333333333333333,1.0,197.0
rq1_cf,qwen3.8-27b,aiops2025,V_FACTUAL,jvm exception,5,0.2,0.2,0.2,176.4
rq1_cf,qwen3.8-27b,aiops2025,V_FACTUAL,jvm gc,2,0.0,0.0,0.0,190.5
rq1_cf,qwen3.8-27b,aiops2025,V_FACTUAL,jvm latency,5,0.2,0.0,0.4,206.2
rq1_cf,qwen3.8-27b,aiops2025,V_FACTUAL,memory stress,6,0.0555555555555555,0.0,0.1666666666666666,217.33333333333331
rq1_cf,qwen3.8-27b,aiops2025,V_FACTUAL,network corrupt,7,0.619047619047619,0.4285714285714285,0.8571428571428571,153.14285714285714
rq1_cf,qwen3.8-27b,aiops2025,V_FACTUAL,network delay,7,0.4285714285714285,0.4285714285714285,0.4285714285714285,164.42857142857142
rq1_cf,qwen3.8-27b,aiops2025,V_FACTUAL,network loss,5,0.6333333333333333,0.4,1.0,194.0
rq1_cf,qwen3.8-27b,aiops2025,V_FACTUAL,node cpu stress,6,0.0833333333333333,0.0,0.1666666666666666,191.0
rq1_cf,qwen3.8-27b,aiops2025,V_FACTUAL,node disk fill,4,0.25,0.25,0.25,177.25
rq1_cf,qwen3.8-27b,aiops2025,V_FACTUAL,node memory stress,12,0.1666666666666666,0.1666666666666666,0.1666666666666666,187.41666666666663
rq1_cf,qwen3.8-27b,aiops2025,V_FACTUAL,pod failure,13,0.0,0.0,0.0,163.07692307692307
rq1_cf,qwen3.8-27b,aiops2025,V_FACTUAL,pod kill,2,0.125,0.0,0.5,195.5
rq1_cf,qwen3.8-27b,aiops2025,V_FACTUAL,target port misconfig,3,0.0,0.0,0.0,169.66666666666666
rq1_cf,qwen3.8-27b,aiops2025,V_NEUTRAL,code error,2,0.0,0.0,0.0,95.0
rq1_cf,qwen3.8-27b,aiops2025,V_NEUTRAL,cpu stress,8,0.1875,0.125,0.25,110.5
rq1_cf,qwen3.8-27b,aiops2025,V_NEUTRAL,dns error,5,0.1,0.0,0.2,109.0
rq1_cf,qwen3.8-27b,aiops2025,V_NEUTRAL,io fault,5,0.1,0.0,0.2,98.0
rq1_cf,qwen3.8-27b,aiops2025,V_NEUTRAL,jvm cpu,3,0.0,0.0,0.0,117.33333333333331
rq1_cf,qwen3.8-27b,aiops2025,V_NEUTRAL,jvm exception,5,0.0,0.0,0.0,109.0
rq1_cf,qwen3.8-27b,aiops2025,V_NEUTRAL,jvm gc,2,0.0,0.0,0.0,99.0
rq1_cf,qwen3.8-27b,aiops2025,V_NEUTRAL,jvm latency,5,0.1,0.0,0.2,106.0
rq1_cf,qwen3.8-27b,aiops2025,V_NEUTRAL,memory stress,6,0.1666666666666666,0.1666666666666666,0.1666666666666666,102.5
rq1_cf,qwen3.8-27b,aiops2025,V_NEUTRAL,network corrupt,7,0.0,0.0,0.0,98.71428571428572
rq1_cf,qwen3.8-27b,aiops2025,V_NEUTRAL,network delay,7,0.2857142857142857,0.2857142857142857,0.2857142857142857,98.14285714285714
rq1_cf,qwen3.8-27b,aiops2025,V_NEUTRAL,network loss,5,0.0666666666666666,0.0,0.2,111.8
rq1_cf,qwen3.8-27b,aiops2025,V_NEUTRAL,node cpu stress,6,0.0,0.0,0.0,107.33333333333331
rq1_cf,qwen3.8-27b,aiops2025,V_NEUTRAL,node disk fill,4,0.0,0.0,0.0,103.0
rq1_cf,qwen3.8-27b,aiops2025,V_NEUTRAL,node memory stress,12,0.0,0.0,0.0,108.08333333333331
rq1_cf,qwen3.8-27b,aiops2025,V_NEUTRAL,pod failure,13,0.0769230769230769,0.0769230769230769,0.0769230769230769,99.15384615384616
rq1_cf,qwen3.8-27b,aiops2025,V_NEUTRAL,pod kill,2,0.0,0.0,0.0,139.5
rq1_cf,qwen3.8-27b,aiops2025,V_NEUTRAL,target port misconfig,3,0.0,0.0,0.0,97.66666666666669
rq1_cf,qwen3.8-27b,aiops2025,V_PLACEBO,code error,2,0.0,0.0,0.0,155.5
rq1_cf,qwen3.8-27b,aiops2025,V_PLACEBO,cpu stress,8,0.0416666666666666,0.0,0.125,183.875
rq1_cf,qwen3.8-27b,aiops2025,V_PLACEBO,dns error,5,0.0666666666666666,0.0,0.2,199.0
rq1_cf,qwen3.8-27b,aiops2025,V_PLACEBO,io fault,5,0.2,0.0,0.4,145.8
rq1_cf,qwen3.8-27b,aiops2025,V_PLACEBO,jvm cpu,3,0.6666666666666666,0.3333333333333333,1.0,172.0
rq1_cf,qwen3.8-27b,aiops2025,V_PLACEBO,jvm exception,5,0.4,0.4,0.4,157.2
rq1_cf,qwen3.8-27b,aiops2025,V_PLACEBO,jvm gc,2,0.0,0.0,0.0,149.0
rq1_cf,qwen3.8-27b,aiops2025,V_PLACEBO,jvm latency,5,0.2,0.0,0.4,184.8
rq1_cf,qwen3.8-27b,aiops2025,V_PLACEBO,memory stress,6,0.0,0.0,0.0,184.66666666666663
rq1_cf,qwen3.8-27b,aiops2025,V_PLACEBO,network corrupt,7,0.619047619047619,0.4285714285714285,0.8571428571428571,164.42857142857142
rq1_cf,qwen3.8-27b,aiops2025,V_PLACEBO,network delay,7,0.3571428571428571,0.2857142857142857,0.4285714285714285,190.8571428571429
rq1_cf,qwen3.8-27b,aiops2025,V_PLACEBO,network loss,5,0.6666666666666666,0.4,1.0,186.6
rq1_cf,qwen3.8-27b,aiops2025,V_PLACEBO,node cpu stress,6,0.1388888888888888,0.0,0.3333333333333333,163.33333333333334
rq1_cf,qwen3.8-27b,aiops2025,V_PLACEBO,node disk fill,4,0.25,0.25,0.25,171.75
rq1_cf,qwen3.8-27b,aiops2025,V_PLACEBO,node memory stress,12,0.1666666666666666,0.1666666666666666,0.1666666666666666,178.33333333333334
rq1_cf,qwen3.8-27b,aiops2025,V_PLACEBO,pod failure,13,0.0,0.0,0.0,159.84615384615384
rq1_cf,qwen3.8-27b,aiops2025,V_PLACEBO,pod kill,2,0.125,0.0,0.5,176.5
rq1_cf,qwen3.8-27b,aiops2025,V_PLACEBO,target port misconfig,3,0.0,0.0,0.0,178.33333333333334
rq1_cf,qwen3.8-27b,aiops2025,V_TARGETED,code error,2,0.0,0.0,0.0,165.5
rq1_cf,qwen3.8-27b,aiops2025,V_TARGETED,cpu stress,8,0.125,0.125,0.125,193.625
rq1_cf,qwen3.8-27b,aiops2025,V_TARGETED,dns error,5,0.0666666666666666,0.0,0.2,154.4
rq1_cf,qwen3.8-27b,aiops2025,V_TARGETED,io fault,5,0.3666666666666666,0.2,0.6,170.2
rq1_cf,qwen3.8-27b,aiops2025,V_TARGETED,jvm cpu,3,0.7777777777777778,0.6666666666666666,1.0,158.66666666666666
rq1_cf,qwen3.8-27b,aiops2025,V_TARGETED,jvm exception,5,0.3,0.2,0.4,166.0
rq1_cf,qwen3.8-27b,aiops2025,V_TARGETED,jvm gc,2,0.0,0.0,0.0,158.0
rq1_cf,qwen3.8-27b,aiops2025,V_TARGETED,jvm latency,5,0.2,0.2,0.2,137.2
rq1_cf,qwen3.8-27b,aiops2025,V_TARGETED,memory stress,6,0.0555555555555555,0.0,0.1666666666666666,190.66666666666663
rq1_cf,qwen3.8-27b,aiops2025,V_TARGETED,network corrupt,7,0.4047619047619047,0.2857142857142857,0.5714285714285714,186.28571428571428
rq1_cf,qwen3.8-27b,aiops2025,V_TARGETED,network delay,7,0.2142857142857142,0.1428571428571428,0.2857142857142857,144.14285714285714
rq1_cf,qwen3.8-27b,aiops2025,V_TARGETED,network loss,5,0.6333333333333333,0.4,1.0,249.4
rq1_cf,qwen3.8-27b,aiops2025,V_TARGETED,node cpu stress,6,0.2083333333333333,0.0,0.5,185.16666666666663
rq1_cf,qwen3.8-27b,aiops2025,V_TARGETED,node disk fill,4,0.375,0.25,0.5,171.0
rq1_cf,qwen3.8-27b,aiops2025,V_TARGETED,node memory stress,12,0.1666666666666666,0.1666666666666666,0.1666666666666666,193.33333333333331
rq1_cf,qwen3.8-27b,aiops2025,V_TARGETED,pod failure,13,0.0256410256410256,0.0,0.0769230769230769,159.0
rq1_cf,qwen3.8-27b,aiops2025,V_TARGETED,pod kill,2,0.0,0.0,0.0,275.0
rq1_cf,qwen3.8-27b,aiops2025,V_TARGETED,target port misconfig,3,0.0,0.0,0.0,166.33333333333334
rq1_cf,qwen3.8-27b,re2_ob,V_FACTUAL,cpu,15,0.7333333333333333,0.5333333333333333,1.0,191.8
rq1_cf,qwen3.8-27b,re2_ob,V_FACTUAL,delay,15,0.4333333333333333,0.2,0.7333333333333333,173.73333333333332
rq1_cf,qwen3.8-27b,re2_ob,V_FACTUAL,disk,15,0.6444444444444444,0.4666666666666667,0.8666666666666667,186.53333333333333
rq1_cf,qwen3.8-27b,re2_ob,V_FACTUAL,loss,15,0.5888888888888889,0.4666666666666667,0.7333333333333333,168.13333333333333
rq1_cf,qwen3.8-27b,re2_ob,V_FACTUAL,mem,15,0.6222222222222222,0.4,0.8666666666666667,177.46666666666667
rq1_cf,qwen3.8-27b,re2_ob,V_FACTUAL,socket,15,0.5666666666666667,0.4,0.8,181.66666666666663
rq1_cf,qwen3.8-27b,re2_ob,V_NEUTRAL,cpu,15,0.3666666666666666,0.2666666666666666,0.4666666666666667,99.26666666666668
rq1_cf,qwen3.8-27b,re2_ob,V_NEUTRAL,delay,15,0.2333333333333333,0.1333333333333333,0.3333333333333333,101.93333333333334
rq1_cf,qwen3.8-27b,re2_ob,V_NEUTRAL,disk,15,0.2666666666666666,0.1333333333333333,0.4,99.73333333333332
rq1_cf,qwen3.8-27b,re2_ob,V_NEUTRAL,loss,15,0.0777777777777777,0.0,0.2,114.33333333333331
rq1_cf,qwen3.8-27b,re2_ob,V_NEUTRAL,mem,15,0.1111111111111111,0.0,0.2666666666666666,100.8
rq1_cf,qwen3.8-27b,re2_ob,V_NEUTRAL,socket,15,0.1333333333333333,0.0666666666666666,0.2,106.13333333333334
rq1_cf,qwen3.8-27b,re2_ob,V_PLACEBO,cpu,15,0.6333333333333333,0.4,0.9333333333333332,170.26666666666668
rq1_cf,qwen3.8-27b,re2_ob,V_PLACEBO,delay,15,0.4666666666666667,0.2,0.8,167.33333333333334
rq1_cf,qwen3.8-27b,re2_ob,V_PLACEBO,disk,15,0.6277777777777778,0.4,0.9333333333333332,188.53333333333333
rq1_cf,qwen3.8-27b,re2_ob,V_PLACEBO,loss,15,0.6555555555555556,0.4666666666666667,0.8666666666666667,160.53333333333333
rq1_cf,qwen3.8-27b,re2_ob,V_PLACEBO,mem,15,0.6888888888888889,0.4666666666666667,0.9333333333333332,185.46666666666667
rq1_cf,qwen3.8-27b,re2_ob,V_PLACEBO,socket,15,0.5888888888888889,0.4,0.8666666666666667,194.2
rq1_cf,qwen3.8-27b,re2_ob,V_TARGETED,cpu,15,0.4666666666666667,0.2666666666666666,0.6666666666666666,171.73333333333332
rq1_cf,qwen3.8-27b,re2_ob,V_TARGETED,delay,15,0.2666666666666666,0.1333333333333333,0.4666666666666667,176.06666666666666
rq1_cf,qwen3.8-27b,re2_ob,V_TARGETED,disk,15,0.4666666666666667,0.4,0.5333333333333333,189.6
rq1_cf,qwen3.8-27b,re2_ob,V_TARGETED,loss,15,0.4888888888888889,0.3333333333333333,0.6666666666666666,183.9333333333333
rq1_cf,qwen3.8-27b,re2_ob,V_TARGETED,mem,15,0.5888888888888889,0.4666666666666667,0.7333333333333333,175.26666666666668
rq1_cf,qwen3.8-27b,re2_ob,V_TARGETED,socket,15,0.4,0.2666666666666666,0.6,190.2
rq1_cf,qwen3.8-27b,re2_tt,V_FACTUAL,cpu,15,0.5555555555555556,0.4666666666666667,0.6666666666666666,163.26666666666668
rq1_cf,qwen3.8-27b,re2_tt,V_FACTUAL,delay,15,0.3222222222222222,0.2,0.4666666666666667,148.26666666666668
rq1_cf,qwen3.8-27b,re2_tt,V_FACTUAL,disk,15,0.7,0.5333333333333333,0.8666666666666667,179.66666666666666
rq1_cf,qwen3.8-27b,re2_tt,V_FACTUAL,loss,15,0.3888888888888889,0.2666666666666666,0.5333333333333333,179.33333333333334
rq1_cf,qwen3.8-27b,re2_tt,V_FACTUAL,mem,15,0.4777777777777778,0.3333333333333333,0.6666666666666666,171.73333333333332
rq1_cf,qwen3.8-27b,re2_tt,V_FACTUAL,socket,15,0.5,0.3333333333333333,0.7333333333333333,189.66666666666663
rq1_cf,qwen3.8-27b,re2_tt,V_NEUTRAL,cpu,15,0.0222222222222222,0.0,0.0666666666666666,94.6
rq1_cf,qwen3.8-27b,re2_tt,V_NEUTRAL,delay,15,0.0,0.0,0.0,98.2
rq1_cf,qwen3.8-27b,re2_tt,V_NEUTRAL,disk,15,0.0,0.0,0.0,102.53333333333332
rq1_cf,qwen3.8-27b,re2_tt,V_NEUTRAL,loss,15,0.0,0.0,0.0,108.13333333333334
rq1_cf,qwen3.8-27b,re2_tt,V_NEUTRAL,mem,15,0.0,0.0,0.0,95.66666666666669
rq1_cf,qwen3.8-27b,re2_tt,V_NEUTRAL,socket,15,0.0,0.0,0.0,99.4
rq1_cf,qwen3.8-27b,re2_tt,V_PLACEBO,cpu,15,0.4888888888888889,0.4,0.6,176.06666666666666
rq1_cf,qwen3.8-27b,re2_tt,V_PLACEBO,delay,15,0.3222222222222222,0.2,0.4666666666666667,163.4
rq1_cf,qwen3.8-27b,re2_tt,V_PLACEBO,disk,15,0.7,0.4666666666666667,0.9333333333333332,191.33333333333331
rq1_cf,qwen3.8-27b,re2_tt,V_PLACEBO,loss,15,0.4111111111111111,0.2666666666666666,0.6,175.0
rq1_cf,qwen3.8-27b,re2_tt,V_PLACEBO,mem,15,0.4444444444444445,0.2666666666666666,0.6666666666666666,182.13333333333333
rq1_cf,qwen3.8-27b,re2_tt,V_PLACEBO,socket,15,0.5222222222222223,0.3333333333333333,0.8,180.4
rq1_cf,qwen3.8-27b,re2_tt,V_TARGETED,cpu,15,0.3,0.2666666666666666,0.3333333333333333,171.06666666666666
rq1_cf,qwen3.8-27b,re2_tt,V_TARGETED,delay,15,0.2,0.1333333333333333,0.2666666666666666,169.86666666666667
rq1_cf,qwen3.8-27b,re2_tt,V_TARGETED,disk,15,0.1666666666666666,0.0666666666666666,0.2666666666666666,166.86666666666667
rq1_cf,qwen3.8-27b,re2_tt,V_TARGETED,loss,15,0.1666666666666666,0.1333333333333333,0.2,176.13333333333333
rq1_cf,qwen3.8-27b,re2_tt,V_TARGETED,mem,15,0.2111111111111111,0.1333333333333333,0.3333333333333333,172.0
rq1_cf,qwen3.8-27b,re2_tt,V_TARGETED,socket,15,0.2222222222222222,0.1333333333333333,0.3333333333333333,178.46666666666667
rq1_rca,gemma-4-26b-a4b,aegislab,C,ContainerKill,8,0.3541666666666666,0.25,0.5,112.75
rq1_rca,gemma-4-26b-a4b,aegislab,C,HTTPRequestAbort,6,0.1666666666666666,0.1666666666666666,0.1666666666666666,105.33333333333331
rq1_rca,gemma-4-26b-a4b,aegislab,C,HTTPRequestDelay,7,0.0,0.0,0.0,107.71428571428572
rq1_rca,gemma-4-26b-a4b,aegislab,C,HTTPRequestReplaceMethod,15,0.4666666666666667,0.4666666666666667,0.4666666666666667,104.66666666666669
rq1_rca,gemma-4-26b-a4b,aegislab,C,HTTPRequestReplacePath,1,0.0,0.0,0.0,84.0
rq1_rca,gemma-4-26b-a4b,aegislab,C,HTTPResponseAbort,3,0.0,0.0,0.0,89.66666666666667
rq1_rca,gemma-4-26b-a4b,aegislab,C,HTTPResponseDelay,7,0.4285714285714285,0.4285714285714285,0.4285714285714285,99.57142857142856
rq1_rca,gemma-4-26b-a4b,aegislab,C,HTTPResponseReplaceBody,2,0.5,0.5,0.5,95.5
rq1_rca,gemma-4-26b-a4b,aegislab,C,HTTPResponseReplaceCode,13,0.3846153846153846,0.3846153846153846,0.3846153846153846,106.23076923076924
rq1_rca,gemma-4-26b-a4b,aegislab,C,JVMException,3,1.0,1.0,1.0,95.33333333333331
rq1_rca,gemma-4-26b-a4b,aegislab,C,JVMLatency,1,0.0,0.0,0.0,84.0
rq1_rca,gemma-4-26b-a4b,aegislab,C,JVMMemoryStress,14,0.8928571428571429,0.7857142857142857,1.0,107.5
rq1_rca,gemma-4-26b-a4b,aegislab,C,JVMReturn,2,1.0,1.0,1.0,108.5
rq1_rca,gemma-4-26b-a4b,aegislab,C,NetworkBandwidth,2,0.0,0.0,0.0,116.5
rq1_rca,gemma-4-26b-a4b,aegislab,C,NetworkCorrupt,3,0.3333333333333333,0.3333333333333333,0.3333333333333333,114.0
rq1_rca,gemma-4-26b-a4b,aegislab,C,NetworkDelay,1,1.0,1.0,1.0,117.0
rq1_rca,gemma-4-26b-a4b,aegislab,C,NetworkLoss,3,0.3333333333333333,0.3333333333333333,0.3333333333333333,95.0
rq1_rca,gemma-4-26b-a4b,aegislab,C,NetworkPartition,6,0.0416666666666666,0.0,0.1666666666666666,102.5
rq1_rca,gemma-4-26b-a4b,aegislab,C,PodFailure,2,0.5,0.5,0.5,98.5
rq1_rca,gemma-4-26b-a4b,aegislab,C,PodKill,1,0.0,0.0,0.0,97.0
rq1_rca,gemma-4-26b-a4b,aegislab,H,ContainerKill,8,0.4166666666666666,0.375,0.5,108.125
rq1_rca,gemma-4-26b-a4b,aegislab,H,HTTPRequestAbort,6,0.0,0.0,0.0,103.66666666666669
rq1_rca,gemma-4-26b-a4b,aegislab,H,HTTPRequestDelay,7,0.0,0.0,0.0,118.42857142857144
rq1_rca,gemma-4-26b-a4b,aegislab,H,HTTPRequestReplaceMethod,15,0.4,0.4,0.4,113.06666666666666
rq1_rca,gemma-4-26b-a4b,aegislab,H,HTTPRequestReplacePath,1,0.0,0.0,0.0,147.0
rq1_rca,gemma-4-26b-a4b,aegislab,H,HTTPResponseAbort,3,0.0,0.0,0.0,97.66666666666669
rq1_rca,gemma-4-26b-a4b,aegislab,H,HTTPResponseDelay,7,0.1428571428571428,0.1428571428571428,0.1428571428571428,115.0
rq1_rca,gemma-4-26b-a4b,aegislab,H,HTTPResponseReplaceBody,2,0.5,0.5,0.5,121.5
rq1_rca,gemma-4-26b-a4b,aegislab,H,HTTPResponseReplaceCode,13,0.2307692307692307,0.2307692307692307,0.2307692307692307,120.53846153846152
rq1_rca,gemma-4-26b-a4b,aegislab,H,JVMException,3,0.3333333333333333,0.3333333333333333,0.3333333333333333,111.0
rq1_rca,gemma-4-26b-a4b,aegislab,H,JVMLatency,1,1.0,1.0,1.0,92.0
rq1_rca,gemma-4-26b-a4b,aegislab,H,JVMMemoryStress,14,0.6071428571428571,0.4285714285714285,0.7857142857142857,120.71428571428572
rq1_rca,gemma-4-26b-a4b,aegislab,H,JVMReturn,2,0.5,0.5,0.5,92.5
rq1_rca,gemma-4-26b-a4b,aegislab,H,NetworkBandwidth,2,0.0,0.0,0.0,110.5
rq1_rca,gemma-4-26b-a4b,aegislab,H,NetworkCorrupt,3,0.0,0.0,0.0,106.0
rq1_rca,gemma-4-26b-a4b,aegislab,H,NetworkDelay,1,1.0,1.0,1.0,98.0
rq1_rca,gemma-4-26b-a4b,aegislab,H,NetworkLoss,3,0.3333333333333333,0.3333333333333333,0.3333333333333333,99.66666666666669
rq1_rca,gemma-4-26b-a4b,aegislab,H,NetworkPartition,6,0.0,0.0,0.0,111.66666666666669
rq1_rca,gemma-4-26b-a4b,aegislab,H,PodFailure,2,1.0,1.0,1.0,101.0
rq1_rca,gemma-4-26b-a4b,aegislab,H,PodKill,1,1.0,1.0,1.0,104.0
rq1_rca,gemma-4-26b-a4b,aegislab,LV,ContainerKill,8,1.0,1.0,1.0,107.125
rq1_rca,gemma-4-26b-a4b,aegislab,LV,HTTPRequestAbort,6,0.0,0.0,0.0,109.0
rq1_rca,gemma-4-26b-a4b,aegislab,LV,HTTPRequestDelay,7,0.0,0.0,0.0,95.28571428571428
rq1_rca,gemma-4-26b-a4b,aegislab,LV,HTTPRequestReplaceMethod,15,0.3333333333333333,0.3333333333333333,0.3333333333333333,106.4
rq1_rca,gemma-4-26b-a4b,aegislab,LV,HTTPRequestReplacePath,1,0.0,0.0,0.0,91.0
rq1_rca,gemma-4-26b-a4b,aegislab,LV,HTTPResponseAbort,3,0.0,0.0,0.0,105.66666666666669
rq1_rca,gemma-4-26b-a4b,aegislab,LV,HTTPResponseDelay,7,0.4285714285714285,0.4285714285714285,0.4285714285714285,116.57142857142856
rq1_rca,gemma-4-26b-a4b,aegislab,LV,HTTPResponseReplaceBody,2,0.0,0.0,0.0,100.0
rq1_rca,gemma-4-26b-a4b,aegislab,LV,HTTPResponseReplaceCode,13,0.2307692307692307,0.2307692307692307,0.2307692307692307,105.0
rq1_rca,gemma-4-26b-a4b,aegislab,LV,JVMException,3,1.0,1.0,1.0,105.33333333333331
rq1_rca,gemma-4-26b-a4b,aegislab,LV,JVMLatency,1,0.0,0.0,0.0,94.0
rq1_rca,gemma-4-26b-a4b,aegislab,LV,JVMMemoryStress,14,0.8571428571428571,0.8571428571428571,0.8571428571428571,112.14285714285714
rq1_rca,gemma-4-26b-a4b,aegislab,LV,JVMReturn,2,1.0,1.0,1.0,108.5
rq1_rca,gemma-4-26b-a4b,aegislab,LV,NetworkBandwidth,2,0.0,0.0,0.0,97.0
rq1_rca,gemma-4-26b-a4b,aegislab,LV,NetworkCorrupt,3,0.0,0.0,0.0,102.0
rq1_rca,gemma-4-26b-a4b,aegislab,LV,NetworkDelay,1,1.0,1.0,1.0,106.0
rq1_rca,gemma-4-26b-a4b,aegislab,LV,NetworkLoss,3,0.3333333333333333,0.3333333333333333,0.3333333333333333,94.66666666666669
rq1_rca,gemma-4-26b-a4b,aegislab,LV,NetworkPartition,6,0.0,0.0,0.0,105.5
rq1_rca,gemma-4-26b-a4b,aegislab,LV,PodFailure,2,1.0,1.0,1.0,115.0
rq1_rca,gemma-4-26b-a4b,aegislab,LV,PodKill,1,0.0,0.0,0.0,141.0
rq1_rca,gemma-4-26b-a4b,aegislab,MV,ContainerKill,8,0.125,0.125,0.125,114.75
rq1_rca,gemma-4-26b-a4b,aegislab,MV,HTTPRequestAbort,6,0.0,0.0,0.0,94.66666666666669
rq1_rca,gemma-4-26b-a4b,aegislab,MV,HTTPRequestDelay,7,0.1428571428571428,0.1428571428571428,0.1428571428571428,115.85714285714286
rq1_rca,gemma-4-26b-a4b,aegislab,MV,HTTPRequestReplaceMethod,15,0.1333333333333333,0.1333333333333333,0.1333333333333333,109.33333333333331
rq1_rca,gemma-4-26b-a4b,aegislab,MV,HTTPRequestReplacePath,1,0.0,0.0,0.0,96.0
rq1_rca,gemma-4-26b-a4b,aegislab,MV,HTTPResponseAbort,3,0.0,0.0,0.0,118.66666666666669
rq1_rca,gemma-4-26b-a4b,aegislab,MV,HTTPResponseDelay,7,0.1428571428571428,0.1428571428571428,0.1428571428571428,108.71428571428572
rq1_rca,gemma-4-26b-a4b,aegislab,MV,HTTPResponseReplaceBody,2,0.0,0.0,0.0,141.0
rq1_rca,gemma-4-26b-a4b,aegislab,MV,HTTPResponseReplaceCode,13,0.3076923076923077,0.3076923076923077,0.3076923076923077,118.15384615384616
rq1_rca,gemma-4-26b-a4b,aegislab,MV,JVMException,3,0.3333333333333333,0.3333333333333333,0.3333333333333333,98.33333333333331
rq1_rca,gemma-4-26b-a4b,aegislab,MV,JVMLatency,1,0.0,0.0,0.0,98.0
rq1_rca,gemma-4-26b-a4b,aegislab,MV,JVMMemoryStress,14,0.4285714285714285,0.3571428571428571,0.5,116.42857142857144
rq1_rca,gemma-4-26b-a4b,aegislab,MV,JVMReturn,2,0.5,0.5,0.5,91.5
rq1_rca,gemma-4-26b-a4b,aegislab,MV,NetworkBandwidth,2,0.0,0.0,0.0,108.0
rq1_rca,gemma-4-26b-a4b,aegislab,MV,NetworkCorrupt,3,0.6666666666666666,0.6666666666666666,0.6666666666666666,109.33333333333331
rq1_rca,gemma-4-26b-a4b,aegislab,MV,NetworkDelay,1,1.0,1.0,1.0,106.0
rq1_rca,gemma-4-26b-a4b,aegislab,MV,NetworkLoss,3,0.3333333333333333,0.3333333333333333,0.3333333333333333,98.33333333333331
rq1_rca,gemma-4-26b-a4b,aegislab,MV,NetworkPartition,6,0.1666666666666666,0.1666666666666666,0.1666666666666666,111.33333333333331
rq1_rca,gemma-4-26b-a4b,aegislab,MV,PodFailure,2,0.5,0.5,0.5,101.5
rq1_rca,gemma-4-26b-a4b,aegislab,MV,PodKill,1,1.0,1.0,1.0,91.0
rq1_rca,gemma-4-26b-a4b,aegislab,S,ContainerKill,8,0.0,0.0,0.0,97.75
rq1_rca,gemma-4-26b-a4b,aegislab,S,HTTPRequestAbort,6,0.0,0.0,0.0,102.66666666666669
rq1_rca,gemma-4-26b-a4b,aegislab,S,HTTPRequestDelay,7,0.0,0.0,0.0,105.0
rq1_rca,gemma-4-26b-a4b,aegislab,S,HTTPRequestReplaceMethod,15,0.3333333333333333,0.3333333333333333,0.3333333333333333,102.8
rq1_rca,gemma-4-26b-a4b,aegislab,S,HTTPRequestReplacePath,1,1.0,1.0,1.0,122.0
rq1_rca,gemma-4-26b-a4b,aegislab,S,HTTPResponseAbort,3,0.0,0.0,0.0,91.33333333333331
rq1_rca,gemma-4-26b-a4b,aegislab,S,HTTPResponseDelay,7,0.4285714285714285,0.4285714285714285,0.4285714285714285,96.42857142857144
rq1_rca,gemma-4-26b-a4b,aegislab,S,HTTPResponseReplaceBody,2,0.0,0.0,0.0,97.5
rq1_rca,gemma-4-26b-a4b,aegislab,S,HTTPResponseReplaceCode,13,0.2307692307692307,0.2307692307692307,0.2307692307692307,100.6923076923077
rq1_rca,gemma-4-26b-a4b,aegislab,S,JVMException,3,0.0,0.0,0.0,89.33333333333333
rq1_rca,gemma-4-26b-a4b,aegislab,S,JVMLatency,1,0.0,0.0,0.0,89.0
rq1_rca,gemma-4-26b-a4b,aegislab,S,JVMMemoryStress,14,0.2857142857142857,0.2857142857142857,0.2857142857142857,95.78571428571428
rq1_rca,gemma-4-26b-a4b,aegislab,S,JVMReturn,2,0.5,0.5,0.5,110.0
rq1_rca,gemma-4-26b-a4b,aegislab,S,NetworkBandwidth,2,1.0,1.0,1.0,96.5
rq1_rca,gemma-4-26b-a4b,aegislab,S,NetworkCorrupt,3,0.6666666666666666,0.6666666666666666,0.6666666666666666,101.33333333333331
rq1_rca,gemma-4-26b-a4b,aegislab,S,NetworkDelay,1,1.0,1.0,1.0,99.0
rq1_rca,gemma-4-26b-a4b,aegislab,S,NetworkLoss,3,0.3333333333333333,0.3333333333333333,0.3333333333333333,99.66666666666669
rq1_rca,gemma-4-26b-a4b,aegislab,S,NetworkPartition,6,0.3333333333333333,0.3333333333333333,0.3333333333333333,99.16666666666669
rq1_rca,gemma-4-26b-a4b,aegislab,S,PodFailure,2,0.5,0.5,0.5,110.0
rq1_rca,gemma-4-26b-a4b,aegislab,S,PodKill,1,0.0,0.0,0.0,121.0
rq1_rca,gemma-4-26b-a4b,aegislab,T,ContainerKill,8,0.78125,0.75,0.875,122.5
rq1_rca,gemma-4-26b-a4b,aegislab,T,HTTPRequestAbort,6,0.1666666666666666,0.1666666666666666,0.1666666666666666,118.0
rq1_rca,gemma-4-26b-a4b,aegislab,T,HTTPRequestDelay,7,0.0,0.0,0.0,105.85714285714286
rq1_rca,gemma-4-26b-a4b,aegislab,T,HTTPRequestReplaceMethod,15,0.2666666666666666,0.2666666666666666,0.2666666666666666,111.6
rq1_rca,gemma-4-26b-a4b,aegislab,T,HTTPRequestReplacePath,1,0.0,0.0,0.0,110.0
rq1_rca,gemma-4-26b-a4b,aegislab,T,HTTPResponseAbort,3,0.0,0.0,0.0,128.33333333333334
rq1_rca,gemma-4-26b-a4b,aegislab,T,HTTPResponseDelay,7,0.4285714285714285,0.4285714285714285,0.4285714285714285,118.0
rq1_rca,gemma-4-26b-a4b,aegislab,T,HTTPResponseReplaceBody,2,0.5,0.5,0.5,113.5
rq1_rca,gemma-4-26b-a4b,aegislab,T,HTTPResponseReplaceCode,13,0.3076923076923077,0.3076923076923077,0.3076923076923077,114.92307692307692
rq1_rca,gemma-4-26b-a4b,aegislab,T,JVMException,3,1.0,1.0,1.0,114.0
rq1_rca,gemma-4-26b-a4b,aegislab,T,JVMLatency,1,1.0,1.0,1.0,69.0
rq1_rca,gemma-4-26b-a4b,aegislab,T,JVMMemoryStress,14,0.7857142857142857,0.7142857142857143,0.8571428571428571,118.71428571428572
rq1_rca,gemma-4-26b-a4b,aegislab,T,JVMReturn,2,1.0,1.0,1.0,99.0
rq1_rca,gemma-4-26b-a4b,aegislab,T,NetworkBandwidth,2,0.0,0.0,0.0,119.0
rq1_rca,gemma-4-26b-a4b,aegislab,T,NetworkCorrupt,3,0.3333333333333333,0.3333333333333333,0.3333333333333333,98.33333333333331
rq1_rca,gemma-4-26b-a4b,aegislab,T,NetworkDelay,1,1.0,1.0,1.0,79.0
rq1_rca,gemma-4-26b-a4b,aegislab,T,NetworkLoss,3,0.3333333333333333,0.3333333333333333,0.3333333333333333,114.66666666666669
rq1_rca,gemma-4-26b-a4b,aegislab,T,NetworkPartition,6,0.0,0.0,0.0,110.83333333333331
rq1_rca,gemma-4-26b-a4b,aegislab,T,PodFailure,2,1.0,1.0,1.0,107.0
rq1_rca,gemma-4-26b-a4b,aegislab,T,PodKill,1,0.0,0.0,0.0,121.0
rq1_rca,gemma-4-26b-a4b,aegislab,TCV,ContainerKill,8,0.4166666666666666,0.375,0.5,106.625
rq1_rca,gemma-4-26b-a4b,aegislab,TCV,HTTPRequestAbort,6,0.0,0.0,0.0,108.16666666666669
rq1_rca,gemma-4-26b-a4b,aegislab,TCV,HTTPRequestDelay,7,0.0,0.0,0.0,105.71428571428572
rq1_rca,gemma-4-26b-a4b,aegislab,TCV,HTTPRequestReplaceMethod,15,0.4,0.4,0.4,114.46666666666668
rq1_rca,gemma-4-26b-a4b,aegislab,TCV,HTTPRequestReplacePath,1,0.0,0.0,0.0,119.0
rq1_rca,gemma-4-26b-a4b,aegislab,TCV,HTTPResponseAbort,3,0.0,0.0,0.0,107.66666666666669
rq1_rca,gemma-4-26b-a4b,aegislab,TCV,HTTPResponseDelay,7,0.2857142857142857,0.2857142857142857,0.2857142857142857,101.71428571428572
rq1_rca,gemma-4-26b-a4b,aegislab,TCV,HTTPResponseReplaceBody,2,0.0,0.0,0.0,102.5
rq1_rca,gemma-4-26b-a4b,aegislab,TCV,HTTPResponseReplaceCode,13,0.2307692307692307,0.2307692307692307,0.2307692307692307,123.92307692307692
rq1_rca,gemma-4-26b-a4b,aegislab,TCV,JVMException,3,1.0,1.0,1.0,112.66666666666669
rq1_rca,gemma-4-26b-a4b,aegislab,TCV,JVMLatency,1,0.0,0.0,0.0,98.0
rq1_rca,gemma-4-26b-a4b,aegislab,TCV,JVMMemoryStress,14,0.7857142857142857,0.6428571428571429,0.9285714285714286,109.0
rq1_rca,gemma-4-26b-a4b,aegislab,TCV,JVMReturn,2,1.0,1.0,1.0,95.0
rq1_rca,gemma-4-26b-a4b,aegislab,TCV,NetworkBandwidth,2,0.0,0.0,0.0,111.0
rq1_rca,gemma-4-26b-a4b,aegislab,TCV,NetworkCorrupt,3,0.0,0.0,0.0,105.66666666666669
rq1_rca,gemma-4-26b-a4b,aegislab,TCV,NetworkDelay,1,1.0,1.0,1.0,86.0
rq1_rca,gemma-4-26b-a4b,aegislab,TCV,NetworkLoss,3,0.0,0.0,0.0,93.66666666666669
rq1_rca,gemma-4-26b-a4b,aegislab,TCV,NetworkPartition,6,0.0,0.0,0.0,102.0
rq1_rca,gemma-4-26b-a4b,aegislab,TCV,PodFailure,2,0.5,0.5,0.5,92.5
rq1_rca,gemma-4-26b-a4b,aegislab,TCV,PodKill,1,0.0,0.0,0.0,108.0
rq1_rca,gemma-4-26b-a4b,aegislab,TPV,ContainerKill,8,0.5625,0.5,0.625,117.25
rq1_rca,gemma-4-26b-a4b,aegislab,TPV,HTTPRequestAbort,6,0.1666666666666666,0.1666666666666666,0.1666666666666666,103.5
rq1_rca,gemma-4-26b-a4b,aegislab,TPV,HTTPRequestDelay,7,0.0,0.0,0.0,104.57142857142856
rq1_rca,gemma-4-26b-a4b,aegislab,TPV,HTTPRequestReplaceMethod,15,0.3333333333333333,0.3333333333333333,0.3333333333333333,104.66666666666669
rq1_rca,gemma-4-26b-a4b,aegislab,TPV,HTTPRequestReplacePath,1,0.0,0.0,0.0,104.0
rq1_rca,gemma-4-26b-a4b,aegislab,TPV,HTTPResponseAbort,3,0.0,0.0,0.0,108.0
rq1_rca,gemma-4-26b-a4b,aegislab,TPV,HTTPResponseDelay,7,0.2857142857142857,0.2857142857142857,0.2857142857142857,113.28571428571428
rq1_rca,gemma-4-26b-a4b,aegislab,TPV,HTTPResponseReplaceBody,2,0.5,0.5,0.5,116.0
rq1_rca,gemma-4-26b-a4b,aegislab,TPV,HTTPResponseReplaceCode,13,0.4615384615384615,0.4615384615384615,0.4615384615384615,112.15384615384616
rq1_rca,gemma-4-26b-a4b,aegislab,TPV,JVMException,3,1.0,1.0,1.0,97.33333333333331
rq1_rca,gemma-4-26b-a4b,aegislab,TPV,JVMLatency,1,1.0,1.0,1.0,100.0
rq1_rca,gemma-4-26b-a4b,aegislab,TPV,JVMMemoryStress,14,0.75,0.6428571428571429,0.8571428571428571,110.71428571428572
rq1_rca,gemma-4-26b-a4b,aegislab,TPV,JVMReturn,2,1.0,1.0,1.0,111.0
rq1_rca,gemma-4-26b-a4b,aegislab,TPV,NetworkBandwidth,2,0.5,0.5,0.5,113.0
rq1_rca,gemma-4-26b-a4b,aegislab,TPV,NetworkCorrupt,3,0.3333333333333333,0.3333333333333333,0.3333333333333333,123.0
rq1_rca,gemma-4-26b-a4b,aegislab,TPV,NetworkDelay,1,1.0,1.0,1.0,129.0
rq1_rca,gemma-4-26b-a4b,aegislab,TPV,NetworkLoss,3,0.3333333333333333,0.3333333333333333,0.3333333333333333,115.0
rq1_rca,gemma-4-26b-a4b,aegislab,TPV,NetworkPartition,6,0.1666666666666666,0.1666666666666666,0.1666666666666666,108.66666666666669
rq1_rca,gemma-4-26b-a4b,aegislab,TPV,PodFailure,2,1.0,1.0,1.0,94.0
rq1_rca,gemma-4-26b-a4b,aegislab,TPV,PodKill,1,1.0,1.0,1.0,134.0
rq1_rca,gemma-4-26b-a4b,aegislab,V,ContainerKill,8,0.875,0.875,0.875,101.875
rq1_rca,gemma-4-26b-a4b,aegislab,V,HTTPRequestAbort,6,0.1666666666666666,0.1666666666666666,0.1666666666666666,103.16666666666669
rq1_rca,gemma-4-26b-a4b,aegislab,V,HTTPRequestDelay,7,0.0,0.0,0.0,94.57142857142856
rq1_rca,gemma-4-26b-a4b,aegislab,V,HTTPRequestReplaceMethod,15,0.2,0.2,0.2,100.13333333333334
rq1_rca,gemma-4-26b-a4b,aegislab,V,HTTPRequestReplacePath,1,0.0,0.0,0.0,116.0
rq1_rca,gemma-4-26b-a4b,aegislab,V,HTTPResponseAbort,3,0.0,0.0,0.0,104.66666666666669
rq1_rca,gemma-4-26b-a4b,aegislab,V,HTTPResponseDelay,7,0.0,0.0,0.0,99.0
rq1_rca,gemma-4-26b-a4b,aegislab,V,HTTPResponseReplaceBody,2,0.5,0.5,0.5,104.0
rq1_rca,gemma-4-26b-a4b,aegislab,V,HTTPResponseReplaceCode,13,0.3846153846153846,0.3846153846153846,0.3846153846153846,105.92307692307692
rq1_rca,gemma-4-26b-a4b,aegislab,V,JVMException,3,0.6666666666666666,0.6666666666666666,0.6666666666666666,100.0
rq1_rca,gemma-4-26b-a4b,aegislab,V,JVMLatency,1,0.0,0.0,0.0,135.0
rq1_rca,gemma-4-26b-a4b,aegislab,V,JVMMemoryStress,14,0.9285714285714286,0.9285714285714286,0.9285714285714286,107.07142857142856
rq1_rca,gemma-4-26b-a4b,aegislab,V,JVMReturn,2,0.5,0.5,0.5,95.5
rq1_rca,gemma-4-26b-a4b,aegislab,V,NetworkBandwidth,2,0.0,0.0,0.0,114.5
rq1_rca,gemma-4-26b-a4b,aegislab,V,NetworkCorrupt,3,0.0,0.0,0.0,97.0
rq1_rca,gemma-4-26b-a4b,aegislab,V,NetworkDelay,1,1.0,1.0,1.0,104.0
rq1_rca,gemma-4-26b-a4b,aegislab,V,NetworkLoss,3,0.3333333333333333,0.3333333333333333,0.3333333333333333,98.0
rq1_rca,gemma-4-26b-a4b,aegislab,V,NetworkPartition,6,0.1666666666666666,0.1666666666666666,0.1666666666666666,107.16666666666669
rq1_rca,gemma-4-26b-a4b,aegislab,V,PodFailure,2,1.0,1.0,1.0,95.0
rq1_rca,gemma-4-26b-a4b,aegislab,V,PodKill,1,1.0,1.0,1.0,118.0
rq1_rca,gemma-4-26b-a4b,aegislab,V_LG,ContainerKill,8,1.0,1.0,1.0,103.0
rq1_rca,gemma-4-26b-a4b,aegislab,V_LG,HTTPRequestAbort,6,0.1666666666666666,0.1666666666666666,0.1666666666666666,104.66666666666669
rq1_rca,gemma-4-26b-a4b,aegislab,V_LG,HTTPRequestDelay,7,0.0,0.0,0.0,114.42857142857144
rq1_rca,gemma-4-26b-a4b,aegislab,V_LG,HTTPRequestReplaceMethod,15,0.4,0.4,0.4,106.8
rq1_rca,gemma-4-26b-a4b,aegislab,V_LG,HTTPRequestReplacePath,1,0.0,0.0,0.0,92.0
rq1_rca,gemma-4-26b-a4b,aegislab,V_LG,HTTPResponseAbort,3,0.0,0.0,0.0,113.0
rq1_rca,gemma-4-26b-a4b,aegislab,V_LG,HTTPResponseDelay,7,0.1428571428571428,0.1428571428571428,0.1428571428571428,109.0
rq1_rca,gemma-4-26b-a4b,aegislab,V_LG,HTTPResponseReplaceBody,2,0.5,0.5,0.5,112.5
rq1_rca,gemma-4-26b-a4b,aegislab,V_LG,HTTPResponseReplaceCode,13,0.4615384615384615,0.4615384615384615,0.4615384615384615,107.0
rq1_rca,gemma-4-26b-a4b,aegislab,V_LG,JVMException,3,1.0,1.0,1.0,116.66666666666669
rq1_rca,gemma-4-26b-a4b,aegislab,V_LG,JVMLatency,1,1.0,1.0,1.0,144.0
rq1_rca,gemma-4-26b-a4b,aegislab,V_LG,JVMMemoryStress,14,1.0,1.0,1.0,113.57142857142856
rq1_rca,gemma-4-26b-a4b,aegislab,V_LG,JVMReturn,2,1.0,1.0,1.0,103.0
rq1_rca,gemma-4-26b-a4b,aegislab,V_LG,NetworkBandwidth,2,1.0,1.0,1.0,109.0
rq1_rca,gemma-4-26b-a4b,aegislab,V_LG,NetworkCorrupt,3,0.3333333333333333,0.3333333333333333,0.3333333333333333,107.0
rq1_rca,gemma-4-26b-a4b,aegislab,V_LG,NetworkDelay,1,1.0,1.0,1.0,83.0
rq1_rca,gemma-4-26b-a4b,aegislab,V_LG,NetworkLoss,3,0.3333333333333333,0.3333333333333333,0.3333333333333333,112.66666666666669
rq1_rca,gemma-4-26b-a4b,aegislab,V_LG,NetworkPartition,6,0.1666666666666666,0.1666666666666666,0.1666666666666666,119.16666666666669
rq1_rca,gemma-4-26b-a4b,aegislab,V_LG,PodFailure,2,1.0,1.0,1.0,91.5
rq1_rca,gemma-4-26b-a4b,aegislab,V_LG,PodKill,1,0.0,0.0,0.0,86.0
rq1_rca,gemma-4-26b-a4b,aegislab,V_MG,ContainerKill,8,0.4375,0.25,0.625,106.75
rq1_rca,gemma-4-26b-a4b,aegislab,V_MG,HTTPRequestAbort,6,0.1666666666666666,0.1666666666666666,0.1666666666666666,106.33333333333331
rq1_rca,gemma-4-26b-a4b,aegislab,V_MG,HTTPRequestDelay,7,0.2857142857142857,0.2857142857142857,0.2857142857142857,99.0
rq1_rca,gemma-4-26b-a4b,aegislab,V_MG,HTTPRequestReplaceMethod,15,0.2,0.2,0.2,117.93333333333334
rq1_rca,gemma-4-26b-a4b,aegislab,V_MG,HTTPRequestReplacePath,1,0.0,0.0,0.0,98.0
rq1_rca,gemma-4-26b-a4b,aegislab,V_MG,HTTPResponseAbort,3,0.0,0.0,0.0,120.33333333333331
rq1_rca,gemma-4-26b-a4b,aegislab,V_MG,HTTPResponseDelay,7,0.5714285714285714,0.5714285714285714,0.5714285714285714,106.71428571428572
rq1_rca,gemma-4-26b-a4b,aegislab,V_MG,HTTPResponseReplaceBody,2,0.0,0.0,0.0,120.5
rq1_rca,gemma-4-26b-a4b,aegislab,V_MG,HTTPResponseReplaceCode,13,0.3076923076923077,0.3076923076923077,0.3076923076923077,106.0
rq1_rca,gemma-4-26b-a4b,aegislab,V_MG,JVMException,3,0.3333333333333333,0.3333333333333333,0.3333333333333333,101.66666666666669
rq1_rca,gemma-4-26b-a4b,aegislab,V_MG,JVMLatency,1,1.0,1.0,1.0,87.0
rq1_rca,gemma-4-26b-a4b,aegislab,V_MG,JVMMemoryStress,14,0.5,0.4285714285714285,0.5714285714285714,106.57142857142856
rq1_rca,gemma-4-26b-a4b,aegislab,V_MG,JVMReturn,2,0.5,0.5,0.5,101.0
rq1_rca,gemma-4-26b-a4b,aegislab,V_MG,NetworkBandwidth,2,1.0,1.0,1.0,125.0
rq1_rca,gemma-4-26b-a4b,aegislab,V_MG,NetworkCorrupt,3,1.0,1.0,1.0,116.0
rq1_rca,gemma-4-26b-a4b,aegislab,V_MG,NetworkDelay,1,1.0,1.0,1.0,106.0
rq1_rca,gemma-4-26b-a4b,aegislab,V_MG,NetworkLoss,3,0.6666666666666666,0.6666666666666666,0.6666666666666666,115.33333333333331
rq1_rca,gemma-4-26b-a4b,aegislab,V_MG,NetworkPartition,6,0.1666666666666666,0.1666666666666666,0.1666666666666666,103.0
rq1_rca,gemma-4-26b-a4b,aegislab,V_MG,PodFailure,2,1.0,1.0,1.0,111.5
rq1_rca,gemma-4-26b-a4b,aegislab,V_MG,PodKill,1,1.0,1.0,1.0,90.0
rq1_rca,gemma-4-26b-a4b,aegislab,V_ML,ContainerKill,8,0.5,0.5,0.5,105.5
rq1_rca,gemma-4-26b-a4b,aegislab,V_ML,HTTPRequestAbort,6,0.0,0.0,0.0,97.83333333333331
rq1_rca,gemma-4-26b-a4b,aegislab,V_ML,HTTPRequestDelay,7,0.4285714285714285,0.4285714285714285,0.4285714285714285,106.57142857142856
rq1_rca,gemma-4-26b-a4b,aegislab,V_ML,HTTPRequestReplaceMethod,15,0.1333333333333333,0.1333333333333333,0.1333333333333333,104.4
rq1_rca,gemma-4-26b-a4b,aegislab,V_ML,HTTPRequestReplacePath,1,0.0,0.0,0.0,90.0
rq1_rca,gemma-4-26b-a4b,aegislab,V_ML,HTTPResponseAbort,3,0.0,0.0,0.0,99.0
rq1_rca,gemma-4-26b-a4b,aegislab,V_ML,HTTPResponseDelay,7,0.1428571428571428,0.1428571428571428,0.1428571428571428,103.14285714285714
rq1_rca,gemma-4-26b-a4b,aegislab,V_ML,HTTPResponseReplaceBody,2,0.0,0.0,0.0,101.5
rq1_rca,gemma-4-26b-a4b,aegislab,V_ML,HTTPResponseReplaceCode,13,0.1538461538461538,0.1538461538461538,0.1538461538461538,109.15384615384616
rq1_rca,gemma-4-26b-a4b,aegislab,V_ML,JVMException,3,0.3333333333333333,0.3333333333333333,0.3333333333333333,94.66666666666669
rq1_rca,gemma-4-26b-a4b,aegislab,V_ML,JVMLatency,1,0.0,0.0,0.0,107.0
rq1_rca,gemma-4-26b-a4b,aegislab,V_ML,JVMMemoryStress,14,0.5714285714285714,0.5714285714285714,0.5714285714285714,103.35714285714286
rq1_rca,gemma-4-26b-a4b,aegislab,V_ML,JVMReturn,2,0.5,0.5,0.5,85.5
rq1_rca,gemma-4-26b-a4b,aegislab,V_ML,NetworkBandwidth,2,0.5,0.5,0.5,101.5
rq1_rca,gemma-4-26b-a4b,aegislab,V_ML,NetworkCorrupt,3,0.3333333333333333,0.3333333333333333,0.3333333333333333,114.0
rq1_rca,gemma-4-26b-a4b,aegislab,V_ML,NetworkDelay,1,1.0,1.0,1.0,107.0
rq1_rca,gemma-4-26b-a4b,aegislab,V_ML,NetworkLoss,3,0.3333333333333333,0.3333333333333333,0.3333333333333333,102.0
rq1_rca,gemma-4-26b-a4b,aegislab,V_ML,NetworkPartition,6,0.1666666666666666,0.1666666666666666,0.1666666666666666,111.0
rq1_rca,gemma-4-26b-a4b,aegislab,V_ML,PodFailure,2,0.5,0.5,0.5,101.5
rq1_rca,gemma-4-26b-a4b,aegislab,V_ML,PodKill,1,1.0,1.0,1.0,97.0
rq1_rca,gemma-4-26b-a4b,aegislab,V_MLG,ContainerKill,8,0.625,0.625,0.625,106.25
rq1_rca,gemma-4-26b-a4b,aegislab,V_MLG,HTTPRequestAbort,6,0.0,0.0,0.0,107.83333333333331
rq1_rca,gemma-4-26b-a4b,aegislab,V_MLG,HTTPRequestDelay,7,0.1428571428571428,0.1428571428571428,0.1428571428571428,106.85714285714286
rq1_rca,gemma-4-26b-a4b,aegislab,V_MLG,HTTPRequestReplaceMethod,15,0.4,0.4,0.4,109.66666666666669
rq1_rca,gemma-4-26b-a4b,aegislab,V_MLG,HTTPRequestReplacePath,1,0.0,0.0,0.0,105.0
rq1_rca,gemma-4-26b-a4b,aegislab,V_MLG,HTTPResponseAbort,3,0.0,0.0,0.0,110.0
rq1_rca,gemma-4-26b-a4b,aegislab,V_MLG,HTTPResponseDelay,7,0.4285714285714285,0.4285714285714285,0.4285714285714285,108.85714285714286
rq1_rca,gemma-4-26b-a4b,aegislab,V_MLG,HTTPResponseReplaceBody,2,0.0,0.0,0.0,113.5
rq1_rca,gemma-4-26b-a4b,aegislab,V_MLG,HTTPResponseReplaceCode,13,0.2307692307692307,0.2307692307692307,0.2307692307692307,103.15384615384616
rq1_rca,gemma-4-26b-a4b,aegislab,V_MLG,JVMException,3,0.6666666666666666,0.6666666666666666,0.6666666666666666,94.0
rq1_rca,gemma-4-26b-a4b,aegislab,V_MLG,JVMLatency,1,0.0,0.0,0.0,85.0
rq1_rca,gemma-4-26b-a4b,aegislab,V_MLG,JVMMemoryStress,14,0.9285714285714286,0.9285714285714286,0.9285714285714286,108.42857142857144
rq1_rca,gemma-4-26b-a4b,aegislab,V_MLG,JVMReturn,2,0.5,0.5,0.5,95.0
rq1_rca,gemma-4-26b-a4b,aegislab,V_MLG,NetworkBandwidth,2,1.0,1.0,1.0,91.5
rq1_rca,gemma-4-26b-a4b,aegislab,V_MLG,NetworkCorrupt,3,1.0,1.0,1.0,93.33333333333331
rq1_rca,gemma-4-26b-a4b,aegislab,V_MLG,NetworkDelay,1,1.0,1.0,1.0,122.0
rq1_rca,gemma-4-26b-a4b,aegislab,V_MLG,NetworkLoss,3,0.6666666666666666,0.6666666666666666,0.6666666666666666,117.66666666666669
rq1_rca,gemma-4-26b-a4b,aegislab,V_MLG,NetworkPartition,6,0.3333333333333333,0.3333333333333333,0.3333333333333333,103.83333333333331
rq1_rca,gemma-4-26b-a4b,aegislab,V_MLG,PodFailure,2,0.5,0.5,0.5,125.5
rq1_rca,gemma-4-26b-a4b,aegislab,V_MLG,PodKill,1,1.0,1.0,1.0,140.0
rq1_rca,gemma-4-26b-a4b,aegislab,V_MR,ContainerKill,8,0.0,0.0,0.0,102.0
rq1_rca,gemma-4-26b-a4b,aegislab,V_MR,HTTPRequestAbort,6,0.0,0.0,0.0,101.33333333333331
rq1_rca,gemma-4-26b-a4b,aegislab,V_MR,HTTPRequestDelay,7,0.0,0.0,0.0,113.0
rq1_rca,gemma-4-26b-a4b,aegislab,V_MR,HTTPRequestReplaceMethod,15,0.3666666666666666,0.3333333333333333,0.4,99.53333333333332
rq1_rca,gemma-4-26b-a4b,aegislab,V_MR,HTTPRequestReplacePath,1,0.0,0.0,0.0,97.0
rq1_rca,gemma-4-26b-a4b,aegislab,V_MR,HTTPResponseAbort,3,0.0,0.0,0.0,99.33333333333331
rq1_rca,gemma-4-26b-a4b,aegislab,V_MR,HTTPResponseDelay,7,0.0,0.0,0.0,118.71428571428572
rq1_rca,gemma-4-26b-a4b,aegislab,V_MR,HTTPResponseReplaceBody,2,0.0,0.0,0.0,131.0
rq1_rca,gemma-4-26b-a4b,aegislab,V_MR,HTTPResponseReplaceCode,13,0.1538461538461538,0.1538461538461538,0.1538461538461538,107.23076923076924
rq1_rca,gemma-4-26b-a4b,aegislab,V_MR,JVMException,3,0.3333333333333333,0.3333333333333333,0.3333333333333333,107.0
rq1_rca,gemma-4-26b-a4b,aegislab,V_MR,JVMLatency,1,0.0,0.0,0.0,96.0
rq1_rca,gemma-4-26b-a4b,aegislab,V_MR,JVMMemoryStress,14,0.3214285714285714,0.2857142857142857,0.3571428571428571,105.28571428571428
rq1_rca,gemma-4-26b-a4b,aegislab,V_MR,JVMReturn,2,0.5,0.5,0.5,86.0
rq1_rca,gemma-4-26b-a4b,aegislab,V_MR,NetworkBandwidth,2,0.0,0.0,0.0,109.5
rq1_rca,gemma-4-26b-a4b,aegislab,V_MR,NetworkCorrupt,3,0.3333333333333333,0.3333333333333333,0.3333333333333333,102.33333333333331
rq1_rca,gemma-4-26b-a4b,aegislab,V_MR,NetworkDelay,1,0.0,0.0,0.0,106.0
rq1_rca,gemma-4-26b-a4b,aegislab,V_MR,NetworkLoss,3,0.0,0.0,0.0,97.66666666666669
rq1_rca,gemma-4-26b-a4b,aegislab,V_MR,NetworkPartition,6,0.0,0.0,0.0,102.0
rq1_rca,gemma-4-26b-a4b,aegislab,V_MR,PodFailure,2,0.5,0.5,0.5,112.0
rq1_rca,gemma-4-26b-a4b,aegislab,V_MR,PodKill,1,1.0,1.0,1.0,88.0
rq1_rca,gemma-4-26b-a4b,aegislab,V_MRG,ContainerKill,8,0.75,0.75,0.75,106.875
rq1_rca,gemma-4-26b-a4b,aegislab,V_MRG,HTTPRequestAbort,6,0.1666666666666666,0.1666666666666666,0.1666666666666666,102.16666666666669
rq1_rca,gemma-4-26b-a4b,aegislab,V_MRG,HTTPRequestDelay,7,0.0,0.0,0.0,99.57142857142856
rq1_rca,gemma-4-26b-a4b,aegislab,V_MRG,HTTPRequestReplaceMethod,15,0.3333333333333333,0.3333333333333333,0.3333333333333333,113.06666666666666
rq1_rca,gemma-4-26b-a4b,aegislab,V_MRG,HTTPRequestReplacePath,1,0.0,0.0,0.0,85.0
rq1_rca,gemma-4-26b-a4b,aegislab,V_MRG,HTTPResponseAbort,3,0.3333333333333333,0.3333333333333333,0.3333333333333333,87.66666666666667
rq1_rca,gemma-4-26b-a4b,aegislab,V_MRG,HTTPResponseDelay,7,0.2857142857142857,0.2857142857142857,0.2857142857142857,101.71428571428572
rq1_rca,gemma-4-26b-a4b,aegislab,V_MRG,HTTPResponseReplaceBody,2,0.5,0.5,0.5,114.0
rq1_rca,gemma-4-26b-a4b,aegislab,V_MRG,HTTPResponseReplaceCode,13,0.3076923076923077,0.3076923076923077,0.3076923076923077,102.6923076923077
rq1_rca,gemma-4-26b-a4b,aegislab,V_MRG,JVMException,3,0.6666666666666666,0.6666666666666666,0.6666666666666666,125.33333333333331
rq1_rca,gemma-4-26b-a4b,aegislab,V_MRG,JVMLatency,1,0.0,0.0,0.0,109.0
rq1_rca,gemma-4-26b-a4b,aegislab,V_MRG,JVMMemoryStress,14,0.5,0.5,0.5,103.57142857142856
rq1_rca,gemma-4-26b-a4b,aegislab,V_MRG,JVMReturn,2,0.0,0.0,0.0,99.0
rq1_rca,gemma-4-26b-a4b,aegislab,V_MRG,NetworkBandwidth,2,0.0,0.0,0.0,94.5
rq1_rca,gemma-4-26b-a4b,aegislab,V_MRG,NetworkCorrupt,3,0.0,0.0,0.0,130.33333333333334
rq1_rca,gemma-4-26b-a4b,aegislab,V_MRG,NetworkDelay,1,1.0,1.0,1.0,109.0
rq1_rca,gemma-4-26b-a4b,aegislab,V_MRG,NetworkLoss,3,0.3333333333333333,0.3333333333333333,0.3333333333333333,111.33333333333331
rq1_rca,gemma-4-26b-a4b,aegislab,V_MRG,NetworkPartition,6,0.1666666666666666,0.1666666666666666,0.1666666666666666,103.16666666666669
rq1_rca,gemma-4-26b-a4b,aegislab,V_MRG,PodFailure,2,0.5,0.5,0.5,109.0
rq1_rca,gemma-4-26b-a4b,aegislab,V_MRG,PodKill,1,1.0,1.0,1.0,118.0
rq1_rca,gemma-4-26b-a4b,aegislab,V_MRL,ContainerKill,8,0.25,0.25,0.25,104.375
rq1_rca,gemma-4-26b-a4b,aegislab,V_MRL,HTTPRequestAbort,6,0.0,0.0,0.0,113.0
rq1_rca,gemma-4-26b-a4b,aegislab,V_MRL,HTTPRequestDelay,7,0.0,0.0,0.0,103.0
rq1_rca,gemma-4-26b-a4b,aegislab,V_MRL,HTTPRequestReplaceMethod,15,0.2666666666666666,0.2666666666666666,0.2666666666666666,103.53333333333332
rq1_rca,gemma-4-26b-a4b,aegislab,V_MRL,HTTPRequestReplacePath,1,0.0,0.0,0.0,94.0
rq1_rca,gemma-4-26b-a4b,aegislab,V_MRL,HTTPResponseAbort,3,0.0,0.0,0.0,110.33333333333331
rq1_rca,gemma-4-26b-a4b,aegislab,V_MRL,HTTPResponseDelay,7,0.0,0.0,0.0,104.57142857142856
rq1_rca,gemma-4-26b-a4b,aegislab,V_MRL,HTTPResponseReplaceBody,2,0.0,0.0,0.0,111.5
rq1_rca,gemma-4-26b-a4b,aegislab,V_MRL,HTTPResponseReplaceCode,13,0.1538461538461538,0.1538461538461538,0.1538461538461538,108.6153846153846
rq1_rca,gemma-4-26b-a4b,aegislab,V_MRL,JVMException,3,0.3333333333333333,0.3333333333333333,0.3333333333333333,105.0
rq1_rca,gemma-4-26b-a4b,aegislab,V_MRL,JVMLatency,1,0.0,0.0,0.0,113.0
rq1_rca,gemma-4-26b-a4b,aegislab,V_MRL,JVMMemoryStress,14,0.5,0.5,0.5,108.0
rq1_rca,gemma-4-26b-a4b,aegislab,V_MRL,JVMReturn,2,0.5,0.5,0.5,103.5
rq1_rca,gemma-4-26b-a4b,aegislab,V_MRL,NetworkBandwidth,2,0.0,0.0,0.0,107.5
rq1_rca,gemma-4-26b-a4b,aegislab,V_MRL,NetworkCorrupt,3,0.0,0.0,0.0,102.33333333333331
rq1_rca,gemma-4-26b-a4b,aegislab,V_MRL,NetworkDelay,1,1.0,1.0,1.0,106.0
rq1_rca,gemma-4-26b-a4b,aegislab,V_MRL,NetworkLoss,3,0.0,0.0,0.0,88.66666666666667
rq1_rca,gemma-4-26b-a4b,aegislab,V_MRL,NetworkPartition,6,0.0,0.0,0.0,98.0
rq1_rca,gemma-4-26b-a4b,aegislab,V_MRL,PodFailure,2,0.5,0.5,0.5,117.5
rq1_rca,gemma-4-26b-a4b,aegislab,V_MRL,PodKill,1,1.0,1.0,1.0,83.0
rq1_rca,gemma-4-26b-a4b,aegislab,V_RG,ContainerKill,8,0.75,0.75,0.75,117.25
rq1_rca,gemma-4-26b-a4b,aegislab,V_RG,HTTPRequestAbort,6,0.1666666666666666,0.1666666666666666,0.1666666666666666,117.83333333333331
rq1_rca,gemma-4-26b-a4b,aegislab,V_RG,HTTPRequestDelay,7,0.0,0.0,0.0,112.14285714285714
rq1_rca,gemma-4-26b-a4b,aegislab,V_RG,HTTPRequestReplaceMethod,15,0.3333333333333333,0.3333333333333333,0.3333333333333333,114.4
rq1_rca,gemma-4-26b-a4b,aegislab,V_RG,HTTPRequestReplacePath,1,0.0,0.0,0.0,103.0
rq1_rca,gemma-4-26b-a4b,aegislab,V_RG,HTTPResponseAbort,3,0.0,0.0,0.0,119.66666666666669
rq1_rca,gemma-4-26b-a4b,aegislab,V_RG,HTTPResponseDelay,7,0.1428571428571428,0.1428571428571428,0.1428571428571428,115.0
rq1_rca,gemma-4-26b-a4b,aegislab,V_RG,HTTPResponseReplaceBody,2,0.5,0.5,0.5,123.0
rq1_rca,gemma-4-26b-a4b,aegislab,V_RG,HTTPResponseReplaceCode,13,0.4615384615384615,0.4615384615384615,0.4615384615384615,114.15384615384616
rq1_rca,gemma-4-26b-a4b,aegislab,V_RG,JVMException,3,1.0,1.0,1.0,98.66666666666669
rq1_rca,gemma-4-26b-a4b,aegislab,V_RG,JVMLatency,1,1.0,1.0,1.0,90.0
rq1_rca,gemma-4-26b-a4b,aegislab,V_RG,JVMMemoryStress,14,0.9285714285714286,0.8571428571428571,1.0,117.14285714285714
rq1_rca,gemma-4-26b-a4b,aegislab,V_RG,JVMReturn,2,1.0,1.0,1.0,121.0
rq1_rca,gemma-4-26b-a4b,aegislab,V_RG,NetworkBandwidth,2,0.0,0.0,0.0,108.5
rq1_rca,gemma-4-26b-a4b,aegislab,V_RG,NetworkCorrupt,3,0.0,0.0,0.0,103.0
rq1_rca,gemma-4-26b-a4b,aegislab,V_RG,NetworkDelay,1,1.0,1.0,1.0,103.0
rq1_rca,gemma-4-26b-a4b,aegislab,V_RG,NetworkLoss,3,0.0,0.0,0.0,111.0
rq1_rca,gemma-4-26b-a4b,aegislab,V_RG,NetworkPartition,6,0.1666666666666666,0.1666666666666666,0.1666666666666666,111.16666666666669
rq1_rca,gemma-4-26b-a4b,aegislab,V_RG,PodFailure,2,1.0,1.0,1.0,111.0
rq1_rca,gemma-4-26b-a4b,aegislab,V_RG,PodKill,1,0.0,0.0,0.0,95.0
rq1_rca,gemma-4-26b-a4b,aegislab,V_RL,ContainerKill,8,1.0,1.0,1.0,147.0
rq1_rca,gemma-4-26b-a4b,aegislab,V_RL,HTTPRequestAbort,6,0.0,0.0,0.0,107.5
rq1_rca,gemma-4-26b-a4b,aegislab,V_RL,HTTPRequestDelay,7,0.0,0.0,0.0,111.71428571428572
rq1_rca,gemma-4-26b-a4b,aegislab,V_RL,HTTPRequestReplaceMethod,15,0.4,0.4,0.4,110.26666666666668
rq1_rca,gemma-4-26b-a4b,aegislab,V_RL,HTTPRequestReplacePath,1,0.0,0.0,0.0,102.0
rq1_rca,gemma-4-26b-a4b,aegislab,V_RL,HTTPResponseAbort,3,0.0,0.0,0.0,117.0
rq1_rca,gemma-4-26b-a4b,aegislab,V_RL,HTTPResponseDelay,7,0.0,0.0,0.0,108.28571428571428
rq1_rca,gemma-4-26b-a4b,aegislab,V_RL,HTTPResponseReplaceBody,2,0.5,0.5,0.5,109.5
rq1_rca,gemma-4-26b-a4b,aegislab,V_RL,HTTPResponseReplaceCode,13,0.3846153846153846,0.3846153846153846,0.3846153846153846,110.3076923076923
rq1_rca,gemma-4-26b-a4b,aegislab,V_RL,JVMException,3,1.0,1.0,1.0,96.66666666666669
rq1_rca,gemma-4-26b-a4b,aegislab,V_RL,JVMLatency,1,0.0,0.0,0.0,119.0
rq1_rca,gemma-4-26b-a4b,aegislab,V_RL,JVMMemoryStress,14,0.9285714285714286,0.9285714285714286,0.9285714285714286,111.28571428571428
rq1_rca,gemma-4-26b-a4b,aegislab,V_RL,JVMReturn,2,1.0,1.0,1.0,110.0
rq1_rca,gemma-4-26b-a4b,aegislab,V_RL,NetworkBandwidth,2,0.0,0.0,0.0,96.0
rq1_rca,gemma-4-26b-a4b,aegislab,V_RL,NetworkCorrupt,3,0.0,0.0,0.0,98.0
rq1_rca,gemma-4-26b-a4b,aegislab,V_RL,NetworkDelay,1,0.0,0.0,0.0,106.0
rq1_rca,gemma-4-26b-a4b,aegislab,V_RL,NetworkLoss,3,0.0,0.0,0.0,89.66666666666667
rq1_rca,gemma-4-26b-a4b,aegislab,V_RL,NetworkPartition,6,0.1666666666666666,0.1666666666666666,0.1666666666666666,104.66666666666669
rq1_rca,gemma-4-26b-a4b,aegislab,V_RL,PodFailure,2,1.0,1.0,1.0,104.0
rq1_rca,gemma-4-26b-a4b,aegislab,V_RL,PodKill,1,0.0,0.0,0.0,86.0
rq1_rca,gemma-4-26b-a4b,aegislab,V_RLG,ContainerKill,8,1.0,1.0,1.0,104.25
rq1_rca,gemma-4-26b-a4b,aegislab,V_RLG,HTTPRequestAbort,6,0.1666666666666666,0.1666666666666666,0.1666666666666666,103.66666666666669
rq1_rca,gemma-4-26b-a4b,aegislab,V_RLG,HTTPRequestDelay,7,0.0476190476190476,0.0,0.1428571428571428,97.57142857142856
rq1_rca,gemma-4-26b-a4b,aegislab,V_RLG,HTTPRequestReplaceMethod,15,0.3333333333333333,0.3333333333333333,0.3333333333333333,110.06666666666666
rq1_rca,gemma-4-26b-a4b,aegislab,V_RLG,HTTPRequestReplacePath,1,0.0,0.0,0.0,62.0
rq1_rca,gemma-4-26b-a4b,aegislab,V_RLG,HTTPResponseAbort,3,0.0,0.0,0.0,95.33333333333331
rq1_rca,gemma-4-26b-a4b,aegislab,V_RLG,HTTPResponseDelay,7,0.1428571428571428,0.1428571428571428,0.1428571428571428,110.85714285714286
rq1_rca,gemma-4-26b-a4b,aegislab,V_RLG,HTTPResponseReplaceBody,2,0.5,0.5,0.5,117.0
rq1_rca,gemma-4-26b-a4b,aegislab,V_RLG,HTTPResponseReplaceCode,13,0.4615384615384615,0.4615384615384615,0.4615384615384615,111.15384615384616
rq1_rca,gemma-4-26b-a4b,aegislab,V_RLG,JVMException,3,1.0,1.0,1.0,107.66666666666669
rq1_rca,gemma-4-26b-a4b,aegislab,V_RLG,JVMLatency,1,1.0,1.0,1.0,137.0
rq1_rca,gemma-4-26b-a4b,aegislab,V_RLG,JVMMemoryStress,14,1.0,1.0,1.0,109.85714285714286
rq1_rca,gemma-4-26b-a4b,aegislab,V_RLG,JVMReturn,2,1.0,1.0,1.0,113.5
rq1_rca,gemma-4-26b-a4b,aegislab,V_RLG,NetworkBandwidth,2,0.0,0.0,0.0,92.5
rq1_rca,gemma-4-26b-a4b,aegislab,V_RLG,NetworkCorrupt,3,0.0,0.0,0.0,114.33333333333331
rq1_rca,gemma-4-26b-a4b,aegislab,V_RLG,NetworkDelay,1,1.0,1.0,1.0,135.0
rq1_rca,gemma-4-26b-a4b,aegislab,V_RLG,NetworkLoss,3,0.0,0.0,0.0,119.33333333333331
rq1_rca,gemma-4-26b-a4b,aegislab,V_RLG,NetworkPartition,6,0.1666666666666666,0.1666666666666666,0.1666666666666666,121.16666666666669
rq1_rca,gemma-4-26b-a4b,aegislab,V_RLG,PodFailure,2,1.0,1.0,1.0,109.0
rq1_rca,gemma-4-26b-a4b,aegislab,V_RLG,PodKill,1,0.0,0.0,0.0,80.0
rq1_rca,gemma-4-26b-a4b,aiops2022,C,k8s容器cpu负载,9,0.5555555555555556,0.5555555555555556,0.5555555555555556,110.77777777777776
rq1_rca,gemma-4-26b-a4b,aiops2022,C,k8s容器内存负载,8,0.375,0.375,0.375,112.5
rq1_rca,gemma-4-26b-a4b,aiops2022,C,k8s容器写io负载,4,0.5,0.5,0.5,100.25
rq1_rca,gemma-4-26b-a4b,aiops2022,C,k8s容器网络丢包,9,0.2222222222222222,0.2222222222222222,0.2222222222222222,98.55555555555556
rq1_rca,gemma-4-26b-a4b,aiops2022,C,k8s容器网络延迟,10,0.1,0.1,0.1,121.1
rq1_rca,gemma-4-26b-a4b,aiops2022,C,k8s容器网络资源包损坏,10,0.1,0.1,0.1,111.5
rq1_rca,gemma-4-26b-a4b,aiops2022,C,k8s容器网络资源包重复发送,7,0.1428571428571428,0.1428571428571428,0.1428571428571428,105.0
rq1_rca,gemma-4-26b-a4b,aiops2022,C,k8s容器读io负载,9,0.4444444444444444,0.4444444444444444,0.4444444444444444,102.66666666666669
rq1_rca,gemma-4-26b-a4b,aiops2022,C,k8s容器进程中止,5,0.4,0.4,0.4,112.6
rq1_rca,gemma-4-26b-a4b,aiops2022,C,node 内存消耗,5,0.2,0.2,0.2,109.0
rq1_rca,gemma-4-26b-a4b,aiops2022,C,node 磁盘写IO消耗,6,0.5,0.5,0.5,107.5
rq1_rca,gemma-4-26b-a4b,aiops2022,C,node 磁盘空间消耗,5,0.8,0.8,0.8,102.0
rq1_rca,gemma-4-26b-a4b,aiops2022,C,node 磁盘读IO消耗,5,0.2,0.2,0.2,112.4
rq1_rca,gemma-4-26b-a4b,aiops2022,C,node节点CPU故障,5,0.4,0.4,0.4,108.8
rq1_rca,gemma-4-26b-a4b,aiops2022,C,node节点CPU爬升,3,0.0,0.0,0.0,108.33333333333331
rq1_rca,gemma-4-26b-a4b,aiops2022,H,k8s容器cpu负载,9,0.5555555555555556,0.5555555555555556,0.5555555555555556,115.33333333333331
rq1_rca,gemma-4-26b-a4b,aiops2022,H,k8s容器内存负载,8,0.125,0.125,0.125,109.375
rq1_rca,gemma-4-26b-a4b,aiops2022,H,k8s容器写io负载,4,0.25,0.25,0.25,104.0
rq1_rca,gemma-4-26b-a4b,aiops2022,H,k8s容器网络丢包,9,0.2222222222222222,0.2222222222222222,0.2222222222222222,101.88888888888889
rq1_rca,gemma-4-26b-a4b,aiops2022,H,k8s容器网络延迟,10,0.0,0.0,0.0,120.5
rq1_rca,gemma-4-26b-a4b,aiops2022,H,k8s容器网络资源包损坏,10,0.1,0.1,0.1,102.4
rq1_rca,gemma-4-26b-a4b,aiops2022,H,k8s容器网络资源包重复发送,7,0.0,0.0,0.0,106.0
rq1_rca,gemma-4-26b-a4b,aiops2022,H,k8s容器读io负载,9,0.3888888888888889,0.3333333333333333,0.4444444444444444,117.77777777777776
rq1_rca,gemma-4-26b-a4b,aiops2022,H,k8s容器进程中止,5,0.4,0.4,0.4,114.6
rq1_rca,gemma-4-26b-a4b,aiops2022,H,node 内存消耗,5,0.0,0.0,0.0,104.2
rq1_rca,gemma-4-26b-a4b,aiops2022,H,node 磁盘写IO消耗,6,0.6666666666666666,0.6666666666666666,0.6666666666666666,107.83333333333331
rq1_rca,gemma-4-26b-a4b,aiops2022,H,node 磁盘空间消耗,5,0.8,0.8,0.8,104.2
rq1_rca,gemma-4-26b-a4b,aiops2022,H,node 磁盘读IO消耗,5,0.2,0.2,0.2,94.8
rq1_rca,gemma-4-26b-a4b,aiops2022,H,node节点CPU故障,5,0.4,0.4,0.4,108.4
rq1_rca,gemma-4-26b-a4b,aiops2022,H,node节点CPU爬升,3,0.0,0.0,0.0,99.66666666666669
rq1_rca,gemma-4-26b-a4b,aiops2022,LV,k8s容器cpu负载,9,0.5,0.4444444444444444,0.5555555555555556,103.44444444444444
rq1_rca,gemma-4-26b-a4b,aiops2022,LV,k8s容器内存负载,8,0.25,0.25,0.25,102.25
rq1_rca,gemma-4-26b-a4b,aiops2022,LV,k8s容器写io负载,4,0.5,0.5,0.5,120.0
rq1_rca,gemma-4-26b-a4b,aiops2022,LV,k8s容器网络丢包,9,0.2222222222222222,0.2222222222222222,0.2222222222222222,106.66666666666669
rq1_rca,gemma-4-26b-a4b,aiops2022,LV,k8s容器网络延迟,10,0.0,0.0,0.0,106.2
rq1_rca,gemma-4-26b-a4b,aiops2022,LV,k8s容器网络资源包损坏,10,0.1,0.1,0.1,111.0
rq1_rca,gemma-4-26b-a4b,aiops2022,LV,k8s容器网络资源包重复发送,7,0.2857142857142857,0.2857142857142857,0.2857142857142857,106.57142857142856
rq1_rca,gemma-4-26b-a4b,aiops2022,LV,k8s容器读io负载,9,0.3333333333333333,0.3333333333333333,0.3333333333333333,102.44444444444444
rq1_rca,gemma-4-26b-a4b,aiops2022,LV,k8s容器进程中止,5,0.2,0.2,0.2,124.8
rq1_rca,gemma-4-26b-a4b,aiops2022,LV,node 内存消耗,5,0.2,0.2,0.2,112.0
rq1_rca,gemma-4-26b-a4b,aiops2022,LV,node 磁盘写IO消耗,6,0.6666666666666666,0.6666666666666666,0.6666666666666666,105.83333333333331
rq1_rca,gemma-4-26b-a4b,aiops2022,LV,node 磁盘空间消耗,5,0.8,0.8,0.8,108.4
rq1_rca,gemma-4-26b-a4b,aiops2022,LV,node 磁盘读IO消耗,5,0.4,0.4,0.4,106.4
rq1_rca,gemma-4-26b-a4b,aiops2022,LV,node节点CPU故障,5,0.4,0.4,0.4,107.0
rq1_rca,gemma-4-26b-a4b,aiops2022,LV,node节点CPU爬升,3,0.0,0.0,0.0,116.0
rq1_rca,gemma-4-26b-a4b,aiops2022,MV,k8s容器cpu负载,9,0.2222222222222222,0.2222222222222222,0.2222222222222222,109.0
rq1_rca,gemma-4-26b-a4b,aiops2022,MV,k8s容器内存负载,8,0.0,0.0,0.0,105.125
rq1_rca,gemma-4-26b-a4b,aiops2022,MV,k8s容器写io负载,4,0.0,0.0,0.0,106.25
rq1_rca,gemma-4-26b-a4b,aiops2022,MV,k8s容器网络丢包,9,0.2222222222222222,0.2222222222222222,0.2222222222222222,99.33333333333331
rq1_rca,gemma-4-26b-a4b,aiops2022,MV,k8s容器网络延迟,10,0.15,0.1,0.2,108.2
rq1_rca,gemma-4-26b-a4b,aiops2022,MV,k8s容器网络资源包损坏,10,0.1,0.1,0.1,111.8
rq1_rca,gemma-4-26b-a4b,aiops2022,MV,k8s容器网络资源包重复发送,7,0.1428571428571428,0.1428571428571428,0.1428571428571428,100.85714285714286
rq1_rca,gemma-4-26b-a4b,aiops2022,MV,k8s容器读io负载,9,0.0,0.0,0.0,110.88888888888889
rq1_rca,gemma-4-26b-a4b,aiops2022,MV,k8s容器进程中止,5,0.0,0.0,0.0,104.6
rq1_rca,gemma-4-26b-a4b,aiops2022,MV,node 内存消耗,5,0.0,0.0,0.0,115.2
rq1_rca,gemma-4-26b-a4b,aiops2022,MV,node 磁盘写IO消耗,6,0.5,0.5,0.5,113.16666666666669
rq1_rca,gemma-4-26b-a4b,aiops2022,MV,node 磁盘空间消耗,5,0.6,0.6,0.6,117.2
rq1_rca,gemma-4-26b-a4b,aiops2022,MV,node 磁盘读IO消耗,5,0.2,0.2,0.2,107.4
rq1_rca,gemma-4-26b-a4b,aiops2022,MV,node节点CPU故障,5,0.2,0.2,0.2,109.6
rq1_rca,gemma-4-26b-a4b,aiops2022,MV,node节点CPU爬升,3,0.0,0.0,0.0,98.0
rq1_rca,gemma-4-26b-a4b,aiops2022,S,k8s容器cpu负载,9,0.0,0.0,0.0,103.88888888888889
rq1_rca,gemma-4-26b-a4b,aiops2022,S,k8s容器内存负载,8,0.25,0.25,0.25,110.5
rq1_rca,gemma-4-26b-a4b,aiops2022,S,k8s容器写io负载,4,0.0,0.0,0.0,99.25
rq1_rca,gemma-4-26b-a4b,aiops2022,S,k8s容器网络丢包,9,0.1111111111111111,0.1111111111111111,0.1111111111111111,105.22222222222224
rq1_rca,gemma-4-26b-a4b,aiops2022,S,k8s容器网络延迟,10,0.3,0.3,0.3,114.6
rq1_rca,gemma-4-26b-a4b,aiops2022,S,k8s容器网络资源包损坏,10,0.5,0.5,0.5,116.6
rq1_rca,gemma-4-26b-a4b,aiops2022,S,k8s容器网络资源包重复发送,7,0.0,0.0,0.0,113.28571428571428
rq1_rca,gemma-4-26b-a4b,aiops2022,S,k8s容器读io负载,9,0.1111111111111111,0.1111111111111111,0.1111111111111111,101.55555555555556
rq1_rca,gemma-4-26b-a4b,aiops2022,S,k8s容器进程中止,5,0.4,0.4,0.4,109.2
rq1_rca,gemma-4-26b-a4b,aiops2022,S,node 内存消耗,5,0.0,0.0,0.0,119.0
rq1_rca,gemma-4-26b-a4b,aiops2022,S,node 磁盘写IO消耗,6,0.0,0.0,0.0,101.33333333333331
rq1_rca,gemma-4-26b-a4b,aiops2022,S,node 磁盘空间消耗,5,0.0,0.0,0.0,101.8
rq1_rca,gemma-4-26b-a4b,aiops2022,S,node 磁盘读IO消耗,5,0.0,0.0,0.0,105.6
rq1_rca,gemma-4-26b-a4b,aiops2022,S,node节点CPU故障,5,0.0,0.0,0.0,104.4
rq1_rca,gemma-4-26b-a4b,aiops2022,S,node节点CPU爬升,3,0.0,0.0,0.0,97.0
rq1_rca,gemma-4-26b-a4b,aiops2022,T,k8s容器cpu负载,9,0.3703703703703704,0.3333333333333333,0.4444444444444444,117.33333333333331
rq1_rca,gemma-4-26b-a4b,aiops2022,T,k8s容器内存负载,8,0.25,0.25,0.25,115.125
rq1_rca,gemma-4-26b-a4b,aiops2022,T,k8s容器写io负载,4,0.75,0.75,0.75,131.0
rq1_rca,gemma-4-26b-a4b,aiops2022,T,k8s容器网络丢包,9,0.2777777777777778,0.2222222222222222,0.3333333333333333,102.55555555555556
rq1_rca,gemma-4-26b-a4b,aiops2022,T,k8s容器网络延迟,10,0.0,0.0,0.0,109.2
rq1_rca,gemma-4-26b-a4b,aiops2022,T,k8s容器网络资源包损坏,10,0.1,0.1,0.1,114.5
rq1_rca,gemma-4-26b-a4b,aiops2022,T,k8s容器网络资源包重复发送,7,0.0714285714285714,0.0,0.1428571428571428,100.0
rq1_rca,gemma-4-26b-a4b,aiops2022,T,k8s容器读io负载,9,0.4444444444444444,0.4444444444444444,0.4444444444444444,114.11111111111111
rq1_rca,gemma-4-26b-a4b,aiops2022,T,k8s容器进程中止,5,0.6,0.6,0.6,121.6
rq1_rca,gemma-4-26b-a4b,aiops2022,T,node 内存消耗,5,0.2,0.2,0.2,115.2
rq1_rca,gemma-4-26b-a4b,aiops2022,T,node 磁盘写IO消耗,6,0.5,0.5,0.5,116.33333333333331
rq1_rca,gemma-4-26b-a4b,aiops2022,T,node 磁盘空间消耗,5,0.8,0.8,0.8,108.0
rq1_rca,gemma-4-26b-a4b,aiops2022,T,node 磁盘读IO消耗,5,0.2,0.2,0.2,108.0
rq1_rca,gemma-4-26b-a4b,aiops2022,T,node节点CPU故障,5,0.4,0.4,0.4,107.0
rq1_rca,gemma-4-26b-a4b,aiops2022,T,node节点CPU爬升,3,0.0,0.0,0.0,108.33333333333331
rq1_rca,gemma-4-26b-a4b,aiops2022,TCV,k8s容器cpu负载,9,0.4444444444444444,0.4444444444444444,0.4444444444444444,105.33333333333331
rq1_rca,gemma-4-26b-a4b,aiops2022,TCV,k8s容器内存负载,8,0.0,0.0,0.0,121.375
rq1_rca,gemma-4-26b-a4b,aiops2022,TCV,k8s容器写io负载,4,0.75,0.75,0.75,106.0
rq1_rca,gemma-4-26b-a4b,aiops2022,TCV,k8s容器网络丢包,9,0.2222222222222222,0.2222222222222222,0.2222222222222222,96.55555555555556
rq1_rca,gemma-4-26b-a4b,aiops2022,TCV,k8s容器网络延迟,10,0.0,0.0,0.0,113.4
rq1_rca,gemma-4-26b-a4b,aiops2022,TCV,k8s容器网络资源包损坏,10,0.1,0.1,0.1,102.5
rq1_rca,gemma-4-26b-a4b,aiops2022,TCV,k8s容器网络资源包重复发送,7,0.1428571428571428,0.1428571428571428,0.1428571428571428,104.28571428571428
rq1_rca,gemma-4-26b-a4b,aiops2022,TCV,k8s容器读io负载,9,0.4444444444444444,0.4444444444444444,0.4444444444444444,100.11111111111111
rq1_rca,gemma-4-26b-a4b,aiops2022,TCV,k8s容器进程中止,5,0.2,0.2,0.2,97.0
rq1_rca,gemma-4-26b-a4b,aiops2022,TCV,node 内存消耗,5,0.2,0.2,0.2,108.2
rq1_rca,gemma-4-26b-a4b,aiops2022,TCV,node 磁盘写IO消耗,6,0.6666666666666666,0.6666666666666666,0.6666666666666666,96.66666666666669
rq1_rca,gemma-4-26b-a4b,aiops2022,TCV,node 磁盘空间消耗,5,0.8,0.8,0.8,99.4
rq1_rca,gemma-4-26b-a4b,aiops2022,TCV,node 磁盘读IO消耗,5,0.2,0.2,0.2,103.4
rq1_rca,gemma-4-26b-a4b,aiops2022,TCV,node节点CPU故障,5,0.4,0.4,0.4,97.8
rq1_rca,gemma-4-26b-a4b,aiops2022,TCV,node节点CPU爬升,3,0.0,0.0,0.0,116.66666666666669
rq1_rca,gemma-4-26b-a4b,aiops2022,TPV,k8s容器cpu负载,9,0.3333333333333333,0.3333333333333333,0.3333333333333333,109.77777777777776
rq1_rca,gemma-4-26b-a4b,aiops2022,TPV,k8s容器内存负载,8,0.25,0.25,0.25,105.125
rq1_rca,gemma-4-26b-a4b,aiops2022,TPV,k8s容器写io负载,4,0.75,0.75,0.75,110.25
rq1_rca,gemma-4-26b-a4b,aiops2022,TPV,k8s容器网络丢包,9,0.1111111111111111,0.1111111111111111,0.1111111111111111,108.66666666666669
rq1_rca,gemma-4-26b-a4b,aiops2022,TPV,k8s容器网络延迟,10,0.1,0.1,0.1,112.4
rq1_rca,gemma-4-26b-a4b,aiops2022,TPV,k8s容器网络资源包损坏,10,0.2,0.2,0.2,101.5
rq1_rca,gemma-4-26b-a4b,aiops2022,TPV,k8s容器网络资源包重复发送,7,0.1428571428571428,0.1428571428571428,0.1428571428571428,104.42857142857144
rq1_rca,gemma-4-26b-a4b,aiops2022,TPV,k8s容器读io负载,9,0.3333333333333333,0.3333333333333333,0.3333333333333333,103.88888888888889
rq1_rca,gemma-4-26b-a4b,aiops2022,TPV,k8s容器进程中止,5,0.4,0.4,0.4,101.8
rq1_rca,gemma-4-26b-a4b,aiops2022,TPV,node 内存消耗,5,0.0,0.0,0.0,101.4
rq1_rca,gemma-4-26b-a4b,aiops2022,TPV,node 磁盘写IO消耗,6,0.1666666666666666,0.1666666666666666,0.1666666666666666,114.83333333333331
rq1_rca,gemma-4-26b-a4b,aiops2022,TPV,node 磁盘空间消耗,5,0.6,0.6,0.6,96.6
rq1_rca,gemma-4-26b-a4b,aiops2022,TPV,node 磁盘读IO消耗,5,0.2,0.2,0.2,102.8
rq1_rca,gemma-4-26b-a4b,aiops2022,TPV,node节点CPU故障,5,0.2,0.2,0.2,96.0
rq1_rca,gemma-4-26b-a4b,aiops2022,TPV,node节点CPU爬升,3,0.0,0.0,0.0,115.66666666666669
rq1_rca,gemma-4-26b-a4b,aiops2022,V,k8s容器cpu负载,9,0.3333333333333333,0.3333333333333333,0.3333333333333333,109.0
rq1_rca,gemma-4-26b-a4b,aiops2022,V,k8s容器内存负载,8,0.0,0.0,0.0,103.125
rq1_rca,gemma-4-26b-a4b,aiops2022,V,k8s容器写io负载,4,0.25,0.25,0.25,112.5
rq1_rca,gemma-4-26b-a4b,aiops2022,V,k8s容器网络丢包,9,0.0,0.0,0.0,101.55555555555556
rq1_rca,gemma-4-26b-a4b,aiops2022,V,k8s容器网络延迟,10,0.0,0.0,0.0,101.3
rq1_rca,gemma-4-26b-a4b,aiops2022,V,k8s容器网络资源包损坏,10,0.2,0.2,0.2,100.6
rq1_rca,gemma-4-26b-a4b,aiops2022,V,k8s容器网络资源包重复发送,7,0.0,0.0,0.0,98.71428571428572
rq1_rca,gemma-4-26b-a4b,aiops2022,V,k8s容器读io负载,9,0.2222222222222222,0.2222222222222222,0.2222222222222222,96.33333333333331
rq1_rca,gemma-4-26b-a4b,aiops2022,V,k8s容器进程中止,5,0.2,0.2,0.2,106.8
rq1_rca,gemma-4-26b-a4b,aiops2022,V,node 内存消耗,5,0.0,0.0,0.0,100.2
rq1_rca,gemma-4-26b-a4b,aiops2022,V,node 磁盘写IO消耗,6,0.1666666666666666,0.1666666666666666,0.1666666666666666,99.16666666666669
rq1_rca,gemma-4-26b-a4b,aiops2022,V,node 磁盘空间消耗,5,0.8,0.8,0.8,113.0
rq1_rca,gemma-4-26b-a4b,aiops2022,V,node 磁盘读IO消耗,5,0.0,0.0,0.0,90.6
rq1_rca,gemma-4-26b-a4b,aiops2022,V,node节点CPU故障,5,0.2,0.2,0.2,92.0
rq1_rca,gemma-4-26b-a4b,aiops2022,V,node节点CPU爬升,3,0.0,0.0,0.0,92.66666666666669
rq1_rca,gemma-4-26b-a4b,aiops2022,V_LG,k8s容器cpu负载,9,0.3333333333333333,0.3333333333333333,0.3333333333333333,101.33333333333331
rq1_rca,gemma-4-26b-a4b,aiops2022,V_LG,k8s容器内存负载,8,0.125,0.125,0.125,102.125
rq1_rca,gemma-4-26b-a4b,aiops2022,V_LG,k8s容器写io负载,4,0.75,0.75,0.75,105.5
rq1_rca,gemma-4-26b-a4b,aiops2022,V_LG,k8s容器网络丢包,9,0.1111111111111111,0.1111111111111111,0.1111111111111111,105.44444444444444
rq1_rca,gemma-4-26b-a4b,aiops2022,V_LG,k8s容器网络延迟,10,0.1,0.1,0.1,112.2
rq1_rca,gemma-4-26b-a4b,aiops2022,V_LG,k8s容器网络资源包损坏,10,0.2,0.2,0.2,109.2
rq1_rca,gemma-4-26b-a4b,aiops2022,V_LG,k8s容器网络资源包重复发送,7,0.1428571428571428,0.1428571428571428,0.1428571428571428,104.14285714285714
rq1_rca,gemma-4-26b-a4b,aiops2022,V_LG,k8s容器读io负载,9,0.3888888888888889,0.3333333333333333,0.4444444444444444,98.44444444444444
rq1_rca,gemma-4-26b-a4b,aiops2022,V_LG,k8s容器进程中止,5,0.4,0.4,0.4,92.4
rq1_rca,gemma-4-26b-a4b,aiops2022,V_LG,node 内存消耗,5,0.0,0.0,0.0,113.2
rq1_rca,gemma-4-26b-a4b,aiops2022,V_LG,node 磁盘写IO消耗,6,0.1666666666666666,0.1666666666666666,0.1666666666666666,109.66666666666669
rq1_rca,gemma-4-26b-a4b,aiops2022,V_LG,node 磁盘空间消耗,5,0.6,0.6,0.6,100.8
rq1_rca,gemma-4-26b-a4b,aiops2022,V_LG,node 磁盘读IO消耗,5,0.2,0.2,0.2,110.2
rq1_rca,gemma-4-26b-a4b,aiops2022,V_LG,node节点CPU故障,5,0.2,0.2,0.2,107.2
rq1_rca,gemma-4-26b-a4b,aiops2022,V_LG,node节点CPU爬升,3,0.0,0.0,0.0,108.33333333333331
rq1_rca,gemma-4-26b-a4b,aiops2022,V_MG,k8s容器cpu负载,9,0.3333333333333333,0.3333333333333333,0.3333333333333333,103.44444444444444
rq1_rca,gemma-4-26b-a4b,aiops2022,V_MG,k8s容器内存负载,8,0.125,0.125,0.125,97.375
rq1_rca,gemma-4-26b-a4b,aiops2022,V_MG,k8s容器写io负载,4,0.25,0.25,0.25,108.5
rq1_rca,gemma-4-26b-a4b,aiops2022,V_MG,k8s容器网络丢包,9,0.1111111111111111,0.1111111111111111,0.1111111111111111,108.77777777777776
rq1_rca,gemma-4-26b-a4b,aiops2022,V_MG,k8s容器网络延迟,10,0.2,0.2,0.2,100.9
rq1_rca,gemma-4-26b-a4b,aiops2022,V_MG,k8s容器网络资源包损坏,10,0.5,0.5,0.5,117.4
rq1_rca,gemma-4-26b-a4b,aiops2022,V_MG,k8s容器网络资源包重复发送,7,0.0,0.0,0.0,109.14285714285714
rq1_rca,gemma-4-26b-a4b,aiops2022,V_MG,k8s容器读io负载,9,0.2222222222222222,0.2222222222222222,0.2222222222222222,104.77777777777776
rq1_rca,gemma-4-26b-a4b,aiops2022,V_MG,k8s容器进程中止,5,0.2,0.2,0.2,94.8
rq1_rca,gemma-4-26b-a4b,aiops2022,V_MG,node 内存消耗,5,0.0,0.0,0.0,108.6
rq1_rca,gemma-4-26b-a4b,aiops2022,V_MG,node 磁盘写IO消耗,6,0.0,0.0,0.0,107.33333333333331
rq1_rca,gemma-4-26b-a4b,aiops2022,V_MG,node 磁盘空间消耗,5,0.4,0.4,0.4,102.0
rq1_rca,gemma-4-26b-a4b,aiops2022,V_MG,node 磁盘读IO消耗,5,0.2,0.2,0.2,102.8
rq1_rca,gemma-4-26b-a4b,aiops2022,V_MG,node节点CPU故障,5,0.2,0.2,0.2,102.6
rq1_rca,gemma-4-26b-a4b,aiops2022,V_MG,node节点CPU爬升,3,0.0,0.0,0.0,108.33333333333331
rq1_rca,gemma-4-26b-a4b,aiops2022,V_ML,k8s容器cpu负载,9,0.1111111111111111,0.1111111111111111,0.1111111111111111,110.0
rq1_rca,gemma-4-26b-a4b,aiops2022,V_ML,k8s容器内存负载,8,0.0,0.0,0.0,110.25
rq1_rca,gemma-4-26b-a4b,aiops2022,V_ML,k8s容器写io负载,4,0.0,0.0,0.0,92.25
rq1_rca,gemma-4-26b-a4b,aiops2022,V_ML,k8s容器网络丢包,9,0.1111111111111111,0.1111111111111111,0.1111111111111111,95.33333333333331
rq1_rca,gemma-4-26b-a4b,aiops2022,V_ML,k8s容器网络延迟,10,0.1,0.1,0.1,111.7
rq1_rca,gemma-4-26b-a4b,aiops2022,V_ML,k8s容器网络资源包损坏,10,0.1,0.1,0.1,96.4
rq1_rca,gemma-4-26b-a4b,aiops2022,V_ML,k8s容器网络资源包重复发送,7,0.0,0.0,0.0,105.14285714285714
rq1_rca,gemma-4-26b-a4b,aiops2022,V_ML,k8s容器读io负载,9,0.1111111111111111,0.1111111111111111,0.1111111111111111,110.88888888888889
rq1_rca,gemma-4-26b-a4b,aiops2022,V_ML,k8s容器进程中止,5,0.0,0.0,0.0,116.0
rq1_rca,gemma-4-26b-a4b,aiops2022,V_ML,node 内存消耗,5,0.3,0.2,0.4,118.0
rq1_rca,gemma-4-26b-a4b,aiops2022,V_ML,node 磁盘写IO消耗,6,0.6666666666666666,0.6666666666666666,0.6666666666666666,98.16666666666669
rq1_rca,gemma-4-26b-a4b,aiops2022,V_ML,node 磁盘空间消耗,5,0.6,0.6,0.6,126.8
rq1_rca,gemma-4-26b-a4b,aiops2022,V_ML,node 磁盘读IO消耗,5,0.4,0.4,0.4,104.8
rq1_rca,gemma-4-26b-a4b,aiops2022,V_ML,node节点CPU故障,5,0.4,0.4,0.4,109.0
rq1_rca,gemma-4-26b-a4b,aiops2022,V_ML,node节点CPU爬升,3,0.0,0.0,0.0,101.66666666666669
rq1_rca,gemma-4-26b-a4b,aiops2022,V_MLG,k8s容器cpu负载,9,0.3333333333333333,0.3333333333333333,0.3333333333333333,109.44444444444444
rq1_rca,gemma-4-26b-a4b,aiops2022,V_MLG,k8s容器内存负载,8,0.125,0.125,0.125,105.375
rq1_rca,gemma-4-26b-a4b,aiops2022,V_MLG,k8s容器写io负载,4,0.25,0.25,0.25,90.0
rq1_rca,gemma-4-26b-a4b,aiops2022,V_MLG,k8s容器网络丢包,9,0.1111111111111111,0.1111111111111111,0.1111111111111111,107.77777777777776
rq1_rca,gemma-4-26b-a4b,aiops2022,V_MLG,k8s容器网络延迟,10,0.2,0.2,0.2,102.8
rq1_rca,gemma-4-26b-a4b,aiops2022,V_MLG,k8s容器网络资源包损坏,10,0.1,0.1,0.1,111.6
rq1_rca,gemma-4-26b-a4b,aiops2022,V_MLG,k8s容器网络资源包重复发送,7,0.0,0.0,0.0,97.42857142857144
rq1_rca,gemma-4-26b-a4b,aiops2022,V_MLG,k8s容器读io负载,9,0.2222222222222222,0.2222222222222222,0.2222222222222222,101.55555555555556
rq1_rca,gemma-4-26b-a4b,aiops2022,V_MLG,k8s容器进程中止,5,0.2,0.2,0.2,112.2
rq1_rca,gemma-4-26b-a4b,aiops2022,V_MLG,node 内存消耗,5,0.0,0.0,0.0,109.8
rq1_rca,gemma-4-26b-a4b,aiops2022,V_MLG,node 磁盘写IO消耗,6,0.0,0.0,0.0,104.16666666666669
rq1_rca,gemma-4-26b-a4b,aiops2022,V_MLG,node 磁盘空间消耗,5,0.8,0.8,0.8,97.0
rq1_rca,gemma-4-26b-a4b,aiops2022,V_MLG,node 磁盘读IO消耗,5,0.2,0.2,0.2,108.4
rq1_rca,gemma-4-26b-a4b,aiops2022,V_MLG,node节点CPU故障,5,0.2,0.2,0.2,94.8
rq1_rca,gemma-4-26b-a4b,aiops2022,V_MLG,node节点CPU爬升,3,0.0,0.0,0.0,94.33333333333331
rq1_rca,gemma-4-26b-a4b,aiops2022,V_MR,k8s容器cpu负载,9,0.3333333333333333,0.3333333333333333,0.3333333333333333,97.66666666666669
rq1_rca,gemma-4-26b-a4b,aiops2022,V_MR,k8s容器内存负载,8,0.0,0.0,0.0,92.5
rq1_rca,gemma-4-26b-a4b,aiops2022,V_MR,k8s容器写io负载,4,0.0,0.0,0.0,90.25
rq1_rca,gemma-4-26b-a4b,aiops2022,V_MR,k8s容器网络丢包,9,0.1111111111111111,0.1111111111111111,0.1111111111111111,100.77777777777776
rq1_rca,gemma-4-26b-a4b,aiops2022,V_MR,k8s容器网络延迟,10,0.0,0.0,0.0,103.6
rq1_rca,gemma-4-26b-a4b,aiops2022,V_MR,k8s容器网络资源包损坏,10,0.1,0.1,0.1,89.8
rq1_rca,gemma-4-26b-a4b,aiops2022,V_MR,k8s容器网络资源包重复发送,7,0.0,0.0,0.0,111.28571428571428
rq1_rca,gemma-4-26b-a4b,aiops2022,V_MR,k8s容器读io负载,9,0.2222222222222222,0.2222222222222222,0.2222222222222222,100.22222222222224
rq1_rca,gemma-4-26b-a4b,aiops2022,V_MR,k8s容器进程中止,5,0.0,0.0,0.0,101.8
rq1_rca,gemma-4-26b-a4b,aiops2022,V_MR,node 内存消耗,5,0.2,0.2,0.2,96.6
rq1_rca,gemma-4-26b-a4b,aiops2022,V_MR,node 磁盘写IO消耗,6,0.6666666666666666,0.6666666666666666,0.6666666666666666,100.83333333333331
rq1_rca,gemma-4-26b-a4b,aiops2022,V_MR,node 磁盘空间消耗,5,0.6,0.6,0.6,110.8
rq1_rca,gemma-4-26b-a4b,aiops2022,V_MR,node 磁盘读IO消耗,5,0.4,0.4,0.4,89.2
rq1_rca,gemma-4-26b-a4b,aiops2022,V_MR,node节点CPU故障,5,0.6,0.6,0.6,108.2
rq1_rca,gemma-4-26b-a4b,aiops2022,V_MR,node节点CPU爬升,3,0.3333333333333333,0.3333333333333333,0.3333333333333333,121.33333333333331
rq1_rca,gemma-4-26b-a4b,aiops2022,V_MRG,k8s容器cpu负载,9,0.4444444444444444,0.4444444444444444,0.4444444444444444,100.55555555555556
rq1_rca,gemma-4-26b-a4b,aiops2022,V_MRG,k8s容器内存负载,8,0.125,0.125,0.125,95.875
rq1_rca,gemma-4-26b-a4b,aiops2022,V_MRG,k8s容器写io负载,4,0.25,0.25,0.25,107.0
rq1_rca,gemma-4-26b-a4b,aiops2022,V_MRG,k8s容器网络丢包,9,0.2222222222222222,0.2222222222222222,0.2222222222222222,107.44444444444444
rq1_rca,gemma-4-26b-a4b,aiops2022,V_MRG,k8s容器网络延迟,10,0.0,0.0,0.0,109.5
rq1_rca,gemma-4-26b-a4b,aiops2022,V_MRG,k8s容器网络资源包损坏,10,0.2,0.2,0.2,111.1
rq1_rca,gemma-4-26b-a4b,aiops2022,V_MRG,k8s容器网络资源包重复发送,7,0.0,0.0,0.0,101.42857142857144
rq1_rca,gemma-4-26b-a4b,aiops2022,V_MRG,k8s容器读io负载,9,0.2222222222222222,0.2222222222222222,0.2222222222222222,110.0
rq1_rca,gemma-4-26b-a4b,aiops2022,V_MRG,k8s容器进程中止,5,0.4,0.4,0.4,96.6
rq1_rca,gemma-4-26b-a4b,aiops2022,V_MRG,node 内存消耗,5,0.0,0.0,0.0,111.0
rq1_rca,gemma-4-26b-a4b,aiops2022,V_MRG,node 磁盘写IO消耗,6,0.1666666666666666,0.1666666666666666,0.1666666666666666,113.83333333333331
rq1_rca,gemma-4-26b-a4b,aiops2022,V_MRG,node 磁盘空间消耗,5,0.8,0.8,0.8,102.0
rq1_rca,gemma-4-26b-a4b,aiops2022,V_MRG,node 磁盘读IO消耗,5,0.0,0.0,0.0,98.2
rq1_rca,gemma-4-26b-a4b,aiops2022,V_MRG,node节点CPU故障,5,0.2,0.2,0.2,97.4
rq1_rca,gemma-4-26b-a4b,aiops2022,V_MRG,node节点CPU爬升,3,0.0,0.0,0.0,89.0
rq1_rca,gemma-4-26b-a4b,aiops2022,V_MRL,k8s容器cpu负载,9,0.3333333333333333,0.3333333333333333,0.3333333333333333,112.0
rq1_rca,gemma-4-26b-a4b,aiops2022,V_MRL,k8s容器内存负载,8,0.0,0.0,0.0,90.875
rq1_rca,gemma-4-26b-a4b,aiops2022,V_MRL,k8s容器写io负载,4,0.0,0.0,0.0,109.75
rq1_rca,gemma-4-26b-a4b,aiops2022,V_MRL,k8s容器网络丢包,9,0.1111111111111111,0.1111111111111111,0.1111111111111111,93.22222222222224
rq1_rca,gemma-4-26b-a4b,aiops2022,V_MRL,k8s容器网络延迟,10,0.0,0.0,0.0,102.3
rq1_rca,gemma-4-26b-a4b,aiops2022,V_MRL,k8s容器网络资源包损坏,10,0.0,0.0,0.0,111.2
rq1_rca,gemma-4-26b-a4b,aiops2022,V_MRL,k8s容器网络资源包重复发送,7,0.0,0.0,0.0,96.57142857142856
rq1_rca,gemma-4-26b-a4b,aiops2022,V_MRL,k8s容器读io负载,9,0.1111111111111111,0.1111111111111111,0.1111111111111111,95.11111111111111
rq1_rca,gemma-4-26b-a4b,aiops2022,V_MRL,k8s容器进程中止,5,0.0,0.0,0.0,98.8
rq1_rca,gemma-4-26b-a4b,aiops2022,V_MRL,node 内存消耗,5,0.2,0.2,0.2,118.6
rq1_rca,gemma-4-26b-a4b,aiops2022,V_MRL,node 磁盘写IO消耗,6,0.6666666666666666,0.6666666666666666,0.6666666666666666,102.0
rq1_rca,gemma-4-26b-a4b,aiops2022,V_MRL,node 磁盘空间消耗,5,0.8,0.8,0.8,103.2
rq1_rca,gemma-4-26b-a4b,aiops2022,V_MRL,node 磁盘读IO消耗,5,0.4,0.4,0.4,96.6
rq1_rca,gemma-4-26b-a4b,aiops2022,V_MRL,node节点CPU故障,5,0.4,0.4,0.4,117.8
rq1_rca,gemma-4-26b-a4b,aiops2022,V_MRL,node节点CPU爬升,3,0.0,0.0,0.0,88.66666666666667
rq1_rca,gemma-4-26b-a4b,aiops2022,V_RG,k8s容器cpu负载,9,0.3333333333333333,0.3333333333333333,0.3333333333333333,104.55555555555556
rq1_rca,gemma-4-26b-a4b,aiops2022,V_RG,k8s容器内存负载,8,0.125,0.125,0.125,108.5
rq1_rca,gemma-4-26b-a4b,aiops2022,V_RG,k8s容器写io负载,4,0.5,0.5,0.5,104.25
rq1_rca,gemma-4-26b-a4b,aiops2022,V_RG,k8s容器网络丢包,9,0.2222222222222222,0.2222222222222222,0.2222222222222222,105.0
rq1_rca,gemma-4-26b-a4b,aiops2022,V_RG,k8s容器网络延迟,10,0.0,0.0,0.0,100.2
rq1_rca,gemma-4-26b-a4b,aiops2022,V_RG,k8s容器网络资源包损坏,10,0.3,0.3,0.3,115.5
rq1_rca,gemma-4-26b-a4b,aiops2022,V_RG,k8s容器网络资源包重复发送,7,0.1428571428571428,0.1428571428571428,0.1428571428571428,97.28571428571428
rq1_rca,gemma-4-26b-a4b,aiops2022,V_RG,k8s容器读io负载,9,0.3333333333333333,0.3333333333333333,0.3333333333333333,110.55555555555556
rq1_rca,gemma-4-26b-a4b,aiops2022,V_RG,k8s容器进程中止,5,0.4,0.4,0.4,111.4
rq1_rca,gemma-4-26b-a4b,aiops2022,V_RG,node 内存消耗,5,0.0,0.0,0.0,117.4
rq1_rca,gemma-4-26b-a4b,aiops2022,V_RG,node 磁盘写IO消耗,6,0.3333333333333333,0.3333333333333333,0.3333333333333333,104.66666666666669
rq1_rca,gemma-4-26b-a4b,aiops2022,V_RG,node 磁盘空间消耗,5,0.6,0.6,0.6,113.8
rq1_rca,gemma-4-26b-a4b,aiops2022,V_RG,node 磁盘读IO消耗,5,0.2,0.2,0.2,95.2
rq1_rca,gemma-4-26b-a4b,aiops2022,V_RG,node节点CPU故障,5,0.2,0.2,0.2,100.2
rq1_rca,gemma-4-26b-a4b,aiops2022,V_RG,node节点CPU爬升,3,0.0,0.0,0.0,116.66666666666669
rq1_rca,gemma-4-26b-a4b,aiops2022,V_RL,k8s容器cpu负载,9,0.4444444444444444,0.4444444444444444,0.4444444444444444,105.88888888888889
rq1_rca,gemma-4-26b-a4b,aiops2022,V_RL,k8s容器内存负载,8,0.375,0.375,0.375,120.125
rq1_rca,gemma-4-26b-a4b,aiops2022,V_RL,k8s容器写io负载,4,0.5,0.5,0.5,108.0
rq1_rca,gemma-4-26b-a4b,aiops2022,V_RL,k8s容器网络丢包,9,0.2222222222222222,0.2222222222222222,0.2222222222222222,103.66666666666669
rq1_rca,gemma-4-26b-a4b,aiops2022,V_RL,k8s容器网络延迟,10,0.0,0.0,0.0,120.6
rq1_rca,gemma-4-26b-a4b,aiops2022,V_RL,k8s容器网络资源包损坏,10,0.1,0.1,0.1,108.0
rq1_rca,gemma-4-26b-a4b,aiops2022,V_RL,k8s容器网络资源包重复发送,7,0.1428571428571428,0.1428571428571428,0.1428571428571428,115.42857142857144
rq1_rca,gemma-4-26b-a4b,aiops2022,V_RL,k8s容器读io负载,9,0.3333333333333333,0.3333333333333333,0.3333333333333333,103.22222222222224
rq1_rca,gemma-4-26b-a4b,aiops2022,V_RL,k8s容器进程中止,5,0.4,0.4,0.4,113.8
rq1_rca,gemma-4-26b-a4b,aiops2022,V_RL,node 内存消耗,5,0.2,0.2,0.2,103.4
rq1_rca,gemma-4-26b-a4b,aiops2022,V_RL,node 磁盘写IO消耗,6,0.6666666666666666,0.6666666666666666,0.6666666666666666,105.16666666666669
rq1_rca,gemma-4-26b-a4b,aiops2022,V_RL,node 磁盘空间消耗,5,0.8,0.8,0.8,115.2
rq1_rca,gemma-4-26b-a4b,aiops2022,V_RL,node 磁盘读IO消耗,5,0.2,0.2,0.2,95.8
rq1_rca,gemma-4-26b-a4b,aiops2022,V_RL,node节点CPU故障,5,0.4,0.4,0.4,108.4
rq1_rca,gemma-4-26b-a4b,aiops2022,V_RL,node节点CPU爬升,3,0.0,0.0,0.0,103.0
rq1_rca,gemma-4-26b-a4b,aiops2022,V_RLG,k8s容器cpu负载,9,0.3333333333333333,0.3333333333333333,0.3333333333333333,102.33333333333331
rq1_rca,gemma-4-26b-a4b,aiops2022,V_RLG,k8s容器内存负载,8,0.125,0.125,0.125,101.25
rq1_rca,gemma-4-26b-a4b,aiops2022,V_RLG,k8s容器写io负载,4,0.75,0.75,0.75,113.5
rq1_rca,gemma-4-26b-a4b,aiops2022,V_RLG,k8s容器网络丢包,9,0.2222222222222222,0.2222222222222222,0.2222222222222222,97.66666666666669
rq1_rca,gemma-4-26b-a4b,aiops2022,V_RLG,k8s容器网络延迟,10,0.0,0.0,0.0,111.5
rq1_rca,gemma-4-26b-a4b,aiops2022,V_RLG,k8s容器网络资源包损坏,10,0.2,0.2,0.2,115.5
rq1_rca,gemma-4-26b-a4b,aiops2022,V_RLG,k8s容器网络资源包重复发送,7,0.1428571428571428,0.1428571428571428,0.1428571428571428,104.85714285714286
rq1_rca,gemma-4-26b-a4b,aiops2022,V_RLG,k8s容器读io负载,9,0.3333333333333333,0.3333333333333333,0.3333333333333333,100.66666666666669
rq1_rca,gemma-4-26b-a4b,aiops2022,V_RLG,k8s容器进程中止,5,0.2,0.2,0.2,103.4
rq1_rca,gemma-4-26b-a4b,aiops2022,V_RLG,node 内存消耗,5,0.0,0.0,0.0,103.8
rq1_rca,gemma-4-26b-a4b,aiops2022,V_RLG,node 磁盘写IO消耗,6,0.1666666666666666,0.1666666666666666,0.1666666666666666,99.66666666666669
rq1_rca,gemma-4-26b-a4b,aiops2022,V_RLG,node 磁盘空间消耗,5,0.6,0.6,0.6,101.2
rq1_rca,gemma-4-26b-a4b,aiops2022,V_RLG,node 磁盘读IO消耗,5,0.2,0.2,0.2,107.6
rq1_rca,gemma-4-26b-a4b,aiops2022,V_RLG,node节点CPU故障,5,0.2,0.2,0.2,109.8
rq1_rca,gemma-4-26b-a4b,aiops2022,V_RLG,node节点CPU爬升,3,0.0,0.0,0.0,113.66666666666669
rq1_rca,gemma-4-26b-a4b,aiops2025,C,code error,2,0.0,0.0,0.0,111.0
rq1_rca,gemma-4-26b-a4b,aiops2025,C,cpu stress,8,0.25,0.125,0.375,104.375
rq1_rca,gemma-4-26b-a4b,aiops2025,C,dns error,5,0.0,0.0,0.0,89.4
rq1_rca,gemma-4-26b-a4b,aiops2025,C,io fault,5,0.7,0.6,0.8,101.8
rq1_rca,gemma-4-26b-a4b,aiops2025,C,jvm cpu,3,1.0,1.0,1.0,111.33333333333331
rq1_rca,gemma-4-26b-a4b,aiops2025,C,jvm exception,5,0.2,0.2,0.2,102.6
rq1_rca,gemma-4-26b-a4b,aiops2025,C,jvm gc,2,0.0,0.0,0.0,114.0
rq1_rca,gemma-4-26b-a4b,aiops2025,C,jvm latency,5,0.2666666666666666,0.2,0.4,100.8
rq1_rca,gemma-4-26b-a4b,aiops2025,C,memory stress,6,0.0,0.0,0.0,110.0
rq1_rca,gemma-4-26b-a4b,aiops2025,C,network corrupt,7,0.3809523809523809,0.2857142857142857,0.5714285714285714,119.0
rq1_rca,gemma-4-26b-a4b,aiops2025,C,network delay,7,0.4285714285714285,0.2857142857142857,0.5714285714285714,113.71428571428572
rq1_rca,gemma-4-26b-a4b,aiops2025,C,network loss,5,0.1,0.0,0.2,106.6
rq1_rca,gemma-4-26b-a4b,aiops2025,C,node cpu stress,6,0.0555555555555555,0.0,0.1666666666666666,118.5
rq1_rca,gemma-4-26b-a4b,aiops2025,C,node disk fill,4,0.75,0.75,0.75,103.75
rq1_rca,gemma-4-26b-a4b,aiops2025,C,node memory stress,12,0.1944444444444444,0.1666666666666666,0.25,117.25
rq1_rca,gemma-4-26b-a4b,aiops2025,C,pod failure,13,0.0,0.0,0.0,107.3846153846154
rq1_rca,gemma-4-26b-a4b,aiops2025,C,pod kill,2,0.25,0.0,0.5,111.0
rq1_rca,gemma-4-26b-a4b,aiops2025,C,target port misconfig,3,0.0,0.0,0.0,102.33333333333331
rq1_rca,gemma-4-26b-a4b,aiops2025,H,code error,2,0.0,0.0,0.0,106.0
rq1_rca,gemma-4-26b-a4b,aiops2025,H,cpu stress,8,0.125,0.125,0.125,115.0
rq1_rca,gemma-4-26b-a4b,aiops2025,H,dns error,5,0.0,0.0,0.0,93.2
rq1_rca,gemma-4-26b-a4b,aiops2025,H,io fault,5,0.4,0.4,0.4,119.4
rq1_rca,gemma-4-26b-a4b,aiops2025,H,jvm cpu,3,0.3333333333333333,0.3333333333333333,0.3333333333333333,116.66666666666669
rq1_rca,gemma-4-26b-a4b,aiops2025,H,jvm exception,5,0.2,0.2,0.2,108.4
rq1_rca,gemma-4-26b-a4b,aiops2025,H,jvm gc,2,0.0,0.0,0.0,103.5
rq1_rca,gemma-4-26b-a4b,aiops2025,H,jvm latency,5,0.0,0.0,0.0,107.4
rq1_rca,gemma-4-26b-a4b,aiops2025,H,memory stress,6,0.0,0.0,0.0,119.33333333333331
rq1_rca,gemma-4-26b-a4b,aiops2025,H,network corrupt,7,0.2857142857142857,0.2857142857142857,0.2857142857142857,114.28571428571428
rq1_rca,gemma-4-26b-a4b,aiops2025,H,network delay,7,0.0,0.0,0.0,114.28571428571428
rq1_rca,gemma-4-26b-a4b,aiops2025,H,network loss,5,0.1,0.0,0.2,115.6
rq1_rca,gemma-4-26b-a4b,aiops2025,H,node cpu stress,6,0.0,0.0,0.0,122.0
rq1_rca,gemma-4-26b-a4b,aiops2025,H,node disk fill,4,0.5,0.5,0.5,101.25
rq1_rca,gemma-4-26b-a4b,aiops2025,H,node memory stress,12,0.1666666666666666,0.1666666666666666,0.1666666666666666,113.0
rq1_rca,gemma-4-26b-a4b,aiops2025,H,pod failure,13,0.0,0.0,0.0,104.46153846153848
rq1_rca,gemma-4-26b-a4b,aiops2025,H,pod kill,2,0.5,0.5,0.5,144.0
rq1_rca,gemma-4-26b-a4b,aiops2025,H,target port misconfig,3,0.0,0.0,0.0,107.0
rq1_rca,gemma-4-26b-a4b,aiops2025,LV,code error,2,0.0,0.0,0.0,118.0
rq1_rca,gemma-4-26b-a4b,aiops2025,LV,cpu stress,8,0.125,0.125,0.125,106.125
rq1_rca,gemma-4-26b-a4b,aiops2025,LV,dns error,5,0.0,0.0,0.0,107.4
rq1_rca,gemma-4-26b-a4b,aiops2025,LV,io fault,5,0.65,0.6,0.8,109.8
rq1_rca,gemma-4-26b-a4b,aiops2025,LV,jvm cpu,3,0.3333333333333333,0.3333333333333333,0.3333333333333333,106.0
rq1_rca,gemma-4-26b-a4b,aiops2025,LV,jvm exception,5,0.2,0.2,0.2,120.8
rq1_rca,gemma-4-26b-a4b,aiops2025,LV,jvm gc,2,0.0,0.0,0.0,110.5
rq1_rca,gemma-4-26b-a4b,aiops2025,LV,jvm latency,5,0.2,0.2,0.2,112.0
rq1_rca,gemma-4-26b-a4b,aiops2025,LV,memory stress,6,0.0,0.0,0.0,104.33333333333331
rq1_rca,gemma-4-26b-a4b,aiops2025,LV,network corrupt,7,0.4285714285714285,0.4285714285714285,0.4285714285714285,114.71428571428572
rq1_rca,gemma-4-26b-a4b,aiops2025,LV,network delay,7,0.1428571428571428,0.1428571428571428,0.1428571428571428,117.14285714285714
rq1_rca,gemma-4-26b-a4b,aiops2025,LV,network loss,5,0.0,0.0,0.0,127.6
rq1_rca,gemma-4-26b-a4b,aiops2025,LV,node cpu stress,6,0.1666666666666666,0.1666666666666666,0.1666666666666666,120.0
rq1_rca,gemma-4-26b-a4b,aiops2025,LV,node disk fill,4,0.25,0.25,0.25,116.0
rq1_rca,gemma-4-26b-a4b,aiops2025,LV,node memory stress,12,0.0833333333333333,0.0833333333333333,0.0833333333333333,116.75
rq1_rca,gemma-4-26b-a4b,aiops2025,LV,pod failure,13,0.0,0.0,0.0,119.76923076923076
rq1_rca,gemma-4-26b-a4b,aiops2025,LV,pod kill,2,0.0,0.0,0.0,128.5
rq1_rca,gemma-4-26b-a4b,aiops2025,LV,target port misconfig,3,0.0,0.0,0.0,113.0
rq1_rca,gemma-4-26b-a4b,aiops2025,MV,code error,2,0.0,0.0,0.0,125.5
rq1_rca,gemma-4-26b-a4b,aiops2025,MV,cpu stress,8,0.25,0.25,0.25,107.75
rq1_rca,gemma-4-26b-a4b,aiops2025,MV,dns error,5,0.0,0.0,0.0,98.8
rq1_rca,gemma-4-26b-a4b,aiops2025,MV,io fault,5,0.0,0.0,0.0,111.4
rq1_rca,gemma-4-26b-a4b,aiops2025,MV,jvm cpu,3,0.6666666666666666,0.6666666666666666,0.6666666666666666,115.0
rq1_rca,gemma-4-26b-a4b,aiops2025,MV,jvm exception,5,0.2,0.2,0.2,96.4
rq1_rca,gemma-4-26b-a4b,aiops2025,MV,jvm gc,2,0.0,0.0,0.0,107.0
rq1_rca,gemma-4-26b-a4b,aiops2025,MV,jvm latency,5,0.2,0.2,0.2,111.6
rq1_rca,gemma-4-26b-a4b,aiops2025,MV,memory stress,6,0.0,0.0,0.0,102.33333333333331
rq1_rca,gemma-4-26b-a4b,aiops2025,MV,network corrupt,7,0.4285714285714285,0.4285714285714285,0.4285714285714285,111.42857142857144
rq1_rca,gemma-4-26b-a4b,aiops2025,MV,network delay,7,0.5714285714285714,0.5714285714285714,0.5714285714285714,100.28571428571428
rq1_rca,gemma-4-26b-a4b,aiops2025,MV,network loss,5,0.5,0.4,0.6,120.2
rq1_rca,gemma-4-26b-a4b,aiops2025,MV,node cpu stress,6,0.0,0.0,0.0,108.0
rq1_rca,gemma-4-26b-a4b,aiops2025,MV,node disk fill,4,0.0,0.0,0.0,108.0
rq1_rca,gemma-4-26b-a4b,aiops2025,MV,node memory stress,12,0.25,0.25,0.25,107.33333333333331
rq1_rca,gemma-4-26b-a4b,aiops2025,MV,pod failure,13,0.0,0.0,0.0,100.0
rq1_rca,gemma-4-26b-a4b,aiops2025,MV,pod kill,2,0.5,0.5,0.5,105.5
rq1_rca,gemma-4-26b-a4b,aiops2025,MV,target port misconfig,3,0.0,0.0,0.0,107.0
rq1_rca,gemma-4-26b-a4b,aiops2025,S,code error,2,0.0,0.0,0.0,100.0
rq1_rca,gemma-4-26b-a4b,aiops2025,S,cpu stress,8,0.375,0.375,0.375,104.0
rq1_rca,gemma-4-26b-a4b,aiops2025,S,dns error,5,0.0,0.0,0.0,109.4
rq1_rca,gemma-4-26b-a4b,aiops2025,S,io fault,5,0.0,0.0,0.0,103.8
rq1_rca,gemma-4-26b-a4b,aiops2025,S,jvm cpu,3,0.6666666666666666,0.6666666666666666,0.6666666666666666,117.33333333333331
rq1_rca,gemma-4-26b-a4b,aiops2025,S,jvm exception,5,0.2,0.2,0.2,102.8
rq1_rca,gemma-4-26b-a4b,aiops2025,S,jvm gc,2,0.0,0.0,0.0,106.0
rq1_rca,gemma-4-26b-a4b,aiops2025,S,jvm latency,5,0.0,0.0,0.0,112.4
rq1_rca,gemma-4-26b-a4b,aiops2025,S,memory stress,6,0.0,0.0,0.0,112.33333333333331
rq1_rca,gemma-4-26b-a4b,aiops2025,S,network corrupt,7,0.6428571428571429,0.5714285714285714,0.7142857142857143,106.14285714285714
rq1_rca,gemma-4-26b-a4b,aiops2025,S,network delay,7,0.1428571428571428,0.1428571428571428,0.1428571428571428,108.57142857142856
rq1_rca,gemma-4-26b-a4b,aiops2025,S,network loss,5,0.4,0.4,0.4,106.8
rq1_rca,gemma-4-26b-a4b,aiops2025,S,node cpu stress,6,0.0,0.0,0.0,106.16666666666669
rq1_rca,gemma-4-26b-a4b,aiops2025,S,node disk fill,4,0.25,0.25,0.25,92.25
rq1_rca,gemma-4-26b-a4b,aiops2025,S,node memory stress,12,0.0,0.0,0.0,108.66666666666669
rq1_rca,gemma-4-26b-a4b,aiops2025,S,pod failure,13,0.0769230769230769,0.0769230769230769,0.0769230769230769,107.3076923076923
rq1_rca,gemma-4-26b-a4b,aiops2025,S,pod kill,2,0.5,0.5,0.5,96.0
rq1_rca,gemma-4-26b-a4b,aiops2025,S,target port misconfig,3,0.0,0.0,0.0,110.0
rq1_rca,gemma-4-26b-a4b,aiops2025,T,code error,2,0.0,0.0,0.0,131.0
rq1_rca,gemma-4-26b-a4b,aiops2025,T,cpu stress,8,0.21875,0.125,0.375,119.875
rq1_rca,gemma-4-26b-a4b,aiops2025,T,dns error,5,0.0,0.0,0.0,104.4
rq1_rca,gemma-4-26b-a4b,aiops2025,T,io fault,5,0.4,0.4,0.4,118.2
rq1_rca,gemma-4-26b-a4b,aiops2025,T,jvm cpu,3,1.0,1.0,1.0,109.0
rq1_rca,gemma-4-26b-a4b,aiops2025,T,jvm exception,5,0.3,0.2,0.4,116.6
rq1_rca,gemma-4-26b-a4b,aiops2025,T,jvm gc,2,0.0,0.0,0.0,115.0
rq1_rca,gemma-4-26b-a4b,aiops2025,T,jvm latency,5,0.2,0.2,0.2,101.2
rq1_rca,gemma-4-26b-a4b,aiops2025,T,memory stress,6,0.0,0.0,0.0,114.33333333333331
rq1_rca,gemma-4-26b-a4b,aiops2025,T,network corrupt,7,0.4761904761904761,0.4285714285714285,0.5714285714285714,110.85714285714286
rq1_rca,gemma-4-26b-a4b,aiops2025,T,network delay,7,0.2142857142857142,0.1428571428571428,0.2857142857142857,114.42857142857144
rq1_rca,gemma-4-26b-a4b,aiops2025,T,network loss,5,0.0666666666666666,0.0,0.2,116.4
rq1_rca,gemma-4-26b-a4b,aiops2025,T,node cpu stress,6,0.0,0.0,0.0,113.83333333333331
rq1_rca,gemma-4-26b-a4b,aiops2025,T,node disk fill,4,0.5,0.5,0.5,103.0
rq1_rca,gemma-4-26b-a4b,aiops2025,T,node memory stress,12,0.1666666666666666,0.1666666666666666,0.1666666666666666,119.66666666666669
rq1_rca,gemma-4-26b-a4b,aiops2025,T,pod failure,13,0.0,0.0,0.0,121.92307692307692
rq1_rca,gemma-4-26b-a4b,aiops2025,T,pod kill,2,0.1666666666666666,0.0,0.5,113.5
rq1_rca,gemma-4-26b-a4b,aiops2025,T,target port misconfig,3,0.0,0.0,0.0,103.66666666666669
rq1_rca,gemma-4-26b-a4b,aiops2025,TCV,code error,2,0.0,0.0,0.0,100.0
rq1_rca,gemma-4-26b-a4b,aiops2025,TCV,cpu stress,8,0.125,0.125,0.125,109.25
rq1_rca,gemma-4-26b-a4b,aiops2025,TCV,dns error,5,0.0,0.0,0.0,106.0
rq1_rca,gemma-4-26b-a4b,aiops2025,TCV,io fault,5,0.45,0.4,0.6,111.8
rq1_rca,gemma-4-26b-a4b,aiops2025,TCV,jvm cpu,3,0.3333333333333333,0.3333333333333333,0.3333333333333333,137.33333333333334
rq1_rca,gemma-4-26b-a4b,aiops2025,TCV,jvm exception,5,0.2,0.2,0.2,106.0
rq1_rca,gemma-4-26b-a4b,aiops2025,TCV,jvm gc,2,0.0,0.0,0.0,107.5
rq1_rca,gemma-4-26b-a4b,aiops2025,TCV,jvm latency,5,0.2,0.2,0.2,117.6
rq1_rca,gemma-4-26b-a4b,aiops2025,TCV,memory stress,6,0.0,0.0,0.0,109.66666666666669
rq1_rca,gemma-4-26b-a4b,aiops2025,TCV,network corrupt,7,0.4285714285714285,0.2857142857142857,0.5714285714285714,111.0
rq1_rca,gemma-4-26b-a4b,aiops2025,TCV,network delay,7,0.0714285714285714,0.0,0.1428571428571428,114.42857142857144
rq1_rca,gemma-4-26b-a4b,aiops2025,TCV,network loss,5,0.0,0.0,0.0,110.6
rq1_rca,gemma-4-26b-a4b,aiops2025,TCV,node cpu stress,6,0.1666666666666666,0.1666666666666666,0.1666666666666666,123.5
rq1_rca,gemma-4-26b-a4b,aiops2025,TCV,node disk fill,4,0.5,0.5,0.5,114.75
rq1_rca,gemma-4-26b-a4b,aiops2025,TCV,node memory stress,12,0.0833333333333333,0.0833333333333333,0.0833333333333333,104.0
rq1_rca,gemma-4-26b-a4b,aiops2025,TCV,pod failure,13,0.0,0.0,0.0,114.23076923076924
rq1_rca,gemma-4-26b-a4b,aiops2025,TCV,pod kill,2,0.1666666666666666,0.0,0.5,116.5
rq1_rca,gemma-4-26b-a4b,aiops2025,TCV,target port misconfig,3,0.0,0.0,0.0,102.33333333333331
rq1_rca,gemma-4-26b-a4b,aiops2025,TPV,code error,2,0.0,0.0,0.0,108.5
rq1_rca,gemma-4-26b-a4b,aiops2025,TPV,cpu stress,8,0.25,0.25,0.25,117.25
rq1_rca,gemma-4-26b-a4b,aiops2025,TPV,dns error,5,0.0,0.0,0.0,103.0
rq1_rca,gemma-4-26b-a4b,aiops2025,TPV,io fault,5,0.85,0.8,1.0,109.8
rq1_rca,gemma-4-26b-a4b,aiops2025,TPV,jvm cpu,3,0.6666666666666666,0.6666666666666666,0.6666666666666666,112.0
rq1_rca,gemma-4-26b-a4b,aiops2025,TPV,jvm exception,5,0.4,0.4,0.4,105.8
rq1_rca,gemma-4-26b-a4b,aiops2025,TPV,jvm gc,2,0.5,0.5,0.5,103.0
rq1_rca,gemma-4-26b-a4b,aiops2025,TPV,jvm latency,5,0.2,0.2,0.2,104.6
rq1_rca,gemma-4-26b-a4b,aiops2025,TPV,memory stress,6,0.0,0.0,0.0,116.66666666666669
rq1_rca,gemma-4-26b-a4b,aiops2025,TPV,network corrupt,7,0.1904761904761904,0.1428571428571428,0.2857142857142857,113.28571428571428
rq1_rca,gemma-4-26b-a4b,aiops2025,TPV,network delay,7,0.1428571428571428,0.1428571428571428,0.1428571428571428,105.14285714285714
rq1_rca,gemma-4-26b-a4b,aiops2025,TPV,network loss,5,0.2,0.2,0.2,108.8
rq1_rca,gemma-4-26b-a4b,aiops2025,TPV,node cpu stress,6,0.1666666666666666,0.1666666666666666,0.1666666666666666,116.16666666666669
rq1_rca,gemma-4-26b-a4b,aiops2025,TPV,node disk fill,4,0.5,0.5,0.5,106.0
rq1_rca,gemma-4-26b-a4b,aiops2025,TPV,node memory stress,12,0.1666666666666666,0.1666666666666666,0.1666666666666666,107.66666666666669
rq1_rca,gemma-4-26b-a4b,aiops2025,TPV,pod failure,13,0.0,0.0,0.0,104.6153846153846
rq1_rca,gemma-4-26b-a4b,aiops2025,TPV,pod kill,2,0.0,0.0,0.0,112.5
rq1_rca,gemma-4-26b-a4b,aiops2025,TPV,target port misconfig,3,0.0,0.0,0.0,104.0
rq1_rca,gemma-4-26b-a4b,aiops2025,V,code error,2,0.0,0.0,0.0,101.5
rq1_rca,gemma-4-26b-a4b,aiops2025,V,cpu stress,8,0.125,0.125,0.125,100.5
rq1_rca,gemma-4-26b-a4b,aiops2025,V,dns error,5,0.0,0.0,0.0,95.0
rq1_rca,gemma-4-26b-a4b,aiops2025,V,io fault,5,0.4,0.4,0.4,103.0
rq1_rca,gemma-4-26b-a4b,aiops2025,V,jvm cpu,3,0.0,0.0,0.0,93.33333333333331
rq1_rca,gemma-4-26b-a4b,aiops2025,V,jvm exception,5,0.2,0.2,0.2,104.4
rq1_rca,gemma-4-26b-a4b,aiops2025,V,jvm gc,2,0.0,0.0,0.0,99.0
rq1_rca,gemma-4-26b-a4b,aiops2025,V,jvm latency,5,0.0,0.0,0.0,95.8
rq1_rca,gemma-4-26b-a4b,aiops2025,V,memory stress,6,0.1666666666666666,0.1666666666666666,0.1666666666666666,90.33333333333331
rq1_rca,gemma-4-26b-a4b,aiops2025,V,network corrupt,7,0.7142857142857143,0.7142857142857143,0.7142857142857143,97.14285714285714
rq1_rca,gemma-4-26b-a4b,aiops2025,V,network delay,7,0.0,0.0,0.0,94.71428571428572
rq1_rca,gemma-4-26b-a4b,aiops2025,V,network loss,5,0.4,0.4,0.4,113.6
rq1_rca,gemma-4-26b-a4b,aiops2025,V,node cpu stress,6,0.1666666666666666,0.1666666666666666,0.1666666666666666,101.33333333333331
rq1_rca,gemma-4-26b-a4b,aiops2025,V,node disk fill,4,0.25,0.25,0.25,83.25
rq1_rca,gemma-4-26b-a4b,aiops2025,V,node memory stress,12,0.25,0.25,0.25,102.66666666666669
rq1_rca,gemma-4-26b-a4b,aiops2025,V,pod failure,13,0.0,0.0,0.0,98.92307692307692
rq1_rca,gemma-4-26b-a4b,aiops2025,V,pod kill,2,0.5,0.5,0.5,123.5
rq1_rca,gemma-4-26b-a4b,aiops2025,V,target port misconfig,3,0.0,0.0,0.0,119.0
rq1_rca,gemma-4-26b-a4b,aiops2025,V_LG,code error,2,0.0,0.0,0.0,113.5
rq1_rca,gemma-4-26b-a4b,aiops2025,V_LG,cpu stress,8,0.15625,0.125,0.25,116.25
rq1_rca,gemma-4-26b-a4b,aiops2025,V_LG,dns error,5,0.0666666666666666,0.0,0.2,113.6
rq1_rca,gemma-4-26b-a4b,aiops2025,V_LG,io fault,5,0.8,0.8,0.8,99.2
rq1_rca,gemma-4-26b-a4b,aiops2025,V_LG,jvm cpu,3,0.6666666666666666,0.6666666666666666,0.6666666666666666,104.33333333333331
rq1_rca,gemma-4-26b-a4b,aiops2025,V_LG,jvm exception,5,0.4,0.4,0.4,112.8
rq1_rca,gemma-4-26b-a4b,aiops2025,V_LG,jvm gc,2,0.0,0.0,0.0,92.0
rq1_rca,gemma-4-26b-a4b,aiops2025,V_LG,jvm latency,5,0.24,0.2,0.4,110.6
rq1_rca,gemma-4-26b-a4b,aiops2025,V_LG,memory stress,6,0.0,0.0,0.0,106.33333333333331
rq1_rca,gemma-4-26b-a4b,aiops2025,V_LG,network corrupt,7,0.2857142857142857,0.2857142857142857,0.2857142857142857,103.28571428571428
rq1_rca,gemma-4-26b-a4b,aiops2025,V_LG,network delay,7,0.1904761904761904,0.1428571428571428,0.2857142857142857,115.42857142857144
rq1_rca,gemma-4-26b-a4b,aiops2025,V_LG,network loss,5,0.0,0.0,0.0,118.0
rq1_rca,gemma-4-26b-a4b,aiops2025,V_LG,node cpu stress,6,0.1666666666666666,0.1666666666666666,0.1666666666666666,101.33333333333331
rq1_rca,gemma-4-26b-a4b,aiops2025,V_LG,node disk fill,4,0.5,0.5,0.5,112.75
rq1_rca,gemma-4-26b-a4b,aiops2025,V_LG,node memory stress,12,0.0833333333333333,0.0833333333333333,0.0833333333333333,106.16666666666669
rq1_rca,gemma-4-26b-a4b,aiops2025,V_LG,pod failure,13,0.0,0.0,0.0,100.23076923076924
rq1_rca,gemma-4-26b-a4b,aiops2025,V_LG,pod kill,2,0.0,0.0,0.0,126.0
rq1_rca,gemma-4-26b-a4b,aiops2025,V_LG,target port misconfig,3,0.0,0.0,0.0,114.0
rq1_rca,gemma-4-26b-a4b,aiops2025,V_MG,code error,2,0.0,0.0,0.0,94.5
rq1_rca,gemma-4-26b-a4b,aiops2025,V_MG,cpu stress,8,0.375,0.375,0.375,101.0
rq1_rca,gemma-4-26b-a4b,aiops2025,V_MG,dns error,5,0.0,0.0,0.0,93.6
rq1_rca,gemma-4-26b-a4b,aiops2025,V_MG,io fault,5,0.2,0.2,0.2,100.2
rq1_rca,gemma-4-26b-a4b,aiops2025,V_MG,jvm cpu,3,1.0,1.0,1.0,116.33333333333331
rq1_rca,gemma-4-26b-a4b,aiops2025,V_MG,jvm exception,5,0.2,0.2,0.2,107.2
rq1_rca,gemma-4-26b-a4b,aiops2025,V_MG,jvm gc,2,0.0,0.0,0.0,92.0
rq1_rca,gemma-4-26b-a4b,aiops2025,V_MG,jvm latency,5,0.4,0.4,0.4,123.2
rq1_rca,gemma-4-26b-a4b,aiops2025,V_MG,memory stress,6,0.0,0.0,0.0,99.0
rq1_rca,gemma-4-26b-a4b,aiops2025,V_MG,network corrupt,7,0.7142857142857143,0.7142857142857143,0.7142857142857143,110.14285714285714
rq1_rca,gemma-4-26b-a4b,aiops2025,V_MG,network delay,7,0.5714285714285714,0.5714285714285714,0.5714285714285714,101.71428571428572
rq1_rca,gemma-4-26b-a4b,aiops2025,V_MG,network loss,5,0.8,0.8,0.8,106.4
rq1_rca,gemma-4-26b-a4b,aiops2025,V_MG,node cpu stress,6,0.0,0.0,0.0,98.66666666666669
rq1_rca,gemma-4-26b-a4b,aiops2025,V_MG,node disk fill,4,0.25,0.25,0.25,103.5
rq1_rca,gemma-4-26b-a4b,aiops2025,V_MG,node memory stress,12,0.1666666666666666,0.1666666666666666,0.1666666666666666,108.0
rq1_rca,gemma-4-26b-a4b,aiops2025,V_MG,pod failure,13,0.0,0.0,0.0,101.3846153846154
rq1_rca,gemma-4-26b-a4b,aiops2025,V_MG,pod kill,2,0.0,0.0,0.0,120.5
rq1_rca,gemma-4-26b-a4b,aiops2025,V_MG,target port misconfig,3,0.0,0.0,0.0,104.66666666666669
rq1_rca,gemma-4-26b-a4b,aiops2025,V_ML,code error,2,0.0,0.0,0.0,130.5
rq1_rca,gemma-4-26b-a4b,aiops2025,V_ML,cpu stress,8,0.25,0.25,0.25,101.25
rq1_rca,gemma-4-26b-a4b,aiops2025,V_ML,dns error,5,0.0,0.0,0.0,118.4
rq1_rca,gemma-4-26b-a4b,aiops2025,V_ML,io fault,5,0.0,0.0,0.0,106.6
rq1_rca,gemma-4-26b-a4b,aiops2025,V_ML,jvm cpu,3,0.3333333333333333,0.3333333333333333,0.3333333333333333,104.66666666666669
rq1_rca,gemma-4-26b-a4b,aiops2025,V_ML,jvm exception,5,0.2,0.2,0.2,91.4
rq1_rca,gemma-4-26b-a4b,aiops2025,V_ML,jvm gc,2,0.0,0.0,0.0,115.0
rq1_rca,gemma-4-26b-a4b,aiops2025,V_ML,jvm latency,5,0.0,0.0,0.0,100.4
rq1_rca,gemma-4-26b-a4b,aiops2025,V_ML,memory stress,6,0.0,0.0,0.0,112.16666666666669
rq1_rca,gemma-4-26b-a4b,aiops2025,V_ML,network corrupt,7,0.5714285714285714,0.5714285714285714,0.5714285714285714,113.57142857142856
rq1_rca,gemma-4-26b-a4b,aiops2025,V_ML,network delay,7,0.4285714285714285,0.4285714285714285,0.4285714285714285,114.0
rq1_rca,gemma-4-26b-a4b,aiops2025,V_ML,network loss,5,0.5,0.4,0.6,140.2
rq1_rca,gemma-4-26b-a4b,aiops2025,V_ML,node cpu stress,6,0.0,0.0,0.0,111.66666666666669
rq1_rca,gemma-4-26b-a4b,aiops2025,V_ML,node disk fill,4,0.5,0.5,0.5,97.0
rq1_rca,gemma-4-26b-a4b,aiops2025,V_ML,node memory stress,12,0.1666666666666666,0.1666666666666666,0.1666666666666666,112.08333333333331
rq1_rca,gemma-4-26b-a4b,aiops2025,V_ML,pod failure,13,0.0,0.0,0.0,110.07692307692308
rq1_rca,gemma-4-26b-a4b,aiops2025,V_ML,pod kill,2,0.5,0.5,0.5,105.0
rq1_rca,gemma-4-26b-a4b,aiops2025,V_ML,target port misconfig,3,0.0,0.0,0.0,110.66666666666669
rq1_rca,gemma-4-26b-a4b,aiops2025,V_MLG,code error,2,0.0,0.0,0.0,98.0
rq1_rca,gemma-4-26b-a4b,aiops2025,V_MLG,cpu stress,8,0.25,0.25,0.25,100.625
rq1_rca,gemma-4-26b-a4b,aiops2025,V_MLG,dns error,5,0.0,0.0,0.0,93.6
rq1_rca,gemma-4-26b-a4b,aiops2025,V_MLG,io fault,5,0.2,0.2,0.2,100.6
rq1_rca,gemma-4-26b-a4b,aiops2025,V_MLG,jvm cpu,3,1.0,1.0,1.0,103.0
rq1_rca,gemma-4-26b-a4b,aiops2025,V_MLG,jvm exception,5,0.2,0.2,0.2,110.2
rq1_rca,gemma-4-26b-a4b,aiops2025,V_MLG,jvm gc,2,0.0,0.0,0.0,86.0
rq1_rca,gemma-4-26b-a4b,aiops2025,V_MLG,jvm latency,5,0.6,0.6,0.6,96.4
rq1_rca,gemma-4-26b-a4b,aiops2025,V_MLG,memory stress,6,0.0,0.0,0.0,98.16666666666669
rq1_rca,gemma-4-26b-a4b,aiops2025,V_MLG,network corrupt,7,0.619047619047619,0.5714285714285714,0.7142857142857143,112.57142857142856
rq1_rca,gemma-4-26b-a4b,aiops2025,V_MLG,network delay,7,0.4285714285714285,0.4285714285714285,0.4285714285714285,105.0
rq1_rca,gemma-4-26b-a4b,aiops2025,V_MLG,network loss,5,0.8,0.8,0.8,114.0
rq1_rca,gemma-4-26b-a4b,aiops2025,V_MLG,node cpu stress,6,0.0,0.0,0.0,97.5
rq1_rca,gemma-4-26b-a4b,aiops2025,V_MLG,node disk fill,4,0.75,0.75,0.75,94.25
rq1_rca,gemma-4-26b-a4b,aiops2025,V_MLG,node memory stress,12,0.25,0.25,0.25,103.75
rq1_rca,gemma-4-26b-a4b,aiops2025,V_MLG,pod failure,13,0.0,0.0,0.0,97.53846153846152
rq1_rca,gemma-4-26b-a4b,aiops2025,V_MLG,pod kill,2,1.0,1.0,1.0,105.5
rq1_rca,gemma-4-26b-a4b,aiops2025,V_MLG,target port misconfig,3,0.0,0.0,0.0,90.66666666666669
rq1_rca,gemma-4-26b-a4b,aiops2025,V_MR,code error,2,0.0,0.0,0.0,115.0
rq1_rca,gemma-4-26b-a4b,aiops2025,V_MR,cpu stress,8,0.125,0.125,0.125,94.875
rq1_rca,gemma-4-26b-a4b,aiops2025,V_MR,dns error,5,0.0,0.0,0.0,106.0
rq1_rca,gemma-4-26b-a4b,aiops2025,V_MR,io fault,5,0.2666666666666666,0.2,0.4,109.4
rq1_rca,gemma-4-26b-a4b,aiops2025,V_MR,jvm cpu,3,0.7777777777777777,0.6666666666666666,1.0,131.33333333333334
rq1_rca,gemma-4-26b-a4b,aiops2025,V_MR,jvm exception,5,0.2,0.2,0.2,97.0
rq1_rca,gemma-4-26b-a4b,aiops2025,V_MR,jvm gc,2,0.0,0.0,0.0,103.5
rq1_rca,gemma-4-26b-a4b,aiops2025,V_MR,jvm latency,5,0.0,0.0,0.0,94.6
rq1_rca,gemma-4-26b-a4b,aiops2025,V_MR,memory stress,6,0.0,0.0,0.0,95.83333333333331
rq1_rca,gemma-4-26b-a4b,aiops2025,V_MR,network corrupt,7,0.4285714285714285,0.4285714285714285,0.4285714285714285,100.14285714285714
rq1_rca,gemma-4-26b-a4b,aiops2025,V_MR,network delay,7,0.1428571428571428,0.1428571428571428,0.1428571428571428,113.14285714285714
rq1_rca,gemma-4-26b-a4b,aiops2025,V_MR,network loss,5,0.2,0.2,0.2,99.0
rq1_rca,gemma-4-26b-a4b,aiops2025,V_MR,node cpu stress,6,0.0,0.0,0.0,108.83333333333331
rq1_rca,gemma-4-26b-a4b,aiops2025,V_MR,node disk fill,4,0.25,0.25,0.25,110.75
rq1_rca,gemma-4-26b-a4b,aiops2025,V_MR,node memory stress,12,0.25,0.25,0.25,114.33333333333331
rq1_rca,gemma-4-26b-a4b,aiops2025,V_MR,pod failure,13,0.0256410256410256,0.0,0.0769230769230769,104.84615384615384
rq1_rca,gemma-4-26b-a4b,aiops2025,V_MR,pod kill,2,0.5,0.5,0.5,86.0
rq1_rca,gemma-4-26b-a4b,aiops2025,V_MR,target port misconfig,3,0.0,0.0,0.0,120.0
rq1_rca,gemma-4-26b-a4b,aiops2025,V_MRG,code error,2,0.0,0.0,0.0,101.5
rq1_rca,gemma-4-26b-a4b,aiops2025,V_MRG,cpu stress,8,0.125,0.125,0.125,107.75
rq1_rca,gemma-4-26b-a4b,aiops2025,V_MRG,dns error,5,0.0,0.0,0.0,102.6
rq1_rca,gemma-4-26b-a4b,aiops2025,V_MRG,io fault,5,0.2,0.2,0.2,104.2
rq1_rca,gemma-4-26b-a4b,aiops2025,V_MRG,jvm cpu,3,0.6666666666666666,0.6666666666666666,0.6666666666666666,86.66666666666667
rq1_rca,gemma-4-26b-a4b,aiops2025,V_MRG,jvm exception,5,0.2,0.2,0.2,98.0
rq1_rca,gemma-4-26b-a4b,aiops2025,V_MRG,jvm gc,2,0.0,0.0,0.0,107.0
rq1_rca,gemma-4-26b-a4b,aiops2025,V_MRG,jvm latency,5,0.0,0.0,0.0,96.2
rq1_rca,gemma-4-26b-a4b,aiops2025,V_MRG,memory stress,6,0.0,0.0,0.0,89.33333333333333
rq1_rca,gemma-4-26b-a4b,aiops2025,V_MRG,network corrupt,7,0.7142857142857143,0.7142857142857143,0.7142857142857143,101.14285714285714
rq1_rca,gemma-4-26b-a4b,aiops2025,V_MRG,network delay,7,0.1428571428571428,0.1428571428571428,0.1428571428571428,95.57142857142856
rq1_rca,gemma-4-26b-a4b,aiops2025,V_MRG,network loss,5,0.4,0.4,0.4,112.0
rq1_rca,gemma-4-26b-a4b,aiops2025,V_MRG,node cpu stress,6,0.1666666666666666,0.1666666666666666,0.1666666666666666,107.66666666666669
rq1_rca,gemma-4-26b-a4b,aiops2025,V_MRG,node disk fill,4,0.75,0.75,0.75,100.5
rq1_rca,gemma-4-26b-a4b,aiops2025,V_MRG,node memory stress,12,0.25,0.25,0.25,103.16666666666669
rq1_rca,gemma-4-26b-a4b,aiops2025,V_MRG,pod failure,13,0.0,0.0,0.0,99.53846153846152
rq1_rca,gemma-4-26b-a4b,aiops2025,V_MRG,pod kill,2,0.5,0.5,0.5,94.0
rq1_rca,gemma-4-26b-a4b,aiops2025,V_MRG,target port misconfig,3,0.0,0.0,0.0,95.66666666666669
rq1_rca,gemma-4-26b-a4b,aiops2025,V_MRL,code error,2,0.0,0.0,0.0,84.0
rq1_rca,gemma-4-26b-a4b,aiops2025,V_MRL,cpu stress,8,0.125,0.125,0.125,103.0
rq1_rca,gemma-4-26b-a4b,aiops2025,V_MRL,dns error,5,0.0,0.0,0.0,108.0
rq1_rca,gemma-4-26b-a4b,aiops2025,V_MRL,io fault,5,0.1,0.0,0.2,114.6
rq1_rca,gemma-4-26b-a4b,aiops2025,V_MRL,jvm cpu,3,0.0,0.0,0.0,112.66666666666669
rq1_rca,gemma-4-26b-a4b,aiops2025,V_MRL,jvm exception,5,0.2,0.2,0.2,104.0
rq1_rca,gemma-4-26b-a4b,aiops2025,V_MRL,jvm gc,2,0.0,0.0,0.0,106.5
rq1_rca,gemma-4-26b-a4b,aiops2025,V_MRL,jvm latency,5,0.0,0.0,0.0,104.8
rq1_rca,gemma-4-26b-a4b,aiops2025,V_MRL,memory stress,6,0.0,0.0,0.0,102.83333333333331
rq1_rca,gemma-4-26b-a4b,aiops2025,V_MRL,network corrupt,7,0.5,0.4285714285714285,0.5714285714285714,102.85714285714286
rq1_rca,gemma-4-26b-a4b,aiops2025,V_MRL,network delay,7,0.1428571428571428,0.1428571428571428,0.1428571428571428,103.42857142857144
rq1_rca,gemma-4-26b-a4b,aiops2025,V_MRL,network loss,5,0.4666666666666666,0.4,0.6,114.4
rq1_rca,gemma-4-26b-a4b,aiops2025,V_MRL,node cpu stress,6,0.0,0.0,0.0,99.83333333333331
rq1_rca,gemma-4-26b-a4b,aiops2025,V_MRL,node disk fill,4,0.25,0.25,0.25,96.25
rq1_rca,gemma-4-26b-a4b,aiops2025,V_MRL,node memory stress,12,0.25,0.25,0.25,112.41666666666669
rq1_rca,gemma-4-26b-a4b,aiops2025,V_MRL,pod failure,13,0.0,0.0,0.0,105.0
rq1_rca,gemma-4-26b-a4b,aiops2025,V_MRL,pod kill,2,0.5,0.5,0.5,154.5
rq1_rca,gemma-4-26b-a4b,aiops2025,V_MRL,target port misconfig,3,0.0,0.0,0.0,107.0
rq1_rca,gemma-4-26b-a4b,aiops2025,V_RG,code error,2,0.0,0.0,0.0,100.0
rq1_rca,gemma-4-26b-a4b,aiops2025,V_RG,cpu stress,8,0.25,0.25,0.25,108.625
rq1_rca,gemma-4-26b-a4b,aiops2025,V_RG,dns error,5,0.0,0.0,0.0,107.4
rq1_rca,gemma-4-26b-a4b,aiops2025,V_RG,io fault,5,0.4,0.4,0.4,117.0
rq1_rca,gemma-4-26b-a4b,aiops2025,V_RG,jvm cpu,3,0.6666666666666666,0.6666666666666666,0.6666666666666666,123.0
rq1_rca,gemma-4-26b-a4b,aiops2025,V_RG,jvm exception,5,0.4,0.4,0.4,95.2
rq1_rca,gemma-4-26b-a4b,aiops2025,V_RG,jvm gc,2,0.0,0.0,0.0,121.0
rq1_rca,gemma-4-26b-a4b,aiops2025,V_RG,jvm latency,5,0.2,0.2,0.2,110.8
rq1_rca,gemma-4-26b-a4b,aiops2025,V_RG,memory stress,6,0.0,0.0,0.0,121.83333333333331
rq1_rca,gemma-4-26b-a4b,aiops2025,V_RG,network corrupt,7,0.4285714285714285,0.4285714285714285,0.4285714285714285,99.0
rq1_rca,gemma-4-26b-a4b,aiops2025,V_RG,network delay,7,0.1428571428571428,0.1428571428571428,0.1428571428571428,114.85714285714286
rq1_rca,gemma-4-26b-a4b,aiops2025,V_RG,network loss,5,0.0,0.0,0.0,109.4
rq1_rca,gemma-4-26b-a4b,aiops2025,V_RG,node cpu stress,6,0.1666666666666666,0.1666666666666666,0.1666666666666666,115.0
rq1_rca,gemma-4-26b-a4b,aiops2025,V_RG,node disk fill,4,0.5,0.5,0.5,102.5
rq1_rca,gemma-4-26b-a4b,aiops2025,V_RG,node memory stress,12,0.0833333333333333,0.0833333333333333,0.0833333333333333,101.5
rq1_rca,gemma-4-26b-a4b,aiops2025,V_RG,pod failure,13,0.0,0.0,0.0,105.3846153846154
rq1_rca,gemma-4-26b-a4b,aiops2025,V_RG,pod kill,2,0.1666666666666666,0.0,0.5,127.5
rq1_rca,gemma-4-26b-a4b,aiops2025,V_RG,target port misconfig,3,0.0,0.0,0.0,112.33333333333331
rq1_rca,gemma-4-26b-a4b,aiops2025,V_RL,code error,2,0.0,0.0,0.0,122.5
rq1_rca,gemma-4-26b-a4b,aiops2025,V_RL,cpu stress,8,0.1666666666666666,0.125,0.25,113.625
rq1_rca,gemma-4-26b-a4b,aiops2025,V_RL,dns error,5,0.0,0.0,0.0,116.6
rq1_rca,gemma-4-26b-a4b,aiops2025,V_RL,io fault,5,0.45,0.4,0.6,119.8
rq1_rca,gemma-4-26b-a4b,aiops2025,V_RL,jvm cpu,3,0.1111111111111111,0.0,0.3333333333333333,114.66666666666669
rq1_rca,gemma-4-26b-a4b,aiops2025,V_RL,jvm exception,5,0.2,0.2,0.2,109.4
rq1_rca,gemma-4-26b-a4b,aiops2025,V_RL,jvm gc,2,0.0,0.0,0.0,111.5
rq1_rca,gemma-4-26b-a4b,aiops2025,V_RL,jvm latency,5,0.2,0.2,0.2,112.2
rq1_rca,gemma-4-26b-a4b,aiops2025,V_RL,memory stress,6,0.0,0.0,0.0,115.16666666666669
rq1_rca,gemma-4-26b-a4b,aiops2025,V_RL,network corrupt,7,0.4285714285714285,0.4285714285714285,0.4285714285714285,117.14285714285714
rq1_rca,gemma-4-26b-a4b,aiops2025,V_RL,network delay,7,0.1904761904761904,0.1428571428571428,0.2857142857142857,110.14285714285714
rq1_rca,gemma-4-26b-a4b,aiops2025,V_RL,network loss,5,0.2666666666666666,0.2,0.4,118.0
rq1_rca,gemma-4-26b-a4b,aiops2025,V_RL,node cpu stress,6,0.3333333333333333,0.3333333333333333,0.3333333333333333,139.0
rq1_rca,gemma-4-26b-a4b,aiops2025,V_RL,node disk fill,4,0.25,0.25,0.25,105.25
rq1_rca,gemma-4-26b-a4b,aiops2025,V_RL,node memory stress,12,0.0833333333333333,0.0833333333333333,0.0833333333333333,117.08333333333331
rq1_rca,gemma-4-26b-a4b,aiops2025,V_RL,pod failure,13,0.0256410256410256,0.0,0.0769230769230769,123.15384615384616
rq1_rca,gemma-4-26b-a4b,aiops2025,V_RL,pod kill,2,0.25,0.0,0.5,117.0
rq1_rca,gemma-4-26b-a4b,aiops2025,V_RL,target port misconfig,3,0.0,0.0,0.0,113.33333333333331
rq1_rca,gemma-4-26b-a4b,aiops2025,V_RLG,code error,2,0.0,0.0,0.0,121.5
rq1_rca,gemma-4-26b-a4b,aiops2025,V_RLG,cpu stress,8,0.03125,0.0,0.125,119.25
rq1_rca,gemma-4-26b-a4b,aiops2025,V_RLG,dns error,5,0.0,0.0,0.0,98.0
rq1_rca,gemma-4-26b-a4b,aiops2025,V_RLG,io fault,5,0.65,0.6,0.8,123.6
rq1_rca,gemma-4-26b-a4b,aiops2025,V_RLG,jvm cpu,3,0.6666666666666666,0.6666666666666666,0.6666666666666666,100.0
rq1_rca,gemma-4-26b-a4b,aiops2025,V_RLG,jvm exception,5,0.4,0.4,0.4,101.6
rq1_rca,gemma-4-26b-a4b,aiops2025,V_RLG,jvm gc,2,0.5,0.5,0.5,114.0
rq1_rca,gemma-4-26b-a4b,aiops2025,V_RLG,jvm latency,5,0.2,0.2,0.2,105.6
rq1_rca,gemma-4-26b-a4b,aiops2025,V_RLG,memory stress,6,0.0,0.0,0.0,109.5
rq1_rca,gemma-4-26b-a4b,aiops2025,V_RLG,network corrupt,7,0.4285714285714285,0.4285714285714285,0.4285714285714285,114.71428571428572
rq1_rca,gemma-4-26b-a4b,aiops2025,V_RLG,network delay,7,0.0,0.0,0.0,114.42857142857144
rq1_rca,gemma-4-26b-a4b,aiops2025,V_RLG,network loss,5,0.0,0.0,0.0,101.4
rq1_rca,gemma-4-26b-a4b,aiops2025,V_RLG,node cpu stress,6,0.1666666666666666,0.1666666666666666,0.1666666666666666,101.66666666666669
rq1_rca,gemma-4-26b-a4b,aiops2025,V_RLG,node disk fill,4,0.5,0.5,0.5,116.75
rq1_rca,gemma-4-26b-a4b,aiops2025,V_RLG,node memory stress,12,0.0833333333333333,0.0833333333333333,0.0833333333333333,103.0
rq1_rca,gemma-4-26b-a4b,aiops2025,V_RLG,pod failure,13,0.0,0.0,0.0,114.23076923076924
rq1_rca,gemma-4-26b-a4b,aiops2025,V_RLG,pod kill,2,0.0,0.0,0.0,113.0
rq1_rca,gemma-4-26b-a4b,aiops2025,V_RLG,target port misconfig,3,0.0,0.0,0.0,119.0
rq1_rca,gemma-4-26b-a4b,re2_ob,C,cpu,15,0.9333333333333332,0.9333333333333332,0.9333333333333332,105.73333333333332
rq1_rca,gemma-4-26b-a4b,re2_ob,C,delay,15,0.7,0.6666666666666666,0.7333333333333333,116.33333333333331
rq1_rca,gemma-4-26b-a4b,re2_ob,C,disk,15,1.0,1.0,1.0,108.26666666666668
rq1_rca,gemma-4-26b-a4b,re2_ob,C,loss,15,0.7666666666666667,0.7333333333333333,0.8,101.4
rq1_rca,gemma-4-26b-a4b,re2_ob,C,mem,15,1.0,1.0,1.0,103.46666666666668
rq1_rca,gemma-4-26b-a4b,re2_ob,C,socket,15,1.0,1.0,1.0,101.4
rq1_rca,gemma-4-26b-a4b,re2_ob,H,cpu,15,0.7333333333333333,0.7333333333333333,0.7333333333333333,107.13333333333334
rq1_rca,gemma-4-26b-a4b,re2_ob,H,delay,15,0.4,0.4,0.4,112.93333333333334
rq1_rca,gemma-4-26b-a4b,re2_ob,H,disk,15,0.8222222222222223,0.8,0.8666666666666667,119.8
rq1_rca,gemma-4-26b-a4b,re2_ob,H,loss,15,0.5333333333333333,0.5333333333333333,0.5333333333333333,108.86666666666666
rq1_rca,gemma-4-26b-a4b,re2_ob,H,mem,15,0.8666666666666667,0.8666666666666667,0.8666666666666667,103.33333333333331
rq1_rca,gemma-4-26b-a4b,re2_ob,H,socket,15,0.9333333333333332,0.9333333333333332,0.9333333333333332,107.93333333333334
rq1_rca,gemma-4-26b-a4b,re2_ob,LV,cpu,15,0.8666666666666667,0.8666666666666667,0.8666666666666667,112.0
rq1_rca,gemma-4-26b-a4b,re2_ob,LV,delay,15,0.6,0.6,0.6,116.66666666666669
rq1_rca,gemma-4-26b-a4b,re2_ob,LV,disk,15,1.0,1.0,1.0,111.06666666666666
rq1_rca,gemma-4-26b-a4b,re2_ob,LV,loss,15,0.6333333333333333,0.6,0.6666666666666666,108.6
rq1_rca,gemma-4-26b-a4b,re2_ob,LV,mem,15,1.0,1.0,1.0,108.66666666666669
rq1_rca,gemma-4-26b-a4b,re2_ob,LV,socket,15,0.9666666666666668,0.9333333333333332,1.0,110.73333333333332
rq1_rca,gemma-4-26b-a4b,re2_ob,MV,cpu,15,0.7333333333333333,0.7333333333333333,0.7333333333333333,98.93333333333334
rq1_rca,gemma-4-26b-a4b,re2_ob,MV,delay,15,0.4,0.4,0.4,106.93333333333334
rq1_rca,gemma-4-26b-a4b,re2_ob,MV,disk,15,0.9333333333333332,0.9333333333333332,0.9333333333333332,110.0
rq1_rca,gemma-4-26b-a4b,re2_ob,MV,loss,15,0.7333333333333333,0.7333333333333333,0.7333333333333333,107.6
rq1_rca,gemma-4-26b-a4b,re2_ob,MV,mem,15,0.5555555555555556,0.5333333333333333,0.6,112.06666666666666
rq1_rca,gemma-4-26b-a4b,re2_ob,MV,socket,15,0.8,0.8,0.8,100.6
rq1_rca,gemma-4-26b-a4b,re2_ob,S,cpu,15,0.3333333333333333,0.3333333333333333,0.3333333333333333,102.73333333333332
rq1_rca,gemma-4-26b-a4b,re2_ob,S,delay,15,0.2666666666666666,0.2666666666666666,0.2666666666666666,93.86666666666666
rq1_rca,gemma-4-26b-a4b,re2_ob,S,disk,15,0.1333333333333333,0.1333333333333333,0.1333333333333333,97.8
rq1_rca,gemma-4-26b-a4b,re2_ob,S,loss,15,0.2666666666666666,0.2666666666666666,0.2666666666666666,99.86666666666666
rq1_rca,gemma-4-26b-a4b,re2_ob,S,mem,15,0.3333333333333333,0.3333333333333333,0.3333333333333333,98.13333333333334
rq1_rca,gemma-4-26b-a4b,re2_ob,S,socket,15,0.2,0.2,0.2,96.26666666666668
rq1_rca,gemma-4-26b-a4b,re2_ob,T,cpu,15,0.8666666666666667,0.8666666666666667,0.8666666666666667,107.93333333333334
rq1_rca,gemma-4-26b-a4b,re2_ob,T,delay,15,0.5333333333333333,0.5333333333333333,0.5333333333333333,106.86666666666666
rq1_rca,gemma-4-26b-a4b,re2_ob,T,disk,15,1.0,1.0,1.0,116.33333333333331
rq1_rca,gemma-4-26b-a4b,re2_ob,T,loss,15,0.7555555555555556,0.7333333333333333,0.8,108.26666666666668
rq1_rca,gemma-4-26b-a4b,re2_ob,T,mem,15,1.0,1.0,1.0,111.53333333333332
rq1_rca,gemma-4-26b-a4b,re2_ob,T,socket,15,1.0,1.0,1.0,105.53333333333332
rq1_rca,gemma-4-26b-a4b,re2_ob,TCV,cpu,15,0.7333333333333333,0.7333333333333333,0.7333333333333333,108.86666666666666
rq1_rca,gemma-4-26b-a4b,re2_ob,TCV,delay,15,0.4166666666666667,0.4,0.4666666666666667,113.53333333333332
rq1_rca,gemma-4-26b-a4b,re2_ob,TCV,disk,15,1.0,1.0,1.0,117.6
rq1_rca,gemma-4-26b-a4b,re2_ob,TCV,loss,15,0.5666666666666667,0.5333333333333333,0.6,108.93333333333334
rq1_rca,gemma-4-26b-a4b,re2_ob,TCV,mem,15,0.8666666666666667,0.8666666666666667,0.8666666666666667,108.8
rq1_rca,gemma-4-26b-a4b,re2_ob,TCV,socket,15,0.9666666666666668,0.9333333333333332,1.0,111.93333333333334
rq1_rca,gemma-4-26b-a4b,re2_ob,TPV,cpu,15,0.9333333333333332,0.9333333333333332,0.9333333333333332,117.93333333333334
rq1_rca,gemma-4-26b-a4b,re2_ob,TPV,delay,15,0.6666666666666666,0.6666666666666666,0.6666666666666666,113.6
rq1_rca,gemma-4-26b-a4b,re2_ob,TPV,disk,15,1.0,1.0,1.0,117.0
rq1_rca,gemma-4-26b-a4b,re2_ob,TPV,loss,15,0.8666666666666667,0.8666666666666667,0.8666666666666667,113.53333333333332
rq1_rca,gemma-4-26b-a4b,re2_ob,TPV,mem,15,0.9333333333333332,0.9333333333333332,0.9333333333333332,107.33333333333331
rq1_rca,gemma-4-26b-a4b,re2_ob,TPV,socket,15,1.0,1.0,1.0,107.6
rq1_rca,gemma-4-26b-a4b,re2_ob,V,cpu,15,0.6,0.6,0.6,99.53333333333332
rq1_rca,gemma-4-26b-a4b,re2_ob,V,delay,15,0.3333333333333333,0.3333333333333333,0.3333333333333333,108.46666666666668
rq1_rca,gemma-4-26b-a4b,re2_ob,V,disk,15,0.8,0.8,0.8,111.33333333333331
rq1_rca,gemma-4-26b-a4b,re2_ob,V,loss,15,0.6,0.6,0.6,108.2
rq1_rca,gemma-4-26b-a4b,re2_ob,V,mem,15,0.8,0.8,0.8,99.2
rq1_rca,gemma-4-26b-a4b,re2_ob,V,socket,15,0.6666666666666666,0.6666666666666666,0.6666666666666666,100.4
rq1_rca,gemma-4-26b-a4b,re2_ob,V_LG,cpu,15,1.0,1.0,1.0,109.4
rq1_rca,gemma-4-26b-a4b,re2_ob,V_LG,delay,15,0.5333333333333333,0.5333333333333333,0.5333333333333333,116.06666666666666
rq1_rca,gemma-4-26b-a4b,re2_ob,V_LG,disk,15,1.0,1.0,1.0,118.33333333333331
rq1_rca,gemma-4-26b-a4b,re2_ob,V_LG,loss,15,0.7333333333333333,0.7333333333333333,0.7333333333333333,112.46666666666668
rq1_rca,gemma-4-26b-a4b,re2_ob,V_LG,mem,15,0.9333333333333332,0.9333333333333332,0.9333333333333332,106.06666666666666
rq1_rca,gemma-4-26b-a4b,re2_ob,V_LG,socket,15,1.0,1.0,1.0,103.66666666666669
rq1_rca,gemma-4-26b-a4b,re2_ob,V_MG,cpu,15,0.5333333333333333,0.5333333333333333,0.5333333333333333,111.26666666666668
rq1_rca,gemma-4-26b-a4b,re2_ob,V_MG,delay,15,0.5333333333333333,0.5333333333333333,0.5333333333333333,104.6
rq1_rca,gemma-4-26b-a4b,re2_ob,V_MG,disk,15,0.8666666666666667,0.8666666666666667,0.8666666666666667,108.4
rq1_rca,gemma-4-26b-a4b,re2_ob,V_MG,loss,15,0.9333333333333332,0.9333333333333332,0.9333333333333332,103.13333333333334
rq1_rca,gemma-4-26b-a4b,re2_ob,V_MG,mem,15,0.7333333333333333,0.7333333333333333,0.7333333333333333,104.33333333333331
rq1_rca,gemma-4-26b-a4b,re2_ob,V_MG,socket,15,0.7333333333333333,0.7333333333333333,0.7333333333333333,105.26666666666668
rq1_rca,gemma-4-26b-a4b,re2_ob,V_ML,cpu,15,0.7333333333333333,0.7333333333333333,0.7333333333333333,104.13333333333334
rq1_rca,gemma-4-26b-a4b,re2_ob,V_ML,delay,15,0.3333333333333333,0.3333333333333333,0.3333333333333333,110.0
rq1_rca,gemma-4-26b-a4b,re2_ob,V_ML,disk,15,0.8666666666666667,0.8666666666666667,0.8666666666666667,103.26666666666668
rq1_rca,gemma-4-26b-a4b,re2_ob,V_ML,loss,15,0.4666666666666667,0.4666666666666667,0.4666666666666667,104.06666666666666
rq1_rca,gemma-4-26b-a4b,re2_ob,V_ML,mem,15,0.6666666666666666,0.6666666666666666,0.6666666666666666,104.8
rq1_rca,gemma-4-26b-a4b,re2_ob,V_ML,socket,15,0.8666666666666667,0.8666666666666667,0.8666666666666667,97.8
rq1_rca,gemma-4-26b-a4b,re2_ob,V_MLG,cpu,15,0.6666666666666666,0.6666666666666666,0.6666666666666666,102.66666666666669
rq1_rca,gemma-4-26b-a4b,re2_ob,V_MLG,delay,15,0.7333333333333333,0.7333333333333333,0.7333333333333333,109.13333333333334
rq1_rca,gemma-4-26b-a4b,re2_ob,V_MLG,disk,15,0.8666666666666667,0.8666666666666667,0.8666666666666667,102.86666666666666
rq1_rca,gemma-4-26b-a4b,re2_ob,V_MLG,loss,15,0.6666666666666666,0.6666666666666666,0.6666666666666666,102.0
rq1_rca,gemma-4-26b-a4b,re2_ob,V_MLG,mem,15,0.7333333333333333,0.7333333333333333,0.7333333333333333,110.26666666666668
rq1_rca,gemma-4-26b-a4b,re2_ob,V_MLG,socket,15,0.8,0.8,0.8,107.26666666666668
rq1_rca,gemma-4-26b-a4b,re2_ob,V_MR,cpu,15,0.6,0.6,0.6,103.73333333333332
rq1_rca,gemma-4-26b-a4b,re2_ob,V_MR,delay,15,0.2666666666666666,0.2666666666666666,0.2666666666666666,104.86666666666666
rq1_rca,gemma-4-26b-a4b,re2_ob,V_MR,disk,15,0.7333333333333333,0.7333333333333333,0.7333333333333333,105.33333333333331
rq1_rca,gemma-4-26b-a4b,re2_ob,V_MR,loss,15,0.2,0.2,0.2,103.8
rq1_rca,gemma-4-26b-a4b,re2_ob,V_MR,mem,15,0.6,0.6,0.6,104.8
rq1_rca,gemma-4-26b-a4b,re2_ob,V_MR,socket,15,0.6666666666666666,0.6666666666666666,0.6666666666666666,104.93333333333334
rq1_rca,gemma-4-26b-a4b,re2_ob,V_MRG,cpu,15,0.5333333333333333,0.5333333333333333,0.5333333333333333,101.86666666666666
rq1_rca,gemma-4-26b-a4b,re2_ob,V_MRG,delay,15,0.3333333333333333,0.3333333333333333,0.3333333333333333,104.53333333333332
rq1_rca,gemma-4-26b-a4b,re2_ob,V_MRG,disk,15,0.7333333333333333,0.7333333333333333,0.7333333333333333,105.26666666666668
rq1_rca,gemma-4-26b-a4b,re2_ob,V_MRG,loss,15,0.6666666666666666,0.6666666666666666,0.6666666666666666,101.73333333333332
rq1_rca,gemma-4-26b-a4b,re2_ob,V_MRG,mem,15,0.6666666666666666,0.6666666666666666,0.6666666666666666,102.26666666666668
rq1_rca,gemma-4-26b-a4b,re2_ob,V_MRG,socket,15,0.7333333333333333,0.7333333333333333,0.7333333333333333,105.86666666666666
rq1_rca,gemma-4-26b-a4b,re2_ob,V_MRL,cpu,15,0.7,0.6666666666666666,0.7333333333333333,99.0
rq1_rca,gemma-4-26b-a4b,re2_ob,V_MRL,delay,15,0.2666666666666666,0.2666666666666666,0.2666666666666666,104.13333333333334
rq1_rca,gemma-4-26b-a4b,re2_ob,V_MRL,disk,15,0.6666666666666666,0.6666666666666666,0.6666666666666666,103.46666666666668
rq1_rca,gemma-4-26b-a4b,re2_ob,V_MRL,loss,15,0.3333333333333333,0.3333333333333333,0.3333333333333333,100.8
rq1_rca,gemma-4-26b-a4b,re2_ob,V_MRL,mem,15,0.6666666666666666,0.6666666666666666,0.6666666666666666,102.73333333333332
rq1_rca,gemma-4-26b-a4b,re2_ob,V_MRL,socket,15,0.7333333333333333,0.7333333333333333,0.7333333333333333,105.46666666666668
rq1_rca,gemma-4-26b-a4b,re2_ob,V_RG,cpu,15,1.0,1.0,1.0,108.26666666666668
rq1_rca,gemma-4-26b-a4b,re2_ob,V_RG,delay,15,0.1333333333333333,0.1333333333333333,0.1333333333333333,116.33333333333331
rq1_rca,gemma-4-26b-a4b,re2_ob,V_RG,disk,15,1.0,1.0,1.0,121.06666666666666
rq1_rca,gemma-4-26b-a4b,re2_ob,V_RG,loss,15,0.7333333333333333,0.7333333333333333,0.7333333333333333,113.66666666666669
rq1_rca,gemma-4-26b-a4b,re2_ob,V_RG,mem,15,0.9333333333333332,0.9333333333333332,0.9333333333333332,119.33333333333331
rq1_rca,gemma-4-26b-a4b,re2_ob,V_RG,socket,15,0.9333333333333332,0.9333333333333332,0.9333333333333332,112.33333333333331
rq1_rca,gemma-4-26b-a4b,re2_ob,V_RL,cpu,15,0.7,0.6666666666666666,0.7333333333333333,103.0
rq1_rca,gemma-4-26b-a4b,re2_ob,V_RL,delay,15,0.3888888888888889,0.3333333333333333,0.4666666666666667,117.73333333333332
rq1_rca,gemma-4-26b-a4b,re2_ob,V_RL,disk,15,0.9333333333333332,0.9333333333333332,0.9333333333333332,112.06666666666666
rq1_rca,gemma-4-26b-a4b,re2_ob,V_RL,loss,15,0.4888888888888889,0.4666666666666667,0.5333333333333333,107.4
rq1_rca,gemma-4-26b-a4b,re2_ob,V_RL,mem,15,0.8666666666666667,0.8666666666666667,0.8666666666666667,115.66666666666669
rq1_rca,gemma-4-26b-a4b,re2_ob,V_RL,socket,15,1.0,1.0,1.0,104.66666666666669
rq1_rca,gemma-4-26b-a4b,re2_ob,V_RLG,cpu,15,0.9333333333333332,0.9333333333333332,0.9333333333333332,109.66666666666669
rq1_rca,gemma-4-26b-a4b,re2_ob,V_RLG,delay,15,0.3333333333333333,0.2666666666666666,0.4,120.2
rq1_rca,gemma-4-26b-a4b,re2_ob,V_RLG,disk,15,1.0,1.0,1.0,108.66666666666669
rq1_rca,gemma-4-26b-a4b,re2_ob,V_RLG,loss,15,0.6666666666666666,0.6666666666666666,0.6666666666666666,103.33333333333331
rq1_rca,gemma-4-26b-a4b,re2_ob,V_RLG,mem,15,0.9333333333333332,0.9333333333333332,0.9333333333333332,113.8
rq1_rca,gemma-4-26b-a4b,re2_ob,V_RLG,socket,15,0.9333333333333332,0.9333333333333332,0.9333333333333332,109.0
rq1_rca,gemma-4-26b-a4b,re2_tt,C,cpu,15,0.8,0.7333333333333333,0.8666666666666667,111.6
rq1_rca,gemma-4-26b-a4b,re2_tt,C,delay,15,0.5666666666666667,0.5333333333333333,0.6,119.13333333333334
rq1_rca,gemma-4-26b-a4b,re2_tt,C,disk,15,0.9333333333333332,0.9333333333333332,0.9333333333333332,101.93333333333334
rq1_rca,gemma-4-26b-a4b,re2_tt,C,loss,15,0.7,0.6666666666666666,0.7333333333333333,102.86666666666666
rq1_rca,gemma-4-26b-a4b,re2_tt,C,mem,15,0.9666666666666668,0.9333333333333332,1.0,110.73333333333332
rq1_rca,gemma-4-26b-a4b,re2_tt,C,socket,15,0.7333333333333333,0.7333333333333333,0.7333333333333333,101.0
rq1_rca,gemma-4-26b-a4b,re2_tt,H,cpu,15,0.6222222222222222,0.6,0.6666666666666666,110.26666666666668
rq1_rca,gemma-4-26b-a4b,re2_tt,H,delay,15,0.5111111111111111,0.4666666666666667,0.6,114.0
rq1_rca,gemma-4-26b-a4b,re2_tt,H,disk,15,0.6888888888888889,0.6666666666666666,0.7333333333333333,114.26666666666668
rq1_rca,gemma-4-26b-a4b,re2_tt,H,loss,15,0.5555555555555556,0.5333333333333333,0.6,118.53333333333332
rq1_rca,gemma-4-26b-a4b,re2_tt,H,mem,15,0.7666666666666667,0.7333333333333333,0.8,119.33333333333331
rq1_rca,gemma-4-26b-a4b,re2_tt,H,socket,15,0.4833333333333333,0.4666666666666667,0.5333333333333333,109.73333333333332
rq1_rca,gemma-4-26b-a4b,re2_tt,LV,cpu,15,0.6,0.5333333333333333,0.6666666666666666,106.66666666666669
rq1_rca,gemma-4-26b-a4b,re2_tt,LV,delay,15,0.6555555555555556,0.6,0.7333333333333333,123.6
rq1_rca,gemma-4-26b-a4b,re2_tt,LV,disk,15,0.8666666666666667,0.8666666666666667,0.8666666666666667,115.06666666666666
rq1_rca,gemma-4-26b-a4b,re2_tt,LV,loss,15,0.7333333333333333,0.7333333333333333,0.7333333333333333,118.0
rq1_rca,gemma-4-26b-a4b,re2_tt,LV,mem,15,0.9333333333333332,0.9333333333333332,0.9333333333333332,111.06666666666666
rq1_rca,gemma-4-26b-a4b,re2_tt,LV,socket,15,0.6666666666666666,0.6666666666666666,0.6666666666666666,110.73333333333332
rq1_rca,gemma-4-26b-a4b,re2_tt,MV,cpu,15,0.5555555555555556,0.5333333333333333,0.6,113.93333333333334
rq1_rca,gemma-4-26b-a4b,re2_tt,MV,delay,15,0.5666666666666667,0.5333333333333333,0.6,109.33333333333331
rq1_rca,gemma-4-26b-a4b,re2_tt,MV,disk,15,0.7222222222222222,0.6666666666666666,0.8,109.6
rq1_rca,gemma-4-26b-a4b,re2_tt,MV,loss,15,0.9,0.8666666666666667,0.9333333333333332,108.26666666666668
rq1_rca,gemma-4-26b-a4b,re2_tt,MV,mem,15,0.7,0.6666666666666666,0.7333333333333333,111.4
rq1_rca,gemma-4-26b-a4b,re2_tt,MV,socket,15,0.8222222222222223,0.8,0.8666666666666667,106.33333333333331
rq1_rca,gemma-4-26b-a4b,re2_tt,S,cpu,15,0.2666666666666666,0.2666666666666666,0.2666666666666666,101.06666666666666
rq1_rca,gemma-4-26b-a4b,re2_tt,S,delay,15,0.2,0.2,0.2,94.66666666666669
rq1_rca,gemma-4-26b-a4b,re2_tt,S,disk,15,0.4,0.4,0.4,96.86666666666666
rq1_rca,gemma-4-26b-a4b,re2_tt,S,loss,15,0.2666666666666666,0.2666666666666666,0.2666666666666666,94.2
rq1_rca,gemma-4-26b-a4b,re2_tt,S,mem,15,0.3333333333333333,0.3333333333333333,0.3333333333333333,91.93333333333334
rq1_rca,gemma-4-26b-a4b,re2_tt,S,socket,15,0.5333333333333333,0.5333333333333333,0.5333333333333333,99.73333333333332
rq1_rca,gemma-4-26b-a4b,re2_tt,T,cpu,15,0.788888888888889,0.6666666666666666,0.9333333333333332,119.93333333333334
rq1_rca,gemma-4-26b-a4b,re2_tt,T,delay,15,0.5222222222222223,0.4,0.6666666666666666,124.06666666666666
rq1_rca,gemma-4-26b-a4b,re2_tt,T,disk,15,0.9333333333333332,0.9333333333333332,0.9333333333333332,106.06666666666666
rq1_rca,gemma-4-26b-a4b,re2_tt,T,loss,15,0.7,0.6666666666666666,0.7333333333333333,125.6
rq1_rca,gemma-4-26b-a4b,re2_tt,T,mem,15,0.9555555555555556,0.9333333333333332,1.0,111.4
rq1_rca,gemma-4-26b-a4b,re2_tt,T,socket,15,0.6666666666666666,0.6,0.7333333333333333,118.93333333333334
rq1_rca,gemma-4-26b-a4b,re2_tt,TCV,cpu,15,0.5222222222222223,0.4666666666666667,0.6,114.93333333333334
rq1_rca,gemma-4-26b-a4b,re2_tt,TCV,delay,15,0.3777777777777777,0.2666666666666666,0.5333333333333333,116.46666666666668
rq1_rca,gemma-4-26b-a4b,re2_tt,TCV,disk,15,0.8,0.8,0.8,102.13333333333334
rq1_rca,gemma-4-26b-a4b,re2_tt,TCV,loss,15,0.5666666666666667,0.5333333333333333,0.6,109.13333333333334
rq1_rca,gemma-4-26b-a4b,re2_tt,TCV,mem,15,0.9333333333333332,0.9333333333333332,0.9333333333333332,113.86666666666666
rq1_rca,gemma-4-26b-a4b,re2_tt,TCV,socket,15,0.5333333333333333,0.5333333333333333,0.5333333333333333,115.26666666666668
rq1_rca,gemma-4-26b-a4b,re2_tt,TPV,cpu,15,0.8666666666666667,0.8666666666666667,0.8666666666666667,124.86666666666666
rq1_rca,gemma-4-26b-a4b,re2_tt,TPV,delay,15,0.4666666666666667,0.4666666666666667,0.4666666666666667,115.33333333333331
rq1_rca,gemma-4-26b-a4b,re2_tt,TPV,disk,15,1.0,1.0,1.0,107.33333333333331
rq1_rca,gemma-4-26b-a4b,re2_tt,TPV,loss,15,0.6,0.6,0.6,108.4
rq1_rca,gemma-4-26b-a4b,re2_tt,TPV,mem,15,0.8,0.8,0.8,109.2
rq1_rca,gemma-4-26b-a4b,re2_tt,TPV,socket,15,0.7333333333333333,0.7333333333333333,0.7333333333333333,108.4
rq1_rca,gemma-4-26b-a4b,re2_tt,V,cpu,15,0.4666666666666667,0.4666666666666667,0.4666666666666667,101.6
rq1_rca,gemma-4-26b-a4b,re2_tt,V,delay,15,0.4,0.4,0.4,103.6
rq1_rca,gemma-4-26b-a4b,re2_tt,V,disk,15,0.8,0.8,0.8,103.26666666666668
rq1_rca,gemma-4-26b-a4b,re2_tt,V,loss,15,0.0666666666666666,0.0666666666666666,0.0666666666666666,100.53333333333332
rq1_rca,gemma-4-26b-a4b,re2_tt,V,mem,15,0.5333333333333333,0.5333333333333333,0.5333333333333333,101.93333333333334
rq1_rca,gemma-4-26b-a4b,re2_tt,V,socket,15,0.3333333333333333,0.3333333333333333,0.3333333333333333,99.86666666666666
rq1_rca,gemma-4-26b-a4b,re2_tt,V_LG,cpu,15,0.7666666666666667,0.7333333333333333,0.8,118.0
rq1_rca,gemma-4-26b-a4b,re2_tt,V_LG,delay,15,0.5333333333333333,0.5333333333333333,0.5333333333333333,122.4
rq1_rca,gemma-4-26b-a4b,re2_tt,V_LG,disk,15,1.0,1.0,1.0,112.66666666666669
rq1_rca,gemma-4-26b-a4b,re2_tt,V_LG,loss,15,0.6888888888888889,0.6666666666666666,0.7333333333333333,119.6
rq1_rca,gemma-4-26b-a4b,re2_tt,V_LG,mem,15,0.9333333333333332,0.9333333333333332,0.9333333333333332,111.93333333333334
rq1_rca,gemma-4-26b-a4b,re2_tt,V_LG,socket,15,0.6888888888888889,0.6666666666666666,0.7333333333333333,113.4
rq1_rca,gemma-4-26b-a4b,re2_tt,V_MG,cpu,15,0.5333333333333333,0.5333333333333333,0.5333333333333333,103.0
rq1_rca,gemma-4-26b-a4b,re2_tt,V_MG,delay,15,0.5666666666666667,0.5333333333333333,0.6,114.2
rq1_rca,gemma-4-26b-a4b,re2_tt,V_MG,disk,15,1.0,1.0,1.0,110.73333333333332
rq1_rca,gemma-4-26b-a4b,re2_tt,V_MG,loss,15,0.8,0.8,0.8,110.8
rq1_rca,gemma-4-26b-a4b,re2_tt,V_MG,mem,15,0.5333333333333333,0.5333333333333333,0.5333333333333333,102.06666666666666
rq1_rca,gemma-4-26b-a4b,re2_tt,V_MG,socket,15,0.6666666666666666,0.6666666666666666,0.6666666666666666,106.86666666666666
rq1_rca,gemma-4-26b-a4b,re2_tt,V_ML,cpu,15,0.6666666666666666,0.6,0.8,106.26666666666668
rq1_rca,gemma-4-26b-a4b,re2_tt,V_ML,delay,15,0.5222222222222223,0.4666666666666667,0.6,119.46666666666668
rq1_rca,gemma-4-26b-a4b,re2_tt,V_ML,disk,15,0.7333333333333333,0.7333333333333333,0.7333333333333333,112.26666666666668
rq1_rca,gemma-4-26b-a4b,re2_tt,V_ML,loss,15,0.7333333333333333,0.7333333333333333,0.7333333333333333,106.6
rq1_rca,gemma-4-26b-a4b,re2_tt,V_ML,mem,15,0.8,0.8,0.8,103.86666666666666
rq1_rca,gemma-4-26b-a4b,re2_tt,V_ML,socket,15,0.6,0.6,0.6,102.13333333333334
rq1_rca,gemma-4-26b-a4b,re2_tt,V_MLG,cpu,15,0.6,0.6,0.6,108.93333333333334
rq1_rca,gemma-4-26b-a4b,re2_tt,V_MLG,delay,15,0.4666666666666667,0.4666666666666667,0.4666666666666667,106.2
rq1_rca,gemma-4-26b-a4b,re2_tt,V_MLG,disk,15,0.8666666666666667,0.8666666666666667,0.8666666666666667,118.73333333333332
rq1_rca,gemma-4-26b-a4b,re2_tt,V_MLG,loss,15,0.8,0.8,0.8,112.66666666666669
rq1_rca,gemma-4-26b-a4b,re2_tt,V_MLG,mem,15,0.6666666666666666,0.6666666666666666,0.6666666666666666,105.73333333333332
rq1_rca,gemma-4-26b-a4b,re2_tt,V_MLG,socket,15,0.6,0.6,0.6,106.66666666666669
rq1_rca,gemma-4-26b-a4b,re2_tt,V_MR,cpu,15,0.3555555555555555,0.3333333333333333,0.4,111.66666666666669
rq1_rca,gemma-4-26b-a4b,re2_tt,V_MR,delay,15,0.2333333333333333,0.2,0.2666666666666666,101.6
rq1_rca,gemma-4-26b-a4b,re2_tt,V_MR,disk,15,0.6222222222222222,0.5333333333333333,0.7333333333333333,116.0
rq1_rca,gemma-4-26b-a4b,re2_tt,V_MR,loss,15,0.4666666666666667,0.4,0.5333333333333333,111.86666666666666
rq1_rca,gemma-4-26b-a4b,re2_tt,V_MR,mem,15,0.7333333333333333,0.7333333333333333,0.7333333333333333,105.0
rq1_rca,gemma-4-26b-a4b,re2_tt,V_MR,socket,15,0.5,0.4666666666666667,0.5333333333333333,110.4
rq1_rca,gemma-4-26b-a4b,re2_tt,V_MRG,cpu,15,0.2666666666666666,0.2666666666666666,0.2666666666666666,98.8
rq1_rca,gemma-4-26b-a4b,re2_tt,V_MRG,delay,15,0.2,0.2,0.2,99.53333333333332
rq1_rca,gemma-4-26b-a4b,re2_tt,V_MRG,disk,15,0.7333333333333333,0.7333333333333333,0.7333333333333333,107.0
rq1_rca,gemma-4-26b-a4b,re2_tt,V_MRG,loss,15,0.2666666666666666,0.2666666666666666,0.2666666666666666,105.26666666666668
rq1_rca,gemma-4-26b-a4b,re2_tt,V_MRG,mem,15,0.4,0.4,0.4,106.8
rq1_rca,gemma-4-26b-a4b,re2_tt,V_MRG,socket,15,0.3333333333333333,0.3333333333333333,0.3333333333333333,113.53333333333332
rq1_rca,gemma-4-26b-a4b,re2_tt,V_MRL,cpu,15,0.5444444444444444,0.4666666666666667,0.6666666666666666,105.6
rq1_rca,gemma-4-26b-a4b,re2_tt,V_MRL,delay,15,0.2,0.2,0.2,107.86666666666666
rq1_rca,gemma-4-26b-a4b,re2_tt,V_MRL,disk,15,0.5888888888888889,0.5333333333333333,0.6666666666666666,109.46666666666668
rq1_rca,gemma-4-26b-a4b,re2_tt,V_MRL,loss,15,0.3555555555555555,0.3333333333333333,0.4,100.8
rq1_rca,gemma-4-26b-a4b,re2_tt,V_MRL,mem,15,0.6666666666666666,0.6666666666666666,0.6666666666666666,101.93333333333334
rq1_rca,gemma-4-26b-a4b,re2_tt,V_MRL,socket,15,0.4333333333333333,0.4,0.4666666666666667,106.0
rq1_rca,gemma-4-26b-a4b,re2_tt,V_RG,cpu,15,0.6666666666666666,0.6666666666666666,0.6666666666666666,111.4
rq1_rca,gemma-4-26b-a4b,re2_tt,V_RG,delay,15,0.2,0.2,0.2,118.2
rq1_rca,gemma-4-26b-a4b,re2_tt,V_RG,disk,15,1.0,1.0,1.0,110.93333333333334
rq1_rca,gemma-4-26b-a4b,re2_tt,V_RG,loss,15,0.5333333333333333,0.5333333333333333,0.5333333333333333,111.4
rq1_rca,gemma-4-26b-a4b,re2_tt,V_RG,mem,15,0.8,0.8,0.8,110.6
rq1_rca,gemma-4-26b-a4b,re2_tt,V_RG,socket,15,0.7333333333333333,0.7333333333333333,0.7333333333333333,115.0
rq1_rca,gemma-4-26b-a4b,re2_tt,V_RL,cpu,15,0.5222222222222223,0.4666666666666667,0.6,109.0
rq1_rca,gemma-4-26b-a4b,re2_tt,V_RL,delay,15,0.2666666666666666,0.2,0.4,118.06666666666666
rq1_rca,gemma-4-26b-a4b,re2_tt,V_RL,disk,15,0.9,0.8666666666666667,0.9333333333333332,114.4
rq1_rca,gemma-4-26b-a4b,re2_tt,V_RL,loss,15,0.3666666666666666,0.2666666666666666,0.4666666666666667,115.26666666666668
rq1_rca,gemma-4-26b-a4b,re2_tt,V_RL,mem,15,0.9222222222222224,0.8666666666666667,1.0,114.66666666666669
rq1_rca,gemma-4-26b-a4b,re2_tt,V_RL,socket,15,0.4666666666666667,0.4666666666666667,0.4666666666666667,105.73333333333332
rq1_rca,gemma-4-26b-a4b,re2_tt,V_RLG,cpu,15,0.6666666666666666,0.6666666666666666,0.6666666666666666,110.86666666666666
rq1_rca,gemma-4-26b-a4b,re2_tt,V_RLG,delay,15,0.2333333333333333,0.2,0.2666666666666666,115.73333333333332
rq1_rca,gemma-4-26b-a4b,re2_tt,V_RLG,disk,15,1.0,1.0,1.0,100.33333333333331
rq1_rca,gemma-4-26b-a4b,re2_tt,V_RLG,loss,15,0.4,0.4,0.4,116.13333333333334
rq1_rca,gemma-4-26b-a4b,re2_tt,V_RLG,mem,15,0.7,0.6666666666666666,0.7333333333333333,120.66666666666669
rq1_rca,gemma-4-26b-a4b,re2_tt,V_RLG,socket,15,0.5555555555555556,0.5333333333333333,0.6,114.4
rq1_rca,qwen3.8-27b,aegislab,C,ContainerKill,8,0.25,0.0,0.5,139.375
rq1_rca,qwen3.8-27b,aegislab,C,HTTPRequestAbort,6,0.25,0.1666666666666666,0.3333333333333333,150.16666666666666
rq1_rca,qwen3.8-27b,aegislab,C,HTTPRequestDelay,7,0.2142857142857142,0.1428571428571428,0.2857142857142857,164.71428571428572
rq1_rca,qwen3.8-27b,aegislab,C,HTTPRequestReplaceMethod,15,0.3388888888888888,0.2,0.5333333333333333,147.73333333333332
rq1_rca,qwen3.8-27b,aegislab,C,HTTPRequestReplacePath,1,0.0,0.0,0.0,160.0
rq1_rca,qwen3.8-27b,aegislab,C,HTTPResponseAbort,3,0.0,0.0,0.0,156.33333333333334
rq1_rca,qwen3.8-27b,aegislab,C,HTTPResponseDelay,7,0.4285714285714285,0.4285714285714285,0.4285714285714285,150.42857142857142
rq1_rca,qwen3.8-27b,aegislab,C,HTTPResponseReplaceBody,2,0.6666666666666666,0.5,1.0,966.5
rq1_rca,qwen3.8-27b,aegislab,C,HTTPResponseReplaceCode,13,0.3974358974358974,0.2307692307692307,0.6153846153846154,146.46153846153845
rq1_rca,qwen3.8-27b,aegislab,C,JVMException,3,0.611111111111111,0.3333333333333333,1.0,135.66666666666666
rq1_rca,qwen3.8-27b,aegislab,C,JVMLatency,1,0.2,0.0,1.0,117.0
rq1_rca,qwen3.8-27b,aegislab,C,JVMMemoryStress,14,0.7380952380952381,0.6428571428571429,0.8571428571428571,153.85714285714286
rq1_rca,qwen3.8-27b,aegislab,C,JVMReturn,2,1.0,1.0,1.0,144.0
rq1_rca,qwen3.8-27b,aegislab,C,NetworkBandwidth,2,0.6666666666666666,0.5,1.0,161.0
rq1_rca,qwen3.8-27b,aegislab,C,NetworkCorrupt,3,0.7777777777777778,0.6666666666666666,1.0,166.0
rq1_rca,qwen3.8-27b,aegislab,C,NetworkDelay,1,1.0,1.0,1.0,139.0
rq1_rca,qwen3.8-27b,aegislab,C,NetworkLoss,3,0.4444444444444444,0.3333333333333333,0.6666666666666666,128.0
rq1_rca,qwen3.8-27b,aegislab,C,NetworkPartition,6,0.3055555555555555,0.1666666666666666,0.5,155.66666666666666
rq1_rca,qwen3.8-27b,aegislab,C,PodFailure,2,0.5,0.5,0.5,133.5
rq1_rca,qwen3.8-27b,aegislab,C,PodKill,1,1.0,1.0,1.0,137.0
rq1_rca,qwen3.8-27b,aegislab,H,ContainerKill,8,0.25,0.125,0.375,155.375
rq1_rca,qwen3.8-27b,aegislab,H,HTTPRequestAbort,6,0.1666666666666666,0.0,0.3333333333333333,154.5
rq1_rca,qwen3.8-27b,aegislab,H,HTTPRequestDelay,7,0.2619047619047619,0.1428571428571428,0.4285714285714285,153.28571428571428
rq1_rca,qwen3.8-27b,aegislab,H,HTTPRequestReplaceMethod,15,0.4777777777777777,0.3333333333333333,0.6666666666666666,152.53333333333333
rq1_rca,qwen3.8-27b,aegislab,H,HTTPRequestReplacePath,1,0.3333333333333333,0.0,1.0,160.0
rq1_rca,qwen3.8-27b,aegislab,H,HTTPResponseAbort,3,0.0,0.0,0.0,154.66666666666666
rq1_rca,qwen3.8-27b,aegislab,H,HTTPResponseDelay,7,0.0714285714285714,0.0,0.1428571428571428,150.57142857142858
rq1_rca,qwen3.8-27b,aegislab,H,HTTPResponseReplaceBody,2,0.25,0.0,0.5,195.0
rq1_rca,qwen3.8-27b,aegislab,H,HTTPResponseReplaceCode,13,0.1666666666666666,0.0769230769230769,0.3076923076923077,159.3846153846154
rq1_rca,qwen3.8-27b,aegislab,H,JVMException,3,0.4166666666666667,0.0,1.0,156.33333333333334
rq1_rca,qwen3.8-27b,aegislab,H,JVMLatency,1,0.0,0.0,0.0,132.0
rq1_rca,qwen3.8-27b,aegislab,H,JVMMemoryStress,14,0.5119047619047619,0.3571428571428571,0.7857142857142857,137.71428571428572
rq1_rca,qwen3.8-27b,aegislab,H,JVMReturn,2,0.75,0.5,1.0,184.0
rq1_rca,qwen3.8-27b,aegislab,H,NetworkBandwidth,2,0.75,0.5,1.0,166.0
rq1_rca,qwen3.8-27b,aegislab,H,NetworkCorrupt,3,0.4444444444444444,0.3333333333333333,0.6666666666666666,161.0
rq1_rca,qwen3.8-27b,aegislab,H,NetworkDelay,1,1.0,1.0,1.0,201.0
rq1_rca,qwen3.8-27b,aegislab,H,NetworkLoss,3,0.3333333333333333,0.3333333333333333,0.3333333333333333,151.0
rq1_rca,qwen3.8-27b,aegislab,H,NetworkPartition,6,0.1388888888888888,0.0,0.3333333333333333,171.16666666666666
rq1_rca,qwen3.8-27b,aegislab,H,PodFailure,2,0.6666666666666666,0.5,1.0,148.5
rq1_rca,qwen3.8-27b,aegislab,H,PodKill,1,1.0,1.0,1.0,151.0
rq1_rca,qwen3.8-27b,aegislab,LV,ContainerKill,8,0.4375,0.375,0.5,165.625
rq1_rca,qwen3.8-27b,aegislab,LV,HTTPRequestAbort,6,0.0833333333333333,0.0,0.1666666666666666,149.16666666666666
rq1_rca,qwen3.8-27b,aegislab,LV,HTTPRequestDelay,7,0.2619047619047619,0.1428571428571428,0.4285714285714285,154.14285714285714
rq1_rca,qwen3.8-27b,aegislab,LV,HTTPRequestReplaceMethod,15,0.2833333333333333,0.2,0.4,160.33333333333334
rq1_rca,qwen3.8-27b,aegislab,LV,HTTPRequestReplacePath,1,0.0,0.0,0.0,185.0
rq1_rca,qwen3.8-27b,aegislab,LV,HTTPResponseAbort,3,0.0,0.0,0.0,145.66666666666666
rq1_rca,qwen3.8-27b,aegislab,LV,HTTPResponseDelay,7,0.1428571428571428,0.0,0.2857142857142857,148.71428571428572
rq1_rca,qwen3.8-27b,aegislab,LV,HTTPResponseReplaceBody,2,0.125,0.0,0.5,151.5
rq1_rca,qwen3.8-27b,aegislab,LV,HTTPResponseReplaceCode,13,0.2051282051282051,0.0769230769230769,0.3846153846153846,170.69230769230768
rq1_rca,qwen3.8-27b,aegislab,LV,JVMException,3,0.5,0.3333333333333333,0.6666666666666666,193.33333333333331
rq1_rca,qwen3.8-27b,aegislab,LV,JVMLatency,1,0.25,0.0,1.0,86.0
rq1_rca,qwen3.8-27b,aegislab,LV,JVMMemoryStress,14,0.5476190476190476,0.4285714285714285,0.7142857142857143,153.78571428571428
rq1_rca,qwen3.8-27b,aegislab,LV,JVMReturn,2,0.625,0.5,1.0,169.5
rq1_rca,qwen3.8-27b,aegislab,LV,NetworkBandwidth,2,0.75,0.5,1.0,162.0
rq1_rca,qwen3.8-27b,aegislab,LV,NetworkCorrupt,3,0.7777777777777777,0.6666666666666666,1.0,206.66666666666663
rq1_rca,qwen3.8-27b,aegislab,LV,NetworkDelay,1,1.0,1.0,1.0,137.0
rq1_rca,qwen3.8-27b,aegislab,LV,NetworkLoss,3,0.4444444444444444,0.3333333333333333,0.6666666666666666,186.0
rq1_rca,qwen3.8-27b,aegislab,LV,NetworkPartition,6,0.2222222222222222,0.0,0.5,169.83333333333334
rq1_rca,qwen3.8-27b,aegislab,LV,PodFailure,2,0.1666666666666666,0.0,0.5,123.5
rq1_rca,qwen3.8-27b,aegislab,LV,PodKill,1,1.0,1.0,1.0,237.0
rq1_rca,qwen3.8-27b,aegislab,MV,ContainerKill,8,0.2916666666666666,0.125,0.5,1153.5
rq1_rca,qwen3.8-27b,aegislab,MV,HTTPRequestAbort,6,0.0833333333333333,0.0,0.1666666666666666,168.66666666666666
rq1_rca,qwen3.8-27b,aegislab,MV,HTTPRequestDelay,7,0.119047619047619,0.0,0.2857142857142857,169.28571428571428
rq1_rca,qwen3.8-27b,aegislab,MV,HTTPRequestReplaceMethod,15,0.4166666666666667,0.2,0.7333333333333333,178.33333333333334
rq1_rca,qwen3.8-27b,aegislab,MV,HTTPRequestReplacePath,1,0.0,0.0,0.0,140.0
rq1_rca,qwen3.8-27b,aegislab,MV,HTTPResponseAbort,3,0.0,0.0,0.0,200.33333333333331
rq1_rca,qwen3.8-27b,aegislab,MV,HTTPResponseDelay,7,0.2142857142857142,0.1428571428571428,0.2857142857142857,166.57142857142858
rq1_rca,qwen3.8-27b,aegislab,MV,HTTPResponseReplaceBody,2,0.25,0.0,0.5,124.5
rq1_rca,qwen3.8-27b,aegislab,MV,HTTPResponseReplaceCode,13,0.2371794871794871,0.0769230769230769,0.5384615384615384,155.15384615384616
rq1_rca,qwen3.8-27b,aegislab,MV,JVMException,3,0.3333333333333333,0.0,0.6666666666666666,199.66666666666663
rq1_rca,qwen3.8-27b,aegislab,MV,JVMLatency,1,0.0,0.0,0.0,152.0
rq1_rca,qwen3.8-27b,aegislab,MV,JVMMemoryStress,14,0.6428571428571429,0.5714285714285714,0.7857142857142857,166.85714285714286
rq1_rca,qwen3.8-27b,aegislab,MV,JVMReturn,2,0.625,0.5,1.0,186.5
rq1_rca,qwen3.8-27b,aegislab,MV,NetworkBandwidth,2,0.5,0.0,1.0,191.0
rq1_rca,qwen3.8-27b,aegislab,MV,NetworkCorrupt,3,0.1666666666666666,0.0,0.3333333333333333,154.33333333333334
rq1_rca,qwen3.8-27b,aegislab,MV,NetworkDelay,1,1.0,1.0,1.0,176.0
rq1_rca,qwen3.8-27b,aegislab,MV,NetworkLoss,3,0.5,0.3333333333333333,0.6666666666666666,158.66666666666666
rq1_rca,qwen3.8-27b,aegislab,MV,NetworkPartition,6,0.5,0.3333333333333333,0.6666666666666666,193.5
rq1_rca,qwen3.8-27b,aegislab,MV,PodFailure,2,0.5,0.5,0.5,176.0
rq1_rca,qwen3.8-27b,aegislab,MV,PodKill,1,0.5,0.0,1.0,147.0
rq1_rca,qwen3.8-27b,aegislab,S,ContainerKill,8,0.0416666666666666,0.0,0.125,149.125
rq1_rca,qwen3.8-27b,aegislab,S,HTTPRequestAbort,6,0.3333333333333333,0.3333333333333333,0.3333333333333333,146.83333333333334
rq1_rca,qwen3.8-27b,aegislab,S,HTTPRequestDelay,7,0.1428571428571428,0.1428571428571428,0.1428571428571428,144.71428571428572
rq1_rca,qwen3.8-27b,aegislab,S,HTTPRequestReplaceMethod,15,0.5,0.3333333333333333,0.7333333333333333,152.73333333333332
rq1_rca,qwen3.8-27b,aegislab,S,HTTPRequestReplacePath,1,0.0,0.0,0.0,128.0
rq1_rca,qwen3.8-27b,aegislab,S,HTTPResponseAbort,3,0.0,0.0,0.0,117.0
rq1_rca,qwen3.8-27b,aegislab,S,HTTPResponseDelay,7,0.4047619047619047,0.2857142857142857,0.5714285714285714,149.71428571428572
rq1_rca,qwen3.8-27b,aegislab,S,HTTPResponseReplaceBody,2,0.5,0.5,0.5,130.5
rq1_rca,qwen3.8-27b,aegislab,S,HTTPResponseReplaceCode,13,0.2435897435897435,0.1538461538461538,0.3846153846153846,142.84615384615384
rq1_rca,qwen3.8-27b,aegislab,S,JVMException,3,0.4444444444444444,0.3333333333333333,0.6666666666666666,108.0
rq1_rca,qwen3.8-27b,aegislab,S,JVMLatency,1,0.0,0.0,0.0,183.0
rq1_rca,qwen3.8-27b,aegislab,S,JVMMemoryStress,14,0.6428571428571429,0.5,0.8571428571428571,139.21428571428572
rq1_rca,qwen3.8-27b,aegislab,S,JVMReturn,2,0.6666666666666666,0.5,1.0,149.0
rq1_rca,qwen3.8-27b,aegislab,S,NetworkBandwidth,2,0.5,0.5,0.5,118.0
rq1_rca,qwen3.8-27b,aegislab,S,NetworkCorrupt,3,0.4444444444444444,0.3333333333333333,0.6666666666666666,159.66666666666666
rq1_rca,qwen3.8-27b,aegislab,S,NetworkDelay,1,1.0,1.0,1.0,139.0
rq1_rca,qwen3.8-27b,aegislab,S,NetworkLoss,3,0.3333333333333333,0.3333333333333333,0.3333333333333333,153.66666666666666
rq1_rca,qwen3.8-27b,aegislab,S,NetworkPartition,6,0.2222222222222222,0.1666666666666666,0.3333333333333333,156.66666666666666
rq1_rca,qwen3.8-27b,aegislab,S,PodFailure,2,0.25,0.0,0.5,145.5
rq1_rca,qwen3.8-27b,aegislab,S,PodKill,1,1.0,1.0,1.0,167.0
rq1_rca,qwen3.8-27b,aegislab,T,ContainerKill,8,0.375,0.125,0.625,172.125
rq1_rca,qwen3.8-27b,aegislab,T,HTTPRequestAbort,6,0.3333333333333333,0.1666666666666666,0.5,149.0
rq1_rca,qwen3.8-27b,aegislab,T,HTTPRequestDelay,7,0.3571428571428571,0.2857142857142857,0.4285714285714285,158.85714285714286
rq1_rca,qwen3.8-27b,aegislab,T,HTTPRequestReplaceMethod,15,0.3555555555555555,0.2,0.5333333333333333,158.26666666666668
rq1_rca,qwen3.8-27b,aegislab,T,HTTPRequestReplacePath,1,0.0,0.0,0.0,159.0
rq1_rca,qwen3.8-27b,aegislab,T,HTTPResponseAbort,3,0.0,0.0,0.0,153.66666666666666
rq1_rca,qwen3.8-27b,aegislab,T,HTTPResponseDelay,7,0.5119047619047619,0.4285714285714285,0.7142857142857143,159.42857142857142
rq1_rca,qwen3.8-27b,aegislab,T,HTTPResponseReplaceBody,2,0.6666666666666666,0.5,1.0,201.0
rq1_rca,qwen3.8-27b,aegislab,T,HTTPResponseReplaceCode,13,0.3205128205128205,0.2307692307692307,0.4615384615384615,150.76923076923077
rq1_rca,qwen3.8-27b,aegislab,T,JVMException,3,0.611111111111111,0.3333333333333333,1.0,142.66666666666666
rq1_rca,qwen3.8-27b,aegislab,T,JVMLatency,1,0.0,0.0,0.0,191.0
rq1_rca,qwen3.8-27b,aegislab,T,JVMMemoryStress,14,0.7619047619047619,0.6428571428571429,0.9285714285714286,150.71428571428572
rq1_rca,qwen3.8-27b,aegislab,T,JVMReturn,2,1.0,1.0,1.0,125.0
rq1_rca,qwen3.8-27b,aegislab,T,NetworkBandwidth,2,0.6666666666666666,0.5,1.0,142.0
rq1_rca,qwen3.8-27b,aegislab,T,NetworkCorrupt,3,0.75,0.6666666666666666,1.0,148.66666666666666
rq1_rca,qwen3.8-27b,aegislab,T,NetworkDelay,1,1.0,1.0,1.0,241.0
rq1_rca,qwen3.8-27b,aegislab,T,NetworkLoss,3,0.5,0.3333333333333333,0.6666666666666666,154.66666666666666
rq1_rca,qwen3.8-27b,aegislab,T,NetworkPartition,6,0.3055555555555555,0.1666666666666666,0.5,181.83333333333331
rq1_rca,qwen3.8-27b,aegislab,T,PodFailure,2,0.75,0.5,1.0,142.5
rq1_rca,qwen3.8-27b,aegislab,T,PodKill,1,1.0,1.0,1.0,177.0
rq1_rca,qwen3.8-27b,aegislab,TCV,ContainerKill,8,0.4375,0.25,0.625,171.125
rq1_rca,qwen3.8-27b,aegislab,TCV,HTTPRequestAbort,6,0.0833333333333333,0.0,0.1666666666666666,147.66666666666666
rq1_rca,qwen3.8-27b,aegislab,TCV,HTTPRequestDelay,7,0.119047619047619,0.0,0.2857142857142857,168.57142857142858
rq1_rca,qwen3.8-27b,aegislab,TCV,HTTPRequestReplaceMethod,15,0.4555555555555555,0.3333333333333333,0.6666666666666666,162.86666666666667
rq1_rca,qwen3.8-27b,aegislab,TCV,HTTPRequestReplacePath,1,0.0,0.0,0.0,152.0
rq1_rca,qwen3.8-27b,aegislab,TCV,HTTPResponseAbort,3,0.0,0.0,0.0,134.33333333333334
rq1_rca,qwen3.8-27b,aegislab,TCV,HTTPResponseDelay,7,0.2857142857142857,0.1428571428571428,0.4285714285714285,151.0
rq1_rca,qwen3.8-27b,aegislab,TCV,HTTPResponseReplaceBody,2,0.125,0.0,0.5,142.0
rq1_rca,qwen3.8-27b,aegislab,TCV,HTTPResponseReplaceCode,13,0.2564102564102564,0.1538461538461538,0.3846153846153846,154.0
rq1_rca,qwen3.8-27b,aegislab,TCV,JVMException,3,0.5,0.3333333333333333,0.6666666666666666,203.33333333333331
rq1_rca,qwen3.8-27b,aegislab,TCV,JVMLatency,1,0.0,0.0,0.0,168.0
rq1_rca,qwen3.8-27b,aegislab,TCV,JVMMemoryStress,14,0.5833333333333333,0.5,0.7857142857142857,144.85714285714286
rq1_rca,qwen3.8-27b,aegislab,TCV,JVMReturn,2,0.75,0.5,1.0,194.0
rq1_rca,qwen3.8-27b,aegislab,TCV,NetworkBandwidth,2,0.4166666666666666,0.0,1.0,174.0
rq1_rca,qwen3.8-27b,aegislab,TCV,NetworkCorrupt,3,0.0,0.0,0.0,145.66666666666666
rq1_rca,qwen3.8-27b,aegislab,TCV,NetworkDelay,1,1.0,1.0,1.0,175.0
rq1_rca,qwen3.8-27b,aegislab,TCV,NetworkLoss,3,0.1111111111111111,0.0,0.3333333333333333,169.0
rq1_rca,qwen3.8-27b,aegislab,TCV,NetworkPartition,6,0.1388888888888888,0.0,0.3333333333333333,153.0
rq1_rca,qwen3.8-27b,aegislab,TCV,PodFailure,2,0.6666666666666666,0.5,1.0,150.5
rq1_rca,qwen3.8-27b,aegislab,TCV,PodKill,1,1.0,1.0,1.0,166.0
rq1_rca,qwen3.8-27b,aegislab,TPV,ContainerKill,8,0.6875,0.625,0.75,157.375
rq1_rca,qwen3.8-27b,aegislab,TPV,HTTPRequestAbort,6,0.0833333333333333,0.0,0.1666666666666666,168.16666666666666
rq1_rca,qwen3.8-27b,aegislab,TPV,HTTPRequestDelay,7,0.4523809523809524,0.2857142857142857,0.7142857142857143,166.0
rq1_rca,qwen3.8-27b,aegislab,TPV,HTTPRequestReplaceMethod,15,0.5111111111111111,0.3333333333333333,0.7333333333333333,160.0
rq1_rca,qwen3.8-27b,aegislab,TPV,HTTPRequestReplacePath,1,0.3333333333333333,0.0,1.0,110.0
rq1_rca,qwen3.8-27b,aegislab,TPV,HTTPResponseAbort,3,0.0,0.0,0.0,151.33333333333334
rq1_rca,qwen3.8-27b,aegislab,TPV,HTTPResponseDelay,7,0.4285714285714285,0.2857142857142857,0.5714285714285714,170.71428571428572
rq1_rca,qwen3.8-27b,aegislab,TPV,HTTPResponseReplaceBody,2,0.0,0.0,0.0,133.5
rq1_rca,qwen3.8-27b,aegislab,TPV,HTTPResponseReplaceCode,13,0.391025641025641,0.1538461538461538,0.6923076923076923,164.92307692307693
rq1_rca,qwen3.8-27b,aegislab,TPV,JVMException,3,1.0,1.0,1.0,162.0
rq1_rca,qwen3.8-27b,aegislab,TPV,JVMLatency,1,1.0,1.0,1.0,191.0
rq1_rca,qwen3.8-27b,aegislab,TPV,JVMMemoryStress,14,0.6785714285714286,0.6428571428571429,0.7142857142857143,165.0
rq1_rca,qwen3.8-27b,aegislab,TPV,JVMReturn,2,0.5,0.5,0.5,147.0
rq1_rca,qwen3.8-27b,aegislab,TPV,NetworkBandwidth,2,1.0,1.0,1.0,142.5
rq1_rca,qwen3.8-27b,aegislab,TPV,NetworkCorrupt,3,0.8333333333333334,0.6666666666666666,1.0,174.33333333333334
rq1_rca,qwen3.8-27b,aegislab,TPV,NetworkDelay,1,1.0,1.0,1.0,189.0
rq1_rca,qwen3.8-27b,aegislab,TPV,NetworkLoss,3,0.4444444444444444,0.3333333333333333,0.6666666666666666,171.66666666666666
rq1_rca,qwen3.8-27b,aegislab,TPV,NetworkPartition,6,0.6666666666666666,0.5,0.8333333333333334,182.16666666666663
rq1_rca,qwen3.8-27b,aegislab,TPV,PodFailure,2,1.0,1.0,1.0,141.0
rq1_rca,qwen3.8-27b,aegislab,TPV,PodKill,1,0.5,0.0,1.0,232.0
rq1_rca,qwen3.8-27b,aegislab,V,ContainerKill,8,0.875,0.75,1.0,161.75
rq1_rca,qwen3.8-27b,aegislab,V,HTTPRequestAbort,6,0.1666666666666666,0.0,0.3333333333333333,188.33333333333331
rq1_rca,qwen3.8-27b,aegislab,V,HTTPRequestDelay,7,0.119047619047619,0.0,0.2857142857142857,181.57142857142856
rq1_rca,qwen3.8-27b,aegislab,V,HTTPRequestReplaceMethod,15,0.4,0.2666666666666666,0.6,180.6
rq1_rca,qwen3.8-27b,aegislab,V,HTTPRequestReplacePath,1,0.25,0.0,1.0,171.0
rq1_rca,qwen3.8-27b,aegislab,V,HTTPResponseAbort,3,0.3333333333333333,0.3333333333333333,0.3333333333333333,578.0
rq1_rca,qwen3.8-27b,aegislab,V,HTTPResponseDelay,7,0.2619047619047619,0.1428571428571428,0.4285714285714285,190.14285714285717
rq1_rca,qwen3.8-27b,aegislab,V,HTTPResponseReplaceBody,2,0.25,0.0,0.5,222.0
rq1_rca,qwen3.8-27b,aegislab,V,HTTPResponseReplaceCode,13,0.2692307692307692,0.1538461538461538,0.3846153846153846,185.84615384615384
rq1_rca,qwen3.8-27b,aegislab,V,JVMException,3,0.6666666666666666,0.6666666666666666,0.6666666666666666,176.33333333333334
rq1_rca,qwen3.8-27b,aegislab,V,JVMLatency,1,0.3333333333333333,0.0,1.0,153.0
rq1_rca,qwen3.8-27b,aegislab,V,JVMMemoryStress,14,0.7142857142857143,0.6428571428571429,0.7857142857142857,171.57142857142858
rq1_rca,qwen3.8-27b,aegislab,V,JVMReturn,2,0.1666666666666666,0.0,0.5,180.0
rq1_rca,qwen3.8-27b,aegislab,V,NetworkBandwidth,2,0.75,0.5,1.0,216.5
rq1_rca,qwen3.8-27b,aegislab,V,NetworkCorrupt,3,0.3333333333333333,0.3333333333333333,0.3333333333333333,160.66666666666666
rq1_rca,qwen3.8-27b,aegislab,V,NetworkDelay,1,1.0,1.0,1.0,152.0
rq1_rca,qwen3.8-27b,aegislab,V,NetworkLoss,3,0.1111111111111111,0.0,0.3333333333333333,186.0
rq1_rca,qwen3.8-27b,aegislab,V,NetworkPartition,6,0.2222222222222222,0.0,0.5,184.83333333333331
rq1_rca,qwen3.8-27b,aegislab,V,PodFailure,2,1.0,1.0,1.0,183.5
rq1_rca,qwen3.8-27b,aegislab,V,PodKill,1,0.5,0.0,1.0,136.0
rq1_rca,qwen3.8-27b,aegislab,V_LG,ContainerKill,8,0.8125,0.75,0.875,162.75
rq1_rca,qwen3.8-27b,aegislab,V_LG,HTTPRequestAbort,6,0.0555555555555555,0.0,0.1666666666666666,167.0
rq1_rca,qwen3.8-27b,aegislab,V_LG,HTTPRequestDelay,7,0.3333333333333333,0.1428571428571428,0.5714285714285714,152.0
rq1_rca,qwen3.8-27b,aegislab,V_LG,HTTPRequestReplaceMethod,15,0.5,0.3333333333333333,0.7333333333333333,165.06666666666666
rq1_rca,qwen3.8-27b,aegislab,V_LG,HTTPRequestReplacePath,1,0.25,0.0,1.0,202.0
rq1_rca,qwen3.8-27b,aegislab,V_LG,HTTPResponseAbort,3,0.0,0.0,0.0,151.66666666666666
rq1_rca,qwen3.8-27b,aegislab,V_LG,HTTPResponseDelay,7,0.5,0.2857142857142857,0.7142857142857143,170.42857142857142
rq1_rca,qwen3.8-27b,aegislab,V_LG,HTTPResponseReplaceBody,2,0.0,0.0,0.0,175.5
rq1_rca,qwen3.8-27b,aegislab,V_LG,HTTPResponseReplaceCode,13,0.4423076923076923,0.2307692307692307,0.6923076923076923,175.3846153846154
rq1_rca,qwen3.8-27b,aegislab,V_LG,JVMException,3,0.6666666666666666,0.6666666666666666,0.6666666666666666,230.66666666666663
rq1_rca,qwen3.8-27b,aegislab,V_LG,JVMLatency,1,1.0,1.0,1.0,169.0
rq1_rca,qwen3.8-27b,aegislab,V_LG,JVMMemoryStress,14,0.7380952380952381,0.7142857142857143,0.7857142857142857,172.64285714285714
rq1_rca,qwen3.8-27b,aegislab,V_LG,JVMReturn,2,0.5,0.5,0.5,134.5
rq1_rca,qwen3.8-27b,aegislab,V_LG,NetworkBandwidth,2,1.0,1.0,1.0,203.5
rq1_rca,qwen3.8-27b,aegislab,V_LG,NetworkCorrupt,3,0.8333333333333334,0.6666666666666666,1.0,158.66666666666666
rq1_rca,qwen3.8-27b,aegislab,V_LG,NetworkDelay,1,1.0,1.0,1.0,151.0
rq1_rca,qwen3.8-27b,aegislab,V_LG,NetworkLoss,3,0.611111111111111,0.3333333333333333,1.0,151.0
rq1_rca,qwen3.8-27b,aegislab,V_LG,NetworkPartition,6,0.5833333333333334,0.5,0.6666666666666666,178.5
rq1_rca,qwen3.8-27b,aegislab,V_LG,PodFailure,2,1.0,1.0,1.0,187.5
rq1_rca,qwen3.8-27b,aegislab,V_LG,PodKill,1,0.5,0.0,1.0,247.0
rq1_rca,qwen3.8-27b,aegislab,V_MG,ContainerKill,8,0.4166666666666666,0.25,0.625,161.25
rq1_rca,qwen3.8-27b,aegislab,V_MG,HTTPRequestAbort,6,0.1666666666666666,0.1666666666666666,0.1666666666666666,174.66666666666666
rq1_rca,qwen3.8-27b,aegislab,V_MG,HTTPRequestDelay,7,0.3333333333333333,0.1428571428571428,0.5714285714285714,155.42857142857142
rq1_rca,qwen3.8-27b,aegislab,V_MG,HTTPRequestReplaceMethod,15,0.5222222222222223,0.4,0.6666666666666666,169.73333333333332
rq1_rca,qwen3.8-27b,aegislab,V_MG,HTTPRequestReplacePath,1,0.3333333333333333,0.0,1.0,177.0
rq1_rca,qwen3.8-27b,aegislab,V_MG,HTTPResponseAbort,3,0.3333333333333333,0.3333333333333333,0.3333333333333333,215.0
rq1_rca,qwen3.8-27b,aegislab,V_MG,HTTPResponseDelay,7,0.5,0.4285714285714285,0.5714285714285714,182.57142857142856
rq1_rca,qwen3.8-27b,aegislab,V_MG,HTTPResponseReplaceBody,2,0.25,0.0,0.5,145.0
rq1_rca,qwen3.8-27b,aegislab,V_MG,HTTPResponseReplaceCode,13,0.1282051282051282,0.0769230769230769,0.2307692307692307,202.7692307692308
rq1_rca,qwen3.8-27b,aegislab,V_MG,JVMException,3,0.3333333333333333,0.3333333333333333,0.3333333333333333,167.66666666666666
rq1_rca,qwen3.8-27b,aegislab,V_MG,JVMLatency,1,1.0,1.0,1.0,144.0
rq1_rca,qwen3.8-27b,aegislab,V_MG,JVMMemoryStress,14,0.625,0.5,0.7857142857142857,189.0
rq1_rca,qwen3.8-27b,aegislab,V_MG,JVMReturn,2,0.5,0.5,0.5,190.0
rq1_rca,qwen3.8-27b,aegislab,V_MG,NetworkBandwidth,2,1.0,1.0,1.0,148.5
rq1_rca,qwen3.8-27b,aegislab,V_MG,NetworkCorrupt,3,0.5,0.3333333333333333,0.6666666666666666,183.66666666666663
rq1_rca,qwen3.8-27b,aegislab,V_MG,NetworkDelay,1,1.0,1.0,1.0,161.0
rq1_rca,qwen3.8-27b,aegislab,V_MG,NetworkLoss,3,0.4444444444444444,0.3333333333333333,0.6666666666666666,140.0
rq1_rca,qwen3.8-27b,aegislab,V_MG,NetworkPartition,6,0.6666666666666666,0.5,0.8333333333333334,190.83333333333331
rq1_rca,qwen3.8-27b,aegislab,V_MG,PodFailure,2,1.0,1.0,1.0,179.5
rq1_rca,qwen3.8-27b,aegislab,V_MG,PodKill,1,0.5,0.0,1.0,112.0
rq1_rca,qwen3.8-27b,aegislab,V_ML,ContainerKill,8,0.375,0.25,0.5,190.75
rq1_rca,qwen3.8-27b,aegislab,V_ML,HTTPRequestAbort,6,0.0833333333333333,0.0,0.1666666666666666,158.83333333333334
rq1_rca,qwen3.8-27b,aegislab,V_ML,HTTPRequestDelay,7,0.1904761904761904,0.0,0.4285714285714285,161.85714285714286
rq1_rca,qwen3.8-27b,aegislab,V_ML,HTTPRequestReplaceMethod,15,0.4055555555555555,0.2666666666666666,0.6,170.73333333333332
rq1_rca,qwen3.8-27b,aegislab,V_ML,HTTPRequestReplacePath,1,0.0,0.0,0.0,159.0
rq1_rca,qwen3.8-27b,aegislab,V_ML,HTTPResponseAbort,3,0.0,0.0,0.0,135.66666666666666
rq1_rca,qwen3.8-27b,aegislab,V_ML,HTTPResponseDelay,7,0.119047619047619,0.0,0.2857142857142857,157.57142857142858
rq1_rca,qwen3.8-27b,aegislab,V_ML,HTTPResponseReplaceBody,2,0.25,0.0,0.5,170.5
rq1_rca,qwen3.8-27b,aegislab,V_ML,HTTPResponseReplaceCode,13,0.1987179487179487,0.1538461538461538,0.3076923076923077,156.23076923076923
rq1_rca,qwen3.8-27b,aegislab,V_ML,JVMException,3,0.25,0.0,0.6666666666666666,153.66666666666666
rq1_rca,qwen3.8-27b,aegislab,V_ML,JVMLatency,1,0.0,0.0,0.0,196.0
rq1_rca,qwen3.8-27b,aegislab,V_ML,JVMMemoryStress,14,0.4523809523809524,0.3571428571428571,0.5714285714285714,156.78571428571428
rq1_rca,qwen3.8-27b,aegislab,V_ML,JVMReturn,2,0.625,0.5,1.0,162.5
rq1_rca,qwen3.8-27b,aegislab,V_ML,NetworkBandwidth,2,0.5,0.0,1.0,172.0
rq1_rca,qwen3.8-27b,aegislab,V_ML,NetworkCorrupt,3,0.4444444444444444,0.3333333333333333,0.6666666666666666,161.33333333333334
rq1_rca,qwen3.8-27b,aegislab,V_ML,NetworkDelay,1,1.0,1.0,1.0,144.0
rq1_rca,qwen3.8-27b,aegislab,V_ML,NetworkLoss,3,0.4444444444444444,0.3333333333333333,0.6666666666666666,164.66666666666666
rq1_rca,qwen3.8-27b,aegislab,V_ML,NetworkPartition,6,0.3888888888888888,0.1666666666666666,0.6666666666666666,174.5
rq1_rca,qwen3.8-27b,aegislab,V_ML,PodFailure,2,0.5,0.5,0.5,145.5
rq1_rca,qwen3.8-27b,aegislab,V_ML,PodKill,1,1.0,1.0,1.0,197.0
rq1_rca,qwen3.8-27b,aegislab,V_MLG,ContainerKill,8,0.3854166666666666,0.25,0.625,194.25
rq1_rca,qwen3.8-27b,aegislab,V_MLG,HTTPRequestAbort,6,0.0555555555555555,0.0,0.1666666666666666,176.33333333333334
rq1_rca,qwen3.8-27b,aegislab,V_MLG,HTTPRequestDelay,7,0.2142857142857142,0.1428571428571428,0.2857142857142857,179.57142857142858
rq1_rca,qwen3.8-27b,aegislab,V_MLG,HTTPRequestReplaceMethod,15,0.4222222222222222,0.2666666666666666,0.6,190.26666666666668
rq1_rca,qwen3.8-27b,aegislab,V_MLG,HTTPRequestReplacePath,1,0.25,0.0,1.0,287.0
rq1_rca,qwen3.8-27b,aegislab,V_MLG,HTTPResponseAbort,3,0.0,0.0,0.0,184.66666666666663
rq1_rca,qwen3.8-27b,aegislab,V_MLG,HTTPResponseDelay,7,0.2857142857142857,0.1428571428571428,0.4285714285714285,178.57142857142858
rq1_rca,qwen3.8-27b,aegislab,V_MLG,HTTPResponseReplaceBody,2,0.25,0.0,0.5,176.0
rq1_rca,qwen3.8-27b,aegislab,V_MLG,HTTPResponseReplaceCode,13,0.2948717948717949,0.1538461538461538,0.4615384615384615,277.7692307692308
rq1_rca,qwen3.8-27b,aegislab,V_MLG,JVMException,3,0.3333333333333333,0.3333333333333333,0.3333333333333333,177.0
rq1_rca,qwen3.8-27b,aegislab,V_MLG,JVMLatency,1,0.0,0.0,0.0,135.0
rq1_rca,qwen3.8-27b,aegislab,V_MLG,JVMMemoryStress,14,0.619047619047619,0.5714285714285714,0.7142857142857143,189.14285714285717
rq1_rca,qwen3.8-27b,aegislab,V_MLG,JVMReturn,2,0.1666666666666666,0.0,0.5,165.5
rq1_rca,qwen3.8-27b,aegislab,V_MLG,NetworkBandwidth,2,1.0,1.0,1.0,164.5
rq1_rca,qwen3.8-27b,aegislab,V_MLG,NetworkCorrupt,3,0.7777777777777777,0.6666666666666666,1.0,229.66666666666663
rq1_rca,qwen3.8-27b,aegislab,V_MLG,NetworkDelay,1,1.0,1.0,1.0,166.0
rq1_rca,qwen3.8-27b,aegislab,V_MLG,NetworkLoss,3,0.611111111111111,0.3333333333333333,1.0,151.66666666666666
rq1_rca,qwen3.8-27b,aegislab,V_MLG,NetworkPartition,6,0.5833333333333334,0.5,0.6666666666666666,184.16666666666663
rq1_rca,qwen3.8-27b,aegislab,V_MLG,PodFailure,2,0.5,0.5,0.5,165.5
rq1_rca,qwen3.8-27b,aegislab,V_MLG,PodKill,1,1.0,1.0,1.0,192.0
rq1_rca,qwen3.8-27b,aegislab,V_MR,ContainerKill,8,0.2916666666666666,0.125,0.5,161.0
rq1_rca,qwen3.8-27b,aegislab,V_MR,HTTPRequestAbort,6,0.25,0.1666666666666666,0.3333333333333333,166.0
rq1_rca,qwen3.8-27b,aegislab,V_MR,HTTPRequestDelay,7,0.119047619047619,0.0,0.2857142857142857,155.71428571428572
rq1_rca,qwen3.8-27b,aegislab,V_MR,HTTPRequestReplaceMethod,15,0.4111111111111111,0.3333333333333333,0.5333333333333333,169.8
rq1_rca,qwen3.8-27b,aegislab,V_MR,HTTPRequestReplacePath,1,0.0,0.0,0.0,196.0
rq1_rca,qwen3.8-27b,aegislab,V_MR,HTTPResponseAbort,3,0.0,0.0,0.0,177.0
rq1_rca,qwen3.8-27b,aegislab,V_MR,HTTPResponseDelay,7,0.2142857142857142,0.1428571428571428,0.2857142857142857,160.14285714285714
rq1_rca,qwen3.8-27b,aegislab,V_MR,HTTPResponseReplaceBody,2,0.125,0.0,0.5,147.5
rq1_rca,qwen3.8-27b,aegislab,V_MR,HTTPResponseReplaceCode,13,0.2307692307692307,0.0769230769230769,0.4615384615384615,168.53846153846155
rq1_rca,qwen3.8-27b,aegislab,V_MR,JVMException,3,0.6666666666666666,0.3333333333333333,1.0,166.0
rq1_rca,qwen3.8-27b,aegislab,V_MR,JVMLatency,1,0.25,0.0,1.0,150.0
rq1_rca,qwen3.8-27b,aegislab,V_MR,JVMMemoryStress,14,0.5,0.3571428571428571,0.6428571428571429,152.07142857142858
rq1_rca,qwen3.8-27b,aegislab,V_MR,JVMReturn,2,0.5,0.5,0.5,157.5
rq1_rca,qwen3.8-27b,aegislab,V_MR,NetworkBandwidth,2,0.6666666666666666,0.5,1.0,184.0
rq1_rca,qwen3.8-27b,aegislab,V_MR,NetworkCorrupt,3,0.1666666666666666,0.0,0.3333333333333333,162.0
rq1_rca,qwen3.8-27b,aegislab,V_MR,NetworkDelay,1,1.0,1.0,1.0,161.0
rq1_rca,qwen3.8-27b,aegislab,V_MR,NetworkLoss,3,0.2777777777777777,0.0,0.6666666666666666,168.0
rq1_rca,qwen3.8-27b,aegislab,V_MR,NetworkPartition,6,0.0833333333333333,0.0,0.1666666666666666,167.0
rq1_rca,qwen3.8-27b,aegislab,V_MR,PodFailure,2,0.1666666666666666,0.0,0.5,158.5
rq1_rca,qwen3.8-27b,aegislab,V_MR,PodKill,1,1.0,1.0,1.0,173.0
rq1_rca,qwen3.8-27b,aegislab,V_MRG,ContainerKill,8,0.5833333333333334,0.375,0.875,172.5
rq1_rca,qwen3.8-27b,aegislab,V_MRG,HTTPRequestAbort,6,0.25,0.1666666666666666,0.3333333333333333,167.5
rq1_rca,qwen3.8-27b,aegislab,V_MRG,HTTPRequestDelay,7,0.1904761904761904,0.0,0.4285714285714285,212.7142857142857
rq1_rca,qwen3.8-27b,aegislab,V_MRG,HTTPRequestReplaceMethod,15,0.4111111111111111,0.3333333333333333,0.5333333333333333,173.33333333333334
rq1_rca,qwen3.8-27b,aegislab,V_MRG,HTTPRequestReplacePath,1,0.3333333333333333,0.0,1.0,143.0
rq1_rca,qwen3.8-27b,aegislab,V_MRG,HTTPResponseAbort,3,0.3333333333333333,0.3333333333333333,0.3333333333333333,127.33333333333331
rq1_rca,qwen3.8-27b,aegislab,V_MRG,HTTPResponseDelay,7,0.4047619047619047,0.2857142857142857,0.5714285714285714,154.14285714285714
rq1_rca,qwen3.8-27b,aegislab,V_MRG,HTTPResponseReplaceBody,2,0.25,0.0,0.5,196.0
rq1_rca,qwen3.8-27b,aegislab,V_MRG,HTTPResponseReplaceCode,13,0.2692307692307692,0.2307692307692307,0.3076923076923077,166.3846153846154
rq1_rca,qwen3.8-27b,aegislab,V_MRG,JVMException,3,0.5555555555555555,0.3333333333333333,1.0,165.66666666666666
rq1_rca,qwen3.8-27b,aegislab,V_MRG,JVMLatency,1,0.3333333333333333,0.0,1.0,161.0
rq1_rca,qwen3.8-27b,aegislab,V_MRG,JVMMemoryStress,14,0.6071428571428571,0.5,0.7142857142857143,186.5
rq1_rca,qwen3.8-27b,aegislab,V_MRG,JVMReturn,2,0.5,0.5,0.5,166.0
rq1_rca,qwen3.8-27b,aegislab,V_MRG,NetworkBandwidth,2,0.75,0.5,1.0,255.5
rq1_rca,qwen3.8-27b,aegislab,V_MRG,NetworkCorrupt,3,0.3333333333333333,0.3333333333333333,0.3333333333333333,180.0
rq1_rca,qwen3.8-27b,aegislab,V_MRG,NetworkDelay,1,1.0,1.0,1.0,121.0
rq1_rca,qwen3.8-27b,aegislab,V_MRG,NetworkLoss,3,0.1666666666666666,0.0,0.3333333333333333,163.33333333333334
rq1_rca,qwen3.8-27b,aegislab,V_MRG,NetworkPartition,6,0.0833333333333333,0.0,0.1666666666666666,163.5
rq1_rca,qwen3.8-27b,aegislab,V_MRG,PodFailure,2,1.0,1.0,1.0,203.0
rq1_rca,qwen3.8-27b,aegislab,V_MRG,PodKill,1,0.5,0.0,1.0,115.0
rq1_rca,qwen3.8-27b,aegislab,V_MRL,ContainerKill,8,0.1041666666666666,0.0,0.25,156.5
rq1_rca,qwen3.8-27b,aegislab,V_MRL,HTTPRequestAbort,6,0.1666666666666666,0.1666666666666666,0.1666666666666666,151.66666666666666
rq1_rca,qwen3.8-27b,aegislab,V_MRL,HTTPRequestDelay,7,0.119047619047619,0.0,0.2857142857142857,199.14285714285717
rq1_rca,qwen3.8-27b,aegislab,V_MRL,HTTPRequestReplaceMethod,15,0.2333333333333333,0.2,0.2666666666666666,174.73333333333332
rq1_rca,qwen3.8-27b,aegislab,V_MRL,HTTPRequestReplacePath,1,0.0,0.0,0.0,174.0
rq1_rca,qwen3.8-27b,aegislab,V_MRL,HTTPResponseAbort,3,0.0,0.0,0.0,162.0
rq1_rca,qwen3.8-27b,aegislab,V_MRL,HTTPResponseDelay,7,0.0714285714285714,0.0,0.1428571428571428,183.8571428571429
rq1_rca,qwen3.8-27b,aegislab,V_MRL,HTTPResponseReplaceBody,2,0.0,0.0,0.0,184.5
rq1_rca,qwen3.8-27b,aegislab,V_MRL,HTTPResponseReplaceCode,13,0.2435897435897435,0.1538461538461538,0.3846153846153846,159.84615384615384
rq1_rca,qwen3.8-27b,aegislab,V_MRL,JVMException,3,0.1666666666666666,0.0,0.3333333333333333,185.0
rq1_rca,qwen3.8-27b,aegislab,V_MRL,JVMLatency,1,0.0,0.0,0.0,183.0
rq1_rca,qwen3.8-27b,aegislab,V_MRL,JVMMemoryStress,14,0.6130952380952381,0.5,0.7857142857142857,167.57142857142858
rq1_rca,qwen3.8-27b,aegislab,V_MRL,JVMReturn,2,0.625,0.5,1.0,146.0
rq1_rca,qwen3.8-27b,aegislab,V_MRL,NetworkBandwidth,2,0.5,0.5,0.5,180.5
rq1_rca,qwen3.8-27b,aegislab,V_MRL,NetworkCorrupt,3,0.0,0.0,0.0,171.0
rq1_rca,qwen3.8-27b,aegislab,V_MRL,NetworkDelay,1,1.0,1.0,1.0,124.0
rq1_rca,qwen3.8-27b,aegislab,V_MRL,NetworkLoss,3,0.1666666666666666,0.0,0.3333333333333333,191.33333333333331
rq1_rca,qwen3.8-27b,aegislab,V_MRL,NetworkPartition,6,0.0833333333333333,0.0,0.1666666666666666,170.0
rq1_rca,qwen3.8-27b,aegislab,V_MRL,PodFailure,2,0.6666666666666666,0.5,1.0,152.0
rq1_rca,qwen3.8-27b,aegislab,V_MRL,PodKill,1,0.5,0.0,1.0,232.0
rq1_rca,qwen3.8-27b,aegislab,V_RG,ContainerKill,8,0.8125,0.625,1.0,167.0
rq1_rca,qwen3.8-27b,aegislab,V_RG,HTTPRequestAbort,6,0.1666666666666666,0.0,0.3333333333333333,152.66666666666666
rq1_rca,qwen3.8-27b,aegislab,V_RG,HTTPRequestDelay,7,0.119047619047619,0.0,0.2857142857142857,162.71428571428572
rq1_rca,qwen3.8-27b,aegislab,V_RG,HTTPRequestReplaceMethod,15,0.3833333333333333,0.2,0.6666666666666666,175.26666666666668
rq1_rca,qwen3.8-27b,aegislab,V_RG,HTTPRequestReplacePath,1,0.3333333333333333,0.0,1.0,208.0
rq1_rca,qwen3.8-27b,aegislab,V_RG,HTTPResponseAbort,3,0.0,0.0,0.0,142.33333333333334
rq1_rca,qwen3.8-27b,aegislab,V_RG,HTTPResponseDelay,7,0.4047619047619047,0.2857142857142857,0.5714285714285714,163.57142857142858
rq1_rca,qwen3.8-27b,aegislab,V_RG,HTTPResponseReplaceBody,2,0.25,0.0,0.5,252.5
rq1_rca,qwen3.8-27b,aegislab,V_RG,HTTPResponseReplaceCode,13,0.4230769230769231,0.3076923076923077,0.5384615384615384,146.53846153846155
rq1_rca,qwen3.8-27b,aegislab,V_RG,JVMException,3,1.0,1.0,1.0,143.0
rq1_rca,qwen3.8-27b,aegislab,V_RG,JVMLatency,1,1.0,1.0,1.0,157.0
rq1_rca,qwen3.8-27b,aegislab,V_RG,JVMMemoryStress,14,0.8214285714285714,0.7142857142857143,0.9285714285714286,160.78571428571428
rq1_rca,qwen3.8-27b,aegislab,V_RG,JVMReturn,2,0.5,0.5,0.5,149.5
rq1_rca,qwen3.8-27b,aegislab,V_RG,NetworkBandwidth,2,0.75,0.5,1.0,172.0
rq1_rca,qwen3.8-27b,aegislab,V_RG,NetworkCorrupt,3,0.5,0.3333333333333333,0.6666666666666666,175.0
rq1_rca,qwen3.8-27b,aegislab,V_RG,NetworkDelay,1,0.5,0.0,1.0,147.0
rq1_rca,qwen3.8-27b,aegislab,V_RG,NetworkLoss,3,0.3333333333333333,0.3333333333333333,0.3333333333333333,197.0
rq1_rca,qwen3.8-27b,aegislab,V_RG,NetworkPartition,6,0.2222222222222222,0.0,0.5,164.83333333333334
rq1_rca,qwen3.8-27b,aegislab,V_RG,PodFailure,2,0.5,0.5,0.5,180.0
rq1_rca,qwen3.8-27b,aegislab,V_RG,PodKill,1,0.5,0.0,1.0,199.0
rq1_rca,qwen3.8-27b,aegislab,V_RL,ContainerKill,8,0.4375,0.375,0.5,160.125
rq1_rca,qwen3.8-27b,aegislab,V_RL,HTTPRequestAbort,6,0.1388888888888888,0.0,0.3333333333333333,173.16666666666666
rq1_rca,qwen3.8-27b,aegislab,V_RL,HTTPRequestDelay,7,0.119047619047619,0.0,0.2857142857142857,165.14285714285714
rq1_rca,qwen3.8-27b,aegislab,V_RL,HTTPRequestReplaceMethod,15,0.3944444444444444,0.2666666666666666,0.6,154.46666666666667
rq1_rca,qwen3.8-27b,aegislab,V_RL,HTTPRequestReplacePath,1,0.3333333333333333,0.0,1.0,188.0
rq1_rca,qwen3.8-27b,aegislab,V_RL,HTTPResponseAbort,3,0.0,0.0,0.0,164.33333333333334
rq1_rca,qwen3.8-27b,aegislab,V_RL,HTTPResponseDelay,7,0.2142857142857142,0.1428571428571428,0.2857142857142857,154.14285714285714
rq1_rca,qwen3.8-27b,aegislab,V_RL,HTTPResponseReplaceBody,2,0.125,0.0,0.5,153.5
rq1_rca,qwen3.8-27b,aegislab,V_RL,HTTPResponseReplaceCode,13,0.2051282051282051,0.0769230769230769,0.3846153846153846,151.84615384615384
rq1_rca,qwen3.8-27b,aegislab,V_RL,JVMException,3,0.3333333333333333,0.0,0.6666666666666666,157.33333333333334
rq1_rca,qwen3.8-27b,aegislab,V_RL,JVMLatency,1,0.0,0.0,0.0,115.0
rq1_rca,qwen3.8-27b,aegislab,V_RL,JVMMemoryStress,14,0.6130952380952381,0.5,0.7857142857142857,166.64285714285714
rq1_rca,qwen3.8-27b,aegislab,V_RL,JVMReturn,2,0.5,0.5,0.5,172.5
rq1_rca,qwen3.8-27b,aegislab,V_RL,NetworkBandwidth,2,0.5,0.0,1.0,159.0
rq1_rca,qwen3.8-27b,aegislab,V_RL,NetworkCorrupt,3,0.1111111111111111,0.0,0.3333333333333333,156.0
rq1_rca,qwen3.8-27b,aegislab,V_RL,NetworkDelay,1,0.5,0.0,1.0,204.0
rq1_rca,qwen3.8-27b,aegislab,V_RL,NetworkLoss,3,0.0,0.0,0.0,156.33333333333334
rq1_rca,qwen3.8-27b,aegislab,V_RL,NetworkPartition,6,0.1388888888888888,0.0,0.3333333333333333,140.66666666666666
rq1_rca,qwen3.8-27b,aegislab,V_RL,PodFailure,2,0.6666666666666666,0.5,1.0,164.0
rq1_rca,qwen3.8-27b,aegislab,V_RL,PodKill,1,1.0,1.0,1.0,189.0
rq1_rca,qwen3.8-27b,aegislab,V_RLG,ContainerKill,8,0.9375,0.875,1.0,169.75
rq1_rca,qwen3.8-27b,aegislab,V_RLG,HTTPRequestAbort,6,0.1388888888888888,0.0,0.3333333333333333,155.83333333333334
rq1_rca,qwen3.8-27b,aegislab,V_RLG,HTTPRequestDelay,7,0.1428571428571428,0.0,0.2857142857142857,157.42857142857142
rq1_rca,qwen3.8-27b,aegislab,V_RLG,HTTPRequestReplaceMethod,15,0.4611111111111111,0.3333333333333333,0.6666666666666666,151.93333333333334
rq1_rca,qwen3.8-27b,aegislab,V_RLG,HTTPRequestReplacePath,1,0.25,0.0,1.0,392.0
rq1_rca,qwen3.8-27b,aegislab,V_RLG,HTTPResponseAbort,3,0.0,0.0,0.0,145.66666666666666
rq1_rca,qwen3.8-27b,aegislab,V_RLG,HTTPResponseDelay,7,0.3333333333333333,0.1428571428571428,0.5714285714285714,156.14285714285714
rq1_rca,qwen3.8-27b,aegislab,V_RLG,HTTPResponseReplaceBody,2,0.25,0.0,0.5,166.0
rq1_rca,qwen3.8-27b,aegislab,V_RLG,HTTPResponseReplaceCode,13,0.4230769230769231,0.2307692307692307,0.6153846153846154,164.3846153846154
rq1_rca,qwen3.8-27b,aegislab,V_RLG,JVMException,3,1.0,1.0,1.0,178.33333333333334
rq1_rca,qwen3.8-27b,aegislab,V_RLG,JVMLatency,1,1.0,1.0,1.0,210.0
rq1_rca,qwen3.8-27b,aegislab,V_RLG,JVMMemoryStress,14,0.8928571428571429,0.8571428571428571,0.9285714285714286,182.92857142857144
rq1_rca,qwen3.8-27b,aegislab,V_RLG,JVMReturn,2,0.5,0.5,0.5,180.0
rq1_rca,qwen3.8-27b,aegislab,V_RLG,NetworkBandwidth,2,0.5,0.5,0.5,156.5
rq1_rca,qwen3.8-27b,aegislab,V_RLG,NetworkCorrupt,3,0.0,0.0,0.0,151.66666666666666
rq1_rca,qwen3.8-27b,aegislab,V_RLG,NetworkDelay,1,1.0,1.0,1.0,157.0
rq1_rca,qwen3.8-27b,aegislab,V_RLG,NetworkLoss,3,0.3333333333333333,0.3333333333333333,0.3333333333333333,179.33333333333334
rq1_rca,qwen3.8-27b,aegislab,V_RLG,NetworkPartition,6,0.3055555555555555,0.1666666666666666,0.5,149.0
rq1_rca,qwen3.8-27b,aegislab,V_RLG,PodFailure,2,0.75,0.5,1.0,159.0
rq1_rca,qwen3.8-27b,aegislab,V_RLG,PodKill,1,0.5,0.0,1.0,136.0
rq1_rca,qwen3.8-27b,aiops2022,C,k8s容器cpu负载,9,0.2222222222222222,0.2222222222222222,0.2222222222222222,159.0
rq1_rca,qwen3.8-27b,aiops2022,C,k8s容器内存负载,8,0.25,0.25,0.25,153.5
rq1_rca,qwen3.8-27b,aiops2022,C,k8s容器写io负载,4,0.5,0.5,0.5,188.5
rq1_rca,qwen3.8-27b,aiops2022,C,k8s容器网络丢包,9,0.2407407407407407,0.1111111111111111,0.4444444444444444,139.22222222222223
rq1_rca,qwen3.8-27b,aiops2022,C,k8s容器网络延迟,10,0.1833333333333333,0.1,0.3,151.9
rq1_rca,qwen3.8-27b,aiops2022,C,k8s容器网络资源包损坏,10,0.2,0.2,0.2,563.3
rq1_rca,qwen3.8-27b,aiops2022,C,k8s容器网络资源包重复发送,7,0.119047619047619,0.0,0.2857142857142857,149.28571428571428
rq1_rca,qwen3.8-27b,aiops2022,C,k8s容器读io负载,9,0.324074074074074,0.2222222222222222,0.5555555555555556,277.3333333333333
rq1_rca,qwen3.8-27b,aiops2022,C,k8s容器进程中止,5,0.2666666666666666,0.2,0.4,164.8
rq1_rca,qwen3.8-27b,aiops2022,C,node 内存消耗,5,0.0666666666666666,0.0,0.2,169.0
rq1_rca,qwen3.8-27b,aiops2022,C,node 磁盘写IO消耗,6,0.6666666666666666,0.6666666666666666,0.6666666666666666,153.16666666666666
rq1_rca,qwen3.8-27b,aiops2022,C,node 磁盘空间消耗,5,0.6,0.4,0.8,155.6
rq1_rca,qwen3.8-27b,aiops2022,C,node 磁盘读IO消耗,5,0.2,0.2,0.2,148.2
rq1_rca,qwen3.8-27b,aiops2022,C,node节点CPU故障,5,0.2666666666666666,0.2,0.4,162.0
rq1_rca,qwen3.8-27b,aiops2022,C,node节点CPU爬升,3,0.0,0.0,0.0,136.66666666666666
rq1_rca,qwen3.8-27b,aiops2022,H,k8s容器cpu负载,9,0.4444444444444444,0.4444444444444444,0.4444444444444444,148.44444444444446
rq1_rca,qwen3.8-27b,aiops2022,H,k8s容器内存负载,8,0.1666666666666666,0.125,0.25,158.375
rq1_rca,qwen3.8-27b,aiops2022,H,k8s容器写io负载,4,0.125,0.0,0.25,151.25
rq1_rca,qwen3.8-27b,aiops2022,H,k8s容器网络丢包,9,0.2314814814814814,0.1111111111111111,0.4444444444444444,151.66666666666666
rq1_rca,qwen3.8-27b,aiops2022,H,k8s容器网络延迟,10,0.1333333333333333,0.1,0.2,165.4
rq1_rca,qwen3.8-27b,aiops2022,H,k8s容器网络资源包损坏,10,0.225,0.1,0.4,154.2
rq1_rca,qwen3.8-27b,aiops2022,H,k8s容器网络资源包重复发送,7,0.2142857142857142,0.1428571428571428,0.2857142857142857,143.0
rq1_rca,qwen3.8-27b,aiops2022,H,k8s容器读io负载,9,0.2037037037037037,0.1111111111111111,0.3333333333333333,146.11111111111111
rq1_rca,qwen3.8-27b,aiops2022,H,k8s容器进程中止,5,0.0,0.0,0.0,170.6
rq1_rca,qwen3.8-27b,aiops2022,H,node 内存消耗,5,0.1,0.0,0.2,160.8
rq1_rca,qwen3.8-27b,aiops2022,H,node 磁盘写IO消耗,6,0.6666666666666666,0.6666666666666666,0.6666666666666666,146.83333333333334
rq1_rca,qwen3.8-27b,aiops2022,H,node 磁盘空间消耗,5,0.6666666666666666,0.6,0.8,132.2
rq1_rca,qwen3.8-27b,aiops2022,H,node 磁盘读IO消耗,5,0.4,0.4,0.4,157.8
rq1_rca,qwen3.8-27b,aiops2022,H,node节点CPU故障,5,0.1,0.0,0.2,137.2
rq1_rca,qwen3.8-27b,aiops2022,H,node节点CPU爬升,3,0.3333333333333333,0.3333333333333333,0.3333333333333333,148.33333333333334
rq1_rca,qwen3.8-27b,aiops2022,LV,k8s容器cpu负载,9,0.3888888888888889,0.3333333333333333,0.5555555555555556,154.0
rq1_rca,qwen3.8-27b,aiops2022,LV,k8s容器内存负载,8,0.1666666666666666,0.125,0.25,153.875
rq1_rca,qwen3.8-27b,aiops2022,LV,k8s容器写io负载,4,0.125,0.0,0.25,144.5
rq1_rca,qwen3.8-27b,aiops2022,LV,k8s容器网络丢包,9,0.2592592592592592,0.1111111111111111,0.4444444444444444,152.77777777777777
rq1_rca,qwen3.8-27b,aiops2022,LV,k8s容器网络延迟,10,0.0833333333333333,0.0,0.2,161.7
rq1_rca,qwen3.8-27b,aiops2022,LV,k8s容器网络资源包损坏,10,0.175,0.1,0.3,159.6
rq1_rca,qwen3.8-27b,aiops2022,LV,k8s容器网络资源包重复发送,7,0.2619047619047619,0.1428571428571428,0.4285714285714285,149.28571428571428
rq1_rca,qwen3.8-27b,aiops2022,LV,k8s容器读io负载,9,0.1944444444444444,0.1111111111111111,0.3333333333333333,160.33333333333334
rq1_rca,qwen3.8-27b,aiops2022,LV,k8s容器进程中止,5,0.0,0.0,0.0,148.6
rq1_rca,qwen3.8-27b,aiops2022,LV,node 内存消耗,5,0.1,0.0,0.2,165.2
rq1_rca,qwen3.8-27b,aiops2022,LV,node 磁盘写IO消耗,6,0.6666666666666666,0.6666666666666666,0.6666666666666666,180.66666666666663
rq1_rca,qwen3.8-27b,aiops2022,LV,node 磁盘空间消耗,5,0.6666666666666666,0.6,0.8,167.4
rq1_rca,qwen3.8-27b,aiops2022,LV,node 磁盘读IO消耗,5,0.4,0.4,0.4,156.6
rq1_rca,qwen3.8-27b,aiops2022,LV,node节点CPU故障,5,0.2,0.2,0.2,161.2
rq1_rca,qwen3.8-27b,aiops2022,LV,node节点CPU爬升,3,0.1666666666666666,0.0,0.3333333333333333,144.66666666666666
rq1_rca,qwen3.8-27b,aiops2022,MV,k8s容器cpu负载,9,0.2777777777777778,0.2222222222222222,0.3333333333333333,164.11111111111111
rq1_rca,qwen3.8-27b,aiops2022,MV,k8s容器内存负载,8,0.0,0.0,0.0,163.75
rq1_rca,qwen3.8-27b,aiops2022,MV,k8s容器写io负载,4,0.125,0.0,0.25,180.0
rq1_rca,qwen3.8-27b,aiops2022,MV,k8s容器网络丢包,9,0.2222222222222222,0.1111111111111111,0.3333333333333333,168.22222222222223
rq1_rca,qwen3.8-27b,aiops2022,MV,k8s容器网络延迟,10,0.0833333333333333,0.0,0.2,162.0
rq1_rca,qwen3.8-27b,aiops2022,MV,k8s容器网络资源包损坏,10,0.225,0.1,0.4,186.4
rq1_rca,qwen3.8-27b,aiops2022,MV,k8s容器网络资源包重复发送,7,0.2142857142857142,0.1428571428571428,0.2857142857142857,153.57142857142858
rq1_rca,qwen3.8-27b,aiops2022,MV,k8s容器读io负载,9,0.2592592592592592,0.1111111111111111,0.4444444444444444,169.11111111111111
rq1_rca,qwen3.8-27b,aiops2022,MV,k8s容器进程中止,5,0.0,0.0,0.0,157.4
rq1_rca,qwen3.8-27b,aiops2022,MV,node 内存消耗,5,0.1,0.0,0.2,180.4
rq1_rca,qwen3.8-27b,aiops2022,MV,node 磁盘写IO消耗,6,0.6666666666666666,0.6666666666666666,0.6666666666666666,158.33333333333334
rq1_rca,qwen3.8-27b,aiops2022,MV,node 磁盘空间消耗,5,0.5666666666666667,0.4,0.8,172.0
rq1_rca,qwen3.8-27b,aiops2022,MV,node 磁盘读IO消耗,5,0.2,0.2,0.2,168.4
rq1_rca,qwen3.8-27b,aiops2022,MV,node节点CPU故障,5,0.1,0.0,0.2,147.6
rq1_rca,qwen3.8-27b,aiops2022,MV,node节点CPU爬升,3,0.3333333333333333,0.3333333333333333,0.3333333333333333,184.0
rq1_rca,qwen3.8-27b,aiops2022,S,k8s容器cpu负载,9,0.1111111111111111,0.1111111111111111,0.1111111111111111,142.11111111111111
rq1_rca,qwen3.8-27b,aiops2022,S,k8s容器内存负载,8,0.125,0.0,0.25,148.75
rq1_rca,qwen3.8-27b,aiops2022,S,k8s容器写io负载,4,0.25,0.25,0.25,146.0
rq1_rca,qwen3.8-27b,aiops2022,S,k8s容器网络丢包,9,0.0555555555555555,0.0,0.1111111111111111,140.77777777777777
rq1_rca,qwen3.8-27b,aiops2022,S,k8s容器网络延迟,10,0.1666666666666666,0.1,0.3,143.0
rq1_rca,qwen3.8-27b,aiops2022,S,k8s容器网络资源包损坏,10,0.15,0.1,0.2,151.5
rq1_rca,qwen3.8-27b,aiops2022,S,k8s容器网络资源包重复发送,7,0.0,0.0,0.0,153.0
rq1_rca,qwen3.8-27b,aiops2022,S,k8s容器读io负载,9,0.1111111111111111,0.1111111111111111,0.1111111111111111,151.66666666666666
rq1_rca,qwen3.8-27b,aiops2022,S,k8s容器进程中止,5,0.0666666666666666,0.0,0.2,332.6
rq1_rca,qwen3.8-27b,aiops2022,S,node 内存消耗,5,0.0,0.0,0.0,134.6
rq1_rca,qwen3.8-27b,aiops2022,S,node 磁盘写IO消耗,6,0.1666666666666666,0.1666666666666666,0.1666666666666666,151.83333333333334
rq1_rca,qwen3.8-27b,aiops2022,S,node 磁盘空间消耗,5,0.3666666666666666,0.2,0.6,149.4
rq1_rca,qwen3.8-27b,aiops2022,S,node 磁盘读IO消耗,5,0.0,0.0,0.0,138.4
rq1_rca,qwen3.8-27b,aiops2022,S,node节点CPU故障,5,0.0,0.0,0.0,140.0
rq1_rca,qwen3.8-27b,aiops2022,S,node节点CPU爬升,3,0.0,0.0,0.0,145.0
rq1_rca,qwen3.8-27b,aiops2022,T,k8s容器cpu负载,9,0.1481481481481481,0.1111111111111111,0.2222222222222222,148.88888888888889
rq1_rca,qwen3.8-27b,aiops2022,T,k8s容器内存负载,8,0.0625,0.0,0.125,168.25
rq1_rca,qwen3.8-27b,aiops2022,T,k8s容器写io负载,4,0.5,0.5,0.5,154.25
rq1_rca,qwen3.8-27b,aiops2022,T,k8s容器网络丢包,9,0.2037037037037037,0.1111111111111111,0.3333333333333333,160.66666666666666
rq1_rca,qwen3.8-27b,aiops2022,T,k8s容器网络延迟,10,0.15,0.1,0.2,157.5
rq1_rca,qwen3.8-27b,aiops2022,T,k8s容器网络资源包损坏,10,0.1333333333333333,0.1,0.2,152.0
rq1_rca,qwen3.8-27b,aiops2022,T,k8s容器网络资源包重复发送,7,0.2142857142857142,0.1428571428571428,0.2857142857142857,156.14285714285714
rq1_rca,qwen3.8-27b,aiops2022,T,k8s容器读io负载,9,0.3425925925925926,0.2222222222222222,0.5555555555555556,161.44444444444446
rq1_rca,qwen3.8-27b,aiops2022,T,k8s容器进程中止,5,0.3666666666666666,0.2,0.6,617.4
rq1_rca,qwen3.8-27b,aiops2022,T,node 内存消耗,5,0.0666666666666666,0.0,0.2,134.8
rq1_rca,qwen3.8-27b,aiops2022,T,node 磁盘写IO消耗,6,0.6666666666666666,0.6666666666666666,0.6666666666666666,185.83333333333331
rq1_rca,qwen3.8-27b,aiops2022,T,node 磁盘空间消耗,5,0.7,0.6,0.8,143.2
rq1_rca,qwen3.8-27b,aiops2022,T,node 磁盘读IO消耗,5,0.2,0.2,0.2,148.4
rq1_rca,qwen3.8-27b,aiops2022,T,node节点CPU故障,5,0.2666666666666666,0.2,0.4,181.4
rq1_rca,qwen3.8-27b,aiops2022,T,node节点CPU爬升,3,0.1666666666666666,0.0,0.3333333333333333,143.33333333333334
rq1_rca,qwen3.8-27b,aiops2022,TCV,k8s容器cpu负载,9,0.4722222222222222,0.4444444444444444,0.5555555555555556,176.0
rq1_rca,qwen3.8-27b,aiops2022,TCV,k8s容器内存负载,8,0.1666666666666666,0.125,0.25,156.375
rq1_rca,qwen3.8-27b,aiops2022,TCV,k8s容器写io负载,4,0.3333333333333333,0.25,0.5,171.5
rq1_rca,qwen3.8-27b,aiops2022,TCV,k8s容器网络丢包,9,0.2222222222222222,0.1111111111111111,0.3333333333333333,152.88888888888889
rq1_rca,qwen3.8-27b,aiops2022,TCV,k8s容器网络延迟,10,0.0833333333333333,0.0,0.2,149.9
rq1_rca,qwen3.8-27b,aiops2022,TCV,k8s容器网络资源包损坏,10,0.1,0.1,0.1,158.5
rq1_rca,qwen3.8-27b,aiops2022,TCV,k8s容器网络资源包重复发送,7,0.2142857142857142,0.1428571428571428,0.2857142857142857,148.85714285714286
rq1_rca,qwen3.8-27b,aiops2022,TCV,k8s容器读io负载,9,0.1666666666666666,0.1111111111111111,0.2222222222222222,144.0
rq1_rca,qwen3.8-27b,aiops2022,TCV,k8s容器进程中止,5,0.1,0.0,0.2,154.4
rq1_rca,qwen3.8-27b,aiops2022,TCV,node 内存消耗,5,0.1,0.0,0.2,164.0
rq1_rca,qwen3.8-27b,aiops2022,TCV,node 磁盘写IO消耗,6,0.6666666666666666,0.6666666666666666,0.6666666666666666,139.16666666666666
rq1_rca,qwen3.8-27b,aiops2022,TCV,node 磁盘空间消耗,5,0.6666666666666666,0.6,0.8,158.8
rq1_rca,qwen3.8-27b,aiops2022,TCV,node 磁盘读IO消耗,5,0.4,0.4,0.4,119.4
rq1_rca,qwen3.8-27b,aiops2022,TCV,node节点CPU故障,5,0.4,0.4,0.4,128.0
rq1_rca,qwen3.8-27b,aiops2022,TCV,node节点CPU爬升,3,0.1666666666666666,0.0,0.3333333333333333,154.33333333333334
rq1_rca,qwen3.8-27b,aiops2022,TPV,k8s容器cpu负载,9,0.3333333333333333,0.3333333333333333,0.3333333333333333,170.66666666666666
rq1_rca,qwen3.8-27b,aiops2022,TPV,k8s容器内存负载,8,0.1875,0.125,0.25,155.625
rq1_rca,qwen3.8-27b,aiops2022,TPV,k8s容器写io负载,4,0.4583333333333333,0.25,0.75,186.0
rq1_rca,qwen3.8-27b,aiops2022,TPV,k8s容器网络丢包,9,0.1111111111111111,0.0,0.2222222222222222,172.66666666666666
rq1_rca,qwen3.8-27b,aiops2022,TPV,k8s容器网络延迟,10,0.2583333333333333,0.2,0.4,153.0
rq1_rca,qwen3.8-27b,aiops2022,TPV,k8s容器网络资源包损坏,10,0.225,0.1,0.4,168.0
rq1_rca,qwen3.8-27b,aiops2022,TPV,k8s容器网络资源包重复发送,7,0.2857142857142857,0.2857142857142857,0.2857142857142857,146.57142857142858
rq1_rca,qwen3.8-27b,aiops2022,TPV,k8s容器读io负载,9,0.2592592592592593,0.1111111111111111,0.4444444444444444,159.88888888888889
rq1_rca,qwen3.8-27b,aiops2022,TPV,k8s容器进程中止,5,0.3666666666666666,0.2,0.6,161.2
rq1_rca,qwen3.8-27b,aiops2022,TPV,node 内存消耗,5,0.2,0.2,0.2,136.8
rq1_rca,qwen3.8-27b,aiops2022,TPV,node 磁盘写IO消耗,6,0.5,0.5,0.5,182.16666666666663
rq1_rca,qwen3.8-27b,aiops2022,TPV,node 磁盘空间消耗,5,0.6,0.6,0.6,162.0
rq1_rca,qwen3.8-27b,aiops2022,TPV,node 磁盘读IO消耗,5,0.2,0.2,0.2,177.8
rq1_rca,qwen3.8-27b,aiops2022,TPV,node节点CPU故障,5,0.3,0.2,0.4,163.4
rq1_rca,qwen3.8-27b,aiops2022,TPV,node节点CPU爬升,3,0.0,0.0,0.0,145.66666666666666
rq1_rca,qwen3.8-27b,aiops2022,V,k8s容器cpu负载,9,0.2962962962962963,0.2222222222222222,0.4444444444444444,186.55555555555557
rq1_rca,qwen3.8-27b,aiops2022,V,k8s容器内存负载,8,0.2291666666666666,0.125,0.375,199.875
rq1_rca,qwen3.8-27b,aiops2022,V,k8s容器写io负载,4,0.25,0.25,0.25,187.5
rq1_rca,qwen3.8-27b,aiops2022,V,k8s容器网络丢包,9,0.1111111111111111,0.1111111111111111,0.1111111111111111,192.77777777777777
rq1_rca,qwen3.8-27b,aiops2022,V,k8s容器网络延迟,10,0.0,0.0,0.0,169.8
rq1_rca,qwen3.8-27b,aiops2022,V,k8s容器网络资源包损坏,10,0.225,0.1,0.4,176.9
rq1_rca,qwen3.8-27b,aiops2022,V,k8s容器网络资源包重复发送,7,0.0476190476190476,0.0,0.1428571428571428,189.0
rq1_rca,qwen3.8-27b,aiops2022,V,k8s容器读io负载,9,0.1481481481481481,0.0,0.3333333333333333,196.11111111111111
rq1_rca,qwen3.8-27b,aiops2022,V,k8s容器进程中止,5,0.3,0.2,0.4,188.4
rq1_rca,qwen3.8-27b,aiops2022,V,node 内存消耗,5,0.0,0.0,0.0,183.8
rq1_rca,qwen3.8-27b,aiops2022,V,node 磁盘写IO消耗,6,0.3333333333333333,0.3333333333333333,0.3333333333333333,209.66666666666663
rq1_rca,qwen3.8-27b,aiops2022,V,node 磁盘空间消耗,5,0.44,0.4,0.6,183.8
rq1_rca,qwen3.8-27b,aiops2022,V,node 磁盘读IO消耗,5,0.2,0.2,0.2,181.4
rq1_rca,qwen3.8-27b,aiops2022,V,node节点CPU故障,5,0.3,0.2,0.4,214.2
rq1_rca,qwen3.8-27b,aiops2022,V,node节点CPU爬升,3,0.0666666666666666,0.0,0.3333333333333333,170.0
rq1_rca,qwen3.8-27b,aiops2022,V_LG,k8s容器cpu负载,9,0.3333333333333333,0.3333333333333333,0.3333333333333333,188.66666666666663
rq1_rca,qwen3.8-27b,aiops2022,V_LG,k8s容器内存负载,8,0.125,0.125,0.125,203.375
rq1_rca,qwen3.8-27b,aiops2022,V_LG,k8s容器写io负载,4,0.5083333333333333,0.25,1.0,171.75
rq1_rca,qwen3.8-27b,aiops2022,V_LG,k8s容器网络丢包,9,0.1111111111111111,0.0,0.2222222222222222,168.66666666666666
rq1_rca,qwen3.8-27b,aiops2022,V_LG,k8s容器网络延迟,10,0.1583333333333333,0.1,0.3,151.5
rq1_rca,qwen3.8-27b,aiops2022,V_LG,k8s容器网络资源包损坏,10,0.275,0.2,0.4,174.7
rq1_rca,qwen3.8-27b,aiops2022,V_LG,k8s容器网络资源包重复发送,7,0.2857142857142857,0.2857142857142857,0.2857142857142857,192.8571428571429
rq1_rca,qwen3.8-27b,aiops2022,V_LG,k8s容器读io负载,9,0.3888888888888889,0.2222222222222222,0.5555555555555556,173.11111111111111
rq1_rca,qwen3.8-27b,aiops2022,V_LG,k8s容器进程中止,5,0.4,0.2,0.6,183.4
rq1_rca,qwen3.8-27b,aiops2022,V_LG,node 内存消耗,5,0.2,0.2,0.2,179.0
rq1_rca,qwen3.8-27b,aiops2022,V_LG,node 磁盘写IO消耗,6,0.3333333333333333,0.3333333333333333,0.3333333333333333,152.66666666666666
rq1_rca,qwen3.8-27b,aiops2022,V_LG,node 磁盘空间消耗,5,0.5,0.4,0.6,159.4
rq1_rca,qwen3.8-27b,aiops2022,V_LG,node 磁盘读IO消耗,5,0.2,0.2,0.2,204.0
rq1_rca,qwen3.8-27b,aiops2022,V_LG,node节点CPU故障,5,0.0,0.0,0.0,152.2
rq1_rca,qwen3.8-27b,aiops2022,V_LG,node节点CPU爬升,3,0.0,0.0,0.0,217.0
rq1_rca,qwen3.8-27b,aiops2022,V_MG,k8s容器cpu负载,9,0.1481481481481481,0.1111111111111111,0.2222222222222222,199.33333333333331
rq1_rca,qwen3.8-27b,aiops2022,V_MG,k8s容器内存负载,8,0.2083333333333333,0.125,0.375,172.375
rq1_rca,qwen3.8-27b,aiops2022,V_MG,k8s容器写io负载,4,0.0,0.0,0.0,201.5
rq1_rca,qwen3.8-27b,aiops2022,V_MG,k8s容器网络丢包,9,0.1111111111111111,0.0,0.2222222222222222,179.77777777777777
rq1_rca,qwen3.8-27b,aiops2022,V_MG,k8s容器网络延迟,10,0.25,0.2,0.3,167.8
rq1_rca,qwen3.8-27b,aiops2022,V_MG,k8s容器网络资源包损坏,10,0.275,0.1,0.5,176.1
rq1_rca,qwen3.8-27b,aiops2022,V_MG,k8s容器网络资源包重复发送,7,0.0714285714285714,0.0,0.1428571428571428,176.28571428571428
rq1_rca,qwen3.8-27b,aiops2022,V_MG,k8s容器读io负载,9,0.2037037037037037,0.0,0.4444444444444444,168.44444444444446
rq1_rca,qwen3.8-27b,aiops2022,V_MG,k8s容器进程中止,5,0.2666666666666666,0.2,0.4,175.0
rq1_rca,qwen3.8-27b,aiops2022,V_MG,node 内存消耗,5,0.0,0.0,0.0,176.6
rq1_rca,qwen3.8-27b,aiops2022,V_MG,node 磁盘写IO消耗,6,0.3333333333333333,0.3333333333333333,0.3333333333333333,186.5
rq1_rca,qwen3.8-27b,aiops2022,V_MG,node 磁盘空间消耗,5,0.4,0.4,0.4,147.0
rq1_rca,qwen3.8-27b,aiops2022,V_MG,node 磁盘读IO消耗,5,0.1,0.0,0.2,151.8
rq1_rca,qwen3.8-27b,aiops2022,V_MG,node节点CPU故障,5,0.3,0.2,0.4,154.8
rq1_rca,qwen3.8-27b,aiops2022,V_MG,node节点CPU爬升,3,0.0,0.0,0.0,141.66666666666666
rq1_rca,qwen3.8-27b,aiops2022,V_ML,k8s容器cpu负载,9,0.3333333333333333,0.2222222222222222,0.5555555555555556,163.44444444444446
rq1_rca,qwen3.8-27b,aiops2022,V_ML,k8s容器内存负载,8,0.125,0.125,0.125,162.875
rq1_rca,qwen3.8-27b,aiops2022,V_ML,k8s容器写io负载,4,0.0833333333333333,0.0,0.25,217.0
rq1_rca,qwen3.8-27b,aiops2022,V_ML,k8s容器网络丢包,9,0.2037037037037037,0.1111111111111111,0.3333333333333333,148.77777777777777
rq1_rca,qwen3.8-27b,aiops2022,V_ML,k8s容器网络延迟,10,0.1833333333333333,0.1,0.3,184.1
rq1_rca,qwen3.8-27b,aiops2022,V_ML,k8s容器网络资源包损坏,10,0.2,0.1,0.3,159.0
rq1_rca,qwen3.8-27b,aiops2022,V_ML,k8s容器网络资源包重复发送,7,0.2142857142857142,0.1428571428571428,0.2857142857142857,160.0
rq1_rca,qwen3.8-27b,aiops2022,V_ML,k8s容器读io负载,9,0.2037037037037037,0.1111111111111111,0.3333333333333333,172.0
rq1_rca,qwen3.8-27b,aiops2022,V_ML,k8s容器进程中止,5,0.0,0.0,0.0,165.0
rq1_rca,qwen3.8-27b,aiops2022,V_ML,node 内存消耗,5,0.2,0.2,0.2,168.4
rq1_rca,qwen3.8-27b,aiops2022,V_ML,node 磁盘写IO消耗,6,0.6666666666666666,0.6666666666666666,0.6666666666666666,132.0
rq1_rca,qwen3.8-27b,aiops2022,V_ML,node 磁盘空间消耗,5,0.6666666666666666,0.6,0.8,156.0
rq1_rca,qwen3.8-27b,aiops2022,V_ML,node 磁盘读IO消耗,5,0.4,0.4,0.4,142.4
rq1_rca,qwen3.8-27b,aiops2022,V_ML,node节点CPU故障,5,0.1,0.0,0.2,156.2
rq1_rca,qwen3.8-27b,aiops2022,V_ML,node节点CPU爬升,3,0.0,0.0,0.0,175.33333333333334
rq1_rca,qwen3.8-27b,aiops2022,V_MLG,k8s容器cpu负载,9,0.1203703703703703,0.0,0.3333333333333333,169.11111111111111
rq1_rca,qwen3.8-27b,aiops2022,V_MLG,k8s容器内存负载,8,0.0416666666666666,0.0,0.125,175.5
rq1_rca,qwen3.8-27b,aiops2022,V_MLG,k8s容器写io负载,4,0.0833333333333333,0.0,0.25,220.5
rq1_rca,qwen3.8-27b,aiops2022,V_MLG,k8s容器网络丢包,9,0.25,0.1111111111111111,0.4444444444444444,185.88888888888889
rq1_rca,qwen3.8-27b,aiops2022,V_MLG,k8s容器网络延迟,10,0.2666666666666666,0.2,0.4,190.9
rq1_rca,qwen3.8-27b,aiops2022,V_MLG,k8s容器网络资源包损坏,10,0.225,0.1,0.4,182.3
rq1_rca,qwen3.8-27b,aiops2022,V_MLG,k8s容器网络资源包重复发送,7,0.0714285714285714,0.0,0.1428571428571428,182.7142857142857
rq1_rca,qwen3.8-27b,aiops2022,V_MLG,k8s容器读io负载,9,0.2222222222222222,0.1111111111111111,0.3333333333333333,186.22222222222223
rq1_rca,qwen3.8-27b,aiops2022,V_MLG,k8s容器进程中止,5,0.1666666666666666,0.0,0.4,156.0
rq1_rca,qwen3.8-27b,aiops2022,V_MLG,node 内存消耗,5,0.0,0.0,0.0,199.8
rq1_rca,qwen3.8-27b,aiops2022,V_MLG,node 磁盘写IO消耗,6,0.25,0.1666666666666666,0.3333333333333333,176.16666666666666
rq1_rca,qwen3.8-27b,aiops2022,V_MLG,node 磁盘空间消耗,5,0.35,0.2,0.6,179.2
rq1_rca,qwen3.8-27b,aiops2022,V_MLG,node 磁盘读IO消耗,5,0.2,0.2,0.2,166.6
rq1_rca,qwen3.8-27b,aiops2022,V_MLG,node节点CPU故障,5,0.3,0.2,0.4,195.0
rq1_rca,qwen3.8-27b,aiops2022,V_MLG,node节点CPU爬升,3,0.0,0.0,0.0,213.33333333333331
rq1_rca,qwen3.8-27b,aiops2022,V_MR,k8s容器cpu负载,9,0.3055555555555556,0.2222222222222222,0.4444444444444444,161.88888888888889
rq1_rca,qwen3.8-27b,aiops2022,V_MR,k8s容器内存负载,8,0.125,0.125,0.125,158.875
rq1_rca,qwen3.8-27b,aiops2022,V_MR,k8s容器写io负载,4,0.375,0.25,0.5,142.0
rq1_rca,qwen3.8-27b,aiops2022,V_MR,k8s容器网络丢包,9,0.2222222222222222,0.1111111111111111,0.4444444444444444,166.66666666666666
rq1_rca,qwen3.8-27b,aiops2022,V_MR,k8s容器网络延迟,10,0.0,0.0,0.0,158.1
rq1_rca,qwen3.8-27b,aiops2022,V_MR,k8s容器网络资源包损坏,10,0.245,0.1,0.5,155.3
rq1_rca,qwen3.8-27b,aiops2022,V_MR,k8s容器网络资源包重复发送,7,0.2619047619047619,0.1428571428571428,0.4285714285714285,182.7142857142857
rq1_rca,qwen3.8-27b,aiops2022,V_MR,k8s容器读io负载,9,0.1666666666666666,0.1111111111111111,0.2222222222222222,173.33333333333334
rq1_rca,qwen3.8-27b,aiops2022,V_MR,k8s容器进程中止,5,0.0,0.0,0.0,163.2
rq1_rca,qwen3.8-27b,aiops2022,V_MR,node 内存消耗,5,0.0666666666666666,0.0,0.2,169.0
rq1_rca,qwen3.8-27b,aiops2022,V_MR,node 磁盘写IO消耗,6,0.6666666666666666,0.6666666666666666,0.6666666666666666,145.5
rq1_rca,qwen3.8-27b,aiops2022,V_MR,node 磁盘空间消耗,5,0.5,0.4,0.6,162.8
rq1_rca,qwen3.8-27b,aiops2022,V_MR,node 磁盘读IO消耗,5,0.4,0.4,0.4,173.4
rq1_rca,qwen3.8-27b,aiops2022,V_MR,node节点CPU故障,5,0.3,0.2,0.4,163.6
rq1_rca,qwen3.8-27b,aiops2022,V_MR,node节点CPU爬升,3,0.0,0.0,0.0,168.0
rq1_rca,qwen3.8-27b,aiops2022,V_MRG,k8s容器cpu负载,9,0.4074074074074074,0.3333333333333333,0.5555555555555556,158.22222222222223
rq1_rca,qwen3.8-27b,aiops2022,V_MRG,k8s容器内存负载,8,0.3541666666666666,0.25,0.5,180.875
rq1_rca,qwen3.8-27b,aiops2022,V_MRG,k8s容器写io负载,4,0.25,0.25,0.25,214.0
rq1_rca,qwen3.8-27b,aiops2022,V_MRG,k8s容器网络丢包,9,0.2222222222222222,0.2222222222222222,0.2222222222222222,169.88888888888889
rq1_rca,qwen3.8-27b,aiops2022,V_MRG,k8s容器网络延迟,10,0.0333333333333333,0.0,0.1,174.3
rq1_rca,qwen3.8-27b,aiops2022,V_MRG,k8s容器网络资源包损坏,10,0.175,0.0,0.4,151.6
rq1_rca,qwen3.8-27b,aiops2022,V_MRG,k8s容器网络资源包重复发送,7,0.0476190476190476,0.0,0.1428571428571428,161.0
rq1_rca,qwen3.8-27b,aiops2022,V_MRG,k8s容器读io负载,9,0.1851851851851851,0.0,0.4444444444444444,204.0
rq1_rca,qwen3.8-27b,aiops2022,V_MRG,k8s容器进程中止,5,0.3,0.2,0.4,198.4
rq1_rca,qwen3.8-27b,aiops2022,V_MRG,node 内存消耗,5,0.0,0.0,0.0,165.6
rq1_rca,qwen3.8-27b,aiops2022,V_MRG,node 磁盘写IO消耗,6,0.3333333333333333,0.3333333333333333,0.3333333333333333,187.33333333333331
rq1_rca,qwen3.8-27b,aiops2022,V_MRG,node 磁盘空间消耗,5,0.44,0.4,0.6,157.2
rq1_rca,qwen3.8-27b,aiops2022,V_MRG,node 磁盘读IO消耗,5,0.2,0.2,0.2,197.6
rq1_rca,qwen3.8-27b,aiops2022,V_MRG,node节点CPU故障,5,0.3,0.2,0.4,198.4
rq1_rca,qwen3.8-27b,aiops2022,V_MRG,node节点CPU爬升,3,0.0,0.0,0.0,174.66666666666666
rq1_rca,qwen3.8-27b,aiops2022,V_MRL,k8s容器cpu负载,9,0.1111111111111111,0.0,0.3333333333333333,156.88888888888889
rq1_rca,qwen3.8-27b,aiops2022,V_MRL,k8s容器内存负载,8,0.0,0.0,0.0,175.75
rq1_rca,qwen3.8-27b,aiops2022,V_MRL,k8s容器写io负载,4,0.0833333333333333,0.0,0.25,164.75
rq1_rca,qwen3.8-27b,aiops2022,V_MRL,k8s容器网络丢包,9,0.2314814814814814,0.1111111111111111,0.4444444444444444,174.0
rq1_rca,qwen3.8-27b,aiops2022,V_MRL,k8s容器网络延迟,10,0.0333333333333333,0.0,0.1,181.4
rq1_rca,qwen3.8-27b,aiops2022,V_MRL,k8s容器网络资源包损坏,10,0.15,0.1,0.2,238.1
rq1_rca,qwen3.8-27b,aiops2022,V_MRL,k8s容器网络资源包重复发送,7,0.2619047619047619,0.1428571428571428,0.4285714285714285,187.7142857142857
rq1_rca,qwen3.8-27b,aiops2022,V_MRL,k8s容器读io负载,9,0.1666666666666666,0.1111111111111111,0.2222222222222222,164.66666666666666
rq1_rca,qwen3.8-27b,aiops2022,V_MRL,k8s容器进程中止,5,0.2,0.2,0.2,204.8
rq1_rca,qwen3.8-27b,aiops2022,V_MRL,node 内存消耗,5,0.0666666666666666,0.0,0.2,176.4
rq1_rca,qwen3.8-27b,aiops2022,V_MRL,node 磁盘写IO消耗,6,0.6666666666666666,0.6666666666666666,0.6666666666666666,185.0
rq1_rca,qwen3.8-27b,aiops2022,V_MRL,node 磁盘空间消耗,5,0.35,0.2,0.6,150.0
rq1_rca,qwen3.8-27b,aiops2022,V_MRL,node 磁盘读IO消耗,5,0.4,0.4,0.4,177.0
rq1_rca,qwen3.8-27b,aiops2022,V_MRL,node节点CPU故障,5,0.3,0.2,0.4,178.8
rq1_rca,qwen3.8-27b,aiops2022,V_MRL,node节点CPU爬升,3,0.1666666666666666,0.0,0.3333333333333333,145.33333333333334
rq1_rca,qwen3.8-27b,aiops2022,V_RG,k8s容器cpu负载,9,0.4814814814814814,0.4444444444444444,0.5555555555555556,177.55555555555554
rq1_rca,qwen3.8-27b,aiops2022,V_RG,k8s容器内存负载,8,0.375,0.25,0.5,166.25
rq1_rca,qwen3.8-27b,aiops2022,V_RG,k8s容器写io负载,4,0.5833333333333334,0.5,0.75,160.0
rq1_rca,qwen3.8-27b,aiops2022,V_RG,k8s容器网络丢包,9,0.1666666666666666,0.1111111111111111,0.2222222222222222,176.11111111111111
rq1_rca,qwen3.8-27b,aiops2022,V_RG,k8s容器网络延迟,10,0.075,0.0,0.2,176.1
rq1_rca,qwen3.8-27b,aiops2022,V_RG,k8s容器网络资源包损坏,10,0.2,0.1,0.3,146.2
rq1_rca,qwen3.8-27b,aiops2022,V_RG,k8s容器网络资源包重复发送,7,0.0833333333333333,0.0,0.2857142857142857,156.57142857142858
rq1_rca,qwen3.8-27b,aiops2022,V_RG,k8s容器读io负载,9,0.2777777777777778,0.1111111111111111,0.4444444444444444,183.66666666666663
rq1_rca,qwen3.8-27b,aiops2022,V_RG,k8s容器进程中止,5,0.4,0.4,0.4,192.6
rq1_rca,qwen3.8-27b,aiops2022,V_RG,node 内存消耗,5,0.2,0.2,0.2,168.6
rq1_rca,qwen3.8-27b,aiops2022,V_RG,node 磁盘写IO消耗,6,0.5,0.5,0.5,157.66666666666666
rq1_rca,qwen3.8-27b,aiops2022,V_RG,node 磁盘空间消耗,5,0.6,0.6,0.6,148.8
rq1_rca,qwen3.8-27b,aiops2022,V_RG,node 磁盘读IO消耗,5,0.2,0.2,0.2,130.0
rq1_rca,qwen3.8-27b,aiops2022,V_RG,node节点CPU故障,5,0.0666666666666666,0.0,0.2,152.6
rq1_rca,qwen3.8-27b,aiops2022,V_RG,node节点CPU爬升,3,0.0,0.0,0.0,205.0
rq1_rca,qwen3.8-27b,aiops2022,V_RL,k8s容器cpu负载,9,0.3333333333333333,0.3333333333333333,0.3333333333333333,173.44444444444446
rq1_rca,qwen3.8-27b,aiops2022,V_RL,k8s容器内存负载,8,0.1666666666666666,0.125,0.25,172.375
rq1_rca,qwen3.8-27b,aiops2022,V_RL,k8s容器写io负载,4,0.4166666666666666,0.25,0.75,166.25
rq1_rca,qwen3.8-27b,aiops2022,V_RL,k8s容器网络丢包,9,0.2037037037037037,0.1111111111111111,0.3333333333333333,172.66666666666666
rq1_rca,qwen3.8-27b,aiops2022,V_RL,k8s容器网络延迟,10,0.0833333333333333,0.0,0.2,165.2
rq1_rca,qwen3.8-27b,aiops2022,V_RL,k8s容器网络资源包损坏,10,0.1,0.1,0.1,158.0
rq1_rca,qwen3.8-27b,aiops2022,V_RL,k8s容器网络资源包重复发送,7,0.2142857142857142,0.1428571428571428,0.2857142857142857,143.14285714285714
rq1_rca,qwen3.8-27b,aiops2022,V_RL,k8s容器读io负载,9,0.1944444444444444,0.1111111111111111,0.3333333333333333,178.66666666666666
rq1_rca,qwen3.8-27b,aiops2022,V_RL,k8s容器进程中止,5,0.1,0.0,0.2,150.2
rq1_rca,qwen3.8-27b,aiops2022,V_RL,node 内存消耗,5,0.1,0.0,0.2,168.6
rq1_rca,qwen3.8-27b,aiops2022,V_RL,node 磁盘写IO消耗,6,0.6666666666666666,0.6666666666666666,0.6666666666666666,150.66666666666666
rq1_rca,qwen3.8-27b,aiops2022,V_RL,node 磁盘空间消耗,5,0.6666666666666666,0.6,0.8,159.0
rq1_rca,qwen3.8-27b,aiops2022,V_RL,node 磁盘读IO消耗,5,0.2666666666666666,0.2,0.4,163.0
rq1_rca,qwen3.8-27b,aiops2022,V_RL,node节点CPU故障,5,0.2,0.2,0.2,145.0
rq1_rca,qwen3.8-27b,aiops2022,V_RL,node节点CPU爬升,3,0.1666666666666666,0.0,0.3333333333333333,166.0
rq1_rca,qwen3.8-27b,aiops2022,V_RLG,k8s容器cpu负载,9,0.5555555555555556,0.5555555555555556,0.5555555555555556,191.77777777777777
rq1_rca,qwen3.8-27b,aiops2022,V_RLG,k8s容器内存负载,8,0.375,0.25,0.5,169.875
rq1_rca,qwen3.8-27b,aiops2022,V_RLG,k8s容器写io负载,4,0.5833333333333334,0.5,0.75,219.5
rq1_rca,qwen3.8-27b,aiops2022,V_RLG,k8s容器网络丢包,9,0.2037037037037037,0.1111111111111111,0.3333333333333333,175.44444444444446
rq1_rca,qwen3.8-27b,aiops2022,V_RLG,k8s容器网络延迟,10,0.075,0.0,0.2,161.6
rq1_rca,qwen3.8-27b,aiops2022,V_RLG,k8s容器网络资源包损坏,10,0.2833333333333333,0.2,0.4,170.0
rq1_rca,qwen3.8-27b,aiops2022,V_RLG,k8s容器网络资源包重复发送,7,0.1428571428571428,0.1428571428571428,0.1428571428571428,156.42857142857142
rq1_rca,qwen3.8-27b,aiops2022,V_RLG,k8s容器读io负载,9,0.4444444444444444,0.3333333333333333,0.5555555555555556,165.55555555555554
rq1_rca,qwen3.8-27b,aiops2022,V_RLG,k8s容器进程中止,5,0.2,0.2,0.2,192.4
rq1_rca,qwen3.8-27b,aiops2022,V_RLG,node 内存消耗,5,0.2,0.2,0.2,160.4
rq1_rca,qwen3.8-27b,aiops2022,V_RLG,node 磁盘写IO消耗,6,0.5,0.5,0.5,162.66666666666666
rq1_rca,qwen3.8-27b,aiops2022,V_RLG,node 磁盘空间消耗,5,0.65,0.6,0.8,168.0
rq1_rca,qwen3.8-27b,aiops2022,V_RLG,node 磁盘读IO消耗,5,0.2666666666666666,0.2,0.4,194.4
rq1_rca,qwen3.8-27b,aiops2022,V_RLG,node节点CPU故障,5,0.1,0.0,0.2,160.4
rq1_rca,qwen3.8-27b,aiops2022,V_RLG,node节点CPU爬升,3,0.0,0.0,0.0,186.33333333333331
rq1_rca,qwen3.8-27b,aiops2025,C,code error,2,0.0,0.0,0.0,149.5
rq1_rca,qwen3.8-27b,aiops2025,C,cpu stress,8,0.2708333333333333,0.125,0.5,139.25
rq1_rca,qwen3.8-27b,aiops2025,C,dns error,5,0.0666666666666666,0.0,0.2,164.2
rq1_rca,qwen3.8-27b,aiops2025,C,io fault,5,0.64,0.4,1.0,183.4
rq1_rca,qwen3.8-27b,aiops2025,C,jvm cpu,3,0.5555555555555555,0.3333333333333333,1.0,182.33333333333331
rq1_rca,qwen3.8-27b,aiops2025,C,jvm exception,5,0.4666666666666666,0.4,0.6,144.2
rq1_rca,qwen3.8-27b,aiops2025,C,jvm gc,2,0.0,0.0,0.0,169.0
rq1_rca,qwen3.8-27b,aiops2025,C,jvm latency,5,0.2,0.2,0.2,182.0
rq1_rca,qwen3.8-27b,aiops2025,C,memory stress,6,0.0833333333333333,0.0,0.1666666666666666,152.33333333333334
rq1_rca,qwen3.8-27b,aiops2025,C,network corrupt,7,0.5952380952380951,0.4285714285714285,0.8571428571428571,154.57142857142858
rq1_rca,qwen3.8-27b,aiops2025,C,network delay,7,0.4047619047619047,0.2857142857142857,0.5714285714285714,169.14285714285714
rq1_rca,qwen3.8-27b,aiops2025,C,network loss,5,0.3666666666666666,0.0,0.8,175.4
rq1_rca,qwen3.8-27b,aiops2025,C,node cpu stress,6,0.0,0.0,0.0,160.33333333333334
rq1_rca,qwen3.8-27b,aiops2025,C,node disk fill,4,0.75,0.75,0.75,172.0
rq1_rca,qwen3.8-27b,aiops2025,C,node memory stress,12,0.0416666666666666,0.0,0.0833333333333333,160.0
rq1_rca,qwen3.8-27b,aiops2025,C,pod failure,13,0.1153846153846153,0.0769230769230769,0.1538461538461538,174.92307692307693
rq1_rca,qwen3.8-27b,aiops2025,C,pod kill,2,0.25,0.0,0.5,134.5
rq1_rca,qwen3.8-27b,aiops2025,C,target port misconfig,3,0.0,0.0,0.0,215.33333333333331
rq1_rca,qwen3.8-27b,aiops2025,H,code error,2,0.0,0.0,0.0,164.0
rq1_rca,qwen3.8-27b,aiops2025,H,cpu stress,8,0.4583333333333333,0.25,0.75,128.25
rq1_rca,qwen3.8-27b,aiops2025,H,dns error,5,0.0666666666666666,0.0,0.2,147.4
rq1_rca,qwen3.8-27b,aiops2025,H,io fault,5,0.35,0.2,0.6,169.0
rq1_rca,qwen3.8-27b,aiops2025,H,jvm cpu,3,0.7777777777777777,0.6666666666666666,1.0,147.33333333333334
rq1_rca,qwen3.8-27b,aiops2025,H,jvm exception,5,0.2666666666666666,0.2,0.4,143.2
rq1_rca,qwen3.8-27b,aiops2025,H,jvm gc,2,0.0,0.0,0.0,229.0
rq1_rca,qwen3.8-27b,aiops2025,H,jvm latency,5,0.6,0.6,0.6,168.8
rq1_rca,qwen3.8-27b,aiops2025,H,memory stress,6,0.0555555555555555,0.0,0.1666666666666666,132.16666666666666
rq1_rca,qwen3.8-27b,aiops2025,H,network corrupt,7,0.4761904761904761,0.2857142857142857,0.7142857142857143,136.42857142857142
rq1_rca,qwen3.8-27b,aiops2025,H,network delay,7,0.5238095238095238,0.4285714285714285,0.7142857142857143,143.42857142857142
rq1_rca,qwen3.8-27b,aiops2025,H,network loss,5,0.5666666666666667,0.4,0.8,176.8
rq1_rca,qwen3.8-27b,aiops2025,H,node cpu stress,6,0.2638888888888889,0.0,0.6666666666666666,171.66666666666666
rq1_rca,qwen3.8-27b,aiops2025,H,node disk fill,4,0.25,0.25,0.25,167.25
rq1_rca,qwen3.8-27b,aiops2025,H,node memory stress,12,0.1944444444444444,0.1666666666666666,0.25,139.41666666666666
rq1_rca,qwen3.8-27b,aiops2025,H,pod failure,13,0.0384615384615384,0.0,0.0769230769230769,145.0
rq1_rca,qwen3.8-27b,aiops2025,H,pod kill,2,0.6666666666666666,0.5,1.0,189.0
rq1_rca,qwen3.8-27b,aiops2025,H,target port misconfig,3,0.0,0.0,0.0,207.33333333333331
rq1_rca,qwen3.8-27b,aiops2025,LV,code error,2,0.0,0.0,0.0,168.5
rq1_rca,qwen3.8-27b,aiops2025,LV,cpu stress,8,0.1875,0.125,0.25,138.25
rq1_rca,qwen3.8-27b,aiops2025,LV,dns error,5,0.0666666666666666,0.0,0.2,174.0
rq1_rca,qwen3.8-27b,aiops2025,LV,io fault,5,0.45,0.2,0.8,203.0
rq1_rca,qwen3.8-27b,aiops2025,LV,jvm cpu,3,0.7777777777777777,0.6666666666666666,1.0,175.33333333333334
rq1_rca,qwen3.8-27b,aiops2025,LV,jvm exception,5,0.4666666666666666,0.4,0.6,160.0
rq1_rca,qwen3.8-27b,aiops2025,LV,jvm gc,2,0.0,0.0,0.0,148.0
rq1_rca,qwen3.8-27b,aiops2025,LV,jvm latency,5,0.4,0.4,0.4,164.0
rq1_rca,qwen3.8-27b,aiops2025,LV,memory stress,6,0.0555555555555555,0.0,0.1666666666666666,170.0
rq1_rca,qwen3.8-27b,aiops2025,LV,network corrupt,7,0.4761904761904761,0.2857142857142857,0.7142857142857143,162.0
rq1_rca,qwen3.8-27b,aiops2025,LV,network delay,7,0.3809523809523809,0.2857142857142857,0.5714285714285714,158.28571428571428
rq1_rca,qwen3.8-27b,aiops2025,LV,network loss,5,0.4166666666666666,0.2,0.8,174.2
rq1_rca,qwen3.8-27b,aiops2025,LV,node cpu stress,6,0.2638888888888889,0.0,0.6666666666666666,173.0
rq1_rca,qwen3.8-27b,aiops2025,LV,node disk fill,4,0.5,0.5,0.5,160.25
rq1_rca,qwen3.8-27b,aiops2025,LV,node memory stress,12,0.1944444444444444,0.1666666666666666,0.25,164.5
rq1_rca,qwen3.8-27b,aiops2025,LV,pod failure,13,0.1025641025641025,0.0769230769230769,0.1538461538461538,145.30769230769232
rq1_rca,qwen3.8-27b,aiops2025,LV,pod kill,2,0.6666666666666666,0.5,1.0,95.5
rq1_rca,qwen3.8-27b,aiops2025,LV,target port misconfig,3,0.0,0.0,0.0,144.33333333333334
rq1_rca,qwen3.8-27b,aiops2025,MV,code error,2,0.0,0.0,0.0,132.0
rq1_rca,qwen3.8-27b,aiops2025,MV,cpu stress,8,0.3333333333333333,0.125,0.625,185.875
rq1_rca,qwen3.8-27b,aiops2025,MV,dns error,5,0.1066666666666666,0.0,0.4,151.2
rq1_rca,qwen3.8-27b,aiops2025,MV,io fault,5,0.3,0.2,0.4,137.6
rq1_rca,qwen3.8-27b,aiops2025,MV,jvm cpu,3,0.7777777777777777,0.6666666666666666,1.0,153.66666666666666
rq1_rca,qwen3.8-27b,aiops2025,MV,jvm exception,5,0.2666666666666666,0.2,0.4,149.4
rq1_rca,qwen3.8-27b,aiops2025,MV,jvm gc,2,0.0,0.0,0.0,205.0
rq1_rca,qwen3.8-27b,aiops2025,MV,jvm latency,5,0.4,0.4,0.4,184.4
rq1_rca,qwen3.8-27b,aiops2025,MV,memory stress,6,0.0555555555555555,0.0,0.1666666666666666,170.83333333333334
rq1_rca,qwen3.8-27b,aiops2025,MV,network corrupt,7,0.4523809523809524,0.2857142857142857,0.7142857142857143,171.0
rq1_rca,qwen3.8-27b,aiops2025,MV,network delay,7,0.4761904761904761,0.4285714285714285,0.5714285714285714,148.42857142857142
rq1_rca,qwen3.8-27b,aiops2025,MV,network loss,5,0.5166666666666666,0.4,0.8,178.8
rq1_rca,qwen3.8-27b,aiops2025,MV,node cpu stress,6,0.3333333333333333,0.1666666666666666,0.5,160.33333333333334
rq1_rca,qwen3.8-27b,aiops2025,MV,node disk fill,4,0.5,0.5,0.5,185.5
rq1_rca,qwen3.8-27b,aiops2025,MV,node memory stress,12,0.1833333333333333,0.1666666666666666,0.25,144.75
rq1_rca,qwen3.8-27b,aiops2025,MV,pod failure,13,0.0384615384615384,0.0,0.0769230769230769,171.30769230769232
rq1_rca,qwen3.8-27b,aiops2025,MV,pod kill,2,0.6666666666666666,0.5,1.0,169.5
rq1_rca,qwen3.8-27b,aiops2025,MV,target port misconfig,3,0.0,0.0,0.0,138.66666666666666
rq1_rca,qwen3.8-27b,aiops2025,S,code error,2,0.0,0.0,0.0,155.5
rq1_rca,qwen3.8-27b,aiops2025,S,cpu stress,8,0.3333333333333333,0.125,0.625,152.625
rq1_rca,qwen3.8-27b,aiops2025,S,dns error,5,0.0,0.0,0.0,154.0
rq1_rca,qwen3.8-27b,aiops2025,S,io fault,5,0.1666666666666666,0.0,0.4,180.0
rq1_rca,qwen3.8-27b,aiops2025,S,jvm cpu,3,0.5555555555555555,0.3333333333333333,1.0,150.0
rq1_rca,qwen3.8-27b,aiops2025,S,jvm exception,5,0.0,0.0,0.0,155.4
rq1_rca,qwen3.8-27b,aiops2025,S,jvm gc,2,0.0,0.0,0.0,124.0
rq1_rca,qwen3.8-27b,aiops2025,S,jvm latency,5,0.0,0.0,0.0,166.6
rq1_rca,qwen3.8-27b,aiops2025,S,memory stress,6,0.1666666666666666,0.1666666666666666,0.1666666666666666,157.33333333333334
rq1_rca,qwen3.8-27b,aiops2025,S,network corrupt,7,0.5476190476190476,0.4285714285714285,0.7142857142857143,132.71428571428572
rq1_rca,qwen3.8-27b,aiops2025,S,network delay,7,0.3809523809523809,0.2857142857142857,0.5714285714285714,130.57142857142858
rq1_rca,qwen3.8-27b,aiops2025,S,network loss,5,0.1666666666666666,0.0,0.4,141.8
rq1_rca,qwen3.8-27b,aiops2025,S,node cpu stress,6,0.1666666666666666,0.1666666666666666,0.1666666666666666,150.0
rq1_rca,qwen3.8-27b,aiops2025,S,node disk fill,4,0.5,0.5,0.5,142.5
rq1_rca,qwen3.8-27b,aiops2025,S,node memory stress,12,0.0,0.0,0.0,147.08333333333334
rq1_rca,qwen3.8-27b,aiops2025,S,pod failure,13,0.1538461538461538,0.1538461538461538,0.1538461538461538,141.84615384615384
rq1_rca,qwen3.8-27b,aiops2025,S,pod kill,2,0.4166666666666666,0.0,1.0,148.5
rq1_rca,qwen3.8-27b,aiops2025,S,target port misconfig,3,0.0,0.0,0.0,150.0
rq1_rca,qwen3.8-27b,aiops2025,T,code error,2,0.0,0.0,0.0,148.5
rq1_rca,qwen3.8-27b,aiops2025,T,cpu stress,8,0.28125,0.125,0.5,136.875
rq1_rca,qwen3.8-27b,aiops2025,T,dns error,5,0.0666666666666666,0.0,0.2,439.2
rq1_rca,qwen3.8-27b,aiops2025,T,io fault,5,0.5666666666666667,0.2,1.0,167.8
rq1_rca,qwen3.8-27b,aiops2025,T,jvm cpu,3,0.611111111111111,0.3333333333333333,1.0,165.0
rq1_rca,qwen3.8-27b,aiops2025,T,jvm exception,5,0.4,0.4,0.4,144.8
rq1_rca,qwen3.8-27b,aiops2025,T,jvm gc,2,0.0,0.0,0.0,142.5
rq1_rca,qwen3.8-27b,aiops2025,T,jvm latency,5,0.0666666666666666,0.0,0.2,170.8
rq1_rca,qwen3.8-27b,aiops2025,T,memory stress,6,0.0555555555555555,0.0,0.1666666666666666,166.33333333333334
rq1_rca,qwen3.8-27b,aiops2025,T,network corrupt,7,0.3571428571428571,0.1428571428571428,0.7142857142857143,170.71428571428572
rq1_rca,qwen3.8-27b,aiops2025,T,network delay,7,0.3809523809523809,0.2857142857142857,0.5714285714285714,162.0
rq1_rca,qwen3.8-27b,aiops2025,T,network loss,5,0.3166666666666666,0.0,0.8,164.2
rq1_rca,qwen3.8-27b,aiops2025,T,node cpu stress,6,0.0,0.0,0.0,168.0
rq1_rca,qwen3.8-27b,aiops2025,T,node disk fill,4,0.5,0.25,0.75,150.75
rq1_rca,qwen3.8-27b,aiops2025,T,node memory stress,12,0.0999999999999999,0.0833333333333333,0.1666666666666666,162.91666666666666
rq1_rca,qwen3.8-27b,aiops2025,T,pod failure,13,0.0,0.0,0.0,152.6153846153846
rq1_rca,qwen3.8-27b,aiops2025,T,pod kill,2,0.25,0.0,0.5,174.5
rq1_rca,qwen3.8-27b,aiops2025,T,target port misconfig,3,0.0,0.0,0.0,173.33333333333334
rq1_rca,qwen3.8-27b,aiops2025,TCV,code error,2,0.0,0.0,0.0,171.0
rq1_rca,qwen3.8-27b,aiops2025,TCV,cpu stress,8,0.125,0.125,0.125,154.375
rq1_rca,qwen3.8-27b,aiops2025,TCV,dns error,5,0.1,0.0,0.2,164.6
rq1_rca,qwen3.8-27b,aiops2025,TCV,io fault,5,0.45,0.2,0.8,174.2
rq1_rca,qwen3.8-27b,aiops2025,TCV,jvm cpu,3,0.6666666666666666,0.6666666666666666,0.6666666666666666,171.0
rq1_rca,qwen3.8-27b,aiops2025,TCV,jvm exception,5,0.2666666666666666,0.2,0.4,186.2
rq1_rca,qwen3.8-27b,aiops2025,TCV,jvm gc,2,0.0,0.0,0.0,194.0
rq1_rca,qwen3.8-27b,aiops2025,TCV,jvm latency,5,0.05,0.0,0.2,166.4
rq1_rca,qwen3.8-27b,aiops2025,TCV,memory stress,6,0.0833333333333333,0.0,0.1666666666666666,180.0
rq1_rca,qwen3.8-27b,aiops2025,TCV,network corrupt,7,0.5476190476190476,0.4285714285714285,0.7142857142857143,178.42857142857142
rq1_rca,qwen3.8-27b,aiops2025,TCV,network delay,7,0.3809523809523809,0.2857142857142857,0.5714285714285714,150.0
rq1_rca,qwen3.8-27b,aiops2025,TCV,network loss,5,0.3066666666666666,0.2,0.6,160.4
rq1_rca,qwen3.8-27b,aiops2025,TCV,node cpu stress,6,0.25,0.1666666666666666,0.3333333333333333,183.83333333333331
rq1_rca,qwen3.8-27b,aiops2025,TCV,node disk fill,4,0.25,0.25,0.25,149.25
rq1_rca,qwen3.8-27b,aiops2025,TCV,node memory stress,12,0.1944444444444444,0.1666666666666666,0.25,157.41666666666666
rq1_rca,qwen3.8-27b,aiops2025,TCV,pod failure,13,0.1025641025641025,0.0769230769230769,0.1538461538461538,151.07692307692307
rq1_rca,qwen3.8-27b,aiops2025,TCV,pod kill,2,0.5,0.5,0.5,187.5
rq1_rca,qwen3.8-27b,aiops2025,TCV,target port misconfig,3,0.0,0.0,0.0,169.66666666666666
rq1_rca,qwen3.8-27b,aiops2025,TPV,code error,2,0.0,0.0,0.0,143.5
rq1_rca,qwen3.8-27b,aiops2025,TPV,cpu stress,8,0.4375,0.375,0.5,175.5
rq1_rca,qwen3.8-27b,aiops2025,TPV,dns error,5,0.1,0.0,0.2,198.2
rq1_rca,qwen3.8-27b,aiops2025,TPV,io fault,5,0.7,0.6,0.8,157.6
rq1_rca,qwen3.8-27b,aiops2025,TPV,jvm cpu,3,1.0,1.0,1.0,148.66666666666666
rq1_rca,qwen3.8-27b,aiops2025,TPV,jvm exception,5,0.3,0.2,0.4,162.4
rq1_rca,qwen3.8-27b,aiops2025,TPV,jvm gc,2,0.0,0.0,0.0,136.5
rq1_rca,qwen3.8-27b,aiops2025,TPV,jvm latency,5,0.6666666666666666,0.6,0.8,147.2
rq1_rca,qwen3.8-27b,aiops2025,TPV,memory stress,6,0.0555555555555555,0.0,0.1666666666666666,159.83333333333334
rq1_rca,qwen3.8-27b,aiops2025,TPV,network corrupt,7,0.8333333333333333,0.7142857142857143,1.0,166.71428571428572
rq1_rca,qwen3.8-27b,aiops2025,TPV,network delay,7,0.5476190476190476,0.4285714285714285,0.7142857142857143,146.0
rq1_rca,qwen3.8-27b,aiops2025,TPV,network loss,5,0.8,0.8,0.8,193.6
rq1_rca,qwen3.8-27b,aiops2025,TPV,node cpu stress,6,0.0833333333333333,0.0,0.1666666666666666,164.0
rq1_rca,qwen3.8-27b,aiops2025,TPV,node disk fill,4,0.25,0.25,0.25,140.5
rq1_rca,qwen3.8-27b,aiops2025,TPV,node memory stress,12,0.0833333333333333,0.0833333333333333,0.0833333333333333,168.33333333333334
rq1_rca,qwen3.8-27b,aiops2025,TPV,pod failure,13,0.1153846153846153,0.0769230769230769,0.1538461538461538,162.07692307692307
rq1_rca,qwen3.8-27b,aiops2025,TPV,pod kill,2,0.1666666666666666,0.0,0.5,145.5
rq1_rca,qwen3.8-27b,aiops2025,TPV,target port misconfig,3,0.0,0.0,0.0,181.0
rq1_rca,qwen3.8-27b,aiops2025,V,code error,2,0.0,0.0,0.0,142.0
rq1_rca,qwen3.8-27b,aiops2025,V,cpu stress,8,0.0,0.0,0.0,185.25
rq1_rca,qwen3.8-27b,aiops2025,V,dns error,5,0.0666666666666666,0.0,0.2,191.8
rq1_rca,qwen3.8-27b,aiops2025,V,io fault,5,0.2,0.0,0.4,179.6
rq1_rca,qwen3.8-27b,aiops2025,V,jvm cpu,3,0.8333333333333334,0.6666666666666666,1.0,163.33333333333334
rq1_rca,qwen3.8-27b,aiops2025,V,jvm exception,5,0.2,0.2,0.2,163.6
rq1_rca,qwen3.8-27b,aiops2025,V,jvm gc,2,0.0,0.0,0.0,189.5
rq1_rca,qwen3.8-27b,aiops2025,V,jvm latency,5,0.2,0.0,0.4,173.8
rq1_rca,qwen3.8-27b,aiops2025,V,memory stress,6,0.0555555555555555,0.0,0.1666666666666666,211.83333333333331
rq1_rca,qwen3.8-27b,aiops2025,V,network corrupt,7,0.619047619047619,0.4285714285714285,0.8571428571428571,140.85714285714286
rq1_rca,qwen3.8-27b,aiops2025,V,network delay,7,0.2857142857142857,0.2857142857142857,0.2857142857142857,180.7142857142857
rq1_rca,qwen3.8-27b,aiops2025,V,network loss,5,0.6333333333333333,0.4,1.0,188.6
rq1_rca,qwen3.8-27b,aiops2025,V,node cpu stress,6,0.125,0.0,0.3333333333333333,181.5
rq1_rca,qwen3.8-27b,aiops2025,V,node disk fill,4,0.25,0.25,0.25,176.75
rq1_rca,qwen3.8-27b,aiops2025,V,node memory stress,12,0.0833333333333333,0.0833333333333333,0.0833333333333333,185.25
rq1_rca,qwen3.8-27b,aiops2025,V,pod failure,13,0.0,0.0,0.0,149.23076923076923
rq1_rca,qwen3.8-27b,aiops2025,V,pod kill,2,0.125,0.0,0.5,169.0
rq1_rca,qwen3.8-27b,aiops2025,V,target port misconfig,3,0.0,0.0,0.0,184.33333333333331
rq1_rca,qwen3.8-27b,aiops2025,V_LG,code error,2,0.0,0.0,0.0,157.0
rq1_rca,qwen3.8-27b,aiops2025,V_LG,cpu stress,8,0.5875,0.5,0.75,162.5
rq1_rca,qwen3.8-27b,aiops2025,V_LG,dns error,5,0.1,0.0,0.2,176.0
rq1_rca,qwen3.8-27b,aiops2025,V_LG,io fault,5,0.7,0.6,0.8,150.2
rq1_rca,qwen3.8-27b,aiops2025,V_LG,jvm cpu,3,1.0,1.0,1.0,167.33333333333334
rq1_rca,qwen3.8-27b,aiops2025,V_LG,jvm exception,5,0.2,0.2,0.2,154.6
rq1_rca,qwen3.8-27b,aiops2025,V_LG,jvm gc,2,0.0,0.0,0.0,176.5
rq1_rca,qwen3.8-27b,aiops2025,V_LG,jvm latency,5,0.6666666666666666,0.6,0.8,204.0
rq1_rca,qwen3.8-27b,aiops2025,V_LG,memory stress,6,0.0555555555555555,0.0,0.1666666666666666,196.0
rq1_rca,qwen3.8-27b,aiops2025,V_LG,network corrupt,7,0.9047619047619048,0.8571428571428571,1.0,170.71428571428572
rq1_rca,qwen3.8-27b,aiops2025,V_LG,network delay,7,0.5238095238095238,0.4285714285714285,0.7142857142857143,155.14285714285714
rq1_rca,qwen3.8-27b,aiops2025,V_LG,network loss,5,0.7,0.6,0.8,166.8
rq1_rca,qwen3.8-27b,aiops2025,V_LG,node cpu stress,6,0.0833333333333333,0.0,0.1666666666666666,163.66666666666666
rq1_rca,qwen3.8-27b,aiops2025,V_LG,node disk fill,4,0.25,0.25,0.25,168.25
rq1_rca,qwen3.8-27b,aiops2025,V_LG,node memory stress,12,0.1666666666666666,0.1666666666666666,0.1666666666666666,171.83333333333334
rq1_rca,qwen3.8-27b,aiops2025,V_LG,pod failure,13,0.1538461538461538,0.1538461538461538,0.1538461538461538,177.23076923076923
rq1_rca,qwen3.8-27b,aiops2025,V_LG,pod kill,2,0.6666666666666666,0.5,1.0,176.0
rq1_rca,qwen3.8-27b,aiops2025,V_LG,target port misconfig,3,0.0,0.0,0.0,150.66666666666666
rq1_rca,qwen3.8-27b,aiops2025,V_MG,code error,2,0.0,0.0,0.0,150.5
rq1_rca,qwen3.8-27b,aiops2025,V_MG,cpu stress,8,0.625,0.5,0.75,180.0
rq1_rca,qwen3.8-27b,aiops2025,V_MG,dns error,5,0.2,0.0,0.4,208.4
rq1_rca,qwen3.8-27b,aiops2025,V_MG,io fault,5,0.3,0.2,0.4,188.2
rq1_rca,qwen3.8-27b,aiops2025,V_MG,jvm cpu,3,1.0,1.0,1.0,191.66666666666663
rq1_rca,qwen3.8-27b,aiops2025,V_MG,jvm exception,5,0.2,0.2,0.2,173.4
rq1_rca,qwen3.8-27b,aiops2025,V_MG,jvm gc,2,0.0,0.0,0.0,154.5
rq1_rca,qwen3.8-27b,aiops2025,V_MG,jvm latency,5,0.6,0.6,0.6,162.4
rq1_rca,qwen3.8-27b,aiops2025,V_MG,memory stress,6,0.0,0.0,0.0,174.33333333333334
rq1_rca,qwen3.8-27b,aiops2025,V_MG,network corrupt,7,0.5714285714285714,0.4285714285714285,0.7142857142857143,181.0
rq1_rca,qwen3.8-27b,aiops2025,V_MG,network delay,7,0.5238095238095238,0.4285714285714285,0.7142857142857143,162.71428571428572
rq1_rca,qwen3.8-27b,aiops2025,V_MG,network loss,5,0.8,0.6,1.0,171.4
rq1_rca,qwen3.8-27b,aiops2025,V_MG,node cpu stress,6,0.2916666666666667,0.1666666666666666,0.5,147.33333333333334
rq1_rca,qwen3.8-27b,aiops2025,V_MG,node disk fill,4,0.25,0.25,0.25,191.25
rq1_rca,qwen3.8-27b,aiops2025,V_MG,node memory stress,12,0.1666666666666666,0.1666666666666666,0.1666666666666666,159.08333333333334
rq1_rca,qwen3.8-27b,aiops2025,V_MG,pod failure,13,0.0,0.0,0.0,172.0
rq1_rca,qwen3.8-27b,aiops2025,V_MG,pod kill,2,0.375,0.0,1.0,192.5
rq1_rca,qwen3.8-27b,aiops2025,V_MG,target port misconfig,3,0.0,0.0,0.0,152.66666666666666
rq1_rca,qwen3.8-27b,aiops2025,V_ML,code error,2,0.0,0.0,0.0,133.0
rq1_rca,qwen3.8-27b,aiops2025,V_ML,cpu stress,8,0.2708333333333333,0.125,0.5,150.125
rq1_rca,qwen3.8-27b,aiops2025,V_ML,dns error,5,0.0666666666666666,0.0,0.2,224.6
rq1_rca,qwen3.8-27b,aiops2025,V_ML,io fault,5,0.3666666666666666,0.2,0.6,160.8
rq1_rca,qwen3.8-27b,aiops2025,V_ML,jvm cpu,3,0.7777777777777777,0.6666666666666666,1.0,110.0
rq1_rca,qwen3.8-27b,aiops2025,V_ML,jvm exception,5,0.3333333333333333,0.2,0.6,153.4
rq1_rca,qwen3.8-27b,aiops2025,V_ML,jvm gc,2,0.0,0.0,0.0,175.5
rq1_rca,qwen3.8-27b,aiops2025,V_ML,jvm latency,5,0.4,0.4,0.4,185.6
rq1_rca,qwen3.8-27b,aiops2025,V_ML,memory stress,6,0.0555555555555555,0.0,0.1666666666666666,166.66666666666666
rq1_rca,qwen3.8-27b,aiops2025,V_ML,network corrupt,7,0.4523809523809524,0.2857142857142857,0.7142857142857143,168.0
rq1_rca,qwen3.8-27b,aiops2025,V_ML,network delay,7,0.3333333333333333,0.2857142857142857,0.4285714285714285,154.42857142857142
rq1_rca,qwen3.8-27b,aiops2025,V_ML,network loss,5,0.6066666666666667,0.4,1.0,161.6
rq1_rca,qwen3.8-27b,aiops2025,V_ML,node cpu stress,6,0.2638888888888889,0.0,0.6666666666666666,168.0
rq1_rca,qwen3.8-27b,aiops2025,V_ML,node disk fill,4,0.25,0.25,0.25,167.25
rq1_rca,qwen3.8-27b,aiops2025,V_ML,node memory stress,12,0.2083333333333333,0.1666666666666666,0.25,162.08333333333334
rq1_rca,qwen3.8-27b,aiops2025,V_ML,pod failure,13,0.0641025641025641,0.0,0.1538461538461538,177.92307692307693
rq1_rca,qwen3.8-27b,aiops2025,V_ML,pod kill,2,0.6666666666666666,0.5,1.0,184.5
rq1_rca,qwen3.8-27b,aiops2025,V_ML,target port misconfig,3,0.0,0.0,0.0,163.33333333333334
rq1_rca,qwen3.8-27b,aiops2025,V_MLG,code error,2,0.0,0.0,0.0,185.0
rq1_rca,qwen3.8-27b,aiops2025,V_MLG,cpu stress,8,0.3333333333333333,0.25,0.5,164.0
rq1_rca,qwen3.8-27b,aiops2025,V_MLG,dns error,5,0.1,0.0,0.2,171.4
rq1_rca,qwen3.8-27b,aiops2025,V_MLG,io fault,5,0.3,0.2,0.4,162.8
rq1_rca,qwen3.8-27b,aiops2025,V_MLG,jvm cpu,3,0.7777777777777777,0.6666666666666666,1.0,184.66666666666663
rq1_rca,qwen3.8-27b,aiops2025,V_MLG,jvm exception,5,0.2,0.2,0.2,177.0
rq1_rca,qwen3.8-27b,aiops2025,V_MLG,jvm gc,2,0.0,0.0,0.0,180.5
rq1_rca,qwen3.8-27b,aiops2025,V_MLG,jvm latency,5,0.6,0.6,0.6,185.0
rq1_rca,qwen3.8-27b,aiops2025,V_MLG,memory stress,6,0.0555555555555555,0.0,0.1666666666666666,174.66666666666666
rq1_rca,qwen3.8-27b,aiops2025,V_MLG,network corrupt,7,0.6428571428571429,0.5714285714285714,0.7142857142857143,174.28571428571428
rq1_rca,qwen3.8-27b,aiops2025,V_MLG,network delay,7,0.5,0.4285714285714285,0.5714285714285714,187.28571428571428
rq1_rca,qwen3.8-27b,aiops2025,V_MLG,network loss,5,0.7666666666666666,0.6,1.0,162.4
rq1_rca,qwen3.8-27b,aiops2025,V_MLG,node cpu stress,6,0.25,0.1666666666666666,0.3333333333333333,185.66666666666663
rq1_rca,qwen3.8-27b,aiops2025,V_MLG,node disk fill,4,0.25,0.25,0.25,155.25
rq1_rca,qwen3.8-27b,aiops2025,V_MLG,node memory stress,12,0.0833333333333333,0.0833333333333333,0.0833333333333333,185.0
rq1_rca,qwen3.8-27b,aiops2025,V_MLG,pod failure,13,0.0384615384615384,0.0,0.0769230769230769,190.3846153846154
rq1_rca,qwen3.8-27b,aiops2025,V_MLG,pod kill,2,0.1666666666666666,0.0,0.5,187.5
rq1_rca,qwen3.8-27b,aiops2025,V_MLG,target port misconfig,3,0.0,0.0,0.0,179.0
rq1_rca,qwen3.8-27b,aiops2025,V_MR,code error,2,0.0,0.0,0.0,168.0
rq1_rca,qwen3.8-27b,aiops2025,V_MR,cpu stress,8,0.2291666666666666,0.125,0.375,149.75
rq1_rca,qwen3.8-27b,aiops2025,V_MR,dns error,5,0.0666666666666666,0.0,0.2,167.6
rq1_rca,qwen3.8-27b,aiops2025,V_MR,io fault,5,0.2166666666666666,0.0,0.6,152.2
rq1_rca,qwen3.8-27b,aiops2025,V_MR,jvm cpu,3,0.7777777777777777,0.6666666666666666,1.0,200.0
rq1_rca,qwen3.8-27b,aiops2025,V_MR,jvm exception,5,0.2666666666666666,0.2,0.4,162.6
rq1_rca,qwen3.8-27b,aiops2025,V_MR,jvm gc,2,0.0,0.0,0.0,170.5
rq1_rca,qwen3.8-27b,aiops2025,V_MR,jvm latency,5,0.0,0.0,0.0,163.2
rq1_rca,qwen3.8-27b,aiops2025,V_MR,memory stress,6,0.1111111111111111,0.0,0.3333333333333333,148.0
rq1_rca,qwen3.8-27b,aiops2025,V_MR,network corrupt,7,0.5238095238095238,0.4285714285714285,0.7142857142857143,183.57142857142856
rq1_rca,qwen3.8-27b,aiops2025,V_MR,network delay,7,0.2857142857142857,0.2857142857142857,0.2857142857142857,148.85714285714286
rq1_rca,qwen3.8-27b,aiops2025,V_MR,network loss,5,0.8,0.8,0.8,153.6
rq1_rca,qwen3.8-27b,aiops2025,V_MR,node cpu stress,6,0.25,0.1666666666666666,0.3333333333333333,156.16666666666666
rq1_rca,qwen3.8-27b,aiops2025,V_MR,node disk fill,4,0.25,0.25,0.25,157.25
rq1_rca,qwen3.8-27b,aiops2025,V_MR,node memory stress,12,0.2083333333333333,0.1666666666666666,0.25,170.91666666666666
rq1_rca,qwen3.8-27b,aiops2025,V_MR,pod failure,13,0.0384615384615384,0.0,0.0769230769230769,185.15384615384616
rq1_rca,qwen3.8-27b,aiops2025,V_MR,pod kill,2,0.25,0.0,0.5,193.5
rq1_rca,qwen3.8-27b,aiops2025,V_MR,target port misconfig,3,0.0,0.0,0.0,209.33333333333331
rq1_rca,qwen3.8-27b,aiops2025,V_MRG,code error,2,0.0,0.0,0.0,150.5
rq1_rca,qwen3.8-27b,aiops2025,V_MRG,cpu stress,8,0.1041666666666666,0.0,0.25,181.5
rq1_rca,qwen3.8-27b,aiops2025,V_MRG,dns error,5,0.0666666666666666,0.0,0.2,208.2
rq1_rca,qwen3.8-27b,aiops2025,V_MRG,io fault,5,0.3,0.2,0.4,191.8
rq1_rca,qwen3.8-27b,aiops2025,V_MRG,jvm cpu,3,0.8333333333333334,0.6666666666666666,1.0,157.0
rq1_rca,qwen3.8-27b,aiops2025,V_MRG,jvm exception,5,0.2,0.2,0.2,232.4
rq1_rca,qwen3.8-27b,aiops2025,V_MRG,jvm gc,2,0.0,0.0,0.0,175.0
rq1_rca,qwen3.8-27b,aiops2025,V_MRG,jvm latency,5,0.4,0.2,0.6,168.0
rq1_rca,qwen3.8-27b,aiops2025,V_MRG,memory stress,6,0.0555555555555555,0.0,0.1666666666666666,191.5
rq1_rca,qwen3.8-27b,aiops2025,V_MRG,network corrupt,7,0.738095238095238,0.5714285714285714,1.0,170.0
rq1_rca,qwen3.8-27b,aiops2025,V_MRG,network delay,7,0.5238095238095238,0.4285714285714285,0.7142857142857143,178.28571428571428
rq1_rca,qwen3.8-27b,aiops2025,V_MRG,network loss,5,0.6666666666666666,0.4,1.0,166.8
rq1_rca,qwen3.8-27b,aiops2025,V_MRG,node cpu stress,6,0.0833333333333333,0.0,0.1666666666666666,143.83333333333334
rq1_rca,qwen3.8-27b,aiops2025,V_MRG,node disk fill,4,0.25,0.25,0.25,207.5
rq1_rca,qwen3.8-27b,aiops2025,V_MRG,node memory stress,12,0.1666666666666666,0.1666666666666666,0.1666666666666666,171.08333333333334
rq1_rca,qwen3.8-27b,aiops2025,V_MRG,pod failure,13,0.0256410256410256,0.0,0.0769230769230769,181.15384615384616
rq1_rca,qwen3.8-27b,aiops2025,V_MRG,pod kill,2,0.25,0.0,0.5,164.5
rq1_rca,qwen3.8-27b,aiops2025,V_MRG,target port misconfig,3,0.0,0.0,0.0,181.0
rq1_rca,qwen3.8-27b,aiops2025,V_MRL,code error,2,0.0,0.0,0.0,254.0
rq1_rca,qwen3.8-27b,aiops2025,V_MRL,cpu stress,8,0.15,0.125,0.25,163.625
rq1_rca,qwen3.8-27b,aiops2025,V_MRL,dns error,5,0.0666666666666666,0.0,0.2,176.2
rq1_rca,qwen3.8-27b,aiops2025,V_MRL,io fault,5,0.2166666666666666,0.0,0.6,182.8
rq1_rca,qwen3.8-27b,aiops2025,V_MRL,jvm cpu,3,0.4444444444444444,0.3333333333333333,0.6666666666666666,176.33333333333334
rq1_rca,qwen3.8-27b,aiops2025,V_MRL,jvm exception,5,0.2,0.2,0.2,195.6
rq1_rca,qwen3.8-27b,aiops2025,V_MRL,jvm gc,2,0.0,0.0,0.0,213.0
rq1_rca,qwen3.8-27b,aiops2025,V_MRL,jvm latency,5,0.0,0.0,0.0,154.0
rq1_rca,qwen3.8-27b,aiops2025,V_MRL,memory stress,6,0.1111111111111111,0.0,0.3333333333333333,174.33333333333334
rq1_rca,qwen3.8-27b,aiops2025,V_MRL,network corrupt,7,0.5,0.2857142857142857,0.8571428571428571,171.85714285714286
rq1_rca,qwen3.8-27b,aiops2025,V_MRL,network delay,7,0.3333333333333333,0.2857142857142857,0.4285714285714285,162.0
rq1_rca,qwen3.8-27b,aiops2025,V_MRL,network loss,5,0.4166666666666666,0.0,1.0,235.4
rq1_rca,qwen3.8-27b,aiops2025,V_MRL,node cpu stress,6,0.3333333333333333,0.1666666666666666,0.5,173.83333333333334
rq1_rca,qwen3.8-27b,aiops2025,V_MRL,node disk fill,4,0.5,0.5,0.5,169.0
rq1_rca,qwen3.8-27b,aiops2025,V_MRL,node memory stress,12,0.125,0.0833333333333333,0.1666666666666666,179.66666666666666
rq1_rca,qwen3.8-27b,aiops2025,V_MRL,pod failure,13,0.0641025641025641,0.0,0.1538461538461538,162.15384615384616
rq1_rca,qwen3.8-27b,aiops2025,V_MRL,pod kill,2,0.5,0.5,0.5,146.5
rq1_rca,qwen3.8-27b,aiops2025,V_MRL,target port misconfig,3,0.0,0.0,0.0,172.33333333333334
rq1_rca,qwen3.8-27b,aiops2025,V_RG,code error,2,0.0,0.0,0.0,162.5
rq1_rca,qwen3.8-27b,aiops2025,V_RG,cpu stress,8,0.2291666666666666,0.0,0.5,170.375
rq1_rca,qwen3.8-27b,aiops2025,V_RG,dns error,5,0.1,0.0,0.2,202.6
rq1_rca,qwen3.8-27b,aiops2025,V_RG,io fault,5,0.7666666666666666,0.6,1.0,150.8
rq1_rca,qwen3.8-27b,aiops2025,V_RG,jvm cpu,3,0.7777777777777778,0.6666666666666666,1.0,179.33333333333334
rq1_rca,qwen3.8-27b,aiops2025,V_RG,jvm exception,5,0.4,0.4,0.4,168.8
rq1_rca,qwen3.8-27b,aiops2025,V_RG,jvm gc,2,0.0,0.0,0.0,128.5
rq1_rca,qwen3.8-27b,aiops2025,V_RG,jvm latency,5,0.5666666666666667,0.4,0.8,185.0
rq1_rca,qwen3.8-27b,aiops2025,V_RG,memory stress,6,0.0555555555555555,0.0,0.1666666666666666,156.0
rq1_rca,qwen3.8-27b,aiops2025,V_RG,network corrupt,7,0.7619047619047619,0.5714285714285714,1.0,157.28571428571428
rq1_rca,qwen3.8-27b,aiops2025,V_RG,network delay,7,0.4047619047619047,0.2857142857142857,0.5714285714285714,167.85714285714286
rq1_rca,qwen3.8-27b,aiops2025,V_RG,network loss,5,0.6,0.4,0.8,179.8
rq1_rca,qwen3.8-27b,aiops2025,V_RG,node cpu stress,6,0.0833333333333333,0.0,0.1666666666666666,177.16666666666666
rq1_rca,qwen3.8-27b,aiops2025,V_RG,node disk fill,4,0.375,0.25,0.5,166.0
rq1_rca,qwen3.8-27b,aiops2025,V_RG,node memory stress,12,0.0833333333333333,0.0833333333333333,0.0833333333333333,161.91666666666666
rq1_rca,qwen3.8-27b,aiops2025,V_RG,pod failure,13,0.0769230769230769,0.0769230769230769,0.0769230769230769,176.84615384615384
rq1_rca,qwen3.8-27b,aiops2025,V_RG,pod kill,2,0.1666666666666666,0.0,0.5,160.0
rq1_rca,qwen3.8-27b,aiops2025,V_RG,target port misconfig,3,0.0,0.0,0.0,193.0
rq1_rca,qwen3.8-27b,aiops2025,V_RL,code error,2,0.0,0.0,0.0,112.5
rq1_rca,qwen3.8-27b,aiops2025,V_RL,cpu stress,8,0.1666666666666666,0.125,0.25,151.25
rq1_rca,qwen3.8-27b,aiops2025,V_RL,dns error,5,0.1,0.0,0.2,158.6
rq1_rca,qwen3.8-27b,aiops2025,V_RL,io fault,5,0.45,0.2,0.8,174.2
rq1_rca,qwen3.8-27b,aiops2025,V_RL,jvm cpu,3,0.6666666666666666,0.6666666666666666,0.6666666666666666,144.33333333333334
rq1_rca,qwen3.8-27b,aiops2025,V_RL,jvm exception,5,0.4,0.4,0.4,134.0
rq1_rca,qwen3.8-27b,aiops2025,V_RL,jvm gc,2,0.0,0.0,0.0,158.0
rq1_rca,qwen3.8-27b,aiops2025,V_RL,jvm latency,5,0.0,0.0,0.0,177.8
rq1_rca,qwen3.8-27b,aiops2025,V_RL,memory stress,6,0.0555555555555555,0.0,0.1666666666666666,146.16666666666666
rq1_rca,qwen3.8-27b,aiops2025,V_RL,network corrupt,7,0.5476190476190476,0.4285714285714285,0.7142857142857143,154.14285714285714
rq1_rca,qwen3.8-27b,aiops2025,V_RL,network delay,7,0.3809523809523809,0.2857142857142857,0.5714285714285714,164.71428571428572
rq1_rca,qwen3.8-27b,aiops2025,V_RL,network loss,5,0.2666666666666666,0.2,0.4,175.2
rq1_rca,qwen3.8-27b,aiops2025,V_RL,node cpu stress,6,0.1666666666666666,0.0,0.3333333333333333,144.5
rq1_rca,qwen3.8-27b,aiops2025,V_RL,node disk fill,4,0.5,0.5,0.5,148.25
rq1_rca,qwen3.8-27b,aiops2025,V_RL,node memory stress,12,0.1944444444444444,0.1666666666666666,0.25,167.91666666666666
rq1_rca,qwen3.8-27b,aiops2025,V_RL,pod failure,13,0.1025641025641025,0.0769230769230769,0.1538461538461538,169.92307692307693
rq1_rca,qwen3.8-27b,aiops2025,V_RL,pod kill,2,0.5,0.5,0.5,211.0
rq1_rca,qwen3.8-27b,aiops2025,V_RL,target port misconfig,3,0.0,0.0,0.0,192.33333333333331
rq1_rca,qwen3.8-27b,aiops2025,V_RLG,code error,2,0.0,0.0,0.0,183.5
rq1_rca,qwen3.8-27b,aiops2025,V_RLG,cpu stress,8,0.1041666666666666,0.0,0.25,172.125
rq1_rca,qwen3.8-27b,aiops2025,V_RLG,dns error,5,0.1399999999999999,0.0,0.4,200.2
rq1_rca,qwen3.8-27b,aiops2025,V_RLG,io fault,5,0.5,0.4,0.6,175.2
rq1_rca,qwen3.8-27b,aiops2025,V_RLG,jvm cpu,3,1.0,1.0,1.0,150.0
rq1_rca,qwen3.8-27b,aiops2025,V_RLG,jvm exception,5,0.4,0.4,0.4,153.2
rq1_rca,qwen3.8-27b,aiops2025,V_RLG,jvm gc,2,0.0,0.0,0.0,183.5
rq1_rca,qwen3.8-27b,aiops2025,V_RLG,jvm latency,5,0.2666666666666666,0.0,0.6,176.8
rq1_rca,qwen3.8-27b,aiops2025,V_RLG,memory stress,6,0.0555555555555555,0.0,0.1666666666666666,151.33333333333334
rq1_rca,qwen3.8-27b,aiops2025,V_RLG,network corrupt,7,0.5476190476190476,0.2857142857142857,0.8571428571428571,183.8571428571429
rq1_rca,qwen3.8-27b,aiops2025,V_RLG,network delay,7,0.4047619047619047,0.2857142857142857,0.5714285714285714,163.0
rq1_rca,qwen3.8-27b,aiops2025,V_RLG,network loss,5,0.6,0.4,0.8,177.8
rq1_rca,qwen3.8-27b,aiops2025,V_RLG,node cpu stress,6,0.0833333333333333,0.0,0.1666666666666666,179.66666666666666
rq1_rca,qwen3.8-27b,aiops2025,V_RLG,node disk fill,4,0.25,0.25,0.25,183.25
rq1_rca,qwen3.8-27b,aiops2025,V_RLG,node memory stress,12,0.0833333333333333,0.0833333333333333,0.0833333333333333,166.5
rq1_rca,qwen3.8-27b,aiops2025,V_RLG,pod failure,13,0.0769230769230769,0.0769230769230769,0.0769230769230769,155.69230769230768
rq1_rca,qwen3.8-27b,aiops2025,V_RLG,pod kill,2,0.1666666666666666,0.0,0.5,174.5
rq1_rca,qwen3.8-27b,aiops2025,V_RLG,target port misconfig,3,0.0,0.0,0.0,168.33333333333334
rq1_rca,qwen3.8-27b,re2_ob,C,cpu,15,0.7944444444444444,0.6666666666666666,1.0,151.26666666666668
rq1_rca,qwen3.8-27b,re2_ob,C,delay,15,0.7722222222222223,0.6,1.0,161.53333333333333
rq1_rca,qwen3.8-27b,re2_ob,C,disk,15,0.888888888888889,0.8,1.0,151.66666666666666
rq1_rca,qwen3.8-27b,re2_ob,C,loss,15,0.7444444444444444,0.6,0.9333333333333332,153.86666666666667
rq1_rca,qwen3.8-27b,re2_ob,C,mem,15,0.9666666666666668,0.9333333333333332,1.0,155.0
rq1_rca,qwen3.8-27b,re2_ob,C,socket,15,0.9,0.8,1.0,154.6
rq1_rca,qwen3.8-27b,re2_ob,H,cpu,15,0.8222222222222223,0.7333333333333333,0.9333333333333332,157.06666666666666
rq1_rca,qwen3.8-27b,re2_ob,H,delay,15,0.65,0.4,0.9333333333333332,166.73333333333332
rq1_rca,qwen3.8-27b,re2_ob,H,disk,15,0.9,0.8666666666666667,0.9333333333333332,142.2
rq1_rca,qwen3.8-27b,re2_ob,H,loss,15,0.6333333333333333,0.4666666666666667,0.8666666666666667,147.8
rq1_rca,qwen3.8-27b,re2_ob,H,mem,15,0.8666666666666667,0.8,0.9333333333333332,150.93333333333334
rq1_rca,qwen3.8-27b,re2_ob,H,socket,15,0.888888888888889,0.8,1.0,161.66666666666666
rq1_rca,qwen3.8-27b,re2_ob,LV,cpu,15,0.888888888888889,0.8,1.0,186.53333333333333
rq1_rca,qwen3.8-27b,re2_ob,LV,delay,15,0.7055555555555556,0.6,0.8666666666666667,162.4
rq1_rca,qwen3.8-27b,re2_ob,LV,disk,15,0.9,0.8666666666666667,0.9333333333333332,167.33333333333334
rq1_rca,qwen3.8-27b,re2_ob,LV,loss,15,0.6333333333333333,0.4666666666666667,0.8666666666666667,155.66666666666666
rq1_rca,qwen3.8-27b,re2_ob,LV,mem,15,0.8333333333333334,0.7333333333333333,1.0,151.8
rq1_rca,qwen3.8-27b,re2_ob,LV,socket,15,0.9222222222222224,0.8666666666666667,1.0,151.13333333333333
rq1_rca,qwen3.8-27b,re2_ob,MV,cpu,15,0.7666666666666667,0.6666666666666666,0.9333333333333332,176.86666666666667
rq1_rca,qwen3.8-27b,re2_ob,MV,delay,15,0.6888888888888889,0.5333333333333333,0.9333333333333332,155.46666666666667
rq1_rca,qwen3.8-27b,re2_ob,MV,disk,15,0.6722222222222223,0.4666666666666667,0.9333333333333332,163.0
rq1_rca,qwen3.8-27b,re2_ob,MV,loss,15,0.5333333333333333,0.3333333333333333,0.8,148.53333333333333
rq1_rca,qwen3.8-27b,re2_ob,MV,mem,15,0.7333333333333333,0.5333333333333333,0.9333333333333332,163.53333333333333
rq1_rca,qwen3.8-27b,re2_ob,MV,socket,15,0.9222222222222224,0.8666666666666667,1.0,151.53333333333333
rq1_rca,qwen3.8-27b,re2_ob,S,cpu,15,0.611111111111111,0.4666666666666667,0.8666666666666667,138.06666666666666
rq1_rca,qwen3.8-27b,re2_ob,S,delay,15,0.6,0.4,0.8666666666666667,151.4
rq1_rca,qwen3.8-27b,re2_ob,S,disk,15,0.6444444444444444,0.4666666666666667,0.8666666666666667,136.33333333333334
rq1_rca,qwen3.8-27b,re2_ob,S,loss,15,0.4222222222222222,0.2,0.7333333333333333,144.13333333333333
rq1_rca,qwen3.8-27b,re2_ob,S,mem,15,0.7333333333333333,0.6666666666666666,0.8,148.66666666666666
rq1_rca,qwen3.8-27b,re2_ob,S,socket,15,0.611111111111111,0.4,0.8666666666666667,143.53333333333333
rq1_rca,qwen3.8-27b,re2_ob,T,cpu,15,0.8222222222222223,0.6666666666666666,1.0,157.73333333333332
rq1_rca,qwen3.8-27b,re2_ob,T,delay,15,0.6611111111111111,0.4666666666666667,0.9333333333333332,150.93333333333334
rq1_rca,qwen3.8-27b,re2_ob,T,disk,15,0.888888888888889,0.8666666666666667,0.9333333333333332,147.26666666666668
rq1_rca,qwen3.8-27b,re2_ob,T,loss,15,0.6911111111111111,0.5333333333333333,0.9333333333333332,151.93333333333334
rq1_rca,qwen3.8-27b,re2_ob,T,mem,15,1.0,1.0,1.0,158.46666666666667
rq1_rca,qwen3.8-27b,re2_ob,T,socket,15,0.9222222222222224,0.8666666666666667,1.0,150.66666666666666
rq1_rca,qwen3.8-27b,re2_ob,TCV,cpu,15,0.7666666666666667,0.6,1.0,163.6
rq1_rca,qwen3.8-27b,re2_ob,TCV,delay,15,0.5833333333333334,0.4,0.8666666666666667,161.66666666666666
rq1_rca,qwen3.8-27b,re2_ob,TCV,disk,15,0.9,0.8666666666666667,0.9333333333333332,163.06666666666666
rq1_rca,qwen3.8-27b,re2_ob,TCV,loss,15,0.611111111111111,0.4,0.8666666666666667,154.4
rq1_rca,qwen3.8-27b,re2_ob,TCV,mem,15,0.7055555555555556,0.6,0.8666666666666667,166.66666666666666
rq1_rca,qwen3.8-27b,re2_ob,TCV,socket,15,0.9555555555555556,0.9333333333333332,1.0,158.06666666666666
rq1_rca,qwen3.8-27b,re2_ob,TPV,cpu,15,0.9222222222222224,0.8666666666666667,1.0,161.4
rq1_rca,qwen3.8-27b,re2_ob,TPV,delay,15,0.7388888888888889,0.6666666666666666,0.8666666666666667,172.13333333333333
rq1_rca,qwen3.8-27b,re2_ob,TPV,disk,15,1.0,1.0,1.0,155.2
rq1_rca,qwen3.8-27b,re2_ob,TPV,loss,15,0.9111111111111112,0.8666666666666667,1.0,158.2
rq1_rca,qwen3.8-27b,re2_ob,TPV,mem,15,1.0,1.0,1.0,152.4
rq1_rca,qwen3.8-27b,re2_ob,TPV,socket,15,1.0,1.0,1.0,176.93333333333334
rq1_rca,qwen3.8-27b,re2_ob,V,cpu,15,0.7333333333333333,0.5333333333333333,1.0,179.8
rq1_rca,qwen3.8-27b,re2_ob,V,delay,15,0.4333333333333333,0.2,0.7333333333333333,173.0
rq1_rca,qwen3.8-27b,re2_ob,V,disk,15,0.6444444444444444,0.4666666666666667,0.8666666666666667,177.8
rq1_rca,qwen3.8-27b,re2_ob,V,loss,15,0.5888888888888889,0.4666666666666667,0.7333333333333333,171.73333333333332
rq1_rca,qwen3.8-27b,re2_ob,V,mem,15,0.6222222222222222,0.4,0.8666666666666667,175.66666666666666
rq1_rca,qwen3.8-27b,re2_ob,V,socket,15,0.5666666666666667,0.4,0.8,170.26666666666668
rq1_rca,qwen3.8-27b,re2_ob,V_LG,cpu,15,0.9222222222222224,0.8666666666666667,1.0,152.13333333333333
rq1_rca,qwen3.8-27b,re2_ob,V_LG,delay,15,0.7833333333333333,0.6666666666666666,0.9333333333333332,176.06666666666666
rq1_rca,qwen3.8-27b,re2_ob,V_LG,disk,15,1.0,1.0,1.0,160.26666666666668
rq1_rca,qwen3.8-27b,re2_ob,V_LG,loss,15,0.8777777777777778,0.8,1.0,147.33333333333334
rq1_rca,qwen3.8-27b,re2_ob,V_LG,mem,15,1.0,1.0,1.0,155.46666666666667
rq1_rca,qwen3.8-27b,re2_ob,V_LG,socket,15,0.9222222222222224,0.8666666666666667,1.0,159.6
rq1_rca,qwen3.8-27b,re2_ob,V_MG,cpu,15,0.8388888888888889,0.7333333333333333,1.0,190.53333333333333
rq1_rca,qwen3.8-27b,re2_ob,V_MG,delay,15,0.6444444444444444,0.4,0.9333333333333332,196.8
rq1_rca,qwen3.8-27b,re2_ob,V_MG,disk,15,0.7333333333333333,0.6,0.8666666666666667,179.26666666666668
rq1_rca,qwen3.8-27b,re2_ob,V_MG,loss,15,0.8777777777777778,0.8,1.0,168.8
rq1_rca,qwen3.8-27b,re2_ob,V_MG,mem,15,0.6666666666666666,0.4,1.0,180.06666666666666
rq1_rca,qwen3.8-27b,re2_ob,V_MG,socket,15,0.7444444444444444,0.6,0.9333333333333332,179.4
rq1_rca,qwen3.8-27b,re2_ob,V_ML,cpu,15,0.8,0.6666666666666666,1.0,179.66666666666666
rq1_rca,qwen3.8-27b,re2_ob,V_ML,delay,15,0.538888888888889,0.3333333333333333,0.8666666666666667,176.26666666666668
rq1_rca,qwen3.8-27b,re2_ob,V_ML,disk,15,0.8,0.6666666666666666,0.9333333333333332,172.6
rq1_rca,qwen3.8-27b,re2_ob,V_ML,loss,15,0.5444444444444444,0.3333333333333333,0.8,163.13333333333333
rq1_rca,qwen3.8-27b,re2_ob,V_ML,mem,15,0.6722222222222223,0.4666666666666667,0.9333333333333332,199.6
rq1_rca,qwen3.8-27b,re2_ob,V_ML,socket,15,0.888888888888889,0.8,1.0,169.93333333333334
rq1_rca,qwen3.8-27b,re2_ob,V_MLG,cpu,15,0.8055555555555556,0.7333333333333333,0.9333333333333332,182.8
rq1_rca,qwen3.8-27b,re2_ob,V_MLG,delay,15,0.5944444444444444,0.3333333333333333,0.9333333333333332,200.6
rq1_rca,qwen3.8-27b,re2_ob,V_MLG,disk,15,0.7222222222222222,0.5333333333333333,0.9333333333333332,169.4
rq1_rca,qwen3.8-27b,re2_ob,V_MLG,loss,15,0.888888888888889,0.8,1.0,198.6
rq1_rca,qwen3.8-27b,re2_ob,V_MLG,mem,15,0.7055555555555556,0.4666666666666667,1.0,185.6
rq1_rca,qwen3.8-27b,re2_ob,V_MLG,socket,15,0.6555555555555556,0.4,1.0,199.2
rq1_rca,qwen3.8-27b,re2_ob,V_MR,cpu,15,0.7666666666666667,0.6666666666666666,0.9333333333333332,179.6
rq1_rca,qwen3.8-27b,re2_ob,V_MR,delay,15,0.4888888888888889,0.2666666666666666,0.7333333333333333,165.66666666666666
rq1_rca,qwen3.8-27b,re2_ob,V_MR,disk,15,0.6333333333333333,0.4666666666666667,0.8666666666666667,162.2
rq1_rca,qwen3.8-27b,re2_ob,V_MR,loss,15,0.5666666666666667,0.4,0.8,174.73333333333332
rq1_rca,qwen3.8-27b,re2_ob,V_MR,mem,15,0.7,0.6,0.8,239.4
rq1_rca,qwen3.8-27b,re2_ob,V_MR,socket,15,0.711111111111111,0.6,0.8666666666666667,167.13333333333333
rq1_rca,qwen3.8-27b,re2_ob,V_MRG,cpu,15,0.6222222222222222,0.4,0.9333333333333332,177.6
rq1_rca,qwen3.8-27b,re2_ob,V_MRG,delay,15,0.5111111111111111,0.3333333333333333,0.7333333333333333,197.26666666666668
rq1_rca,qwen3.8-27b,re2_ob,V_MRG,disk,15,0.6222222222222222,0.4,0.8666666666666667,205.0
rq1_rca,qwen3.8-27b,re2_ob,V_MRG,loss,15,0.7666666666666667,0.6666666666666666,0.8666666666666667,181.8
rq1_rca,qwen3.8-27b,re2_ob,V_MRG,mem,15,0.5722222222222223,0.4,0.8,184.13333333333333
rq1_rca,qwen3.8-27b,re2_ob,V_MRG,socket,15,0.5888888888888889,0.4,0.8666666666666667,192.7333333333333
rq1_rca,qwen3.8-27b,re2_ob,V_MRL,cpu,15,0.7222222222222221,0.5333333333333333,1.0,164.06666666666666
rq1_rca,qwen3.8-27b,re2_ob,V_MRL,delay,15,0.5666666666666667,0.4,0.8,180.0
rq1_rca,qwen3.8-27b,re2_ob,V_MRL,disk,15,0.5888888888888889,0.4,0.8666666666666667,176.86666666666667
rq1_rca,qwen3.8-27b,re2_ob,V_MRL,loss,15,0.45,0.2,0.7333333333333333,188.86666666666667
rq1_rca,qwen3.8-27b,re2_ob,V_MRL,mem,15,0.6333333333333333,0.4666666666666667,0.8,186.53333333333333
rq1_rca,qwen3.8-27b,re2_ob,V_MRL,socket,15,0.6555555555555556,0.4666666666666667,0.9333333333333332,180.86666666666667
rq1_rca,qwen3.8-27b,re2_ob,V_RG,cpu,15,0.8444444444444444,0.8,0.9333333333333332,164.53333333333333
rq1_rca,qwen3.8-27b,re2_ob,V_RG,delay,15,0.6833333333333333,0.6,0.8,163.66666666666666
rq1_rca,qwen3.8-27b,re2_ob,V_RG,disk,15,1.0,1.0,1.0,151.53333333333333
rq1_rca,qwen3.8-27b,re2_ob,V_RG,loss,15,0.8555555555555556,0.8,0.9333333333333332,148.13333333333333
rq1_rca,qwen3.8-27b,re2_ob,V_RG,mem,15,0.8555555555555556,0.7333333333333333,1.0,156.2
rq1_rca,qwen3.8-27b,re2_ob,V_RG,socket,15,0.9555555555555556,0.9333333333333332,1.0,174.86666666666667
rq1_rca,qwen3.8-27b,re2_ob,V_RL,cpu,15,0.788888888888889,0.6666666666666666,0.9333333333333332,168.66666666666666
rq1_rca,qwen3.8-27b,re2_ob,V_RL,delay,15,0.65,0.4666666666666667,0.9333333333333332,158.13333333333333
rq1_rca,qwen3.8-27b,re2_ob,V_RL,disk,15,0.8666666666666667,0.8,0.9333333333333332,160.73333333333332
rq1_rca,qwen3.8-27b,re2_ob,V_RL,loss,15,0.6055555555555556,0.4,0.8666666666666667,162.93333333333334
rq1_rca,qwen3.8-27b,re2_ob,V_RL,mem,15,0.7055555555555556,0.6,0.8666666666666667,158.93333333333334
rq1_rca,qwen3.8-27b,re2_ob,V_RL,socket,15,0.9222222222222224,0.8666666666666667,1.0,165.26666666666668
rq1_rca,qwen3.8-27b,re2_ob,V_RLG,cpu,15,0.9222222222222224,0.8666666666666667,1.0,170.73333333333332
rq1_rca,qwen3.8-27b,re2_ob,V_RLG,delay,15,0.6944444444444444,0.5333333333333333,0.9333333333333332,160.73333333333332
rq1_rca,qwen3.8-27b,re2_ob,V_RLG,disk,15,1.0,1.0,1.0,170.06666666666666
rq1_rca,qwen3.8-27b,re2_ob,V_RLG,loss,15,0.8666666666666667,0.8,0.9333333333333332,165.26666666666668
rq1_rca,qwen3.8-27b,re2_ob,V_RLG,mem,15,0.9,0.8,1.0,161.8
rq1_rca,qwen3.8-27b,re2_ob,V_RLG,socket,15,0.8388888888888889,0.8,0.9333333333333332,161.73333333333332
rq1_rca,qwen3.8-27b,re2_tt,C,cpu,15,0.7555555555555556,0.6666666666666666,0.8666666666666667,155.33333333333334
rq1_rca,qwen3.8-27b,re2_tt,C,delay,15,0.5888888888888889,0.4666666666666667,0.7333333333333333,159.53333333333333
rq1_rca,qwen3.8-27b,re2_tt,C,disk,15,0.9333333333333332,0.9333333333333332,0.9333333333333332,161.13333333333333
rq1_rca,qwen3.8-27b,re2_tt,C,loss,15,0.8444444444444444,0.8,0.9333333333333332,156.8
rq1_rca,qwen3.8-27b,re2_tt,C,mem,15,0.95,0.9333333333333332,1.0,149.33333333333334
rq1_rca,qwen3.8-27b,re2_tt,C,socket,15,0.6555555555555556,0.5333333333333333,0.8,163.93333333333334
rq1_rca,qwen3.8-27b,re2_tt,H,cpu,15,0.6888888888888889,0.6,0.8,175.4
rq1_rca,qwen3.8-27b,re2_tt,H,delay,15,0.6666666666666666,0.5333333333333333,0.8,152.86666666666667
rq1_rca,qwen3.8-27b,re2_tt,H,disk,15,0.8666666666666667,0.8,0.9333333333333332,175.73333333333332
rq1_rca,qwen3.8-27b,re2_tt,H,loss,15,0.9333333333333332,0.8666666666666667,1.0,159.2
rq1_rca,qwen3.8-27b,re2_tt,H,mem,15,0.8555555555555556,0.7333333333333333,1.0,162.46666666666667
rq1_rca,qwen3.8-27b,re2_tt,H,socket,15,0.7333333333333333,0.6,0.9333333333333332,160.26666666666668
rq1_rca,qwen3.8-27b,re2_tt,LV,cpu,15,0.5888888888888889,0.4666666666666667,0.7333333333333333,148.06666666666666
rq1_rca,qwen3.8-27b,re2_tt,LV,delay,15,0.7333333333333333,0.6666666666666666,0.8,172.73333333333332
rq1_rca,qwen3.8-27b,re2_tt,LV,disk,15,0.9333333333333332,0.9333333333333332,0.9333333333333332,185.26666666666668
rq1_rca,qwen3.8-27b,re2_tt,LV,loss,15,0.8555555555555556,0.8,0.9333333333333332,173.53333333333333
rq1_rca,qwen3.8-27b,re2_tt,LV,mem,15,1.0,1.0,1.0,185.6
rq1_rca,qwen3.8-27b,re2_tt,LV,socket,15,0.7222222222222222,0.6666666666666666,0.8,174.2
rq1_rca,qwen3.8-27b,re2_tt,MV,cpu,15,0.6555555555555556,0.5333333333333333,0.8,148.46666666666667
rq1_rca,qwen3.8-27b,re2_tt,MV,delay,15,0.6777777777777777,0.5333333333333333,0.8666666666666667,176.86666666666667
rq1_rca,qwen3.8-27b,re2_tt,MV,disk,15,0.7333333333333333,0.6,0.8666666666666667,160.8
rq1_rca,qwen3.8-27b,re2_tt,MV,loss,15,0.8111111111111111,0.7333333333333333,0.9333333333333332,173.06666666666666
rq1_rca,qwen3.8-27b,re2_tt,MV,mem,15,0.7722222222222223,0.6666666666666666,0.9333333333333332,167.93333333333334
rq1_rca,qwen3.8-27b,re2_tt,MV,socket,15,0.5111111111111111,0.4,0.6666666666666666,150.73333333333332
rq1_rca,qwen3.8-27b,re2_tt,S,cpu,15,0.4444444444444444,0.4,0.5333333333333333,156.6
rq1_rca,qwen3.8-27b,re2_tt,S,delay,15,0.3888888888888889,0.3333333333333333,0.4666666666666667,139.86666666666667
rq1_rca,qwen3.8-27b,re2_tt,S,disk,15,0.6555555555555556,0.6,0.7333333333333333,146.2
rq1_rca,qwen3.8-27b,re2_tt,S,loss,15,0.311111111111111,0.2666666666666666,0.4,148.53333333333333
rq1_rca,qwen3.8-27b,re2_tt,S,mem,15,0.7666666666666667,0.7333333333333333,0.8,138.0
rq1_rca,qwen3.8-27b,re2_tt,S,socket,15,0.6,0.5333333333333333,0.6666666666666666,136.53333333333333
rq1_rca,qwen3.8-27b,re2_tt,T,cpu,15,0.711111111111111,0.6,0.8666666666666667,156.66666666666666
rq1_rca,qwen3.8-27b,re2_tt,T,delay,15,0.6055555555555556,0.4666666666666667,0.8,170.4
rq1_rca,qwen3.8-27b,re2_tt,T,disk,15,0.9333333333333332,0.9333333333333332,0.9333333333333332,156.66666666666666
rq1_rca,qwen3.8-27b,re2_tt,T,loss,15,0.7777777777777778,0.7333333333333333,0.8666666666666667,148.6
rq1_rca,qwen3.8-27b,re2_tt,T,mem,15,1.0,1.0,1.0,154.26666666666668
rq1_rca,qwen3.8-27b,re2_tt,T,socket,15,0.8555555555555556,0.8,0.9333333333333332,159.53333333333333
rq1_rca,qwen3.8-27b,re2_tt,TCV,cpu,15,0.5888888888888889,0.4666666666666667,0.7333333333333333,166.0
rq1_rca,qwen3.8-27b,re2_tt,TCV,delay,15,0.6444444444444444,0.4666666666666667,0.8666666666666667,156.6
rq1_rca,qwen3.8-27b,re2_tt,TCV,disk,15,0.9333333333333332,0.9333333333333332,0.9333333333333332,168.66666666666666
rq1_rca,qwen3.8-27b,re2_tt,TCV,loss,15,0.5111111111111111,0.3333333333333333,0.8,151.33333333333334
rq1_rca,qwen3.8-27b,re2_tt,TCV,mem,15,0.8111111111111111,0.7333333333333333,0.9333333333333332,177.46666666666667
rq1_rca,qwen3.8-27b,re2_tt,TCV,socket,15,0.5444444444444444,0.4,0.7333333333333333,146.6
rq1_rca,qwen3.8-27b,re2_tt,TPV,cpu,15,0.9333333333333332,0.9333333333333332,0.9333333333333332,172.13333333333333
rq1_rca,qwen3.8-27b,re2_tt,TPV,delay,15,0.7222222222222222,0.6,0.8666666666666667,161.86666666666667
rq1_rca,qwen3.8-27b,re2_tt,TPV,disk,15,1.0,1.0,1.0,179.0
rq1_rca,qwen3.8-27b,re2_tt,TPV,loss,15,0.8666666666666667,0.8,0.9333333333333332,189.86666666666667
rq1_rca,qwen3.8-27b,re2_tt,TPV,mem,15,0.8666666666666667,0.8,0.9333333333333332,165.13333333333333
rq1_rca,qwen3.8-27b,re2_tt,TPV,socket,15,0.8555555555555556,0.8,0.9333333333333332,178.86666666666667
rq1_rca,qwen3.8-27b,re2_tt,V,cpu,15,0.4888888888888889,0.4,0.6,174.93333333333334
rq1_rca,qwen3.8-27b,re2_tt,V,delay,15,0.3222222222222222,0.2,0.4666666666666667,164.66666666666666
rq1_rca,qwen3.8-27b,re2_tt,V,disk,15,0.7,0.5333333333333333,0.8666666666666667,180.26666666666668
rq1_rca,qwen3.8-27b,re2_tt,V,loss,15,0.3555555555555555,0.2,0.5333333333333333,166.0
rq1_rca,qwen3.8-27b,re2_tt,V,mem,15,0.4777777777777778,0.3333333333333333,0.6666666666666666,165.26666666666668
rq1_rca,qwen3.8-27b,re2_tt,V,socket,15,0.5,0.3333333333333333,0.7333333333333333,175.8
rq1_rca,qwen3.8-27b,re2_tt,V_LG,cpu,15,0.9,0.8666666666666667,0.9333333333333332,203.53333333333333
rq1_rca,qwen3.8-27b,re2_tt,V_LG,delay,15,0.6888888888888889,0.6,0.8,158.86666666666667
rq1_rca,qwen3.8-27b,re2_tt,V_LG,disk,15,1.0,1.0,1.0,187.66666666666663
rq1_rca,qwen3.8-27b,re2_tt,V_LG,loss,15,0.8666666666666667,0.8666666666666667,0.8666666666666667,179.4
rq1_rca,qwen3.8-27b,re2_tt,V_LG,mem,15,0.888888888888889,0.8666666666666667,0.9333333333333332,178.0
rq1_rca,qwen3.8-27b,re2_tt,V_LG,socket,15,0.788888888888889,0.7333333333333333,0.8666666666666667,162.0
rq1_rca,qwen3.8-27b,re2_tt,V_MG,cpu,15,0.8,0.6666666666666666,0.9333333333333332,176.13333333333333
rq1_rca,qwen3.8-27b,re2_tt,V_MG,delay,15,0.8,0.7333333333333333,0.8666666666666667,169.53333333333333
rq1_rca,qwen3.8-27b,re2_tt,V_MG,disk,15,0.9666666666666668,0.9333333333333332,1.0,175.6
rq1_rca,qwen3.8-27b,re2_tt,V_MG,loss,15,0.9,0.8666666666666667,0.9333333333333332,191.66666666666663
rq1_rca,qwen3.8-27b,re2_tt,V_MG,mem,15,0.8222222222222223,0.7333333333333333,0.9333333333333332,181.06666666666663
rq1_rca,qwen3.8-27b,re2_tt,V_MG,socket,15,0.5777777777777777,0.4666666666666667,0.7333333333333333,175.93333333333334
rq1_rca,qwen3.8-27b,re2_tt,V_ML,cpu,15,0.7222222222222222,0.6,0.8666666666666667,156.53333333333333
rq1_rca,qwen3.8-27b,re2_tt,V_ML,delay,15,0.611111111111111,0.4666666666666667,0.8,171.33333333333334
rq1_rca,qwen3.8-27b,re2_tt,V_ML,disk,15,0.7333333333333333,0.6,0.8666666666666667,157.4
rq1_rca,qwen3.8-27b,re2_tt,V_ML,loss,15,0.8666666666666667,0.8,0.9333333333333332,171.73333333333332
rq1_rca,qwen3.8-27b,re2_tt,V_ML,mem,15,0.7388888888888889,0.6,0.9333333333333332,172.66666666666666
rq1_rca,qwen3.8-27b,re2_tt,V_ML,socket,15,0.5,0.4,0.6,152.2
rq1_rca,qwen3.8-27b,re2_tt,V_MLG,cpu,15,0.8333333333333334,0.7333333333333333,0.9333333333333332,185.33333333333331
rq1_rca,qwen3.8-27b,re2_tt,V_MLG,delay,15,0.7666666666666667,0.6666666666666666,0.8666666666666667,175.6
rq1_rca,qwen3.8-27b,re2_tt,V_MLG,disk,15,0.9666666666666668,0.9333333333333332,1.0,195.66666666666663
rq1_rca,qwen3.8-27b,re2_tt,V_MLG,loss,15,0.9,0.8666666666666667,0.9333333333333332,189.8
rq1_rca,qwen3.8-27b,re2_tt,V_MLG,mem,15,0.8111111111111111,0.6666666666666666,1.0,190.9333333333333
rq1_rca,qwen3.8-27b,re2_tt,V_MLG,socket,15,0.4111111111111111,0.3333333333333333,0.5333333333333333,176.13333333333333
rq1_rca,qwen3.8-27b,re2_tt,V_MR,cpu,15,0.5888888888888889,0.4666666666666667,0.7333333333333333,180.53333333333333
rq1_rca,qwen3.8-27b,re2_tt,V_MR,delay,15,0.5444444444444444,0.3333333333333333,0.8,168.73333333333332
rq1_rca,qwen3.8-27b,re2_tt,V_MR,disk,15,0.7,0.5333333333333333,0.8666666666666667,175.73333333333332
rq1_rca,qwen3.8-27b,re2_tt,V_MR,loss,15,0.5,0.3333333333333333,0.7333333333333333,157.2
rq1_rca,qwen3.8-27b,re2_tt,V_MR,mem,15,0.788888888888889,0.6666666666666666,0.9333333333333332,180.8
rq1_rca,qwen3.8-27b,re2_tt,V_MR,socket,15,0.5555555555555556,0.4666666666666667,0.6666666666666666,173.73333333333332
rq1_rca,qwen3.8-27b,re2_tt,V_MRG,cpu,15,0.5777777777777777,0.4,0.8,175.2
rq1_rca,qwen3.8-27b,re2_tt,V_MRG,delay,15,0.3555555555555555,0.2666666666666666,0.4666666666666667,178.53333333333333
rq1_rca,qwen3.8-27b,re2_tt,V_MRG,disk,15,0.7555555555555556,0.6,0.9333333333333332,187.46666666666667
rq1_rca,qwen3.8-27b,re2_tt,V_MRG,loss,15,0.4222222222222222,0.3333333333333333,0.5333333333333333,168.8
rq1_rca,qwen3.8-27b,re2_tt,V_MRG,mem,15,0.4222222222222222,0.2666666666666666,0.6,169.0
rq1_rca,qwen3.8-27b,re2_tt,V_MRG,socket,15,0.5222222222222223,0.4,0.7333333333333333,179.0
rq1_rca,qwen3.8-27b,re2_tt,V_MRL,cpu,15,0.6166666666666667,0.4666666666666667,0.8,185.13333333333333
rq1_rca,qwen3.8-27b,re2_tt,V_MRL,delay,15,0.5,0.3333333333333333,0.7333333333333333,170.13333333333333
rq1_rca,qwen3.8-27b,re2_tt,V_MRL,disk,15,0.6555555555555556,0.5333333333333333,0.8,181.53333333333333
rq1_rca,qwen3.8-27b,re2_tt,V_MRL,loss,15,0.4888888888888889,0.3333333333333333,0.7333333333333333,181.8
rq1_rca,qwen3.8-27b,re2_tt,V_MRL,mem,15,0.6777777777777777,0.6,0.8,182.06666666666663
rq1_rca,qwen3.8-27b,re2_tt,V_MRL,socket,15,0.5222222222222223,0.4,0.6666666666666666,170.6
rq1_rca,qwen3.8-27b,re2_tt,V_RG,cpu,15,0.9,0.8,1.0,163.73333333333332
rq1_rca,qwen3.8-27b,re2_tt,V_RG,delay,15,0.4111111111111111,0.2666666666666666,0.6,162.2
rq1_rca,qwen3.8-27b,re2_tt,V_RG,disk,15,1.0,1.0,1.0,168.6
rq1_rca,qwen3.8-27b,re2_tt,V_RG,loss,15,0.5777777777777777,0.4666666666666667,0.7333333333333333,178.4
rq1_rca,qwen3.8-27b,re2_tt,V_RG,mem,15,0.711111111111111,0.6,0.8666666666666667,162.73333333333332
rq1_rca,qwen3.8-27b,re2_tt,V_RG,socket,15,0.6888888888888889,0.6,0.8666666666666667,171.4
rq1_rca,qwen3.8-27b,re2_tt,V_RL,cpu,15,0.5666666666666667,0.4666666666666667,0.7333333333333333,159.53333333333333
rq1_rca,qwen3.8-27b,re2_tt,V_RL,delay,15,0.6444444444444444,0.4666666666666667,0.8666666666666667,162.13333333333333
rq1_rca,qwen3.8-27b,re2_tt,V_RL,disk,15,0.9,0.8666666666666667,0.9333333333333332,167.33333333333334
rq1_rca,qwen3.8-27b,re2_tt,V_RL,loss,15,0.4777777777777777,0.2666666666666666,0.8,143.46666666666667
rq1_rca,qwen3.8-27b,re2_tt,V_RL,mem,15,0.7777777777777778,0.6666666666666666,0.9333333333333332,166.73333333333332
rq1_rca,qwen3.8-27b,re2_tt,V_RL,socket,15,0.5444444444444444,0.4,0.7333333333333333,163.33333333333334
rq1_rca,qwen3.8-27b,re2_tt,V_RLG,cpu,15,0.8111111111111111,0.7333333333333333,0.9333333333333332,175.4
rq1_rca,qwen3.8-27b,re2_tt,V_RLG,delay,15,0.4333333333333333,0.2666666666666666,0.6666666666666666,163.2
rq1_rca,qwen3.8-27b,re2_tt,V_RLG,disk,15,1.0,1.0,1.0,164.13333333333333
rq1_rca,qwen3.8-27b,re2_tt,V_RLG,loss,15,0.5222222222222223,0.4,0.6666666666666666,158.13333333333333
rq1_rca,qwen3.8-27b,re2_tt,V_RLG,mem,15,0.6888888888888889,0.6,0.8,160.93333333333334
rq1_rca,qwen3.8-27b,re2_tt,V_RLG,socket,15,0.6333333333333333,0.4666666666666667,0.8666666666666667,181.13333333333333
