scope,model,arm,pre_text_focus_M,pre_text_focus_R,pre_text_focus_L,pre_text_focus_G,pre_text_focus_candidates,pre_text_focus_common,pre_text_focus_task_question,pre_text_focus_representation_guide,pre_text_focus_system,gen_text_focus_M,gen_text_focus_R,gen_text_focus_L,gen_text_focus_G,gen_text_focus_candidates,gen_text_focus_common,gen_text_focus_task_question,gen_text_focus_representation_guide,gen_text_focus_system,pre_density_M,pre_mass_M,pre_density_R,pre_mass_R,pre_density_L,pre_mass_L,pre_density_G,pre_mass_G,pre_density_dashboard_header_band,pre_mass_dashboard_header_band,pre_density_blank,pre_mass_blank,pre_density_unassigned_image,pre_mass_unassigned_image,gen_density_M,gen_mass_M,gen_density_R,gen_mass_R,gen_density_L,gen_mass_L,gen_density_G,gen_mass_G,gen_density_dashboard_header_band,gen_mass_dashboard_header_band,gen_density_blank,gen_mass_blank,gen_density_unassigned_image,gen_mass_unassigned_image,pre_visual_mass,gen_visual_mass,pre_first_patch_max,dataset
rq1_cf,gemma-4-26b-a4b,V_FACTUAL,,,,,0.129460229136166,0.1403429872352871,1.9646755059276944,0.4318103720926262,4.982924414028612,,,,,1.3117377652558853,0.386365765603004,0.8586731716494383,0.442482449947071,1.541411035566873,0.8158212187865603,0.0231234884607548,0.8152201376710935,0.0019438238391682,1.2381492304231403,0.0029531810861704,1.4835867635051598,0.0160345391087505,5.554232555400349,0.0246620393578233,,0.0,,0.0,0.9886363132904,0.1360687919448973,1.0225523303246362,0.0119454989137148,1.1612444113479703,0.0130746260205341,0.9984835583637532,0.0521106184445923,3.4232044894313263,0.0710084329924489,,0.0,,0.0,0.0687170718526673,0.2842079683161876,0.9933333333333332,headline
rq1_cf,gemma-4-26b-a4b,V_NEUTRAL,,,,,0.1263121154170809,0.1478078717935212,2.05491068297626,0.4802920827745544,5.283554141274439,,,,,1.792617820137457,0.7221800505847518,1.2612261964623988,0.5928214102842481,2.164693906679429,1.023601096463226,0.0114804813701009,0.4742305706072185,0.0004440651218933,0.5826777573169964,0.0005471460124338,1.1496064706294653,0.0049244914702271,6.897188730819326,0.0120898407235352,,0.0,,0.0,1.0927361307200822,0.0078647527897581,0.5422619731540087,0.0003288824014633,0.5834029489790836,0.0003521081126441,0.9494616602146236,0.0026170639064854,10.012703349362743,0.0118647227330936,,0.0,,0.0,0.0294860246981905,0.0230275299434447,1.0,headline
rq1_cf,gemma-4-26b-a4b,V_PLACEBO,,,,,0.129597278141676,0.1404067729127573,1.9643909165409088,0.4317630231530767,4.98206602293036,,,,,1.3180037550767751,0.3868500743860498,0.8643583570373111,0.4431841724877686,1.5511972014419582,0.8159961078300212,0.0231173119565047,0.8159327709982312,0.0019449406892611,1.2385981246240232,0.0029531814326321,1.4834055002846978,0.0160259857318828,5.55675410472547,0.0246637050638179,,0.0,,0.0,0.9930833209474158,0.1361929922343235,0.9622358076801713,0.0111714643330589,1.1559534084142575,0.0129243454716101,1.000268641086068,0.0519405411451879,3.3880875525272245,0.0697243694754074,,0.0,,0.0,0.0687051248740988,0.281953712659588,0.9933333333333332,headline
rq1_cf,gemma-4-26b-a4b,V_TARGETED,,,,,0.1294267737754318,0.1403497011324034,1.964669321124361,0.4318992898577003,4.982282458385287,,,,,1.2949906936823143,0.3833483249185671,0.8454644721463237,0.4371583358255617,1.5468428091308064,0.814564908775541,0.0230918159584338,0.8145503693365062,0.001942896384721,1.238759829009419,0.0029551446723522,1.4870832146748303,0.0160808509198339,5.560607929141727,0.0246991766686062,,0.0,,0.0,0.982384348096378,0.1381704460080947,1.0235919086294034,0.012119446967309,1.197937135906706,0.0137237338998343,1.0074489540452611,0.0535148939808356,3.351657351922216,0.0709811429621959,,0.0,,0.0,0.0687698846039472,0.2885096638182697,0.9966666666666668,headline
rq1_cf,qwen3.8-27b,V_FACTUAL,,,,,0.2834379166480874,0.33116924066669,3.0954531206622704,0.7363166454173079,15.15022544180326,,,,,1.249486876741254,1.0294372522332775,2.686938755632543,0.9865601741840536,6.816327211264667,0.7628240518922339,0.0078708127411738,1.5775245192066136,0.001364589890894,1.8289559710645389,0.0015834674321808,1.3258417918086236,0.0052055013509558,6.158704165763515,0.0098768007996533,,0.0,,0.0,0.7453379413900982,0.0258732930828476,2.1153022666390746,0.006224923915141,1.964784889629977,0.0057739320247952,1.2082745807969733,0.0163689257307383,2.085243903185155,0.0114465487157337,,0.0,,0.0,0.0259011722148578,0.065687623469256,0.0,headline
rq1_cf,qwen3.8-27b,V_NEUTRAL,,,,,0.2533090995549745,0.3345678276307782,3.203907114608387,0.7830766212128837,15.703038213809345,,,,,1.3558563082088122,0.9622826124735718,2.969779929425646,1.039671035345362,7.634538972526806,0.7939060127230962,0.002695327279527,1.008939721265953,0.0002826076086579,0.9496182457278254,0.000262954549635,1.5655969017898248,0.0019496011470292,16.96478705948574,0.0084757559778951,,0.0,,0.0,1.0736967946544334,0.0033226802161035,0.6081599193340324,0.0001629823858896,0.7384287849274832,0.0001963635046548,0.9522179839232549,0.0011605138033692,9.753792036679286,0.0046662986988709,,0.0,,0.0,0.0136662465627444,0.0095088386088882,0.0,headline
rq1_cf,qwen3.8-27b,V_PLACEBO,,,,,0.2834019294353956,0.3311941446996911,3.0956849189741438,0.7363026118855219,15.150486489397151,,,,,1.2506344601530992,1.028379665345072,2.6849305848118163,0.988222051296712,6.799275611506967,0.762614691341152,0.0078698371038889,1.5775915038704298,0.0013648185706606,1.829300650399432,0.0015838542695763,1.3263508580370835,0.0052080583593087,6.156202648807405,0.0098744193008245,,0.0,,0.0,0.7448916895151267,0.0259803198715086,2.111604618416121,0.0062418221045066,1.965505343025621,0.0057969083309728,1.2102645777497976,0.0164745001140752,2.082603403326993,0.0114909372818787,,0.0,,0.0,0.0259009876042592,0.065984487702942,0.0,headline
rq1_cf,qwen3.8-27b,V_TARGETED,,,,,0.2836597939155328,0.331237043036382,3.095059988786515,0.736174899535071,15.1463622376131,,,,,1.25148372634212,1.0336481175143832,2.675642246725228,0.9896448518661012,6.832060047433558,0.7630208946963611,0.007887755546808,1.5758818691566832,0.0013653248153397,1.824390129693696,0.0015822716465096,1.3268334284313226,0.0052173893426535,6.156448857828488,0.0098886439046823,,0.0,,0.0,0.7455261630878821,0.0261608056740025,2.105059271711456,0.0062611107419427,1.976232607283368,0.0058755492376217,1.2077101900982354,0.0165244749273652,2.0884343787744784,0.0115886668074695,,0.0,,0.0,0.0259413852559933,0.0664106073884017,0.0,headline
rq1_qa,gemma-4-26b-a4b,L1_CONTEXTV,0.140216764666436,0.1797046804610354,0.2766990251528058,0.1403834473650071,0.1165487170000141,0.1625541681995099,2.069043667463651,1.5123979786878865,37.132327247582,0.4441894040547324,0.7786926434524287,1.2155652235865193,0.6192397010907082,0.8146001657073079,0.3021241325218742,2.2501218872983664,1.1472433423373725,0.5985363493568454,0.8625733188591752,0.0180934417919339,0.8447756549382714,0.0017226769202028,1.143667178674068,0.0022716248212802,1.3593805109742012,0.0130098591260058,6.505492711623464,0.0315420491314274,1.1247745528823954,0.0129483730507017,,0.0,0.9641694153799726,0.0942023301161165,0.8609782618621726,0.0089379730073107,0.934779649825728,0.0101824108291611,1.141509277957046,0.0565805706739217,2.138349649756793,0.0466573191827873,0.4504820062273972,0.0332213926041388,,0.0,0.0795880248415521,0.2497819964134364,1.0,headline
rq1_qa,gemma-4-26b-a4b,L1_PATHV,0.1551843038786206,0.3152457429303672,0.3331769275695003,0.1437426990938441,0.1510942989038968,0.2616716364880576,3.5832606504126403,2.560917759419749,64.77733552674349,0.3454697222531394,0.6680805244987076,0.6470532909378044,0.3630337048662548,1.3353072910651966,0.6209509132304387,4.455718596978995,1.87306014934528,0.9745189471366238,1.0,0.0050152409383202,1.0,0.0006528255492598,1.0,0.0007608342430039,1.0,0.0032009109410896,5.847848466006908,0.0237050663976174,0.8916884796390552,0.0252212430191116,,0.0,1.0,0.0646696833382498,1.0,0.0153813966238991,1.0,0.0076250907315812,1.0,0.0355763686300863,0.6541357137932609,0.026025067055409,0.2190018076548079,0.0909405938525096,,0.0,0.0585561210884026,0.2402182002317352,0.9933333333333332,headline
rq1_qa,gemma-4-26b-a4b,L1_S,,,,,0.1721173365647665,0.1186027632916933,0.909480562146281,2.8311315724745807,17.893250644966123,,,,,0.8577606731688893,0.2805784867600892,1.4870742211934296,1.3548173077343737,0.4195147675964366,,,,,,,,,,,,,,,,,,,,,,,,,,,,,0.0808602732426,0.3281778754605231,0.0,headline
rq1_qa,gemma-4-26b-a4b,L1_T,0.2239268362595557,0.3860232150794499,0.4360712407147074,0.1977647903981177,0.2069227976258584,0.3752333866952718,5.306431282439132,,86.15026608048882,0.6042170249319803,0.9890325697324142,1.2236574995279497,0.5625763830568767,1.5028733103886558,0.7119596197346696,5.914349579535756,,1.4186331639395515,,,,,,,,,,,,,,,,,,,,,,,,,,,,,0.0,0.0,,headline
rq1_qa,gemma-4-26b-a4b,L1_V,,,,,0.1477847454612297,0.123999815637293,1.1142964571282266,0.8666558032692929,20.84347706848346,,,,,0.7112596398868001,0.2739562299409194,1.415537397539237,0.6869940788457939,0.3560129832376652,0.816250063135833,0.0271753921700569,0.7332645717852785,0.0020505445736554,1.1201651035420654,0.003134482002837,1.5280313382369075,0.0194226508954031,6.308820439968682,0.0329773988086749,,0.0,,0.0,0.9425086927756768,0.1812080034700609,0.9310685353792654,0.0147215087419776,1.2300040399151035,0.0184358218719353,1.120487490535085,0.0805453689827605,2.201992808698752,0.064372917228382,,0.0,,0.0,0.0847604684506275,0.3592836202951165,1.0,headline
rq1_qa,gemma-4-26b-a4b,L2_CONTEXTV,0.1475558179855965,0.2436958873106143,0.292015750264476,0.1248951524191156,0.1286748462150851,0.2080940951199799,2.62260713504507,2.057691852878244,52.24152367273486,0.4277622611111743,0.7337337887378567,1.4167861124844758,0.6477196768914645,0.9977135311008238,0.4500959429402659,2.830583085537646,1.476347507858014,0.6953598443559199,0.903742199373412,0.0099900173038983,0.98107498816094,0.0012101391496121,1.0782585464542815,0.0015478152045899,1.2153241382353115,0.0079032594015958,6.374278087017179,0.0282974473705226,1.0253684415138653,0.0213363182894794,,0.0,0.9508601551185064,0.0537182822051866,1.3172220027591182,0.0107735463207482,0.923844965286962,0.0085477298008383,1.074963658033756,0.0406171090011912,1.290852198840346,0.0272546674305806,0.3749253833142466,0.0504979561000622,,0.0,0.0702849967196983,0.1914092908586074,0.9661016949152542,headline
rq1_qa,gemma-4-26b-a4b,L2_PATHV,0.147821142772796,0.245045362278802,0.3093189224138057,0.1226984625826308,0.1245533737091269,0.2015620195898279,2.512690228585121,1.9611080067589264,49.69335071852628,0.3288299040500293,0.5498446933238222,0.5754028066620119,0.3364093545105178,1.1633944143594903,0.5235110282218696,2.871249286959372,1.394365797508217,0.6577601733210533,0.9211555114183996,0.0110461914773708,1.0188413410215793,0.0014419444546494,1.090221941495466,0.00136180962533,1.206239946898184,0.0070420629946266,6.649759667961092,0.0284281691011549,1.1195575663245512,0.0213159103630311,,0.0,0.9383162879873108,0.0952966402842169,1.2228261673147938,0.0167621480819505,1.334311574016575,0.0136707453779809,1.0509089066556925,0.0490746201573453,1.0411012511381237,0.033480107021552,0.3403987705422814,0.0665048019016842,,0.0,0.0706360880161631,0.27478906282473,0.9559322033898304,headline
rq1_qa,gemma-4-26b-a4b,L2_S,,,,,0.1719655377780586,0.1213770538811035,0.8351750168877746,2.843830343576766,18.17577199151112,,,,,0.8927950928754904,0.3014838791901256,1.2043258919007174,1.1767954159469636,0.3745902625670952,,,,,,,,,,,,,,,,,,,,,,,,,,,,,0.0790911075681802,0.3335883234662078,0.0,headline
rq1_qa,gemma-4-26b-a4b,L2_T,0.2231086966039077,0.3755388612139491,0.4287809534327155,0.198177863347847,0.2052953083538557,0.3722567025641815,4.739726916417059,,86.18992713464489,0.5936409868346592,0.9922096037402616,1.3155979067630996,0.6150699613413453,1.4526737806033694,0.732903044091417,4.92207749461163,,1.2022232008450229,,,,,,,,,,,,,,,,,,,,,,,,,,,,,0.0,0.0,,headline
rq1_qa,gemma-4-26b-a4b,L2_V,,,,,0.148299878386605,0.1255554318727409,1.0228522502727988,0.8608389941376471,20.98047247006409,,,,,0.72898410975332,0.2950701176201778,1.2305297097996075,0.6836689148076889,0.3363387390023012,0.8102718530734127,0.0266666612087675,0.7372813210015515,0.0020421531206399,1.144037305241601,0.0031645272707695,1.5342546747742285,0.0193255658867816,6.563955061875304,0.033939647612678,,0.0,,0.0,0.9147022355470384,0.1743056137419719,1.0285026645005924,0.0161454691561681,1.5208290747446636,0.0236114231370726,1.1055162127498497,0.0793340059220514,1.80522145077376,0.0528410856708052,,0.0,,0.0,0.0851385550996367,0.3462375976280694,1.0,headline
rq1_qa,gemma-4-26b-a4b,L3_CONTEXTV,0.1569963133706365,0.2949820509119801,0.3361788925511327,0.1481749399663688,0.1576478772384274,0.2637026931872914,2.983500207045472,2.574639636703436,67.0959353003737,0.4498638701904354,0.9142995852770178,1.5211713612481796,0.6731976798401512,1.3833523636306897,0.6688676589046161,3.077366238804423,1.7659985062712913,0.8043129758122977,1.0,0.0040223797738417,1.0,0.0005718171059029,1.0,0.0009229016978576,1.0,0.0030413837606218,5.409001536991511,0.022058011343866,0.861381511780432,0.0254854562314763,,0.0,1.0,0.0232329129444902,1.0,0.0070499971406049,1.0,0.0064743576332795,1.0,0.0207755016850934,0.7232866028955887,0.0158732256012374,0.2669555301515989,0.053932892036012,,0.0,0.0561019499135666,0.1273388870407175,0.9795221843003412,headline
rq1_qa,gemma-4-26b-a4b,L3_PATHV,0.1426358100249224,0.1895682782104565,0.2726625902828147,0.139634148722484,0.1133565474613845,0.1527713656761232,1.5922471229722983,1.4110531313542332,35.61130363382054,0.3198831226006625,0.3961980782651497,0.4200760186677444,0.3146235809402904,1.073430077265517,0.4245267552288289,1.7289738328585766,1.0062173017342282,0.4690108314118061,0.8462365688501917,0.0185306213059228,0.8615928532024255,0.0017443996180534,1.1632026265856374,0.0020343203250332,1.4161202945378906,0.0132451840483407,6.398240429958551,0.0301349558656618,1.1588089542953242,0.0114743820206686,,0.0,0.900192411849932,0.1276126795974561,1.2487606701832743,0.0174338379497952,1.480309522436051,0.0174947909685241,1.118557073594743,0.0671494300439973,1.4022750298244002,0.040994159183634,0.4876984527637747,0.0332718492713521,,0.0,0.0771638631836807,0.3039567470147591,1.0,headline
rq1_qa,gemma-4-26b-a4b,L3_S,,,,,0.1757685784946121,0.1216900496655406,0.7631397774423415,2.844945311533105,18.38599027324782,,,,,0.9377990711262012,0.3183523182238876,1.0002803742702429,1.0761805765494357,0.3503442344849282,,,,,,,,,,,,,,,,,,,,,,,,,,,,,0.078964132713483,0.3412781356199671,0.0,headline
rq1_qa,gemma-4-26b-a4b,L3_T,0.2244155779521053,0.3701961714614743,0.4289628589389397,0.1975545441439999,0.2101627613918104,0.3673955601694242,4.257565895521513,,85.5621195789809,0.5800176420530742,1.0254058586672443,1.4098234173581632,0.6567195723508293,1.565547751274413,0.7957300635244743,4.115270748716996,,1.0964237710783022,,,,,,,,,,,,,,,,,,,,,,,,,,,,,0.0,0.0,,headline
rq1_qa,gemma-4-26b-a4b,L3_V,,,,,0.150597506650464,0.1249180481634643,0.9242994585830188,0.8682742522265366,21.354294223501725,,,,,0.7920959049662127,0.3283194236566771,1.063104190607676,0.6657238273106089,0.301399851930456,0.804086061779525,0.0262847578805578,0.7496132707918822,0.0020595297509199,1.126909260374256,0.0030945454298847,1.548392729537421,0.0193512341789818,6.501021570044634,0.0333318240976437,,0.0,,0.0,0.8868523335033287,0.1672486975594976,1.15942317485829,0.0181602029071842,1.5682800899587834,0.024531553871139,1.1416675184485028,0.0818312437813291,1.6566547579751716,0.0482753318947499,,0.0,,0.0,0.0841218913379881,0.3400470300138999,1.0,headline
rq1_qa,gemma-4-26b-a4b,L4_S,,,,,0.1762524462864623,0.1218112776681578,0.7095741881309997,2.8608268512396378,18.504144258996533,,,,,0.9436791855155524,0.3261780202800641,0.9211078245241836,0.99689088298212,0.3381719344528908,,,,,,,,,,,,,,,,,,,,,,,,,,,,,0.0787003296618379,0.3436485597760912,0.0,headline
rq1_qa,gemma-4-26b-a4b,L4_T,0.2255446616659556,0.3667963464481222,0.4303288597224081,0.1989939025338774,0.2072520543371265,0.3631773862704748,3.919878893805191,,85.23632186572291,0.5745003061016831,1.0330661720843577,1.4877062992349386,0.65989415008258,1.6448786658222785,0.8325724088415316,3.611079176830474,,1.014600746525702,,,,,,,,,,,,,,,,,,,,,,,,,,,,,0.0,0.0,,headline
rq1_qa,gemma-4-26b-a4b,L4_V,,,,,0.1494551900290854,0.1245978273973884,0.8588995560128581,0.8729671443682204,21.40309192661219,,,,,0.8468084974856205,0.3485042644435077,0.9748118517606054,0.644651495027632,0.2984071107063414,0.8036180602058588,0.0260401840211093,0.7458023522867745,0.0020293646847625,1.14657151878502,0.0031223710418029,1.548171039090649,0.019196561646881,6.391781644209615,0.0324886110288362,,0.0,,0.0,0.8679047160384963,0.1613570803772066,1.251777558043237,0.0194092029001745,1.6589390927321197,0.026088881649418,1.149823513160135,0.0816820519800541,1.588892829099967,0.0457388764352833,,0.0,,0.0,0.0828770924233922,0.3342760933421367,1.0,headline
rq1_qa,qwen3.8-27b,L1_CONTEXTV,0.153565062032828,0.2982646292140931,0.5011243421924899,0.2582274630233926,0.1984497203800797,0.240529953416074,6.831859795168179,2.872159092717128,21.222852660320008,0.4532351339900811,1.024742704783027,1.5481913480306466,0.7096758004502759,0.7192068621909855,0.8250325191903498,6.997277933702041,2.572353094706253,1.8006449444875268,0.7885427239582301,0.0067358895108376,1.6248539771321824,0.0015561234928288,1.8255411800299413,0.0016994343736324,1.218165228911591,0.0052566511093526,6.374695738172146,0.0137176538453162,0.6274339110354902,0.0040295490912972,,0.0,0.8378513606662531,0.0183699420061873,1.8567105657123917,0.003726866605817,1.742519625676763,0.0035228574049788,1.053168100913304,0.0096741151126106,1.8605059116542335,0.0090083985986703,0.9033940189369284,0.0100458021566927,,0.0,0.0329953014232651,0.0543479818849569,0.0,headline
rq1_qa,qwen3.8-27b,L1_PATHV,0.1595593569202689,0.383963871858949,0.5412524444811235,0.2406121752906792,0.2608627574866667,0.286333754194471,10.074539765223626,4.509363591460832,34.99610950161951,0.3783628412746018,0.8902535752978168,1.0966293547325765,0.5790783482274579,1.1035220327685802,1.0903030831227698,11.294635595382529,3.6518766249695336,2.6408643540561525,1.0,0.0029571797556891,1.0,0.0006795229541522,1.0,0.0006954004740481,1.0,0.0018409794556439,5.301995220493942,0.0154996662971683,0.3299858287506825,0.008759047001882,,0.0,1.0,0.0078505139850802,1.0,0.0011873250858472,1.0,0.0010062356948182,1.0,0.0025200098325497,1.2692628623483069,0.0064519993133814,0.3892096856513632,0.0167871059724651,,0.0,0.0304317959385838,0.0358031898841421,0.0,headline
rq1_qa,qwen3.8-27b,L1_S,,,,,1.488053346621553,1.1137078633526052,19.453574136013994,12.190494748155084,27.214666731560147,,,,,3.11517638912091,3.2013272713930045,20.516899286703804,8.525621685545264,3.823633119196552,,,,,,,,,,,,,,,,,,,,,,,,,,,,,0.051590329554989,0.0789278600932947,0.0,headline
rq1_qa,qwen3.8-27b,L1_T,0.3045479839930874,0.4247728439749578,0.7314857711917223,0.3071319607176234,0.3160335701280099,0.3263425032047434,11.923095146906974,,54.60362178099911,0.5441348296710518,0.9356143634458494,1.4456873577313167,0.6739568111485286,0.9820110060825756,1.03152064800703,12.210835983457905,,3.5505719782387657,,,,,,,,,,,,,,,,,,,,,,,,,,,,,0.0,0.0,,headline
rq1_qa,qwen3.8-27b,L1_V,,,,,0.3355200837637738,0.2716284162209204,5.058384598113643,1.8068289091356493,11.96703682612076,,,,,0.9670422905828372,0.9112187303281029,4.801815941853689,1.8606114705966832,1.530476072919505,0.7483531618465222,0.0094835212597657,1.5925534220207131,0.0016921816655745,1.975651481033389,0.0020868399407955,1.3256949855526314,0.0063990058369568,6.408615236343208,0.0126641881008285,,0.0,,0.0,0.8121661497936932,0.028118447788587,1.7112779594651837,0.0049580748722348,1.8509463596099127,0.0054174284359261,1.1490101846425484,0.0152578036659412,1.992017538499356,0.0107714599592442,,0.0,,0.0,0.0323257368039212,0.0645232147219335,0.0,headline
rq1_qa,qwen3.8-27b,L2_CONTEXTV,0.1551125276083681,0.3327063930626203,0.5042635023111225,0.2174048295676386,0.2280947339299175,0.2609556983645858,7.342624609316661,3.832857684589235,29.075668640557904,0.4147746048487658,0.9267386508356624,1.6093838847582358,0.6130858434753268,0.8629009336198481,0.9147146906698118,8.166936734994142,3.0339475524046797,2.312576809121338,0.8548563227700091,0.0043983330928453,1.47260497860227,0.001131973677411,1.631177468418498,0.0013723529934505,1.1145139265246369,0.0037830757284292,5.914057363549532,0.0145045462302926,0.4794839511052933,0.007169931871575,,0.0,0.8905718118892254,0.0109733328258784,1.755744842804189,0.0025601769090673,1.679363641498061,0.0024257691155356,0.9607249937357212,0.0059923042806608,1.4652109106794362,0.0068803136525916,0.722305598540086,0.0171617445406171,,0.0,0.0323602135940039,0.045993641324351,0.0,headline
rq1_qa,qwen3.8-27b,L2_PATHV,0.1520761587109497,0.3559917784411326,0.5454164941842,0.2096304036247122,0.2221297555858753,0.2517883838616871,7.030457098738868,3.6845315543331782,28.09901090223173,0.3886943672222946,0.8676044483356625,1.1433218538831056,0.5252651348125056,1.0410319785788806,1.0059545211698055,8.196880189076246,2.910589024614108,2.170780493260461,0.8656342362751319,0.0049755218190256,1.5893481930082116,0.0013422203881709,1.6050281753438116,0.0011378023427032,1.1137161221574408,0.0033182265376569,6.168623934685338,0.0144944052648711,0.4986594194453177,0.0068407148336554,,0.0,0.8810262466798888,0.0120437559009342,1.8741554413032124,0.0029716919302387,1.7504571914835725,0.0022242913258845,0.9625755563694812,0.0052599204499275,1.5417148527046685,0.007040297743639,0.7348743027697131,0.0163034707044556,,0.0,0.0321088911860834,0.0458434280550798,0.0,headline
rq1_qa,qwen3.8-27b,L2_S,,,,,1.4898764111204656,1.0660455588870092,16.380344215458578,12.265468962233284,28.025301523394905,,,,,3.156752040650824,3.0968452267418027,18.082709053133183,8.211177150151661,2.969154548768401,,,,,,,,,,,,,,,,,,,,,,,,,,,,,0.0515625944320097,0.0757278673516406,0.0,headline
rq1_qa,qwen3.8-27b,L2_T,0.3023960578778966,0.4171987976932489,0.7281922886188438,0.309785249256672,0.3160666174281074,0.3212066099941461,10.212200382118745,,55.30509082947895,0.5446705835755585,0.9294427999977184,1.4749842802040476,0.6744192591715342,0.9757177530546952,0.9806797058200132,10.81305965686394,,3.205225461806145,,,,,,,,,,,,,,,,,,,,,,,,,,,,,0.0,0.0,,headline
rq1_qa,qwen3.8-27b,L2_V,,,,,0.3373163190900913,0.2662939509716254,4.276868125023073,1.8282367412235412,12.66276975028849,,,,,0.9921475292020536,0.9089073151009778,4.292951179931076,1.8217372756112773,1.365536959101668,0.7652108122129034,0.0093552673261573,1.5621567203214368,0.0016012135411506,1.943180738234039,0.0019880570795509,1.2931494350962889,0.0060515957664291,6.365335937874449,0.0121668823902302,,0.0,,0.0,0.7657638780682444,0.0276727092083595,1.891810936505935,0.0057785650536102,2.0709770133507552,0.0062703436888578,1.1820406903811953,0.016433991582576,1.7293594065040658,0.0097115350105387,,0.0,,0.0,0.0311630161035183,0.0658671445439423,0.0,headline
rq1_qa,qwen3.8-27b,L3_CONTEXTV,0.1593645371764891,0.3492306146110875,0.5347377681062209,0.2510680990070724,0.278411676697207,0.2753114646346251,7.722256365021465,4.655438026565603,36.67036697426858,0.4162617826164106,0.9437155014876188,1.5596558162326928,0.6758865933958162,1.0801992743703042,1.0162845837938392,8.762775488185325,3.3378664431451037,2.355274901875497,1.0,0.0023763161131476,1.0,0.0006180036017353,1.0,0.0008723055713844,1.0,0.0017605135272087,4.950285732699605,0.0151477905334371,0.3256081516145727,0.0093959605395745,,0.0,1.0,0.0075763675905971,1.0,0.0011453886825683,1.0,0.0011625725249851,1.0,0.00270437108545,1.029301255324079,0.0059456377406538,0.4128149943419038,0.0192769360646752,,0.0,0.0301708898864879,0.0378112736889298,0.0,headline
rq1_qa,qwen3.8-27b,L3_PATHV,0.1498952841001643,0.3227242332076067,0.5131059054094231,0.2578074579236905,0.1980304937462262,0.2177376447499356,4.940569538788692,2.783416976664788,20.67764488297197,0.4032812074761779,0.8568009932502958,1.0515710549065165,0.6239816746847432,0.9628797408773092,0.914144652005314,5.630918417486295,2.262005149364488,1.5271938326634626,0.7850117050028113,0.0071468594052112,1.6970546847189492,0.0015781867315063,1.8456076761894804,0.0015308491108464,1.2512804298268112,0.0051490974183295,6.628058507197235,0.0137095641587026,0.6584504236104781,0.0035078190842465,,0.0,0.8135297579885291,0.0211272869938458,1.9515020703388952,0.0045016630285921,1.954698445774864,0.0039349535144342,1.089216919279162,0.0111825957849426,1.7221874940872104,0.0093392070773973,0.9913611941701868,0.0104857023613691,,0.0,0.0326223759088427,0.0605714087605813,0.0,headline
rq1_qa,qwen3.8-27b,L3_S,,,,,1.53560965835694,1.0213062806448423,14.62528963279447,12.204836317104368,26.638711307654447,,,,,3.221236469421336,3.0309984388095863,16.086032566466063,7.691108999764464,2.6612615027627067,,,,,,,,,,,,,,,,,,,,,,,,,,,,,0.0501694269705311,0.080100873605903,0.0,headline
rq1_qa,qwen3.8-27b,L3_T,0.3005565664445049,0.4156935994891096,0.7312603817316934,0.3092405583787748,0.3303955293990455,0.3093470862650802,8.978171001221975,,55.70458767051258,0.5435140792082572,0.938481035967857,1.4798166145633804,0.6908528475109089,1.0354324713346543,0.9737679163074108,9.529221857694214,,3.057742079952112,,,,,,,,,,,,,,,,,,,,,,,,,,,,,0.0,0.0,,headline
rq1_qa,qwen3.8-27b,L3_V,,,,,0.3477496343755379,0.2572406400058144,3.8079258355178727,1.8517479502732523,12.060178930485511,,,,,1.0307275554922626,0.9120265669129044,3.83632990956626,1.813653863131252,1.3316884826952808,0.750872881207794,0.0093147980438163,1.614161517740022,0.0016784664320999,1.948427162753839,0.0020213523451373,1.317577423560745,0.0062672318096773,6.180555355452522,0.0119658939536358,,0.0,,0.0,0.7900204410062843,0.0289157121491184,1.7463930091428526,0.0053210082628608,1.9739558079344617,0.005990179302543,1.170481303128539,0.0162869621921624,1.6919760723660944,0.0097897519540754,,0.0,,0.0,0.0312477425843669,0.0663036138607601,0.0,headline
rq1_qa,qwen3.8-27b,L4_S,,,,,1.520317603619299,0.999146269591606,13.010762098481312,12.104112730592195,26.842326369149728,,,,,3.323782961714976,3.246465141609379,13.979851106348518,6.754690375143436,2.3710273791275176,,,,,,,,,,,,,,,,,,,,,,,,,,,,,0.0506155818567366,0.0862190641373673,0.0,headline
rq1_qa,qwen3.8-27b,L4_T,0.3013277800538722,0.4145167106624144,0.736753436605006,0.3115410149550123,0.3286728585705044,0.3011080977566777,7.922371695007997,,56.159999826857735,0.5393803493689684,0.9630391321812936,1.4938560551901328,0.6864313296527541,1.096531640778888,1.079956662492345,8.387598505651862,,2.8013622389953987,,,,,,,,,,,,,,,,,,,,,,,,,,,,,0.0,0.0,,headline
rq1_qa,qwen3.8-27b,L4_V,,,,,0.3449644082560194,0.2525103052068774,3.391198604992697,1.8704657157053284,12.13840287144088,,,,,1.0769841360639103,0.9845130973167916,3.3921680022533325,1.7535641907133612,1.163134633662695,0.7458801146655766,0.0094654685727123,1.6591087999976462,0.0017661673161758,1.958535288861899,0.0020831841672796,1.317132810502988,0.0063979568273519,6.307769425096144,0.0124123148099188,,0.0,,0.0,0.7970261320615557,0.0310595385015783,1.7180322501129597,0.0055407390062856,1.9751888546306944,0.0063279571058836,1.1580281225104945,0.0168796067216177,1.668717080424639,0.010306036744477,,0.0,,0.0,0.0321250916934386,0.0701138780798423,0.0,headline
rq1_rca,gemma-4-26b-a4b,C,0.1769580340920014,0.279561852634632,0.364635550350583,0.1851478694058335,0.2586127086102184,0.432070410229785,6.754448912836535,,17.305414114064064,0.5271512508793129,0.8602776824741867,0.6012875694726053,1.0686878803123483,2.6031113810985542,0.8933155823693666,2.3928951911481557,,4.449258570123098,,,,,,,,,,,,,,,,,,,,,,,,,,,,,0.0,0.0,,headline
rq1_rca,gemma-4-26b-a4b,H,0.1623349937676495,0.319847260881636,0.3732863001482934,0.1651675744323356,0.1603998086279751,0.3245964445776152,6.758514115242491,1.2967733021023695,17.435076430227166,0.4018111332123597,1.0073619141247103,0.6624653325500268,0.9943578217412432,1.861259820356304,0.7380852675797299,2.4745773541286256,1.1960319521027911,4.598199233553366,0.804741459135943,0.0175025419284972,0.8188262150823031,0.0014968296997919,1.236293873389439,0.0022599604089289,1.5118037588626745,0.0125473627633035,5.525864185670192,0.01886379559434,,0.0,,0.0,0.9301415378301132,0.0721895499109626,1.0534730759388102,0.0068706333160925,1.322920057955597,0.0085590647395222,1.1096953641775562,0.032906160112288,3.739873821928017,0.0447337476468567,,0.0,,0.0,0.0526704903948617,0.1652591557257222,0.9633333333333334,headline
rq1_rca,gemma-4-26b-a4b,LV,0.1563322582977308,0.3324798667663654,,0.1592490573623881,0.1712196989619927,0.3347903779332725,6.657954048241299,1.2930276420398767,17.196981561578056,0.4567244701631026,1.1018604265370049,,1.0835063263309253,2.2275490099436506,0.8376445558118824,2.659975919799227,1.3385684417297257,4.986995139752704,,0.0,,0.0,1.0,0.0025844308419384,,0.0,3.3473520648807265,0.0156343330308226,0.6476963930059274,0.0285888484231006,,0.0,,0.0,,0.0,1.0,0.0128554180439664,,0.0,0.3519453775619748,0.0072815292591742,0.226466396829956,0.0471166642614436,,0.0,0.0468076122958617,0.0672536115645843,0.8566666666666667,headline
rq1_rca,gemma-4-26b-a4b,MV,,0.2725842569978066,0.2144294058497547,0.0904987361492565,0.0840777624300805,0.1730422729109936,3.2026343990415787,0.665922802685966,8.15961358495394,,0.9580214266923948,0.4478202728729892,0.6452382840256877,1.2045938773169438,0.430296011570119,1.3036327340718823,0.6683603724671093,2.362487008529828,1.0,0.014899094774501,,0.0,,0.0,,0.0,8.321204605106907,0.0193475240088552,1.6425258913230687,0.0133697779438112,,0.0,1.0,0.078375528597392,,0.0,,0.0,,0.0,4.624969649327307,0.0530813980152812,0.5060046873348382,0.0204280360328377,,0.0,0.0476163967271675,0.151884962645511,1.0,headline
rq1_rca,gemma-4-26b-a4b,S,,,,,0.1324720447553727,0.1294847087668381,1.7180866737408007,0.8557302720455453,4.440208840468117,,,,,1.3123757129648008,0.4140490599988088,0.902875052212078,0.569903639409896,1.6388710393081996,,,,,,,,,,,,,,,,,,,,,,,,,,,,,0.0644081458565938,0.2246200978183083,0.0,headline
rq1_rca,gemma-4-26b-a4b,T,0.1786166637932619,0.3536250359749235,0.4149929506206458,0.1828401064113543,0.1782662777980013,0.3558895591765036,6.78164915497079,,17.411554239895104,0.5550859335207223,1.0100539047450852,0.6947422409545914,0.9417664879302328,1.9424171607664509,0.8070274855320545,2.690946337942239,,4.938824932011789,,,,,,,,,,,,,,,,,,,,,,,,,,,,,0.0,0.0,,headline
rq1_rca,gemma-4-26b-a4b,TCV,0.156765034353927,,0.4791803017708853,0.1898126978564339,0.1522485376529887,0.3216621733417388,6.552068677164363,1.2794538160738056,16.883789090007184,0.4416621849017357,,1.0719647901900624,1.2909565046189324,1.9430406425982751,0.7783158466312808,2.49648756022846,1.2564452353773563,4.624790915692369,,0.0,1.0,0.0023461507832721,,0.0,,0.0,3.231779105518956,0.0140297098606297,0.5776147353039196,0.0235619824179783,,0.0,,0.0,1.0,0.024106505218831,,0.0,,0.0,0.1879615668754028,0.006486385920711,0.1756444895260029,0.0652328760268336,,0.0,0.0399378430618802,0.0958257671663757,0.8733333333333333,headline
rq1_rca,gemma-4-26b-a4b,TPV,0.1502447412958243,0.3248464073913117,0.3482001067718332,,0.1645265718512383,0.2912328945590547,6.287094645110526,1.242567588332784,15.742675526085192,0.5144698650864292,1.0801819809363031,0.7855667617285556,,1.815157603941107,0.6782293004848612,2.4159605200565983,1.2454565746474269,4.376124784839494,,0.0,,0.0,,0.0,1.0,0.0103528161203333,5.754187901010396,0.0241783546968096,0.5661245855777068,0.0176948529511688,,0.0,,0.0,,0.0,,0.0,1.0,0.0558312091000192,0.5305192177373601,0.011486721288692,0.2372848602593104,0.0384056598063666,,0.0,0.0522260237683118,0.1057235901950779,1.0,headline
rq1_rca,gemma-4-26b-a4b,V,,,,,0.1295539891097303,0.1403568293864128,1.964510947896154,0.4317959414269149,4.982897257505538,,,,,1.3066267328692278,0.3850466976175457,0.8626957046672539,0.4415204987456982,1.5520622340283248,0.815723850291465,0.0231201759027854,0.8150112024840379,0.0019432827011896,1.2382725466739766,0.0029533458309795,1.4838567849784678,0.0160373414317256,5.553218361592069,0.024658773103096,,0.0,,0.0,0.9898467070792392,0.1365739451474667,0.98489979584493,0.0115290514589924,1.159697127285343,0.0131181823735076,1.0042876358337625,0.0524733326324084,3.3982823168066107,0.0707063404511005,,0.0,,0.0,0.0687129189697763,0.2844008520634758,0.9933333333333332,headline
rq1_rca,gemma-4-26b-a4b,V_LG,0.1455742215810403,0.2981592596033116,,,0.152589532558744,0.2839195669630469,6.05837368771435,1.2059216652674272,15.323924862082686,0.4795375103827223,1.0507773486965573,,,2.121580153785489,0.6894885532416234,2.2856773361338862,1.1788798413123374,4.260109545591403,,0.0,,0.0,1.0521709330264144,0.0027006647089697,0.990480055202008,0.0116315476659146,5.155727284760509,0.0246343101895182,0.7145979400398683,0.0236288383900437,,0.0,,0.0,,0.0,1.3631780305579615,0.0168374275979068,0.9216410608085478,0.0518159962638864,0.5033347223775476,0.0110904223984252,0.3420847651003179,0.0521964989677095,,0.0,0.0625953609544463,0.131940345227928,1.0,headline
rq1_rca,gemma-4-26b-a4b,V_MG,,0.2165927643146181,0.1626488707497146,,0.0817466719681834,0.1338381837825777,2.608269434176389,0.5543786509884309,6.559065775567033,,0.918904672652241,0.4471129195065796,,1.006436862316357,0.3343547250938966,1.0858244186348347,0.5678248343166309,1.8676824454809169,0.8009411156330127,0.0187150143777686,,0.0,,0.0,1.5292754124602066,0.0136464308884763,5.595955121119127,0.0204940798851617,1.0513357870310958,0.0040976011389411,,0.0,0.9443147494933942,0.1065782607989425,,0.0,,0.0,1.1509880457109685,0.0477557096903678,3.63642570576759,0.0609806688249707,0.3366959377343343,0.0061214146835543,,0.0,0.0569531262903478,0.2214360539978354,1.0,headline
rq1_rca,gemma-4-26b-a4b,V_ML,,0.2555540461872946,,0.0833597063798818,0.0808314024749543,0.1603976635502959,2.976478645679231,0.6216865836576672,7.584321099091529,,0.839359633157977,,0.6322833693483507,0.9676018898544514,0.382954958010167,1.2657573711816477,0.6457115806759485,2.3179680073826043,0.9652833763279812,0.0190605772533248,,0.0,1.4136582854979756,0.002340464857774,,0.0,6.8290112853304645,0.0210799066262609,1.4806065241028312,0.0135382435464629,,0.0,0.9778530094557952,0.0900764624790504,,0.0,1.2638875895307624,0.0093710111708116,,0.0,4.14650099229247,0.0572882762016015,0.5274845255660584,0.0214997770006739,,0.0,0.0560191922838227,0.1782355268521376,1.0,headline
rq1_rca,gemma-4-26b-a4b,V_MLG,,0.1953516422422515,,,0.0760718100921392,0.1307337673545092,2.3655494782134974,0.5006962662240698,6.024631801183249,,0.7887650003129326,,,1.049029399997709,0.2982860628357144,1.025674306471516,0.5160205681384599,1.816839194136875,0.8200610359637444,0.0222028417121415,,0.0,1.1019358260508558,0.0024993851508683,1.4588098183699272,0.0150520220510491,5.154825601883421,0.0218624280882093,0.8798882547693324,0.001975668183725,,0.0,0.9879805309455888,0.1174959119010664,,0.0,1.0306336480547538,0.009717002514237,1.0327383399208774,0.0451886390083911,3.681619562635966,0.0653929742162081,0.589009738355774,0.0054278032530893,,0.0,0.0635923451859935,0.2432223308929921,0.9966666666666668,headline
rq1_rca,gemma-4-26b-a4b,V_MR,,,0.360504473692408,0.0979084118299616,0.0736685829495441,0.1496785227813339,2.8094625972455267,0.587871016490404,7.225038140471949,,,0.7570560343921254,0.7581801201882592,0.9897346109496828,0.3801182778515325,1.1743426519292726,0.6040407289481327,2.144471630060743,0.9698607976539622,0.0171720302651422,1.3591170295395738,0.0020166571705295,,0.0,,0.0,7.233935912812305,0.0200334643185672,1.891702851303924,0.0155462990900023,,0.0,0.9300173166408292,0.0934174435919565,1.8338632548600915,0.0153927937487934,,0.0,,0.0,3.747276486105111,0.0558177618673516,0.552822966020857,0.0245664619276739,,0.0,0.0547684508442413,0.1891944611357755,0.9966666666666668,headline
rq1_rca,gemma-4-26b-a4b,V_MRG,,,0.2873807585884587,,0.0877497838976707,0.1195538164698029,2.200668533801062,0.4805281167538557,5.447626946953399,,,0.6907501359501883,,1.158768524860847,0.310337747723976,0.9500196103663052,0.502126957475233,1.638051256325708,0.7958747224592074,0.0209219400175528,0.86439754292936,0.0019082629774297,,0.0,1.5715346477155772,0.0157807693803559,5.476348839759286,0.0225509780473937,1.3657867505252068,0.0029928082910888,,0.0,0.9703306887457204,0.1329945909591385,1.3706567646879435,0.0157132257812016,,0.0,1.0057447261448933,0.0516958183699753,3.4049297791058986,0.069860449445854,0.4138232717459718,0.0045637036031706,,0.0,0.0641547587138211,0.2748277881593403,0.9833333333333332,headline
rq1_rca,gemma-4-26b-a4b,V_MRL,,,,0.1364738183361145,0.0816835270393088,0.1438331167557905,2.582449172088758,0.5378163131426075,6.741040734594368,,,,0.8758356399188238,0.8842070271601583,0.3138508043313334,1.129814552141943,0.5605133924009185,2.036922128776249,0.9526422403566052,0.0210783050408734,1.0992120083377193,0.0020445643737473,1.4650689495165228,0.0027193665406435,,0.0,6.171656478309465,0.0213783160976951,1.6317122735533156,0.0137263550584563,,0.0,0.9685961778226728,0.1019413124680299,1.205214066236572,0.0104728998099808,1.1689712624602018,0.0099677994630382,,0.0,3.677900803075159,0.0576615441877953,0.5699829410360019,0.0218348450850848,,0.0,0.0609469071114157,0.2018784010139291,0.9933333333333332,headline
rq1_rca,gemma-4-26b-a4b,V_RG,0.1471105077230282,,0.4270350917086997,,0.1859272686686246,0.2787658102902984,5.902294324516657,1.188415778650792,14.70602695167786,0.4930071197082801,,1.0733546442062265,,2.008804754785701,0.6551970764122605,2.197904018785182,1.149431580674065,3.911782913166507,,0.0,0.8234665231314884,0.0020936443425015,,0.0,1.0400976251343317,0.0121137497751613,5.1167534737288864,0.024238115011088,0.6486550349687986,0.0211962069427339,,0.0,,0.0,1.4702378617867486,0.0202671175682766,,0.0,0.8998372287289927,0.0550176797221087,0.4571186832814204,0.0110654997061781,0.3653772793680779,0.0623566635045433,,0.0,0.059641716071485,0.1487069605011067,1.0,headline
rq1_rca,gemma-4-26b-a4b,V_RL,0.1530478957640924,,,0.1870811707378733,0.1576511179607628,0.3153137350223195,6.301776155202098,1.2406698213794527,16.268012512614828,0.4269516390854904,,,1.257845118286067,2.1199332911652715,0.8069001610302942,2.4305017889828737,1.239757377634187,4.490899373126303,,0.0,0.9731571202345396,0.0028685990022095,1.0268428797654603,0.0030482825396376,,0.0,3.1447654972434336,0.017081972298303,0.6561347421654637,0.0317398307838399,,0.0,,0.0,1.1873247172400003,0.0205508971458642,0.8126752827599997,0.0132189808748484,,0.0,0.2684476740174017,0.0076038519533941,0.2782446398115398,0.0732249727333727,,0.0,0.05473868462399,0.1145987027074796,0.93,headline
rq1_rca,gemma-4-26b-a4b,V_RLG,0.1415306397807107,,,,0.1881713949645296,0.2978750239229032,5.740282178505781,1.1512558492078575,14.536797134891144,0.4742056880643326,,,,2.2387709928288912,0.7163094625327485,2.1893293082989764,1.1291765910249238,4.04607539889581,,0.0,0.7983789972210492,0.0022688175409481,1.1481843003828036,0.0032538338904455,1.0145432053967076,0.0131454688049533,4.506360088335798,0.0237434862937596,0.7052125349016003,0.0237188568267338,,0.0,,0.0,1.0821856349282346,0.0148360087428188,1.4245067112353778,0.0191779698492972,0.8898869244419605,0.0542972985849527,0.4508058380477184,0.010916101375081,0.3901712268718603,0.0606962812174166,,0.0,0.0661304633568405,0.1599236597695666,1.0,headline
rq1_rca,qwen3.8-27b,C,0.1748632037998525,0.4028552530402442,0.5594215382601171,0.2910007020271167,0.3675326207358527,0.5630125267586472,7.304800047597865,,40.50192547236118,0.4337055969048178,0.978815286830432,1.4566088318978212,0.9302574064996088,1.2627122288293573,1.236395200673973,4.8046863437696254,,13.597382726439282,,,,,,,,,,,,,,,,,,,,,,,,,,,,,0.0,0.0,,headline
rq1_rca,qwen3.8-27b,H,0.1460126846773711,0.3797992356843676,0.5918073081807993,0.3004768105250713,0.2888620514658954,0.4390443520364764,8.04170022115161,1.7904426018462691,43.4703411207054,0.4276064098462664,0.973372782134345,1.5445224262361956,0.9759562099161754,1.4192157215873866,1.187282332256705,5.2097437380494105,1.8809243918496197,14.812296463685367,0.7422989440166016,0.0069427405396331,1.621339139430983,0.0012714302280104,1.9183734709315732,0.0015011727086774,1.347303327599003,0.0047913274227885,6.007381224199381,0.0087227081370062,,0.0,,0.0,0.7237639001132952,0.0172705302579199,2.3956072046980785,0.0048197328545083,1.977073062889105,0.0038358426594389,1.2031169810206064,0.0108420716242558,2.0475944901783887,0.0076543848886212,,0.0,,0.0,0.0232293790361158,0.0444225622847442,0.0,headline
rq1_rca,qwen3.8-27b,LV,0.1538071045926425,0.371741573180718,,0.2906540559002787,0.2915995195905017,0.4511658094934008,7.804281554262531,1.7729798528761849,40.97983383984833,0.4545947105421342,1.0115714575027752,,0.9087792715813464,1.4234451614098649,1.199243312893977,5.310910865238665,2.0536566187763925,14.903130847986269,,0.0,,0.0,1.0,0.0022868732319629,,0.0,2.993627857888886,0.0123790771913385,0.2854934351101439,0.0112950514380728,,0.0,,0.0,,0.0,1.0,0.0038858110197345,,0.0,0.846097725685697,0.0054169593538508,0.406119353578028,0.0250409224755888,,0.0,0.0259610018613743,0.0343436928491742,0.0,headline
rq1_rca,qwen3.8-27b,MV,,0.3551016880020753,0.3300836644846915,0.1568235281125017,0.1441582402334554,0.2458318106092314,4.336583319527758,1.012809457637737,22.59072427646667,,0.927028330880586,0.9330033582346507,0.568331564117388,0.9066609362938968,0.735189579491444,3.075551557770784,1.51516774013858,8.363984216428621,1.0,0.0078317138768304,,0.0,,0.0,,0.0,9.288325340988518,0.0113152117852871,0.4131097893862261,0.0017661326998618,,0.0,1.0,0.0290274669704052,,0.0,,0.0,,0.0,2.3832892984943386,0.0107308610146613,0.409409954195253,0.0064782490308802,,0.0,0.0209130583619794,0.0462365770159468,0.0,headline
rq1_rca,qwen3.8-27b,S,,,,,1.4137599211586267,1.3042326198157368,8.085666842162109,3.0419872984545298,36.553884294232425,,,,,4.00383679716632,3.845145735249589,6.750427190851485,4.337313199710559,18.818622099051943,,,,,,,,,,,,,,,,,,,,,,,,,,,,,0.0416558442237223,0.0665739165773152,0.0,headline
rq1_rca,qwen3.8-27b,T,0.1516000007102587,0.3711708663491023,0.6132983113623219,0.2776005380130002,0.2632271606297964,0.3932218809568318,7.553147989775318,,42.30772440306816,0.4005567614647455,0.8808639154727879,1.4042680065825104,0.8203942253677339,1.2331752177452733,0.9599158657530272,5.533390791173158,,16.12603531193032,,,,,,,,,,,,,,,,,,,,,,,,,,,,,0.0,0.0,,headline
rq1_rca,qwen3.8-27b,TCV,0.1525691095670103,,0.7051027808178215,0.3134541953488223,0.2871566302476806,0.4416216916954985,7.572309825085911,1.7606178079575985,39.15898586839789,0.4355355488164538,,1.7550435840349463,0.9864217972170128,1.3788035602797273,1.1467711153046605,5.10604333035714,2.058859448611727,14.467065344825915,,0.0,1.0,0.0025427075798609,,0.0,,0.0,2.798413914252853,0.0129280143922515,0.2147853653736434,0.0094522056127294,,0.0,,0.0,1.0,0.0065531779758702,,0.0,,0.0,0.5006009036124455,0.0055859292949488,0.2111125139360217,0.0227007080612721,,0.0,0.0249229275848419,0.0348398153320912,0.0,headline
rq1_rca,qwen3.8-27b,TPV,0.1470252778898587,0.3634325592461326,0.6320075870090995,,0.3040212014515861,0.4992476103386114,7.544530098332807,1.7752532735415218,38.71710748583877,0.4113257120076338,1.1270304973973844,1.5377616207773823,,1.493267683097357,1.4008020903756648,5.378382441078964,2.0467743540308643,14.691811280255092,,0.0,,0.0,,0.0,1.0,0.0060240234990576,3.8799927134640217,0.0094507409492985,0.36788527527969,0.0066826380709746,,0.0,,0.0,,0.0,,0.0,1.0,0.0113840842707715,1.1601649109868288,0.0054867064915731,0.4048578952781473,0.013865728592718,,0.0,0.0221574025193308,0.0307365193550627,0.0,headline
rq1_rca,qwen3.8-27b,V,,,,,0.2834461522576092,0.33118092363216,3.0949496767816385,0.7363284385588864,15.137556289470249,,,,,1.2490236110248376,1.0305416907575409,2.686650628248501,0.9865163711464532,6.807028384033959,0.7628650745512925,0.0078689338920552,1.577193570928714,0.0013639958456215,1.8284570072423776,0.0015825405685856,1.325911887769117,0.0052043460182323,6.157768332460646,0.009872616081146,,0.0,,0.0,0.7456247762832388,0.0258894312783156,2.111517675985422,0.0062168725433335,1.9664021832399832,0.005779883780212,1.2080469417555244,0.0163720919703143,2.0822184487705004,0.0114376118638304,,0.0,,0.0,0.0258924324056408,0.0656958914360061,0.0,headline
rq1_rca,qwen3.8-27b,V_LG,0.1487062597250545,0.4005230609584691,,,0.2720649106274106,0.505140338922972,7.394701294750086,1.7575848469533255,36.852700321432,0.4258190196058194,1.038263292196925,,,1.3649133784448697,1.370815281560706,5.711821308587548,1.9224505689262763,15.126265699218012,,0.0,,0.0,1.3270646263066153,0.0020217351769939,0.9318750372362018,0.0065157868983996,3.5867787112074243,0.0101616259848413,0.4291348277938496,0.0084535517959028,,0.0,,0.0,,0.0,1.5379049941726504,0.0045517692512177,0.8839708778847046,0.0118452014845139,1.113393564611164,0.0061278839198928,0.5524504723974388,0.0204982839328322,,0.0,0.0271526998561377,0.0430231385884568,0.0,headline
rq1_rca,qwen3.8-27b,V_MG,,0.3121544538190071,0.3215138920949224,,0.1472754094905926,0.261831626739284,3.7881487270572447,0.8218102355323598,19.163265182269694,,0.993091268026721,0.8928431766093545,,0.9449168786447664,0.8246835629250621,2.9458682873283277,1.0651712941474325,8.529466677994519,0.8038125957640235,0.0066662309202729,,0.0,,0.0,1.5240816870360514,0.004818764391633,8.399555409583698,0.0108909751323105,0.3918447255574072,0.0005420828452562,,0.0,0.8744670035724873,0.0240769238950747,,0.0,,0.0,1.3273945179505755,0.0135538836213671,2.285808480685228,0.0097655821596583,0.5008857101047289,0.0021615364863942,,0.0,0.0229180532894727,0.0495579261624945,0.0,headline
rq1_rca,qwen3.8-27b,V_ML,,0.3422184004796867,,0.1521371002810279,0.1417700499783593,0.24173172360331,4.166729791956393,0.9547944480795174,20.984054354555088,,0.9547716763978078,,0.5350620541071761,0.8962529744682951,0.7291226051419711,3.375242201693855,1.3272507926218062,8.39054211482651,0.8823520929022339,0.007460293234734,,0.0,2.401807733443603,0.0016956619167764,,0.0,7.176675844831055,0.0094247097682652,0.7674244026039414,0.0029986069432034,,0.0,0.8822119264552598,0.0221748826761639,,0.0,2.4034778558808374,0.0050161696940377,,0.0,2.443802842261626,0.0094170842792522,1.1421342271813306,0.0129375605615703,,0.0,0.0215792718629792,0.0495456972110242,0.0,headline
rq1_rca,qwen3.8-27b,V_MLG,,0.3180043111658898,,,0.1398393419017803,0.2620738743040776,3.5120597055153424,0.7805547324634652,17.90211502234471,,0.9447454528066106,,,0.9322436759419196,0.8347375479483143,2.615501747952575,1.2685532101643862,6.914800881972613,0.7524102919766549,0.0068753965218936,,0.0,2.0764158588968904,0.001588970530341,1.4216820816580762,0.0049473473614849,6.546976326095391,0.009310607070668,0.6660367474506731,0.0005079381615439,,0.0,0.7995134388721058,0.0266225170073579,,0.0,1.8871144592085367,0.0052547749891713,1.3336361109650223,0.0169205899051515,2.451861850094108,0.012782774440297,0.835942272958507,0.002294791670101,,0.0,0.0232302596459315,0.0638754480120788,0.0,headline
rq1_rca,qwen3.8-27b,V_MR,,,0.5285059789509744,0.163450128934197,0.1347297996263396,0.235648694818837,3.988094389866485,0.8931143577623176,20.077339360719566,,,1.4162861201557526,0.605633483648136,0.8541402599308799,0.6893026484121324,3.298168174430517,1.125919500458802,8.494831381381937,0.8815893816641579,0.00784973473643,2.410895651268023,0.001798987252529,,0.0,,0.0,7.419239330017628,0.0102783912052951,0.6168758226836598,0.0025450777802963,,0.0,0.8600279869676414,0.023425873183157,2.667805702411472,0.0060026407047954,,0.0,,0.0,2.245455532664592,0.0095304804111656,0.7510314004586269,0.0094212521410387,,0.0,0.0224721909745506,0.0483802464401569,0.0,headline
rq1_rca,qwen3.8-27b,V_MRG,,,0.4907993115551975,,0.1463786592773885,0.2593100966784255,3.281596536659287,0.7495343046576858,16.636839081624775,,,1.4462118783886897,,1.0014723688806533,0.8720952078051878,2.425651668483522,1.1106096074380836,6.641968661663073,0.7848442276812126,0.007242231822561,2.0239431583241325,0.0015597954785936,,0.0,1.3462120511021445,0.0047356631677864,7.230188909301546,0.0103848971721096,0.7022958207441415,0.0005382349243975,,0.0,0.8025185278288232,0.0274890993344867,2.370706983217436,0.0068989060134899,,0.0,1.2149667727779652,0.0158929609793527,2.285121370594307,0.0121212242368023,0.8651492608883541,0.0024726141765631,,0.0,0.0244608225654484,0.0648748047406949,0.0,headline
rq1_rca,qwen3.8-27b,V_MRL,,,,0.2422451553748048,0.1394570111072576,0.247725293188899,3.726322524622412,0.8280768692041551,19.20001971502169,,,,0.7909000722285092,0.8716978606538283,0.7209993643754454,2.974845614100653,1.188509571304437,8.76667732952309,0.8226960577114187,0.0076979018674055,1.9094786685385967,0.0014970437724888,2.203147417224481,0.0017317515221707,,0.0,6.312880609957913,0.0092068925027078,0.7159232686184154,0.0025555878677842,,0.0,0.825717972622524,0.0280086656181389,2.247651849857303,0.0063140092507294,1.828967274144222,0.0049777515525886,,0.0,2.332645232073807,0.0122324885033641,0.9833990657161608,0.0119056372698793,,0.0,0.0226891775325572,0.0634385521947005,0.0,headline
rq1_rca,qwen3.8-27b,V_RG,0.1473186278479976,,0.7450385687202951,,0.3046591642015261,0.5141052916844829,7.184143322748287,1.6740663357783854,35.3811850000408,0.4224073550083762,,1.8300906664280756,,1.5027623591860289,1.427111631792407,5.3652700334289465,1.764879492283554,15.008020517000698,,0.0,1.483409792299543,0.0022539925398458,,0.0,0.8971991376827569,0.006250050686547,3.7229430666698295,0.0105427922815967,0.3934168158583102,0.0077092297268389,,0.0,,0.0,1.8430665350115687,0.0059456381168513,,0.0,0.815235595195097,0.0118331466872962,1.0069455208511413,0.0060016697864202,0.4498679420271267,0.0182632029345928,,0.0,0.0267560652348286,0.0420436575251607,0.0,headline
rq1_rca,qwen3.8-27b,V_RL,0.1544270252176142,,,0.323119830530836,0.2913497917066253,0.4684125484180289,7.405011242891569,1.751441385763271,37.08444008735141,0.4493635211554894,,,0.976519741648613,1.3505766552686855,1.17421543291777,5.373976189496816,2.051220687039133,14.5545531926641,,0.0,0.9427478324320616,0.0021015425371313,1.0572521675679385,0.0023647440389304,,0.0,3.509759236332799,0.0141775063153934,0.3131573781898994,0.0114340650263527,,0.0,,0.0,1.2345080984255945,0.0061422053234613,0.7654919015744055,0.003679007322841,,0.0,0.7456378395706525,0.0062786748568927,0.3498045324610791,0.0264148418655871,,0.0,0.0300778579178079,0.0425147293687822,0.0,headline
rq1_rca,qwen3.8-27b,V_RLG,0.1506855791899737,,,,0.2983733416119747,0.5463015881672152,7.096003717807986,1.623729273351497,34.27312709001664,0.4525109814660428,,,,1.4175236052826514,1.4805482289952216,5.290153340339806,1.8181490540582277,15.350438690583472,,0.0,1.1655173120965543,0.0018569804457471,1.268488332278638,0.0020156980814624,0.9103382422443692,0.0066220772451246,3.566748540891771,0.0105684358653764,0.432801022063423,0.0082089816017883,,0.0,,0.0,1.5876484755795115,0.0058300401478781,1.2390612506632364,0.0044052861102934,0.8206332386627812,0.0133225979161142,1.048278366850736,0.0068360888292969,0.5036522433558417,0.0207779736656867,,0.0,0.029272173239499,0.0511719866692695,0.0,headline
rq1_cf,gemma-4-26b-a4b,V_FACTUAL,,,,,0.1262959713103097,0.1409103621864771,2.072558498659809,0.4430358149467267,5.4038811368156106,,,,,0.9735979978917166,0.3476413916754995,0.9557733583679152,0.4647408539617595,1.654120740846683,0.8316379822940765,0.0224243176647098,0.7913008259799235,0.0017923542068762,1.2461661695295465,0.0028193872567749,1.4306291686999657,0.0155972626647233,5.736959513886813,0.0243387113414361,,0.0,,0.0,1.0054488255703284,0.1443279628168637,0.9218596324115758,0.0112489625789825,1.1572903545390163,0.0134372061333631,0.9870990121454812,0.0571870197667628,3.2602138629487434,0.0716230642527758,,0.0,,0.0,0.0669720331345206,0.2978242155487481,1.0,aegislab
rq1_cf,gemma-4-26b-a4b,V_NEUTRAL,,,,,0.117913836424672,0.1451297037563307,2.161339791820121,0.4924689808939254,5.699634493524477,,,,,1.6546924856815317,0.6911073891259931,1.3255227575057753,0.5825645324955642,2.1533594144073898,1.0398866763579455,0.0111784459667212,0.4493688876980394,0.0004021028494445,0.5683732658483344,0.0005100326091284,1.1144427402988664,0.0048563687191373,7.258544613369647,0.0121859288636867,,0.0,,0.0,1.103786674918467,0.0069585344696819,0.5069812149583561,0.0002686571709681,0.5821165480822553,0.0003072927462535,0.9387707025863232,0.002421528441881,8.887263123737197,0.0087506632655378,,0.0,,0.0,0.0291328790081183,0.0187066760943224,1.0,aegislab
rq1_cf,gemma-4-26b-a4b,V_PLACEBO,,,,,0.1263991136858199,0.1409445913200768,2.0718522463963813,0.442752769943164,5.402280272489728,,,,,0.9869343737297988,0.3490003434819032,0.9504783166154338,0.4650847111932294,1.639587178780709,0.8349948444030604,0.0225482980907478,0.7892632392756355,0.0017900098909865,1.2462141694584254,0.0028228462303323,1.423130109827425,0.0155345383634634,5.736005854739051,0.0243714716068678,,0.0,,0.0,1.0140012274992192,0.1461404268214622,0.8937441286430291,0.0108695882194528,1.137455989546383,0.0133035610539157,0.9710534321362068,0.0566971527572105,3.18008189589425,0.0698348921031181,,0.0,,0.0,0.067067164182398,0.2968456209551596,1.0,aegislab
rq1_cf,gemma-4-26b-a4b,V_TARGETED,,,,,0.1263800380726161,0.1410655086278914,2.072241179371701,0.4430346559061437,5.40182544532813,,,,,0.9662203180170902,0.3490120651183221,0.9241830733357774,0.4580582740881471,1.62337012225028,0.8354106267654231,0.0225505225191546,0.7869319497142203,0.0017843749842691,1.24651339590968,0.002822976649901,1.4220295993764298,0.0155188824518228,5.7441095950135335,0.024395250821267,,0.0,,0.0,1.001203026089654,0.1485143434579913,0.9828263349696862,0.0121995849563361,1.224471651029066,0.0144782844207402,0.9730233868850424,0.0575872233559507,3.123436073876492,0.0704812663088512,,0.0,,0.0,0.0670720074264147,0.3032607024998697,1.0,aegislab
rq1_cf,qwen3.8-27b,V_FACTUAL,,,,,0.2717287566897984,0.3057635883823863,3.274651598161916,0.7588359071572883,16.195488573863752,,,,,1.1529760255987205,0.935189967746322,2.736454564954108,0.9345759846003424,7.25039197071713,0.799102698828969,0.0087772289360987,1.4898155297462967,0.0013748993384605,2.00594679517121,0.001847671721452,1.2019690582126488,0.0053565796058045,5.36639115804744,0.0092439247505097,,0.0,,0.0,0.6895430208148566,0.0275897595100941,2.151867911970744,0.0072045977842983,1.856763406217557,0.0062181488033769,1.3545294407464543,0.0218753473569627,2.609178989587652,0.0161059171263794,,0.0,,0.0,0.0266003043523257,0.0789937705811115,0.0,aegislab
rq1_cf,qwen3.8-27b,V_NEUTRAL,,,,,0.2447098482049365,0.3093805303106484,3.38384147860686,0.7974730557459252,16.6946084410925,,,,,1.2595625976152212,0.8846757194776987,3.0902589106955984,0.987996616899866,8.304392272408528,0.909801826308582,0.0038376398190429,0.9751583153561704,0.0003463658893017,0.7168108833499635,0.0002553360865273,1.298176369029217,0.0022276036447881,12.051371307972945,0.0079857114194898,,0.0,,0.0,1.016736396859432,0.0038163117482864,0.7628058849069038,0.0002391447023579,0.7562920437093199,0.0002395864854008,1.0666422604195598,0.0016135883433383,11.81335544099474,0.0067636485265385,,0.0,,0.0,0.01465265685915,0.0126722798059222,0.0,aegislab
rq1_cf,qwen3.8-27b,V_PLACEBO,,,,,0.2717124351341214,0.3058119888826682,3.2750467474269533,0.7589225244385063,16.191960970486363,,,,,1.1553311624033027,0.9335315144154106,2.730371678257212,0.9387008162030764,7.266159873299809,0.7989361500241202,0.0087749082814473,1.4897680474418715,0.0013747612263695,2.003739538672111,0.0018455439978519,1.202935888587912,0.0053604365830602,5.365378504059354,0.0092409955272205,,0.0,,0.0,0.6884747490975657,0.027695307475658,2.1470709202277125,0.0072294941496952,1.8632082386934312,0.0062700688700361,1.3573388163423477,0.0220449931192099,2.6135136457833177,0.0162302731038182,,0.0,,0.0,0.0265966456159496,0.0794701367184177,0.0,aegislab
rq1_cf,qwen3.8-27b,V_TARGETED,,,,,0.2718992637363453,0.3057481150727185,3.2743832526477115,0.7589707980788236,16.19178434890473,,,,,1.1526928179905516,0.9383189556126524,2.721284324233939,0.939876164743716,7.2979456292767795,0.8000781609257763,0.0088207577518647,1.4860345697984627,0.0013763494425362,1.996487797950134,0.0018457979881378,1.2025106666999157,0.00537650753696,5.368816536639304,0.0092802099690459,,0.0,,0.0,0.6895867488908116,0.0279752253630793,2.148911170149733,0.0072810919712108,1.882544126058504,0.0063925915078692,1.3497237071025976,0.0220833475354738,2.6173424471244595,0.0163697667727471,,0.0,,0.0,0.0266996226885448,0.0801020231503804,0.0,aegislab
rq1_qa,gemma-4-26b-a4b,L1_CONTEXTV,0.1370478032915461,0.1847253223847976,0.2883780644982734,0.1415917309716922,0.116117316414524,0.2001186238910613,2.3498185880187497,1.5804409449265855,39.46785273019297,0.4395933184550359,0.7497898500259196,1.4282199423982511,0.6209993822680205,0.6992009557702122,0.3274780702865647,2.365773871721741,1.2082644842949106,0.6396662649178083,0.8748572590546749,0.0170761379395783,0.850156923480807,0.0016686248973962,1.1721266637047965,0.0022220428084408,1.3374998707437418,0.0117002044615152,6.59122633501287,0.0297424259871249,1.1740187993932982,0.0133597589366629,,0.0,0.9637182901255325,0.0951913260139729,0.86074618909291,0.0092230201902292,0.918761580431436,0.0103143514625759,1.1574106006998175,0.0571513181980315,2.1639332329961736,0.0469664535954559,0.4416355362632804,0.0348533449561632,,0.0,0.0757691950307185,0.2536998144164289,1.0,aegislab
rq1_qa,gemma-4-26b-a4b,L1_PATHV,0.1502148689152789,0.309141037041546,0.3441973235315657,0.1449345268435262,0.1569186464108156,0.3361996566662084,3.932529563136001,2.692798825001296,69.1650923813194,0.3359907882188065,0.7435600511636598,0.6963944093324931,0.4335414037485575,1.1190007580293768,0.6582653288773652,4.594272737765791,1.982576536614148,1.0643322833418158,1.0,0.004746861890733,1.0,0.0005626455159281,1.0,0.000685155996315,1.0,0.0039171901561535,6.06147251017691,0.0239241097761568,0.8732299361849115,0.0239878828075483,,0.0,1.0,0.0638866851689571,1.0,0.0131755829406631,1.0,0.0084838639851281,1.0,0.0430668723663496,0.5945375335080811,0.024135372760472,0.2117847589006685,0.0890400254780248,,0.0,0.057823846142835,0.2417884026995949,1.0,aegislab
rq1_qa,gemma-4-26b-a4b,L1_S,,,,,0.1536763097776031,0.1222773642976288,1.1337756380828148,2.974715185435825,18.99936611771415,,,,,0.7634887624186086,0.2599651705716181,1.6823344949737744,1.415046438708758,0.452428674634126,,,,,,,,,,,,,,,,,,,,,,,,,,,,,0.0753388008764545,0.332368277932016,0.0,aegislab
rq1_qa,gemma-4-26b-a4b,L1_T,0.218602660186109,0.390104836686876,0.4605953904563468,0.2019824566195066,0.2090781314789516,0.488382434209586,5.799213046250055,,91.96657540717662,0.5958601759571579,1.0738790066993902,1.4130281470245674,0.6243122863734974,1.3513655346574418,0.7947653775134872,6.066937742009097,,1.5648330282946288,,,,,,,,,,,,,,,,,,,,,,,,,,,,,0.0,0.0,,aegislab
rq1_qa,gemma-4-26b-a4b,L1_V,,,,,0.1319138322194863,0.1263941206737334,1.3528646880175583,0.8981091733905157,22.15354011884366,,,,,0.588584106885236,0.2529690823757078,1.585015570984441,0.7316846871889833,0.375941566693179,0.8371648917968767,0.0248699585873075,0.7533709609716681,0.0018863461254575,1.1356526997365877,0.0028350576912572,1.44718904817969,0.0173946662947181,6.467445949088255,0.0302475027958842,,0.0,,0.0,0.95612501205484,0.1833424128058285,0.7547642523816335,0.0117272566130286,1.1761820119473227,0.0171472739693401,1.1333994373318326,0.0855151299092191,2.225196184157409,0.0643050061215903,,0.0,,0.0,0.0772335314946246,0.3620370794190068,1.0,aegislab
rq1_qa,gemma-4-26b-a4b,L2_CONTEXTV,0.1461261709140294,0.2534424799252044,0.3009180295031755,0.1296193978948512,0.126486709959831,0.2661934337295155,2.834282046237155,2.139758928136166,55.70754809704778,0.4194101962997718,0.7337072060470009,1.643450328366994,0.6787611053419376,0.8162727447004738,0.4896570313068228,3.0405386939230463,1.5904330422200077,0.7488268144547079,0.928880947692556,0.0104702875369743,1.007213475170509,0.0011815862258715,1.1080905520737852,0.0018422119550898,1.1815211529522398,0.0060398675404565,6.3801260235458095,0.0273528231703085,1.0470230336008428,0.0219929175135083,,0.0,0.9566586899564148,0.0542353273370649,1.2480861343095546,0.0105407403680335,0.92191220319619,0.0104431478958182,1.0990490176332064,0.035995154215925,1.299378278914609,0.0268958919546432,0.3789732107583747,0.0530476095419715,,0.0,0.0688796939422093,0.1911578713134565,0.95,aegislab
rq1_qa,gemma-4-26b-a4b,L2_PATHV,0.1434515519850728,0.2450101485849395,0.313585836505129,0.1284958471161463,0.1275879631855442,0.2545512350160977,2.7361801464597715,2.0676241820704018,53.641007089261386,0.3132382654415667,0.6187590810978175,0.6245047622064496,0.3884684097978922,1.0131878380342003,0.5491338270657574,3.026880296791442,1.4880342520670349,0.7075065956915795,0.9033640345689588,0.0105086622112972,1.0308161422975732,0.0014250357155229,1.0673428969760774,0.0010993736110659,1.1903842923411427,0.0087294121690188,6.483332044196137,0.027919778550377,1.0697905168327884,0.020045608484065,,0.0,0.9544053609547876,0.0924165323134787,1.1597623738569227,0.0166991276959692,1.262636541382245,0.0113421114745769,1.0276994625632792,0.0603854034405006,1.0074573509934213,0.0320190733546412,0.3215646007869503,0.0655874988590315,,0.0,0.0697278707413471,0.2784497471381983,0.96,aegislab
rq1_qa,gemma-4-26b-a4b,L2_S,,,,,0.1622059992495155,0.1230277827742072,1.022964097644956,2.945139183779284,19.535375161929604,,,,,0.7658067595625044,0.2763144726437871,1.4421254047975325,1.207211522162257,0.3853787398640427,,,,,,,,,,,,,,,,,,,,,,,,,,,,,0.0747906750415631,0.3349874622662026,0.0,aegislab
rq1_qa,gemma-4-26b-a4b,L2_T,0.2195318293156428,0.3886748011141756,0.4597727747040129,0.2061095532962527,0.2079236452055709,0.4757155148695025,5.0719485408051845,,92.22881163629184,0.5816634483626925,1.0863772428338074,1.4692790370501536,0.7024393860959002,1.266103050491026,0.7939318959293236,5.1862463766343145,,1.308364807868019,,,,,,,,,,,,,,,,,,,,,,,,,,,,,0.0,0.0,,aegislab
rq1_qa,gemma-4-26b-a4b,L2_V,,,,,0.1389460526360417,0.1267245030333623,1.217642957975845,0.8912898489286032,22.361181117419864,,,,,0.608987847819531,0.2740486871440671,1.3858893577075426,0.7130576578789106,0.3612197846377391,0.8233761839568278,0.0251606497495114,0.725622131163624,0.0018654607655518,1.1404826134555517,0.0029268505918214,1.485477296880979,0.0183877385513463,6.374746231882357,0.030604811584493,,0.0,,0.0,0.9205053234809388,0.1753924622687272,0.9724933279028306,0.0152920301072414,1.5224948449606517,0.0233362028119553,1.102022246587914,0.0836811838661474,1.7929768378201991,0.0524718107962305,,0.0,,0.0,0.0789455112427242,0.350173689850302,1.0,aegislab
rq1_qa,gemma-4-26b-a4b,L3_CONTEXTV,0.1536749392752531,0.2999061707629983,0.3391467215656947,0.1493150242597651,0.1590790497444955,0.3327474319970235,3.1415541687364303,2.6402267760829297,70.34155958554244,0.4465608919503021,0.9411883474331596,1.7473079021354714,0.6712581481739172,1.1032271880739042,0.661291314114542,3.299020892514305,1.90780490848723,0.8441995429982104,1.0,0.0046406353474533,1.0,0.0003977198103648,1.0,0.0011167127748759,1.0,0.0024213459687392,5.660884493921068,0.021591238420479,0.8974202683567275,0.0248151206917366,,0.0,1.0,0.0270503092168022,1.0,0.0052182632150596,1.0,0.0082269378224255,1.0,0.018681961313245,0.8104456548060606,0.0164684016033176,0.2734844284517341,0.0525814642089339,,0.0,0.054982773013649,0.1282273373797841,0.99,aegislab
rq1_qa,gemma-4-26b-a4b,L3_PATHV,0.1399125164702363,0.2150440572891628,0.2880178184820822,0.1377869991559832,0.1169933310385416,0.1926801837888342,1.8410710901199487,1.5262350342437738,39.10826005322728,0.3075437944931777,0.4482499069287629,0.4544508415574758,0.3720713244937333,0.9457521749733844,0.4414778560906612,1.9785488212273887,1.105719666399923,0.5060742311037661,0.8412912298036512,0.0164776918554336,0.8337528441222944,0.001762843279685,1.155240679229056,0.0017860202914229,1.3832700188759068,0.0136679771873312,6.247625897093278,0.0283741588625916,1.1444388504013223,0.0116501911768612,,0.0,0.9365279125559848,0.1248862121094356,1.098713566626626,0.0164272089605135,1.5308851873804452,0.0169428496044243,1.0412338324310642,0.0712811126868619,1.3262667344029222,0.0387923376729439,0.4741820934302779,0.0357552824484384,,0.0,0.0737188826533258,0.3040850034826178,1.0,aegislab
rq1_qa,gemma-4-26b-a4b,L3_S,,,,,0.1611124527070764,0.1238730771341365,0.9220082579164048,2.9640294138138628,19.742479872704976,,,,,0.7975918915140429,0.2845964215464067,1.166369335892833,1.1404454104111106,0.3656359869253141,,,,,,,,,,,,,,,,,,,,,,,,,,,,,0.0736041163995946,0.3478454411814152,0.0,aegislab
rq1_qa,gemma-4-26b-a4b,L3_T,0.2199526091175256,0.3845971872632498,0.4579044626489646,0.2060810860995269,0.2125006604561596,0.4744893161193061,4.542470146139216,,91.54887798141608,0.5723320287539048,1.1068245377786108,1.616005578383315,0.7103426867321434,1.3148100232637303,0.8248996163293576,4.439637833168181,,1.1599403811756792,,,,,,,,,,,,,,,,,,,,,,,,,,,,,0.0,0.0,,aegislab
rq1_qa,gemma-4-26b-a4b,L3_V,,,,,0.1388612448788587,0.1263761625068116,1.094719828131471,0.8879390746252226,22.55693818327984,,,,,0.6543637207736305,0.2949760387714832,1.2351694600786485,0.7091603676065124,0.3164090979945284,0.7877701826944601,0.0242118570210472,0.720094823948031,0.0018617197416175,1.1041605037775009,0.0028554004154137,1.5806195413218571,0.0196928283788047,6.332906157762413,0.0305683780229326,,0.0,,0.0,0.9072041380146848,0.1691054148000403,1.02317102752437,0.0159054904908299,1.5628992234877692,0.0238164693853752,1.1198685638683856,0.0838356871414328,1.6792027817460866,0.0483302615184539,,0.0,,0.0,0.079190183579816,0.3409933233361323,1.0,aegislab
rq1_qa,gemma-4-26b-a4b,L4_S,,,,,0.1605768453693964,0.1229424295763868,0.857238409672609,2.9588592532637947,19.79010727416324,,,,,0.7791284930943256,0.2843689314648467,1.0803254287118669,1.049145083012218,0.3558806171770067,,,,,,,,,,,,,,,,,,,,,,,,,,,,,0.073487963089602,0.3538313281880201,0.0,aegislab
rq1_qa,gemma-4-26b-a4b,L4_T,0.2211388661788914,0.377935978264559,0.4602374540589051,0.2043941184242379,0.2086462105900446,0.464083417881398,4.198438032851128,,91.18221740284793,0.5632127816973117,1.120807959869226,1.7825984773556278,0.6869857747674648,1.404699265925687,0.8611331429704545,3.8573994065646193,,1.081698836404147,,,,,,,,,,,,,,,,,,,,,,,,,,,,,0.0,0.0,,aegislab
rq1_qa,gemma-4-26b-a4b,L4_V,,,,,0.1366764180044141,0.1249431145683385,1.0163724441276998,0.8894163014207941,22.574186893101988,,,,,0.6877978767512121,0.311290683936253,1.1241934820016413,0.6888639411796995,0.3098064044406936,0.803966029092305,0.0238105351660885,0.7399709981297519,0.0018447267934799,1.1337720426202662,0.0028200642827289,1.5306816033763408,0.018386314248774,6.344345839673142,0.0295236547809613,,0.0,,0.0,0.8847493681208435,0.1634481181807563,1.1408046269550978,0.0176434951218643,1.69227641835332,0.0261908900994906,1.116932468752076,0.0835344481376787,1.593851266903145,0.0455398256970883,,0.0,,0.0,0.0763852952720328,0.3363567772368784,1.0,aegislab
rq1_qa,qwen3.8-27b,L1_CONTEXTV,0.1522342100082341,0.3188263959115202,0.5425396471923079,0.2536185529785552,0.1857641107703788,0.23323799080422,7.308801675196597,3.051575235434945,23.28047620223469,0.4440457077755837,1.2082618069702165,1.701735202800546,0.7165743921753507,0.63395370607184,0.776850642311384,7.85346450533085,2.6054759907385203,2.021109014153639,0.7788921798234161,0.0063614604623481,1.6820519430456944,0.0015674571932498,1.9642531207139131,0.0017894139061134,1.206209738919856,0.004859430528599,6.751160645805217,0.0136111007423366,0.6584918095994818,0.0041915455839675,,0.0,0.818237229612177,0.0158613805038657,1.7645790855403782,0.0032272962670053,1.808881815179268,0.0033799685425908,1.106877785046244,0.0092447159320297,1.839090257306819,0.0079809615382679,0.9859231942515904,0.0103592899982041,,0.0,0.0323804084166147,0.0500536127819636,0.0,aegislab
rq1_qa,qwen3.8-27b,L1_PATHV,0.1529899567202059,0.4067374996196933,0.6010885633376949,0.2584083577682389,0.2520338776420745,0.281739566664916,10.902577633749113,4.790993070887496,37.30520705944989,0.3509636314417527,1.0291579167494342,1.1606784855154209,0.6749150797442645,0.9930898571954848,1.0263839531018957,12.293554578222876,3.798312921130112,2.65869110537522,1.0,0.0026120624147385,1.0,0.0006111299801519,1.0,0.0006956277501791,1.0,0.0023436148836275,5.404773146144768,0.0149849152167191,0.3440376715468334,0.0090832561533174,,0.0,1.0,0.0080150660764499,1.0,0.0010466376438409,1.0,0.0009190701505598,1.0,0.0030547331883768,1.2829867892032245,0.0063679380165245,0.4164951977318591,0.0168005887395401,,0.0,0.0303306063987338,0.0362040338152922,0.0,aegislab
rq1_qa,qwen3.8-27b,L1_S,,,,,1.2206671861101313,0.9936098120851294,20.00627891465853,12.237222681589769,28.33605987288113,,,,,2.51279611346526,2.7390347099187533,21.247605912044364,6.958469665717366,3.788652824328089,,,,,,,,,,,,,,,,,,,,,,,,,,,,,0.0513104395414668,0.0938997970328712,0.0,aegislab
rq1_qa,qwen3.8-27b,L1_T,0.2893450036584994,0.4966938956109705,0.8739600852794983,0.3381225652381678,0.3053584843312097,0.316891366992464,13.071932572744483,,58.94154478771878,0.513286187033874,1.2045689878837027,1.5700236374363634,0.770735726983455,0.8434332990214259,0.9557471043413724,13.519978456306935,,3.305808330219776,,,,,,,,,,,,,,,,,,,,,,,,,,,,,0.0,0.0,,aegislab
rq1_qa,qwen3.8-27b,L1_V,,,,,0.2888826412682546,0.2564726832897495,5.3427095433176826,1.944404259525268,12.604302969480877,,,,,0.8183602954949357,0.7966410510439051,4.87486743457002,2.108036622190464,1.6959349502943388,0.7278105469958875,0.008528317570705,1.6939268107733116,0.0016672894290458,2.247466581551258,0.0022057652461628,1.2864757087223049,0.0061124433542684,6.637527557758096,0.0121939919912562,,0.0,,0.0,0.8377660296521755,0.0290382189166782,1.3704397481195514,0.0039784789850316,1.4688985311762424,0.0042833673616294,1.2314760117994457,0.0173928911648909,2.169044203726985,0.0117632488494578,,0.0,,0.0,0.0307078075914385,0.0664562052776881,0.0,aegislab
rq1_qa,qwen3.8-27b,L2_CONTEXTV,0.1553253818209149,0.3645713705472895,0.5355701076094431,0.2334290276493458,0.2171206945511924,0.2487906414519298,7.76100472373135,4.046874907530271,29.81439429708999,0.3770255458132592,1.0402082615187347,1.6655308444944328,0.6084081142827006,0.794441430025808,0.8318894670167911,8.598189024329734,3.4025475879089013,2.589600727872814,0.8424663752354817,0.0043089291431372,1.4616401654904752,0.0011232786155605,1.7219392093076422,0.0017391856720777,1.1374210453010096,0.0031487030994189,6.136033948230469,0.0149177413756233,0.5149243424069038,0.0079818192862933,,0.0,0.8905373001562923,0.0114252571388584,1.5092380309018687,0.0021579424153063,1.6617039744402191,0.0028153999647501,0.9998604612965658,0.0046975456859717,1.4499842776182947,0.0067599575673495,0.7572495393280627,0.0179000798826008,,0.0,0.0332196571921112,0.045756182654837,0.0,aegislab
rq1_qa,qwen3.8-27b,L2_PATHV,0.1480809716940653,0.3711724792158277,0.5871832298053241,0.2349486439197803,0.2166824791705736,0.2523962508356884,7.650076069330671,3.928938256368666,29.57828273503684,0.3438992904277237,1.0003937815020891,1.1486681510213836,0.5372714225701518,0.983762094898974,0.9633655704262551,8.720135490836663,3.266100154439985,2.2931276106800254,0.8482218712317845,0.0045882218912945,1.6368311809159135,0.0013666794235748,1.578261864465163,0.0009793304045827,1.1268142627754936,0.0041900458765525,6.4453526903005125,0.0148642334382063,0.4992888905345051,0.0069969566162381,,0.0,0.8995175095429032,0.0113329076671718,1.819255087154232,0.0027586209464397,1.5980632256792884,0.0015732523329639,0.9732388210843708,0.0063356100507553,1.5371227656345026,0.0065735356536685,0.7018282046372323,0.0149619308333306,,0.0,0.0329854676504493,0.0435358574843301,0.0,aegislab
rq1_qa,qwen3.8-27b,L2_S,,,,,1.2683352870764977,0.9407749228835472,16.52851977773496,12.513323192271011,29.29991366766455,,,,,2.6595139684518903,2.717766220614254,18.671959325462197,6.930314346006655,2.720674272090848,,,,,,,,,,,,,,,,,,,,,,,,,,,,,0.0541046890184166,0.0775902793987833,0.0,aegislab
rq1_qa,qwen3.8-27b,L2_T,0.2864680916271139,0.4994049346251284,0.8747467197128327,0.3454058120098697,0.29346681182207,0.3111929226529739,11.168615822009649,,59.68684880324385,0.5141354239967724,1.2305926865466597,1.5927934639031145,0.7142455401748491,0.9313902714909597,0.932491528456174,11.86546452225116,,2.9185527992632423,,,,,,,,,,,,,,,,,,,,,,,,,,,,,0.0,0.0,,aegislab
rq1_qa,qwen3.8-27b,L2_V,,,,,0.3011123763488176,0.2515802641025603,4.499734214293825,1.9583272023495453,13.511046805971556,,,,,0.8490194318754343,0.8104470703740454,4.33875180439344,2.0450979592213283,0.9963158069319918,0.7394855002985345,0.0086910752681851,1.6391470991297568,0.0016156206970899,2.173285899748746,0.0021394490718854,1.2847538372229732,0.0061159986943194,6.479173301651299,0.0119372187209129,,0.0,,0.0,0.7849977799225039,0.0294161238744121,1.776222769348187,0.0055672621483459,1.746578868660391,0.0054810036443455,1.2170428413347147,0.0186144655643685,1.5638450652826814,0.0091356192535239,,0.0,,0.0,0.0304993624523929,0.0682144744849961,0.0,aegislab
rq1_qa,qwen3.8-27b,L3_CONTEXTV,0.1529642401512854,0.3963856282809849,0.5754045695451258,0.2667058813475195,0.2656772246475203,0.2595622734747263,8.12002264065904,4.843046669248456,39.068970543661386,0.4067207318257383,1.0661341420487522,1.65377084005386,0.6468381018791418,1.005115242359858,0.9269086514571334,9.323486423347306,3.3769247803178053,2.167023088764823,1.0,0.0026346076388777,1.0,0.000436970475663,1.0,0.0011143254091711,1.0,0.0014800019436364,5.217697009267485,0.0148324846523262,0.3372414155318033,0.0097462818073845,,0.0,1.0,0.0091500906723868,1.0,0.0007762693116876,1.0,0.0013020600670907,1.0,0.0023505485437795,1.0720139431566649,0.0060127957655805,0.4446463271002506,0.0192482100960311,,0.0,0.0302446719270592,0.0388399744565563,0.0,aegislab
rq1_qa,qwen3.8-27b,L3_PATHV,0.1473133957952329,0.4142629854191564,0.5751638566421878,0.2488282178957391,0.2006061923286168,0.2219570774769311,5.459899580541239,3.0309788406922773,22.819653610956163,0.3808107003626162,1.1366322965435778,1.0661932064436497,0.5890249854857217,0.9097185331905512,0.8891048762146909,6.312773790178963,2.4131343414831354,1.8767406198784944,0.7618630297592915,0.0062345399444241,1.746748033419484,0.0017168106942224,1.8709700910272944,0.0014418721338209,1.2450212253917363,0.0055577625394768,6.898917638260342,0.0138170167333725,0.677076528221129,0.003892607796725,,0.0,0.8320972810388712,0.0192777885992766,1.67726608486236,0.0039508693288282,1.9214246462243751,0.0030228755309013,1.082791288696077,0.0117943241418939,1.7100868455045255,0.0086375870386243,0.975005966712056,0.0102924265627225,,0.0,0.0326606098420419,0.0569758712022471,0.0,aegislab
rq1_qa,qwen3.8-27b,L3_S,,,,,1.341757196113778,0.9086110371571936,14.917813285015953,12.259359302805894,25.632113429722352,,,,,2.7275346834457173,2.6542110342083247,16.651547771270305,6.995200110689243,2.89144685161845,,,,,,,,,,,,,,,,,,,,,,,,,,,,,0.0496086987153404,0.0746734500636285,0.0,aegislab
rq1_qa,qwen3.8-27b,L3_T,0.2846413319059605,0.503371984375293,0.8707055362826823,0.3439694970506535,0.3157025878229967,0.3009224366841178,9.79632317876739,,59.67156943608592,0.5169048161323802,1.2406431998445462,1.6532277860997868,0.691243046194006,0.9904688902440776,0.9137972967730146,10.408507788727109,,2.935663273013428,,,,,,,,,,,,,,,,,,,,,,,,,,,,,0.0,0.0,,aegislab
rq1_qa,qwen3.8-27b,L3_V,,,,,0.3169623883409194,0.2439469608950639,4.040233867167028,1.961286320532805,12.317413154688008,,,,,0.8984923359320449,0.8198914963790956,4.002116548390091,2.0036795409508548,0.9964115827903044,0.7305141705859935,0.0088929838094674,1.5857286213250268,0.0016201375074649,2.005270813954847,0.0020388812851442,1.353470635965792,0.0066757185321965,6.515921729681852,0.0124031531747782,,0.0,,0.0,0.7588478305864573,0.0252555547142251,1.6973670443586777,0.0047897556827735,1.9688681841324185,0.0054892457031422,1.2511739226256062,0.0171018339703873,1.514819922233073,0.0078568256202234,,0.0,,0.0,0.0316308743090513,0.0604932156907517,0.0,aegislab
rq1_qa,qwen3.8-27b,L4_S,,,,,1.298840725186152,0.8902909016392359,13.201048007759798,12.335215693432662,26.8939210693342,,,,,2.72168870237659,2.8876823507335687,14.439129766725303,6.661235253892827,2.61318109338026,,,,,,,,,,,,,,,,,,,,,,,,,,,,,0.0486340986197677,0.0753351761429313,0.0,aegislab
rq1_qa,qwen3.8-27b,L4_T,0.2848168028538444,0.4969415211880923,0.8790686714772742,0.3495843155722993,0.303375545319284,0.2936339545406901,8.625782897901447,,60.36844589260805,0.5111732107573386,1.2671473390552102,1.688258154995858,0.6683229751689708,1.0382529374185825,1.043001442614353,9.160860565849374,,2.631880208165944,,,,,,,,,,,,,,,,,,,,,,,,,,,,,0.0,0.0,,aegislab
rq1_qa,qwen3.8-27b,L4_V,,,,,0.3095951281573909,0.240666312829329,3.599955042752817,1.9724314071052669,12.95621779761911,,,,,0.9347880355499536,0.9152869088855704,3.5993946456109853,1.9070993322869851,1.000355543839703,0.7341036196594165,0.0088629857220357,1.5623024739650977,0.0015828078053153,1.9161688345956325,0.0019343558161387,1.3662481075935378,0.0067087145171671,7.121398823453853,0.0133916783369846,,0.0,,0.0,0.7696599599780387,0.0241343662749281,1.6684607414106598,0.0043733126405053,2.004351689736908,0.0052651799159502,1.2218578568783056,0.0156708608439381,1.5774755004759569,0.007766081291616,,0.0,,0.0,0.0324805421976415,0.057209800966938,0.0,aegislab
rq1_rca,gemma-4-26b-a4b,C,0.1752003005208743,0.288852729858063,0.3817073015348528,0.1832711723290686,0.2699595952443538,0.4405646300399554,7.186043151312705,,18.387242106893257,0.5033703807802339,0.9948206060182716,0.7263342555613894,1.1359804425835591,2.255252710540583,0.8305883750168376,2.701106873921783,,4.577931083702726,,,,,,,,,,,,,,,,,,,,,,,,,,,,,0.0,0.0,,aegislab
rq1_rca,gemma-4-26b-a4b,H,0.1589981241789139,0.3207018192850522,0.3920196454289321,0.1743333611026682,0.1640646584302735,0.3949885132192897,7.122599822694307,1.344993157447757,18.44596431896463,0.3659260020952263,1.1766196366122923,0.882116496772282,1.0418325804514386,1.5245186494831529,0.8279561637492863,2.6674189785454967,1.2654231170803996,4.583375270123415,0.8106959324661901,0.017004595234291,0.816123369086894,0.0014418335224283,1.2556075220104272,0.0022125193812123,1.4725828994449168,0.0125113191495011,5.365218151291347,0.0176821472773187,,0.0,,0.0,0.9438135321073754,0.0738037309821913,0.954873320881622,0.0063224840238027,1.4115823971989558,0.0091297779866528,1.0843393853845478,0.0344992422766999,3.583199958347276,0.0433002632703165,,0.0,,0.0,0.0508524145647516,0.1670554985396634,1.0,aegislab
rq1_rca,gemma-4-26b-a4b,LV,0.1535802891287506,0.3318671275425825,,0.1684097604009797,0.1753061072379688,0.4042745421163976,7.060018191874443,1.3506342033586387,18.190972809244457,0.4390605683096926,1.2837262721372895,,1.140480782620246,1.754999420341659,0.9052276501412412,2.908745365052249,1.4202657577201432,5.097378222907966,,0.0,,0.0,1.0,0.0025458496615571,,0.0,3.3015945220982497,0.0154242348745247,0.6066824381868642,0.0270437032049809,,0.0,,0.0,,0.0,1.0,0.0128147557169,,0.0,0.3120693712617547,0.0067377640691336,0.2276929701497613,0.0478140563217952,,0.0,0.0450137877410628,0.067366576107829,0.86,aegislab
rq1_rca,gemma-4-26b-a4b,MV,,0.265603502842235,0.2193888743014025,0.0931615951161872,0.0845039897927762,0.2061570167982997,3.311194477518592,0.6774808496301695,8.459553263491925,,1.077645840790054,0.6519405241619535,0.5966709497180472,0.9406666391792524,0.4635712005270342,1.3383344049691803,0.6866265460038289,2.264594936557382,1.0,0.0145718177997897,,0.0,,0.0,,0.0,8.093390594473588,0.018371647825704,1.607393637105262,0.0133998962872959,,0.0,1.0,0.075760920159577,,0.0,,0.0,,0.0,4.528191437273927,0.0507228726693309,0.4696272391442755,0.0191229487473049,,0.0,0.0463433619127897,0.1456067415762129,1.0,aegislab
rq1_rca,gemma-4-26b-a4b,S,,,,,0.1284141484295664,0.1347753892068665,1.8305863979382275,0.9061681252091977,4.753870362828636,,,,,1.066471646506165,0.385515786722688,1.0118136845770045,0.6067890648027798,1.8132749672396649,,,,,,,,,,,,,,,,,,,,,,,,,,,,,0.0627147508961388,0.2240731464953864,0.0,aegislab
rq1_rca,gemma-4-26b-a4b,T,0.1752897784075901,0.3544400578291231,0.4361422936702439,0.1933797861069696,0.1825368821365992,0.4339151668928979,7.17386523361866,,18.398287820184983,0.5191131379626746,1.1713437295511842,0.8379042399977034,1.0545653142511526,1.5904871565940917,0.892650709666428,2.9501577786516733,,5.02481855373453,,,,,,,,,,,,,,,,,,,,,,,,,,,,,0.0,0.0,,aegislab
rq1_rca,gemma-4-26b-a4b,TCV,0.1535227832620165,,0.5006203275299618,0.1996434574618249,0.1564110746271451,0.3935394748576484,6.9295647255477455,1.329177540157503,17.74977927750893,0.412511600544048,,1.366734795338431,1.3983123347112636,1.543486768928512,0.8547728563931808,2.7176347580298192,1.3303910288376144,4.784954958934589,,0.0,1.0,0.0022798925996735,,0.0,,0.0,3.2433939403291685,0.0137170867271907,0.5662688761817517,0.0228682631019061,,0.0,,0.0,1.0,0.0254815396297047,,0.0,,0.0,0.1618132583168384,0.0061715697105237,0.1681586543383073,0.0662433097241469,,0.0,0.0388652424287704,0.0978964190643753,0.84,aegislab
rq1_rca,gemma-4-26b-a4b,TPV,0.1466636022660329,0.333304814840805,0.3661807592163438,,0.1782863644566211,0.3563649263686582,6.650335082478904,1.288935955965772,16.88758805452636,0.4696518987012257,1.3132490069557627,1.043534111962289,,1.3749428743739918,0.7791172622305603,2.6317117748196948,1.310457781245599,4.7077280328796425,,0.0,,0.0,,0.0,1.0,0.0103940249197519,6.057048353815477,0.0239060593784834,0.5972668582847469,0.017557799078723,,0.0,,0.0,,0.0,,0.0,1.0,0.0618158668907969,0.5137234788497532,0.0114909580150964,0.239591279231096,0.0398891121636106,,0.0,0.0518578833769583,0.113195937069504,1.0,aegislab
rq1_rca,gemma-4-26b-a4b,V,,,,,0.126370579769971,0.1409797950913356,2.0721768072988085,0.4430024524141939,5.403901952237491,,,,,0.9721437029345156,0.3478004567062175,0.9569006129393912,0.4640778400189264,1.651694814932399,0.8318421718230096,0.0224253886625655,0.7914062865873871,0.0017923184045617,1.2466972122535385,0.0028198987094632,1.429963220988601,0.0155872669826776,5.74071385335399,0.0243512822424744,,0.0,,0.0,1.0113534494853262,0.1451724459163904,0.886723808401599,0.0107397007511945,1.142043897173035,0.0132434345767131,0.9826172230938746,0.0568514564410649,3.279918493228952,0.072040820301153,,0.0,,0.0,0.0669761550017426,0.298047857986516,1.0,aegislab
rq1_rca,gemma-4-26b-a4b,V_LG,0.1415103463994135,0.309656245412415,,,0.1543360643742616,0.353535173175124,6.42853528870735,1.255682680032183,16.366685014941755,0.4492681739989825,1.3066950252762088,,,1.5700380611777194,0.7666892938993013,2.5011430451136216,1.2535950086089798,4.508105873597729,,0.0,,0.0,1.115813295915058,0.0026825928807348,0.9791991310781046,0.0115147468691329,5.3894812108631776,0.0241620898621529,0.7402293262291105,0.0229606987612322,,0.0,,0.0,,0.0,1.2993658911450128,0.0163522383435575,0.9394617096360562,0.0579155335110712,0.4900231529670707,0.0110023026810255,0.3553925729533699,0.0546700797199929,,0.0,0.061320128373253,0.1399401542556472,1.0,aegislab
rq1_rca,gemma-4-26b-a4b,V_MG,,0.2133967461335804,0.1673033993856285,,0.0842268858524671,0.1591202424144562,2.701639274948761,0.5636045957531082,6.858291970950321,,1.0692985313466412,0.6290404072230724,,0.6898350028282426,0.3473301616857842,1.1210895398768528,0.578125004485531,1.8997192208451703,0.8123015828628928,0.0181525811524683,,0.0,,0.0,1.4752953402729605,0.0133843510877083,5.497418754610444,0.0192481629204839,1.0331296790826523,0.0038318116984798,,0.0,0.944228011842264,0.1003431263500379,,0.0,,0.0,1.1519278106766035,0.0480412416754062,3.6238614898128816,0.057753270416214,0.3330970997440113,0.0056671968459769,,0.0,0.0546169068591405,0.2118048352876351,1.0,aegislab
rq1_rca,gemma-4-26b-a4b,V_ML,,0.2471203008606865,,0.0863528542856156,0.082025622204864,0.1948039850525845,3.1067920680606416,0.641708320181349,7.895005450674781,,1.0028218706162475,,0.5954651289403943,0.7679490403632204,0.4170279501689824,1.3188157252474986,0.6677013946997357,2.258161594922853,0.9663433188970666,0.0188704776239019,,0.0,1.4010287731929676,0.0022850739607155,,0.0,6.495450267185259,0.0198435764311449,1.4285461048744963,0.0135804829595615,,0.0,0.983425713469444,0.0914688827346475,,0.0,1.1974872618476444,0.0089159815255085,,0.0,4.053559582988992,0.0567845010994034,0.4829850146136903,0.0209382892965121,,0.0,0.054579610975324,0.1781076546560717,1.0,aegislab
rq1_rca,gemma-4-26b-a4b,V_MLG,,0.1904403171982947,,,0.0744587743393653,0.1576007612418283,2.473523804479964,0.5087004502892152,6.331609105080744,,0.9777768157432444,,,0.722985680869668,0.3112626883204987,1.0592782668788747,0.5205262930276047,1.808831363732456,0.825112043781352,0.0212731033967279,,0.0,1.181128750005861,0.0025516960441717,1.4097634293775496,0.0147132161922545,4.819396801535572,0.0194556753540412,0.9593546562122062,0.0020400085203213,,0.0,0.999176453062718,0.1167363582147612,,0.0,1.0383792092666142,0.0097752734233676,1.009220384316408,0.0465895502162224,3.6379655642213167,0.0639707430408571,0.7007518462685433,0.0060925934998815,,0.0,0.0600336995075167,0.24316451839509,1.0,aegislab
rq1_rca,gemma-4-26b-a4b,V_MR,,,0.381642658385152,0.1000377009641047,0.0751633131997305,0.1795747219409965,2.910509007792649,0.6007249250519658,7.452030662283528,,,1.0313902193775937,0.7125606666989787,0.7846922023740074,0.4146381432900802,1.2266738635945664,0.625417136820325,2.0907694502979504,0.971587356039016,0.0167061390325965,1.3385446032540882,0.0019326832050759,,0.0,,0.0,6.96966914489632,0.0187594787515476,1.867372859134794,0.0157227160578959,,0.0,0.9414891200366314,0.0961332844494538,1.697173507345783,0.0143619551679181,,0.0,,0.0,3.630555364458109,0.0545865034129165,0.5002913500331165,0.0234572787526627,,0.0,0.053121017047116,0.1885390217829513,1.0,aegislab
rq1_rca,gemma-4-26b-a4b,V_MRG,,,0.2901744785882045,,0.0883031615631538,0.1386327779169182,2.2854407945411874,0.4806317194095355,5.791935486730296,,,0.8360682355899252,,0.7965017569389974,0.3171072075186326,1.002035412454483,0.5117031090157492,1.71462141779539,0.7998816308813198,0.020133373271523,0.8477609004230022,0.0017957187459283,,0.0,1.5389837975331615,0.0157146764991997,5.3896689202110295,0.0212861240647963,1.410365646619247,0.0029579695287547,,0.0,0.9770389099017428,0.1369882185848523,1.3513027961401565,0.0162495221477948,,0.0,0.9973819820919356,0.0562339488452246,3.2380598482381826,0.0688363000911568,0.4240013096549905,0.004782846526112,,0.0,0.0618878621102021,0.2830908361951407,0.97,aegislab
rq1_rca,gemma-4-26b-a4b,V_MRL,,,,0.1395418286974766,0.0829168772693237,0.1726966922948131,2.7102748245434687,0.5588701761739608,6.982143235325281,,,,0.918189094944137,0.6856019426420035,0.3433445374967199,1.1732567038035442,0.581718343250899,2.009877815559389,0.9546220690880226,0.0202590447246854,1.0864339493337103,0.0019399851618305,1.4542567951877223,0.0025829821256378,,0.0,5.883113035241681,0.0195303573761293,1.580884360614513,0.0135437257294392,,0.0,0.9833726604055616,0.107883128270629,1.094838767126509,0.0098924637663198,1.1032806368226618,0.0097096422174384,,0.0,3.535173075110638,0.0583237204177043,0.5065000611739058,0.0216043376343218,,0.0,0.0578560951177223,0.2074132923064135,0.99,aegislab
rq1_rca,gemma-4-26b-a4b,V_RG,0.1433368471897466,,0.4421353472791509,,0.1972252415848517,0.3344656664004206,6.266871819323941,1.2349931090238846,15.916554025271688,0.465436516628439,,1.294922485513296,,1.5574417421304994,0.7326231719303891,2.45097608929815,1.225395448733685,4.344080330827155,,0.0,0.8720602978037637,0.0020810341817767,,0.0,1.028517445251275,0.0119566644895566,5.444989073293293,0.0242133402164056,0.6883450686911198,0.0211008031840516,,0.0,,0.0,1.465493482022224,0.0204507495658044,,0.0,0.9070247225444644,0.0599955570978688,0.4599744558867822,0.0112316966115727,0.3804480644234869,0.0653884696041866,,0.0,0.0593518420717907,0.1570664728794327,1.0,aegislab
rq1_rca,gemma-4-26b-a4b,V_RL,0.150044651737681,,,0.1935194423098495,0.1614537427657149,0.3849582983811625,6.6900027663514265,1.2935080777716874,17.255084709085533,0.4180832293906872,,,1.3404662634217104,1.6605878867703925,0.8604982082223842,2.7055330066648327,1.3271466497288988,4.738441441854178,,0.0,0.9562253045955432,0.0027228018177691,1.0437746954044569,0.0029805826570944,,0.0,3.1756876114148134,0.0167615216041243,0.6441784143276651,0.0306470147666319,,0.0,,0.0,1.166505769112562,0.0193592866423886,0.833494230887438,0.0130204639242644,,0.0,0.2544773435558069,0.0070514805915798,0.2965144243317572,0.0750626605081228,,0.0,0.0531119208456198,0.1144938916663558,0.92,aegislab
rq1_rca,gemma-4-26b-a4b,V_RLG,0.140332695956888,,,,0.1954579070451075,0.3408299382849854,6.10515491686315,1.2158102818538536,15.648616144215266,0.4554561735634165,,,,1.840520835015996,0.7601921096954425,2.422405989083943,1.2130800868112186,4.317704963800486,,0.0,0.8149764029035631,0.0021708704302127,1.2229292862469865,0.0032447354468881,0.9967918287664898,0.0129133216444665,4.801786926653873,0.0238059130648494,0.7487272105875156,0.0236376832067255,,0.0,,0.0,1.022943192835764,0.0140256979093381,1.3825798423218243,0.0184581076595583,0.9176832666146316,0.0606943842924979,0.4406746664956138,0.0108301314015675,0.4194191034710253,0.0656081868089932,,0.0,0.0657725237931424,0.1696165080719552,1.0,aegislab
rq1_rca,qwen3.8-27b,C,0.1670533332823939,0.4816688902519687,0.6576905850014302,0.3040787166066237,0.3470068883767714,0.5101271682193566,7.862099483559275,,45.24018260517583,0.4226812262838572,1.3245479668092528,1.5289076539333393,1.0475273342797349,1.3375096687642034,1.142547151380703,4.730100007339795,,13.226548461121912,,,,,,,,,,,,,,,,,,,,,,,,,,,,,0.0,0.0,,aegislab
rq1_rca,qwen3.8-27b,H,0.1346161039639966,0.4084656028870948,0.7087567698528896,0.3148521322424275,0.2828744300028147,0.3993578199334359,8.700988180126085,1.8168983382695651,47.87230044237803,0.4225598042843053,1.3240068522796475,1.6522645951403248,1.084136753536711,1.4516936266491285,1.150766674385115,5.034753149240829,1.7998515056898563,15.463158307746614,0.7264530446770772,0.006366028481001,1.6599256747258917,0.0012199261021479,2.0903660089848985,0.0015336599785486,1.3301303208465802,0.0047154516994814,6.173401464211846,0.0084091928056801,,0.0,,0.0,0.73898337444542,0.0167270563417718,2.0457294978991207,0.0039158939751001,1.9259584994156145,0.0035414966901519,1.2392180105302664,0.0112208860813894,2.0951282345487163,0.0074791105192462,,0.0,,0.0,0.0222442590668591,0.0428844436076597,0.0,aegislab
rq1_rca,qwen3.8-27b,LV,0.1423433810386289,0.4128099634595647,,0.3085529719586036,0.2927911677934056,0.4011139357896702,8.3904584629517,1.8471778780700905,45.744373517012974,0.4493072505545747,1.2329297216063038,,1.0263037581452676,1.4739548604072268,1.1616571335912194,5.055671514374824,2.144226486490073,14.103886119344484,,0.0,,0.0,1.0,0.0024079657504947,,0.0,2.6289347015666817,0.0115709557329528,0.2912739285698318,0.0123526259876329,,0.0,,0.0,,0.0,1.0,0.0037052647890868,,0.0,0.8184843999187983,0.005216539974297,0.4143674701248951,0.0253389057950023,,0.0,0.0263315474710805,0.0342607105583862,0.0,aegislab
rq1_rca,qwen3.8-27b,MV,,0.3692248959864873,0.3834620653352981,0.1606951570463598,0.140772949925489,0.2259856266960964,4.50979345670068,1.0518368999053629,23.818189433249305,,1.0860439968094258,0.8771015582458775,0.5736986307511219,0.819707465074397,0.6649986715815301,3.081270994468388,1.440880109606018,8.304000236150328,1.0,0.0076538592774876,,0.0,,0.0,,0.0,9.697249616761493,0.0114836640442755,0.4202476928897593,0.0018287080390223,,0.0,1.0,0.030727439431378,,0.0,,0.0,,0.0,2.592010380368135,0.0125277475807418,0.4314062736003923,0.0075170529115987,,0.0,0.0209662313607854,0.0507722399237187,0.0,aegislab
rq1_rca,qwen3.8-27b,S,,,,,1.2229046376679449,1.1360901827542893,8.270927726859595,2.858085951844501,39.40625297267199,,,,,3.490962652096404,3.11565853392303,6.761157507534708,2.7339273327353,25.19414759876525,,,,,,,,,,,,,,,,,,,,,,,,,,,,,0.04006295440579,0.071456959225494,0.0,aegislab
rq1_rca,qwen3.8-27b,T,0.1441492818261799,0.4121872833909409,0.7538756471276181,0.2982700118353302,0.2574454145413354,0.3549668698378252,8.142570128688277,,47.03881812810671,0.3910167218268656,1.2022489202396012,1.5356917025686931,0.9411959762361054,1.2793497505276108,0.9159994956570966,5.480343953230419,,15.565560343941392,,,,,,,,,,,,,,,,,,,,,,,,,,,,,0.0,0.0,,aegislab
rq1_rca,qwen3.8-27b,TCV,0.1429578006814283,,0.8337759756318154,0.3346704563861715,0.2928920959742869,0.3852169630366941,8.141112499931621,1.8614795458884212,43.53247119931316,0.4240202543155382,,1.8227443926708815,1.1039128126378064,1.4180623773994228,1.116507637391244,4.967564132811716,2.286740759010089,13.60759704660097,,0.0,1.0,0.0024754328755351,,0.0,,0.0,3.027104417320629,0.0137109600468092,0.2267815639633364,0.0098603096028441,,0.0,,0.0,1.0,0.0072996053284639,,0.0,,0.0,0.5034166755352075,0.0063810282911937,0.2046728620032656,0.0253160615396747,,0.0,0.0260467025251885,0.0389966951593324,0.0,aegislab
rq1_rca,qwen3.8-27b,TPV,0.141353740402073,0.3880071420213932,0.7592366955848193,,0.3173575313332602,0.4413853251910894,8.027163918246789,1.8963253647010807,42.49821465235005,0.3717800743854835,1.3626905758772454,1.755924003891013,,1.4826062438490404,1.309498591264163,5.555890557246226,2.273738922476004,14.79529561682774,,0.0,,0.0,,0.0,1.0,0.0064231854384777,4.084307706300011,0.0099963182667325,0.3936199632985562,0.0071549453763592,,0.0,,0.0,,0.0,,0.0,1.0,0.0115266011399264,1.2177921840002024,0.0054914159656491,0.4409086449456507,0.0143240510604231,,0.0,0.0235744490815695,0.0313420681659987,0.0,aegislab
rq1_rca,qwen3.8-27b,V,,,,,0.2718314718992176,0.3057952036114387,3.274432190545846,0.7588511920512968,16.18532404619396,,,,,1.151552717993296,0.9345323271578144,2.738563583818996,0.9347051957666036,7.247450262598593,0.7991280275717761,0.0087698274656204,1.489799992866519,0.0013736905632272,2.0048714288194365,0.0018451108329676,1.2021473484850629,0.005352684198953,5.365457594224336,0.0092340915612597,,0.0,,0.0,0.6897661798381135,0.02758546758793,2.1520646806552195,0.0072014852301339,1.8555816340891935,0.0062108576667209,1.3541887219274469,0.0218608938066165,2.607234315987069,0.0160876536296731,,0.0,,0.0,0.0265754046220281,0.0789463579210746,0.0,aegislab
rq1_rca,qwen3.8-27b,V_LG,0.1439079530596647,0.4429550044785647,,,0.2942379144138819,0.4615546748635381,7.886932859231599,1.9391866399368785,39.92476600169863,0.3843523778711751,1.2441133336233106,,,1.397282536647608,1.279640490964929,6.228333092394389,2.109351927654069,16.299448521591486,,0.0,,0.0,1.4307955551289206,0.0022216082400007,0.9149761598558618,0.0069371234940809,3.301102212462648,0.0095586574019178,0.4515455064469614,0.0090234892672801,,0.0,,0.0,,0.0,1.5508162064394988,0.0039670079567719,0.8895415193916735,0.0111751052384567,1.0644180930813405,0.0051039161030503,0.5821847024327207,0.0188338717519196,,0.0,0.0277408784032796,0.0390799010501985,0.0,aegislab
rq1_rca,qwen3.8-27b,V_MG,,0.3064036159130689,0.3605431371266255,,0.1424491624076108,0.2301196937783619,3.994266743632165,0.8665030178523953,19.276079928129523,,1.0355344961056927,0.940912617846212,,0.8319425610606686,0.7254347780341521,3.330197819194112,0.970239961649886,8.01239821544819,0.8008095587662051,0.0062845121942978,,0.0,,0.0,1.5102831079247203,0.0047918318907274,8.483840563566309,0.0104121877214794,0.4270108866627242,0.0005593349569037,,0.0,0.8473315570765066,0.0192932345255092,,0.0,,0.0,1.375255315379471,0.0127262991372189,2.158259827481811,0.0075796920058857,0.6708747602102832,0.0025431622031073,,0.0,0.0220478667634084,0.0421423878717213,0.0,aegislab
rq1_rca,qwen3.8-27b,V_ML,,0.3525930521785361,,0.1546668598701079,0.1376886581986999,0.2182989798589757,4.36678038524072,1.0216197513260483,22.20323608057919,,0.9918974833490688,,0.5555277227983318,0.8211044017251341,0.6677776503139554,3.163506022617403,1.5803660877453811,8.521754237424487,0.8640900942555072,0.0067984410660237,,0.0,2.61940455741298,0.0017254580363927,,0.0,7.777049376783514,0.0095405753425774,0.8255063244371479,0.0031577270244426,,0.0,0.8894605531652411,0.0231405217035994,,0.0,2.317108440312284,0.0050108767269421,,0.0,2.348966610268679,0.0094237848320829,1.1000658915296864,0.0136770467319475,,0.0,0.0212222014694365,0.0512522299945722,0.0,aegislab
rq1_rca,qwen3.8-27b,V_MLG,,0.3264809485158965,,,0.1432400419048931,0.2463497631439115,3.713759317309823,0.8112221056842389,19.42265296700409,,1.014889006697984,,,0.8446779365350892,0.7490603780992662,2.706714786433592,1.3338219019979496,6.94220070870639,0.7242889802876888,0.0062218065290549,,0.0,2.202149097884057,0.0015871572800029,1.4500841739457777,0.005047032515295,7.232466937225997,0.0097156483264111,0.7582381895892173,0.0005466051318834,,0.0,0.8147005651400637,0.0267147572190609,,0.0,1.704094230321623,0.004514821373793,1.3185895235143985,0.0171323916304322,2.5358327302591066,0.0129536312103786,0.8305787936845017,0.0021742017302287,,0.0,0.0231182497826475,0.0634898031638937,0.0,aegislab
rq1_rca,qwen3.8-27b,V_MR,,,0.579200168421197,0.1655419399995562,0.1312668320776755,0.2091244914375637,4.179970107946068,0.9627405228658088,20.92402772923529,,,1.3486039647201946,0.6211975299190255,0.7892992447162459,0.6417896339734933,3.398991207431399,1.3085230433170127,7.976876074762536,0.8737796965394026,0.0073408022176944,2.503950234844625,0.0017655057298226,,0.0,,0.0,7.986162147297736,0.0104626205354295,0.639801851829041,0.0026324532437218,,0.0,0.8757907383218142,0.0223145591549926,2.4799881092751472,0.00530058802039,,0.0,,0.0,2.3330840063524496,0.0091869933180457,0.7676415707644801,0.0096180860674931,,0.0,0.0222013817266685,0.0464202265609215,0.0,aegislab
rq1_rca,qwen3.8-27b,V_MRG,,,0.5342256508841807,,0.1421443643322095,0.2375195733272327,3.452339300451184,0.769107594378879,17.794991150529796,,,1.5506526398749187,,0.9066950250061095,0.8061491090528488,2.461647997526983,1.242456640991363,7.051697657409246,0.7664298392501954,0.0065173877032003,2.1348045298194736,0.0015238687210422,,0.0,1.356648051014112,0.0046815739990426,7.717566969316008,0.010256947543315,0.7650109887116646,0.0005423182539227,,0.0,0.8153770737897423,0.0245053661691388,2.054773488818457,0.0051151868448654,,0.0,1.236035951277598,0.015091829311359,2.4434972233385945,0.0114107430264058,0.8423152868465258,0.0020861800052609,,0.0,0.023522096220523,0.0582093053570301,0.0,aegislab
rq1_rca,qwen3.8-27b,V_MRL,,,,0.2430593551470327,0.1366767092636722,0.221812991204187,3.989909425352895,0.8889813146256185,20.06416318621137,,,,0.7830539623254501,0.7932345643943454,0.6517609699717443,3.4191700295023377,1.09266578950366,9.369689017158905,0.805914050696764,0.0072673047238183,1.935220892262154,0.0014615136554759,2.377367503041189,0.0017994817407583,,0.0,6.4433070403840125,0.0090703876116154,0.7453808496197917,0.0027213344181889,,0.0,0.8122351492505997,0.0240736682974945,2.302062139648254,0.005702389025157,1.935208597609012,0.0047129125078383,,0.0,2.136950380945082,0.009832972915038,1.0483916355601774,0.0120428839798693,,0.0,0.022320022149857,0.0563648267253972,0.0,aegislab
rq1_rca,qwen3.8-27b,V_RG,0.1443482960649993,,0.9120284342933848,,0.3281818642864553,0.4799589385289717,7.637673685802943,1.8453856008625256,38.1422740527858,0.3861621667924261,,2.1018136956152795,,1.4971229050112251,1.3544648478680494,5.934557192561037,1.849701472553416,16.15024649994269,,0.0,1.5504070830941044,0.0023142248948775,,0.0,0.8907768998222987,0.0064776910403778,3.811082453295637,0.0105756926056764,0.4116862521832341,0.0079001446891307,,0.0,,0.0,1.7787517809739175,0.0052778596145809,,0.0,0.8403704050200566,0.0120917533269025,1.0042778603883122,0.0055196600784023,0.4695269146955096,0.0176678544885075,,0.0,0.0272677532300626,0.0405571275083934,0.0,aegislab
rq1_rca,qwen3.8-27b,V_RL,0.1481537068030926,,,0.3464214665703693,0.3022419234791333,0.4108673173419869,7.956172742933206,1.9006220514911507,41.2258178458784,0.415862297674885,,,1.0961332757191549,1.3794027890252232,1.1171623055275923,5.4972114990189205,2.369290446940095,14.69571581423334,,0.0,0.9134250148784352,0.0022166369068173,1.0865749851215647,0.0026372665560824,,0.0,3.0770169310818107,0.0136817920809915,0.3152538876777675,0.0127399385489504,,0.0,,0.0,1.225192042861403,0.0061278087502674,0.7748079571385971,0.0037164091339469,,0.0,0.7745848552511635,0.0066475006258276,0.3562352327378841,0.0274311467910453,,0.0,0.0312756340928417,0.0439228653010874,0.0,aegislab
rq1_rca,qwen3.8-27b,V_RLG,0.1515493390872246,,,,0.3225413108926616,0.5294833533086213,7.614014318299721,1.7518533179376028,36.99943967678856,0.4374158391919747,,,,1.399265548278449,1.3811183246586476,5.706534116735328,1.842425185398898,17.126701367918496,,0.0,1.2498509634526618,0.0019846946635528,1.387930569726583,0.0022000075688916,0.8756475932213869,0.0067655414377513,3.4996191228394107,0.0103869405087556,0.4421301304630755,0.0083707624414567,,0.0,,0.0,1.5224848563773383,0.0054192034384946,1.270047441008317,0.0043802137428807,0.8404918299919215,0.0142497578850761,1.0052892751453468,0.0064976817280042,0.5307605484729598,0.0214662232118525,,0.0,0.0297079466204083,0.0520130800063083,0.0,aegislab
rq1_cf,gemma-4-26b-a4b,V_FACTUAL,,,,,0.1238355132536899,0.1412591739281631,1.9981273427089807,0.4482615152013732,4.950131693414543,,,,,1.2068456228269762,0.3872747675725497,0.8300303072851385,0.4404087732605,1.5133711384458064,0.8062292098656357,0.0241588171973666,0.8471477581869266,0.0021348147688955,1.325779287242147,0.0033347686596348,1.488387335138094,0.0165656887983043,4.910030398254026,0.0230752866345482,,0.0,,0.0,1.027971017928377,0.148689681062261,1.0593111869215646,0.0129605841488833,1.0877002794938904,0.0131390991396978,0.8962724383886572,0.0479750909004698,3.4072932523352644,0.0740121039435067,,0.0,,0.0,0.0692693760587496,0.2967765591948187,0.99,aiops2022
rq1_cf,gemma-4-26b-a4b,V_NEUTRAL,,,,,0.1193073644731317,0.1463962927866432,2.08567954352711,0.4943941390249944,5.26201329250529,,,,,1.6569083735166914,0.735072571905884,1.2676608878061515,0.6017086233002129,2.3367711706496057,1.0215898239386665,0.011647910782201,0.4748404936512279,0.0004520545593403,0.6086810585933574,0.0005822100996278,1.1502224083469634,0.0048749371023725,6.424931154515535,0.0114641832667651,,0.0,,0.0,1.0884285149556223,0.00781374021913,0.5400603151732807,0.0003234176637403,0.5813962588508311,0.0003498168003887,0.9576045817042448,0.0025587653036299,11.413612104790078,0.0138838508607583,,0.0,,0.0,0.0290212958103069,0.0249295908476474,1.0,aiops2022
rq1_cf,gemma-4-26b-a4b,V_PLACEBO,,,,,0.1237146640142362,0.1413063910865052,1.9979440408342648,0.4482964688348463,4.95136669025804,,,,,1.1985053462624236,0.3867009309683022,0.8381652507188574,0.4423701275033982,1.5407695651492417,0.8056695344158382,0.0241157055443352,0.850681306722086,0.0021414111975673,1.3314891110312272,0.0033458308643294,1.4882327699487623,0.0165471820957096,4.912340592916598,0.023056770066491,,0.0,,0.0,1.0364513609198855,0.1496044361936774,1.0124206799940714,0.0124071087408535,1.0871142212854434,0.01313157750603,0.8847024316483286,0.0472325100803545,3.3933122428395874,0.073204361348463,,0.0,,0.0,0.0692068997684327,0.2955799938693786,0.99,aiops2022
rq1_cf,gemma-4-26b-a4b,V_TARGETED,,,,,0.1236835707994569,0.1411470408688952,1.9978257113111773,0.448138564376851,4.950006634400567,,,,,1.1832792881251997,0.3837487762637568,0.8216101304414549,0.4353499405381635,1.5280262385163328,0.8022038772104783,0.024041916150386,0.845851371485673,0.0021316563409921,1.3253818020347197,0.0033345941705503,1.50002331719667,0.0166973496057474,4.912158633894111,0.0230915122666507,,0.0,,0.0,1.023301293791576,0.150252165528946,1.0539258936371667,0.0131574584203487,1.153871387344762,0.0141795012329932,0.8933838572917377,0.0486553857978719,3.4136826230128707,0.075476143813389,,0.0,,0.0,0.0692970285343267,0.301720654793549,1.0,aiops2022
rq1_cf,qwen3.8-27b,V_FACTUAL,,,,,0.2814658641431111,0.3293896138089038,3.0850273963683703,0.7395134369298607,15.08842154169985,,,,,1.1481421586748877,1.0657988199297177,2.6417896380827868,1.0850801237628462,6.0786351930934135,0.7337983826011185,0.0076438158735249,1.7046874141351378,0.0014910546565242,1.6919469504092737,0.0014753555030406,1.4075960837443648,0.0054503379062651,6.140541495422954,0.0100267870268975,,0.0,,0.0,0.7677369753472809,0.0263663606420239,2.2164170886120043,0.0063717324002465,2.2253148398909595,0.006408304809746,1.0761057623833208,0.0137606480577322,1.4289620832820418,0.0076920476533008,,0.0,,0.0,0.0260873509662525,0.0605990935630495,0.0,aiops2022
rq1_cf,qwen3.8-27b,V_NEUTRAL,,,,,0.2499569526394777,0.3326938932973662,3.20793772929255,0.7930249017881024,15.607613225146808,,,,,1.230365076400537,0.9803936794181596,2.9040623907105028,1.157172846183352,6.774470825148627,0.733326577211568,0.0022501773078848,1.0850014480086092,0.0002818795884511,1.1378823300047407,0.0003031044900205,1.6755205930337602,0.0019056030308778,17.281713687373216,0.0083265743585855,,0.0,,0.0,1.1001371879099409,0.0037744440325209,0.5347746998478913,0.0001542992028227,0.7964305626169704,0.0002293308606458,0.88595065846309,0.001138159592519,6.952413442434155,0.003726997765673,,0.0,,0.0,0.0130673387758199,0.0090232314541816,0.0,aiops2022
rq1_cf,qwen3.8-27b,V_PLACEBO,,,,,0.2814746070508159,0.3293361980575357,3.085103896860821,0.7394737152357507,15.091103412439754,,,,,1.146280951729139,1.0671109486896926,2.6406514324991788,1.086733810378108,6.038910429934255,0.7338910224038986,0.0076488599205861,1.7043753135054902,0.0014915552444328,1.6931416959361791,0.0014772624355454,1.407164204051644,0.0054514969578877,6.132982828217551,0.0100201819513279,,0.0,,0.0,0.7673325409968601,0.026443479529946,2.206251200202031,0.0063613327944931,2.221566593626396,0.006407902198876,1.0803659769338256,0.0138518379272881,1.4284306926937436,0.0077130132962209,,0.0,,0.0,0.0260893565097801,0.0607775657468243,0.0,aiops2022
rq1_cf,qwen3.8-27b,V_TARGETED,,,,,0.2815765489808664,0.3296153106818971,3.084871913233186,0.7392648405523302,15.086288269333748,,,,,1.150139705020655,1.0695212885491288,2.634326490048465,1.084967650693226,6.064728724953358,0.7340051623103045,0.007654168001381,1.7031176162232735,0.001490993921615,1.68954141312048,0.0014747698098364,1.407872871817514,0.0054575497964699,6.129764312207089,0.0100196792317032,,0.0,,0.0,0.7697621010299397,0.0267027351164764,2.211501925148692,0.0064321938023325,2.213741084661596,0.0064403384101694,1.0745679593921345,0.013880425199049,1.426762831384239,0.0077641750159434,,0.0,,0.0,0.0260971607610057,0.0612198675439708,0.0,aiops2022
rq1_qa,gemma-4-26b-a4b,L1_CONTEXTV,0.1434103849804768,0.1768013743967411,0.2792397731385574,0.1414375727707778,0.1053836462142791,0.1320938057587654,1.9521159597961253,1.4699708363890258,35.91967890981758,0.435570974162549,0.8525857827113613,1.248256561329935,0.6419490521194877,0.7641926191137215,0.2615304753397047,2.167058896776867,1.109650471273216,0.5754643682214688,0.8457914328479096,0.0191010753485273,0.8247047524016334,0.0016530905290566,1.197871785352109,0.0024029639731118,1.3891507949343802,0.0140992548817432,6.397392598037252,0.0321623906880163,1.0588076614343305,0.0117359516253017,,0.0,0.9683106050720356,0.096773926443909,0.8702472049021067,0.0086645672302249,1.0037972062273304,0.0103331166813433,1.1091573016659952,0.0558746881863553,2.215531943505121,0.0479284954363642,0.4514972402859698,0.0304136218246274,,0.0,0.0811547270457572,0.2499884158028243,1.0,aiops2022
rq1_qa,gemma-4-26b-a4b,L1_PATHV,0.1599379798746113,0.3002829557876484,0.3561371086732762,0.1481922871980792,0.1466549173459664,0.2272753450524001,3.559192820727928,2.628757325637464,66.1566433559594,0.3529369531332709,0.6267183397925354,0.7702984517514677,0.3053710627452718,1.427809604748216,0.6147357773350436,4.474222305906598,1.9058242464965167,0.9771619408405234,1.0,0.0046624742819797,1.0,0.0007793986782645,1.0,0.0009600411302986,1.0,0.0026502660951049,5.272129942501404,0.0229015954254233,0.8360965783528068,0.0268378501641105,,0.0,1.0,0.0582850465682675,1.0,0.0187232037101548,1.0,0.0067727874387627,1.0,0.0300588192320505,0.5902801524392546,0.023987594320656,0.229534087373179,0.0967014512411526,,0.0,0.0587916257751817,0.2345289025110443,0.99,aiops2022
rq1_qa,gemma-4-26b-a4b,L1_S,,,,,0.172797368580704,0.1146478168259493,0.8795941340830321,2.881443561024653,18.21742456742748,,,,,0.8496931318041417,0.2872934066935861,1.442390305047423,1.37604826493696,0.4154492488760605,,,,,,,,,,,,,,,,,,,,,,,,,,,,,0.0833128723408799,0.3235826853041573,0.0,aiops2022
rq1_qa,gemma-4-26b-a4b,L1_T,0.2290776686068086,0.3715892686424291,0.4473235641941535,0.1995165669694744,0.1933037009270005,0.3160921530531461,5.174398153133146,,86.58903236521454,0.6001593480638828,1.0117863729379468,1.3277721334853745,0.5036451541239704,1.5257107157834968,0.669773664591295,5.896642655929001,,1.4009599324658208,,,,,,,,,,,,,,,,,,,,,,,,,,,,,0.0,0.0,,aiops2022
rq1_qa,gemma-4-26b-a4b,L1_V,,,,,0.146210032771975,0.1217790289393456,1.071415159681092,0.8824617135591759,21.192141715307702,,,,,0.7300611401741541,0.2835800370750549,1.379394369470428,0.6794063838018367,0.367775403373945,0.8039627511578102,0.0283689297997063,0.7047193381281208,0.0020873920285992,1.144761891680263,0.0033872714317481,1.5694028491524228,0.0205616406973981,6.064545034858517,0.033568637139894,,0.0,,0.0,0.9311233096058728,0.1782365089133495,1.1506850417262222,0.017974130042408,1.366306284446149,0.0205490014150445,1.076291573910108,0.0744327910496038,2.14651776873342,0.0628614344471936,,0.0,,0.0,0.0879738710973458,0.3540538658675995,1.0,aiops2022
rq1_qa,gemma-4-26b-a4b,L2_CONTEXTV,0.1499322422380805,0.2444841970401077,0.2893592758573661,0.1374413181468695,0.1341071207557266,0.1813888739878862,2.6316746132211235,2.134539196821586,53.52205217310821,0.4211383177741912,0.8114319791291005,1.4891828699807712,0.6712348209284567,1.0726908248085425,0.432187014475189,2.788637536109479,1.4992102884507157,0.7114512137947535,0.8572822836619584,0.009004296332276,0.9329384417912788,0.0012435540167029,1.1088578821503947,0.0015938737333504,1.245536493870068,0.0096988952973568,5.922819833489891,0.0282963823980192,0.920886381134146,0.0215155684566067,,0.0,0.9421974621338328,0.0478178104287232,1.2899547572429326,0.0112101760123715,0.9049618832480958,0.0081309388382261,1.0754901462924678,0.0450046769830612,1.2462801057457171,0.0268497304456727,0.3489803269736942,0.0505166701297302,,0.0,0.0713525702343122,0.1895300028377852,0.97,aiops2022
rq1_qa,gemma-4-26b-a4b,L2_PATHV,0.1533542747134507,0.2308238915182129,0.3086730565279744,0.1254796875626915,0.1190763723308581,0.1692664902362827,2.398402726002397,1.913566678508772,47.98312564120464,0.3343440601989783,0.508312096597492,0.5355791017075974,0.3095263262142367,1.1766674743131114,0.4923575434844674,2.765395064012917,1.3562974031332913,0.643337379169147,0.9242064490487184,0.0123453386444033,1.0008407763694804,0.0015406860388361,1.1687222592740347,0.0016780132209484,1.272364533252364,0.0055264648144611,6.544847949093732,0.0281189626702625,1.1472498749227145,0.0222424050590504,,0.0,0.9247609661706002,0.1029944443209292,1.316247151464394,0.0183950561798501,1.290222614061156,0.0144000246818232,1.12122301519981,0.0374421520817791,1.1253361043836725,0.0361625228187752,0.3549263352744496,0.0678297719954356,,0.0,0.0714518704479621,0.2772239720785927,0.94,aiops2022
rq1_qa,gemma-4-26b-a4b,L2_S,,,,,0.1714140528880108,0.1170610277692792,0.8030813231357986,2.9298881050399763,18.276483170324923,,,,,0.912915137529516,0.3057753680126896,1.1065919369116108,1.2225949454499467,0.3874646394212175,,,,,,,,,,,,,,,,,,,,,,,,,,,,,0.0804936713720167,0.3299281224035769,0.0,aiops2022
rq1_qa,gemma-4-26b-a4b,L2_T,0.2274117514041834,0.3700340051176132,0.4412484411879597,0.1972272145792266,0.1982600140378884,0.3149643177765687,4.630257329974276,,86.21875413567756,0.5998371669773056,1.0147953787241897,1.3785135136047868,0.5205544663103283,1.493250007866447,0.694222087295298,4.798391715723103,,1.1921223605549296,,,,,,,,,,,,,,,,,,,,,,,,,,,,,0.0,0.0,,aiops2022
rq1_qa,gemma-4-26b-a4b,L2_V,,,,,0.1470922607549655,0.1230039939733569,0.9876526931205905,0.8648962462101079,21.003376536078516,,,,,0.7473991323931767,0.3030538081743219,1.1958424539682195,0.6903091357080013,0.3436921134699536,0.8047029958551788,0.0272155260590237,0.736882936617492,0.0020935467441997,1.2325662538775846,0.00350052188338,1.538303366127128,0.0193374804123093,6.759130502965434,0.0358271596725644,,0.0,,0.0,0.9173762405411522,0.172756237989353,1.109395410281794,0.0171494600486694,1.5056892157833013,0.0227863876287398,1.084626732837207,0.0747956252374578,1.8556123256597876,0.0536693649122613,,0.0,,0.0,0.0879742347714773,0.3411570758164817,1.0,aiops2022
rq1_qa,gemma-4-26b-a4b,L3_CONTEXTV,0.1600555945971035,0.2906656227689478,0.3382605419445152,0.143527855283768,0.1472776351851777,0.2153857891408632,2.812217334694712,2.5146316234129817,65.09702122084487,0.4381585690897385,0.9401214252466944,1.4641969366935157,0.6567344938828761,1.4344592827102658,0.6464382633658937,2.8488747555232665,1.6406389291339938,0.7625335913221114,1.0,0.0046889296392213,1.0,0.0006109765538724,1.0,0.0006771946899649,1.0,0.0041397493853051,5.608676441941267,0.0236770949325918,0.8477262464888424,0.0244182650133333,,0.0,1.0,0.0260977447928704,1.0,0.00729363739661,1.0,0.0044229281244875,1.0,0.026025147990711,0.8132629978368289,0.017625701853233,0.2853302755757355,0.05306055514619,,0.0,0.0582122102142892,0.1345257153041021,0.99,aiops2022
rq1_qa,gemma-4-26b-a4b,L3_PATHV,0.1449947029113731,0.1818159400717151,0.2719626766062215,0.1414123346200151,0.1135761870285319,0.1369415594490061,1.659539393509729,1.477963519867179,37.35796179176455,0.3179082539842187,0.3950997632426992,0.4794877040322159,0.2826436708802996,1.188378115998035,0.4416533728420957,1.794805756270018,1.0273905414439592,0.4878404727510994,0.8620933826715718,0.0180559155472131,0.8769781023865469,0.001774710744566,1.2487871319390595,0.0026131643881457,1.3805239426763711,0.011689096482967,6.399559580471663,0.0304416177489151,1.1760001141074123,0.0134086110850725,,0.0,0.877253882507728,0.1171315421854103,1.4678296625565912,0.020710951113098,1.3989067263039805,0.0195376873230005,1.1305470753450535,0.0592248312069468,1.3230147395529366,0.0383622984443427,0.5259422077268048,0.0384587705403416,,0.0,0.0779831159968796,0.2934260808131402,1.0,aiops2022
rq1_qa,gemma-4-26b-a4b,L3_S,,,,,0.1752125203263789,0.1176729333308069,0.737770222648312,2.869471532717321,18.55991296967892,,,,,0.9506747326913528,0.327119743015851,0.9654274549519392,1.0606619795795726,0.357730047691581,,,,,,,,,,,,,,,,,,,,,,,,,,,,,0.081234295623251,0.3350927998425743,0.0,aiops2022
rq1_qa,gemma-4-26b-a4b,L3_T,0.2293596179315065,0.3680082149693347,0.4431341458625182,0.1973350370448279,0.1994366119673125,0.3081511337481424,4.137715497843931,,85.53591203358627,0.5643715852773221,1.0803625653792306,1.5075058252206954,0.6120901715298721,1.6725891837978468,0.7940044529862241,4.025015842998728,,1.1005488911687806,,,,,,,,,,,,,,,,,,,,,,,,,,,,,0.0,0.0,,aiops2022
rq1_qa,gemma-4-26b-a4b,L3_V,,,,,0.1476689036701349,0.1230600360579818,0.8902873005114569,0.8828187821822633,21.69115892564584,,,,,0.822831398582774,0.3444166029461253,1.0242505701876707,0.6587604421796626,0.3079194466563056,0.8165684092426561,0.0274773825826998,0.7732162322758519,0.0021848798783332,1.194192868036236,0.0033703797839746,1.5076315636981277,0.0188257435888896,6.417710039810216,0.0338700998347763,,0.0,,0.0,0.863007908999316,0.1611310387038368,1.358506926979261,0.0210717358439058,1.684648986547183,0.0264325632378351,1.1320142514029403,0.0781819012004928,1.587775469146029,0.0459164717976659,,0.0,,0.0,0.0857284856686737,0.3327337107837366,1.0,aiops2022
rq1_qa,gemma-4-26b-a4b,L4_S,,,,,0.1768373222345814,0.1184956011141656,0.6873048564614144,2.919881578778564,18.673721529189635,,,,,0.98323791040954,0.3424781326363351,0.90081402927191,0.99258177547363,0.3379535975170655,,,,,,,,,,,,,,,,,,,,,,,,,,,,,0.0809402457348278,0.332080476472114,0.0,aiops2022
rq1_qa,gemma-4-26b-a4b,L4_T,0.2304727867556856,0.3673052315389011,0.4420456052007495,0.2014619377609009,0.1995171915874393,0.3078470405060036,3.80703476035834,,85.42784902791801,0.5713544956824814,1.0876471972605968,1.4312050256096231,0.6472104649379458,1.7166677665571448,0.8179114169536771,3.545594676263178,,0.9993649247419006,,,,,,,,,,,,,,,,,,,,,,,,,,,,,0.0,0.0,,aiops2022
rq1_qa,gemma-4-26b-a4b,L4_V,,,,,0.1495056742989383,0.1236110688571861,0.8301434722490296,0.8916003121206617,21.70570521195644,,,,,0.8694033345306635,0.3614864510442677,0.9428051484861674,0.6426059377899301,0.3049706955396956,0.8048483446264004,0.0273419976682078,0.7390784909144031,0.0021048174605094,1.200461164373926,0.0034216488389727,1.5458506171204065,0.0195293337673003,6.185251896074528,0.0328942798016185,,0.0,,0.0,0.8486533565776395,0.1571520463725755,1.4137757002838112,0.0217774527825431,1.668643024342636,0.0263413038322279,1.1647180991973607,0.0798914658506481,1.5635247632529987,0.0449391606592659,,0.0,,0.0,0.0852920775366089,0.3301014294972606,1.0,aiops2022
rq1_qa,qwen3.8-27b,L1_CONTEXTV,0.1566194041909114,0.2896532089081378,0.5184874098876964,0.2600497618165763,0.1888558074257871,0.2331015008559902,6.64951379920088,2.774424215560622,20.00588277808327,0.452622482205563,0.926529731110922,1.5345232026382838,0.7618949648731881,0.7766771313820958,0.7953741451339709,6.635038484967192,2.486466552992478,1.6314377333450103,0.7978161021343543,0.0073330009742921,1.6368747913240254,0.001519627220135,1.7467802161558568,0.0015980309858408,1.230661864915405,0.0055000382396282,6.274500714901483,0.0138325719561956,0.6101747400536286,0.0036341792779122,,0.0,0.8507866798195096,0.0208688526498323,2.0754875320828603,0.0040011831664907,1.6449522963010013,0.0035421124144529,1.0255953421457404,0.0102569112470931,1.84215824488162,0.0094162716850118,0.8070432517011072,0.0086024866365518,,0.0,0.0334174486540041,0.0566878177994328,0.0,aiops2022
rq1_qa,qwen3.8-27b,L1_PATHV,0.168172829228454,0.3385687535522826,0.5796886284716316,0.2410161094525898,0.2527872861752536,0.2799183422899636,10.103259039602882,4.567351035126147,35.67838024486047,0.3910372213916568,0.7631052171636965,1.100104694683352,0.5493155058940365,1.2530342796283904,1.1119155415894793,11.129141718925103,3.703436476404169,2.725778721868988,1.0,0.0029267374433138,1.0,0.0008141727018311,1.0,0.0008149677662445,1.0,0.0014295657324613,4.808711146717319,0.0157680784857939,0.3106156053584,0.0092745687359821,,0.0,1.0,0.0078977371394307,1.0,0.0014786635979421,1.0,0.0012137727172417,1.0,0.0021092631836823,1.1304578663856235,0.0064952604303411,0.3351974171221856,0.0169575731873326,,0.0,0.031028090865627,0.0361522702559707,0.0,aiops2022
rq1_qa,qwen3.8-27b,L1_S,,,,,1.454315756314608,1.0940913089849609,19.69858086987904,11.685916709019256,26.47917095620041,,,,,3.4983913868331378,3.147161221032535,20.21908778674812,6.418589795357749,3.6543683085171392,,,,,,,,,,,,,,,,,,,,,,,,,,,,,0.051207562165014,0.0832378854412349,0.0,aiops2022
rq1_qa,qwen3.8-27b,L1_T,0.3184099252117678,0.3904182523201897,0.7507957446197437,0.2975318788157762,0.2999849865849766,0.3175708173237624,11.857227547970805,,53.56586775354615,0.5610605766877549,0.833138265440593,1.351559981035428,0.652016002026909,1.1366228601480246,1.024312508008385,11.69991030701156,,3.864727281331134,,,,,,,,,,,,,,,,,,,,,,,,,,,,,0.0,0.0,,aiops2022
rq1_qa,qwen3.8-27b,L1_V,,,,,0.3322552832519381,0.2686658248372796,5.106595265659044,1.7901083363361918,11.530356247622834,,,,,1.0826049851996036,0.9252248192191082,4.900161971515011,1.6595043733614014,1.7886894882680686,0.7609261133396988,0.0104941391280732,1.6020565180710349,0.0018580067989222,1.7896535034108647,0.0020688496073292,1.3363486185356042,0.0068476387261096,6.033767780654593,0.0130225345542002,,0.0,,0.0,0.835329093071397,0.0299721854282628,1.8175166422443456,0.0054425961148475,2.074328161853203,0.0063012014454764,1.0178390696015986,0.0136146453389166,1.9852985353458037,0.0111068745579182,,0.0,,0.0,0.0342911688146345,0.0664375028854217,0.0,aiops2022
rq1_qa,qwen3.8-27b,L2_CONTEXTV,0.1580622906542009,0.3136881164893536,0.5268737201311171,0.2245302949284056,0.2194474049956797,0.2673447864029474,7.550556258705375,3.903868008063696,29.858211238005264,0.4263870724972333,0.8623561653429739,1.6029393566537562,0.681632965584932,0.9516889694400492,0.9497501726573532,8.326437408555575,3.000081653269952,2.334433841318857,0.8580163480094235,0.0040296103922644,1.367112591974835,0.0011419689146482,1.4625998097277582,0.0012767739766102,1.1168132522495289,0.0044021959131608,5.62877716658104,0.0144641917784656,0.4347460020622337,0.0072622269911632,,0.0,0.8931099114165845,0.009718599249573,1.8954511066628856,0.0028183115021247,1.4286817872250492,0.0020629335953568,0.969882029728403,0.0068259069329316,1.306950443382082,0.0061894947552702,0.5853151305083202,0.0153964796896462,,0.0,0.0325769679663126,0.0430117257249028,0.0,aiops2022
rq1_qa,qwen3.8-27b,L2_PATHV,0.1603718413612493,0.3249466478298014,0.555067598828323,0.2043466869549956,0.2003135928449477,0.236638370236443,6.710269391523243,3.5847202179097377,27.29108084829479,0.4162866916101765,0.7207850984577214,1.0900299995546312,0.5448875010069084,1.099887277383398,0.984018723803302,7.817234286443616,2.771915053998693,2.032171939246384,0.8733573816996809,0.005638673811284,1.5686288682119838,0.0014124700450725,1.5460894730017294,0.0012523541214249,1.1713238443643703,0.0023808460598922,6.10752778877718,0.014458265647801,0.4897332023845115,0.0067018091709379,,0.0,0.8733466413600283,0.013361356547348,1.9172066467714384,0.0033419277014909,1.622276111226786,0.002492033522218,1.0235644068057943,0.0041609185111243,1.4436051286913485,0.0068733867127096,0.66916078237103,0.0156036957844155,,0.0,0.0318444188564128,0.0458333187793067,0.0,aiops2022
rq1_qa,qwen3.8-27b,L2_S,,,,,1.398107741814132,1.0385808834846644,16.45348472026832,12.004168076197749,29.724858374036906,,,,,3.5087834244768046,3.075381472767956,18.22979192759574,6.487851146668708,2.71261241061257,,,,,,,,,,,,,,,,,,,,,,,,,,,,,0.050890315283151,0.071081392598066,0.0,aiops2022
rq1_qa,qwen3.8-27b,L2_T,0.3158323248994088,0.3874357355844538,0.7541386465721506,0.2971079626103031,0.2928362567024988,0.3138789482947263,10.098610906971862,,54.30479076955538,0.570918107845063,0.8333050942661205,1.3608839624360465,0.6823406544370084,1.0542547587629918,0.969225837889707,10.265008952795467,,3.5151046666039805,,,,,,,,,,,,,,,,,,,,,,,,,,,,,0.0,0.0,,aiops2022
rq1_qa,qwen3.8-27b,L2_V,,,,,0.3188152601125276,0.2611888789577649,4.258635325924131,1.8139222713971948,13.883569910843256,,,,,1.0863660407296798,0.9036516878316876,4.2762903179425,1.6905753090624822,1.870866540473012,0.7895284089273538,0.009287426168711,1.5505656485976622,0.0015382499855993,1.8335568695618716,0.0018148409404777,1.2602858715770875,0.0055008534219121,6.399994487840785,0.0117840546945004,,0.0,,0.0,0.7561886667040233,0.0298106450971145,2.151481780549481,0.0071195084741004,2.269897382777005,0.0075298467263983,1.112186651794636,0.0163170710106013,1.73918446826213,0.0107517567379395,,0.0,,0.0,0.0299254252112007,0.0715288280461541,0.0,aiops2022
rq1_qa,qwen3.8-27b,L3_CONTEXTV,0.1650982743644035,0.3313236333843568,0.554691888798456,0.2337358371892693,0.2525133315981182,0.2683135308139145,7.448141224414364,4.553600657681233,34.89027695639022,0.412995397982104,0.8912477682820418,1.492476984271208,0.6847693622397001,1.1427332223789337,1.0210487848133567,8.245707746214048,3.3454314260667006,2.3950507555165794,1.0,0.0028528477962878,1.0,0.0006905737767542,1.0,0.0005809028685427,1.0,0.0023361328849707,5.014741071636626,0.0149606947884514,0.3240180040287775,0.0086829788890067,,0.0,1.0,0.0092349225374116,1.0,0.0012772186715711,1.0,0.0008486220932585,1.0,0.0035527461445514,1.0295968223568517,0.0061958971868976,0.3691503158650179,0.0170324583035559,,0.0,0.0301041310040137,0.0381418649372463,0.0,aiops2022
rq1_qa,qwen3.8-27b,L3_PATHV,0.1531449296179262,0.2952432821671861,0.51162368155679,0.2594193794513923,0.1871950222389158,0.218489838919172,5.075297617599455,2.8678705340074755,21.682182953235717,0.4103450783912006,0.7706071295416863,1.0600850702875222,0.6456638679742703,1.0414699987488805,0.941873514760718,5.790687049106111,2.2231171910173586,1.3836649961210146,0.8079017747551266,0.007369995090693,1.6155943255726677,0.0015793634987425,1.742499489875863,0.0017712377984122,1.211044619531254,0.004674869160796,6.225616102990087,0.0137005065738372,0.6077773922024411,0.0038578110538023,,0.0,0.8018101352369085,0.0210596049922237,2.2060915656235545,0.005036825181836,1.8519399543824957,0.0048575245040637,1.0406326175861202,0.0104980939576193,1.5777553543825669,0.0091366335954738,0.8981876374646697,0.0116805754771809,,0.0,0.0329537831762834,0.0622692577083977,0.0,aiops2022
rq1_qa,qwen3.8-27b,L3_S,,,,,1.459753762481495,1.0110574322978771,14.63502567337664,11.985830490187256,29.032456803183344,,,,,3.540259837687916,3.0413509523726714,16.086955116644152,6.629803989788583,2.36083069138404,,,,,,,,,,,,,,,,,,,,,,,,,,,,,0.0486295116241995,0.0704415078697793,0.0,aiops2022
rq1_qa,qwen3.8-27b,L3_T,0.3129323212771576,0.3866520617152136,0.7566844472678435,0.2949695307507765,0.3105422934213156,0.3018375074735068,8.86153970883496,,54.354280732718486,0.5643522781020589,0.8703785606820155,1.380848778014797,0.699412393914611,1.1160181067008057,0.9837660344995284,9.056422092062654,,3.120644982117848,,,,,,,,,,,,,,,,,,,,,,,,,,,,,0.0,0.0,,aiops2022
rq1_qa,qwen3.8-27b,L3_V,,,,,0.325350525235041,0.2520582443442297,3.769775473037668,1.8399511476690276,12.87295636131101,,,,,1.114801571612405,0.9183793967108826,3.7480613677097008,1.7638757403680805,1.8618649225464028,0.7791309867456307,0.0096927831881253,1.6174351184696478,0.0016843918626735,1.9546109162555223,0.002035969455692,1.24632868430956,0.0057478864821022,5.820780456311217,0.0113104547920161,,0.0,,0.0,0.7779352329865161,0.0270287567943885,1.895148200476829,0.0055284365701981,2.036978818089056,0.005930616799297,1.163331418288636,0.0149805421840339,1.5113564046658152,0.0082380410839447,,0.0,,0.0,0.0304714857806093,0.0617063934318625,0.0,aiops2022
rq1_qa,qwen3.8-27b,L4_S,,,,,1.443123632163065,0.9802311187326188,13.037702773938316,12.069178663395151,29.05017429290244,,,,,3.5120014026261197,3.1995351282611115,14.03193177565642,5.9617411018240025,2.219908084181485,,,,,,,,,,,,,,,,,,,,,,,,,,,,,0.0475268823963214,0.0831662936859508,0.0,aiops2022
rq1_qa,qwen3.8-27b,L4_T,0.3139188287057896,0.3859494365946097,0.7629251462911758,0.2978542874093878,0.3058595695789552,0.2944614698086379,7.85984372672981,,55.28151919837379,0.5614099151778653,0.9238644997028728,1.352567157049969,0.6946665733883977,1.1222862964527651,1.059737377420923,8.10419800044576,,2.8904836784403543,,,,,,,,,,,,,,,,,,,,,,,,,,,,,0.0,0.0,,aiops2022
rq1_qa,qwen3.8-27b,L4_V,,,,,0.3218751622647382,0.2463972200003566,3.3714802400351296,1.8567381335705,12.353657332102472,,,,,1.1244841553358094,0.964549419420162,3.317575081177417,1.7963503668393794,1.5384285627525651,0.7577608652037217,0.0102198971447747,1.7648533008895957,0.0019866104250356,2.1344477899843137,0.0024014187497618,1.2296000401595402,0.0061562449767158,5.088669462428365,0.010725733488957,,0.0,,0.0,0.7762150934378466,0.0268035313367931,1.790994107391184,0.005169876328809,2.0412135152353663,0.0058610971719587,1.189472260766501,0.015189823886369,1.5275779939510543,0.0082684744782892,,0.0,,0.0,0.0314899047852451,0.0612928032022192,0.0,aiops2022
rq1_rca,gemma-4-26b-a4b,C,0.1818391509412366,0.2684155823033597,0.3746922945900979,0.1933586966481351,0.2384274422746136,0.4251020728088656,6.770689240406568,,17.179298525571895,0.5640905071765774,0.8577823520649028,0.6279366255138846,0.9919386330852104,2.345952109892325,0.8877275774870046,2.2178416688880667,,4.065414696205062,,,,,,,,,,,,,,,,,,,,,,,,,,,,,0.0,0.0,,aiops2022
rq1_rca,gemma-4-26b-a4b,H,0.1676570527541783,0.3115847322387386,0.3896336364671328,0.1661068451564972,0.1513131548224534,0.2905048306217548,6.75803934422875,1.309834534539707,17.203816114274982,0.4357771017650198,0.9631907441807784,0.6512818260023088,0.909938438169025,1.731327000737796,0.6630661153624576,2.304343063469525,1.1585976860106642,4.327922627227231,0.798123104169004,0.0180008275277257,0.8143171146740588,0.0015424630132351,1.297695649353821,0.0024561921587236,1.5256741293947795,0.0127870062631182,5.457225608227129,0.0193165432740505,,0.0,,0.0,0.9481915791167737,0.0784219253586159,1.015555951905455,0.0070626617315567,1.272752832552637,0.0087902378187727,1.0733704135694335,0.0331256641558038,3.5544238161021497,0.0457438121181203,,0.0,,0.0,0.0541030322368533,0.1731443011828696,0.93,aiops2022
rq1_rca,gemma-4-26b-a4b,LV,0.1619469733480258,0.3272856143783727,,0.1588245121769244,0.1646752437094596,0.3014586864951497,6.634023280637279,1.301006248668695,16.99353824823719,0.4764961617547837,1.1026398745549706,,1.0687872990291565,2.144342698139773,0.7567504347342147,2.536575172447913,1.3045928545407963,4.7502156002257525,,0.0,,0.0,1.0,0.0029654438985745,,0.0,2.858620192797689,0.0156580179876292,0.6044033501116397,0.030891726999982,,0.0,,0.0,,0.0,1.0,0.0140424985285028,,0.0,0.2942965242781686,0.0073963875391565,0.2093500150210669,0.0494900416639175,,0.0,0.0495151888861858,0.070928927731577,0.88,aiops2022
rq1_rca,gemma-4-26b-a4b,MV,,0.2538797411747511,0.2250006460085608,0.0925384872447765,0.0805658171660739,0.1585667690718021,3.231722150177662,0.6803378380961924,8.171302137244645,,0.9003455892104161,0.4031535489736801,0.6595570446345685,1.1597788959666966,0.4058659725135338,1.2646590804865552,0.6620415819369463,2.2948030783202835,1.0,0.0153181854886314,,0.0,,0.0,,0.0,8.370099399002196,0.0200191793474055,1.6142622023249311,0.0132364698199735,,0.0,1.0,0.0896947259218965,,0.0,,0.0,,0.0,4.228413760222725,0.0563690025018853,0.4880609374088931,0.0224640519956665,,0.0,0.0485738346560106,0.1685277804194484,1.0,aiops2022
rq1_rca,gemma-4-26b-a4b,S,,,,,0.1266252673366937,0.1264328196951018,1.7529596603423043,0.8650847239306155,4.424591970192593,,,,,1.2494276351744402,0.4173004204157499,0.8862622989986711,0.5700552697684949,1.650028717044571,,,,,,,,,,,,,,,,,,,,,,,,,,,,,0.0659585687526282,0.2295575672205893,0.0,aiops2022
rq1_rca,gemma-4-26b-a4b,T,0.1850398186688412,0.3445758139055763,0.4336855111736844,0.1840643869159069,0.1690166786901624,0.3192928915729572,6.783142897301072,,17.284126191507262,0.5978783233639576,1.005284741811072,0.7005774253217949,0.8507007273369571,1.8091302668120492,0.7228098047170307,2.5391222407970604,,4.679036611257649,,,,,,,,,,,,,,,,,,,,,,,,,,,,,0.0,0.0,,aiops2022
rq1_rca,gemma-4-26b-a4b,TCV,0.1622160390628594,,0.4941148798110385,0.1905056024094935,0.1442313476816097,0.2875455041479404,6.523490589973606,1.287169912418467,16.749585258118604,0.4696410371693162,,1.077104842311636,1.212656202222079,1.841915984199283,0.6994426224149503,2.3871590001138103,1.2248874116536412,4.408166386129447,,0.0,1.0,0.0024490619659816,,0.0,,0.0,3.1101541523487737,0.0141085689806506,0.5730422107615049,0.0241583744068131,,0.0,,0.0,1.0,0.0259447526504798,,0.0,,0.0,0.149155121696335,0.0063842601662017,0.1652889211332062,0.0665170177244404,,0.0,0.0407160053534454,0.098846030541122,0.91,aiops2022
rq1_rca,gemma-4-26b-a4b,TPV,0.1562888682126595,0.3250779718777865,0.3674822109941564,,0.1595842225546216,0.2605605024842637,6.296608737743124,1.2602639483450984,15.466407179611908,0.5559908673621617,1.0576044967156184,0.7239011219594259,,1.5922670655834472,0.5583535373945274,2.313988610196051,1.2200970372127438,4.189815616986476,,0.0,,0.0,,0.0,1.0,0.0105815923476607,5.494106969391066,0.0243872149395262,0.5492531109298957,0.0181195085090244,,0.0,,0.0,,0.0,,0.0,1.0,0.0549395278039407,0.5136935539360308,0.0114563494523907,0.2319875441876099,0.0386151437875572,,0.0,0.0530883157962114,0.1050110210438887,1.0,aiops2022
rq1_rca,gemma-4-26b-a4b,V,,,,,0.1237851400685586,0.1411850716237573,1.9978790136117857,0.4480948138278514,4.951107800644693,,,,,1.208023700697347,0.3869253127570389,0.8335180674075745,0.4396779717329258,1.53098927611252,0.805960759424456,0.0241413601287275,0.8466267101837117,0.0021326366490745,1.3259691007199237,0.0033339316105375,1.4891387200227422,0.0165678156271648,4.908410912887139,0.0230602998007928,,0.0,,0.0,1.0292065612198638,0.148702661559124,1.0150361375306796,0.012452349307011,1.1109868340704971,0.0134440542176431,0.8976390817681532,0.048047267227763,3.40854635053442,0.0738212994348462,,0.0,,0.0,0.0692360438162972,0.2964676317463875,0.99,aiops2022
rq1_rca,gemma-4-26b-a4b,V_LG,0.151151524848723,0.2909864634120972,,,0.1419466635411378,0.2490140655700455,6.064380162815428,1.2177530836033312,15.206848082353144,0.5160945924687868,1.0378124481223914,,,1.832892670163933,0.5687009555389114,2.2191771302650767,1.15327666048407,4.185522537758207,,0.0,,0.0,1.085099191946114,0.0029668606370057,0.981770596605111,0.0119216807239732,4.88760102045291,0.024927756868162,0.7100244804284942,0.0250256588344904,,0.0,,0.0,,0.0,1.3531163485266944,0.0172533562835726,0.9215444544503844,0.0508537198191951,0.4820678454857844,0.0109275883809539,0.3337272462224072,0.0524811129406642,,0.0,0.0648419570636315,0.131515777424386,1.0,aiops2022
rq1_rca,gemma-4-26b-a4b,V_MG,,0.2076380438757418,0.171184699846232,,0.082119196385384,0.1217686522446992,2.6410287049462715,0.568464976084556,6.529627993389262,,0.8641989728584208,0.3870719435948505,,0.9952392776634064,0.3138304599202619,1.032831726052016,0.5607928834339109,1.7499105053280395,0.7949153209688177,0.0192077550881723,,0.0,,0.0,1.5566518666990217,0.0139679483081813,5.488724535716034,0.0207821032383381,1.0201794946759637,0.0041234413489722,,0.0,0.9926398095857042,0.1268357043864104,,0.0,,0.0,1.0230644229895098,0.0468140674433552,3.2309122822119964,0.0619960033632374,0.3191365730129096,0.0066391832375313,,0.0,0.058081247983664,0.2422849584305345,1.0,aiops2022
rq1_rca,gemma-4-26b-a4b,V_ML,,0.240389360588911,,0.0838922388345509,0.0774364682915942,0.1479574092304851,3.0055160149496998,0.6344760803270321,7.551650805052542,,0.7598859716280802,,0.6624314509568279,0.9626657787835264,0.361894305596163,1.2350614512226197,0.6428013594247696,2.261148913638781,0.9556643375503712,0.0196480246734199,,0.0,1.5282718241437814,0.0026269342694835,,0.0,6.794969418364494,0.0218338570317405,1.4656937095421498,0.0136367470438092,,0.0,0.9845179753640134,0.0977834212871378,,0.0,1.184472655735858,0.009376956686097,,0.0,4.022383510071029,0.0599108531458336,0.5232716673442733,0.0225014122752904,,0.0,0.0577455630184533,0.189572643394359,1.0,aiops2022
rq1_rca,gemma-4-26b-a4b,V_MLG,,0.1870653486838328,,,0.0695424396310359,0.1157582315801861,2.397773174190048,0.5121893933551891,6.147708491589578,,0.7033749658498943,,,0.9970539174918314,0.2743568434737348,1.0048517567935706,0.5141863658049813,1.7692949416412225,0.8206111556497959,0.0233030904687859,,0.0,1.1150084327407963,0.0026502269507006,1.4641462466106725,0.0154164326275616,4.962577432877965,0.0220830863310087,0.921741565494594,0.0021788557612327,,0.0,1.0365404445292774,0.1362693661514999,,0.0,0.9714196131392115,0.0100450635825155,0.9135973837931384,0.0432554782751316,3.4832896056229186,0.0681906347933333,0.583161579179764,0.0059669435013023,,0.0,0.0656316921392897,0.2637274863037828,1.0,aiops2022
rq1_rca,gemma-4-26b-a4b,V_MR,,,0.3632566248510306,0.101171438853816,0.0700346201367115,0.1362709981556913,2.824086477019333,0.5967822660653241,7.146767943974908,,,0.7011721674184224,0.7774516681024841,0.9820023498168589,0.3559676297863544,1.1295675104798952,0.5947588745385084,2.024235586310342,0.9728176295610228,0.0173633869462827,1.3238855499828153,0.0019782809013889,,0.0,,0.0,7.316008338241694,0.0204319892958485,1.891313946890001,0.0153091677531992,,0.0,0.9436473640170832,0.0980286274390242,1.6714574263963695,0.0144177178598044,,0.0,,0.0,3.749021828421745,0.0581901873492161,0.5693630161221205,0.0258014512846321,,0.0,0.0550828248967195,0.196437983932677,1.0,aiops2022
rq1_rca,gemma-4-26b-a4b,V_MRG,,,0.2954678450282375,,0.0864088838618267,0.1079659740258748,2.220187257379642,0.4944537310034493,5.434607252828142,,,0.6811891901689286,,1.1015016284550363,0.289251222168586,0.912026582665368,0.4941404723986781,1.5498440114679293,0.794241534373138,0.0211950266387781,0.8543550561655812,0.0019105420160432,,0.0,1.5913076247351117,0.015777883892888,5.58421571078881,0.0233289866297097,1.3545820595741949,0.0030167481923153,,0.0,1.0175783635848996,0.14806361481064,1.357963577915808,0.0160529717088653,,0.0,0.8802829308422059,0.0466787519805776,3.3843561425248048,0.0735087746952519,0.3696544385165451,0.0043532672330843,,0.0,0.0652291873697345,0.2886573804284194,1.0,aiops2022
rq1_rca,gemma-4-26b-a4b,V_MRL,,,,0.1363563694617268,0.0784407844698842,0.1288251241908084,2.5934838150877817,0.5436645778251262,6.7291725848086825,,,,0.8652492193719518,0.8796764064806574,0.2924561146751411,1.1010500058325583,0.5568007301601423,1.95037461994852,0.9389249266723688,0.0216406401404955,1.1237312050739454,0.0021758051068026,1.6039953837225869,0.0030971963144789,,0.0,6.105181856791489,0.0220545545262728,1.5915773988181272,0.0136231298085328,,0.0,0.9755032778248482,0.1063693223390738,1.1067022637055113,0.0098676282816772,1.1851830357126127,0.0103789578364936,,0.0,3.675427842441418,0.0595270267969276,0.5717925910193015,0.0220144970017649,,0.0,0.0625913258965829,0.2081574322559373,1.0,aiops2022
rq1_rca,gemma-4-26b-a4b,V_RG,0.1522310867156831,,0.4441203324067599,,0.182596455148326,0.2509620316037945,5.898130242051581,1.2030835977381285,14.486224577449482,0.5203352188386267,,1.089805813495338,,1.813244248240728,0.5429349389779909,2.083390635582377,1.1129024225396986,3.7260427945115593,,0.0,0.7980047848211087,0.0021427931892443,,0.0,1.0460977023099105,0.0125024302490835,4.864423085681314,0.024407171962913,0.6219968063570854,0.0215162201797643,,0.0,,0.0,1.64195059450024,0.0241406725446545,,0.0,0.8560366107776126,0.0548072810696461,0.4090821971631886,0.0108839051089729,0.3387763460648858,0.0628229166831401,,0.0,0.0605686155810053,0.1526547754064137,1.0,aiops2022
rq1_rca,gemma-4-26b-a4b,V_RL,0.1587867030813174,,,0.1876651021774227,0.1501438948186228,0.2830732791630159,6.273283858658248,1.2483907235036005,16.045687420954106,0.4486601264330638,,,1.1952925179899632,2.046624834511076,0.7414767110901697,2.301860234844387,1.2038532516672604,4.275881685474048,,0.0,0.9244339877065152,0.0030452973956266,1.0755660122934847,0.0035304095454554,,0.0,2.8278188040954397,0.0172240134657272,0.62900799421668,0.0336536070715933,,0.0,,0.0,1.2043985535026558,0.0237284638444266,0.7956014464973442,0.0147955282355402,,0.0,0.2284408638529532,0.0077808248592514,0.2461131576580588,0.0744581836802517,,0.0,0.0574533274784027,0.1207630006194701,0.93,aiops2022
rq1_rca,gemma-4-26b-a4b,V_RLG,0.147631110919627,,,,0.1782530552904265,0.2720084503030227,5.745866086649063,1.1647447590559548,14.324228531097278,0.5032605329739261,,,,1.992157826246681,0.6315607103811762,2.093169991780543,1.0967202296516578,3.88588188242182,,0.0,0.787338675528239,0.0023992410652514,1.1856084416426729,0.0036014469740761,1.007484752813071,0.0136029169345423,4.200522740942265,0.02383463446357,0.6836635067037369,0.0247085103294095,,0.0,,0.0,1.226377407348438,0.0180126814040735,1.362589385471841,0.0200219310322282,0.8662606682906626,0.054500402664217,0.4175301738098086,0.0108890811014095,0.361010540885278,0.0601958739255145,,0.0,0.0681467497668495,0.1636199701274429,1.0,aiops2022
rq1_rca,qwen3.8-27b,C,0.1828945029770145,0.3605786437038449,0.5614720688970748,0.2895287318279864,0.3762388653525574,0.5455069824134928,7.261901624988158,,39.81037117281144,0.4340434632237017,0.7995422207413266,1.462344958262115,0.957494142433772,1.156289554336979,1.3422712661410985,4.836446892535064,,13.523482913325358,,,,,,,,,,,,,,,,,,,,,,,,,,,,,0.0,0.0,,aiops2022
rq1_rca,qwen3.8-27b,H,0.1527074243738481,0.3460491899485168,0.5667126031115394,0.2886387410999462,0.2795695093817134,0.4263640962597593,7.979626032239836,1.7850260831361502,43.63222275958479,0.4390111637467483,0.7590803106045507,1.6574274914754126,1.0092197092811332,1.2850855397286798,1.219529904980703,5.027287543142777,1.9413658486871708,13.902926053691424,0.7593274208553457,0.0075538630593849,1.5948068604411545,0.0013311891475725,1.846286708084152,0.0015385139202651,1.3287408544964507,0.0048998473147125,5.7315789049655645,0.0088976066163109,,0.0,,0.0,0.7184427298284285,0.0183680203516238,2.9009358794590785,0.0061356416571342,1.8771336591442087,0.0038322279800867,1.1318084967766264,0.0106266140151263,1.9171749312185324,0.0076966933055944,,0.0,,0.0,0.0242210200582461,0.0466591973095656,0.0,aiops2022
rq1_rca,qwen3.8-27b,LV,0.161450518353841,0.3398185131228893,,0.2773028239645219,0.2817197062961492,0.4353806016223876,7.738980864777432,1.7938837943360892,40.58462832183704,0.45688060933371,0.851377860561415,,0.9125939274270672,1.2975313218997644,1.2390834447100982,5.276994278060716,2.1596039679339625,14.656113780373545,,0.0,,0.0,1.0,0.0024534287495003,,0.0,2.7505713385705333,0.0122746732254009,0.2753430969240906,0.0115623185897041,,0.0,,0.0,,0.0,1.0,0.0044025132490016,,0.0,0.7286593121858475,0.0052968349380777,0.365074666549154,0.025344706153115,,0.0,0.0262904205646054,0.0350440543401943,0.0,aiops2022
rq1_rca,qwen3.8-27b,MV,,0.3190570953532932,0.3216239868885607,0.1509132297942577,0.1387021718651074,0.2439520000541865,4.344413745422545,1.0126638036443247,22.666099391810416,,0.803174653852437,1.0345001305737789,0.5919298430050849,0.832252826145414,0.7522300566505175,3.052794050871977,1.5743781851787606,8.437341643298776,1.0,0.0081045439394746,,0.0,,0.0,,0.0,8.994629903248107,0.0114264507761627,0.4066191305868644,0.0017649968074613,,0.0,1.0,0.0285654160503321,,0.0,,0.0,,0.0,2.1418444594803727,0.0094006753837237,0.3720929525268369,0.0056708426051688,,0.0,0.0212959915230987,0.0436369340392246,0.0,aiops2022
rq1_rca,qwen3.8-27b,S,,,,,1.3767480948680564,1.2751909323606123,8.07945462982438,3.1478095796300027,35.04169924317867,,,,,3.5846318109962563,3.951240337276279,6.396080334202282,6.969606392443179,16.614536068113786,,,,,,,,,,,,,,,,,,,,,,,,,,,,,0.0402633760943246,0.062952166772304,0.0,aiops2022
rq1_rca,qwen3.8-27b,T,0.159982427043243,0.3468158871864547,0.5960212049210836,0.2688448631166535,0.2613572306759323,0.3811479085812624,7.51816966419256,,41.59282894943581,0.4018473227578474,0.6998088056195856,1.4707642698220855,0.8438272609793325,1.1240995817881858,0.9872471867440376,5.59313789159975,,16.355513683689825,,,,,,,,,,,,,,,,,,,,,,,,,,,,,0.0,0.0,,aiops2022
rq1_rca,qwen3.8-27b,TCV,0.1595225675127011,,0.6800168970254513,0.3004568131155701,0.2751616748263841,0.4300256612369768,7.488745549469795,1.7837946051165656,38.56968546328182,0.4275857339027847,,1.8704852904786196,1.0100879378965335,1.2300187184460465,1.150457756601545,5.202661432307203,2.0483448930571333,14.677216362077491,,0.0,1.0,0.0026953415476994,,0.0,,0.0,2.51436172558845,0.0123335202562284,0.2094457228241444,0.0097106821933165,,0.0,,0.0,1.0,0.0067126626229038,,0.0,,0.0,0.4173286752022652,0.0048865807641719,0.1850354546168602,0.0201815225869963,,0.0,0.0247395439972443,0.0317807659740721,0.0,aiops2022
rq1_rca,qwen3.8-27b,TPV,0.1527934350787757,0.3255175243720423,0.6197132845853031,,0.2924220380142882,0.4973740988709489,7.523306759637341,1.8024479073786888,38.10258088003143,0.416376115783737,1.0768106489785192,1.7465760653589757,,1.374110973795116,1.4511314558008583,5.383645737380923,1.904610455784702,14.524607095101388,,0.0,,0.0,,0.0,1.0,0.0058752585508863,3.708114046880529,0.0090832956801333,0.3641873248070715,0.00668028875735,,0.0,,0.0,,0.0,,0.0,1.0,0.0112089235492188,1.0958957572754051,0.0052374178352167,0.3931288298479369,0.0137013481867901,,0.0,0.0216388429883696,0.0301476895712258,0.0,aiops2022
rq1_rca,qwen3.8-27b,V,,,,,0.2813730712654571,0.3294558001112346,3.0850049551073915,0.7394792548844629,15.066921440707524,,,,,1.1473226077452152,1.0680796365905352,2.640329492563965,1.0850113562271586,6.057872898334511,0.7339712912712224,0.0076506215688876,1.703645671847498,0.001491237887651,1.6919397099873317,0.0014763917194834,1.4073690876835303,0.0054527513532495,6.139558696056692,0.0100319773366588,,0.0,,0.0,0.7678367871760229,0.0263694151546577,2.2150441014935933,0.0063709032150154,2.22513516536021,0.0064088788794317,1.0764470920261455,0.0137667865652891,1.4297632954201205,0.0076979119138112,,0.0,,0.0,0.0261029798659306,0.0606138957282053,0.0,aiops2022
rq1_rca,qwen3.8-27b,V_LG,0.1547313773902192,0.3772725940769388,,,0.2522001895259229,0.5054887151484965,7.374489688159084,1.7334690351202695,36.57047840861853,0.4426327138461483,0.9517662960973858,,,1.2174287048324706,1.4424393270913205,5.653576272641849,1.7970441928121528,15.484628447077746,,0.0,,0.0,1.2847231683696785,0.0020030521791044,0.9382813192917268,0.0065299342035118,3.6594851895387546,0.0106406970510869,0.4272297275396411,0.0086525382447347,,0.0,,0.0,,0.0,1.5286153011926604,0.0047000242258454,0.8814586912198918,0.012027474274773,0.994621821815156,0.0057160887441342,0.5450424516676132,0.0212495052329546,,0.0,0.027826221678438,0.0436930924777073,0.0,aiops2022
rq1_rca,qwen3.8-27b,V_MG,,0.2739421182549904,0.3189552799703075,,0.1449754453792996,0.2635475156400179,3.8143439879476113,0.8202593641782621,19.306607953158903,,0.9710599371424872,1.0047284178516187,,0.8783113746540765,0.846405081030218,2.8684088129202503,0.9466562798038194,9.896731497331889,0.8241340669802759,0.0069810225735222,,0.0,,0.0,1.4791114307129205,0.004655557719234,8.23646578609172,0.0109445043437384,0.3762176663028818,0.0005339661904921,,0.0,0.8815503913571109,0.0262214772498134,,0.0,,0.0,1.3222078749068469,0.0140016096186373,2.091986117752416,0.0096669540501112,0.4062178081538518,0.0019336137090917,,0.0,0.0231150508269868,0.0518236546276537,0.0,aiops2022
rq1_rca,qwen3.8-27b,V_ML,,0.3025451378666968,,0.145174427944388,0.1386979097840956,0.2388006609539236,4.179204981661249,0.960624342319716,20.912071476247306,,0.8490011765520898,,0.5419674982255311,0.8237175126396012,0.7441598378810219,3.4621493758924173,1.2942607123543308,8.300958364925114,0.8945713224725911,0.0081263550837685,,0.0,2.256212193913818,0.0017253429696381,,0.0,6.66155909528452,0.0094607615649072,0.7043659139627055,0.0029117675400246,,0.0,0.8759233031937341,0.0223793032071472,,0.0,2.478408561731766,0.0052277839683213,,0.0,2.2745205889936897,0.0089797980991332,1.0686237958147864,0.0120875450784733,,0.0,0.0222242271583385,0.0486744303530751,0.0,aiops2022
rq1_rca,qwen3.8-27b,V_MLG,,0.287009254206585,,,0.1325772287588572,0.2623893285676077,3.487346196360038,0.7698503977592267,18.48643949104978,,0.9112897286100612,,,0.8554598226621912,0.8735151131563725,2.669369373827751,1.1873324851889535,8.175621822230067,0.7782077887487406,0.0075472753859589,,0.0,1.9795970696409395,0.0016144122054395,1.3840824092298,0.0049857425532157,6.010797323900223,0.0091323836500329,0.610003370977608,0.0004959410744209,,0.0,0.7937439161400682,0.0243562155265933,,0.0,2.0066595682264543,0.005183606353416,1.3286355367284792,0.0152797325202115,2.3808900713821792,0.0114687657508258,0.8562305566863437,0.0022033609261128,,0.0,0.0237757548690682,0.0584916810771596,0.0,aiops2022
rq1_rca,qwen3.8-27b,V_MR,,,0.5147720844878863,0.1585353329933433,0.1299137130460117,0.2324528567075178,3.984506398835025,0.8843452470882066,20.075193660989985,,,1.486778290725154,0.6179652014792015,0.7838951003318071,0.6983460586793807,3.374945657991065,1.035177700044337,8.164304832407748,0.8893530558589433,0.0083197685343452,2.3183893007968432,0.0018222722237037,,0.0,,0.0,7.05526955363435,0.010317329912197,0.5910738381202408,0.0024996368900854,,0.0,0.821167692599267,0.0213592503513509,3.1308369837432624,0.00682846089059,,0.0,,0.0,2.051966128719883,0.0083528354349782,0.7056019824181142,0.0083207346568761,,0.0,0.0229590075603314,0.0448612813337953,0.0,aiops2022
rq1_rca,qwen3.8-27b,V_MRG,,,0.4719737045095772,,0.1440810803145566,0.2585648294963503,3.2875312882696983,0.7510277796992593,16.535241122034527,,,1.6222370407164874,,0.9290146974693866,0.8973836619702575,2.2267188283273063,1.1857545771441669,6.2224825909626365,0.7930749782416675,0.0072357633114049,2.037796712327188,0.0015622754364052,,0.0,1.327368562561169,0.0044987151502548,7.124400204243302,0.0101774248225295,0.6684080813174067,0.0005100071925008,,0.0,0.7703444751263099,0.0288547644129966,2.853735979819906,0.008984546490086,,0.0,1.1996804839182773,0.0167182478216151,1.887599421718568,0.0109968709964765,0.8108393460663753,0.002538724429867,,0.0,0.0239841859130954,0.0680931541510415,0.0,aiops2022
rq1_rca,qwen3.8-27b,V_MRL,,,,0.2378929837811252,0.1381319125934741,0.2496892963485566,3.71120253934736,0.8193122699187189,19.381141361657697,,,,0.8134877951267427,0.7941631509485088,0.7324265408628992,2.791205246717317,1.17561297014891,8.799072312540906,0.8304408517177762,0.008292417965054,1.909663248994351,0.0015968984756783,2.1106814490257437,0.0017723010859483,,0.0,6.1757740885669445,0.009634008869937,0.6826512144524627,0.0025322789754979,,0.0,0.8273496612775872,0.0345042725696792,2.4393246505809927,0.0082534098940766,1.6178524465144426,0.0053362603416402,,0.0,2.202082854992391,0.0145775749125443,0.8000371859482178,0.01184306003546,,0.0,0.0238279053721156,0.0745145777534006,0.0,aiops2022
rq1_rca,qwen3.8-27b,V_RG,0.1506890540408296,,0.715905445241551,,0.2892157152253071,0.5180360466722204,7.166061256122163,1.6302648724615283,35.10211459972906,0.4327213677059174,,2.0911309762792096,,1.3837099230606134,1.4897518981357538,5.088078278418792,1.694045921568076,15.18678985520163,,0.0,1.4914803228699165,0.002284505588975,,0.0,0.890445181600208,0.0060596570977963,3.648010258122668,0.0103911556634345,0.3858528920243225,0.0076263158959994,,0.0,,0.0,2.0248995433874395,0.0067609580761595,,0.0,0.7689923070438488,0.0113315974469226,0.9227723593952124,0.0057715491103396,0.4047390495950365,0.0172197327949745,,0.0,0.0263616342462054,0.0410838374283963,0.0,aiops2022
rq1_rca,qwen3.8-27b,V_RL,0.1617648941758475,,,0.3092163459968308,0.278537114824665,0.4650396338132966,7.35314756097543,1.755398389497791,36.27931427672504,0.458758396512539,,,0.9748519587775876,1.2221382067444184,1.1981376100722705,5.52112135271865,1.8607714871252767,14.699313102540346,,0.0,0.9601140564094032,0.0022133375432776,1.0398859435905967,0.0023945397694993,,0.0,3.346485164162165,0.0139770532925496,0.3076301823626906,0.0114552719347994,,0.0,,0.0,1.2881322403616349,0.0070080485827273,0.7118677596383651,0.0038161788336868,,0.0,0.5727057967244064,0.0053290942788141,0.2951611968854882,0.0244669953353133,,0.0,0.0300402025401259,0.0406203170305417,0.0,aiops2022
rq1_rca,qwen3.8-27b,V_RLG,0.15483925088588,,,,0.276433224126049,0.5428600504289707,7.031733934498077,1.6118571383730111,33.90594078700026,0.4644378954687873,,,,1.2983056939140882,1.564486940428288,5.082948158559469,1.8198026835533392,14.559676251717017,,0.0,1.1556416996125398,0.0018681574537686,1.2241941628139954,0.0019652119545294,0.916277366923089,0.0065454643628558,3.5756291097059165,0.0106793687857425,0.4318470619555072,0.0082744550165456,,0.0,,0.0,1.7730651179539725,0.0068770280314023,1.1838583735828885,0.0044995409459215,0.7851834515715426,0.0131263578999982,0.9248917227595612,0.0063970352688184,0.4629433883190081,0.0202981884139872,,0.0,0.029332657573442,0.0511981505601279,0.0,aiops2022
rq1_cf,gemma-4-26b-a4b,V_FACTUAL,,,,,0.1382492028444985,0.1388594255912213,1.8233406764142936,0.4041337861297787,4.594760411855683,,,,,1.7547696750489634,0.4241811375609628,0.7902158492952615,0.4222977226189534,1.4567412274081304,0.8095964641999689,0.022787330520188,0.8072118288464306,0.0019043025417327,1.1425022344977285,0.0027053873421014,1.53174378667742,0.0159406658632238,6.015707754060206,0.0265721200974857,,0.0,,0.0,0.9324890963724944,0.1151887319555672,1.0864861716407683,0.0116269500132787,1.2387426000110042,0.0126475727885414,1.1120792245571207,0.0511697446665442,3.6021063530099706,0.0673901307810643,,0.0,,0.0,0.0699098063647318,0.2580231302049961,0.99,aiops2025
rq1_cf,gemma-4-26b-a4b,V_NEUTRAL,,,,,0.1417151453534391,0.1518976188375898,1.9177127135815484,0.4540131284047433,4.88901463779355,,,,,2.0662526012141478,0.7403601907223779,1.1904949440752692,0.594191075056967,2.003951134981293,1.0093267890930655,0.0116150873613805,0.4984823304723882,0.000478037956895,0.5709789475092977,0.0005491953285451,1.184154263242566,0.0050421685891715,7.008090424572792,0.012619410040154,,0.0,,0.0,1.0859932022861578,0.0088219836804625,0.5797443893303892,0.0003945723696815,0.5866960400041645,0.00039921479129,0.9520096963533032,0.0028708979739452,9.737234819560957,0.0129596540729847,,0.0,,0.0,0.0303038992761463,0.0254463228883642,1.0,aiops2025
rq1_cf,gemma-4-26b-a4b,V_PLACEBO,,,,,0.138678056724972,0.1389693363316899,1.82337646239208,0.40423983068122,4.592551106043314,,,,,1.7685715452381026,0.424848948707944,0.8044315037776423,0.4220976787666781,1.4732348603959236,0.8073239446711651,0.0226879322344312,0.8078537669969724,0.0019034009792295,1.138091093382417,0.0026908672032345,1.5388536210779058,0.0159962367364755,6.02191586652076,0.0265628735180947,,0.0,,0.0,0.9287973744231428,0.1128341136878309,0.9805426144034132,0.0102376960388705,1.2432900144109462,0.0123378978548844,1.145050059473668,0.0518919605979986,3.5908685188478358,0.0661338549746411,,0.0,,0.0,0.0698413106714656,0.2534355231542258,0.99,aiops2025
rq1_cf,gemma-4-26b-a4b,V_TARGETED,,,,,0.1382167124542221,0.1388365539004235,1.8239410726902057,0.4045246492901062,4.595015295427164,,,,,1.7354724749046535,0.4172841333736224,0.7906002126617385,0.4180667928503747,1.489132066625807,0.8060802223507217,0.0226830092057607,0.8108677868096251,0.0019126578289017,1.1443842890838574,0.0027078631966054,1.5391967274513922,0.0160263207019314,6.025555558517538,0.0266107669179009,,0.0,,0.0,0.9226487244079048,0.1157448290373468,1.0340234972813578,0.0110012975252423,1.2154683693462909,0.0125134160457694,1.1559396179590034,0.0543020727886843,3.517853358877285,0.0669860187643476,,0.0,,0.0,0.0699406178511003,0.2605476341613905,0.99,aiops2025
rq1_cf,qwen3.8-27b,V_FACTUAL,,,,,0.2971191291113528,0.3583545198087799,2.926680367456525,0.7106005921647747,14.16676620984618,,,,,1.4473424459501538,1.0873229690237929,2.682572063860734,0.9400244141889724,7.119954469983457,0.7555710742466143,0.0071913934138977,1.5380706137384064,0.0012278156776973,1.7889741676131323,0.0014273750720498,1.3679602334688576,0.0048095865407976,6.969179843820151,0.0103596906215527,,0.0,,0.0,0.7787338280081572,0.0236637590964248,1.977621799334476,0.0050984415608783,1.8122764227814143,0.0046953424612626,1.1941885392611444,0.0134707817775202,2.217590636685772,0.0105416813675209,,0.0,,0.0,0.0250158613259953,0.0574700062636071,0.0,aiops2025
rq1_cf,qwen3.8-27b,V_NEUTRAL,,,,,0.2652604978205095,0.3616290592843201,3.0199421359257497,0.7587319061046236,14.806892975188726,,,,,1.577641250610678,1.021778438524857,2.915018486870837,0.9738436429528676,7.82475382002326,0.7385896346491387,0.0019981647116533,0.9666594004330792,0.0002195773482208,0.9941615238287718,0.0002304230723574,1.7230937433064974,0.0017155967654218,21.56127618311106,0.00911498215561,,0.0,,0.0,1.1042167991939271,0.0023772848675032,0.5268991732473021,9.55032524881122e-05,0.6625637484561594,0.0001201731679179,0.9040610328871148,0.0007297934742503,10.495607226608962,0.0035082498044012,,0.0,,0.0,0.0132787440532634,0.0068310045665609,0.0,aiops2025
rq1_cf,qwen3.8-27b,V_PLACEBO,,,,,0.2970187461212497,0.3584342471588693,2.9269041126346558,0.710511595982309,14.168395085265342,,,,,1.4502912663268563,1.084496532930113,2.6837686436790587,0.939231527308952,7.092756531286836,0.7550169015954373,0.0071857431096332,1.5386311506639272,0.0012281392411795,1.7910207165900054,0.0014287563753317,1.368952481471695,0.0048122415369783,6.97024661414531,0.0103620804239252,,0.0,,0.0,0.7788677784509543,0.0238021726089217,1.98149173481862,0.0051346393693314,1.8117411967570356,0.0047127539240062,1.193088939973219,0.0135266692957276,2.2058658715039177,0.0105295254455969,,0.0,,0.0,0.025016960687048,0.057705760643584,0.0,aiops2025
rq1_cf,qwen3.8-27b,V_TARGETED,,,,,0.2975035690293868,0.3583477033545303,2.925924800478648,0.7102890599740593,14.161014094600828,,,,,1.4516186560151545,1.0931041083813688,2.6713159258932797,0.9440907401613612,7.133505788070535,0.754979360853003,0.0071883408871782,1.5384934214483132,0.0012286310818677,1.787141178010475,0.0014262471415548,1.3701167467765378,0.0048181106945306,6.970765724639072,0.0103660425132978,,0.0,,0.0,0.7772296393428948,0.0238044565424519,1.954764719835943,0.0050700464522847,1.8324126111300032,0.0047937177948266,1.1988389037999736,0.0136096520475727,2.221197857814736,0.0106320586337179,,0.0,,0.0,0.0250273723184293,0.057909931470854,0.0,aiops2025
rq1_qa,gemma-4-26b-a4b,L1_CONTEXTV,0.140401327546146,0.1786559388067833,0.2625424064633556,0.1379946550185084,0.1281451883712391,0.1554500749487029,1.9051964545760784,1.4867821547480482,36.00945010273546,0.4551427930384869,0.7112136486209527,0.9736312240246244,0.5981156404284182,0.98040692223799,0.317363851939353,2.2175328933964917,1.1238150714439905,0.5804784149312591,0.867818446635602,0.0181031120876962,0.857872799264496,0.0018463153341557,1.0634814940926862,0.0021898676822879,1.348196591228383,0.0132301180347591,6.527859201820272,0.0327213307191409,1.1414971978195574,0.0137494085901405,,0.0,0.9601453996795296,0.0906417378904675,0.8526482995789552,0.008926331601478,0.8856234298579005,0.0098997643435642,1.1609180346845465,0.0567157056373781,2.035583772769085,0.0450770085165419,0.4583132421329416,0.0343972110316259,,0.0,0.0818401524481805,0.245657759021056,1.0,aiops2025
rq1_qa,gemma-4-26b-a4b,L1_PATHV,0.1552747829021661,0.3352540965066225,0.300259775878041,0.1379611860567843,0.1497093329549084,0.2215399077455641,3.258059567373992,2.361197127620488,59.01027084295162,0.3473816044052618,0.6298663137436996,0.4803043738986626,0.3587899212862214,1.459111510417997,0.5898516334789073,4.298660747264598,1.730779664925174,0.8820626172275322,1.0,0.0056363866422479,1.0,0.0006164324535867,1.0,0.0006373056023981,1.0,0.0030352765720103,6.209942945342411,0.024289493991272,0.9657389243794472,0.0248379960856759,,0.0,1.0,0.0718373182775247,1.0,0.0142454032208794,1.0,0.0076186207708527,1.0,0.0336034142918589,0.7775894554324467,0.0299522340850988,0.2156865766905762,0.0870803048383514,,0.0,0.0590528913471911,0.2443372954845664,0.99,aiops2025
rq1_qa,gemma-4-26b-a4b,L1_S,,,,,0.1898783313359922,0.1188831087515018,0.715071914272996,2.6372359709632645,16.46296124975673,,,,,0.9601001252839172,0.2944768830150632,1.3364978635590914,1.2733572195574032,0.3906663792791232,,,,,,,,,,,,,,,,,,,,,,,,,,,,,0.0839291465104656,0.3285826631453961,0.0,aiops2025
rq1_qa,gemma-4-26b-a4b,L1_T,0.2241001799857495,0.3963755399090447,0.4002947674936218,0.191795347605372,0.218386560471623,0.3212255728230833,4.945682647934193,,79.8951904690753,0.6166315507748997,0.881432329559905,0.9301722180739076,0.5597717086731622,1.6315436807250288,0.6713398170992265,5.77946834066917,,1.2901065310582047,,,,,,,,,,,,,,,,,,,,,,,,,,,,,0.0,0.0,,aiops2025
rq1_qa,gemma-4-26b-a4b,L1_V,,,,,0.1652303713922276,0.1238262972987998,0.9186095236860292,0.8193965228581872,19.18474937129901,,,,,0.8151336726010099,0.2853195703719954,1.282202252162842,0.6498911655465615,0.3243219796458716,0.8076225464528122,0.0282872881231571,0.7417034162560463,0.0021778955669095,1.0800807192093451,0.0031811168855056,1.5675021173786103,0.0203116456940932,6.394470335959275,0.0351160564902466,,0.0,,0.0,0.940277756666318,0.1820450886910047,0.8877563120299407,0.014463139570496,1.147523823351839,0.0176111902314214,1.1517714603633145,0.0816881859894587,2.234264473205425,0.0659523111163621,,0.0,,0.0,0.0890740027599122,0.3617599155987432,1.0,aiops2025
rq1_qa,gemma-4-26b-a4b,L2_CONTEXTV,0.1462250907144974,0.2320917285375324,0.2882402021454845,0.1084026932420292,0.1252599638094143,0.1750476556700411,2.3902467251838715,1.8904135168769125,47.24515217306509,0.4448584329322287,0.6467410564596048,1.1749055736256653,0.5875617669946654,1.10978036551412,0.4273041956755503,2.6537303918984527,1.3321913868530717,0.622140539579476,0.91970006828913,0.0105220707128945,1.0020033464905953,0.0012050213145066,1.0041582027856342,0.001189441226421,1.2052483464954016,0.007974581470415,6.843341578594714,0.0292929096575936,1.1125552502430671,0.0204564768251044,,0.0,0.9527011466035784,0.0593850470942237,1.413019177935619,0.0105589950166339,0.9466486129763946,0.0069912801878197,1.054467964862492,0.0408638319521345,1.3287953704407305,0.0280585752841018,0.3979750979420614,0.0477944113931387,,0.0,0.0706405012069353,0.1936521409280526,0.9789473684210528,aiops2025
rq1_qa,gemma-4-26b-a4b,L2_PATHV,0.1473250026717603,0.2589860140496848,0.3040703338607849,0.1144339812271104,0.1271243336058127,0.1797791921448548,2.3977403177515138,1.899029220378589,47.33815988335421,0.3398066035794014,0.5230713865216609,0.5505753793460714,0.3272727562535034,1.3059538360525602,0.5296025165186624,2.8204908903411683,1.3368254020994768,0.6211010533264063,0.936761083214002,0.01024448842373,1.0258296920283363,0.001355804617744,1.0253266230463025,0.0013052121712729,1.1730386481608643,0.0068612724743879,6.935380028626688,0.0292887975029129,1.1427941356862346,0.0216778126608697,,0.0,0.93763968575707,0.0901950643413941,1.1875648378708994,0.0151089713285,1.4328592910076416,0.0153297645995889,1.0234459613302227,0.049532296604969,0.9874934699778144,0.0321790623194661,0.3447337845692388,0.0660660228684997,,0.0,0.0707333878509177,0.2684111820624181,0.968421052631579,aiops2025
rq1_qa,gemma-4-26b-a4b,L2_S,,,,,0.1828192466397331,0.1241826299008095,0.6712851358296638,2.646602341823367,16.638598992319235,,,,,1.005288028305975,0.3234606346888358,1.0568884625241817,1.096568430980357,0.3496819950396533,,,,,,,,,,,,,,,,,,,,,,,,,,,,,0.082141495697423,0.335968389005825,0.0,aiops2025
rq1_qa,gemma-4-26b-a4b,L2_T,0.222344288696528,0.3675061414203801,0.3830343123521453,0.190829398948073,0.2099342109478054,0.3236604630718569,4.505251087000909,,79.80286239498211,0.5997266271813121,0.8693112731323946,1.0876013413644248,0.6225921405797262,1.606352204655228,0.7093789440474302,4.774200543944096,,1.101127656915651,,,,,,,,,,,,,,,,,,,,,,,,,,,,,0.0,0.0,,aiops2025
rq1_qa,gemma-4-26b-a4b,L2_V,,,,,0.1594171872099765,0.1270105547556488,0.8548615654824434,0.824514671123524,19.502985403358608,,,,,0.8359117300627223,0.3087940543801426,1.103506139192716,0.6457436895744949,0.3024077704727323,0.8023397755311167,0.0276741839550833,0.7499735043931167,0.0021740465222487,1.0545907190837764,0.0030610347090195,1.5813375027114385,0.0203002109498422,6.557674418615111,0.0354631465266765,,0.0,,0.0,0.9057789798333392,0.174792484506039,1.0023096022022346,0.0159869935313525,1.5350123260555832,0.0247695871722831,1.1311829980915111,0.0795352719646804,1.7650674908448474,0.0523579231793511,,0.0,,0.0,0.0886726226628704,0.3474422603537062,1.0,aiops2025
rq1_qa,gemma-4-26b-a4b,L3_CONTEXTV,0.1571997753732242,0.2938581036070961,0.3300811816500999,0.1511345054524384,0.1672597799773324,0.2414146988181472,2.997724842163539,2.5686405763926423,65.75538669215874,0.4638804485826038,0.8516116122208366,1.3591296940595532,0.6902265382739674,1.62960855339113,0.7011318958173003,3.0847176684509545,1.7483137481222146,0.8063482632362476,1.0,0.0026408685491201,1.0,0.0007169115656539,1.0,0.0009787037740668,1.0,0.0025270527576102,4.923455448949241,0.0208189676176951,0.8373132415818236,0.0273537645732858,,0.0,1.0,0.0160477214168641,1.0,0.0087576247422612,1.0,0.0067957009877375,1.0,0.0173818393907178,0.532818380474393,0.0133488683387902,0.2401774186201241,0.0563240368928938,,0.0,0.0550362688374322,0.1186557917692648,0.956989247311828,aiops2025
rq1_qa,gemma-4-26b-a4b,L3_PATHV,0.143507075091266,0.1804292121576638,0.2564166006650489,0.1383928701511677,0.1092098559083689,0.1268799550464523,1.2523371899775873,1.21525496855586,29.973008389357368,0.3473480113813503,0.3645809478691004,0.3498301353347178,0.3127198917015686,1.0883541030149149,0.3880682043697252,1.3905344860347708,0.8766862565962406,0.4091132565538918,0.8359530945162089,0.0212485086276421,0.8782735211193173,0.0016919751146725,1.0516047030852465,0.0016788966373966,1.4843071580965728,0.0144637802057419,6.558773099154424,0.0316985420160024,1.1557755608350162,0.0092055237189519,,0.0,0.8878129319820719,0.1417017048941721,1.1827831832966522,0.0150276948934638,1.539006107222464,0.0159135801869847,1.1925008900641685,0.0711426238136913,1.568378237125719,0.0461633674014711,0.4615210784843092,0.0250799296655609,,0.0,0.0799872263204076,0.3150289008553441,1.0,aiops2025
rq1_qa,gemma-4-26b-a4b,L3_S,,,,,0.192125765543826,0.1236621882312803,0.6195925455283265,2.6905256088825964,16.740385654013142,,,,,1.0747146819294342,0.3452216428319709,0.8591663502871387,1.023765268063616,0.325959755294564,,,,,,,,,,,,,,,,,,,,,,,,,,,,,0.0822865557286663,0.3408674154220583,0.0,aiops2025
rq1_qa,gemma-4-26b-a4b,L3_T,0.2238982971512217,0.3570638496231563,0.3826049120210866,0.1886222485995322,0.2191823854349811,0.3159446682031876,4.080088634295579,,79.15292510904484,0.6051054593379358,0.8787656588571875,1.0830873217800083,0.6470489126085103,1.720059896959626,0.7662204481840084,3.8635372231977305,,1.0236907278655547,,,,,,,,,,,,,,,,,,,,,,,,,,,,,0.0,0.0,,aiops2025
rq1_qa,gemma-4-26b-a4b,L3_V,,,,,0.1663661784267376,0.125348045757158,0.7776239623713086,0.8314900023830822,19.69890856552085,,,,,0.9071461098866654,0.3468637307488767,0.9198658582948088,0.6265053808966765,0.2782505607584968,0.8082081387923573,0.0272312913831046,0.7559740077379915,0.0021374436024136,1.0790223237449812,0.0030550945270686,1.5575694543275889,0.0195489722330348,6.771373121137794,0.0357244803746098,,0.0,,0.0,0.8906078388717763,0.1718303552101621,1.0918623094958702,0.0174539442831333,1.448938122090628,0.0232563658271256,1.175487111594395,0.0835999526208266,1.7064733225539108,0.050752676489782,,0.0,,0.0,0.0876972821202316,0.3468932944310298,1.0,aiops2025
rq1_qa,gemma-4-26b-a4b,L4_S,,,,,0.1923104774260066,0.1241723918239057,0.5763287605432496,2.692970071086044,16.952874737267344,,,,,1.076309788314506,0.3531574671303806,0.7734394020580198,0.9458988931742632,0.3195555269678914,,,,,,,,,,,,,,,,,,,,,,,,,,,,,0.081840466041971,0.3452476378149811,0.0,aiops2025
rq1_qa,gemma-4-26b-a4b,L4_T,0.224935642786884,0.3543908404383894,0.385892027602544,0.190591484298952,0.2140850092395979,0.3152562835496759,3.7446859753012895,,78.7008769797564,0.5897772785054314,0.8819178094978951,1.237713760597347,0.6449843575594052,1.820778355245711,0.8182406587786389,3.4219293654625544,,0.9602778365288468,,,,,,,,,,,,,,,,,,,,,,,,,,,,,0.0,0.0,,aiops2025
rq1_qa,gemma-4-26b-a4b,L4_V,,,,,0.1630041147974422,0.1252912943231538,0.7221876469054764,0.835421087126834,19.831051816752893,,,,,0.991782344240482,0.3741593806815961,0.8502085069604038,0.5997861569062933,0.2792147605661663,0.8019247552401347,0.0270138815688213,0.7592398813059399,0.0021447826811312,1.1022509121336226,0.0031223773797743,1.5692839028835592,0.0197012635863506,6.664352821227033,0.0352086517950877,,0.0,,0.0,0.8706736987259514,0.1636526788493754,1.1957184822762297,0.0187423220594849,1.6130166368444805,0.025708870307072,1.1688208765222352,0.0816355078223743,1.6108919822417118,0.0468106785931654,,0.0,,0.0,0.0871909570111652,0.3365500576314721,1.0,aiops2025
rq1_qa,qwen3.8-27b,L1_CONTEXTV,0.1522610120557942,0.2897538203718194,0.4411777625899235,0.2626544771747601,0.2209542886265379,0.2553990596503548,6.534288195106441,2.7896527638673194,20.37370754953421,0.4617329018095773,0.9762364307546014,1.4169913235005838,0.6552696682672112,0.7472703843405162,0.903659035286658,6.498341445930365,2.6256497065057567,1.748870339918238,0.7886748762910554,0.0065109577785497,1.5549391475285226,0.0015815402324983,1.7587407795801846,0.001710973621421,1.2160225107420692,0.0054120384330677,6.095635248917186,0.0137092043423871,0.6134958023666718,0.0042652797182819,,0.0,0.844640811114096,0.0183796903482849,1.7464515896702997,0.0039543956746433,1.7680524139882554,0.0036477400846899,1.0327226115988215,0.0095191686945283,1.900670882482545,0.0096342207946914,0.9173552228976954,0.0111870422361164,,0.0,0.033189994126206,0.0563222578329544,0.0,aiops2025
rq1_qa,qwen3.8-27b,L1_PATHV,0.1571116479716032,0.4028493581314439,0.4429219591574892,0.2235715418722522,0.2779378596644498,0.297454561703625,9.209128509764293,4.166316194398227,31.97452535912318,0.393797603171938,0.8670824718504926,1.0275359207761117,0.5213777639674211,1.0640472132870502,1.133037094793643,10.452792053581597,3.4518805162875004,2.537085445842109,1.0,0.0033365329408666,1.0,0.0006125969201333,1.0,0.0005743958595758,1.0,0.0017488363194814,5.696445875166464,0.0157484934606266,0.3353579303629368,0.0079108339861896,,0.0,1.0,0.0076365995954639,1.0,0.0010351522877781,1.0,0.0008846483431363,1.0,0.0023947808356208,1.3956073765985757,0.0064932116163078,0.4162064093369004,0.0166012979098969,,0.0,0.0299316894868736,0.035045690588204,0.0,aiops2025
rq1_qa,qwen3.8-27b,L1_S,,,,,1.786503235834806,1.2522214884750504,18.661389671290856,12.64881213319058,26.839983297012115,,,,,3.328317864307776,3.713162957612984,20.091311227572344,12.184134075362396,4.02752842179574,,,,,,,,,,,,,,,,,,,,,,,,,,,,,0.0522501880583511,0.0597956171751737,0.0,aiops2025
rq1_qa,qwen3.8-27b,L1_T,0.3058890231089951,0.3872063839937131,0.5697014836759247,0.2857414380989263,0.3427572394678435,0.3445653252980037,10.840125320005631,,51.3034528017324,0.5580577252915265,0.7691358370132524,1.4154784547221586,0.5991187044352217,0.9659768590782762,1.114502331671333,11.412619187055222,,3.4811803231653857,,,,,,,,,,,,,,,,,,,,,,,,,,,,,0.0,0.0,,aiops2025
rq1_qa,qwen3.8-27b,L1_V,,,,,0.3854223267711288,0.2897467405357319,4.725848985364204,1.685974131545488,11.766451261258572,,,,,1.0001615910539725,1.0117903207212948,4.630418419476036,1.814293416238184,1.1068037801961077,0.7563228252039805,0.009428107080519,1.4816769372177925,0.0015512487687554,1.8898343581380448,0.0019859049688944,1.3542606293999853,0.0062369354304925,6.554550370616937,0.0127760377570293,,0.0,,0.0,0.7634033266575071,0.0253449390208201,1.9458774880316545,0.0054531495168253,2.009612385800294,0.0056677165006726,1.197715472526601,0.014765874494016,1.82170987642528,0.0094442564703565,,0.0,,0.0,0.0319782340056907,0.0606759360026907,0.0,aiops2025
rq1_qa,qwen3.8-27b,L2_CONTEXTV,0.1513041859391689,0.318955387591543,0.4577296472180762,0.1904520968011241,0.2487488058382994,0.2670356656006851,6.683349068470974,3.5328286883623954,27.47433363636901,0.4416531443136209,0.8727428131262404,1.5747091062831522,0.563167932048657,0.8424370895483122,0.9653884764438696,7.546770465350553,2.681239346761688,1.9981953558297387,0.8646735382678635,0.0048805716720967,1.586717903083113,0.0011306050717408,1.6844721175259103,0.0010868228231485,1.0927638121128562,0.0037991309329332,5.980692744904852,0.0141120823423941,0.4892708539910292,0.0062181607828313,,0.0,0.8883862055301553,0.0118051874864702,1.8656499744891175,0.0027145782213138,1.970964283912832,0.0023937441847592,0.9171841524593594,0.0064865063532304,1.6461630114010388,0.0077269102774234,0.8282809907121611,0.0182241412358564,,0.0,0.0312273736251449,0.0493510677590538,0.0,aiops2025
rq1_qa,qwen3.8-27b,L2_PATHV,0.1487230297497923,0.371166316486406,0.4770257288078093,0.1954106344966532,0.2508281125924325,0.2670959066524691,6.715266295184994,3.532325906320497,27.392335345528394,0.4097045508526082,0.8783718128276673,1.1926509374753975,0.4907534579053895,1.0393631205529748,1.0738753086540729,8.045712400520681,2.6823393833399365,2.187897794938895,0.8751621368711198,0.0046851512247865,1.5603225500815143,0.0012425270278493,1.6860375837331492,0.0011840340894387,1.0493168004461564,0.0033872382627822,5.9416422402569005,0.0141431541530131,0.5073928362575479,0.0068224662864288,,0.0,0.8702748232164492,0.0114050691507749,1.8863284807426783,0.002806255311867,1.9958330662192931,0.0026277616380815,0.8986194661610525,0.0052844597530594,1.6498220222662323,0.0077073220814284,0.8388317959604119,0.0184522231162082,,0.0,0.0314645710442988,0.0482830910514195,0.0,aiops2025
rq1_qa,qwen3.8-27b,L2_S,,,,,1.823184701918659,1.2285299327229744,16.144901590898872,12.279773915422442,24.861291954339958,,,,,3.3112272410475825,3.522954545998605,17.299375918248533,11.407122690181406,3.506412436889021,,,,,,,,,,,,,,,,,,,,,,,,,,,,,0.049573429072916,0.0786896361882701,0.0,aiops2025
rq1_qa,qwen3.8-27b,L2_T,0.3050188991718657,0.3619955610373707,0.5466125106743219,0.2856344323021154,0.3643088977772086,0.339460661615822,9.325015156072396,,51.74566144648809,0.5492318977343688,0.7113447352984168,1.4710386781497231,0.6236238588855885,0.9393246422626088,1.0441286901754872,10.27651267673761,,3.1805376508966425,,,,,,,,,,,,,,,,,,,,,,,,,,,,,0.0,0.0,,aiops2025
rq1_qa,qwen3.8-27b,L2_V,,,,,0.3949005314257097,0.2871558024273365,4.061464661684327,1.706367276697586,10.484793733196032,,,,,1.0436313037273104,1.018081917202265,4.26227774574814,1.724685994494166,1.22226492836307,0.7666926176865022,0.0101258286055451,1.4933153444429677,0.0016523255407421,1.8163583247155768,0.0020110298655917,1.3365801312989376,0.0065635319944573,6.20902444972373,0.0128116101429113,,0.0,,0.0,0.7555968354471515,0.0235870770454042,1.7401449608366744,0.0045894697744251,2.203058882049822,0.0057754352751439,1.2187268878896584,0.0142618300985572,1.8932428585707184,0.0092227918838165,,0.0,,0.0,0.0331643261492478,0.057436604077347,0.0,aiops2025
rq1_qa,qwen3.8-27b,L3_CONTEXTV,0.1599078932642639,0.3116433009150071,0.4632113726123258,0.2496437905235128,0.3199523187926648,0.2997707388073234,7.589298155311276,4.563210850438201,36.005298639306815,0.4281378480677749,0.8529816822926076,1.5532223092823,0.6996404082648756,1.0936939883507524,1.1072649400488803,8.715847323464137,3.2877338408931696,2.5149264711976387,1.0,0.0015861836304914,1.0,0.000734630430825,1.0,0.0009254054262823,1.0,0.001443193339908,4.593439909576055,0.0156880073356914,0.3148091017958247,0.0097859179403894,,0.0,1.0,0.0041007998179045,1.0,0.0014005385555555,1.0,0.0013501670299538,1.0,0.0021725941849868,0.983055819984984,0.0056043286318682,0.4255390219962467,0.0217212411504423,,0.0,0.0301633381035877,0.0363496693707114,0.0,aiops2025
rq1_qa,qwen3.8-27b,L3_PATHV,0.1488395841552598,0.2895583452357561,0.4466999159365021,0.2639870447719493,0.2069119700095808,0.2123918093776431,4.237281237107712,2.4264111472344903,17.294261228941938,0.4334985680672902,0.757326059437028,1.031000382196285,0.6212798176440596,0.9355366761624566,0.9112531606453348,4.725946369838463,2.141315650685436,1.305669154520899,0.7849609218522493,0.0078879172281202,1.7291044489654823,0.0014278633659661,1.9631786867154932,0.0013680408199428,1.2945614413003697,0.0052195954144437,6.769545897674695,0.0136037630943968,0.6929094846829363,0.0027177323293709,,0.0,0.8073503010384652,0.0231887712908258,1.9978424853826264,0.0045184711431296,2.1345296928620465,0.0039236707121797,1.1402388691529957,0.0112608468283534,1.8905023202026168,0.0103114581749205,1.1091340803676577,0.0094087159988258,,0.0,0.0322249122522407,0.0626119341482349,0.0,aiops2025
rq1_qa,qwen3.8-27b,L3_S,,,,,1.8256186455812489,1.1535042288541049,14.30027921042495,12.381699587228654,25.14715472959336,,,,,3.409062725022451,3.425014450678594,15.476959711646344,9.580586310572102,2.7367942581636995,,,,,,,,,,,,,,,,,,,,,,,,,,,,,0.0524281835313077,0.0963232276686968,0.0,aiops2025
rq1_qa,qwen3.8-27b,L3_T,0.3044038269943872,0.3519578961061885,0.5520547077239337,0.2870036985484698,0.3679457223922833,0.3266668997134887,8.215648299962842,,52.86037590118731,0.5497869750583391,0.684068330977805,1.398899946098355,0.6811248637209099,0.996712847122074,1.0280858525490182,9.087389069214504,,3.1220637155748805,,,,,,,,,,,,,,,,,,,,,,,,,,,,,0.0,0.0,,aiops2025
rq1_qa,qwen3.8-27b,L3_V,,,,,0.4049392635960919,0.2771073870728413,3.599154148239432,1.7466494904288146,10.909628763788744,,,,,1.0825137957504083,1.004265535446055,3.7529771171283337,1.6628500404899276,1.1221190849037264,0.7423789081797985,0.0093619260976228,1.641214523853322,0.0017348142751769,1.8806557598477185,0.0019867866993722,1.3555941190942262,0.0063864346108127,6.206801081164322,0.0122004960401704,,0.0,,0.0,0.8365342242746661,0.0348803495573153,1.6391572816699476,0.0056692064056026,1.91165969357688,0.0065928632838836,1.09140309381976,0.0168155086759296,2.076681252832009,0.0135366736787881,,0.0,,0.0,0.0316704577231551,0.0774946016015194,0.0,aiops2025
rq1_qa,qwen3.8-27b,L4_S,,,,,1.8390875833021485,1.1353634364000291,12.779231210693458,11.895663412296472,24.41337295309023,,,,,3.762336591643857,3.678857589260261,13.43494084497119,7.706808486280569,2.2757447101337727,,,,,,,,,,,,,,,,,,,,,,,,,,,,,0.0560460849373974,0.1010876873265158,0.0,aiops2025
rq1_qa,qwen3.8-27b,L4_T,0.3055006072179898,0.3571844944330656,0.5573963665911851,0.2856130500722749,0.3798873706353879,0.3161398864151585,7.240141154933687,,52.61519790976772,0.5459564752557484,0.6810130691151206,1.4373161953526,0.6969414152878708,1.1311540141225056,1.1408198451804297,7.866132979370688,,2.886907384662769,,,,,,,,,,,,,,,,,,,,,,,,,,,,,0.0,0.0,,aiops2025
rq1_qa,qwen3.8-27b,L4_V,,,,,0.4071944521581813,0.2716259039254024,3.189964527493207,1.776534825197308,11.03868384674042,,,,,1.1777896419022298,1.0794571485690196,3.250977265630838,1.5445769815492256,0.936909159604406,0.7457691329702376,0.0093037199015596,1.6495939686957029,0.0017266912279831,1.8163733680150311,0.0019028485016582,1.3580288304173636,0.0063244564179031,6.739399380652023,0.0131651595582597,,0.0,,0.0,0.8483115499111837,0.0429620843053645,1.6931328467902014,0.007178272503946,1.8738602301642688,0.0079562804957972,1.0566075484270752,0.0199651372869928,1.916090047906406,0.0151788781873354,,0.0,,0.0,0.032422875607364,0.0932406527794361,0.0,aiops2025
rq1_rca,gemma-4-26b-a4b,C,0.1738346508138934,0.2814172457424733,0.3375070549267983,0.1788137392402968,0.2674510883116876,0.430544527840534,6.306614346790333,,16.349701709727043,0.5139928646811275,0.7282300893393858,0.4495918273425418,1.0781445652682755,3.2081293228627543,0.9616307946042576,2.259737030634616,,4.704429930461507,,,,,,,,,,,,,,,,,,,,,,,,,,,,,0.0,0.0,,aiops2025
rq1_rca,gemma-4-26b-a4b,H,0.1603498043698563,0.3272552311211171,0.3382056185488153,0.1550625170378414,0.1658216126311985,0.2882959898918011,6.394903178804418,1.2354922143196456,16.655448857441883,0.4037302957768328,0.8822753615810606,0.4539976748754899,1.0313024466032663,2.327933810847964,0.7232335236274459,2.451970020370856,1.16407505321731,4.883299803309455,0.8054053407726349,0.0175022030234749,0.8260381614859564,0.0015061925637123,1.1555784488040692,0.0021111696868507,1.5371542477483269,0.0123437628772912,5.755148797492101,0.0195926962316508,,0.0,,0.0,0.8984195022661907,0.0643429933920806,1.189989955029354,0.0072267541929182,1.2844249441151987,0.0077571784131412,1.1713762935786876,0.0310935739043602,4.081997691334625,0.0451571675521333,,0.0,,0.0,0.0530560243829802,0.1555776674546337,0.96,aiops2025
rq1_rca,gemma-4-26b-a4b,LV,0.1534695124164159,0.338286858378141,,0.1505128995092602,0.1736777459385498,0.2986379051882704,6.279820672212175,1.2274424740922965,16.406433627252515,0.4546166804248313,0.9192151329187532,,1.0412508973433736,2.783304911349519,0.8509555825601909,2.5346072218975197,1.2908467129282366,5.1133915961243925,,0.0,,0.0,1.0,0.0022419989656835,,0.0,3.88184147974624,0.015820746230314,0.7320033907192783,0.0278311150643388,,0.0,,0.0,,0.0,1.0,0.0117089998864965,,0.0,0.4494702371460012,0.0077104361692325,0.2423562053190399,0.044045894798618,,0.0,0.0458938602603365,0.0634653308543471,0.83,aiops2025
rq1_rca,gemma-4-26b-a4b,MV,,0.2982695269764338,0.1988986972393008,0.0857961260868059,0.0871634803313915,0.1544030328628788,3.064986569428481,0.6399497203315362,7.84798535412525,,0.8960728500767141,0.2883667454833341,0.6794868577244471,1.513336096804882,0.421450861669789,1.3079047167599125,0.6564129894605527,2.5280630107118194,1.0,0.014807281035082,,0.0,,0.0,,0.0,8.500123821844934,0.0196517448534562,1.7059218345390128,0.013472967724164,,0.0,1.0,0.0696709397107026,,0.0,,0.0,,0.0,5.118303750485267,0.0521523188746272,0.5603258854513459,0.0196971073555419,,0.0,0.0479319936127024,0.1415203659408717,1.0,aiops2025
rq1_rca,gemma-4-26b-a4b,S,,,,,0.1423767184998581,0.1272459173985461,1.5707139629418707,0.7959379669968232,4.142164188383121,,,,,1.621227857213797,0.4393309728579886,0.810549173060558,0.5328665836584132,1.4533094336403625,,,,,,,,,,,,,,,,,,,,,,,,,,,,,0.0645511179210143,0.220229579738949,0.0,aiops2025
rq1_rca,gemma-4-26b-a4b,T,0.1755203943033543,0.361859236190071,0.3751510470180093,0.1710761462111865,0.1832452725672422,0.3144606190636557,6.387939333992639,,16.55224870799307,0.5482663392355347,0.8535332428729988,0.5457450575442757,0.920033422202588,2.4276340588932115,0.8056219422127048,2.5835589943779844,,5.112619631043189,,,,,,,,,,,,,,,,,,,,,,,,,,,,,0.0,0.0,,aiops2025
rq1_rca,gemma-4-26b-a4b,TCV,0.1545562807369052,,0.4428056979716553,0.1792890336979832,0.1561031906502113,0.2839015410196276,6.203150715971738,1.2220139956454472,16.152002734394017,0.4428339169918429,,0.7720547329201204,1.2619009769234548,2.4437191746670317,0.7807320610857115,2.384668922541751,1.2140572656408128,4.6812514020130696,,0.0,1.0,0.0023094977841612,,0.0,,0.0,3.341789223878924,0.0142634738740479,0.5935331189685025,0.0236593097452157,,0.0,,0.0,1.0,0.0208932233763084,,0.0,,0.0,0.2529163206130351,0.0069033278854077,0.1934858931064953,0.0629383006319136,,0.0,0.0402322814034249,0.0907348518936298,0.87,aiops2025
rq1_rca,gemma-4-26b-a4b,TPV,0.1477817534087805,0.3161564354553437,0.3109373501049993,,0.1557091285424723,0.256773254824242,5.914340115109551,1.178502860687482,14.874031344117304,0.5177668291959003,0.869692439137528,0.5892650512639519,,2.478262871865882,0.6972171018294959,2.302181175154049,1.2058149054839378,4.230830704652361,,0.0,,0.0,,0.0,1.0,0.0100828310935874,5.711408379824645,0.0242417897724191,0.5518537875184779,0.0174072512657589,,0.0,,0.0,,0.0,,0.0,1.0,0.0507382326053201,0.5641406204262964,0.0115128563985888,0.2402757573592254,0.0367127234679321,,0.0,0.0517318721317656,0.098963812471841,1.0,aiops2025
rq1_rca,gemma-4-26b-a4b,V,,,,,0.1385062474906613,0.1389056214441454,1.823477022777868,0.4042905580386995,4.593682019634429,,,,,1.7397127949758209,0.4204143233893805,0.7976684336547955,0.4208056844852424,1.4735026110400558,0.8093686196269294,0.0227937789170631,0.807000610681015,0.0019048930499327,1.1421513270484676,0.0027062071729378,1.5324684139240603,0.0159569416853342,6.010530318535079,0.026564737266021,,0.0,,0.0,0.9289801105325276,0.1158467279668857,1.0529394416025109,0.0113951043187716,1.226060650612496,0.0126670583261666,1.1326066026392596,0.0525212742283972,3.5063821066564613,0.0662569016173025,,0.0,,0.0,0.069926558091289,0.2586870664575238,0.99,aiops2025
rq1_rca,gemma-4-26b-a4b,V_LG,0.1440607934949843,0.2938350699854226,,,0.1614858697608326,0.2492094621439711,5.682205611620272,1.1443292321667673,14.398241488953165,0.4732497646803976,0.8078245726910719,,,2.9618097300148167,0.7330754102866572,2.13671183302296,1.1297678548439627,4.086700225418274,,0.0,,0.0,0.9556003112180714,0.0024525406091686,1.0104704379228082,0.0114582154046377,5.19009962296544,0.0248130838382396,0.6935400134620002,0.0229001575744084,,0.0,,0.0,,0.0,1.4370518520021778,0.0169066881665902,0.9039170183392028,0.046678735461393,0.5379131686797877,0.0113413761332961,0.3371344761251764,0.0494383042424713,,0.0,0.0616239974264544,0.1243651040037508,1.0,aiops2025
rq1_rca,gemma-4-26b-a4b,V_MG,,0.2287435029345324,0.1494585130172834,,0.0788939336666991,0.1206256566885777,2.4821403226341348,0.5310663811276283,6.289277362361519,,0.8232165137516607,0.3252264077018161,,1.3342363064574223,0.3419035536756437,1.103551989975636,0.5645566150304511,1.9534176102695409,0.7956064430673275,0.0187847068926653,,0.0,,0.0,1.555879030408638,0.0135869932695392,5.801722073030903,0.0214519734966631,1.1006981873346713,0.0043375503693713,,0.0,0.8960764270522142,0.0925559516603792,,0.0,,0.0,1.2779719034667918,0.0484118199523419,4.054503345277893,0.0631927326954606,0.3578541404460821,0.0060578639671547,,0.0,0.058161224028239,0.2102183682753366,1.0,aiops2025
rq1_rca,gemma-4-26b-a4b,V_ML,,0.2791524771122864,,0.0798340260194788,0.0830321169284047,0.1384315963678182,2.817127854027353,0.5888753504646204,7.306307041547261,,0.7553710572296035,,0.63895352814783,1.172190850416607,0.3699426182653554,1.2433949370748247,0.6266319879033401,2.434593513586178,0.9738424725365064,0.0186632294626526,,0.0,1.3116742591571775,0.0021093863431229,,0.0,7.196614170441644,0.0215622864158972,1.547579757891848,0.013397500636018,,0.0,0.9656153395339286,0.080977083415366,,0.0,1.4097028510087843,0.0098200953008292,,0.0,4.363559883817389,0.0551694743595675,0.5761968947402116,0.0210596294302191,,0.0,0.0557324028576908,0.1670262825059819,1.0,aiops2025
rq1_rca,gemma-4-26b-a4b,V_MLG,,0.208549260844627,,,0.0842142163060163,0.1188423092415132,2.225351455970481,0.4811989550278051,5.5945778068794265,,0.6851432193456591,,,1.4270486016316282,0.3092386567129098,1.012892895742102,0.5133490455827934,1.8723912770369464,0.8144599084600854,0.0220323312709109,,0.0,1.0096702954059107,0.0022962324577327,1.5025197791215594,0.0150264173333314,5.682502571236727,0.024048522579578,0.7585685426011972,0.0017081402696208,,0.0,0.9282246952447716,0.0994820113369382,,0.0,1.0821021217584352,0.0093306705368277,1.1753972516530855,0.0457208885338195,3.9236035180636617,0.0640175448144339,0.4831157896190149,0.0042238727580841,,0.0,0.065111643911174,0.2227749879801035,0.99,aiops2025
rq1_rca,gemma-4-26b-a4b,V_MR,,,0.3366141378410413,0.092516095671964,0.0758078155121904,0.133189848247314,2.6937923069245997,0.566105858353922,7.076315815157409,,,0.5386057163803601,0.7845280257633149,1.2025092806581823,0.369749060478163,1.1667865817133565,0.5919461754855645,2.318409853573936,0.9651774073618477,0.0174465648165475,1.4149209353818182,0.0021390074051235,,0.0,,0.0,7.416130255298899,0.0209089249083055,1.916421747886977,0.0156070134589117,,0.0,0.9049154658687724,0.0860904188873914,2.1329588308381218,0.0173987082186576,,0.0,,0.0,3.862252265435478,0.0546765948399223,0.5888145319073342,0.0244406557457267,,0.0,0.0561015105888884,0.1826063776916981,0.99,aiops2025
rq1_rca,gemma-4-26b-a4b,V_MRG,,,0.2764999521489339,,0.0885373062680315,0.1120626974666157,2.096377549482356,0.4664988998485823,5.116338101301757,,,0.5549929820917109,,1.5783021891885067,0.3246548134847092,0.9359968359790644,0.5005372910112716,1.6496883397138056,0.7935010021231643,0.0214374201423573,0.8910766721994965,0.0020185281703176,,0.0,1.5843125208784583,0.0158497477489799,5.45516188827802,0.0230378234476752,1.332412545382179,0.0030037071521965,,0.0,0.9163747927505188,0.1139319394819231,1.402703920007866,0.0148371834869448,,0.0,1.139569265500538,0.0521747542841238,3.5923733465547083,0.0672362735511534,0.4478140670663797,0.0045549970503156,,0.0,0.0653472266615267,0.2527351478544608,0.98,aiops2025
rq1_rca,gemma-4-26b-a4b,V_MRL,,,,0.13352325684914,0.0836929193787186,0.1299775337817498,2.443588876635024,0.5109141854287353,6.511806383649141,,,,0.8440686054403826,1.0873427323578144,0.3057517608221392,1.115136946789726,0.5430211037917141,2.1505139508208377,0.9643797253094242,0.0213352302574392,1.0874708706055018,0.0020179028526087,1.336954669639259,0.0024779211818137,,0.0,6.526674542895226,0.0225500363906831,1.7226750612273063,0.014012209637397,,0.0,0.9469125952376084,0.091571486794387,1.4141011678776956,0.0116586073819454,1.2184501148453306,0.0098147983351825,,0.0,3.823101491673419,0.055133885348754,0.6316561709147984,0.0218857006191675,,0.0,0.062393300319942,0.1900644784794366,0.99,aiops2025
rq1_rca,gemma-4-26b-a4b,V_RG,0.1457635892636548,,0.3948495954401883,,0.1779601092726961,0.2508697328666802,5.54188091217445,1.1271706291903631,13.71530225231241,0.4932496236577745,,0.8353356336100448,,2.6557282739858783,0.6900331183284014,2.0593453314750185,1.1099968707488117,3.665225614160807,,0.0,0.8003344867695925,0.0020571056564836,,0.0,1.0456777278418088,0.0118821545868438,5.040848262212054,0.0240938328539455,0.6356232298581906,0.0209715974643858,,0.0,,0.0,1.303269508837782,0.0162099305943708,,0.0,0.9364503528649012,0.0502502009988111,0.5022993967942906,0.0110808973979886,0.3769074276158609,0.0588586042263031,,0.0,0.0590046905616588,0.1363996332174738,1.0,aiops2025
rq1_rca,gemma-4-26b-a4b,V_RL,0.1503123324732786,,,0.1800589677263478,0.1613557162979507,0.2779096275227801,5.942041840596619,1.18011066286307,15.50326540780485,0.4141115614327203,,,1.2377765734465276,2.652587152214346,0.8187255637783286,2.284112125439402,1.1882722315064016,4.458374992050682,,0.0,1.038812068401561,0.0028376977932326,0.9611879315984392,0.002633855416363,,0.0,3.4307900762200485,0.0172603818250574,0.6952178179520462,0.0309188705132944,,0.0,,0.0,1.1910698291047832,0.0185649409507774,0.8089301708952168,0.0118409504647407,,0.0,0.322424814643445,0.0079792504093511,0.2921063374448036,0.0701540740117437,,0.0,0.0536508055479475,0.108539215836613,0.94,aiops2025
rq1_rca,gemma-4-26b-a4b,V_RLG,0.1366281124656171,,,,0.1908032225580546,0.2807866831807016,5.36982553200513,1.0732125067137648,13.637546729360889,0.4639003576556553,,,,2.883634317223997,0.7571755675216271,2.0524119440324435,1.077729456611895,3.9346393504651256,,0.0,0.7928219132313454,0.0022363411273802,1.0360151732587517,0.0029153192503723,1.0393530346105615,0.0129201678358513,4.5167705974112575,0.0235899113528592,0.6832468874135484,0.0228103769440663,,0.0,,0.0,0.9972363046005016,0.0124696469150449,1.5283509059124682,0.0190538708561051,0.8857168384205871,0.0476971087981432,0.4942126738377329,0.0110290916222661,0.3900840362592774,0.0562847829177422,,0.0,0.0644721165105295,0.1465345011093018,1.0,aiops2025
rq1_rca,qwen3.8-27b,C,0.1746417751401492,0.366318225164919,0.4591019608818464,0.27939465764674,0.3793521084782294,0.6334034296430922,6.790399034246163,,36.45522263909627,0.4443921012068947,0.8123556729407164,1.3785738834980086,0.7857507427853198,1.2943374633868894,1.2243671845001172,4.8475121314340175,,14.042116804870576,,,,,,,,,,,,,,,,,,,,,,,,,,,,,0.0,0.0,,aiops2025
rq1_rca,qwen3.8-27b,H,0.1507145256942686,0.3848829142174911,0.4999525515779688,0.2979395582328402,0.304142215013158,0.4914111399162341,7.444486451088905,1.769403384133091,38.90650016015339,0.4212482615077457,0.837031183518837,1.32387519209285,0.8345121669306818,1.5208679983843516,1.1915504174042977,5.5671905217646245,1.901555821171831,15.07080502961806,0.741116366517382,0.0069083300785135,1.609284883125903,0.0012631754343108,1.8184676957256696,0.0014313442272185,1.3830388074539774,0.0047586832541717,6.117163303420734,0.0088613249890276,,0.0,,0.0,0.7138655960660368,0.0167165140803641,2.240156236736036,0.0044076629312907,2.128127030107493,0.0041338033080779,1.238324435754926,0.0106787147762517,2.1304803047679166,0.0077873508410229,,0.0,,0.0,0.0232228579832423,0.0437240459370075,0.0,aiops2025
rq1_rca,qwen3.8-27b,LV,0.1576274143854574,0.3625962429596999,,0.2861063717777107,0.3002876846819502,0.5170028910681445,7.283405335058461,1.6778778862223758,36.610499680694986,0.4575962717381179,0.9504067903406072,,0.7874401291717041,1.4988493019226032,1.1969893603806132,5.600066803280456,1.8571394019051417,15.949392644240774,,0.0,,0.0,1.0,0.0019992251958936,,0.0,3.601377533529444,0.0132916026156619,0.2898632798365094,0.0099702097368814,,0.0,,0.0,,0.0,1.0,0.0035496550211151,,0.0,0.9911494649524448,0.0057375031491778,0.4389159240600349,0.0244391554786491,,0.0,0.025261037548437,0.0337263136489421,0.0,aiops2025
rq1_rca,qwen3.8-27b,MV,,0.3770230726664457,0.2851649412302158,0.1588621974968877,0.1529995989097699,0.2675578050774114,4.155542756460052,0.9739276693635236,21.287884004340285,,0.8918663419798954,0.8874083858842964,0.5393662185959576,1.0680225176618792,0.7883400102422846,3.092589627971988,1.5302449256309614,8.350610769836758,1.0,0.0077367384135289,,0.0,,0.0,,0.0,9.173096502955952,0.0110355205354231,0.4124625446820546,0.0017046932531019,,0.0,1.0,0.0277895454295054,,0.0,,0.0,,0.0,2.416013055634507,0.0102641600795183,0.4247306364585298,0.0062468515758731,,0.0,0.020476952202054,0.044300557084897,0.0,aiops2025
rq1_rca,qwen3.8-27b,S,,,,,1.641627030939879,1.501416744332309,7.906618169802352,3.120066363889085,35.213700666846606,,,,,4.935915928406302,4.468538334549459,7.094043730817464,3.308405873953198,14.647182630276786,,,,,,,,,,,,,,,,,,,,,,,,,,,,,0.0446412021710522,0.0653126237341474,0.0,aiops2025
rq1_rca,qwen3.8-27b,T,0.1506682932613533,0.3545094284699112,0.489998082038264,0.2656867390870168,0.2708788366721215,0.443550864451408,6.998704176445114,,38.29152613166195,0.4088062398095236,0.7405340205591768,1.2063480473567525,0.6761594388877638,1.296076320920023,0.9765009148579472,5.526690528689305,,16.45703190815974,,,,,,,,,,,,,,,,,,,,,,,,,,,,,0.0,0.0,,aiops2025
rq1_rca,qwen3.8-27b,TCV,0.1552269605069015,,0.6015154697961979,0.3052353165447254,0.2934161199423708,0.5096224508128248,7.08707142585632,1.636579272867809,35.3748009425987,0.4550006582310384,,1.5719010689553388,0.8452646411166984,1.4883295849937124,1.173347951921192,5.1479044259525,1.8414926937679577,15.116382625799297,,0.0,1.0,0.0024573483163483,,0.0,,0.0,2.85377559984948,0.0127395628737169,0.2081288093334494,0.0087856250420277,,0.0,,0.0,1.0,0.0056472659762429,,0.0,,0.0,0.5810573600998636,0.0054901788294809,0.2436292251879392,0.0226045400571453,,0.0,0.023982536232093,0.0337419848628691,0.0,aiops2025
rq1_rca,qwen3.8-27b,TPV,0.1469286581887273,0.3767730113449624,0.5170727808571765,,0.3022840350072099,0.558983406953796,7.08311961711429,1.626986548544795,35.55052692513484,0.4458209458536808,0.9415902673363884,1.110784793082158,,1.623085831647914,1.4417762240619725,5.195611028609743,1.961973683831888,14.755531128836155,,0.0,,0.0,,0.0,1.0,0.0057736265078089,3.8475563872115264,0.0092726089010299,0.3458485377334422,0.0062126800792146,,0.0,,0.0,,0.0,,0.0,1.0,0.0114167281231693,1.1668067916848783,0.0057312856738536,0.3805362110408542,0.0135717865309406,,0.0,0.0212589154880535,0.0307198003279637,0.0,aiops2025
rq1_rca,qwen3.8-27b,V,,,,,0.297133913608153,0.3582917671738069,2.9254118846916763,0.7106548687408994,14.160423381509272,,,,,1.4481955073360016,1.089013108524273,2.6810588083625424,0.9398325614455976,7.115761991168773,0.7554959048108786,0.0071863526416576,1.5381350480721243,0.0012270590859863,1.7885598829203646,0.0014261191533058,1.3682192271387572,0.0048076025024943,6.96828870710091,0.0103517793455194,,0.0,,0.0,0.7792713618355801,0.0237134110923592,1.9674442458074537,0.0050782291848512,1.8184897502705464,0.0047199147944835,1.1935050113129806,0.0134885955390373,2.209657734904313,0.0105272700480069,,0.0,,0.0,0.0249989127289636,0.0575274206587383,0.0,aiops2025
rq1_rca,qwen3.8-27b,V_LG,0.1474794487252794,0.3813415843199039,,,0.2697566279424271,0.5483776267568815,6.922681336859573,1.600098865802829,34.06285655397883,0.450471967100135,0.9189102468700788,,,1.48002889385453,1.3903660266258686,5.253554560726407,1.8609555863126075,13.594720128984807,,0.0,,0.0,1.2656751554212469,0.0018405451118766,0.9423676325610172,0.006080302997606,3.799748731620869,0.0102855235015191,0.4086292493949462,0.0076846278756936,,0.0,,0.0,,0.0,1.5342834748857923,0.0049882755710358,0.8809124230425486,0.0123330249403121,1.281140778936996,0.007563646912494,0.5301242630919828,0.0214114748136225,,0.0,0.0258909994866954,0.0462964222374645,0.0,aiops2025
rq1_rca,qwen3.8-27b,V_MG,,0.356117627288962,0.2850432591878343,,0.1544016206848676,0.2918276707994723,3.555835449591957,0.778668324566422,18.90710766552065,,0.9726793708319827,0.732888494130233,,1.1244967002195545,0.9022108297108162,2.6389982298706194,1.278617640988591,7.679270321203474,0.7864941615455898,0.0067331579929986,,0.0,,0.0,1.5828505224705132,0.0050089035649376,8.478359879093064,0.0113162333317138,0.3723056237066152,0.0005329473883727,,0.0,0.8945190622838441,0.0267160599099014,,0.0,,0.0,1.2847203635654096,0.0139337421082452,2.6071794968214563,0.0120501004229779,0.4255645619500516,0.0020078335469837,,0.0,0.0235912422780229,0.0547077359881085,0.0,aiops2025
rq1_rca,qwen3.8-27b,V_ML,,0.3715170113938276,,0.1565700130285876,0.1489235819522822,0.2680955299970309,3.9542040089672095,0.8821392505927875,19.83685550683877,,1.0234163692922644,,0.5076909412976652,1.04393700904015,0.7754303272309359,3.5000712065717443,1.107125577765706,8.348913742129929,0.8883948619786038,0.0074560835544097,,0.0,2.32980644900401,0.0016361847442983,,0.0,7.091419062425128,0.0092727923973112,0.7724009694119706,0.0029263262651432,,0.0,0.8812519230068044,0.0210048231177449,,0.0,2.414916565598462,0.0048098483868496,,0.0,2.7079213275225102,0.0098476699065405,1.257712994199519,0.0130480898742901,,0.0,0.0212913869611627,0.0487104312854253,0.0,aiops2025
rq1_rca,qwen3.8-27b,V_MLG,,0.3405227307751879,,,0.1437007550415907,0.2774825312007135,3.335073602876165,0.76059169394693,15.797252608980257,,0.9080576231117864,,,1.0965932686284785,0.8816371525893044,2.4704210835963822,1.284505243306255,5.626580114981385,0.7547341068935352,0.0068571076506671,,0.0,2.047501409165676,0.0015653421055805,1.430879661798651,0.0048092670159438,6.397664717159952,0.0090837892355598,0.6298686817851938,0.0004812682783273,,0.0,0.7900958353361851,0.0287965782764195,,0.0,1.950589579077534,0.0060658972403048,1.3536832726521897,0.0183496455648108,2.438862748641038,0.0139259263596865,0.8210174685046752,0.0025068123539613,,0.0,0.0227967742860787,0.0696448597951831,0.0,aiops2025
rq1_rca,qwen3.8-27b,V_MR,,,0.4915456839438399,0.1662731138096915,0.1430088537553316,0.2653687363114295,3.799806662818362,0.8322573033329376,19.232796691933416,,,1.4134761050219091,0.5777377195461808,0.9892264347445864,0.7277722525835231,3.120567657869088,1.0340577580150565,9.343313236975524,0.8816353925941277,0.0078886334572505,2.410347418162601,0.0018091838040606,,0.0,,0.0,7.216286289120799,0.010055223168259,0.6197517781016977,0.0025031432070817,,0.0,0.8831255299818427,0.0266038100431274,2.3925920142160044,0.0058788732034063,,0.0,,0.0,2.3513164629214423,0.0110516124804731,0.7798506481932863,0.0103249356987469,,0.0,0.0222561836366519,0.0538592314257537,0.0,aiops2025
rq1_rca,qwen3.8-27b,V_MRG,,,0.4661985792718346,,0.1529105331853992,0.2818458872116935,3.104919021256979,0.7284675398949189,15.580284972310007,,,1.1657459545746631,,1.1687073841664637,0.9127528523924572,2.588588179596278,0.903617604178721,6.651725736617338,0.7950278655517752,0.0079735444530779,1.8992282328257364,0.0015932422783335,,0.0,1.3546195397311518,0.0050267003540619,6.848599554345327,0.0107203191504844,0.673468392203353,0.0005623793267689,,0.0,0.8218340345704175,0.0291071674213248,2.203611481013944,0.0065969847055182,,0.0,1.20918388313802,0.0158688058050841,2.524267466725759,0.0139560586875245,0.9422931497521614,0.0027929380945613,,0.0,0.0258761855627267,0.0683219547140132,0.0,aiops2025
rq1_rca,qwen3.8-27b,V_MRL,,,,0.2457831271962564,0.1435624114646264,0.2716735920139536,3.477855609166984,0.7759370230681283,18.154754597195986,,,,0.7761584592333348,1.0276958666186302,0.778810582291693,2.7141615660823044,1.2972499542607403,8.13127065886946,0.831733270719716,0.0075339829133441,1.883551864359286,0.0014327191863123,2.121393299606511,0.0016234717398055,,0.0,6.319560700922786,0.0089162810265711,0.7197377417829917,0.0024131502096659,,0.0,0.8375691073393852,0.0254480559872429,2.001568759342662,0.0049862288329548,1.9338407783092109,0.0048840818082872,,0.0,2.658902460283949,0.01228691768251,1.1017683756400871,0.0118309677943086,,0.0,0.021919605075699,0.0594362521053037,0.0,aiops2025
rq1_rca,qwen3.8-27b,V_RG,0.146918533438164,,0.6071818266259497,,0.2965799130928159,0.544320889852257,6.748695026319752,1.5465485340111018,32.89916634760752,0.448338530526785,,1.2973273273897368,,1.627454249486248,1.4371181493734182,5.073174629307012,1.7508910827291706,13.687025195857778,,0.0,1.4083419709346086,0.0021632471356848,,0.0,0.9103753316257642,0.006212803921467,3.709736488591184,0.0106615285756792,0.3827113033673738,0.0076012285953867,,0.0,,0.0,1.7255482806733493,0.0057980966598135,,0.0,0.8363440735213855,0.0120760892880636,1.093786342769899,0.0067138001705189,0.4753378617908339,0.0199020215202964,,0.0,0.0266388082282178,0.0444900076386925,0.0,aiops2025
rq1_rca,qwen3.8-27b,V_RL,0.1533624746739026,,,0.3137216790253078,0.2932703368160776,0.5293306940988033,6.9057134247660725,1.598303716300871,33.7481881394508,0.4734698692790441,,,0.8585739904490961,1.4501889700364148,1.2073463831534468,5.103595716752877,1.9236001270520269,14.268630661218618,,0.0,0.954704426008346,0.0018746531612989,1.045295573991654,0.0020624257912094,,0.0,4.105775613754421,0.0148736735726393,0.3165880645292401,0.0101069845953082,,0.0,,0.0,1.1902000120537457,0.0052907586373893,0.8097999879462546,0.0035044340008893,,0.0,0.8896228667363879,0.0068594296660363,0.398017167759865,0.0273463834704026,,0.0,0.028917737120456,0.0430010057747176,0.0,aiops2025
rq1_rca,qwen3.8-27b,V_RLG,0.1456681475968165,,,,0.2961454898172137,0.5665613607640537,6.642262900626158,1.5074773637438768,31.914000806261093,0.4556792097373663,,,,1.5549995736554172,1.4960394218987296,5.080977745724622,1.7922192932224446,14.364938452114904,,0.0,1.091059273224462,0.0017180892199198,1.1933402642953352,0.0018818747209663,0.9390897665886322,0.0065552259347668,3.6249973901299866,0.0106389983016311,0.4244258737716861,0.0079817273473624,,0.0,,0.0,1.467395452407224,0.0051938889737375,1.263277937398504,0.0043361036420778,0.8362244344248794,0.0125916779632684,1.2146541026473003,0.0076135494910679,0.5172527932755572,0.0205695093712203,,0.0,0.0287759155246467,0.0503047294413721,0.0,aiops2025
rq1_cf,gemma-4-26b-a4b,V_FACTUAL,,,,,0.3370695450114744,0.2907464311675971,1.446757809671078,0.3148527699278307,3.999647855941741,,,,,7.423496942146827,0.7973458470419974,0.6535426258738942,0.3034914956217628,1.631017474115649,0.8208968056408191,0.0235797741233807,0.8571918278634384,0.0020654460985907,1.226506562016009,0.0029582664629806,1.4109542608232415,0.0169766514866405,5.040288775928539,0.0227335777643828,,0.0,,0.0,0.8188788547689136,0.1041396224705051,1.5138776407461942,0.0167308160929306,1.391639245041079,0.0149095504324889,1.2510566632178934,0.0660025128695389,3.199838618487457,0.0611208442740341,,0.0,,0.0,0.0683137159359754,0.2629033461394979,1.0,re2_ob
rq1_cf,gemma-4-26b-a4b,V_NEUTRAL,,,,,0.3784825628696729,0.3110840079287725,1.5325739507924498,0.3681255696722643,4.033754820989208,,,,,8.06517942659575,1.6049241482963594,1.033448081589673,0.5513436755114461,1.876830705228593,0.9755320840827232,0.0122125741113701,0.5633107530854092,0.000591866571921,0.6164005680973578,0.0006475946127735,1.2228438811768758,0.0064103477854249,6.618684329465305,0.0130221747234888,,0.0,,0.0,1.0548201810230184,0.0114853536399052,0.6070662182481213,0.0005527128061157,0.6574716771641396,0.000597619499444,1.0164882089736829,0.0046163077227202,7.825315057236109,0.013406338948681,,0.0,,0.0,0.0328845578049784,0.0306583326168663,1.0,re2_ob
rq1_cf,gemma-4-26b-a4b,V_PLACEBO,,,,,0.337913868181517,0.2923433627191001,1.4467831022381448,0.3150858028805694,3.99864781185684,,,,,7.396689577646626,0.7798507156197996,0.645382871230664,0.3012567297285649,1.621920692941213,0.8209969925548736,0.0235874251375686,0.858074501467012,0.0020679843589069,1.229137305813561,0.0029646592675773,1.4100108037377337,0.0169672176463107,5.050604778371474,0.0227836308386374,,0.0,,0.0,0.8154608400491561,0.1058412214467936,1.5476008102764316,0.0173625608779998,1.42403041108426,0.0157207611851256,1.2459682078422178,0.0674006534733502,3.110093449744409,0.0611503261760915,,0.0,,0.0,0.0683709172490012,0.2674755231593609,1.0,re2_ob
rq1_cf,gemma-4-26b-a4b,V_TARGETED,,,,,0.3369696370833228,0.2922866851858531,1.4474088975711883,0.3150009091606832,4.002378596985351,,,,,7.3945523268093085,0.7649755072204313,0.6280076751090261,0.295727128665141,1.6427748112778204,0.8246632056710722,0.0236734322926422,0.8616810389501027,0.0020749736168705,1.223860898425464,0.0029492894102728,1.4015899340353153,0.0168533314155017,5.065828721659055,0.0228292841525742,,0.0,,0.0,0.8267367903010312,0.1106889970543003,1.462275221678473,0.0171075014263137,1.4363282744831145,0.0162962646886957,1.2336761807484755,0.0694017149977935,3.04820001640104,0.061840403613578,,0.0,,0.0,0.0683803108878616,0.2753348817806814,1.0,re2_ob
rq1_cf,qwen3.8-27b,V_FACTUAL,,,,,1.1159492569440332,0.7726289919624665,2.423966690747654,0.6201274075586025,11.776311523144235,,,,,4.930930585981441,2.4952934355973717,2.1303276204235826,0.9951007887678144,3.778249300935861,0.8090529971043872,0.0104054100227338,1.3059453306875632,0.0014073959916774,1.852831456042372,0.00199601781223,1.223761736909087,0.0065805265409164,6.508790828143995,0.0131386927865127,,0.0,,0.0,0.7826110267483527,0.0412080024598387,2.0688096867495958,0.009143159182737,1.8844539503900355,0.0083418028765749,1.1276710629144886,0.0248357468823862,2.0981300358714607,0.0172993279212192,,0.0,,0.0,0.0335280431540706,0.1008280393227563,0.0,re2_ob
rq1_cf,qwen3.8-27b,V_NEUTRAL,,,,,0.9980059802783218,0.7790354786135293,2.5155744321773503,0.6788193763653428,12.105899243455603,,,,,5.140667136379262,2.4991271157492,2.425304208575868,1.0730446968233156,4.217423034326296,0.9209966988840464,0.004554287634129,1.0755683409431305,0.0004465812218982,0.475204890320678,0.0001969592455974,1.2787121444381435,0.0026411101365572,15.999116747860358,0.012437726763299,,0.0,,0.0,1.1144176435932036,0.0079258800116098,0.657039425677895,0.0003928767469586,0.7777337028025799,0.0004661203284201,0.8400388016940598,0.0025025944045372,7.182519052630612,0.0079691373880906,,0.0,,0.0,0.0202766650014809,0.0192566088796165,0.0,re2_ob
rq1_cf,qwen3.8-27b,V_PLACEBO,,,,,1.1152510244888405,0.7724471906324516,2.4237010926980624,0.6201361612426873,11.778453504862352,,,,,4.94225899669762,2.50321617122084,2.127928107907863,0.9939978699732644,3.752739767494471,0.8089789916272068,0.0104044890626054,1.3063406474818595,0.0014077782509385,1.852714247150845,0.0019959365388329,1.2238827339155562,0.0065812781270833,6.511896477450916,0.0131466836367678,,0.0,,0.0,0.7827040975188049,0.0412460136064877,2.0685384902254,0.0091497325508927,1.888210172355611,0.0083716518986844,1.126750291021874,0.0248324323614701,2.0919400650547555,0.0172628051053761,,0.0,,0.0,0.0335361656162281,0.1008626355229113,0.0,re2_ob
rq1_cf,qwen3.8-27b,V_TARGETED,,,,,1.1182723724458232,0.7727979322287863,2.4237891101006834,0.620121985332469,11.77926908893854,,,,,4.936822923018728,2.4954794887274185,2.129299628528894,0.998456524992206,3.787645834154605,0.8098287941201782,0.0104088080213605,1.3056510876293803,0.001405772007167,1.8464827306720284,0.001987310688894,1.2232404453450272,0.0065732110653331,6.508514943810553,0.013131254723352,,0.0,,0.0,0.7828200638734953,0.0410560374272438,2.0837470392489155,0.0091801878535884,1.874910007817732,0.0082666775553209,1.126090846094279,0.0247074693721157,2.1064739613557912,0.0173075412903203,,0.0,,0.0,0.0335063565061069,0.1005179134985894,0.0,re2_ob
rq1_qa,gemma-4-26b-a4b,L1_CONTEXTV,0.1698964796399087,0.1672085225672402,0.2226682687170261,0.1411544431963937,0.2880696810752591,0.2358439046785084,1.2397017285343783,1.2655737440477492,28.960500408687228,0.4749016785548274,0.4771612004977274,0.6399157403950544,0.4885279647415979,3.0114743503705856,0.4545114477095655,1.6151205552170966,0.968759933064992,0.5253095674140021,0.8525533718223144,0.0212395375476743,0.8883876930752042,0.0016661037802369,1.103153463755464,0.0020570188089542,1.3799449081296429,0.0145273849162432,6.71842764832615,0.0331095864403363,1.1203156395104827,0.0112978048562835,,0.0,0.948526619712148,0.1201618672749099,0.8399168056633736,0.0085752810919173,0.9249673843440458,0.0101147235273896,1.176790283054764,0.0660624129493061,2.035214076351376,0.0501951390510203,0.343341793902984,0.0227264480767143,,0.0,0.0838974363497287,0.2778358719712577,1.0,re2_ob
rq1_qa,gemma-4-26b-a4b,L1_PATHV,0.1809547299422078,0.3064871038161416,0.3276722302303355,0.1543209024034804,0.3862946393453811,0.4008508530775333,3.253380484171696,2.8194344642428635,68.29318298993324,0.4007183127442314,0.7137706339587698,0.697177235252313,0.5280672479903582,5.185598904478428,0.9866740359386724,4.990295204789073,2.0412219810676016,1.050388994168144,1.0,0.00342252873368,1.0,0.0007796970366115,1.0,0.0007237359063905,1.0,0.0031790144997447,5.453592878428512,0.0224243924393729,0.8382696780270061,0.0257372228343111,,0.0,1.0,0.0462500928654079,1.0,0.0199919625084565,1.0,0.0077323285114408,1.0,0.0306177502299151,0.424380624333296,0.0179713316216652,0.1796870359880703,0.0793070335045683,,0.0,0.056266591450111,0.2018704992414541,1.0,re2_ob
rq1_qa,gemma-4-26b-a4b,L1_S,,,,,0.4581114864136917,0.2514908387812612,0.5787296116495717,1.806178269613784,11.582669835006085,,,,,2.894548736050883,0.591617796415891,0.9685395384815944,0.7704484761991529,0.2911019963971689,,,,,,,,,,,,,,,,,,,,,,,,,,,,,0.0869861784762305,0.3642157120644564,0.0,re2_ob
rq1_qa,gemma-4-26b-a4b,L1_T,0.2418111383330936,0.4284419822599472,0.3922943736304209,0.2006660990517141,0.5329949447564102,0.5446183483359589,5.013956752456251,,88.03208905643365,0.5836545580013323,1.0153977546408024,0.9508758535846158,0.6409962093293892,5.47656079125202,1.008464393326853,6.881157663166499,,1.4590248799179253,,,,,,,,,,,,,,,,,,,,,,,,,,,,,0.0,0.0,,re2_ob
rq1_qa,gemma-4-26b-a4b,L1_V,,,,,0.4359187125430915,0.2926001733449116,0.7037906467772069,0.6281846225625294,14.951611413385631,,,,,3.1269110926590806,0.5448678886921542,1.0488052610452407,0.4606084861243658,0.2804449327264238,0.8299697148968708,0.0281524778608034,0.7747162605723591,0.0022054358409064,1.1071968709354452,0.0031535018443893,1.4297303140631978,0.0203128480486858,6.911486897973023,0.0368066628604315,,0.0,,0.0,0.8891106052395286,0.1754868025759617,0.7370454619360913,0.0121231915149789,1.500021133765325,0.0242728559110376,1.2173081794371738,0.0989196201024078,1.727178590033027,0.0516504169983171,,0.0,,0.0,0.0906309264552166,0.3624528871027034,1.0,re2_ob
rq1_qa,gemma-4-26b-a4b,L2_CONTEXTV,0.1766228134887814,0.2242372576529926,0.2825401624691134,0.1153662583440127,0.2835654433553919,0.3175608114523712,1.7894508475304456,1.8834985340716928,44.80706441617178,0.477336666568379,0.5822707155052246,0.8828559771675323,0.6116229688015161,3.486425637022041,0.6466256765814374,2.233235450865398,1.3363236481900844,0.5827255840103303,0.9316142767264518,0.0132127046648427,1.1370502712315338,0.0016493667016361,1.02799462917045,0.0010484042253619,1.1875620934369853,0.0062664321802196,6.946334901062198,0.0296074962342678,1.2028769001470967,0.0216946481985999,,0.0,0.9450852865144288,0.0766675184009192,1.392495390380536,0.0138200210133173,0.9313410163151176,0.0063930458381376,1.0808223712407292,0.0355170232828435,1.250997858702876,0.0291573947238547,0.3511675595279608,0.0432204223433956,,0.0,0.0734790522049283,0.2047754256024682,0.9333333333333332,re2_ob
rq1_qa,gemma-4-26b-a4b,L2_PATHV,0.1747841352655066,0.2518474504300346,0.2483601126366814,0.1211365625546102,0.3419763296051208,0.3661893365527235,2.110153680674573,2.18923520545065,52.30872682944877,0.3810163753029743,0.6631571225187519,0.5528953056545217,0.50588610446233,4.966132163014148,0.9122251489676036,3.149256696313443,1.525145851724769,0.6751644957964916,0.9032363812095384,0.0097139830962767,1.0690238467643165,0.0010393110007903,1.0198454579363232,0.0016099665965052,1.149929667449372,0.0093482254536793,6.427848839166182,0.0296470884566724,0.9774525020667508,0.0218412175199616,,0.0,0.9543075203372062,0.0825241156678133,1.090429882130592,0.0097915884764247,1.5108516413104562,0.0191742474553779,0.9629875611140682,0.0574517845945084,0.7871286070567691,0.0263418805170637,0.2690836045090828,0.0548020879908719,,0.0,0.0731997921238859,0.2500857047020601,1.0,re2_ob
rq1_qa,gemma-4-26b-a4b,L2_S,,,,,0.4448380347669936,0.2608785664953655,0.5344219508047948,1.8201314760543768,11.73225104450592,,,,,2.835593435443607,0.6197956304902525,0.7891536397845218,0.683391405247624,0.2262257744743127,,,,,,,,,,,,,,,,,,,,,,,,,,,,,0.0848278398753311,0.3802152102399317,0.0,re2_ob
rq1_qa,gemma-4-26b-a4b,L2_T,0.2405319579628725,0.4239024197658705,0.3840838488722498,0.2015175444526455,0.519733270481841,0.5891206442087124,4.506722350472011,,87.6565929493594,0.5797495367223773,0.9679157637736174,1.2399627569788154,0.7652820874065597,5.076391974971406,1.085387569624289,5.398868632422371,,1.151827025712219,,,,,,,,,,,,,,,,,,,,,,,,,,,,,0.0,0.0,,re2_ob
rq1_qa,gemma-4-26b-a4b,L2_V,,,,,0.4345032154544433,0.3030318186790651,0.6533352718275532,0.6258866942216503,14.83905800440193,,,,,3.137705144952379,0.5900215793047195,0.9035720997623288,0.4732602223111184,0.2254434473223147,0.8126791625609658,0.027533604342918,0.7827619421394771,0.0022242610022978,1.0840393517145697,0.0030824259135216,1.4740520523541183,0.0209120203183559,6.489652497588722,0.0344982174952949,,0.0,,0.0,0.8764289890914612,0.1738264997413061,0.8857007843071355,0.0145817357194764,1.8106240616584883,0.0296888375364901,1.1555451228128055,0.094138748892811,1.3737259057170403,0.0420420817500558,,0.0,,0.0,0.0882505290723884,0.3542779036401397,1.0,re2_ob
rq1_qa,gemma-4-26b-a4b,L3_CONTEXTV,0.1791742917261964,0.2783891088048324,0.2870101046442765,0.1293324474210682,0.3242963864188942,0.3560596026409318,2.0759416501605146,2.478426726255421,60.9731911168107,0.4713137923346255,0.7127708122804827,1.0564827559024748,0.6545403964099709,2.6195826356868785,0.7169519105784753,3.125259736872233,1.8463592450860489,0.7461963970271159,1.0,0.0063062475327412,1.0,0.0006521383547353,1.0,0.0001026730176153,1.0,0.0046594402506009,6.778868417134669,0.0250629907543351,0.9889521180844264,0.0211414464496619,,0.0,1.0,0.038428358322281,1.0,0.0081649869624477,1.0,0.000617885912703,1.0,0.0344712698187395,0.8874827874019813,0.0187561531498209,0.2607874833270358,0.0404614651008352,,0.0,0.0579249363596899,0.1409001192668275,0.9888888888888888,re2_ob
rq1_qa,gemma-4-26b-a4b,L3_PATHV,0.1676631981788154,0.1680867363428946,0.2480903437635838,0.1389393981679217,0.3400600081959591,0.3015533927044196,1.3554986953074657,1.6086818771878355,38.34867620051441,0.3701223660403493,0.3201547232205509,0.3755842257663346,0.3325718441409623,3.537030405446833,0.8560944713660427,2.170123010017389,1.2589740041306765,0.5189226004583246,0.9025657852073624,0.0167001511219481,0.9212295286005378,0.0017595853767174,1.1056994836077825,0.0026995904860997,1.2239202191135738,0.0109155342977305,6.514803832326428,0.0307848552105567,1.1681545970676748,0.0166541243863178,,0.0,0.9536378690414496,0.1270472130402652,0.9136901168187884,0.013224935939965,1.643579400146964,0.0287632900679719,0.9389842253599684,0.0525293036076151,1.0170666308813665,0.0326083792719446,0.3866849267697547,0.0395435202525441,,0.0,0.0795138408793705,0.2937166421803062,1.0,re2_ob
rq1_qa,gemma-4-26b-a4b,L3_S,,,,,0.4812972955400836,0.2645258624281368,0.4826858568058513,1.83154940412344,12.031536310452616,,,,,2.061383863031471,0.6041187855641152,0.8165942260672268,0.7058956280990245,0.2340920053213352,,,,,,,,,,,,,,,,,,,,,,,,,,,,,0.0834956485526845,0.3850497489015778,0.0,re2_ob
rq1_qa,gemma-4-26b-a4b,L3_T,0.239146535895822,0.4200168655719746,0.3809619439555511,0.2000322559820419,0.5072925817602518,0.5349364044605968,3.8399739371859383,,89.08295060321385,0.5679664838916427,1.0037375537477031,1.3029025260869294,0.766531086378887,3.333604967785249,1.044380721718832,5.32358081714297,,1.1224345230247903,,,,,,,,,,,,,,,,,,,,,,,,,,,,,0.0,0.0,,re2_ob
rq1_qa,gemma-4-26b-a4b,L3_V,,,,,0.4507439188535012,0.304242833379473,0.5785597682514715,0.6396630391105352,15.125366649011069,,,,,2.21719892990472,0.5478456486849275,0.9080501603892942,0.5300718989953397,0.2323471693800162,0.8230580051810776,0.0272354818744432,0.7865646457386118,0.0021834402465193,1.0498026452907552,0.0029167368448967,1.455365429751475,0.0201836060894539,6.404002021742111,0.0332591887422394,,0.0,,0.0,0.8869714160570101,0.1764745642623757,0.9301265053232104,0.0154675580868572,1.9738842739597569,0.0327068944096483,1.0887415292250244,0.0891589741330675,1.2064362213109507,0.0370289595793635,,0.0,,0.0,0.0857784537975526,0.3508369504713123,1.0,re2_ob
rq1_qa,gemma-4-26b-a4b,L4_S,,,,,0.4658470602980525,0.2687287190057331,0.4483323097573235,1.8892193185188,12.316686284032803,,,,,1.7641908809616007,0.5877035366691792,0.7324007726036925,0.708044904920578,0.2430177004793996,,,,,,,,,,,,,,,,,,,,,,,,,,,,,0.0811639107108476,0.4000586508829504,0.0,re2_ob
rq1_qa,gemma-4-26b-a4b,L4_T,0.2384245561303139,0.4186601522836588,0.3782292189770542,0.1970744086155947,0.4641153254254286,0.5409894293228156,3.449217944324494,,89.34071999992278,0.584405296017826,1.0180633856244934,1.15912853661579,0.7984630976043068,2.991781648309218,1.0677522851937604,4.4950689662918855,,1.191889757195722,,,,,,,,,,,,,,,,,,,,,,,,,,,,,0.0,0.0,,re2_ob
rq1_qa,gemma-4-26b-a4b,L4_V,,,,,0.4335806203759496,0.3064182500499402,0.5387888499358505,0.6483996642948084,15.348047658551549,,,,,2.043491200907311,0.5578594814628545,0.7916344561496796,0.5620621140871475,0.2370454056550523,0.8157276418267274,0.0270249056944935,0.7726271321650796,0.0021484615445848,1.046805071921321,0.0029140351319234,1.4762659196977854,0.0205021846185635,6.091389457325793,0.0316340743048507,,0.0,,0.0,0.9081513763173787,0.1805030360354631,0.997656538886338,0.0166970516034217,1.872388039314072,0.0311363199736328,1.0449678969587035,0.0863644925782467,1.192797685301024,0.0366448807672916,,0.0,,0.0,0.0842236612944159,0.3513457809580561,1.0,re2_ob
rq1_qa,qwen3.8-27b,L1_CONTEXTV,0.1576130083790489,0.2800921224881499,0.4083870041633939,0.2616893330790273,0.654080888519178,0.4767897731465141,5.735232339562312,2.32115797724149,17.22210626432031,0.4294096864706082,0.9693194883481822,1.5142159550476797,0.7782478862486584,2.4466131805662363,1.7202567893459162,5.816704326489719,2.177662808035471,1.4909224010524895,0.7410968394435725,0.006495895751161,1.7148909331082829,0.001310499787272,2.1467467725966327,0.0016460226742863,1.3104840242283278,0.0051376426869135,7.31563554368922,0.0133947064109518,0.7254231579743226,0.0030145703109782,,0.0,0.8190761189607363,0.0214367704925012,1.8379168759233893,0.0036962290974371,2.0183424198225044,0.0041546782789345,1.1112145127995965,0.0103646441956821,1.941570192935306,0.0097236778237644,0.9779436233079192,0.0089193123965874,,0.0,0.0309993376215631,0.0582953122849069,0.0,re2_ob
rq1_qa,qwen3.8-27b,L1_PATHV,0.1575792083549172,0.3843669530972249,0.5716624841694457,0.3125374143736538,1.028873493905755,0.7076533299159511,11.02869197587306,4.739958894224929,36.77696048493724,0.330338077606538,1.154001972964037,1.7040362653597072,1.031724860522709,4.444078146663832,2.527346510149321,11.841945879519765,3.9028836928194135,2.676157703063353,1.0,0.0015384509250769,1.0,0.0007367409494317,1.0,0.0007636726672969,1.0,0.001781697023397,5.311318666795812,0.0155048652280841,0.3221247426818656,0.0094313491834319,,0.0,1.0,0.0048918365484388,1.0,0.0014473549860371,1.0,0.0011619171761628,1.0,0.0028470185079632,1.133897473274195,0.0062397188883253,0.3626403253567155,0.018609948843384,,0.0,0.0297567759767188,0.0351977949503114,0.0,re2_ob
rq1_qa,qwen3.8-27b,L1_S,,,,,7.580695754835487,3.084487984206627,18.460889510636253,10.728791510589769,21.70639065462657,,,,,14.388313246330505,9.19360658035943,20.415415571740887,9.039703286135683,3.232261984085278,,,,,,,,,,,,,,,,,,,,,,,,,,,,,0.0677483347244853,0.0861453189449047,0.0,re2_ob
rq1_qa,qwen3.8-27b,L1_T,0.2718506772203987,0.4512810610814472,0.7030793736756838,0.3895263724759777,1.304937791881208,0.814203990821105,12.838746704027823,,54.87314834705701,0.4496491609437323,1.32933054390163,1.8765097104991555,1.0341970351276204,4.286325258779142,2.495977455030111,12.422198186854583,,3.967379944373607,,,,,,,,,,,,,,,,,,,,,,,,,,,,,0.0,0.0,,re2_ob
rq1_qa,qwen3.8-27b,L1_V,,,,,1.345321238886516,0.5786849667316092,3.968975121815416,1.4425581225003292,8.80471555303518,,,,,3.519999510282003,2.002150242467438,3.9097462346315406,1.619077713739956,0.9291658758265467,0.6940979072312602,0.0094824902926147,1.5572856699713806,0.0017861597088828,2.0772308156841377,0.0023788588307091,1.4029423368275646,0.0080345047597164,7.250084373302469,0.0155248481540262,,0.0,,0.0,0.8326637356719347,0.0299651172519194,1.5460700657831814,0.0046816831432306,1.8321505090263543,0.0055670155452145,1.123392095609052,0.0169321728192185,2.060317352919326,0.011550154868655,,0.0,,0.0,0.0372068617459495,0.0686961436282381,0.0,re2_ob
rq1_qa,qwen3.8-27b,L2_CONTEXTV,0.1554576504763943,0.3229630941709748,0.4852426325918088,0.2416608738674002,0.8478132902966264,0.5592680228265149,6.585580046030465,3.3711564816862425,25.086239098611323,0.3773282898562833,0.935109106778948,1.6452600113972748,0.8072833690570788,3.5817940612508985,1.938501070763832,6.9604769889149125,2.9554471273299137,2.125495763798752,0.8498423065658004,0.0045972359242095,1.7036765083960783,0.0012130062844566,1.7817444901321733,0.0010135159368838,1.141905341410011,0.0027681606806988,7.168906360090292,0.0140415334540704,0.5205301470617892,0.0059783161812674,,0.0,0.8971296158158211,0.0134392668322187,1.8593506961055533,0.002946397032565,1.7416899230230252,0.0014427786562724,0.9382757492795554,0.004513862935968,1.544611104765923,0.00655542577007,0.7415060387891588,0.0141909926121227,,0.0,0.0296117684615868,0.0430887238392172,0.0,re2_ob
rq1_qa,qwen3.8-27b,L2_PATHV,0.1520970739030448,0.3468397186472094,0.4678700546640837,0.2602106327577989,0.9583481301127816,0.6503178026611878,7.824355673471521,3.8379670512658897,29.62932295366114,0.3354034678579009,1.0665905359374408,1.3953764518848648,0.833632291809303,4.71695072586424,2.4733430430986174,9.141746887272364,3.187271810617375,2.440383001622277,0.8290567200066608,0.0032045156399389,1.4766103875246115,0.0007704184878602,1.709676609845476,0.0014402168464498,1.0848950217377018,0.0043286807196081,6.233095502229587,0.0131152570881699,0.4786738710613495,0.0068261799627098,,0.0,0.9091068253740964,0.010294330204617,1.6592047152835736,0.0017126913538257,1.826522902592418,0.0025522188536483,0.9039031436016708,0.0064699641404635,1.5227566250872278,0.0065636184684636,0.7149746640514386,0.0156129031610392,,0.0,0.029685268744737,0.0432057261820576,0.0,re2_ob
rq1_qa,qwen3.8-27b,L2_S,,,,,7.641927123615008,2.940422758734412,15.404763386507998,10.941351218890334,23.945393465331733,,,,,16.17047326075522,9.153402274399022,17.919706067427214,7.7749130021503134,3.4467743877341395,,,,,,,,,,,,,,,,,,,,,,,,,,,,,0.0666610780074843,0.0923629490748385,0.0,re2_ob
rq1_qa,qwen3.8-27b,L2_T,0.2692232606590463,0.4472802752768997,0.7212707840351887,0.388853960295242,1.3582758015304028,0.8126594704831367,10.860141644982008,,56.81356429707335,0.4536392711361858,1.2888671027457983,1.874909723115249,1.037430924036138,4.74419352770111,2.4186168766970804,11.08042152968456,,3.330214791037248,,,,,,,,,,,,,,,,,,,,,,,,,,,,,0.0,0.0,,re2_ob
rq1_qa,qwen3.8-27b,L2_V,,,,,1.3826466526868548,0.576178339430767,3.33568077595076,1.4552585287905326,9.44140363412228,,,,,4.0772931228925255,2.053085894685082,3.606400428872933,1.5414095918742494,0.9521298440781388,0.7073466116182177,0.0089547050895007,1.531880612211662,0.0016320579959831,2.0605658098967967,0.0021891977092473,1.3797341919351456,0.0073264119172558,6.863534122737312,0.0136301140163714,,0.0,,0.0,0.7660387963320047,0.0271113223422237,1.7357229094675986,0.0051444066615515,2.299651044095091,0.0068463359745997,1.1507911169091622,0.0170557478519151,2.098467284134737,0.011617126791218,,0.0,,0.0,0.0337324867283585,0.0677749396215081,0.0,re2_ob
rq1_qa,qwen3.8-27b,L3_CONTEXTV,0.1547692560364646,0.3678534499559371,0.5247302685405691,0.2614726623299628,1.0352266471392046,0.6189595051253136,7.211638519656036,4.263941645733246,33.63388760864216,0.3563219414509287,1.1017271483166255,1.7574731756163444,0.8775181470944693,3.039626019515756,2.106510927186477,8.01750705278347,3.315231687626333,2.104327732433635,1.0,0.0030017269904279,1.0,0.0006094734816582,1.0,0.0001234389134674,1.0,0.0025975643919448,6.628193129770207,0.0143578596228271,0.3540140561850104,0.0066665467368401,,0.0,1.0,0.0091174100400494,1.0,0.0012187145619373,1.0,0.0002221541096182,1.0,0.0037954104242433,1.1958782391608285,0.0056042227879228,0.4385932135685187,0.0147211774492775,,0.0,0.0273566101371657,0.0346790893730487,0.0,re2_ob
rq1_qa,qwen3.8-27b,L3_PATHV,0.1519475375761017,0.2771628081501085,0.4199917247242388,0.2658967980848485,0.9095238974943096,0.5525715535500088,5.463402933343901,2.865846384740575,21.685118021872505,0.3823361059687414,0.742392692737878,1.3765684952807584,0.7835519484400776,3.2146124246338705,2.265579892466123,6.6019480271862685,2.298792295854303,1.9471173530687624,0.7595095597202712,0.0052192346545754,1.481608910496997,0.001334309393981,2.04476285306686,0.0021074038415731,1.1516198193977094,0.0046085109602468,6.210610633165482,0.0121655723590705,0.6443832710919841,0.0044879555552077,,0.0,0.832381444867111,0.0199319003417326,1.670397990426847,0.0037884443392105,2.0729445326004803,0.0061220192007441,0.9202085366242828,0.0087743945259064,1.845079594214944,0.0105794440655236,0.9086825834050088,0.0146983522272659,,0.0,0.0299229867646547,0.0638945547003833,0.0,re2_ob
rq1_qa,qwen3.8-27b,L3_S,,,,,7.082731481460736,2.8039120815704623,13.814720084492826,10.90927591381387,25.2304826181593,,,,,11.615260641331686,8.115391944422166,16.078941314897683,9.281773800896412,5.401612396378604,,,,,,,,,,,,,,,,,,,,,,,,,,,,,0.0613442146991077,0.0932456585416889,0.0,re2_ob
rq1_qa,qwen3.8-27b,L3_T,0.2664784422396066,0.443359512973594,0.7215734305688701,0.3841065283621637,1.4804425435862312,0.7814699453205984,9.54777913136376,,56.025094469529975,0.4553979045383473,1.3273427078627562,1.8261269989131903,1.0377282330713424,3.4041055380703336,2.3015354161884285,9.999410415344212,,2.9183294313804646,,,,,,,,,,,,,,,,,,,,,,,,,,,,,0.0,0.0,,re2_ob
rq1_qa,qwen3.8-27b,L3_V,,,,,1.331578426569778,0.5595053551514388,2.974516943707647,1.476482281553559,9.088332238820184,,,,,3.033363097442293,1.9346272895856544,3.3086341248858906,1.5818681467344318,1.74089256677814,0.6916398782902049,0.0085796483335368,1.6482015017345355,0.0017175046156424,2.209400513746151,0.0022965434101349,1.3640995803343725,0.0070900862769227,6.6954107992045,0.0130335578175465,,0.0,,0.0,0.7702475675799392,0.0271885152250108,1.59016293010263,0.0047179121447474,2.508907404637497,0.007451006133837,1.1279731861957545,0.0167166071003317,2.123064926279315,0.0117599550425716,,0.0,,0.0,0.0327173404537835,0.0678339956464987,0.0,re2_ob
rq1_qa,qwen3.8-27b,L4_S,,,,,6.613637185875661,2.596602425561828,11.830196573737842,12.062109537548867,28.121524987027527,,,,,10.35410912787684,8.684219158624892,13.48404682417718,11.476464435899205,3.606481770781973,,,,,,,,,,,,,,,,,,,,,,,,,,,,,0.062075047274907,0.0947282656746809,0.0,re2_ob
rq1_qa,qwen3.8-27b,L4_T,0.2657186964033852,0.4436478147219913,0.7357169368057573,0.3862750355197443,1.3791504910765224,0.7546645342579876,8.427977304196524,,56.79741695618285,0.4671031122526049,1.3226400285588815,1.6746550997091914,1.017983264911556,3.0494287125835746,2.822068022224615,8.73793635483018,,2.820185677106725,,,,,,,,,,,,,,,,,,,,,,,,,,,,,0.0,0.0,,re2_ob
rq1_qa,qwen3.8-27b,L4_V,,,,,1.2647882396811267,0.5389049724004845,2.619070200594106,1.516301911692578,10.21454793080573,,,,,2.7741151735142298,2.0371664522397843,2.8025826207561324,1.7115058084281796,1.6183202239376704,0.6775181984169766,0.0077550384092377,1.7784538057694532,0.001705109188539,2.2364075388666738,0.002150106851494,1.3663051963472077,0.0065275275473075,7.256952821602953,0.0129264659379064,,0.0,,0.0,0.783361658848466,0.0269109110151702,1.6699344793857434,0.0048210359423528,2.263578567257949,0.0065349564646611,1.1298370260999266,0.0162714951491483,1.8142846294007011,0.0097861110482139,,0.0,,0.0,0.0310642479344846,0.0643245096195464,0.0,re2_ob
rq1_rca,gemma-4-26b-a4b,C,0.189840224554525,0.2953558673083521,0.3127166839089875,0.1842415157424514,0.7422190994609917,1.0112767499327615,7.023262310981685,,18.33816993658663,0.5081806809759633,1.3027407387125038,0.4968058259904728,1.260965980713955,9.508133279129114,1.7889772474362324,2.499818947626538,,4.8461323092471575,,,,,,,,,,,,,,,,,,,,,,,,,,,,,0.0,0.0,,re2_ob
rq1_rca,gemma-4-26b-a4b,H,0.1873101771256713,0.3492693830037468,0.3336626946750247,0.1673176580022249,0.3630967968954867,0.5642816537418198,6.942560046872027,1.333873445854915,17.43044430026629,0.4404475669883998,1.434369522333009,0.5976736185475392,1.1700349113144133,6.2299517443099095,0.935357972269031,2.4727201558399883,1.378205365060759,5.114404582080507,0.8015432828357528,0.0160149906933981,0.811794222127672,0.0013601075863247,1.1177963836507514,0.0018746347724592,1.4880616483209923,0.0124633312144258,5.989273381049372,0.0187657134727538,,0.0,,0.0,0.8560950529026318,0.0562281495396722,1.3540977567211423,0.0075951952442159,1.5327631939406323,0.0085092599664185,1.1659170450996632,0.0320378823564759,3.010289469791,0.030658118037293,,0.0,,0.0,0.0504787777393618,0.1350286051440757,0.9777777777777776,re2_ob
rq1_rca,gemma-4-26b-a4b,LV,0.1861912470931599,0.3351951885578549,,0.1644917788118964,0.3796866151256149,0.5929784167524619,6.892451924657181,1.3387569623024267,17.87428989061867,0.4884927542821602,1.471696066051125,,1.2406940238970148,7.064741216823757,1.050452303020877,2.677938091886892,1.5128826229477188,5.590715382938644,,0.0,,0.0,1.0,0.0022181759431566,,0.0,3.8369760549252168,0.0157465209424632,0.6976816297324373,0.0273912970731493,,0.0,,0.0,,0.0,1.0,0.0094857644822342,,0.0,0.436463383994931,0.007146113315476,0.2461477666873467,0.0392342564563395,,0.0,0.0453559939587693,0.0558661342540498,0.7888888888888889,re2_ob
rq1_rca,gemma-4-26b-a4b,MV,,0.2415887095814846,0.1741696583296929,0.0824992840356882,0.1578018587292239,0.2279729649765297,2.6650964874047043,0.576017022146468,6.733110643736023,,1.1880947908357091,0.3354273626685431,0.6525097901199365,3.340871923191042,0.4675240394670761,1.1036725395113316,0.6527036255359134,2.208815013348524,1.0,0.0161068249152026,,0.0,,0.0,,0.0,7.795316225100935,0.0196033003194619,1.66739671060961,0.0155701350153895,,0.0,1.0,0.0686500470856556,,0.0,,0.0,,0.0,3.8390562963689834,0.03973843672496,0.4489022968402779,0.0176097725652371,,0.0,0.0512802602500541,0.1259982563758528,1.0,re2_ob
rq1_rca,gemma-4-26b-a4b,S,,,,,0.3466922989816595,0.2398018783508596,1.1450131296424368,0.5808456471689151,3.252509487626889,,,,,5.3175831058066585,0.8445560988947461,0.6840290815190849,0.3832560174336095,1.4617459835312907,,,,,,,,,,,,,,,,,,,,,,,,,,,,,0.0705591073059698,0.2472167441951986,0.0,re2_ob
rq1_rca,gemma-4-26b-a4b,T,0.202946095850509,0.3837370556070064,0.3686727109580014,0.1852814152547119,0.393582215698452,0.6091492452696391,7.016258905259243,,17.504198393469196,0.525161722014814,1.4793119477765009,0.6317839799693725,1.1717871264326836,6.393879969630151,0.9937770626696734,2.853871786069344,,6.019647590050337,,,,,,,,,,,,,,,,,,,,,,,,,,,,,0.0,0.0,,re2_ob
rq1_rca,gemma-4-26b-a4b,TCV,0.1873381810104274,,0.4470970112489578,0.200770471167416,0.3380877808167165,0.5345761786666513,6.711978272561174,1.3233519138746812,16.770700745481406,0.4754180514169734,,0.9698813068528676,1.5598543499401984,5.995657041933916,0.9131408248174542,2.3787068032581087,1.392305703450584,5.089312531459887,,0.0,1.0,0.0022470704938568,,0.0,,0.0,3.33484497347641,0.0138911444024198,0.5662007491373542,0.0226031783663195,,0.0,,0.0,1.0,0.0419313517863901,,0.0,,0.0,0.0963173195653084,0.0064702479965773,0.082247230279313,0.0558878738764936,,0.0,0.0387413932625962,0.104289473659461,0.8444444444444444,re2_ob
rq1_rca,gemma-4-26b-a4b,TPV,0.1698841031202044,0.3111585544545833,0.3078355221934944,,0.3389164272082079,0.5733418973051355,6.601026591182005,1.269066309650783,17.817387220452787,0.5058170888294103,1.4459765615209477,0.5879214729861632,,8.27068563690932,0.9217100036485284,2.8379251606354288,1.3314656834273362,5.875347096251645,,0.0,,0.0,,0.0,1.0,0.0100840167424503,5.855160094420075,0.0221176591971885,0.5661127556444184,0.0158920088148427,,0.0,,0.0,,0.0,,0.0,1.0,0.0595627664432172,0.4491066393116011,0.0096508816368158,0.1444317059499913,0.0232900818391811,,0.0,0.0480936847544815,0.0925037299192142,0.9777777777777776,re2_ob
rq1_rca,gemma-4-26b-a4b,V,,,,,0.3368960523406392,0.2907779776193458,1.4467653536293843,0.3148670542778145,3.999490640615604,,,,,7.397590595466648,0.7987516172405784,0.6583736279841829,0.3041618998140838,1.644987717633395,0.8210853722740478,0.0235880497334986,0.8575652400341481,0.00206662326134,1.2270018411001715,0.0029595721544721,1.4103298190547564,0.0169712808975297,5.038954051253087,0.0227302363013,,0.0,,0.0,0.8226371982453548,0.1039129367003465,1.5073673460509682,0.0166158360839226,1.3721009562498925,0.0146387048359234,1.247301987809218,0.0654169079078304,3.224354185810693,0.0611264016436487,,0.0,,0.0,0.0683157623481406,0.2617107871716718,1.0,re2_ob
rq1_rca,gemma-4-26b-a4b,V_LG,0.1679855643070767,0.3076745971923679,,,0.4081439376571197,0.525050921759905,6.389459937804921,1.2769873185004272,14.647804532175112,0.4701872713041534,1.3492136905752323,,,11.262883891409354,1.1501561948472276,2.587310485047132,1.3569448438632012,4.77995233584232,,0.0,,0.0,1.0761364692133393,0.0024030999346963,0.9847399917693564,0.0109655100688102,5.587408382464504,0.0233125018345951,0.7321403359268146,0.0210802809048039,,0.0,,0.0,,0.0,1.532890891668251,0.0180431197517717,0.8931928486188888,0.0516388406400203,0.4360406069292273,0.0092380547299524,0.2281688097046009,0.0336439937154546,,0.0,0.0577613927429057,0.1125640088371991,1.0,re2_ob
rq1_rca,gemma-4-26b-a4b,V_MG,,0.1704094175869017,0.1240085713419543,,0.13606353201597,0.2052338987662306,2.140540893325941,0.4667358747713838,5.80637971910989,,1.039556088882393,0.2526809470398745,,4.0608210410086505,0.3938697970371525,1.0068683972533174,0.4983925911076429,2.002241151554736,0.8031180498360955,0.0184295128974838,,0.0,,0.0,1.47018869556882,0.0141326358210575,5.710345844218544,0.0205645788572777,0.9471576056859008,0.003641516871834,,0.0,0.8640128331904496,0.0852298375991641,,0.0,,0.0,1.3247612517198866,0.0538200320833116,3.36962269146107,0.0505904491727541,0.2658219640810078,0.0042968042837331,,0.0,0.0567682444476531,0.193937123138963,1.0,re2_ob
rq1_rca,gemma-4-26b-a4b,V_ML,,0.2097786010756225,,0.07258303852176,0.1436123944374983,0.1852118905094859,2.414399795743745,0.514027872743326,6.445424933933766,,0.9626092473330006,,0.5472810139862493,2.896814527047935,0.3713684065881165,1.1107031599524002,0.6122062235760596,2.2664909383295786,0.9680568551741862,0.0202272568727994,,0.0,1.3806115089673805,0.0024141698797029,,0.0,6.858396305823264,0.0224207993146248,1.5550660508611631,0.016251451104696,,0.0,0.9608056710018364,0.082508076269383,,0.0,1.467011397415686,0.0106142284891506,,0.0,3.421793610573485,0.0441639787727894,0.4373272527595274,0.0183195060794488,,0.0,0.0613136771718233,0.155605789610772,1.0,re2_ob
rq1_rca,gemma-4-26b-a4b,V_MLG,,0.1642351208745353,,,0.1912504437596249,0.1645688377654611,1.8743054264987569,0.4085766452501015,4.427962680941467,,0.8390224906394115,,,5.181363701885962,0.4687859841714686,0.8277726538442389,0.4827669665391579,1.4070792260594045,0.8196991018758228,0.0212064806075484,,0.0,1.0761577912079452,0.0023365398829296,1.4153259476753106,0.0153445708497423,5.493983232584963,0.0222992267311888,0.817431712070963,0.0017634669545474,,0.0,0.8657542515847791,0.0868762565720396,,0.0,1.522541397863456,0.0128863401370369,1.2158696329300878,0.0505364302111007,3.108726203016011,0.0476965043122395,0.3737687377361482,0.0031148432515937,,0.0,0.0629502850259566,0.2011103744840107,0.9888888888888888,re2_ob
rq1_rca,gemma-4-26b-a4b,V_MR,,,0.3004683994631659,0.0913706603317575,0.1402679341344881,0.1835602631148005,2.2400922068713567,0.5019058961006972,5.695556108727152,,,0.6529004502337841,0.7926215694884178,3.0826615631853915,0.4045683558729276,1.0012626737925592,0.5889441584738412,2.028157890152672,0.9652128015366728,0.0184363305909218,1.4144992038847377,0.0022605148401488,,0.0,,0.0,7.3604597993628,0.021980319902072,1.9471642992087344,0.0185500271025353,,0.0,0.8702496200445572,0.0892488996757813,2.5460120840708047,0.0219054714012975,,0.0,,0.0,2.758359502417276,0.0427040411624067,0.4898148632325428,0.0247911988567104,,0.0,0.0612271924356782,0.1786496110961959,1.0,re2_ob
rq1_rca,gemma-4-26b-a4b,V_MRG,,,0.2071526709782474,,0.167063393024014,0.2091769756481968,1.7022563638051644,0.3705956930953791,4.71029918168786,,,0.5246464862822229,,5.248989223683704,0.5153966111560232,0.8621580494232683,0.4040456812002936,2.042730342491865,0.7784899699179547,0.0194458368961958,0.9362246495984072,0.0019601754536222,,0.0,1.5417873515013267,0.0161254138129053,5.274023800391157,0.0206431291026415,1.2494793874336905,0.0026162198873056,,0.0,0.83830461898572,0.1049868509864948,1.947825017125327,0.0208714905279304,,0.0,1.196184719263748,0.0621623388001573,3.4121206754801734,0.0637695995362517,0.3989135634296092,0.004018071927897,,0.0,0.0607907751526707,0.2558083517787313,0.9777777777777776,re2_ob
rq1_rca,gemma-4-26b-a4b,V_MRL,,,,0.1373699815805094,0.1364619082998974,0.1471382018361918,1.9893569590521265,0.4402376323587296,5.193698786764895,,,,0.9179550208094416,2.9249524007341727,0.3646590631441246,0.900395181796932,0.5245137961790755,1.8099965044189537,0.9575655392221788,0.0207955716935964,1.1233498162007758,0.0020460665063543,1.3822686580269603,0.0025185622340946,,0.0,6.582824006170338,0.0223836346810377,1.7924859667801505,0.0162336088267491,,0.0,0.9206914607598856,0.0939896435043074,1.7781647585031088,0.0156931687390449,1.1668186787502242,0.0099636012912456,,0.0,2.7202278650538134,0.0418530741576614,0.5455323151371709,0.0228639496876774,,0.0,0.0639774439418324,0.1843634373799368,1.0,re2_ob
rq1_rca,gemma-4-26b-a4b,V_RG,0.1610322576814833,,0.3752791040785069,,0.3777525634734618,0.6402801235007856,6.165546306902791,1.201002819036076,16.33400980452611,0.4609761945390136,,0.8546999915683055,,9.159633143429584,1.1531623501857222,2.851346542202863,1.1899126206152555,7.542445393607863,,0.0,0.8290585700353177,0.0018033106622642,,0.0,1.0342617362634672,0.0112373463520285,5.364140937441902,0.0218314259841817,0.6592590037758915,0.0185084416698568,,0.0,,0.0,2.009369362611595,0.030643454491039,,0.0,0.7976924207234761,0.0559683418429055,0.376224612774298,0.0095659021970794,0.2793359415300784,0.0500019585146297,,0.0,0.0533805246683313,0.1461796570456537,1.0,re2_ob
rq1_rca,gemma-4-26b-a4b,V_RL,0.1821495593805926,,,0.1982502824370152,0.3647527694544201,0.5381418612020947,6.476954588586341,1.2877724112247224,16.31670088362721,0.4557947718141851,,,1.6112372526694092,6.60255038299069,0.9922383915043071,2.469127454263157,1.395119684063221,5.14343860524697,,0.0,1.039889203290919,0.0026875661397503,0.9601107967090812,0.0024919200143209,,0.0,3.53754406357079,0.0170595680191339,0.683536127758101,0.0297864994907245,,0.0,,0.0,1.3710978280769694,0.0229393541953415,0.6289021719230306,0.0095644541214935,,0.0,0.2660993095099304,0.0073474099484227,0.2944766631627967,0.0740033253274657,,0.0,0.0520255536639297,0.1138545435927236,0.9444444444444444,re2_ob
rq1_rca,gemma-4-26b-a4b,V_RLG,0.167807588523522,,,,0.5155993518809676,0.7383541973045258,5.971533915761534,1.2083776641009816,14.906378297875795,0.4736166254578565,,,,11.607021326310903,1.500468863589778,2.410433102658828,1.2004401230633164,5.258942880482962,,0.0,0.8494099354352067,0.002125504758496,1.1298016819162948,0.0028275034309271,1.0041666089010373,0.0125249326743201,4.830904003216829,0.0225796937215464,0.7300717262761027,0.0217350903612499,,0.0,,0.0,1.156689581859342,0.0163993947965241,1.453140214791975,0.0199809029483268,0.8777720084429621,0.0595774866981023,0.3684297241621351,0.0090683339781101,0.3418721676798794,0.0547386524809791,,0.0,0.0617927249465398,0.1597647709020426,1.0,re2_ob
rq1_rca,qwen3.8-27b,C,0.1572937378336526,0.4552443010449641,0.5962803717403733,0.3912665264627339,1.9761199300165235,1.7636676395400523,7.509283952721286,,43.21854179981198,0.389142977648553,1.3909736627606748,1.8982226227627053,1.2678867366465767,5.252331852594874,3.269823586170028,4.940962661929368,,12.407839472074809,,,,,,,,,,,,,,,,,,,,,,,,,,,,,0.0,0.0,,re2_ob
rq1_rca,qwen3.8-27b,H,0.1341867784096528,0.3924721567013107,0.5886589506933062,0.3954561127619931,1.3173468662760652,1.2429338503894294,8.283692489403212,1.8037541561856607,47.10146322881431,0.401300382353024,1.435134552880731,1.837825468376456,1.3711795292950033,5.291055621362289,2.945070074359586,4.894049860957904,2.077076210340401,13.504780800560903,0.6833348080474839,0.0057506102431779,1.5475151807264662,0.0010897719722176,2.1608308327320005,0.0015196486227724,1.4138488804059866,0.0049711820250289,6.595662544341911,0.0086196843951906,,0.0,,0.0,0.6665519164305743,0.0153735636962006,2.443584872783866,0.004750431614514,2.3030576431508107,0.0043185693299423,1.2458239381989262,0.0119839134097031,2.1919519580315843,0.0079419445593436,,0.0,,0.0,0.0219508972583876,0.0443684226097038,0.0,re2_ob
rq1_rca,qwen3.8-27b,LV,0.1449906471750719,0.4317979572455976,,0.3922865762619104,1.3695437725749595,1.231594353262758,7.987668160331842,1.8532072714531944,43.375359177778215,0.4026891070306662,1.4201029806634933,,1.2900380797334337,5.294399105652448,2.944705879209049,5.286880820558179,2.443317646198077,13.744565315483824,,0.0,,0.0,1.0,0.0022833643902856,,0.0,2.945950016057225,0.012309959759401,0.2974628957138054,0.012092288636394,,0.0,,0.0,,0.0,1.0,0.0042302760122616,,0.0,0.8935389261864354,0.0064411369752496,0.3802956954909657,0.0270164506244913,,0.0,0.0266856127860806,0.0376878636120026,0.0,re2_ob
rq1_rca,qwen3.8-27b,MV,,0.2848602434106724,0.2710516241439593,0.1844968912956238,0.4910677215995588,0.6000320572336131,3.6144945664392414,0.8016640912116771,19.58549601782108,,0.9855797599195798,0.7981250766984392,0.637269119449247,2.3074932799133707,1.2268979306062362,2.631067587919409,1.141758205822548,8.239829080237739,1.0,0.0066240200196519,,0.0,,0.0,,0.0,11.593155642915477,0.0120073456568071,0.4193296792691049,0.0016260028202339,,0.0,1.0,0.0381503220714823,,0.0,,0.0,,0.0,2.401427273055981,0.0139888192847733,0.4436399241649045,0.0097469572961485,,0.0,0.020257368496693,0.0618860986524042,0.0,re2_ob
rq1_rca,qwen3.8-27b,S,,,,,7.017671131880544,3.769005955580647,7.582762423020867,2.6263690228125283,30.63276630391864,,,,,20.014511756598544,11.71525580976827,6.879215310390342,4.247220526008445,13.065349397513106,,,,,,,,,,,,,,,,,,,,,,,,,,,,,0.0620669480816021,0.0970377720564395,0.0,re2_ob
rq1_rca,qwen3.8-27b,T,0.1398479866174335,0.3919223105362458,0.5910950580373792,0.3667671689785806,1.18620254560034,1.056809026780138,7.796680419096232,,45.22041003206235,0.3719856998321674,1.2549456652860516,1.6141494212811014,1.1324445211028922,4.465189698970893,2.104680625164193,5.784717171252428,,15.334405122762238,,,,,,,,,,,,,,,,,,,,,,,,,,,,,0.0,0.0,,re2_ob
rq1_rca,qwen3.8-27b,TCV,0.1445229804556274,,0.7556138387666983,0.4310505065595232,1.301406806276413,1.1936636087664525,7.78800820654757,1.8403331312038385,41.44029214733189,0.3816309273004487,,2.293230212758417,1.4608664871782375,4.995242375534572,2.754725027673609,5.376217900135488,2.3649392908887474,13.814770174139044,,0.0,1.0,0.0022213608382403,,0.0,,0.0,3.588064154562951,0.0146335420919056,0.2402068456731502,0.0094425051356118,,0.0,,0.0,1.0,0.0057031728156789,,0.0,,0.0,0.5930159046193697,0.00601384541917,0.218540447304948,0.0210357149006972,,0.0,0.0262974080657579,0.0327527331355462,0.0,re2_ob
rq1_rca,qwen3.8-27b,TPV,0.1419944373533627,0.4222802684442714,0.6949132824686834,,1.3797493184833831,1.327064169279378,7.9591025528157555,1.8859600433998944,42.61828270005976,0.3702430861235347,1.578175017046448,1.6657252953987147,,6.851908411655374,3.867856682417728,5.797774053157387,2.396488279579077,14.534295445484965,,0.0,,0.0,,0.0,1.0,0.0058004977131324,3.822563926723933,0.0082770215548949,0.3401851524643016,0.0054972614520569,,0.0,,0.0,,0.0,,0.0,1.0,0.0110845426711174,1.2120487381859255,0.0050627364658537,0.3279844858463066,0.0100934809391638,,0.0,0.0195747807200843,0.0262407600761351,0.0,re2_ob
rq1_rca,qwen3.8-27b,V,,,,,1.1156948681233587,0.7724411313703756,2.424205721923289,0.6204545961356952,11.757493520105204,,,,,4.934623674621675,2.498547202351737,2.1285223917193226,0.9950509315762444,3.7720184454416223,0.8090362364269219,0.0104105057915538,1.306261344866494,0.0014084477721134,1.852782148787255,0.0019969845654239,1.2237483083686334,0.0065837045843349,6.506713156084734,0.0131412421564298,,0.0,,0.0,0.7826173795636504,0.0412755717872883,2.068659877175393,0.0091593299836095,1.88579667136395,0.0083626919943194,1.1274167964239534,0.0248693850590381,2.09779080819732,0.0173230739504633,,0.0,,0.0,0.0335408848698561,0.1009900527747188,0.0,re2_ob
rq1_rca,qwen3.8-27b,V_LG,0.1461585008491145,0.5131649772665013,,,1.3406823842506876,1.437710368273695,7.799867907416291,1.834177749265544,39.57995235822093,0.3674785448464356,1.7329149356286864,,,6.324596359807359,3.894472684878699,6.425648059174558,1.9216397139440735,15.934073016947346,,0.0,,0.0,1.4057025354694646,0.0019417114108758,0.9186851702682812,0.0063282943400603,3.2951782980414586,0.0084561814195432,0.4276317722563755,0.0076251381902227,,0.0,,0.0,,0.0,1.6603873664976991,0.0044335143067502,0.8676387708506684,0.0117004869349568,1.2307110207319123,0.0061306062685486,0.535487844804792,0.0182116693789317,,0.0,0.0243513253607021,0.0404762768891874,0.0,re2_ob
rq1_rca,qwen3.8-27b,V_MG,,0.2679924748103718,0.2953589473818666,,0.5027381953325071,0.5779019368983573,3.043809160092146,0.7158378372616562,15.931831394684052,,1.0359372023883868,0.713026204334747,,3.173323919872418,1.5676598100505272,2.5549869639392884,0.92422938215643,5.895446376298002,0.787859304684516,0.0061438701296675,,0.0,,0.0,1.5066292604497824,0.0049109922821896,8.851617671551418,0.0107408197993305,0.3500847055824682,0.0004558014567046,,0.0,0.8950788364511868,0.0311302097894274,,0.0,,0.0,1.2505701766236554,0.0179504751787265,2.224860335943758,0.0120550630794183,0.3999413791485756,0.0022470421140476,,0.0,0.0222514836678924,0.06338279016162,0.0,re2_ob
rq1_rca,qwen3.8-27b,V_ML,,0.2846820172419209,,0.1729705833383359,0.4743890463560813,0.5653315030968884,3.346970131685264,0.7528060813625842,17.73077666376364,,1.0075513211355014,,0.6298964669827506,2.3025316997323846,1.2941279031439044,2.560633757207071,1.3698161888576637,7.31744317458965,0.8384316477401972,0.0059416772134625,,0.0,2.925132127419141,0.0017529995656247,,0.0,8.235143932665425,0.0090683676934689,0.8190901407231804,0.0029266563915739,,0.0,0.8744601410363477,0.0211594308883281,,0.0,2.495842548260756,0.0050766887804192,,0.0,3.0960222436208995,0.0116165567851755,1.1666160248453676,0.0139696391572579,,0.0,0.0196897008641301,0.0518223156111809,0.0,re2_ob
rq1_rca,qwen3.8-27b,V_MLG,,0.28500831894129,,,0.4733390020493805,0.5572658082976144,2.802604077094009,0.6908559972291372,14.576156671451592,,1.0450292606233855,,,3.0830484306221746,1.5558131557817354,2.5906206197434747,0.9092748775799436,7.385299121108986,0.6764205608762269,0.0054916726867207,,0.0,2.3374703507542742,0.0015936999636725,1.504695808445603,0.0051156508812284,7.865681568033624,0.0099615215185201,0.6998595394748736,0.0004799173113364,,0.0,0.799548485055261,0.0202730221403254,,0.0,2.3353730908973134,0.0050299677624372,1.211065041039491,0.012994773555512,2.1120673973525226,0.0084214435965324,0.8833551918211793,0.001903286381349,,0.0,0.0226424623614784,0.0486224934361562,0.0,re2_ob
rq1_rca,qwen3.8-27b,V_MR,,,0.4140484745092042,0.1799355304772544,0.440069020187272,0.5337448097752125,3.1897436359968943,0.7330100691419168,16.13663457810276,,,1.3242761484945689,0.7010377682305052,2.0893568569984238,1.1517303479854677,2.5576364544742662,1.2839058481814982,6.219442686077793,0.8769104292072659,0.0061045734364075,2.4666466790617907,0.0014367164722532,,0.0,,0.0,8.973908687245297,0.0097610517124349,0.652522304816521,0.0022787670346792,,0.0,0.8936134576182947,0.0243440631007539,2.2676254216836136,0.0052273623793808,,0.0,,0.0,2.079271283416279,0.0089950523742136,0.7432476542986982,0.0102213294636412,,0.0,0.0195811086557749,0.0487878073179896,0.0,re2_ob
rq1_rca,qwen3.8-27b,V_MRG,,,0.4188291709741965,,0.4906046114291553,0.5418741241325701,2.6207837095335056,0.6592272580631212,13.362534131391122,,,1.1789500008096203,,3.706740015540159,1.7951342473376064,2.1803803262256216,1.1290337971029234,5.75741158988428,0.7085056352542876,0.0059940455608697,2.120350157802593,0.0015082586769945,,0.0,1.4715883434313175,0.0052236992060078,8.966041285013944,0.011881968581098,0.9614096378891231,0.0006844925168657,,0.0,0.8286053183218325,0.0247238802313862,2.048730111681233,0.0049276959554845,,0.0,1.199123977827627,0.0150160220575666,2.257245436955317,0.0106515996132308,0.7600836764115034,0.001845736289178,,0.0,0.0252924645418359,0.0571649341468464,0.0,re2_ob
rq1_rca,qwen3.8-27b,V_MRL,,,,0.2655677307344096,0.4518878720979969,0.5502342164842262,2.899937473441562,0.6985973127459388,14.613075490452722,,,,0.8737276977369698,2.075518066141933,1.2186706185715013,2.858428313626645,1.0263737142653535,5.281436448087321,0.7864818249889336,0.0068887628387407,2.0109138898631267,0.0014797902352834,2.5332149122969345,0.0018644771963304,,0.0,7.209705272893886,0.0098367946201106,0.8374245526520397,0.0030654123888317,,0.0,0.8012372088615421,0.0222094072066361,2.0844723658177835,0.0048695156026664,2.2838419086315294,0.0053817524413154,,0.0,2.500189663757456,0.0107209399432041,1.1116282076167916,0.0126951238136212,,0.0,0.023135237279297,0.0558767390074434,0.0,re2_ob
rq1_rca,qwen3.8-27b,V_RG,0.1469925608195429,,0.8907202579920862,,1.4765624484430406,1.5073268750639932,7.575230578568745,1.7556117049145772,38.216335648961504,0.3874356773926011,,2.215899744758399,,7.548951363888782,4.224332886870217,6.260926028811447,1.7418882427021496,16.38141350246056,,0.0,1.356195918013921,0.0017464760178298,,0.0,0.9286077658082192,0.0059798177313024,3.7762197236086825,0.0090474210912571,0.3759896302060511,0.0062471540621141,,0.0,,0.0,1.9301413054122536,0.0052775345368218,,0.0,0.8135720749476835,0.0110467753979186,1.0635203691965938,0.0053697447766729,0.4212414467092821,0.0145909866849694,,0.0,0.0230208689025036,0.0362850413963828,0.0,re2_ob
rq1_rca,qwen3.8-27b,V_RL,0.1500984847018407,,,0.4729887194153192,1.4004661406174497,1.327042073290841,7.65291697429166,1.8363701489203423,38.42518355388356,0.3976214879924344,,,1.528151535675476,5.198937434924039,2.955992347920618,6.072705052022965,2.188425600389622,15.765490443360802,,0.0,0.8972649524514461,0.0018087001397459,1.1027350475485538,0.0022282426735177,,0.0,3.773544716674947,0.0139450620097393,0.3362069552982912,0.0113740311112356,,0.0,,0.0,1.207302726687981,0.0052390493553299,0.792697273312019,0.0033822210300014,,0.0,0.8636342594513076,0.006318723762046,0.3615833677799343,0.02433540693908,,0.0,0.0293560359342386,0.0392754010864575,0.0,re2_ob
rq1_rca,qwen3.8-27b,V_RLG,0.1620288182081551,,,,1.6843299082114092,1.7188108256090118,7.435748463119437,1.6674420152893488,37.14135058114252,0.4482234263150089,,,,7.8901053960875505,4.786396736481257,5.524985842679626,1.882181404560909,16.64498942655037,,0.0,1.0837601818391174,0.0015417697056377,1.3123083568904097,0.0018601535434496,0.9206161091608308,0.0065215852775914,3.395022611751518,0.0089453470670603,0.4140155327530107,0.0069769661967628,,0.0,,0.0,1.6286342174699155,0.0055956181220846,1.2735962837118049,0.0043816113286448,0.8191662285337705,0.013963386266489,1.0875921981181844,0.0069381173386015,0.4890796252283538,0.0197113074483778,,0.0,0.025845821790502,0.0505900405041979,0.0,re2_ob
rq1_cf,gemma-4-26b-a4b,V_FACTUAL,,,,,0.1523694143066619,0.1519458332954236,1.7298224292678532,0.3868404066249021,4.408045345111747,,,,,1.5550805377155237,0.3795226912388387,0.8117256712106831,0.4452749993953054,1.357278410835815,0.7986020396338354,0.02318431808598,0.8461126728307303,0.0020637194328978,1.289052020595805,0.0031397685269847,1.5062302525044546,0.0171748452007029,5.744175455702616,0.0261925948337672,,0.0,,0.0,0.838871070755947,0.1203516986873346,1.9518720086850616,0.0245360571377073,1.2254732532483947,0.0146803741634976,1.1601393568504892,0.0655582275641768,2.705283248236433,0.0585763185796948,,0.0,,0.0,0.0717552460803328,0.2837026761324113,1.0,re2_tt
rq1_cf,gemma-4-26b-a4b,V_NEUTRAL,,,,,0.1517846613144699,0.1761606914052142,1.842541796881398,0.441232124779844,4.646354066638256,,,,,2.021844522668155,0.6948258624515331,1.2766095671679538,0.6298506192316026,2.221554049112003,1.0170693244675832,0.0118143481321358,0.4909124790643883,0.0004768016941576,0.5940280869444331,0.0005772016717082,1.1638691313942802,0.0053258408549529,7.316373526780955,0.0132183047913452,,0.0,,0.0,1.1152830070766622,0.0097711601173468,0.5698417319104945,0.000420714310997,0.5692716870275654,0.0004164023878727,0.8973665006463685,0.0031230454944088,8.588012033142421,0.0116729542172696,,0.0,,0.0,0.0314124971442999,0.0254042765278951,1.0,re2_tt
rq1_cf,gemma-4-26b-a4b,V_PLACEBO,,,,,0.1528404095256208,0.1520032707086697,1.7294129985612825,0.3865975618189652,4.409610338522441,,,,,1.567724171297102,0.3831748028918584,0.8257159710447988,0.4519328533682595,1.3637171806107764,0.795432889430583,0.0231209936737086,0.841784183196781,0.0020560784136062,1.2948634830101502,0.0031585943696121,1.5128648399327185,0.0172861985316772,5.741781875611037,0.026212793089927,,0.0,,0.0,0.8345804969571095,0.1168784374479903,1.9145588371891664,0.0236281797383631,1.1776206092629893,0.0135433005405564,1.1892192364631449,0.0652019535615553,2.744736718582113,0.0581383892926227,,0.0,,0.0,0.0718346580785313,0.2773902605810879,1.0,re2_tt
rq1_cf,gemma-4-26b-a4b,V_TARGETED,,,,,0.1525421856586919,0.1517611100689247,1.7289985562252737,0.3867342854828501,4.40956991357897,,,,,1.523020595859113,0.3714403773257907,0.7909859991077034,0.4323860368578262,1.3462054540513508,0.7985061953164264,0.0232505351236064,0.8436807136447124,0.0020620576320519,1.2884428074744672,0.0031461793502965,1.5051769048339647,0.0172192571933805,5.732370500539464,0.0261949211146774,,0.0,,0.0,0.8563185036670534,0.1274264226930868,1.8474634308751157,0.024209073130621,1.122085672310695,0.0138590218576035,1.1700949625303962,0.0682595333588823,2.668062273138618,0.0600658629958072,,0.0,,0.0,0.0718729504140128,0.2938199140360009,1.0,re2_tt
rq1_cf,qwen3.8-27b,V_FACTUAL,,,,,0.3995925405433352,0.4174451460078369,2.808095836948364,0.697597418518357,12.877660241044603,,,,,1.6144267308951072,1.1914531669712267,2.2400018865712337,1.0391398565916925,6.1517740746865,0.6218057094412799,0.0071899557923487,2.22214699043412,0.0021549353205468,2.391328320853229,0.0023132118108505,1.4307732768185388,0.006484664182062,5.347076826234156,0.0096852145560288,,0.0,,0.0,0.8696363042732215,0.0384133733187949,1.4702013741270403,0.0054609444902282,1.1596243935903323,0.0043061599594028,1.201968884064847,0.0211152668400832,2.0776261471031625,0.0144081978669319,,0.0,,0.0,0.027827981661837,0.0837039424754411,0.0,re2_tt
rq1_cf,qwen3.8-27b,V_NEUTRAL,,,,,0.3518410605558695,0.4188084775409998,2.9053697199469117,0.7533222902478408,13.575318108867112,,,,,1.4851613786802873,1.1759329109195893,2.572448102711731,1.1295147736997744,7.168371682195664,0.756886436494785,0.0025002279554399,1.001092036886993,0.0002780556633142,0.841219594662213,0.0002383713055165,1.6727780424983694,0.0021754240213297,15.372042311016678,0.0079692507619604,,0.0,,0.0,1.1242693756894104,0.0052943994141969,0.4440852599832596,0.0001764019160956,0.5152388467336245,0.000203743457145,0.9114868647448509,0.0017291733383489,10.244518725879622,0.0075624306817617,,0.0,,0.0,0.013161329707561,0.0149661488075483,0.0,re2_tt
rq1_cf,qwen3.8-27b,V_PLACEBO,,,,,0.3995924070583375,0.4176344514777179,2.80843442306693,0.6975937555111492,12.87743705563981,,,,,1.620682627419736,1.189679698410285,2.24079398374169,1.0394361788797202,6.1279450017218045,0.6217331895631735,0.0071879876213328,2.222289977533382,0.0021549484318015,2.388981995390392,0.0023105859352909,1.4313988927174122,0.0064873658871255,5.350688690369831,0.0096898791239445,,0.0,,0.0,0.8689560436807809,0.0384045111901846,1.473631898848259,0.0054729174074815,1.160570067213326,0.0043124756727977,1.202549116868027,0.021142565341326,2.0718637736885306,0.0143613818753639,,0.0,,0.0,0.0278307669994954,0.0836938514871538,0.0,re2_tt
rq1_cf,qwen3.8-27b,V_TARGETED,,,,,0.4002985491843478,0.4173643708980644,2.807800959920632,0.6975345263054683,12.877501017434891,,,,,1.6004077102479135,1.2026749590895207,2.232164795684418,1.0418859476990807,6.116948600809135,0.6216736045628255,0.0071928395997936,2.222337572261059,0.002156485706086,2.3906921249871504,0.0023138202896097,1.4313022806092537,0.0064904161139319,5.345505411160156,0.0096873520484376,,0.0,,0.0,0.8672937621640858,0.0387027635710488,1.4741704741664523,0.00552358090242,1.1777715139687592,0.0044155354894541,1.2020960365834852,0.0213186878419282,2.079162440714509,0.0145622127017032,,0.0,,0.0,0.0278409137578591,0.0845227805065544,0.0,re2_tt
rq1_qa,gemma-4-26b-a4b,L1_CONTEXTV,0.1784053778471919,0.1949905097612085,0.3016346711544728,0.1341753200180774,0.1203012591126653,0.1406581143921216,1.6806866573509711,1.4632874039936214,35.48404093320172,0.5130775325813947,0.6804693658657711,1.082590029618125,0.5313283806580137,0.7471868601817563,0.2400742413390904,1.8845407003282573,1.1218514674553213,0.5738061377282989,0.8637214258556395,0.0210001182481622,0.9720733143452452,0.0018059034624329,1.2354015935008615,0.0025624861171573,1.3333962784638156,0.0134033432739976,6.521497982325924,0.0328044517019564,1.1879923712077267,0.012249275813497,,0.0,0.9976479504695616,0.1311873921331817,0.96780852164279,0.0098468035376085,0.8113685560287414,0.0096303479399964,1.060289464613131,0.0596482174644769,1.947757459440524,0.0517362375079003,0.4071190031351647,0.029051646821826,,0.0,0.0838255786172036,0.2911006454049901,1.0,re2_tt
rq1_qa,gemma-4-26b-a4b,L1_PATHV,0.191572180154195,0.3301444311334975,0.406804798660806,0.1519500515174713,0.1806578439961448,0.2546204952776768,4.111572794616473,2.912833939756699,72.46925655540917,0.4740159634016511,0.7818181218775981,0.7427185505120093,0.4289430403222612,1.267098871904372,0.5113744558070833,4.6877088938191,2.0817112517352747,1.102167781558376,1.0,0.0037924452176039,1.0,0.0009148780778438,1.0,0.0007292804911088,1.0,0.0031722455531573,5.388909297161583,0.0223693450871192,0.8145448738165539,0.0249210526232201,,0.0,1.0,0.0565168675195818,1.0,0.0163529747307156,1.0,0.0059564870992471,1.0,0.0298711917641555,0.4856919410811835,0.0202478404888814,0.2268859546260636,0.0904808284426198,,0.0,0.0558992470500533,0.2194261900452015,0.9888888888888888,re2_tt
rq1_qa,gemma-4-26b-a4b,L1_S,,,,,0.1726771905910122,0.1329463375500442,0.6564578451344182,2.480363877720459,15.426870175714468,,,,,0.8956086972615468,0.2790168026810669,1.103868093927764,1.2427872358364211,0.4031828870783884,,,,,,,,,,,,,,,,,,,,,,,,,,,,,0.0896228124812195,0.3813185697567544,0.0,re2_tt
rq1_qa,gemma-4-26b-a4b,L1_T,0.2535575090772447,0.4172937470606844,0.508867826100383,0.2018985143949996,0.2656474397751547,0.3666241589800605,6.222936406995105,,96.5330344704714,0.6907136016329284,1.023707048782243,1.1732626201778238,0.5657118594235082,1.6451836393368062,0.6300484998582013,6.230953836535004,,1.5516695767201591,,,,,,,,,,,,,,,,,,,,,,,,,,,,,0.0,0.0,,re2_tt
rq1_qa,gemma-4-26b-a4b,L1_V,,,,,0.1839579269593478,0.1516131587343672,0.7875248711084628,0.780080418782997,18.537125955971327,,,,,0.69746914600929,0.2579592753958002,1.1206046067028494,0.6381873574765587,0.3429412834636291,0.7974343538280249,0.0284892060093493,0.7819028803591483,0.0023464393278902,1.2306435302996157,0.0036949830963767,1.5390862810922992,0.0216083985829247,6.113022334608258,0.0343918509937542,,0.0,,0.0,0.9989959714864184,0.2179665021914867,0.901451225239025,0.0163540603315674,1.0232214240670303,0.0179713139240023,1.0285914324194627,0.0866188637422345,1.9122070938173577,0.0636407749759826,,0.0,,0.0,0.0905308780102953,0.4025515151652737,1.0,re2_tt
rq1_qa,gemma-4-26b-a4b,L2_CONTEXTV,0.1848304067962882,0.2524952152396477,0.333286963904442,0.1112949792428538,0.1417710435732569,0.1893986825474965,2.567767530743805,2.0451075488738697,51.115813276299406,0.5278010862639739,0.7150170199241432,1.1301621678942335,0.5118006763197883,0.9524136683892884,0.3632223937990598,2.771609537451289,1.419278153232422,0.6393257989682064,0.9026782023996374,0.0111285820849185,1.136056397011211,0.001341340564342,1.140108640406431,0.0013084964247016,1.2381436318575074,0.0073191038281195,6.867948984370512,0.0285455137209638,1.1466393027317372,0.0202106925818764,,0.0,0.9633697309439776,0.0711605283444489,1.3522556378819013,0.0112429998666908,0.8195817920971677,0.0064253703899403,1.0651134696556273,0.0393937065830603,1.2312651349427854,0.0280811198988596,0.3880611693649252,0.0478470806315782,,0.0,0.069853729204922,0.2041508057145784,0.9666666666666668,re2_tt
rq1_qa,gemma-4-26b-a4b,L2_PATHV,0.1838404518924213,0.2714988951947867,0.3520719235846606,0.1264782702033197,0.15617141458264,0.2051059609950339,2.767666188627216,2.232206544022131,55.814060248395336,0.4231792179220029,0.6772881867920403,0.5819391668798262,0.3977647136344135,1.1041246962234106,0.4409753496805318,3.5672394214275536,1.605163886124023,0.7129579679118214,0.9174742539136984,0.009491024865161,1.1193294836652987,0.0014337762386303,1.1572579609777929,0.0017427864145396,1.1349315819863233,0.0071084468848194,6.489930255107027,0.0276329982482432,1.1207007241954183,0.0224698949346493,,0.0,0.9799827308068916,0.0952794760634326,1.165052728775502,0.0134743350509699,1.1812530415681948,0.0141631968646545,0.972016572483274,0.0450564092608145,0.8313234735578144,0.0283891921577898,0.3476686386291815,0.0668847977969602,,0.0,0.0698789275860431,0.2632474071946218,0.9888888888888888,re2_tt
rq1_qa,gemma-4-26b-a4b,L2_S,,,,,0.1761996071554943,0.136255062970037,0.6096522158246752,2.484400581661804,15.807366141280657,,,,,0.879947284935868,0.3023125235112115,0.8928244514554169,1.0766215052005277,0.3465450503591699,,,,,,,,,,,,,,,,,,,,,,,,,,,,,0.0859119320766366,0.389268271127014,0.0,re2_tt
rq1_qa,gemma-4-26b-a4b,L2_T,0.2508771098055469,0.4143536093278089,0.5017242438718638,0.2039568755299877,0.2760524358202842,0.3792002247034625,5.597569009639611,,95.92727925579584,0.643973350055266,1.0064879953352803,1.438353513973888,0.6236083901174941,1.5404542781240564,0.6617941305786679,5.973305865974537,,1.2538980604959655,,,,,,,,,,,,,,,,,,,,,,,,,,,,,0.0,0.0,,re2_tt
rq1_qa,gemma-4-26b-a4b,L2_V,,,,,0.193086403317222,0.156086149202215,0.7325454023316392,0.7942497757739504,18.50184266993164,,,,,0.7186729898450044,0.2874050752648129,1.0739767401511895,0.6409054372912577,0.2842445660537359,0.8025583197287719,0.0280312667889627,0.8028743533025622,0.0023594964825408,1.1969121317316935,0.0035001761122784,1.5267622685745827,0.0209282787987468,5.978565852576483,0.0328127760756834,,0.0,,0.0,0.9514242465938936,0.1987061866960959,0.9548940231385764,0.0165330181644615,1.3758438336804617,0.0233404079998155,1.0501935036955756,0.0856398389805837,1.5497248833413004,0.0497540363257094,,0.0,,0.0,0.0876319942582123,0.3739734881666663,1.0,re2_tt
rq1_qa,gemma-4-26b-a4b,L3_CONTEXTV,0.1918471351078762,0.3213654010004229,0.412905138566418,0.1535331361103389,0.1813624905850087,0.2599034130613518,3.326269779628283,2.866314189523132,73.82920818167878,0.5325948954922757,0.9095646571171624,1.407015661642559,0.6892051599507852,1.1910886265543943,0.5667475964160349,3.6360424062199943,2.0477519928479,0.8242346669449958,1.0,0.003539055087142,1.0,0.0010316346134264,1.0,0.0007680810580771,1.0,0.0021333167636893,5.236403271944912,0.0205962890113703,0.8331085412321994,0.0250209804463737,,0.0,1.0,0.0238926422183266,1.0,0.0115348231631685,1.0,0.0047594329442522,1.0,0.0144745546747658,0.6498348648542965,0.0145456856202465,0.2424255165645155,0.0528817790205755,,0.0,0.0530893569800791,0.1220889176413354,1.0,re2_tt
rq1_qa,gemma-4-26b-a4b,L3_PATHV,0.1758272587714844,0.1890897367261333,0.2937648588593139,0.1382155650870631,0.1227434583710089,0.1443974939884698,1.3594787485571016,1.4221141825939718,35.1897558365034,0.3908245699502496,0.4015822967544455,0.4305671321099403,0.3318973872820858,0.8662151492092489,0.348978923096356,1.787876299508072,1.1072082849846,0.4480347771553551,0.8436497840239768,0.0207703071808012,0.968370284666791,0.0016687040294183,1.1974076576533066,0.0023916429821086,1.3721053370120373,0.0147561302085524,6.254956772422756,0.0313583356140686,1.0549314815335848,0.0104881200376826,,0.0,0.9552331917068368,0.1529204149364106,1.1186586933950668,0.0135634687693259,1.4211868481759855,0.0188946417010003,1.0156489982684953,0.0686607654386593,1.211060234814915,0.0390014568573941,0.5000452926211425,0.031221402003875,,0.0,0.0814332400526318,0.3242621497066655,1.0,re2_tt
rq1_qa,gemma-4-26b-a4b,L3_S,,,,,0.1746480887178996,0.1396108500379241,0.5483177304590545,2.506156450878815,16.023741473255072,,,,,0.784003614355167,0.3069702549568752,0.8168938283629684,1.0950370358463306,0.3520072966155241,,,,,,,,,,,,,,,,,,,,,,,,,,,,,0.0864888484163,0.3979575782535562,0.0,re2_tt
rq1_qa,gemma-4-26b-a4b,L3_T,0.25131735016342,0.4078723763099917,0.501846251512696,0.1995751551954751,0.2597746334248342,0.3627893005369231,4.91769981286013,,95.93122003193436,0.640994833264535,1.0406511718729168,1.4180885810452872,0.7049622650383595,1.4105639198557778,0.703436710778224,5.009378518785374,,1.1538795387649392,,,,,,,,,,,,,,,,,,,,,,,,,,,,,0.0,0.0,,re2_tt
rq1_qa,gemma-4-26b-a4b,L3_V,,,,,0.1854046996565881,0.1554519604257372,0.646111527543961,0.784284053264037,19.07348550649252,,,,,0.6432208129062214,0.2931397552847727,0.9466710232914848,0.6929037805034096,0.2649749021312952,0.7992127971554679,0.0273449763412747,0.8086616240673575,0.0023258202098322,1.2364570826223515,0.0035481495469358,1.5283655542828636,0.0205165142356824,6.540020335085801,0.0352582132354259,,0.0,,0.0,0.953274615004518,0.1989042641999513,1.0656969423048313,0.0185935458344656,1.4211595699137478,0.024537135375784,1.0253352818061712,0.0837361994593146,1.414094868662204,0.0455228591874917,,0.0,,0.0,0.0889936735691511,0.3712940040570073,1.0,re2_tt
rq1_qa,gemma-4-26b-a4b,L4_S,,,,,0.1787411699300506,0.140275518086153,0.5150836328957786,2.5264625398898706,16.120564323575394,,,,,0.7747711813198473,0.3064545511290861,0.6952857747192144,1.056046605066414,0.3505468373268325,,,,,,,,,,,,,,,,,,,,,,,,,,,,,0.086469321339094,0.4129633480711782,0.0,re2_tt
rq1_qa,gemma-4-26b-a4b,L4_T,0.2514469627720161,0.4067117058392099,0.499466474857071,0.2043952372166006,0.2636279048749608,0.3661656253160312,4.512004503951865,,95.36990074084726,0.6393808372827775,1.0748737771790084,1.463963797548587,0.7252242991251457,1.4992425060253898,0.7472600068302541,4.259951559309526,,1.117456434322258,,,,,,,,,,,,,,,,,,,,,,,,,,,,,0.0,0.0,,re2_tt
rq1_qa,gemma-4-26b-a4b,L4_V,,,,,0.1894587991738834,0.1568416346377548,0.609453402113561,0.7985637993926449,18.95856718953707,,,,,0.6924513246074282,0.315602689304474,0.8167195342932451,0.6855111250750139,0.2755725077529777,0.8017093596915617,0.027509386334438,0.8148869602121083,0.0023513321298475,1.2506432224359048,0.0035955942380957,1.5194608226656556,0.0204361109354314,5.966596085844071,0.0321878016785227,,0.0,,0.0,0.948709522089196,0.197167024507858,1.1562805790180006,0.0201402124572461,1.3800001280459055,0.0243020550827461,1.026239202445666,0.0840937515284288,1.378798081206563,0.0442583280357848,,0.0,,0.0,0.0860802253163355,0.3699613716120641,1.0,re2_tt
rq1_qa,qwen3.8-27b,L1_CONTEXTV,0.1499007835014376,0.2911781687949091,0.5286519622136865,0.2502854594572204,0.2907046622244024,0.3186644012727972,6.775239086095156,2.733638049031617,19.78554550813153,0.3980980430799783,0.9649136604450012,1.7457913528671636,0.6406386119879777,0.8994817848774239,1.029436707873621,6.779879266267301,2.582210259514211,1.5754959924194996,0.7180154782091387,0.0064142979733518,1.8731342138782927,0.0015715103724623,2.2142060003060373,0.0019441767244196,1.3223458419634957,0.0054669356078019,6.143040221539732,0.0125894308195553,0.7671572170150514,0.0038522581492354,,0.0,0.8405704355349674,0.0212454986418354,1.73628369258324,0.0034637914065828,1.6452804530538765,0.0036665912550457,1.1302890856883288,0.0119738976642813,1.7421314272807296,0.0090171503001086,1.051339662800345,0.0110157691132657,,0.0,0.0318386096468267,0.0603826983811198,0.0,re2_tt
rq1_qa,qwen3.8-27b,L1_PATHV,0.143016563064402,0.3862920340862103,0.6882201454471513,0.2902372140696666,0.4265722194275279,0.4390247969397923,11.930592906902197,5.174680374239431,42.383285769494414,0.3368080118586232,1.1928743970258642,1.93228902151788,0.796805518358124,1.5391174138233965,1.611643707980005,14.487775135162169,3.5114865267605198,2.7677405554159478,1.0,0.0018593180204825,1.0,0.0008463098343244,1.0,0.0006102334087851,1.0,0.0018609996886623,5.151971864618481,0.0144511792015793,0.3421882311574775,0.0089987936397791,,0.0,1.0,0.0050883102106075,1.0,0.0012758926150809,1.0,0.0006330121641046,1.0,0.0026401391034877,1.1540545332143617,0.0051252232469731,0.4440944658981184,0.0170582416983578,,0.0,0.028626833793613,0.0318208190386118,0.0,re2_tt
rq1_qa,qwen3.8-27b,L1_S,,,,,2.1094596632032445,1.4133311372555335,18.503396956457763,11.726667569156469,28.13000149461232,,,,,4.150889571279368,4.1693026834429245,20.995322078519905,7.97536777514756,2.837129870115895,,,,,,,,,,,,,,,,,,,,,,,,,,,,,0.06199705700869,0.0731771367284054,0.0,re2_tt
rq1_qa,qwen3.8-27b,L1_T,0.2671655374810458,0.5017878538232833,0.9182146947425536,0.3719664130110131,0.5064285566889952,0.4911779428534461,14.067751743114036,,66.75495665659689,0.4348079939636661,1.3401084665830836,2.4815868533562693,0.8306481532738114,1.4053273781340114,1.5519981315002216,15.537271021608165,,3.223437934402697,,,,,,,,,,,,,,,,,,,,,,,,,,,,,0.0,0.0,,re2_tt
rq1_qa,qwen3.8-27b,L1_V,,,,,0.465625095139174,0.3385818726179861,4.565153529435978,1.625252117198895,11.087545500980816,,,,,1.1879688856860002,1.1024644803072416,4.5354722085152215,1.8204611771563672,1.011899957108532,0.7015789336941683,0.00923721805161,1.7839270393071192,0.0019678554150046,2.321614419103395,0.0025579014937671,1.3360521958313272,0.0069023547358507,5.226442056451207,0.010784647265733,,0.0,,0.0,0.7910638009154196,0.0209426846866085,1.453914951598319,0.0032441396923028,1.73483484264067,0.0038767907371394,1.284362761751604,0.0135427741515926,1.6679229410595582,0.0069134040418359,,0.0,,0.0,0.0314499769619657,0.0485197933094793,0.0,re2_tt
rq1_qa,qwen3.8-27b,L2_CONTEXTV,0.143123611420965,0.3621915035342354,0.5750832977470054,0.2089535356939414,0.3643724817160439,0.369003950305795,7.579684234135721,3.836821638418141,30.503865914178984,0.3787025428393685,1.1079640955943226,2.058148178858544,0.6667512872707029,1.0501589488091272,1.228976918806152,8.966691796574787,2.771782251999727,1.865389772502652,0.8086839076329979,0.0041285799492376,1.8032419370366537,0.0011708308543943,1.6821284382313235,0.0011646899122231,1.2601807361653288,0.0037020553248192,6.6112625693433404,0.0136175603541773,0.5374754103177976,0.0068548546656404,,0.0,0.8803145430936714,0.01191510812418,1.8674021195168555,0.0024329524361814,1.696851303225299,0.0017167963458401,1.028076287464339,0.0055413989055377,1.6377936857885635,0.0068634540674787,0.8170496711114293,0.0160923364091174,,0.0,0.0306385710604922,0.0445620462883356,0.0,re2_tt
rq1_qa,qwen3.8-27b,L2_PATHV,0.1403504414843067,0.3659760752454849,0.6010301489106074,0.2485873152690912,0.3920399669348552,0.3974637358082671,8.347140455127558,4.103049837203489,33.42034152881144,0.3506332053256943,1.092608327371034,1.6273705303572998,0.6731963222371642,1.3192337646842989,1.446020389614174,10.48993584108911,2.8677883942119933,1.8667744739250525,0.8139897488224476,0.0034739700440081,1.7451379211609788,0.0012170150772136,1.7107919268917289,0.0014676664179755,1.1132029299914832,0.0037502457621749,6.205166742816635,0.0136503678850691,0.5587032246127288,0.0079073659494258,,0.0,0.9004870239069694,0.0110637878491472,1.7065140067101003,0.0023517532743013,1.5302678799287217,0.0021270424740603,0.963205353534682,0.0058102725550989,1.5339397775276398,0.007044816214866,0.8036900698447212,0.0182211321056344,,0.0,0.0314666311358672,0.0466188044731085,0.0,re2_tt
rq1_qa,qwen3.8-27b,L2_S,,,,,2.060092556295468,1.3993397222910664,15.71115957935008,11.704796470243386,25.604159663972137,,,,,3.9040367444828266,3.996423568075984,18.458173849109883,7.478993287962243,5.070601948731698,,,,,,,,,,,,,,,,,,,,,,,,,,,,,0.062613250340413,0.0760889135147207,0.0,re2_tt
rq1_qa,qwen3.8-27b,L2_T,0.2652071932566835,0.5036438788338243,0.9257957236577852,0.3650359605168887,0.5522548383146908,0.4930472268346825,11.870561103828926,,67.60711369929098,0.4318628736380543,1.2695741765084902,2.689228156635596,0.8532761691038344,1.2383265834333614,1.494014289930693,13.849859236395424,,2.714761695276573,,,,,,,,,,,,,,,,,,,,,,,,,,,,,0.0,0.0,,re2_tt
rq1_qa,qwen3.8-27b,L2_V,,,,,0.4695228580886272,0.3391783698061348,3.844694626313464,1.6592366273310808,10.790529743316934,,,,,1.1228356791920644,1.0940330223386532,4.222111057564794,1.6863410797829317,1.0716257861141076,0.6779431660829529,0.0085335617192026,1.8559754616126003,0.0019619234980162,2.3475661862505097,0.0024846775985197,1.374323287852638,0.006799162412303,5.846512740766046,0.0115022072112037,,0.0,,0.0,0.7854426389155444,0.0262520890490425,1.5837991975009098,0.0044495525737058,1.8958208703605888,0.0053058893994114,1.239151951109075,0.0164175160778057,1.821399250391478,0.0095367914217117,,0.0,,0.0,0.0312815324392454,0.0619618385216774,0.0,re2_tt
rq1_qa,qwen3.8-27b,L3_CONTEXTV,0.1418222104796607,0.3915721889876532,0.6991781777465373,0.2925602529930606,0.4327607980873736,0.4111538605897328,8.786552094357619,5.22013782917179,43.44350267484385,0.3711790027181155,1.2102472762383043,2.552660163421928,0.8308635874731549,1.283643603800534,1.4416517810476706,11.197400548667966,3.070989990739152,2.0591883158713165,1.0,0.0019449062983832,1.0,0.0010302609848882,1.0,0.000664154273308,1.0,0.0013533463403877,4.846769123833838,0.014487037075557,0.3152360475000774,0.0092149822541065,,0.0,1.0,0.0058765154530396,1.0,0.0013694833565184,1.0,0.0006417310358316,1.0,0.0016640532047118,1.0144013148042428,0.0048935927964271,0.4650146862894092,0.0179820595637702,,0.0,0.0286946872266308,0.0324274354102989,0.0,re2_tt
rq1_qa,qwen3.8-27b,L3_PATHV,0.1458265675945143,0.3051178171236925,0.5040036779882944,0.2518946310411703,0.2887040053419343,0.3000361298860917,5.021769506013686,2.706806653608166,20.64356469085822,0.3648926476648733,0.7971562891267326,1.2436302004355648,0.5987033669762571,1.0057014778571722,1.068893436420495,5.854923810237708,2.4176356520423705,1.6254059784895996,0.7172326542275392,0.0058844911990431,1.8705558723382207,0.0013479357737356,2.115625500358426,0.0017553002908445,1.3397756025389762,0.0055773638332517,6.577895085722386,0.0123703087435391,0.7665930577113115,0.003550952075566,,0.0,0.8195935242162247,0.0192885380099019,1.721672098579822,0.0031187440513404,1.8206523528199043,0.00364137563253,1.159982400895064,0.0118156450730868,1.5792711309428429,0.0076960091723964,1.144413332964451,0.0102852898072995,,0.0,0.0304863519159803,0.0558456017465553,0.0,re2_tt
rq1_qa,qwen3.8-27b,L3_S,,,,,1.9412125368961235,1.2862752839435458,13.614962924484308,12.247251506184542,29.447114838438047,,,,,3.5008229061187497,3.6296699612777696,15.969009147915996,9.953916412570466,5.06326889270749,,,,,,,,,,,,,,,,,,,,,,,,,,,,,0.0606910163744252,0.0796945496310699,0.0,re2_tt
rq1_qa,qwen3.8-27b,L3_T,0.2637166580183949,0.5058114337534753,0.9187872950914896,0.3678172380988994,0.5063199334815197,0.4690986823505234,10.447735887486642,,66.86076104831824,0.4333456104626689,1.2327646424156475,2.7110747643041604,0.8622786953717145,1.2581766688823304,1.420676406043036,12.206660442000905,,2.442038527738207,,,,,,,,,,,,,,,,,,,,,,,,,,,,,0.0,0.0,,re2_tt
rq1_qa,qwen3.8-27b,L3_V,,,,,0.4555354286792331,0.3240971302126687,3.4246331019792,1.6847531447346464,11.487968165014513,,,,,1.0873236886637985,1.05673218095458,3.859416327057327,1.6752572069794966,1.2196806874129718,0.6837648796295969,0.0085443227808436,1.7739529346816751,0.0018616280219184,2.283424286686997,0.0023913022839452,1.38996353632904,0.006822274241114,6.1648871452822,0.0120355064875943,,0.0,,0.0,0.779780648135088,0.0261279499127118,1.6730347736732805,0.0047141249246041,1.9216133503516024,0.0053978895174209,1.2312985984387417,0.0163442050868912,1.6264984093689463,0.0085607585783407,,0.0,,0.0,0.0316550338154156,0.0611449280199688,0.0,re2_tt
rq1_qa,qwen3.8-27b,L4_S,,,,,2.0479108284195706,1.2271477650913782,12.017002060428045,12.532597471068955,28.32974281619071,,,,,3.508611523777657,3.922805161845949,13.589641840133936,11.05990701444357,3.99082689248948,,,,,,,,,,,,,,,,,,,,,,,,,,,,,0.0612701844190231,0.0831769099018621,0.0,re2_tt
rq1_qa,qwen3.8-27b,L4_T,0.2635675219762913,0.5076512232932889,0.9169528993856724,0.3668624736639127,0.5481448200779039,0.4548745185138298,9.228717477629706,,67.59892380013797,0.4366145292576054,1.2398611464253917,2.719445823886948,0.8769184567293165,1.254113653235927,1.595395602686872,10.64755970155181,,2.375886695052488,,,,,,,,,,,,,,,,,,,,,,,,,,,,,0.0,0.0,,re2_tt
rq1_qa,qwen3.8-27b,L4_V,,,,,0.4816524334487638,0.314690456950868,3.047870465444197,1.696854985965832,11.825278815130178,,,,,1.0903454384468945,1.1591085753255774,3.378863070102492,1.689654399510081,1.11941755169824,0.6866967308370923,0.008266491808192,1.7400088830927716,0.0017561595559224,2.31398680033745,0.0023312603857295,1.3856631079149446,0.0065463965696518,6.218641333501039,0.0117309805368164,,0.0,,0.0,0.7759045905288011,0.0258228485314093,1.6981696206066068,0.0047816893463153,1.860258184441868,0.0052182363081411,1.2461351438506367,0.0165238389013432,1.5297078427229032,0.0079904734502321,,0.0,,0.0,0.0306312888563123,0.0603370865374412,0.0,re2_tt
rq1_rca,gemma-4-26b-a4b,C,0.2101046797732914,0.3281498409439736,0.4072889802710446,0.1967346778060468,0.3327842713286542,0.5536567285405608,7.653672122392999,,20.22552285355668,0.5278140642251387,1.5111501557303648,0.6429318979644191,1.1097605942885953,3.441104355470265,0.9280241406161768,2.6710530242393213,,5.114784187479497,,,,,,,,,,,,,,,,,,,,,,,,,,,,,0.0,0.0,,re2_tt
rq1_rca,gemma-4-26b-a4b,H,0.1975066121229834,0.3558365237131857,0.4283973601683238,0.1721641362793145,0.2037059911172659,0.3455387623193763,7.606398576881985,1.426385169046709,20.098228197597933,0.4376896631128124,1.5132097064684713,0.7267373203803935,1.0061720735204396,2.432421031164849,0.6791550929097252,2.822779162825943,1.384922714575031,5.360869175143867,0.7942100034795163,0.0163034807848568,0.8762948501975159,0.0015125468105354,1.3424342847629982,0.0023103917555706,1.5021964607983185,0.0121022708596404,5.536395330355698,0.0178521669590278,,0.0,,0.0,0.861941232920306,0.0598221804892201,1.88396055577284,0.0113021658790096,1.386944001089125,0.0081103039163773,1.0897688534621257,0.0301117955290664,3.1667200059337564,0.0338776496021346,,0.0,,0.0,0.0500808571696312,0.1432240954158083,0.9555555555555556,re2_tt
rq1_rca,gemma-4-26b-a4b,LV,0.1933510328270021,0.364445063585677,,0.1649530557030683,0.2180974258070144,0.3626369877954324,7.541110359888512,1.423766452261409,20.032949113409416,0.4764079279527963,1.7444741713499947,,1.1593839438464484,2.754657437450335,0.7703937848710214,2.934584361973953,1.4998056189658788,5.559612940515573,,0.0,,0.0,1.0,0.0028612321086792,,0.0,2.70835557011667,0.0143098345742359,0.5560282930688353,0.0279163459687245,,0.0,,0.0,,0.0,1.0,0.0133699169477438,,0.0,0.28474948953245,0.0066986911424606,0.1971743639288628,0.0441680229380885,,0.0,0.0450874126516396,0.0642366310282931,0.9,re2_tt
rq1_rca,gemma-4-26b-a4b,MV,,0.2578769071885718,0.2249920799085497,0.0851650716744908,0.0928380396872682,0.1577264354976702,3.011620715972328,0.6322861264722782,7.821422817871538,,1.4094961476087149,0.4048435896583691,0.5345731625332073,1.2562165312965954,0.3361189419838369,1.2608784738629166,0.6711463897429456,2.3168339629394668,1.0,0.0140908133169418,,0.0,,0.0,,0.0,8.622123231184663,0.018967043500833,1.7012889003309684,0.0134358375664592,,0.0,1.0,0.0670314090856772,,0.0,,0.0,,0.0,4.430542429313003,0.0446531302185709,0.5292133215890011,0.0191056199785045,,0.0,0.0464936943842341,0.1307901592827527,1.0,re2_tt
rq1_rca,gemma-4-26b-a4b,S,,,,,0.1284781969647603,0.1273136554291602,1.4568594947436184,0.7559859231793881,4.126161938175409,,,,,1.2674675522241985,0.3786235004815653,0.8362798346986406,0.5768938286612586,1.432783168632406,,,,,,,,,,,,,,,,,,,,,,,,,,,,,0.0669394315288425,0.2748851077039982,0.0,re2_tt
rq1_rca,gemma-4-26b-a4b,T,0.214912958699389,0.3923497747453852,0.4729484438345807,0.1899276089932416,0.2241596969440189,0.3760716598102989,7.746145073372265,,20.336055959294736,0.5407724109856273,1.5845872738250597,0.8517215705953164,1.0691066878304365,2.5894432939052145,0.7610428779077244,3.078907529202677,,5.722044450243117,,,,,,,,,,,,,,,,,,,,,,,,,,,,,0.0,0.0,,re2_tt
rq1_rca,gemma-4-26b-a4b,TCV,0.1937969304812071,,0.5478817980745816,0.1983889949652081,0.1935988512765456,0.3396830722770625,7.43841658486839,1.4221171470795444,19.580846165866475,0.4653884179500272,,1.1474817923966725,1.373647880345152,2.3275792747081585,0.6786268824107702,2.7368992860708805,1.3865524100067417,5.1724655649349005,,0.0,1.0,0.0024642555250751,,0.0,,0.0,2.921299016657097,0.0133421228327684,0.5259903771386718,0.0227709513184576,,0.0,,0.0,1.0,0.0305546674502934,,0.0,,0.0,0.1371599176663952,0.0061071682649431,0.1854377505599111,0.0844432260066458,,0.0,0.0385773296763011,0.1211050617218824,0.8777777777777778,re2_tt
rq1_rca,gemma-4-26b-a4b,TPV,0.1923151018403406,0.3338817777596112,0.4234167493320475,,0.1715645192724126,0.2903306433533215,7.095961230801532,1.3872791061253646,18.03945236040196,0.5017449096843428,1.824342786921928,0.8517875930891686,,1.845837898304846,0.4651673438869861,2.9593315834160125,1.4351203420587548,5.02221229694665,,0.0,,0.0,,0.0,1.0,0.0097336699378647,6.010302759313512,0.0228232905540125,0.5852402815791289,0.0165736358095023,,0.0,,0.0,,0.0,,0.0,1.0,0.0543371536997806,0.529012984505449,0.0106730906121113,0.2626928249357308,0.0394133224389424,,0.0,0.0491305963013796,0.1044235667508344,0.9666666666666668,re2_tt
rq1_rca,gemma-4-26b-a4b,V,,,,,0.1524466233988791,0.1519652632123148,1.7298482178199732,0.3868593836763852,4.408298358820544,,,,,1.5678876668971578,0.3815317067838416,0.8207087785917865,0.4470144930286625,1.3614452019261507,0.798672060499886,0.0231884132094968,0.8462437522530896,0.0020641478170921,1.289835600038404,0.0031418980522496,1.5058258182901398,0.0171716413590252,5.742562166097537,0.0261886243406237,,0.0,,0.0,0.8359625591914773,0.1181379607201182,1.988059759794069,0.0246623965423055,1.180333817844821,0.013888399025171,1.168150393739668,0.0650981967531653,2.743350741346809,0.0581907475776096,,0.0,,0.0,0.0717547247784877,0.2799777006183698,1.0,re2_tt
rq1_rca,gemma-4-26b-a4b,V_LG,0.1876181207049039,0.3471927713442413,,,0.1932385085450511,0.281013086868253,6.913279648452963,1.355977107329359,17.67675795041291,0.4678768312919872,1.947015713709888,,,2.512554672458054,0.4985775334542898,2.7282456744339263,1.3946477469639862,4.820265035696522,,0.0,,0.0,1.192382449063222,0.0027846324103416,0.9630405113651344,0.0107011851093822,5.342397101834434,0.0233397571282702,0.7458528589260087,0.0224926558056471,,0.0,,0.0,,0.0,1.2190453805965566,0.0131090490117833,0.953461073588942,0.0500357262501882,0.5240947695859418,0.0102531922798487,0.3996613026276066,0.0538183502042071,,0.0,0.0593182304536412,0.1272163177460274,1.0,re2_tt
rq1_rca,gemma-4-26b-a4b,V_MG,,0.1958789910664459,0.1754109444613227,,0.0738397979353405,0.1103323111504778,2.385777713401788,0.5185174486474712,6.171065272429305,,1.2524382934102385,0.388457336746384,,0.883076721462791,0.2024232671880789,1.1143370252036409,0.5747536930093045,1.7842945867913484,0.8158426673828261,0.0197102522339044,,0.0,,0.0,1.4852555287189295,0.0141388051480346,5.692112256616931,0.0215372791768892,1.0532348707527706,0.0042164422555759,,0.0,0.8639864160926343,0.0830083103085947,,0.0,,0.0,1.3544768255746065,0.0520789631765459,3.4998379273120857,0.0515746081692776,0.3846588434118347,0.0060595466376753,,0.0,0.0596027788144043,0.1927214282920936,1.0,re2_tt
rq1_rca,gemma-4-26b-a4b,V_ML,,0.2447575882437799,,0.0781500835316943,0.0882283833610557,0.1407034788319395,2.8036431061922493,0.5872056197583547,7.395570852360902,,1.2525504386442885,,0.4752434847290813,1.068105142980685,0.2966677774011114,1.241474554724134,0.6428118024788332,2.272166332301889,0.9449595500685553,0.0186509273595702,,0.0,1.6558223624156585,0.002737464027493,,0.0,6.63387442916929,0.0204832714438805,1.5651975237756963,0.0146641224244679,,0.0,0.9385686134657042,0.0777966477663094,,0.0,1.731972160357916,0.0121015805776294,,0.0,3.700663041329782,0.0469413006858671,0.56184597382677,0.0218393373833946,,0.0,0.0565357852554118,0.1586788664132007,1.0,re2_tt
rq1_rca,gemma-4-26b-a4b,V_MLG,,0.1917835698063439,,,0.0907141996323481,0.10567642394882,2.171743719303094,0.4765252075002146,5.708308708282434,,1.0898212580919733,,,1.1387243546620227,0.2107245423758133,1.02034701702388,0.5276580454579863,1.613629116015193,0.819217489051487,0.0229832221215426,,0.0,1.2232474497554229,0.002873237559747,1.427321142160547,0.0157492981253099,4.808244919880711,0.0211230678344806,0.9045809116516716,0.0021215001190048,,0.0,0.896010964139271,0.0892342155539667,,0.0,1.2421931315981185,0.0103313574276994,1.2177442180611768,0.048736729676994,3.258171295681978,0.0502463068316868,0.7537536713920421,0.0060984446793657,,0.0,0.064850325760085,0.2046470541697128,0.9777777777777776,re2_tt
rq1_rca,gemma-4-26b-a4b,V_MR,,,0.3760658083191607,0.0933923083025536,0.0808200356145011,0.1286736300345279,2.6308390081991724,0.5539142274686025,7.0364894410244565,,,0.7678370831799717,0.7461082083025428,1.1511349097817447,0.3102220274565616,1.1692152738478716,0.610277884898453,2.14478583764854,0.9585324679558598,0.0174791371308302,1.4940972477988093,0.0022877441095153,,0.0,,0.0,6.968165288991468,0.019853613522415,1.9187602077727504,0.0166022339695079,,0.0,0.8515621074856868,0.0890793800146222,2.768679025371168,0.0262356724110851,,0.0,,0.0,2.9432214633842078,0.0465900997458759,0.5350746373350125,0.026037070339566,,0.0,0.0562227287322684,0.1879422225111492,1.0,re2_tt
rq1_rca,gemma-4-26b-a4b,V_MRG,,,0.2962587703008683,,0.0900637398214097,0.1021799018849665,1.9606721242463352,0.4478288628970907,4.97437751956412,,,0.8824251339981772,,1.2669359837517282,0.2614119070633093,0.9295753804198096,0.5195984312516008,1.484979921440454,0.7996462339398578,0.0214168779366049,0.9493644174136836,0.0021422891570662,,0.0,1.542965091353547,0.0162413332443612,5.264882247316094,0.0221321297577524,1.3654663572553096,0.0030437879485638,,0.0,0.8137952457690728,0.1077121278041278,2.082392210372437,0.0241120076941825,,0.0,1.2385036160210838,0.0646467544662902,2.796973051291196,0.0558233485835087,0.5402955634230744,0.0058571909147688,,0.0,0.0649764180443488,0.2581514294628783,0.9888888888888888,re2_tt
rq1_rca,gemma-4-26b-a4b,V_MRL,,,,0.1276052002091084,0.0870230622188259,0.1209558627403265,2.433736420800142,0.5110266774422472,6.594133738429524,,,,0.8275083860285963,1.0500541931408678,0.2596672236615311,1.1345889166451224,0.5752623521265553,2.007069908885279,0.9393100837151585,0.0214926810775325,1.1391152672757534,0.0021889441660924,1.5840220675808498,0.0030366076504827,,0.0,6.232640608936264,0.0223219016286716,1.6600762186150333,0.0148166538891214,,0.0,0.8769104654126829,0.0968723673836738,2.100712296076109,0.0204998579197502,1.365933951588007,0.0125360363961076,,0.0,2.9391098292034,0.0488194131862428,0.5255806653098499,0.0222950827393283,,0.0,0.0638567884119008,0.2010227576251029,0.9888888888888888,re2_tt
rq1_rca,gemma-4-26b-a4b,V_RG,0.1864341735694107,,0.5169935907972677,,0.1996866043073569,0.3043213720221823,6.717828985797226,1.33562401521876,16.486451260503937,0.5023978909409337,,1.2080490317116093,,2.017348880584513,0.5255647471138912,2.653128438281321,1.3454551143606857,4.397289921260528,,0.0,0.9278854902353668,0.0021689712629178,,0.0,1.0184089294013603,0.0112645068106305,5.206774186368918,0.0224952122226589,0.6513085540633933,0.019473164503499,,0.0,,0.0,1.930007534082312,0.0282524446550358,,0.0,0.7993722744712563,0.0526109539070306,0.4043418180487311,0.01004758644823,0.4487308260099765,0.0789331603681396,,0.0,0.0554018547997063,0.1698441453784362,1.0,re2_tt
rq1_rca,gemma-4-26b-a4b,V_RL,0.1899508070901922,,,0.190084190128812,0.1995420538924923,0.3393622251327594,7.215103389958215,1.38543161351219,19.08610821277569,0.4532359075203598,,,1.421369908809616,2.5166583694161164,0.7221879310350281,2.698384611967419,1.3835253948379056,5.112474004984409,,0.0,0.945341449837833,0.0029437936328555,1.054658550162167,0.0032755063884613,,0.0,2.806942354683133,0.0161919193508448,0.5924572939066195,0.0305623636454343,,0.0,,0.0,1.328685940158948,0.0324290033590983,0.6713140598410523,0.0130310340051597,,0.0,0.2049895306189819,0.0070569480794143,0.2493987814740023,0.0789136232176523,,0.0,0.0529735830175961,0.1314306086613247,0.9555555555555556,re2_tt
rq1_rca,gemma-4-26b-a4b,V_RLG,0.179682425995614,,,,0.2115534877735486,0.3274691483341085,6.611791213179731,1.3021108955071958,16.751380942142937,0.4743997453915859,,,,2.568568554692316,0.6344551613065251,2.7156435415168723,1.3513338435482174,4.526850021804332,,0.0,0.9103994133502104,0.0023477691707861,1.2454177932913328,0.0031955902524385,0.9738988345295132,0.0118862343470242,4.698231812383225,0.0225849516450779,0.7488095699822146,0.022959028325797,,0.0,,0.0,1.744667200865112,0.0270208288263854,1.2151102680603831,0.0176252972523827,0.7834739434466016,0.0530480438616275,0.4016539163010308,0.0102443518932708,0.4384810416909188,0.0716487974930301,,0.0,0.0629735737411238,0.1795873193266967,1.0,re2_tt
rq1_rca,qwen3.8-27b,C,0.1542255190050714,0.517456687531915,0.7383892214738785,0.3592093147345452,0.6292154912655084,0.9166692316306322,8.519486496887879,,47.34156380803264,0.358947389271233,1.5586321480470664,2.1351635759096643,1.3075239235883014,2.747764319953032,1.787338752246484,4.872511930763093,,13.663613595326584,,,,,,,,,,,,,,,,,,,,,,,,,,,,,0.0,0.0,,re2_tt
rq1_rca,qwen3.8-27b,H,0.1278742448239216,0.4229940311014756,0.7357119601902302,0.3560939759356199,0.4928875662388848,0.7100927228956461,9.223413450397745,1.9500022395162269,50.32710586488391,0.3533176492012573,1.5536309165847424,2.3007845564801577,1.3399069820261522,2.6292313043778326,1.7311786806038345,5.607731693218978,1.822114517774623,15.801334120702904,0.6575856126231451,0.0054836181662496,1.8644375267363265,0.0013037612793022,2.200977644033248,0.0015332833470579,1.4587644777291138,0.0047596598732293,6.037132686017885,0.0078320167126452,,0.0,,0.0,0.7244127940742341,0.0148123516154251,2.274346835639239,0.0039458894458171,1.8933015036515068,0.0032295291938551,1.239728755969932,0.0100144334478711,1.813462041381417,0.0057542101261912,,0.0,,0.0,0.0209123393784844,0.0377564138291598,0.0,re2_tt
rq1_rca,qwen3.8-27b,LV,0.1354244143060721,0.4149277167207712,,0.3506446728948236,0.5115591652821804,0.7245405203126364,8.988020201852246,1.969338731668333,47.7814936661846,0.3946834065318647,1.8365107992750769,,1.2723871048081334,2.63855364935024,1.7400669692298585,5.609222607967498,1.8809271776595728,16.13311991631609,,0.0,,0.0,1.0,0.0022873206135284,,0.0,2.6200976286582818,0.0109649561504669,0.3031476629786155,0.0121102330289266,,0.0,,0.0,,0.0,1.0,0.0030645294233076,,0.0,0.9219585753695362,0.0047060005438572,0.4772128730140716,0.0234306078230802,,0.0,0.025362509792922,0.031201137790245,0.0,re2_tt
rq1_rca,qwen3.8-27b,MV,,0.3051510672824087,0.3276466764194496,0.1555380615804209,0.2021215468013155,0.3049189358937823,4.098664438275759,0.9352044721189626,20.77920356477523,,0.9023579650630305,0.9435691770094669,0.5833005020817879,1.0818699496633184,0.757587955916938,3.282448636660871,1.2770641283926232,7.35466311378174,1.0,0.0064071522640666,,0.0,,0.0,,0.0,10.616502940397886,0.0105466961348021,0.5117316382392721,0.0018235166367608,,0.0,1.0,0.0243016240398638,,0.0,,0.0,,0.0,2.3038271305188616,0.008710864795335,0.5556882699977955,0.0075393937684773,,0.0,0.0187773650356296,0.0405518826036762,0.0,re2_tt
rq1_rca,qwen3.8-27b,S,,,,,1.9494046857725351,1.6342490598195405,7.699646415925391,2.881676374705686,33.7931993184199,,,,,5.518245518488868,4.559114375861523,6.262820627970353,3.387807187825256,15.783861296856326,,,,,,,,,,,,,,,,,,,,,,,,,,,,,0.0631556347200846,0.1016405920129705,0.0,re2_tt
rq1_rca,qwen3.8-27b,T,0.1346979264406522,0.4254808800792656,0.7762621662049219,0.3332278625520998,0.4469527857926899,0.6220855988560843,8.802799341447358,,49.62504767483363,0.337354088188094,1.405779144670307,2.152762636582529,1.1839928846181225,2.374356377558816,1.3609654589682811,5.801002980794144,,17.23040063583524,,,,,,,,,,,,,,,,,,,,,,,,,,,,,0.0,0.0,,re2_tt
rq1_rca,qwen3.8-27b,TCV,0.132467469941964,,0.8934953080598053,0.375877585136105,0.5035002521041478,0.6979842425880953,8.814024671954467,1.9527034734000817,46.63284583170397,0.3898709443647627,,2.821122034095054,1.4255022870880898,2.5579569284963384,1.694569086158249,5.491714842406311,1.8530510499346968,14.944233683919371,,0.0,1.0,0.002374142555437,,0.0,,0.0,2.838815832394531,0.0123217324782745,0.2110140245580944,0.0087524093472971,,0.0,,0.0,1.0,0.0049917583022757,,0.0,,0.0,0.6541923286194945,0.0056243831539015,0.2590780749954728,0.0213370953134404,,0.0,0.0234482843810087,0.0319532367696177,0.0,re2_tt
rq1_rca,qwen3.8-27b,TPV,0.1279930784083604,0.4472982299171014,0.7302546324212944,,0.5821957211593269,0.7930564133118343,8.716065745597476,1.9242307292735652,46.751086549114056,0.3679542843814825,1.7349966976490585,2.33842069053872,,2.843361708515629,2.2176357215918143,5.626828682985929,1.9188048470393475,15.295702299591564,,0.0,,0.0,,0.0,1.0,0.0060793704391224,3.7790732429124456,0.0089156147362151,0.3834287244781771,0.0067421431993047,,0.0,,0.0,,0.0,,0.0,1.0,0.0105932195583431,1.3336404367335486,0.0055145738850737,0.4189014241081227,0.0126641267334442,,0.0,0.0217371283746423,0.0287719201768612,0.0,re2_tt
rq1_rca,qwen3.8-27b,V,,,,,0.3997246187144453,0.4176108231582882,2.806862369429572,0.6979294538343445,12.867941568389316,,,,,1.6188253711205982,1.190172713664291,2.2397245336979736,1.0392995235086242,6.131208272236862,0.6217613909296595,0.0071870006778958,2.223123625103057,0.002154974168604,2.390056633960337,0.0023111692924188,1.4309398096366983,0.0064831388169141,5.344766241610346,0.0096770577512813,,0.0,,0.0,0.8691211266138488,0.0383569330121863,1.4682714626247193,0.0054483808592939,1.1570949867076978,0.0042931282020624,1.2037719153106856,0.021132976082453,2.0755069867073463,0.0143805497346253,,0.0,,0.0,0.0278133407071143,0.0836119678906211,0.0,re2_tt
rq1_rca,qwen3.8-27b,V_LG,0.134952546315728,0.4652492374392238,,,0.5481153400554523,0.7891485883261312,8.590233789510858,1.9071826295719951,46.048320421182034,0.3825533517838771,2.137480185602518,,,2.6085766683885314,2.132778765507316,5.487853056070851,2.029158892248784,15.886051486474456,,0.0,,0.0,1.392053368441916,0.0022029341233448,0.9215690419386242,0.0069353437270087,3.2077250407885414,0.0094815365334709,0.4548119303129883,0.0092798200866339,,0.0,,0.0,,0.0,1.4039863139757334,0.0038703830056737,0.9155113461207284,0.0123201139166109,1.1170500762450757,0.0059103728535904,0.564154912542008,0.0201014948914097,,0.0,0.0278996344704584,0.0422023646672849,0.0,re2_tt
rq1_rca,qwen3.8-27b,V_MG,,0.2736526559675362,0.29748162037337,,0.2114202385338621,0.3317751957127451,3.4141040110834573,0.7456107778034051,17.29649558877767,,0.995819351545217,0.9130252622788912,,1.192402564738388,0.9113916032774472,2.484420329918468,1.2090496209803248,6.175625270797729,0.7388982365458173,0.0052788387527157,,0.0,,0.0,1.6937125185010458,0.0047307133120565,9.03463890856994,0.010076850843733,0.4607241799267352,0.0005488035963014,,0.0,0.8597849042959079,0.0249037889516532,,0.0,,0.0,1.3521618056648317,0.0154238491418755,2.427531884647281,0.0110454434938453,0.4950520228217372,0.0023432166123387,,0.0,0.0206352065048067,0.0537162981997129,0.0,re2_tt
rq1_rca,qwen3.8-27b,V_ML,,0.3007719210348215,,0.1521577569093418,0.2002292953088095,0.3091003882805062,3.9310103735350297,0.8722584015263981,19.925509687055765,,1.0619211802150803,,0.555139657806667,1.064288878367882,0.7562499193307889,3.2323973105930963,1.0808012987262778,8.434322727596147,0.8294591659662619,0.0060769956159486,,0.0,3.0320417584458306,0.0018622926583927,,0.0,7.43939756710738,0.0084836821621974,1.0075157854482055,0.0034979066267641,,0.0,0.913878852884218,0.0227202865657888,,0.0,2.0261575664037443,0.0042096889967929,,0.0,2.262230499379198,0.0087593012568889,1.1256838394190782,0.0130911018176367,,0.0,0.019920877063303,0.0487803786371074,0.0,re2_tt
rq1_rca,qwen3.8-27b,V_MLG,,0.2871522662097022,,,0.2064407585894252,0.3270860027638466,3.2065581777437595,0.737635078927756,15.845077978386628,,1.1777199000055891,,,1.133178054154585,0.8563773452733532,2.619811105768452,0.9329931319872152,7.036172600279703,0.6919315606208228,0.0054751971142894,,0.0,2.3378635422912755,0.0015504254269621,1.5249751763752657,0.0047291515453996,6.67053408723721,0.0082563056426409,0.8330784260412749,0.0005536762836028,,0.0,0.7105148714709142,0.0211232864888226,,0.0,2.437517249940007,0.0061246692165738,1.4378294135945269,0.0169339033281403,1.9269682907779992,0.0089439596528733,1.1426637879740336,0.002839196089881,,0.0,0.0205647560128951,0.0559650147762912,0.0,re2_tt
rq1_rca,qwen3.8-27b,V_MR,,,0.5189779795861578,0.1624769837227591,0.1881121026821466,0.3031748678026029,3.704024490114831,0.8144140962787169,19.412942054750967,,,1.4836722747004394,0.6447829668718191,1.0095901949579975,0.7325741716246009,2.874733471524038,1.1541401249553334,8.139106864407287,0.8316740108945131,0.006150918319368,3.005651261365242,0.0018560911521913,,0.0,,0.0,8.784844199909305,0.0100921328323027,0.7519128675802635,0.0026406460118207,,0.0,0.8735288230384999,0.0258498909557412,2.506939462807595,0.0060859022755601,,0.0,,0.0,2.256791025395988,0.0103349444717298,0.8295959114146157,0.0112783544984364,,0.0,0.0207397883156828,0.0535490922014676,0.0,re2_tt
rq1_rca,qwen3.8-27b,V_MRG,,,0.4805815014419182,,0.210227821892228,0.3326893807734799,2.948734734814559,0.7092141806014016,14.932543257042756,,,1.31142618262269,,1.235161496020827,0.9672244668137162,2.54735889868066,1.0449951236329225,5.40495977924658,0.6801815678451364,0.0060165135925821,2.585700935692336,0.0019149839965978,,0.0,1.4964886810747071,0.0052048361038752,7.213669616178118,0.0099723450197388,0.8225830844035722,0.0006075061227956,,0.0,0.8200232491671108,0.0249155350793463,1.845908829758899,0.0046362680527893,,0.0,1.2745131770640852,0.015347002708562,1.87624371066084,0.008908457661498,0.9645363316870232,0.0024144615645428,,0.0,0.0237161848355896,0.0562217250667386,0.0,re2_tt
rq1_rca,qwen3.8-27b,V_MRL,,,,0.2291828316355409,0.1873856953483861,0.3032601521666695,3.4754176744090866,0.7804913502903023,17.7919011481197,,,,0.8096933599439418,1.0439703563158642,0.7729771177781422,2.6609014153357204,1.306657315256603,7.336827210068567,0.7558938962218799,0.0064488721232125,2.275926597368677,0.0016277185618476,2.6326659352005093,0.0018931614748824,,0.0,6.173177922388628,0.008221384437486,0.8572592969350713,0.0028679538257905,,0.0,0.8470366944784649,0.027702002424108,2.21330554731428,0.0060131709726283,1.60929504034425,0.0043226080495043,,0.0,2.1493985819893786,0.0109610023212791,1.028500254870143,0.0129592169415529,,0.0,0.0210590904232192,0.0619580007090727,0.0,re2_tt
rq1_rca,qwen3.8-27b,V_RG,0.1323278185695511,,0.90006394625327,,0.6134097748692015,0.8103998921935862,8.359406258500965,1.8573128714370069,44.08877408203469,0.3758423224788399,,2.88015893556883,,2.868120365817088,2.354762288780184,5.3734532843665495,2.06972318099291,14.551835382022892,,0.0,1.4878501022071018,0.0021905759374146,,0.0,0.9033239791765288,0.0063334167256134,3.575095284150411,0.0098444722680759,0.4045602349565799,0.0076896978369711,,0.0,,0.0,1.7735492170217062,0.0057546911183698,,0.0,0.8356607039945264,0.0126634881107109,1.1712054163857666,0.0071139625963854,0.4846591529139012,0.0197128856380173,,0.0,0.0260581627680751,0.0452450274634834,0.0,re2_tt
rq1_rca,qwen3.8-27b,V_RL,0.1359244873559565,,,0.3939593688491308,0.5332242814472254,0.7253621567308819,8.683593787035763,1.919409162859844,45.37101717025546,0.4124433952830376,,,1.4733995879242014,2.62837876866444,1.812985694422256,5.6007323449553255,1.955839786917484,16.260267288273965,,0.0,0.9489223187363182,0.0021338677641451,1.0510776812636815,0.0023797022774952,,0.0,3.194462185943741,0.0132756911665937,0.3321365509172402,0.012373075921177,,0.0,,0.0,1.2326845441429852,0.0051193888999948,0.7673154558570149,0.0031334374805644,,0.0,0.7753067875219272,0.0055016856326813,0.4069097071935083,0.0262495523890883,,0.0,0.0301623371294111,0.0400040644023289,0.0,re2_tt
rq1_rca,qwen3.8-27b,V_RLG,0.141695504569137,,,,0.6349488419679403,0.8612837755096641,8.267118672206614,1.889028189751908,42.444222164217145,0.4273714408319702,,,,2.7008176833563176,2.3750954594747857,5.493272186951603,2.149658781374973,15.45668933522482,,0.0,1.2225074756839458,0.0020625737252121,1.3510608928846288,0.0022801868596872,0.8890141924948117,0.0071148037612252,3.2224162248877355,0.0101772993826371,0.4565321707473825,0.009200725935058,,0.0,,0.0,1.64652204742729,0.0060739763221672,1.1540281010785611,0.0042408096999046,0.8333363393100991,0.0141460706471284,1.021578799326691,0.0069273125106905,0.5228133757638703,0.0221516306049149,,0.0,0.0308355896638198,0.0535397997848058,0.0,re2_tt
