experiment,model,arm,dataset_scope,n,mean_text_tokens,sum_text_tokens,mean_image_tokens,sum_image_tokens,mean_input_tokens,sum_input_tokens,mean_output_tokens,sum_output_tokens,mean_total_tokens,sum_total_tokens,mean_model_calls,sum_model_calls,mean_incremental_total_tokens,mean_amortized_total_tokens,mean_amortized_model_calls
cross_region,gemma-4-26b-a4b,H,aegislab,96,19136.427,1837097,1085.8958,104246,20222.323,1941343,180.3125,17310,20402.635,1958653,1,96,,,
cross_region,gemma-4-26b-a4b,Mt-Rt-Lt-Gt,aegislab,96,19136.427,1837097,0,0,19136.427,1837097,173.13542,16621,19309.562,1853718,1,96,,,
cross_region,gemma-4-26b-a4b,Mt-Rt-Lt-Gv,aegislab,96,17553.875,1685172,2147.875,206196,19701.75,1891368,178.46875,17133,19880.219,1908501,1,96,,,
cross_region,gemma-4-26b-a4b,Mt-Rt-Lv-Gt,aegislab,96,18512.115,1777163,1109,106464,19621.115,1883627,179.125,17196,19800.24,1900823,1,96,,,
cross_region,gemma-4-26b-a4b,Mt-Rt-Lv-Gv,aegislab,96,16929.562,1625238,3256.875,312660,20186.438,1937898,182.25,17496,20368.688,1955394,1,96,,,
cross_region,gemma-4-26b-a4b,Mt-Rv-Lt-Gt,aegislab,96,18363.604,1762906,1109,106464,19472.604,1869370,177.16667,17008,19649.771,1886378,1,96,,,
cross_region,gemma-4-26b-a4b,Mt-Rv-Lt-Gv,aegislab,96,16781.052,1610981,3256.875,312660,20037.927,1923641,180.04167,17284,20217.969,1940925,1,96,,,
cross_region,gemma-4-26b-a4b,Mt-Rv-Lv-Gt,aegislab,96,17739.292,1702972,2218,212928,19957.292,1915900,181.41667,17416,20138.708,1933316,1,96,,,
cross_region,gemma-4-26b-a4b,Mt-Rv-Lv-Gv,aegislab,96,16156.74,1551047,4365.875,419124,20522.615,1970171,185.5,17808,20708.115,1987979,1,96,,,
cross_region,gemma-4-26b-a4b,Mv-Rt-Lt-Gt,aegislab,96,3529.5938,338841,1091,104736,4620.5938,443577,175.6875,16866,4796.2812,460443,1,96,,,
cross_region,gemma-4-26b-a4b,Mv-Rt-Lt-Gv,aegislab,96,1947.0417,186916,3238.875,310932,5185.9167,497848,177.84375,17073,5363.7604,514921,1,96,,,
cross_region,gemma-4-26b-a4b,Mv-Rt-Lv-Gt,aegislab,96,2905.2812,278907,2200,211200,5105.2812,490107,181.23958,17399,5286.5208,507506,1,96,,,
cross_region,gemma-4-26b-a4b,Mv-Rt-Lv-Gv,aegislab,96,1322.7292,126982,4347.875,417396,5670.6042,544378,184.875,17748,5855.4792,562126,1,96,,,
cross_region,gemma-4-26b-a4b,Mv-Rv-Lt-Gt,aegislab,96,2756.7708,264650,2200,211200,4956.7708,475850,178.94792,17179,5135.7188,493029,1,96,,,
cross_region,gemma-4-26b-a4b,Mv-Rv-Lt-Gv,aegislab,96,1174.2188,112725,4347.875,417396,5522.0938,530121,182.60417,17530,5704.6979,547651,1,96,,,
cross_region,gemma-4-26b-a4b,Mv-Rv-Lv-Gt,aegislab,96,2132.4583,204716,3309,317664,5441.4583,522380,184.51042,17713,5625.9688,540093,1,96,,,
cross_region,gemma-4-26b-a4b,Mv-Rv-Lv-Gv,aegislab,96,550.90625,52887,5456.875,523860,6007.7812,576747,188.8125,18126,6196.5938,594873,1,96,,,
cross_region,gemma-4-26b-a4b,P,aegislab,96,550.90625,52887,6555.9688,629373,7106.875,682260,177.44792,17035,7284.3229,699295,1,96,,,
cross_region,gemma-4-26b-a4b,V,aegislab,96,550.90625,52887,1085.8958,104246,1636.8021,157133,185.29167,17788,1822.0938,174921,1,96,,,
cross_region,gemma-4-26b-a4b,H,aiops2022,100,20546.67,2054667,1084.28,108428,21630.95,2163095,120.7,12070,21751.65,2175165,1,100,,,
cross_region,gemma-4-26b-a4b,Mt-Rt-Lt-Gt,aiops2022,100,20546.67,2054667,0,0,20546.67,2054667,118.89,11889,20665.56,2066556,1,100,,,
cross_region,gemma-4-26b-a4b,Mt-Rt-Lt-Gv,aiops2022,100,19113.68,1911368,2151.56,215156,21265.24,2126524,121.41,12141,21386.65,2138665,1,100,,,
cross_region,gemma-4-26b-a4b,Mt-Rt-Lv-Gt,aiops2022,100,20028.4,2002840,1109,110900,21137.4,2113740,122.81,12281,21260.21,2126021,1,100,,,
cross_region,gemma-4-26b-a4b,Mt-Rt-Lv-Gv,aiops2022,100,18595.41,1859541,3260.56,326056,21855.97,2185597,123.8,12380,21979.77,2197977,1,100,,,
cross_region,gemma-4-26b-a4b,Mt-Rv-Lt-Gt,aiops2022,100,19773.75,1977375,1109,110900,20882.75,2088275,120.23,12023,21002.98,2100298,1,100,,,
cross_region,gemma-4-26b-a4b,Mt-Rv-Lt-Gv,aiops2022,100,18340.76,1834076,3260.56,326056,21601.32,2160132,122.5,12250,21723.82,2172382,1,100,,,
cross_region,gemma-4-26b-a4b,Mt-Rv-Lv-Gt,aiops2022,100,19255.48,1925548,2218,221800,21473.48,2147348,121.84,12184,21595.32,2159532,1,100,,,
cross_region,gemma-4-26b-a4b,Mt-Rv-Lv-Gv,aiops2022,100,17822.49,1782249,4369.56,436956,22192.05,2219205,124.33,12433,22316.38,2231638,1,100,,,
cross_region,gemma-4-26b-a4b,Mv-Rt-Lt-Gt,aiops2022,100,3209.21,320921,1091,109100,4300.21,430021,119.05,11905,4419.26,441926,1,100,,,
cross_region,gemma-4-26b-a4b,Mv-Rt-Lt-Gv,aiops2022,100,1776.22,177622,3242.56,324256,5018.78,501878,120.14,12014,5138.92,513892,1,100,,,
cross_region,gemma-4-26b-a4b,Mv-Rt-Lv-Gt,aiops2022,100,2690.94,269094,2200,220000,4890.94,489094,121.95,12195,5012.89,501289,1,100,,,
cross_region,gemma-4-26b-a4b,Mv-Rt-Lv-Gv,aiops2022,100,1257.95,125795,4351.56,435156,5609.51,560951,124.16,12416,5733.67,573367,1,100,,,
cross_region,gemma-4-26b-a4b,Mv-Rv-Lt-Gt,aiops2022,100,2436.29,243629,2200,220000,4636.29,463629,119.19,11919,4755.48,475548,1,100,,,
cross_region,gemma-4-26b-a4b,Mv-Rv-Lt-Gv,aiops2022,100,1003.3,100330,4351.56,435156,5354.86,535486,120.05,12005,5474.91,547491,1,100,,,
cross_region,gemma-4-26b-a4b,Mv-Rv-Lv-Gt,aiops2022,100,1918.02,191802,3309,330900,5227.02,522702,121.7,12170,5348.72,534872,1,100,,,
cross_region,gemma-4-26b-a4b,Mv-Rv-Lv-Gv,aiops2022,100,486.03,48603,5460.56,546056,5946.59,594659,125.36,12536,6071.95,607195,1,100,,,
cross_region,gemma-4-26b-a4b,P,aiops2022,100,486.03,48603,7598.13,759813,8084.16,808416,120.51,12051,8204.67,820467,1,100,,,
cross_region,gemma-4-26b-a4b,V,aiops2022,100,486.03,48603,1084.28,108428,1570.31,157031,126.45,12645,1696.76,169676,1,100,,,
cross_region,gemma-4-26b-a4b,H,aiops2025,93,18672.871,1736577,1082.4624,100669,19755.333,1837246,135.53763,12605,19890.871,1849851,1,93,,,
cross_region,gemma-4-26b-a4b,Mt-Rt-Lt-Gt,aiops2025,93,18672.871,1736577,0,0,18672.871,1736577,135.09677,12564,18807.968,1749141,1,93,,,
cross_region,gemma-4-26b-a4b,Mt-Rt-Lt-Gv,aiops2025,93,17494.806,1627017,2142.914,199291,19637.72,1826308,135.95699,12644,19773.677,1838952,1,93,,,
cross_region,gemma-4-26b-a4b,Mt-Rt-Lv-Gt,aiops2025,93,18180.914,1690825,1109,103137,19289.914,1793962,140.92473,13106,19430.839,1807068,1,93,,,
cross_region,gemma-4-26b-a4b,Mt-Rt-Lv-Gv,aiops2025,93,17002.849,1581265,3251.914,302428,20254.763,1883693,143.10753,13309,20397.871,1897002,1,93,,,
cross_region,gemma-4-26b-a4b,Mt-Rv-Lt-Gt,aiops2025,93,17914.72,1666069,1109,103137,19023.72,1769206,136.49462,12694,19160.215,1781900,1,93,,,
cross_region,gemma-4-26b-a4b,Mt-Rv-Lt-Gv,aiops2025,93,16736.656,1556509,3251.914,302428,19988.57,1858937,136.51613,12696,20125.086,1871633,1,93,,,
cross_region,gemma-4-26b-a4b,Mt-Rv-Lv-Gt,aiops2025,93,17422.763,1620317,2218,206274,19640.763,1826591,142.84946,13285,19783.613,1839876,1,93,,,
cross_region,gemma-4-26b-a4b,Mt-Rv-Lv-Gv,aiops2025,93,16244.699,1510757,4360.914,405565,20605.613,1916322,144.32258,13422,20749.935,1929744,1,93,,,
cross_region,gemma-4-26b-a4b,Mv-Rt-Lt-Gt,aiops2025,93,2929.5484,272448,1091,101463,4020.5484,373911,135.31183,12584,4155.8602,386495,1,93,,,
cross_region,gemma-4-26b-a4b,Mv-Rt-Lt-Gv,aiops2025,93,1751.4839,162888,3233.914,300754,4985.3978,463642,135.90323,12639,5121.3011,476281,1,93,,,
cross_region,gemma-4-26b-a4b,Mv-Rt-Lv-Gt,aiops2025,93,2437.5914,226696,2200,204600,4637.5914,431296,141.25806,13137,4778.8495,444433,1,93,,,
cross_region,gemma-4-26b-a4b,Mv-Rt-Lv-Gv,aiops2025,93,1259.5269,117136,4342.914,403891,5602.4409,521027,143.49462,13345,5745.9355,534372,1,93,,,
cross_region,gemma-4-26b-a4b,Mv-Rv-Lt-Gt,aiops2025,93,2171.3978,201940,2200,204600,4371.3978,406540,135.91398,12640,4507.3118,419180,1,93,,,
cross_region,gemma-4-26b-a4b,Mv-Rv-Lt-Gv,aiops2025,93,993.33333,92380,4342.914,403891,5336.2473,496271,137.39785,12778,5473.6452,509049,1,93,,,
cross_region,gemma-4-26b-a4b,Mv-Rv-Lv-Gt,aiops2025,93,1679.4409,156188,3309,307737,4988.4409,463925,140.47312,13064,5128.914,476989,1,93,,,
cross_region,gemma-4-26b-a4b,Mv-Rv-Lv-Gv,aiops2025,93,502.37634,46721,5451.914,507028,5954.2903,553749,143.02151,13301,6097.3118,567050,1,93,,,
cross_region,gemma-4-26b-a4b,P,aiops2025,93,502.37634,46721,6919.3978,643504,7421.7742,690225,136.03226,12651,7557.8065,702876,1,93,,,
cross_region,gemma-4-26b-a4b,V,aiops2025,93,502.37634,46721,1082.4624,100669,1584.8387,147390,143.69892,13364,1728.5376,160754,1,93,,,
cross_region,gemma-4-26b-a4b,H,all_469,469,21988.493,10312603,1084.9126,508824,23073.405,10821427,163.51599,76689,23236.921,10898116,1,469,,,
cross_region,gemma-4-26b-a4b,Mt-Rt-Lt-Gt,all_469,469,21988.493,10312603,0,0,21988.493,10312603,159.92537,75005,22148.418,10387608,1,469,,,
cross_region,gemma-4-26b-a4b,Mt-Rt-Lt-Gv,all_469,469,20588.38,9655950,2141.4904,1004359,22729.87,10660309,162.69083,76302,22892.561,10736611,1,469,,,
cross_region,gemma-4-26b-a4b,Mt-Rt-Lv-Gt,all_469,469,21500.501,10083735,1109,520121,22609.501,10603856,165.0064,77388,22774.507,10681244,1,469,,,
cross_region,gemma-4-26b-a4b,Mt-Rt-Lv-Gv,all_469,469,20100.388,9427082,3250.4904,1524480,23350.878,10951562,167.53945,78576,23518.418,11030138,1,469,,,
cross_region,gemma-4-26b-a4b,Mt-Rv-Lt-Gt,all_469,469,21249.009,9965785,1109,520121,22358.009,10485906,162.47122,76199,22520.48,10562105,1,469,,,
cross_region,gemma-4-26b-a4b,Mt-Rv-Lt-Gv,all_469,469,19848.896,9309132,3250.4904,1524480,23099.386,10833612,164.1258,76975,23263.512,10910587,1,469,,,
cross_region,gemma-4-26b-a4b,Mt-Rv-Lv-Gt,all_469,469,20761.017,9736917,2218,1040242,22979.017,10777159,166.0064,77857,23145.023,10855016,1,469,,,
cross_region,gemma-4-26b-a4b,Mt-Rv-Lv-Gv,all_469,469,19360.904,9080264,4359.4904,2044601,23720.394,11124865,169.52452,79507,23889.919,11204372,1,469,,,
cross_region,gemma-4-26b-a4b,Mv-Rt-Lt-Gt,all_469,469,3159.4158,1481766,1091,511679,4250.4158,1993445,162.11727,76033,4412.533,2069478,1,469,,,
cross_region,gemma-4-26b-a4b,Mv-Rt-Lt-Gv,all_469,469,1759.3028,825113,3232.4904,1516038,4991.7932,2341151,162.88486,76393,5154.678,2417544,1,469,,,
cross_region,gemma-4-26b-a4b,Mv-Rt-Lv-Gt,all_469,469,2671.4243,1252898,2200,1031800,4871.4243,2284698,166.52452,78100,5037.9488,2362798,1,469,,,
cross_region,gemma-4-26b-a4b,Mv-Rt-Lv-Gv,all_469,469,1271.3113,596245,4341.4904,2036159,5612.8017,2632404,168.57143,79060,5781.3731,2711464,1,469,,,
cross_region,gemma-4-26b-a4b,Mv-Rv-Lt-Gt,all_469,469,2419.9318,1134948,2200,1031800,4619.9318,2166748,162.95096,76424,4782.8827,2243172,1,469,,,
cross_region,gemma-4-26b-a4b,Mv-Rv-Lt-Gv,all_469,469,1019.8188,478295,4341.4904,2036159,5361.3092,2514454,164.96375,77368,5526.2729,2591822,1,469,,,
cross_region,gemma-4-26b-a4b,Mv-Rv-Lv-Gt,all_469,469,1931.9403,906080,3309,1551921,5240.9403,2458001,167.38806,78505,5408.3284,2536506,1,469,,,
cross_region,gemma-4-26b-a4b,Mv-Rv-Lv-Gv,all_469,469,532.82729,249896,5450.4904,2556280,5983.3177,2806176,171.0597,80227,6154.3774,2886403,1,469,,,
cross_region,gemma-4-26b-a4b,P,all_469,469,532.82729,249896,7671.5778,3597970,8204.4051,3847866,162.27505,76107,8366.6802,3923973,1,469,,,
cross_region,gemma-4-26b-a4b,V,all_469,469,532.82729,249896,1084.9126,508824,1617.7399,758720,169.67591,79578,1787.4158,838298,1,469,,,
cross_region,gemma-4-26b-a4b,H,headline_289,289,19475.228,5628341,1084.2318,313343,20559.46,5941684,145.27682,41985,20704.737,5983669,1,289,,,
cross_region,gemma-4-26b-a4b,Mt-Rt-Lt-Gt,headline_289,289,19475.228,5628341,0,0,19475.228,5628341,142.12457,41074,19617.353,5669415,1,289,,,
cross_region,gemma-4-26b-a4b,Mt-Rt-Lt-Gv,headline_289,289,18074.592,5223557,2147.5536,620643,20222.145,5844200,145.04498,41918,20367.19,5886118,1,289,,,
cross_region,gemma-4-26b-a4b,Mt-Rt-Lv-Gt,headline_289,289,18930.201,5470828,1109,320501,20039.201,5791329,147.34602,42583,20186.547,5833912,1,289,,,
cross_region,gemma-4-26b-a4b,Mt-Rt-Lv-Gv,headline_289,289,17529.564,5066044,3256.5536,941144,20786.118,6007188,149.42907,43185,20935.547,6050373,1,289,,,
cross_region,gemma-4-26b-a4b,Mt-Rv-Lt-Gt,headline_289,289,18707.093,5406350,1109,320501,19816.093,5726851,144.37716,41725,19960.471,5768576,1,289,,,
cross_region,gemma-4-26b-a4b,Mt-Rv-Lt-Gv,headline_289,289,17306.457,5001566,3256.5536,941144,20563.01,5942710,146.12457,42230,20709.135,5984940,1,289,,,
cross_region,gemma-4-26b-a4b,Mt-Rv-Lv-Gt,headline_289,289,18162.066,5248837,2218,641002,20380.066,5889839,148.391,42885,20528.457,5932724,1,289,,,
cross_region,gemma-4-26b-a4b,Mt-Rv-Lv-Gv,headline_289,289,16761.429,4844053,4365.5536,1261645,21126.983,6105698,151.08304,43663,21278.066,6149361,1,289,,,
cross_region,gemma-4-26b-a4b,Mv-Rt-Lt-Gt,headline_289,289,3225.6401,932210,1091,315299,4316.6401,1247509,143.09689,41355,4459.737,1288864,1,289,,,
cross_region,gemma-4-26b-a4b,Mv-Rt-Lt-Gv,headline_289,289,1825.0035,527426,3238.5536,935942,5063.5571,1463368,144.38062,41726,5207.9377,1505094,1,289,,,
cross_region,gemma-4-26b-a4b,Mv-Rt-Lv-Gt,headline_289,289,2680.6125,774697,2200,635800,4880.6125,1410497,147.85813,42731,5028.4706,1453228,1,289,,,
cross_region,gemma-4-26b-a4b,Mv-Rt-Lv-Gv,headline_289,289,1279.9758,369913,4347.5536,1256443,5627.5294,1626356,150.55017,43509,5778.0796,1669865,1,289,,,
cross_region,gemma-4-26b-a4b,Mv-Rv-Lt-Gt,headline_289,289,2457.5052,710219,2200,635800,4657.5052,1346019,144.42215,41738,4801.9273,1387757,1,289,,,
cross_region,gemma-4-26b-a4b,Mv-Rv-Lt-Gv,headline_289,289,1056.8685,305435,4347.5536,1256443,5404.4221,1561878,146.41176,42313,5550.8339,1604191,1,289,,,
cross_region,gemma-4-26b-a4b,Mv-Rv-Lv-Gt,headline_289,289,1912.4775,552706,3309,956301,5221.4775,1509007,148.60554,42947,5370.083,1551954,1,289,,,
cross_region,gemma-4-26b-a4b,Mv-Rv-Lv-Gv,headline_289,289,512.84083,148211,5456.5536,1576944,5969.3945,1725155,152.12111,43963,6121.5156,1769118,1,289,,,
cross_region,gemma-4-26b-a4b,P,headline_289,289,512.84083,148211,7033.5294,2032690,7546.3702,2180901,144.41869,41737,7690.7889,2222638,1,289,,,
cross_region,gemma-4-26b-a4b,V,headline_289,289,512.84083,148211,1084.2318,313343,1597.0727,461554,151.54671,43797,1748.6194,505351,1,289,,,
cross_region,gemma-4-26b-a4b,H,re2_ob,90,25964.767,2336829,1087,97830,27051.767,2434659,195.15556,17564,27246.922,2452223,1,90,,,
cross_region,gemma-4-26b-a4b,Mt-Rt-Lt-Gt,re2_ob,90,25964.767,2336829,0,0,25964.767,2336829,191.58889,17243,26156.356,2354072,1,90,,,
cross_region,gemma-4-26b-a4b,Mt-Rt-Lt-Gv,re2_ob,90,24691.322,2222219,2113,190170,26804.322,2412389,192.74444,17347,26997.067,2429736,1,90,,,
cross_region,gemma-4-26b-a4b,Mt-Rt-Lv-Gt,re2_ob,90,25436.4,2289276,1109,99810,26545.4,2389086,193.4,17406,26738.8,2406492,1,90,,,
cross_region,gemma-4-26b-a4b,Mt-Rt-Lv-Gv,re2_ob,90,24162.956,2174666,3222,289980,27384.956,2464646,195.41111,17587,27580.367,2482233,1,90,,,
cross_region,gemma-4-26b-a4b,Mt-Rv-Lt-Gt,re2_ob,90,25310.178,2277916,1109,99810,26419.178,2377726,194.43333,17499,26613.611,2395225,1,90,,,
cross_region,gemma-4-26b-a4b,Mt-Rv-Lt-Gv,re2_ob,90,24036.733,2163306,3222,289980,27258.733,2453286,194.78889,17531,27453.522,2470817,1,90,,,
cross_region,gemma-4-26b-a4b,Mt-Rv-Lv-Gt,re2_ob,90,24781.811,2230363,2218,199620,26999.811,2429983,194.15556,17474,27193.967,2447457,1,90,,,
cross_region,gemma-4-26b-a4b,Mt-Rv-Lv-Gv,re2_ob,90,23508.367,2115753,4331,389790,27839.367,2505543,199.18889,17927,28038.556,2523470,1,90,,,
cross_region,gemma-4-26b-a4b,Mv-Rt-Lt-Gt,re2_ob,90,3021.3333,271920,1091,98190,4112.3333,370110,194.81111,17533,4307.1444,387643,1,90,,,
cross_region,gemma-4-26b-a4b,Mv-Rt-Lt-Gv,re2_ob,90,1747.8889,157310,3204,288360,4951.8889,445670,195.15556,17564,5147.0444,463234,1,90,,,
cross_region,gemma-4-26b-a4b,Mv-Rt-Lv-Gt,re2_ob,90,2492.9667,224367,2200,198000,4692.9667,422367,196.82222,17714,4889.7889,440081,1,90,,,
cross_region,gemma-4-26b-a4b,Mv-Rt-Lv-Gv,re2_ob,90,1219.5222,109757,4313,388170,5532.5222,497927,197.96667,17817,5730.4889,515744,1,90,,,
cross_region,gemma-4-26b-a4b,Mv-Rv-Lt-Gt,re2_ob,90,2366.7444,213007,2200,198000,4566.7444,411007,194.74444,17527,4761.4889,428534,1,90,,,
cross_region,gemma-4-26b-a4b,Mv-Rv-Lt-Gv,re2_ob,90,1093.3,98397,4313,388170,5406.3,486567,197.98889,17819,5604.2889,504386,1,90,,,
cross_region,gemma-4-26b-a4b,Mv-Rv-Lv-Gt,re2_ob,90,1838.3778,165454,3309,297810,5147.3778,463264,197.03333,17733,5344.4111,480997,1,90,,,
cross_region,gemma-4-26b-a4b,Mv-Rv-Lv-Gv,re2_ob,90,565.93333,50934,5422,487980,5987.9333,538914,200.96667,18087,6188.9,557001,1,90,,,
cross_region,gemma-4-26b-a4b,P,re2_ob,90,565.93333,50934,8696,782640,9261.9333,833574,194.88889,17540,9456.8222,851114,1,90,,,
cross_region,gemma-4-26b-a4b,V,re2_ob,90,565.93333,50934,1087,97830,1652.9333,148764,198.83333,17895,1851.7667,166659,1,90,,,
cross_region,gemma-4-26b-a4b,H,re2_tt,90,26082.589,2347433,1085.0111,97651,27167.6,2445084,190.44444,17140,27358.044,2462224,1,90,,,
cross_region,gemma-4-26b-a4b,Mt-Rt-Lt-Gt,re2_tt,90,26082.589,2347433,0,0,26082.589,2347433,185.42222,16688,26268.011,2364121,1,90,,,
cross_region,gemma-4-26b-a4b,Mt-Rt-Lt-Gv,re2_tt,90,24557.489,2210174,2150.5111,193546,26708,2403720,189.3,17037,26897.3,2420757,1,90,,,
cross_region,gemma-4-26b-a4b,Mt-Rt-Lv-Gt,re2_tt,90,25818.122,2323631,1109,99810,26927.122,2423441,193.32222,17399,27120.444,2440840,1,90,,,
cross_region,gemma-4-26b-a4b,Mt-Rt-Lv-Gv,re2_tt,90,24293.022,2186372,3259.5111,293356,27552.533,2479728,197.82222,17804,27750.356,2497532,1,90,,,
cross_region,gemma-4-26b-a4b,Mt-Rv-Lt-Gt,re2_tt,90,25350.211,2281519,1109,99810,26459.211,2381329,188.61111,16975,26647.822,2398304,1,90,,,
cross_region,gemma-4-26b-a4b,Mt-Rv-Lt-Gv,re2_tt,90,23825.111,2144260,3259.5111,293356,27084.622,2437616,191.26667,17214,27275.889,2454830,1,90,,,
cross_region,gemma-4-26b-a4b,Mt-Rv-Lv-Gt,re2_tt,90,25085.744,2257717,2218,199620,27303.744,2457337,194.42222,17498,27498.167,2474835,1,90,,,
cross_region,gemma-4-26b-a4b,Mt-Rv-Lv-Gv,re2_tt,90,23560.644,2120458,4368.5111,393166,27929.156,2513624,199.07778,17917,28128.233,2531541,1,90,,,
cross_region,gemma-4-26b-a4b,Mv-Rt-Lt-Gt,re2_tt,90,3084.8444,277636,1091,98190,4175.8444,375826,190.5,17145,4366.3444,392971,1,90,,,
cross_region,gemma-4-26b-a4b,Mv-Rt-Lt-Gv,re2_tt,90,1559.7444,140377,3241.5111,291736,4801.2556,432113,190.03333,17103,4991.2889,449216,1,90,,,
cross_region,gemma-4-26b-a4b,Mv-Rt-Lv-Gt,re2_tt,90,2820.3778,253834,2200,198000,5020.3778,451834,196.16667,17655,5216.5444,469489,1,90,,,
cross_region,gemma-4-26b-a4b,Mv-Rt-Lv-Gv,re2_tt,90,1295.2778,116575,4350.5111,391546,5645.7889,508121,197.04444,17734,5842.8333,525855,1,90,,,
cross_region,gemma-4-26b-a4b,Mv-Rv-Lt-Gt,re2_tt,90,2352.4667,211722,2200,198000,4552.4667,409722,190.65556,17159,4743.1222,426881,1,90,,,
cross_region,gemma-4-26b-a4b,Mv-Rv-Lt-Gv,re2_tt,90,827.36667,74463,4350.5111,391546,5177.8778,466009,191.51111,17236,5369.3889,483245,1,90,,,
cross_region,gemma-4-26b-a4b,Mv-Rv-Lv-Gt,re2_tt,90,2088,187920,3309,297810,5397,485730,198.05556,17825,5595.0556,503555,1,90,,,
cross_region,gemma-4-26b-a4b,Mv-Rv-Lv-Gv,re2_tt,90,563.9,50751,5459.5111,491356,6023.4111,542107,201.96667,18177,6225.3778,560284,1,90,,,
cross_region,gemma-4-26b-a4b,P,re2_tt,90,563.9,50751,8696,782640,9259.9,833391,187,16830,9446.9,850221,1,90,,,
cross_region,gemma-4-26b-a4b,V,re2_tt,90,563.9,50751,1085.0111,97651,1648.9111,148402,198.73333,17886,1847.6444,166288,1,90,,,
cross_region,qwen3.6-27b,H,aegislab,96,15638.458,1501292,2119.7188,203493,17758.177,1704785,177.0625,16998,17935.24,1721783,1,96,,,
cross_region,qwen3.6-27b,Mt-Rt-Lt-Gt,aegislab,96,15638.458,1501292,0,0,15638.458,1501292,173.6875,16674,15812.146,1517966,1,96,,,
cross_region,qwen3.6-27b,Mt-Rt-Lt-Gv,aegislab,96,14178.406,1361127,553.57292,53143,14731.979,1414270,178.45833,17132,14910.438,1431402,1,96,,,
cross_region,qwen3.6-27b,Mt-Rt-Lv-Gt,aegislab,96,15089.208,1448564,98,9408,15187.208,1457972,175.20833,16820,15362.417,1474792,1,96,,,
cross_region,qwen3.6-27b,Mt-Rt-Lv-Gv,aegislab,96,13629.156,1308399,651.57292,62551,14280.729,1370950,175.71875,16869,14456.448,1387819,1,96,,,
cross_region,qwen3.6-27b,Mt-Rv-Lt-Gt,aegislab,96,14950.635,1435261,98,9408,15048.635,1444669,174.35417,16738,15222.99,1461407,1,96,,,
cross_region,qwen3.6-27b,Mt-Rv-Lt-Gv,aegislab,96,13490.583,1295096,651.57292,62551,14142.156,1357647,175.34375,16833,14317.5,1374480,1,96,,,
cross_region,qwen3.6-27b,Mt-Rv-Lv-Gt,aegislab,96,14401.385,1382533,196,18816,14597.385,1401349,175.26042,16825,14772.646,1418174,1,96,,,
cross_region,qwen3.6-27b,Mt-Rv-Lv-Gv,aegislab,96,12941.333,1242368,749.57292,71959,13690.906,1314327,177.38542,17029,13868.292,1331356,1,96,,,
cross_region,qwen3.6-27b,Mv-Rt-Lt-Gt,aegislab,96,3219.2396,309047,1371,131616,4590.2396,440663,173.14583,16622,4763.3854,457285,1,96,,,
cross_region,qwen3.6-27b,Mv-Rt-Lt-Gv,aegislab,96,1759.1875,168882,1924.5729,184759,3683.7604,353641,174.21875,16725,3857.9792,370366,1,96,,,
cross_region,qwen3.6-27b,Mv-Rt-Lv-Gt,aegislab,96,2669.9896,256319,1469,141024,4138.9896,397343,174.63542,16765,4313.625,414108,1,96,,,
cross_region,qwen3.6-27b,Mv-Rt-Lv-Gv,aegislab,96,1209.9375,116154,2022.5729,194167,3232.5104,310321,175.55208,16853,3408.0625,327174,1,96,,,
cross_region,qwen3.6-27b,Mv-Rv-Lt-Gt,aegislab,96,2531.4167,243016,1469,141024,4000.4167,384040,174.70833,16772,4175.125,400812,1,96,,,
cross_region,qwen3.6-27b,Mv-Rv-Lt-Gv,aegislab,96,1071.3646,102851,2022.5729,194167,3093.9375,297018,176.19792,16915,3270.1354,313933,1,96,,,
cross_region,qwen3.6-27b,Mv-Rv-Lv-Gt,aegislab,96,1982.1667,190288,1567,150432,3549.1667,340720,176.03125,16899,3725.1979,357619,1,96,,,
cross_region,qwen3.6-27b,Mv-Rv-Lv-Gv,aegislab,96,522.11458,50123,2120.5729,203575,2642.6875,253698,178.22917,17110,2820.9167,270808,1,96,,,
cross_region,qwen3.6-27b,P,aegislab,96,522.11458,50123,16899.562,1622358,17421.677,1672481,172.61458,16571,17594.292,1689052,1,96,,,
cross_region,qwen3.6-27b,V,aegislab,96,522.11458,50123,2119.7188,203493,2641.8333,253616,177.22917,17014,2819.0625,270630,1,96,,,
cross_region,qwen3.6-27b,H,aiops2022,100,16671.49,1667149,2071.27,207127,18742.76,1874276,117.14,11714,18859.9,1885990,1,100,,,
cross_region,qwen3.6-27b,Mt-Rt-Lt-Gt,aiops2022,100,16671.49,1667149,0,0,16671.49,1667149,116.71,11671,16788.2,1678820,1,100,,,
cross_region,qwen3.6-27b,Mt-Rt-Lt-Gv,aiops2022,100,15349.08,1534908,502.47,50247,15851.55,1585155,116.96,11696,15968.51,1596851,1,100,,,
cross_region,qwen3.6-27b,Mt-Rt-Lv-Gt,aiops2022,100,16210.66,1621066,98,9800,16308.66,1630866,118.03,11803,16426.69,1642669,1,100,,,
cross_region,qwen3.6-27b,Mt-Rt-Lv-Gv,aiops2022,100,14888.25,1488825,600.47,60047,15488.72,1548872,117.95,11795,15606.67,1560667,1,100,,,
cross_region,qwen3.6-27b,Mt-Rv-Lt-Gt,aiops2022,100,15983.57,1598357,98,9800,16081.57,1608157,116.87,11687,16198.44,1619844,1,100,,,
cross_region,qwen3.6-27b,Mt-Rv-Lt-Gv,aiops2022,100,14661.16,1466116,600.47,60047,15261.63,1526163,116.51,11651,15378.14,1537814,1,100,,,
cross_region,qwen3.6-27b,Mt-Rv-Lv-Gt,aiops2022,100,15522.74,1552274,196,19600,15718.74,1571874,118.26,11826,15837,1583700,1,100,,,
cross_region,qwen3.6-27b,Mt-Rv-Lv-Gv,aiops2022,100,14200.33,1420033,698.47,69847,14898.8,1489880,118.51,11851,15017.31,1501731,1,100,,,
cross_region,qwen3.6-27b,Mv-Rt-Lt-Gt,aiops2022,100,2933.06,293306,1371,137100,4304.06,430406,116.87,11687,4420.93,442093,1,100,,,
cross_region,qwen3.6-27b,Mv-Rt-Lt-Gv,aiops2022,100,1610.65,161065,1873.47,187347,3484.12,348412,116.71,11671,3600.83,360083,1,100,,,
cross_region,qwen3.6-27b,Mv-Rt-Lv-Gt,aiops2022,100,2472.23,247223,1469,146900,3941.23,394123,117.61,11761,4058.84,405884,1,100,,,
cross_region,qwen3.6-27b,Mv-Rt-Lv-Gv,aiops2022,100,1149.82,114982,1971.47,197147,3121.29,312129,117.79,11779,3239.08,323908,1,100,,,
cross_region,qwen3.6-27b,Mv-Rv-Lt-Gt,aiops2022,100,2245.14,224514,1469,146900,3714.14,371414,116.92,11692,3831.06,383106,1,100,,,
cross_region,qwen3.6-27b,Mv-Rv-Lt-Gv,aiops2022,100,922.73,92273,1971.47,197147,2894.2,289420,117.85,11785,3012.05,301205,1,100,,,
cross_region,qwen3.6-27b,Mv-Rv-Lv-Gt,aiops2022,100,1784.31,178431,1567,156700,3351.31,335131,117.81,11781,3469.12,346912,1,100,,,
cross_region,qwen3.6-27b,Mv-Rv-Lv-Gv,aiops2022,100,461.9,46190,2069.47,206947,2531.37,253137,119.87,11987,2651.24,265124,1,100,,,
cross_region,qwen3.6-27b,P,aiops2022,100,461.9,46190,19585.98,1958598,20047.88,2004788,117.28,11728,20165.16,2016516,1,100,,,
cross_region,qwen3.6-27b,V,aiops2022,100,461.9,46190,2071.27,207127,2533.17,253317,119.07,11907,2652.24,265224,1,100,,,
cross_region,qwen3.6-27b,H,aiops2025,93,15195.742,1413204,2021.5376,188003,17217.28,1601207,133.13978,12382,17350.419,1613589,1,93,,,
cross_region,qwen3.6-27b,Mt-Rt-Lt-Gt,aiops2025,93,15195.742,1413204,0,0,15195.742,1413204,132.73118,12344,15328.473,1425548,1,93,,,
cross_region,qwen3.6-27b,Mt-Rt-Lt-Gv,aiops2025,93,14109.806,1312212,460.43011,42820,14570.237,1355032,133.58065,12423,14703.817,1367455,1,93,,,
cross_region,qwen3.6-27b,Mt-Rt-Lv-Gt,aiops2025,93,14758.398,1372531,98,9114,14856.398,1381645,133.31183,12398,14989.71,1394043,1,93,,,
cross_region,qwen3.6-27b,Mt-Rt-Lv-Gv,aiops2025,93,13672.462,1271539,558.43011,51934,14230.892,1323473,133.31183,12398,14364.204,1335871,1,93,,,
cross_region,qwen3.6-27b,Mt-Rv-Lt-Gt,aiops2025,93,14522.591,1350601,98,9114,14620.591,1359715,133.10753,12379,14753.699,1372094,1,93,,,
cross_region,qwen3.6-27b,Mt-Rv-Lt-Gv,aiops2025,93,13436.656,1249609,558.43011,51934,13995.086,1301543,132.87097,12357,14127.957,1313900,1,93,,,
cross_region,qwen3.6-27b,Mt-Rv-Lv-Gt,aiops2025,93,14085.247,1309928,196,18228,14281.247,1328156,134.55914,12514,14415.806,1340670,1,93,,,
cross_region,qwen3.6-27b,Mt-Rv-Lv-Gv,aiops2025,93,12999.312,1208936,656.43011,61048,13655.742,1269984,134.34409,12494,13790.086,1282478,1,93,,,
cross_region,qwen3.6-27b,Mv-Rt-Lt-Gt,aiops2025,93,2673.1828,248606,1371,127503,4044.1828,376109,132.73118,12344,4176.914,388453,1,93,,,
cross_region,qwen3.6-27b,Mv-Rt-Lt-Gv,aiops2025,93,1587.2473,147614,1831.4301,170323,3418.6774,317937,133.33333,12400,3552.0108,330337,1,93,,,
cross_region,qwen3.6-27b,Mv-Rt-Lv-Gt,aiops2025,93,2235.8387,207933,1469,136617,3704.8387,344550,133.55914,12421,3838.3978,356971,1,93,,,
cross_region,qwen3.6-27b,Mv-Rt-Lv-Gv,aiops2025,93,1149.9032,106941,1929.4301,179437,3079.3333,286378,133.98925,12461,3213.3226,298839,1,93,,,
cross_region,qwen3.6-27b,Mv-Rv-Lt-Gt,aiops2025,93,2000.0323,186003,1469,136617,3469.0323,322620,132.89247,12359,3601.9247,334979,1,93,,,
cross_region,qwen3.6-27b,Mv-Rv-Lt-Gv,aiops2025,93,914.09677,85011,1929.4301,179437,2843.5269,264448,134.41935,12501,2977.9462,276949,1,93,,,
cross_region,qwen3.6-27b,Mv-Rv-Lv-Gt,aiops2025,93,1562.6882,145330,1567,145731,3129.6882,291061,134.11828,12473,3263.8065,303534,1,93,,,
cross_region,qwen3.6-27b,Mv-Rv-Lv-Gv,aiops2025,93,476.75269,44338,2027.4301,188551,2504.1828,232889,135.68817,12619,2639.871,245508,1,93,,,
cross_region,qwen3.6-27b,P,aiops2025,93,476.75269,44338,17836.387,1658784,18313.14,1703122,132.23656,12298,18445.376,1715420,1,93,,,
cross_region,qwen3.6-27b,V,aiops2025,93,476.75269,44338,2021.5376,188003,2498.2903,232341,135.98925,12647,2634.2796,244988,1,93,,,
cross_region,qwen3.6-27b,H,all_469,469,17724.313,8312703,2085.3881,978047,19809.701,9290750,159.36461,74742,19969.066,9365492,1,469,,,
cross_region,qwen3.6-27b,Mt-Rt-Lt-Gt,all_469,469,17724.313,8312703,0,0,17724.313,8312703,158.92537,74536,17883.239,8387239,1,469,,,
cross_region,qwen3.6-27b,Mt-Rt-Lt-Gv,all_469,469,16432.367,7706780,520.95522,244328,16953.322,7951108,159.09382,74615,17112.416,8025723,1,469,,,
cross_region,qwen3.6-27b,Mt-Rt-Lv-Gt,all_469,469,17292.412,8110141,98,45962,17390.412,8156103,159.4307,74773,17549.842,8230876,1,469,,,
cross_region,qwen3.6-27b,Mt-Rt-Lv-Gv,all_469,469,16000.465,7504218,618.95522,290290,16619.42,7794508,159.51173,74811,16778.932,7869319,1,469,,,
cross_region,qwen3.6-27b,Mt-Rv-Lt-Gt,all_469,469,17067.91,8004850,98,45962,17165.91,8050812,158.8806,74515,17324.791,8125327,1,469,,,
cross_region,qwen3.6-27b,Mt-Rv-Lt-Gv,all_469,469,15775.964,7398927,618.95522,290290,16394.919,7689217,158.50107,74337,16553.42,7763554,1,469,,,
cross_region,qwen3.6-27b,Mt-Rv-Lv-Gt,all_469,469,16636.009,7802288,196,91924,16832.009,7894212,160.20043,75134,16992.209,7969346,1,469,,,
cross_region,qwen3.6-27b,Mt-Rv-Lv-Gv,all_469,469,15344.062,7196365,716.95522,336252,16061.017,7532617,160.70576,75371,16221.723,7607988,1,469,,,
cross_region,qwen3.6-27b,Mv-Rt-Lt-Gt,all_469,469,2885.3475,1353228,1371,642999,4256.3475,1996227,158.22175,74206,4414.5693,2070433,1,469,,,
cross_region,qwen3.6-27b,Mv-Rt-Lt-Gv,all_469,469,1593.4009,747305,1891.9552,887327,3485.3561,1634632,158.88486,74517,3644.2409,1709149,1,469,,,
cross_region,qwen3.6-27b,Mv-Rt-Lv-Gt,all_469,469,2453.4456,1150666,1469,688961,3922.4456,1839627,159.38806,74753,4081.8337,1914380,1,469,,,
cross_region,qwen3.6-27b,Mv-Rt-Lv-Gv,all_469,469,1161.4989,544743,1989.9552,933289,3151.4542,1478032,159.55011,74829,3311.0043,1552861,1,469,,,
cross_region,qwen3.6-27b,Mv-Rv-Lt-Gt,all_469,469,2228.9446,1045375,1469,688961,3697.9446,1734336,159.79531,74944,3857.7399,1809280,1,469,,,
cross_region,qwen3.6-27b,Mv-Rv-Lt-Gv,all_469,469,936.99787,439452,1989.9552,933289,2926.9531,1372741,160.53731,75292,3087.4904,1448033,1,469,,,
cross_region,qwen3.6-27b,Mv-Rv-Lv-Gt,all_469,469,1797.0426,842813,1567,734923,3364.0426,1577736,160.03838,75058,3524.081,1652794,1,469,,,
cross_region,qwen3.6-27b,Mv-Rv-Lv-Gv,all_469,469,505.09595,236890,2087.9552,979251,2593.0512,1216141,162.05117,76002,2755.1023,1292143,1,469,,,
cross_region,qwen3.6-27b,P,all_469,469,505.09595,236890,19775.309,9274620,20280.405,9511510,158.03838,74120,20438.443,9585630,1,469,,,
cross_region,qwen3.6-27b,V,all_469,469,505.09595,236890,2085.3881,978047,2590.484,1214937,161.76972,75870,2752.2537,1290807,1,469,,,
cross_region,qwen3.6-27b,H,headline_289,289,15853.443,4581645,2071.3599,598623,17924.803,5180268,142.19377,41094,18066.997,5221362,1,289,,,
cross_region,qwen3.6-27b,Mt-Rt-Lt-Gt,headline_289,289,15853.443,4581645,0,0,15853.443,4581645,140.79239,40689,15994.235,4622334,1,289,,,
cross_region,qwen3.6-27b,Mt-Rt-Lt-Gv,headline_289,289,14561.408,4208247,505.91696,146210,15067.325,4354457,142.73702,41251,15210.062,4395708,1,289,,,
cross_region,qwen3.6-27b,Mt-Rt-Lv-Gt,headline_289,289,15370.799,4442161,98,28322,15468.799,4470483,141.94118,41021,15610.74,4511504,1,289,,,
cross_region,qwen3.6-27b,Mt-Rt-Lv-Gv,headline_289,289,14078.765,4068763,603.91696,174532,14682.682,4243295,142.08304,41062,14824.765,4284357,1,289,,,
cross_region,qwen3.6-27b,Mt-Rv-Lt-Gt,headline_289,289,15170.308,4384219,98,28322,15268.308,4412541,141.19031,40804,15409.498,4453345,1,289,,,
cross_region,qwen3.6-27b,Mt-Rv-Lt-Gv,headline_289,289,13878.273,4010821,603.91696,174532,14482.19,4185353,141.31834,40841,14623.509,4226194,1,289,,,
cross_region,qwen3.6-27b,Mt-Rv-Lv-Gt,headline_289,289,14687.664,4244735,196,56644,14883.664,4301379,142.43945,41165,15026.104,4342544,1,289,,,
cross_region,qwen3.6-27b,Mt-Rv-Lv-Gv,headline_289,289,13395.63,3871337,701.91696,202854,14097.547,4074191,143.16263,41374,14240.709,4115565,1,289,,,
cross_region,qwen3.6-27b,Mv-Rt-Lt-Gt,headline_289,289,2944.4948,850959,1371,396219,4315.4948,1247178,140.66782,40653,4456.1626,1287831,1,289,,,
cross_region,qwen3.6-27b,Mv-Rt-Lt-Gv,headline_289,289,1652.4602,477561,1876.917,542429,3529.3772,1019990,141.16263,40796,3670.5398,1060786,1,289,,,
cross_region,qwen3.6-27b,Mv-Rt-Lv-Gt,headline_289,289,2461.8512,711475,1469,424541,3930.8512,1136016,141.68512,40947,4072.5363,1176963,1,289,,,
cross_region,qwen3.6-27b,Mv-Rt-Lv-Gv,headline_289,289,1169.8166,338077,1974.917,570751,3144.7336,908828,142.19031,41093,3286.9239,949921,1,289,,,
cross_region,qwen3.6-27b,Mv-Rv-Lt-Gt,headline_289,289,2261.3599,653533,1469,424541,3730.3599,1078074,141.25606,40823,3871.6159,1118897,1,289,,,
cross_region,qwen3.6-27b,Mv-Rv-Lt-Gv,headline_289,289,969.32526,280135,1974.917,570751,2944.2422,850886,142.56401,41201,3086.8062,892087,1,289,,,
cross_region,qwen3.6-27b,Mv-Rv-Lv-Gt,headline_289,289,1778.7163,514049,1567,452863,3345.7163,966912,142.39792,41153,3488.1142,1008065,1,289,,,
cross_region,qwen3.6-27b,Mv-Rv-Lv-Gv,headline_289,289,486.68166,140651,2072.917,599073,2559.5986,739724,144.34602,41716,2703.9446,781440,1,289,,,
cross_region,qwen3.6-27b,P,headline_289,289,486.68166,140651,18130.588,5239740,18617.27,5380391,140.47405,40597,18757.744,5420988,1,289,,,
cross_region,qwen3.6-27b,V,headline_289,289,486.68166,140651,2071.3599,598623,2558.0415,739274,143.83391,41568,2701.8754,780842,1,289,,,
cross_region,qwen3.6-27b,H,re2_ob,90,20668.044,1860124,2109,189810,22777.044,2049934,189.24444,17032,22966.289,2066966,1,90,,,
cross_region,qwen3.6-27b,Mt-Rt-Lt-Gt,re2_ob,90,20668.044,1860124,0,0,20668.044,1860124,190.42222,17138,20858.467,1877262,1,90,,,
cross_region,qwen3.6-27b,Mt-Rt-Lt-Gv,re2_ob,90,19492.6,1754334,550,49500,20042.6,1803834,187.67778,16891,20230.278,1820725,1,90,,,
cross_region,qwen3.6-27b,Mt-Rt-Lv-Gt,re2_ob,90,20199.144,1817923,98,8820,20297.144,1826743,189.67778,17071,20486.822,1843814,1,90,,,
cross_region,qwen3.6-27b,Mt-Rt-Lv-Gv,re2_ob,90,19023.7,1712133,648,58320,19671.7,1770453,189.52222,17057,19861.222,1787510,1,90,,,
cross_region,qwen3.6-27b,Mt-Rv-Lt-Gt,re2_ob,90,20088.456,1807961,98,8820,20186.456,1816781,188.8,16992,20375.256,1833773,1,90,,,
cross_region,qwen3.6-27b,Mt-Rv-Lt-Gv,re2_ob,90,18913.011,1702171,648,58320,19561.011,1760491,188.31111,16948,19749.322,1777439,1,90,,,
cross_region,qwen3.6-27b,Mt-Rv-Lv-Gt,re2_ob,90,19619.556,1765760,196,17640,19815.556,1783400,191.23333,17211,20006.789,1800611,1,90,,,
cross_region,qwen3.6-27b,Mt-Rv-Lv-Gv,re2_ob,90,18444.111,1659970,746,67140,19190.111,1727110,190.8,17172,19380.911,1744282,1,90,,,
cross_region,qwen3.6-27b,Mv-Rt-Lt-Gt,re2_ob,90,2759.5444,248359,1371,123390,4130.5444,371749,189.35556,17042,4319.9,388791,1,90,,,
cross_region,qwen3.6-27b,Mv-Rt-Lt-Gv,re2_ob,90,1584.1,142569,1921,172890,3505.1,315459,189.55556,17060,3694.6556,332519,1,90,,,
cross_region,qwen3.6-27b,Mv-Rt-Lv-Gt,re2_ob,90,2290.6444,206158,1469,132210,3759.6444,338368,190.05556,17105,3949.7,355473,1,90,,,
cross_region,qwen3.6-27b,Mv-Rt-Lv-Gv,re2_ob,90,1115.2,100368,2019,181710,3134.2,282078,189.77778,17080,3323.9778,299158,1,90,,,
cross_region,qwen3.6-27b,Mv-Rv-Lt-Gt,re2_ob,90,2179.9556,196196,1469,132210,3648.9556,328406,190.56667,17151,3839.5222,345557,1,90,,,
cross_region,qwen3.6-27b,Mv-Rv-Lt-Gv,re2_ob,90,1004.5111,90406,2019,181710,3023.5111,272116,190.08889,17108,3213.6,289224,1,90,,,
cross_region,qwen3.6-27b,Mv-Rv-Lv-Gt,re2_ob,90,1711.0556,153995,1567,141030,3278.0556,295025,190.2,17118,3468.2556,312143,1,90,,,
cross_region,qwen3.6-27b,Mv-Rv-Lv-Gv,re2_ob,90,535.61111,48205,2117,190530,2652.6111,238735,191.28889,17216,2843.9,255951,1,90,,,
cross_region,qwen3.6-27b,P,re2_ob,90,535.61111,48205,22416,2017440,22951.611,2065645,189.64444,17068,23141.256,2082713,1,90,,,
cross_region,qwen3.6-27b,V,re2_ob,90,535.61111,48205,2109,189810,2644.6111,238015,191.31111,17218,2835.9222,255233,1,90,,,
cross_region,qwen3.6-27b,H,re2_tt,90,20788.156,1870934,2106.8222,189614,22894.978,2060548,184.62222,16616,23079.6,2077164,1,90,,,
cross_region,qwen3.6-27b,Mt-Rt-Lt-Gt,re2_tt,90,20788.156,1870934,0,0,20788.156,1870934,185.65556,16709,20973.811,1887643,1,90,,,
cross_region,qwen3.6-27b,Mt-Rt-Lt-Gv,re2_tt,90,19379.989,1744199,540.2,48618,19920.189,1792817,183.03333,16473,20103.222,1809290,1,90,,,
cross_region,qwen3.6-27b,Mt-Rt-Lv-Gt,re2_tt,90,20556.189,1850057,98,8820,20654.189,1858877,185.34444,16681,20839.533,1875558,1,90,,,
cross_region,qwen3.6-27b,Mt-Rt-Lv-Gv,re2_tt,90,19148.022,1723322,638.2,57438,19786.222,1780760,185.46667,16692,19971.689,1797452,1,90,,,
cross_region,qwen3.6-27b,Mt-Rv-Lt-Gt,re2_tt,90,20140.778,1812670,98,8820,20238.778,1821490,185.76667,16719,20424.544,1838209,1,90,,,
cross_region,qwen3.6-27b,Mt-Rv-Lt-Gv,re2_tt,90,18732.611,1685935,638.2,57438,19370.811,1743373,183.86667,16548,19554.678,1759921,1,90,,,
cross_region,qwen3.6-27b,Mt-Rv-Lv-Gt,re2_tt,90,19908.811,1791793,196,17640,20104.811,1809433,186.2,16758,20291.011,1826191,1,90,,,
cross_region,qwen3.6-27b,Mt-Rv-Lv-Gv,re2_tt,90,18500.644,1665058,736.2,66258,19236.844,1731316,186.94444,16825,19423.789,1748141,1,90,,,
cross_region,qwen3.6-27b,Mv-Rt-Lt-Gt,re2_tt,90,2821.2222,253910,1371,123390,4192.2222,377300,183.45556,16511,4375.6778,393811,1,90,,,
cross_region,qwen3.6-27b,Mv-Rt-Lt-Gv,re2_tt,90,1413.0556,127175,1911.2,172008,3324.2556,299183,185.12222,16661,3509.3778,315844,1,90,,,
cross_region,qwen3.6-27b,Mv-Rt-Lv-Gt,re2_tt,90,2589.2556,233033,1469,132210,4058.2556,365243,185.56667,16701,4243.8222,381944,1,90,,,
cross_region,qwen3.6-27b,Mv-Rt-Lv-Gv,re2_tt,90,1181.0889,106298,2009.2,180828,3190.2889,287126,185.06667,16656,3375.3556,303782,1,90,,,
cross_region,qwen3.6-27b,Mv-Rv-Lt-Gt,re2_tt,90,2173.8444,195646,1469,132210,3642.8444,327856,188.55556,16970,3831.4,344826,1,90,,,
cross_region,qwen3.6-27b,Mv-Rv-Lt-Gv,re2_tt,90,765.67778,68911,2009.2,180828,2774.8778,249739,188.7,16983,2963.5778,266722,1,90,,,
cross_region,qwen3.6-27b,Mv-Rv-Lv-Gt,re2_tt,90,1941.8778,174769,1567,141030,3508.8778,315799,186.52222,16787,3695.4,332586,1,90,,,
cross_region,qwen3.6-27b,Mv-Rv-Lv-Gv,re2_tt,90,533.71111,48034,2107.2,189648,2640.9111,237682,189.66667,17070,2830.5778,254752,1,90,,,
cross_region,qwen3.6-27b,P,re2_tt,90,533.71111,48034,22416,2017440,22949.711,2065474,182.83333,16455,23132.544,2081929,1,90,,,
cross_region,qwen3.6-27b,V,re2_tt,90,533.71111,48034,2106.8222,189614,2640.5333,237648,189.82222,17084,2830.3556,254732,1,90,,,
cross_region,qwen3.8-27b,H,aegislab,96,18980.802,1822157,2144.2188,205845,21125.021,2028002,191.69792,18403,21316.719,2046405,1,96,,,
cross_region,qwen3.8-27b,Mt-Rt-Lt-Gt,aegislab,96,18980.802,1822157,0,0,18980.802,1822157,185,17760,19165.802,1839917,1,96,,,
cross_region,qwen3.8-27b,Mt-Rt-Lt-Gv,aegislab,96,17475.115,1677611,570.92708,54809,18046.042,1732420,187.90625,18039,18233.948,1750459,1,96,,,
cross_region,qwen3.8-27b,Mt-Rt-Lv-Gt,aegislab,96,18461.792,1772332,98,9408,18559.792,1781740,193.59375,18585,18753.385,1800325,1,96,,,
cross_region,qwen3.8-27b,Mt-Rt-Lv-Gv,aegislab,96,16956.104,1627786,668.92708,64217,17625.031,1692003,195.35417,18754,17820.385,1710757,1,96,,,
cross_region,qwen3.8-27b,Mt-Rv-Lt-Gt,aegislab,96,18323.042,1759012,98,9408,18421.042,1768420,189.13542,18157,18610.177,1786577,1,96,,,
cross_region,qwen3.8-27b,Mt-Rv-Lt-Gv,aegislab,96,16817.354,1614466,668.92708,64217,17486.281,1678683,189.20833,18164,17675.49,1696847,1,96,,,
cross_region,qwen3.8-27b,Mt-Rv-Lv-Gt,aegislab,96,17804.031,1709187,196,18816,18000.031,1728003,195.58333,18776,18195.615,1746779,1,96,,,
cross_region,qwen3.8-27b,Mt-Rv-Lv-Gv,aegislab,96,16298.344,1564641,766.92708,73625,17065.271,1638266,194.34375,18657,17259.615,1656923,1,96,,,
cross_region,qwen3.8-27b,Mv-Rt-Lt-Gt,aegislab,96,3214.4271,308585,1371,131616,4585.4271,440201,195.34375,18753,4780.7708,458954,1,96,,,
cross_region,qwen3.8-27b,Mv-Rt-Lt-Gv,aegislab,96,1708.7396,164039,1941.9271,186425,3650.6667,350464,194.20833,18644,3844.875,369108,1,96,,,
cross_region,qwen3.8-27b,Mv-Rt-Lv-Gt,aegislab,96,2695.4167,258760,1469,141024,4164.4167,399784,199.9375,19194,4364.3542,418978,1,96,,,
cross_region,qwen3.8-27b,Mv-Rt-Lv-Gv,aegislab,96,1189.7292,114214,2039.9271,195833,3229.6562,310047,193.77083,18602,3423.4271,328649,1,96,,,
cross_region,qwen3.8-27b,Mv-Rv-Lt-Gt,aegislab,96,2556.6667,245440,1469,141024,4025.6667,386464,198.17708,19025,4223.8438,405489,1,96,,,
cross_region,qwen3.8-27b,Mv-Rv-Lt-Gv,aegislab,96,1050.9792,100894,2039.9271,195833,3090.9062,296727,190.48958,18287,3281.3958,315014,1,96,,,
cross_region,qwen3.8-27b,Mv-Rv-Lv-Gt,aegislab,96,2037.6562,195615,1567,150432,3604.6562,346047,198.14583,19022,3802.8021,365069,1,96,,,
cross_region,qwen3.8-27b,Mv-Rv-Lv-Gv,aegislab,96,531.96875,51069,2137.9271,205241,2669.8958,256310,197.57292,18967,2867.4688,275277,1,96,,,
cross_region,qwen3.8-27b,P,aegislab,96,531.96875,51069,20752.312,1992222,21284.281,2043291,180.58333,17336,21464.865,2060627,1,96,,,
cross_region,qwen3.8-27b,V,aegislab,96,531.96875,51069,2144.2188,205845,2676.1875,256914,192.75,18504,2868.9375,275418,1,96,,,
cross_region,qwen3.8-27b,H,aiops2022,100,16743.44,1674344,2088.42,208842,18831.86,1883186,128.36,12836,18960.22,1896022,1,100,,,
cross_region,qwen3.8-27b,Mt-Rt-Lt-Gt,aiops2022,100,16743.44,1674344,0,0,16743.44,1674344,123.52,12352,16866.96,1686696,1,100,,,
cross_region,qwen3.8-27b,Mt-Rt-Lt-Gv,aiops2022,100,15370.45,1537045,521.09,52109,15891.54,1589154,127.71,12771,16019.25,1601925,1,100,,,
cross_region,qwen3.8-27b,Mt-Rt-Lv-Gt,aiops2022,100,16282.62,1628262,98,9800,16380.62,1638062,130.83,13083,16511.45,1651145,1,100,,,
cross_region,qwen3.8-27b,Mt-Rt-Lv-Gv,aiops2022,100,14909.63,1490963,619.09,61909,15528.72,1552872,130.59,13059,15659.31,1565931,1,100,,,
cross_region,qwen3.8-27b,Mt-Rv-Lt-Gt,aiops2022,100,16050.09,1605009,98,9800,16148.09,1614809,127.4,12740,16275.49,1627549,1,100,,,
cross_region,qwen3.8-27b,Mt-Rv-Lt-Gv,aiops2022,100,14677.1,1467710,619.09,61909,15296.19,1529619,126.5,12650,15422.69,1542269,1,100,,,
cross_region,qwen3.8-27b,Mt-Rv-Lv-Gt,aiops2022,100,15589.27,1558927,196,19600,15785.27,1578527,130.48,13048,15915.75,1591575,1,100,,,
cross_region,qwen3.8-27b,Mt-Rv-Lv-Gv,aiops2022,100,14216.28,1421628,717.09,71709,14933.37,1493337,128.39,12839,15061.76,1506176,1,100,,,
cross_region,qwen3.8-27b,Mv-Rt-Lt-Gt,aiops2022,100,2993.28,299328,1371,137100,4364.28,436428,127.39,12739,4491.67,449167,1,100,,,
cross_region,qwen3.8-27b,Mv-Rt-Lt-Gv,aiops2022,100,1620.29,162029,1892.09,189209,3512.38,351238,126.57,12657,3638.95,363895,1,100,,,
cross_region,qwen3.8-27b,Mv-Rt-Lv-Gt,aiops2022,100,2532.46,253246,1469,146900,4001.46,400146,129.14,12914,4130.6,413060,1,100,,,
cross_region,qwen3.8-27b,Mv-Rt-Lv-Gv,aiops2022,100,1159.47,115947,1990.09,199009,3149.56,314956,126.55,12655,3276.11,327611,1,100,,,
cross_region,qwen3.8-27b,Mv-Rv-Lt-Gt,aiops2022,100,2299.93,229993,1469,146900,3768.93,376893,127.38,12738,3896.31,389631,1,100,,,
cross_region,qwen3.8-27b,Mv-Rv-Lt-Gv,aiops2022,100,926.94,92694,1990.09,199009,2917.03,291703,124.41,12441,3041.44,304144,1,100,,,
cross_region,qwen3.8-27b,Mv-Rv-Lv-Gt,aiops2022,100,1839.11,183911,1567,156700,3406.11,340611,127.53,12753,3533.64,353364,1,100,,,
cross_region,qwen3.8-27b,Mv-Rv-Lv-Gv,aiops2022,100,466.12,46612,2088.09,208809,2554.21,255421,129.26,12926,2683.47,268347,1,100,,,
cross_region,qwen3.8-27b,P,aiops2022,100,466.12,46612,19585.98,1958598,20052.1,2005210,122.38,12238,20174.48,2017448,1,100,,,
cross_region,qwen3.8-27b,V,aiops2022,100,466.12,46612,2088.42,208842,2554.54,255454,128.82,12882,2683.36,268336,1,100,,,
cross_region,qwen3.8-27b,H,aiops2025,93,15321.237,1424875,2050.5161,190698,17371.753,1615573,143.48387,13344,17515.237,1628917,1,93,,,
cross_region,qwen3.8-27b,Mt-Rt-Lt-Gt,aiops2025,93,15321.237,1424875,0,0,15321.237,1424875,140.91398,13105,15462.151,1437980,1,93,,,
cross_region,qwen3.8-27b,Mt-Rt-Lt-Gv,aiops2025,93,14098.011,1311115,481.50538,44780,14579.516,1355895,142.58065,13260,14722.097,1369155,1,93,,,
cross_region,qwen3.8-27b,Mt-Rt-Lv-Gt,aiops2025,93,14883.892,1384202,98,9114,14981.892,1393316,144.96774,13482,15126.86,1406798,1,93,,,
cross_region,qwen3.8-27b,Mt-Rt-Lv-Gv,aiops2025,93,13660.667,1270442,579.50538,53894,14240.172,1324336,144.51613,13440,14384.688,1337776,1,93,,,
cross_region,qwen3.8-27b,Mt-Rv-Lt-Gt,aiops2025,93,14669.29,1364244,98,9114,14767.29,1373358,143.88172,13381,14911.172,1386739,1,93,,,
cross_region,qwen3.8-27b,Mt-Rv-Lt-Gv,aiops2025,93,13446.065,1250484,579.50538,53894,14025.57,1304378,141.8172,13189,14167.387,1317567,1,93,,,
cross_region,qwen3.8-27b,Mt-Rv-Lv-Gt,aiops2025,93,14231.946,1323571,196,18228,14427.946,1341799,144.32258,13422,14572.269,1355221,1,93,,,
cross_region,qwen3.8-27b,Mt-Rv-Lv-Gv,aiops2025,93,13008.72,1209811,677.50538,63008,13686.226,1272819,144.04301,13396,13830.269,1286215,1,93,,,
cross_region,qwen3.8-27b,Mv-Rt-Lt-Gt,aiops2025,93,2797.957,260210,1371,127503,4168.957,387713,145.06452,13491,4314.0215,401204,1,93,,,
cross_region,qwen3.8-27b,Mv-Rt-Lt-Gv,aiops2025,93,1574.7312,146450,1852.5054,172283,3427.2366,318733,141.70968,13179,3568.9462,331912,1,93,,,
cross_region,qwen3.8-27b,Mv-Rt-Lv-Gt,aiops2025,93,2360.6129,219537,1469,136617,3829.6129,356154,145.96774,13575,3975.5806,369729,1,93,,,
cross_region,qwen3.8-27b,Mv-Rt-Lv-Gv,aiops2025,93,1137.3871,105777,1950.5054,181397,3087.8925,287174,142.93548,13293,3230.828,300467,1,93,,,
cross_region,qwen3.8-27b,Mv-Rv-Lt-Gt,aiops2025,93,2146.0108,199579,1469,136617,3615.0108,336196,145.45161,13527,3760.4624,349723,1,93,,,
cross_region,qwen3.8-27b,Mv-Rv-Lt-Gv,aiops2025,93,922.78495,85819,1950.5054,181397,2873.2903,267216,143.01075,13300,3016.3011,280516,1,93,,,
cross_region,qwen3.8-27b,Mv-Rv-Lv-Gt,aiops2025,93,1708.6667,158906,1567,145731,3275.6667,304637,146.53763,13628,3422.2043,318265,1,93,,,
cross_region,qwen3.8-27b,Mv-Rv-Lv-Gv,aiops2025,93,485.44086,45146,2048.5054,190511,2533.9462,235657,145.44086,13526,2679.3871,249183,1,93,,,
cross_region,qwen3.8-27b,P,aiops2025,93,485.44086,45146,17836.387,1658784,18321.828,1703930,138.08602,12842,18459.914,1716772,1,93,,,
cross_region,qwen3.8-27b,V,aiops2025,93,485.44086,45146,2050.5161,190698,2535.957,235844,146.06452,13584,2682.0215,249428,1,93,,,
cross_region,qwen3.8-27b,H,all_469,469,18517.535,8684724,2093.7463,981967,20611.281,9666691,169.62473,79554,20780.906,9746245,1,469,,,
cross_region,qwen3.8-27b,Mt-Rt-Lt-Gt,all_469,469,18517.535,8684724,0,0,18517.535,8684724,164.49467,77148,18682.03,8761872,1,469,,,
cross_region,qwen3.8-27b,Mt-Rt-Lt-Gv,all_469,469,17140.716,8038996,525.34328,246386,17666.06,8285382,167.11087,78375,17833.171,8363757,1,469,,,
cross_region,qwen3.8-27b,Mt-Rt-Lv-Gt,all_469,469,18091.874,8485089,98,45962,18189.874,8531051,170.81876,80114,18360.693,8611165,1,469,,,
cross_region,qwen3.8-27b,Mt-Rt-Lv-Gv,all_469,469,16715.055,7839361,623.34328,292348,17338.399,8131709,170.92964,80166,17509.328,8211875,1,469,,,
cross_region,qwen3.8-27b,Mt-Rv-Lt-Gt,all_469,469,17870.32,8381180,98,45962,17968.32,8427142,167.83369,78714,18136.154,8505856,1,469,,,
cross_region,qwen3.8-27b,Mt-Rv-Lt-Gv,all_469,469,16493.501,7735452,623.34328,292348,17116.844,8027800,166.98507,78316,17283.829,8106116,1,469,,,
cross_region,qwen3.8-27b,Mt-Rv-Lv-Gt,all_469,469,17444.659,8181545,196,91924,17640.659,8273469,171.19616,80291,17811.855,8353760,1,469,,,
cross_region,qwen3.8-27b,Mt-Rv-Lv-Gv,all_469,469,16067.84,7535817,721.34328,338310,16789.183,7874127,170.27719,79860,16959.461,7953987,1,469,,,
cross_region,qwen3.8-27b,Mv-Rt-Lt-Gt,all_469,469,2959.4968,1388004,1371,642999,4330.4968,2031003,172.83369,81059,4503.3305,2112062,1,469,,,
cross_region,qwen3.8-27b,Mv-Rt-Lt-Gv,all_469,469,1582.678,742276,1896.3433,889385,3479.0213,1631661,170.45842,79945,3649.4797,1711606,1,469,,,
cross_region,qwen3.8-27b,Mv-Rt-Lv-Gt,all_469,469,2533.8358,1188369,1469,688961,4002.8358,1877330,174.08102,81644,4176.9168,1958974,1,469,,,
cross_region,qwen3.8-27b,Mv-Rt-Lv-Gv,all_469,469,1157.0171,542641,1994.3433,935347,3151.3603,1477988,169.40725,79452,3320.7676,1557440,1,469,,,
cross_region,qwen3.8-27b,Mv-Rv-Lt-Gt,all_469,469,2312.2814,1084460,1469,688961,3781.2814,1773421,172.90618,81093,3954.1876,1854514,1,469,,,
cross_region,qwen3.8-27b,Mv-Rv-Lt-Gv,all_469,469,935.46269,438732,1994.3433,935347,2929.806,1374079,167.76119,78680,3097.5672,1452759,1,469,,,
cross_region,qwen3.8-27b,Mv-Rv-Lv-Gt,all_469,469,1886.6205,884825,1567,734923,3453.6205,1619748,172.77825,81033,3626.3987,1700781,1,469,,,
cross_region,qwen3.8-27b,Mv-Rv-Lv-Gv,all_469,469,509.80171,239097,2092.3433,981309,2602.145,1220406,189.86567,89047,2792.0107,1309453,1,469,,,
cross_region,qwen3.8-27b,P,all_469,469,509.80171,239097,20563.932,9644484,21073.733,9883581,161.61834,75799,21235.352,9959380,1,469,,,
cross_region,qwen3.8-27b,V,all_469,469,509.80171,239097,2093.7463,981967,2603.548,1221064,170.71642,80066,2774.2644,1301130,1,469,,,
cross_region,qwen3.8-27b,H,headline_289,289,17028.983,4921376,2094.7578,605385,19123.74,5526761,154.26644,44583,19278.007,5571344,1,289,,,
cross_region,qwen3.8-27b,Mt-Rt-Lt-Gt,headline_289,289,17028.983,4921376,0,0,17028.983,4921376,149.53979,43217,17178.522,4964593,1,289,,,
cross_region,qwen3.8-27b,Mt-Rt-Lt-Gv,headline_289,289,15660.107,4525771,524.90657,151698,16185.014,4677469,152.49135,44070,16337.505,4721539,1,289,,,
cross_region,qwen3.8-27b,Mt-Rt-Lv-Gt,headline_289,289,16556.388,4784796,98,28322,16654.388,4813118,156.22837,45150,16810.616,4858268,1,289,,,
cross_region,qwen3.8-27b,Mt-Rt-Lv-Gv,headline_289,289,15187.512,4389191,622.90657,180020,15810.419,4569211,156.58478,45253,15967.003,4614464,1,289,,,
cross_region,qwen3.8-27b,Mt-Rv-Lt-Gt,headline_289,289,16360.779,4728265,98,28322,16458.779,4756587,153.21107,44278,16611.99,4800865,1,289,,,
cross_region,qwen3.8-27b,Mt-Rv-Lt-Gv,headline_289,289,14991.903,4332660,622.90657,180020,15614.81,4512680,152.25952,44003,15767.069,4556683,1,289,,,
cross_region,qwen3.8-27b,Mt-Rv-Lv-Gt,headline_289,289,15888.183,4591685,196,56644,16084.183,4648329,156.56055,45246,16240.744,4693575,1,289,,,
cross_region,qwen3.8-27b,Mt-Rv-Lv-Gv,headline_289,289,14519.308,4196080,720.90657,208342,15240.215,4404422,155.33564,44892,15395.55,4449314,1,289,,,
cross_region,qwen3.8-27b,Mv-Rt-Lt-Gt,headline_289,289,3003.8858,868123,1371,396219,4374.8858,1264342,155.65052,44983,4530.5363,1309325,1,289,,,
cross_region,qwen3.8-27b,Mv-Rt-Lt-Gv,headline_289,289,1635.0104,472518,1895.9066,547917,3530.917,1020435,153.91003,44480,3684.827,1064915,1,289,,,
cross_region,qwen3.8-27b,Mv-Rt-Lv-Gt,headline_289,289,2531.2907,731543,1469,424541,4000.2907,1156084,158.07266,45683,4158.3633,1201767,1,289,,,
cross_region,qwen3.8-27b,Mv-Rt-Lv-Gv,headline_289,289,1162.4152,335938,1993.9066,576239,3156.3218,912177,154.15225,44550,3310.474,956727,1,289,,,
cross_region,qwen3.8-27b,Mv-Rv-Lt-Gt,headline_289,289,2335.6817,675012,1469,424541,3804.6817,1099553,156.7128,45290,3961.3945,1144843,1,289,,,
cross_region,qwen3.8-27b,Mv-Rv-Lt-Gv,headline_289,289,966.80623,279407,1993.9066,576239,2960.7128,855646,152.34602,44028,3113.0588,899674,1,289,,,
cross_region,qwen3.8-27b,Mv-Rv-Lv-Gt,headline_289,289,1863.0865,538432,1567,452863,3430.0865,991295,157.10381,45403,3587.1903,1036698,1,289,,,
cross_region,qwen3.8-27b,Mv-Rv-Lv-Gv,headline_289,289,494.21107,142827,2091.9066,604561,2586.1176,747388,157.15917,45419,2743.2768,792807,1,289,,,
cross_region,qwen3.8-27b,P,headline_289,289,494.21107,142827,19410.394,5609604,19904.606,5752431,146.76817,42416,20051.374,5794847,1,289,,,
cross_region,qwen3.8-27b,V,headline_289,289,494.21107,142827,2094.7578,605385,2588.9689,748212,155.60554,44970,2744.5744,793182,1,289,,,
cross_region,qwen3.8-27b,H,re2_ob,90,21077.156,1896944,2097.5667,188781,23174.722,2085725,196.88889,17720,23371.611,2103445,1,90,,,
cross_region,qwen3.8-27b,Mt-Rt-Lt-Gt,re2_ob,90,21077.156,1896944,0,0,21077.156,1896944,190.71111,17164,21267.867,1914108,1,90,,,
cross_region,qwen3.8-27b,Mt-Rt-Lt-Gv,re2_ob,90,19660.822,1769474,531.48889,47834,20192.311,1817308,192.95556,17366,20385.267,1834674,1,90,,,
cross_region,qwen3.8-27b,Mt-Rt-Lv-Gt,re2_ob,90,20608.511,1854766,98,8820,20706.511,1863586,195.61111,17605,20902.122,1881191,1,90,,,
cross_region,qwen3.8-27b,Mt-Rt-Lv-Gv,re2_ob,90,19192.178,1727296,629.48889,56654,19821.667,1783950,196.2,17658,20017.867,1801608,1,90,,,
cross_region,qwen3.8-27b,Mt-Rv-Lt-Gt,re2_ob,90,20497.311,1844758,98,8820,20595.311,1853578,194.02222,17462,20789.333,1871040,1,90,,,
cross_region,qwen3.8-27b,Mt-Rv-Lt-Gv,re2_ob,90,19080.978,1717288,629.48889,56654,19710.467,1773942,192.36667,17313,19902.833,1791255,1,90,,,
cross_region,qwen3.8-27b,Mt-Rv-Lv-Gt,re2_ob,90,20028.667,1802580,196,17640,20224.667,1820220,194.77778,17530,20419.444,1837750,1,90,,,
cross_region,qwen3.8-27b,Mt-Rv-Lv-Gv,re2_ob,90,18612.333,1675110,727.48889,65474,19339.822,1740584,194.86667,17538,19534.689,1758122,1,90,,,
cross_region,qwen3.8-27b,Mv-Rt-Lt-Gt,re2_ob,90,3000.8889,270080,1371,123390,4371.8889,393470,203.58889,18323,4575.4778,411793,1,90,,,
cross_region,qwen3.8-27b,Mv-Rt-Lt-Gv,re2_ob,90,1584.5556,142610,1902.4889,171224,3487.0444,313834,200.66667,18060,3687.7111,331894,1,90,,,
cross_region,qwen3.8-27b,Mv-Rt-Lv-Gt,re2_ob,90,2532.2444,227902,1469,132210,4001.2444,360112,204.41111,18397,4205.6556,378509,1,90,,,
cross_region,qwen3.8-27b,Mv-Rt-Lv-Gv,re2_ob,90,1115.9111,100432,2000.4889,180044,3116.4,280476,195.6,17604,3312,298080,1,90,,,
cross_region,qwen3.8-27b,Mv-Rv-Lt-Gt,re2_ob,90,2421.0444,217894,1469,132210,3890.0444,350104,201.55556,18140,4091.6,368244,1,90,,,
cross_region,qwen3.8-27b,Mv-Rv-Lt-Gv,re2_ob,90,1004.7111,90424,2000.4889,180044,3005.2,270468,195.03333,17553,3200.2333,288021,1,90,,,
cross_region,qwen3.8-27b,Mv-Rv-Lv-Gt,re2_ob,90,1952.4,175716,1567,141030,3519.4,316746,198.9,17901,3718.3,334647,1,90,,,
cross_region,qwen3.8-27b,Mv-Rv-Lv-Gv,re2_ob,90,536.06667,48246,2098.4889,188864,2634.5556,237110,200.44444,18040,2835,255150,1,90,,,
cross_region,qwen3.8-27b,P,re2_ob,90,536.06667,48246,22416,2017440,22952.067,2065686,186.72222,16805,23138.789,2082491,1,90,,,
cross_region,qwen3.8-27b,V,re2_ob,90,536.06667,48246,2097.5667,188781,2633.6333,237027,196.24444,17662,2829.8778,254689,1,90,,,
cross_region,qwen3.8-27b,H,re2_tt,90,20737.822,1866404,2086.6778,187801,22824.5,2054205,191.67778,17251,23016.178,2071456,1,90,,,
cross_region,qwen3.8-27b,Mt-Rt-Lt-Gt,re2_tt,90,20737.822,1866404,0,0,20737.822,1866404,186.3,16767,20924.122,1883171,1,90,,,
cross_region,qwen3.8-27b,Mt-Rt-Lt-Gv,re2_tt,90,19375.011,1743751,520.6,46854,19895.611,1790605,188.21111,16939,20083.822,1807544,1,90,,,
cross_region,qwen3.8-27b,Mt-Rt-Lv-Gt,re2_tt,90,20505.856,1845527,98,8820,20603.856,1854347,192.87778,17359,20796.733,1871706,1,90,,,
cross_region,qwen3.8-27b,Mt-Rt-Lv-Gv,re2_tt,90,19143.044,1722874,618.6,55674,19761.644,1778548,191.72222,17255,19953.367,1795803,1,90,,,
cross_region,qwen3.8-27b,Mt-Rv-Lt-Gt,re2_tt,90,20090.633,1808157,98,8820,20188.633,1816977,188.6,16974,20377.233,1833951,1,90,,,
cross_region,qwen3.8-27b,Mt-Rv-Lt-Gv,re2_tt,90,18727.822,1685504,618.6,55674,19346.422,1741178,188.88889,17000,19535.311,1758178,1,90,,,
cross_region,qwen3.8-27b,Mt-Rv-Lv-Gt,re2_tt,90,19858.667,1787280,196,17640,20054.667,1804920,194.61111,17515,20249.278,1822435,1,90,,,
cross_region,qwen3.8-27b,Mt-Rv-Lv-Gv,re2_tt,90,18495.856,1664627,716.6,64494,19212.456,1729121,193.66667,17430,19406.122,1746551,1,90,,,
cross_region,qwen3.8-27b,Mv-Rt-Lt-Gt,re2_tt,90,2775.5667,249801,1371,123390,4146.5667,373191,197.25556,17753,4343.8222,390944,1,90,,,
cross_region,qwen3.8-27b,Mv-Rt-Lt-Gv,re2_tt,90,1412.7556,127148,1891.6,170244,3304.3556,297392,193.38889,17405,3497.7444,314797,1,90,,,
cross_region,qwen3.8-27b,Mv-Rt-Lv-Gt,re2_tt,90,2543.6,228924,1469,132210,4012.6,361134,195.15556,17564,4207.7556,378698,1,90,,,
cross_region,qwen3.8-27b,Mv-Rt-Lv-Gv,re2_tt,90,1180.7889,106271,1989.6,179064,3170.3889,285335,192.2,17298,3362.5889,302633,1,90,,,
cross_region,qwen3.8-27b,Mv-Rv-Lt-Gt,re2_tt,90,2128.3778,191554,1469,132210,3597.3778,323764,196.25556,17663,3793.6333,341427,1,90,,,
cross_region,qwen3.8-27b,Mv-Rv-Lt-Gv,re2_tt,90,765.56667,68901,1989.6,179064,2755.1667,247965,189.98889,17099,2945.1556,265064,1,90,,,
cross_region,qwen3.8-27b,Mv-Rv-Lv-Gt,re2_tt,90,1896.4111,170677,1567,141030,3463.4111,311707,196.98889,17729,3660.4,329436,1,90,,,
cross_region,qwen3.8-27b,Mv-Rv-Lv-Gv,re2_tt,90,533.6,48024,2087.6,187884,2621.2,235908,284.31111,25588,2905.5111,261496,1,90,,,
cross_region,qwen3.8-27b,P,re2_tt,90,533.6,48024,22416,2017440,22949.6,2065464,184.2,16578,23133.8,2082042,1,90,,,
cross_region,qwen3.8-27b,V,re2_tt,90,533.6,48024,2086.6778,187801,2620.2778,235825,193.71111,17434,2813.9889,253259,1,90,,,
direct_rca,gemma-4-26b-a4b,F,aegislab,96,15237.865,1462835,0,0,15237.865,1462835,78.395833,7526,15316.26,1470361,1,96,,,
direct_rca,gemma-4-26b-a4b,H,aegislab,96,14590.323,1400671,1086.5,104304,15676.823,1504975,78.989583,7583,15755.812,1512558,1,96,,,
direct_rca,gemma-4-26b-a4b,P,aegislab,96,2086.4167,200296,8050.5938,772857,10137.01,973153,64.385417,6181,10201.396,979334,1,96,,,
direct_rca,gemma-4-26b-a4b,R,aegislab,96,3432.25,329496,1086.5,104304,4518.75,433800,71.854167,6898,4590.6042,440698,1,96,,,
direct_rca,gemma-4-26b-a4b,T,aegislab,96,14590.323,1400671,0,0,14590.323,1400671,80.010417,7681,14670.333,1408352,1,96,,,
direct_rca,gemma-4-26b-a4b,V,aegislab,96,2086.4167,200296,1086.5,104304,3172.9167,304600,67.09375,6441,3240.0104,311041,1,96,,,
direct_rca,gemma-4-26b-a4b,F,aiops2022,100,13662.15,1366215,0,0,13662.15,1366215,79.85,7985,13742,1374200,1,100,,,
direct_rca,gemma-4-26b-a4b,H,aiops2022,100,13056.95,1305695,1085,108500,14141.95,1414195,85.2,8520,14227.15,1422715,1,100,,,
direct_rca,gemma-4-26b-a4b,P,aiops2022,100,1738.72,173872,7598.13,759813,9336.85,933685,64.21,6421,9401.06,940106,1,100,,,
direct_rca,gemma-4-26b-a4b,R,aiops2022,100,3044.33,304433,1085,108500,4129.33,412933,78.91,7891,4208.24,420824,1,100,,,
direct_rca,gemma-4-26b-a4b,T,aiops2022,100,13056.95,1305695,0,0,13056.95,1305695,83.22,8322,13140.17,1314017,1,100,,,
direct_rca,gemma-4-26b-a4b,V,aiops2022,100,1738.72,173872,1085,108500,2823.72,282372,74.49,7449,2898.21,289821,1,100,,,
direct_rca,gemma-4-26b-a4b,F,aiops2025,93,12934.226,1202883,0,0,12934.226,1202883,83.430108,7759,13017.656,1210642,1,93,,,
direct_rca,gemma-4-26b-a4b,H,aiops2025,93,12360.946,1149568,1083.3978,100756,13444.344,1250324,84.817204,7888,13529.161,1258212,1,93,,,
direct_rca,gemma-4-26b-a4b,P,aiops2025,93,1674.0538,155687,6919.3978,643504,8593.4516,799191,65.086022,6053,8658.5376,805244,1,93,,,
direct_rca,gemma-4-26b-a4b,R,aiops2025,93,2911.957,270812,1083.3978,100756,3995.3548,371568,78.752688,7324,4074.1075,378892,1,93,,,
direct_rca,gemma-4-26b-a4b,T,aiops2025,93,12360.946,1149568,0,0,12360.946,1149568,85.505376,7952,12446.452,1157520,1,93,,,
direct_rca,gemma-4-26b-a4b,V,aiops2025,93,1674.0538,155687,1083.3978,100756,2757.4516,256443,75.924731,7061,2833.3763,263504,1,93,,,
direct_rca,gemma-4-26b-a4b,F,all_469,469,14051.07,6589952,0,0,14051.07,6589952,80.21322,37620,14131.284,6627572,1,469,,,
direct_rca,gemma-4-26b-a4b,H,all_469,469,13452.237,6309099,1085.1087,508916,14537.345,6818015,83.411514,39120,14620.757,6857135,1,469,,,
direct_rca,gemma-4-26b-a4b,P,all_469,469,1670.5011,783465,7977.5139,3741454,9648.0149,4524919,65.260128,30607,9713.2751,4555526,1,469,,,
direct_rca,gemma-4-26b-a4b,R,all_469,469,2891.548,1356136,1085.1087,508916,3976.6567,1865052,75.47548,35398,4052.1322,1900450,1,469,,,
direct_rca,gemma-4-26b-a4b,T,all_469,469,13452.237,6309099,0,0,13452.237,6309099,83.420043,39124,13535.657,6348223,1,469,,,
direct_rca,gemma-4-26b-a4b,V,all_469,469,1670.5011,783465,1085.1087,508916,2755.6098,1292381,70.897655,33251,2826.5075,1325632,1,469,,,
direct_rca,gemma-4-26b-a4b,F,headline_289,289,13951.325,4031933,0,0,13951.325,4031933,80.519031,23270,14031.844,4055203,1,289,,,
direct_rca,gemma-4-26b-a4b,H,headline_289,289,13342.332,3855934,1084.9827,313560,14427.315,4169494,83.013841,23991,14510.329,4193485,1,289,,,
direct_rca,gemma-4-26b-a4b,P,headline_289,289,1833.4083,529855,7530.0138,2176174,9363.4221,2706029,64.550173,18655,9427.9723,2724684,1,289,,,
direct_rca,gemma-4-26b-a4b,R,headline_289,289,3130.5917,904741,1084.9827,313560,4215.5744,1218301,76.515571,22113,4292.09,1240414,1,289,,,
direct_rca,gemma-4-26b-a4b,T,headline_289,289,13342.332,3855934,0,0,13342.332,3855934,82.889273,23955,13425.221,3879889,1,289,,,
direct_rca,gemma-4-26b-a4b,V,headline_289,289,1833.4083,529855,1084.9827,313560,2918.391,843415,72.49481,20951,2990.8858,864366,1,289,,,
direct_rca,gemma-4-26b-a4b,F,re2_ob,90,14347.333,1291260,0,0,14347.333,1291260,77.344444,6961,14424.678,1298221,1,90,,,
direct_rca,gemma-4-26b-a4b,H,re2_ob,90,13738.622,1236476,1086.0556,97745,14824.678,1334221,85.811111,7723,14910.489,1341944,1,90,,,
direct_rca,gemma-4-26b-a4b,P,re2_ob,90,1188.5444,106969,8696,782640,9884.5444,889609,70.077778,6307,9954.6222,895916,1,90,,,
direct_rca,gemma-4-26b-a4b,R,re2_ob,90,2380.5,214245,1086.0556,97745,3466.5556,311990,72.866667,6558,3539.4222,318548,1,90,,,
direct_rca,gemma-4-26b-a4b,T,re2_ob,90,13738.622,1236476,0,0,13738.622,1236476,83.222222,7490,13821.844,1243966,1,90,,,
direct_rca,gemma-4-26b-a4b,V,re2_ob,90,1188.5444,106969,1086.0556,97745,2274.6,204714,69.422222,6248,2344.0222,210962,1,90,,,
direct_rca,gemma-4-26b-a4b,F,re2_tt,90,14075.1,1266759,0,0,14075.1,1266759,82.1,7389,14157.2,1274148,1,90,,,
direct_rca,gemma-4-26b-a4b,H,re2_tt,90,13518.767,1216689,1084.5667,97611,14603.333,1314300,82.288889,7406,14685.622,1321706,1,90,,,
direct_rca,gemma-4-26b-a4b,P,re2_tt,90,1629.3444,146641,8696,782640,10325.344,929281,62.722222,5645,10388.067,934926,1,90,,,
direct_rca,gemma-4-26b-a4b,R,re2_tt,90,2635,237150,1084.5667,97611,3719.5667,334761,74.744444,6727,3794.3111,341488,1,90,,,
direct_rca,gemma-4-26b-a4b,T,re2_tt,90,13518.767,1216689,0,0,13518.767,1216689,85.322222,7679,13604.089,1224368,1,90,,,
direct_rca,gemma-4-26b-a4b,V,re2_tt,90,1629.3444,146641,1084.5667,97611,2713.9111,244252,67.244444,6052,2781.1556,250304,1,90,,,
direct_rca,qwen3.6-27b,F,aegislab,96,13703.229,1315510,0,0,13703.229,1315510,114,10944,13817.229,1326454,1,96,,,
direct_rca,qwen3.6-27b,H,aegislab,96,13215.771,1268714,2144.2188,205845,15359.99,1474559,102.82292,9871,15462.812,1484430,1,96,,,
direct_rca,qwen3.6-27b,P,aegislab,96,2051.1354,196909,20752.312,1992222,22803.448,2189131,91.760417,8809,22895.208,2197940,1,96,,,
direct_rca,qwen3.6-27b,R,aegislab,96,3238.9062,310935,2144.2188,205845,5383.125,516780,98.479167,9454,5481.6042,526234,1,96,,,
direct_rca,qwen3.6-27b,T,aegislab,96,13215.771,1268714,0,0,13215.771,1268714,114.61458,11003,13330.385,1279717,1,96,,,
direct_rca,qwen3.6-27b,V,aegislab,96,2051.1354,196909,2144.2188,205845,4195.3542,402754,97.1875,9330,4292.5417,412084,1,96,,,
direct_rca,qwen3.6-27b,F,aiops2022,100,12254,1225400,0,0,12254,1225400,125.63,12563,12379.63,1237963,1,100,,,
direct_rca,qwen3.6-27b,H,aiops2022,100,11804.16,1180416,2088.42,208842,13892.58,1389258,109.34,10934,14001.92,1400192,1,100,,,
direct_rca,qwen3.6-27b,P,aiops2022,100,1703.54,170354,19585.98,1958598,21289.52,2128952,107.55,10755,21397.07,2139707,1,100,,,
direct_rca,qwen3.6-27b,R,aiops2022,100,2868.71,286871,2088.42,208842,4957.13,495713,102.23,10223,5059.36,505936,1,100,,,
direct_rca,qwen3.6-27b,T,aiops2022,100,11804.16,1180416,0,0,11804.16,1180416,112.96,11296,11917.12,1191712,1,100,,,
direct_rca,qwen3.6-27b,V,aiops2022,100,1703.54,170354,2088.42,208842,3791.96,379196,106.36,10636,3898.32,389832,1,100,,,
direct_rca,qwen3.6-27b,F,aiops2025,93,11536.258,1072872,0,0,11536.258,1072872,114.88172,10684,11651.14,1083556,1,93,,,
direct_rca,qwen3.6-27b,H,aiops2025,93,11112.043,1033420,2050.5161,190698,13162.559,1224118,107.34409,9983,13269.903,1234101,1,93,,,
direct_rca,qwen3.6-27b,P,aiops2025,93,1638.7957,152408,17836.387,1658784,19475.183,1811192,96.634409,8987,19571.817,1820179,1,93,,,
direct_rca,qwen3.6-27b,R,aiops2025,93,2739.086,254735,2050.5161,190698,4789.6022,445433,105.34409,9797,4894.9462,455230,1,93,,,
direct_rca,qwen3.6-27b,T,aiops2025,93,11112.043,1033420,0,0,11112.043,1033420,130.45161,12132,11242.495,1045552,1,93,,,
direct_rca,qwen3.6-27b,V,aiops2025,93,1638.7957,152408,2050.5161,190698,3689.3118,343106,108.72043,10111,3798.0323,353217,1,93,,,
direct_rca,qwen3.6-27b,F,all_469,469,12635.751,5926167,0,0,12635.751,5926167,114.07249,53500,12749.823,5979667,1,469,,,
direct_rca,qwen3.6-27b,H,all_469,469,12189.934,5717079,2093.7463,981967,14283.68,6699046,104.41578,48971,14388.096,6748017,1,469,,,
direct_rca,qwen3.6-27b,P,all_469,469,1635.2708,766942,20563.932,9644484,22199.203,10411426,95.628998,44850,22294.832,10456276,1,469,,,
direct_rca,qwen3.6-27b,R,all_469,469,2719.1471,1275280,2093.7463,981967,4812.8934,2257247,100.15352,46972,4913.0469,2304219,1,469,,,
direct_rca,qwen3.6-27b,T,all_469,469,12189.934,5717079,0,0,12189.934,5717079,115.28998,54071,12305.224,5771150,1,469,,,
direct_rca,qwen3.6-27b,V,all_469,469,1635.2708,766942,2093.7463,981967,3729.0171,1748909,101.56077,47632,3830.5778,1796541,1,469,,,
direct_rca,qwen3.6-27b,F,headline_289,289,12504.436,3613782,0,0,12504.436,3613782,118.30796,34191,12622.744,3647973,1,289,,,
direct_rca,qwen3.6-27b,H,headline_289,289,12050.346,3482550,2094.7578,605385,14145.104,4087935,106.53287,30788,14251.637,4118723,1,289,,,
direct_rca,qwen3.6-27b,P,headline_289,289,1798.1696,519671,19410.394,5609604,21208.564,6129275,98.792388,28551,21307.356,6157826,1,289,,,
direct_rca,qwen3.6-27b,R,headline_289,289,2949.9689,852541,2094.7578,605385,5044.7266,1457926,101.98616,29474,5146.7128,1487400,1,289,,,
direct_rca,qwen3.6-27b,T,headline_289,289,12050.346,3482550,0,0,12050.346,3482550,119.13841,34431,12169.484,3516981,1,289,,,
direct_rca,qwen3.6-27b,V,headline_289,289,1798.1696,519671,2094.7578,605385,3892.9273,1125056,104.07266,30077,3997,1155133,1,289,,,
direct_rca,qwen3.6-27b,F,re2_ob,90,12966.567,1166991,0,0,12966.567,1166991,106.84444,9616,13073.411,1176607,1,90,,,
direct_rca,qwen3.6-27b,H,re2_ob,90,12514.1,1126269,2097.5667,188781,14611.667,1315050,97.955556,8816,14709.622,1323866,1,90,,,
direct_rca,qwen3.6-27b,P,re2_ob,90,1153.3444,103801,22416,2017440,23569.344,2121241,90.866667,8178,23660.211,2129419,1,90,,,
direct_rca,qwen3.6-27b,R,re2_ob,90,2212.8333,199155,2097.5667,188781,4310.4,387936,95.5,8595,4405.9,396531,1,90,,,
direct_rca,qwen3.6-27b,T,re2_ob,90,12514.1,1126269,0,0,12514.1,1126269,107.34444,9661,12621.444,1135930,1,90,,,
direct_rca,qwen3.6-27b,V,re2_ob,90,1153.3444,103801,2097.5667,188781,3250.9111,292582,97.266667,8754,3348.1778,301336,1,90,,,
direct_rca,qwen3.6-27b,F,re2_tt,90,12726.6,1145394,0,0,12726.6,1145394,107.7,9693,12834.3,1155087,1,90,,,
direct_rca,qwen3.6-27b,H,re2_tt,90,12314,1108260,2086.6778,187801,14400.678,1296061,104.07778,9367,14504.756,1305428,1,90,,,
direct_rca,qwen3.6-27b,P,re2_tt,90,1594.1111,143470,22416,2017440,24010.111,2160910,90.233333,8121,24100.344,2169031,1,90,,,
direct_rca,qwen3.6-27b,R,re2_tt,90,2484.2667,223584,2086.6778,187801,4570.9444,411385,98.922222,8903,4669.8667,420288,1,90,,,
direct_rca,qwen3.6-27b,T,re2_tt,90,12314,1108260,0,0,12314,1108260,110.87778,9979,12424.878,1118239,1,90,,,
direct_rca,qwen3.6-27b,V,re2_tt,90,1594.1111,143470,2086.6778,187801,3680.7889,331271,97.788889,8801,3778.5778,340072,1,90,,,
direct_rca,qwen3.8-27b,F,aegislab,96,13703.229,1315510,0,0,13703.229,1315510,150.53125,14451,13853.76,1329961,1,96,,,
direct_rca,qwen3.8-27b,H,aegislab,96,13215.771,1268714,2144.2188,205845,15359.99,1474559,139.89583,13430,15499.885,1487989,1,96,,,
direct_rca,qwen3.8-27b,P,aegislab,96,2051.1354,196909,20752.312,1992222,22803.448,2189131,128.03125,12291,22931.479,2201422,1,96,,,
direct_rca,qwen3.8-27b,R,aegislab,96,3238.9062,310935,2144.2188,205845,5383.125,516780,140.83333,13520,5523.9583,530300,1,96,,,
direct_rca,qwen3.8-27b,T,aegislab,96,13215.771,1268714,0,0,13215.771,1268714,218.86458,21011,13434.635,1289725,1,96,,,
direct_rca,qwen3.8-27b,V,aegislab,96,2051.1354,196909,2144.2188,205845,4195.3542,402754,138.29167,13276,4333.6458,416030,1,96,,,
direct_rca,qwen3.8-27b,F,aiops2022,100,12254,1225400,0,0,12254,1225400,182.3,18230,12436.3,1243630,1,100,,,
direct_rca,qwen3.8-27b,H,aiops2022,100,11804.16,1180416,2088.42,208842,13892.58,1389258,147.07,14707,14039.65,1403965,1,100,,,
direct_rca,qwen3.8-27b,P,aiops2022,100,1703.54,170354,19585.98,1958598,21289.52,2128952,147.1,14710,21436.62,2143662,1,100,,,
direct_rca,qwen3.8-27b,R,aiops2022,100,2868.71,286871,2088.42,208842,4957.13,495713,161.74,16174,5118.87,511887,1,100,,,
direct_rca,qwen3.8-27b,T,aiops2022,100,11804.16,1180416,0,0,11804.16,1180416,258.33,25833,12062.49,1206249,1,100,,,
direct_rca,qwen3.8-27b,V,aiops2022,100,1703.54,170354,2088.42,208842,3791.96,379196,158.43,15843,3950.39,395039,1,100,,,
direct_rca,qwen3.8-27b,F,aiops2025,93,11536.258,1072872,0,0,11536.258,1072872,149.78495,13930,11686.043,1086802,1,93,,,
direct_rca,qwen3.8-27b,H,aiops2025,93,11112.043,1033420,2050.5161,190698,13162.559,1224118,141.23656,13135,13303.796,1237253,1,93,,,
direct_rca,qwen3.8-27b,P,aiops2025,93,1638.7957,152408,17836.387,1658784,19475.183,1811192,143.98925,13391,19619.172,1824583,1,93,,,
direct_rca,qwen3.8-27b,R,aiops2025,93,2739.086,254735,2050.5161,190698,4789.6022,445433,142.55914,13258,4932.1613,458691,1,93,,,
direct_rca,qwen3.8-27b,T,aiops2025,93,11112.043,1033420,0,0,11112.043,1033420,131.93548,12270,11243.978,1045690,1,93,,,
direct_rca,qwen3.8-27b,V,aiops2025,93,1638.7957,152408,2050.5161,190698,3689.3118,343106,136.26882,12673,3825.5806,355779,1,93,,,
direct_rca,qwen3.8-27b,F,all_469,469,12635.751,5926167,0,0,12635.751,5926167,162.32623,76131,12798.077,6002298,1,469,,,
direct_rca,qwen3.8-27b,H,all_469,469,12189.934,5717079,2093.7463,981967,14283.68,6699046,142.28785,66733,14425.968,6765779,1,469,,,
direct_rca,qwen3.8-27b,P,all_469,469,1635.2708,766942,20563.932,9644484,22199.203,10411426,170.81663,80113,22370.019,10491539,1,469,,,
direct_rca,qwen3.8-27b,R,all_469,469,2719.1471,1275280,2093.7463,981967,4812.8934,2257247,145.75267,68358,4958.6461,2325605,1,469,,,
direct_rca,qwen3.8-27b,T,all_469,469,12189.934,5717079,0,0,12189.934,5717079,182.29851,85498,12372.232,5802577,1,469,,,
direct_rca,qwen3.8-27b,V,all_469,469,1635.2708,766942,2093.7463,981967,3729.0171,1748909,143.42431,67266,3872.4414,1816175,1,469,,,
direct_rca,qwen3.8-27b,F,headline_289,289,12504.436,3613782,0,0,12504.436,3613782,161.28374,46611,12665.72,3660393,1,289,,,
direct_rca,qwen3.8-27b,H,headline_289,289,12050.346,3482550,2094.7578,605385,14145.104,4087935,142.80969,41272,14287.913,4129207,1,289,,,
direct_rca,qwen3.8-27b,P,headline_289,289,1798.1696,519671,19410.394,5609604,21208.564,6129275,139.76471,40392,21348.329,6169667,1,289,,,
direct_rca,qwen3.8-27b,R,headline_289,289,2949.9689,852541,2094.7578,605385,5044.7266,1457926,148.62284,42952,5193.3495,1500878,1,289,,,
direct_rca,qwen3.8-27b,T,headline_289,289,12050.346,3482550,0,0,12050.346,3482550,204.54671,59114,12254.893,3541664,1,289,,,
direct_rca,qwen3.8-27b,V,headline_289,289,1798.1696,519671,2094.7578,605385,3892.9273,1125056,144.609,41792,4037.5363,1166848,1,289,,,
direct_rca,qwen3.8-27b,F,re2_ob,90,12966.567,1166991,0,0,12966.567,1166991,172.02222,15482,13138.589,1182473,1,90,,,
direct_rca,qwen3.8-27b,H,re2_ob,90,12514.1,1126269,2097.5667,188781,14611.667,1315050,142.23333,12801,14753.9,1327851,1,90,,,
direct_rca,qwen3.8-27b,P,re2_ob,90,1153.3444,103801,22416,2017440,23569.344,2121241,223.41111,20107,23792.756,2141348,1,90,,,
direct_rca,qwen3.8-27b,R,re2_ob,90,2212.8333,199155,2097.5667,188781,4310.4,387936,139.18889,12527,4449.5889,400463,1,90,,,
direct_rca,qwen3.8-27b,T,re2_ob,90,12514.1,1126269,0,0,12514.1,1126269,155.24444,13972,12669.344,1140241,1,90,,,
direct_rca,qwen3.8-27b,V,re2_ob,90,1153.3444,103801,2097.5667,188781,3250.9111,292582,135.55556,12200,3386.4667,304782,1,90,,,
direct_rca,qwen3.8-27b,F,re2_tt,90,12726.6,1145394,0,0,12726.6,1145394,155.97778,14038,12882.578,1159432,1,90,,,
direct_rca,qwen3.8-27b,H,re2_tt,90,12314,1108260,2086.6778,187801,14400.678,1296061,140.66667,12660,14541.344,1308721,1,90,,,
direct_rca,qwen3.8-27b,P,re2_tt,90,1594.1111,143470,22416,2017440,24010.111,2160910,217.93333,19614,24228.044,2180524,1,90,,,
direct_rca,qwen3.8-27b,R,re2_tt,90,2484.2667,223584,2086.6778,187801,4570.9444,411385,143.1,12879,4714.0444,424264,1,90,,,
direct_rca,qwen3.8-27b,T,re2_tt,90,12314,1108260,0,0,12314,1108260,137.91111,12412,12451.911,1120672,1,90,,,
direct_rca,qwen3.8-27b,V,re2_tt,90,1594.1111,143470,2086.6778,187801,3680.7889,331271,147.48889,13274,3828.2778,344545,1,90,,,
ledger_handoff_rca,gemma-4-26b-a4b,L_hyb,aegislab,96,6681.75,641448,3194.7292,306694,9876.4792,948142,397.44792,38155,10273.927,986297,2,192,5211.2188,6898.7882,1.3333333
ledger_handoff_rca,gemma-4-26b-a4b,L_txt,aegislab,96,6681.75,641448,1086.5,104304,7768.25,745752,396.13542,38029,8164.3854,783781,2,192,3101.6771,4789.2465,1.3333333
ledger_handoff_rca,gemma-4-26b-a4b,L_vis,aegislab,96,4739.4688,454989,3194.7292,306694,7934.1979,761683,393.21875,37749,8327.4167,799432,2,192,3264.7083,4952.2778,1.3333333
ledger_handoff_rca,gemma-4-26b-a4b,L_hyb,aiops2022,100,6139.77,613977,3130.78,313078,9270.55,927055,394.11,39411,9664.66,966466,2,200,4992.67,6550,1.3333333
ledger_handoff_rca,gemma-4-26b-a4b,L_txt,aiops2022,100,6139.77,613977,1085,108500,7224.77,722477,397.72,39772,7622.49,762249,2,200,2950.5,4507.83,1.3333333
ledger_handoff_rca,gemma-4-26b-a4b,L_vis,aiops2022,100,4178.33,417833,3130.78,313078,7309.11,730911,390.75,39075,7699.86,769986,2,200,3027.87,4585.2,1.3333333
ledger_handoff_rca,gemma-4-26b-a4b,L_hyb,aiops2025,93,5883.4086,547157,3165.5269,294394,9048.9355,841551,391.62366,36421,9440.5591,877972,2,186,4909.6129,6419.9283,1.3333333
ledger_handoff_rca,gemma-4-26b-a4b,L_txt,aiops2025,93,5883.4086,547157,1083.3978,100756,6966.8065,647913,393.43011,36589,7360.2366,684502,2,186,2829.2903,4339.6057,1.3333333
ledger_handoff_rca,gemma-4-26b-a4b,L_vis,aiops2025,93,4014.1075,373312,3165.5269,294394,7179.6344,667706,386.47312,35942,7566.1075,703648,2,186,3035.1613,4545.4767,1.3333333
ledger_handoff_rca,gemma-4-26b-a4b,L_hyb,all_469,469,5918.1962,2775634,3170.4733,1486952,9088.6695,4262586,392.27292,183976,9480.9424,4446562,2,938,4965.9872,6470.9723,1.3333333
ledger_handoff_rca,gemma-4-26b-a4b,L_txt,all_469,469,5918.1962,2775634,1085.1087,508916,7003.3049,3284550,392.97655,184306,7396.2814,3468856,2,938,2881.3262,4386.3113,1.3333333
ledger_handoff_rca,gemma-4-26b-a4b,L_vis,all_469,469,3991.4861,1872007,3170.4733,1486952,7161.9595,3358959,388.24307,182086,7550.2026,3541045,2,938,3035.2473,4540.2324,1.3333333
ledger_handoff_rca,gemma-4-26b-a4b,L_hyb,headline_289,289,6237.308,1802582,3163.2042,914166,9400.5121,2716748,394.41869,113987,9794.9308,2830735,2,578,5038.5398,6624.0035,1.3333333
ledger_handoff_rca,gemma-4-26b-a4b,L_txt,headline_289,289,6237.308,1802582,1084.9827,313560,7322.2907,2116142,395.81315,114390,7718.1038,2230532,2,578,2961.7128,4547.1765,1.3333333
ledger_handoff_rca,gemma-4-26b-a4b,L_vis,headline_289,289,4311.8824,1246134,3163.2042,914166,7475.0865,2160300,390.19377,112766,7865.2803,2273066,2,578,3108.8893,4694.3529,1.3333333
ledger_handoff_rca,gemma-4-26b-a4b,L_hyb,re2_ob,90,5173.1333,465582,3225.4333,290289,8398.5667,755871,387.5,34875,8786.0667,790746,2,180,4786.3667,6119.6,1.3333333
ledger_handoff_rca,gemma-4-26b-a4b,L_txt,re2_ob,90,5173.1333,465582,1086.0556,97745,6259.1889,563327,386.01111,34741,6645.2,598068,2,180,2645.5,3978.7333,1.3333333
ledger_handoff_rca,gemma-4-26b-a4b,L_vis,re2_ob,90,3239.9222,291593,3225.4333,290289,6465.3556,581882,383.77778,34540,6849.1333,616422,2,180,2849.4333,4182.6667,1.3333333
ledger_handoff_rca,gemma-4-26b-a4b,L_hyb,re2_tt,90,5638.5556,507470,3138.8556,282497,8777.4111,789967,390.15556,35114,9167.5667,825081,2,180,4912.6333,6330.9444,1.3333333
ledger_handoff_rca,gemma-4-26b-a4b,L_txt,re2_tt,90,5638.5556,507470,1084.5667,97611,6723.1222,605081,390.83333,35175,7113.9556,640256,2,180,2859.0222,4277.3333,1.3333333
ledger_handoff_rca,gemma-4-26b-a4b,L_vis,re2_tt,90,3714.2222,334280,3138.8556,282497,6853.0778,616777,386.44444,34780,7239.5222,651557,2,180,2984.5889,4402.9,1.3333333
ledger_handoff_rca,qwen3.6-27b,L_hyb,aegislab,96,5882.6875,564738,3840.1875,368658,9722.875,933396,343.59375,32985,10066.469,966381,2,192,4230.0104,6175.4965,1.3333333
ledger_handoff_rca,qwen3.6-27b,L_txt,aegislab,96,5882.6875,564738,2142.6875,205698,8025.375,770436,356.28125,34203,8381.6562,804639,2,192,2545.1979,4490.684,1.3333333
ledger_handoff_rca,qwen3.6-27b,L_vis,aegislab,96,4540.3438,435873,3840.1875,368658,8380.5312,804531,341.625,32796,8722.1562,837327,2,192,2885.6979,4831.184,1.3333333
ledger_handoff_rca,qwen3.6-27b,L_hyb,aiops2022,100,5313.64,531364,3935.3,393530,9248.94,924894,344.65,34465,9593.59,959359,2,200,4193.13,5993.2833,1.3333333
ledger_handoff_rca,qwen3.6-27b,L_txt,aiops2022,100,5313.64,531364,2088.42,208842,7402.06,740206,360.62,36062,7762.68,776268,2,200,2362.22,4162.3733,1.3333333
ledger_handoff_rca,qwen3.6-27b,L_vis,aiops2022,100,3986.05,398605,3935.3,393530,7921.35,792135,341.7,34170,8263.05,826305,2,200,2862.59,4662.7433,1.3333333
ledger_handoff_rca,qwen3.6-27b,L_hyb,aiops2025,93,5168.914,480709,3851.2581,358167,9020.172,838876,347.44086,32312,9367.6129,871188,2,186,4130.4409,5876.1649,1.3333333
ledger_handoff_rca,qwen3.6-27b,L_txt,aiops2025,93,5168.914,480709,2048.9355,190551,7217.8495,671260,353.84946,32908,7571.6989,704168,2,186,2334.5269,4080.2509,1.3333333
ledger_handoff_rca,qwen3.6-27b,L_vis,aiops2025,93,3832.3548,356409,3851.2581,358167,7683.6129,714576,343.58065,31953,8027.1935,746529,2,186,2790.0215,4535.7455,1.3333333
ledger_handoff_rca,qwen3.6-27b,L_hyb,all_469,469,5125.565,2403890,3880.0704,1819753,9005.6354,4223643,336.07249,157618,9341.7079,4381261,2,938,4087.661,5839.01,1.3333333
ledger_handoff_rca,qwen3.6-27b,L_txt,all_469,469,5125.565,2403890,2093.1194,981673,7218.6844,3385563,347.71429,163078,7566.3987,3548641,2,938,2312.3518,4063.7008,1.3333333
ledger_handoff_rca,qwen3.6-27b,L_vis,all_469,469,3807.9701,1785938,3880.0704,1819753,7688.0405,3605691,333.55437,156437,8021.5949,3762128,2,938,2767.548,4518.8969,1.3333333
ledger_handoff_rca,qwen3.6-27b,L_hyb,headline_289,289,5456.0934,1576811,3876.6609,1120355,9332.7543,2697166,345.19723,99762,9677.9516,2796928,2,578,4185.2076,6016.1223,1.3333333
ledger_handoff_rca,qwen3.6-27b,L_txt,headline_289,289,5456.0934,1576811,2093.7405,605091,7549.8339,2181902,357,103173,7906.8339,2285075,2,578,2414.09,4245.0046,1.3333333
ledger_handoff_rca,qwen3.6-27b,L_vis,headline_289,289,4120.7163,1190887,3876.6609,1120355,7997.3772,2311242,342.28028,98919,8339.6574,2410161,2,578,2846.9135,4677.8281,1.3333333
ledger_handoff_rca,qwen3.6-27b,L_hyb,re2_ob,90,4309.7556,387878,3839.2556,345533,8149.0111,733411,312.71111,28144,8461.7222,761555,2,180,3728.2,5306.0407,1.3333333
ledger_handoff_rca,qwen3.6-27b,L_txt,re2_ob,90,4309.7556,387878,2097.5667,188781,6407.3222,576659,320.82222,28874,6728.1444,605533,2,180,1994.6222,3572.463,1.3333333
ledger_handoff_rca,qwen3.6-27b,L_vis,re2_ob,90,3060.1,275409,3839.2556,345533,6899.3556,620942,311.21111,28009,7210.5667,648951,2,180,2477.0444,4054.8852,1.3333333
ledger_handoff_rca,qwen3.6-27b,L_hyb,re2_tt,90,4880.0111,439201,3931.8333,353865,8811.8444,793066,330.13333,29712,9141.9778,822778,2,180,4133.8889,5803.2519,1.3333333
ledger_handoff_rca,qwen3.6-27b,L_txt,re2_tt,90,4880.0111,439201,2086.6778,187801,6966.6889,627002,344.78889,31031,7311.4778,658033,2,180,2303.3889,3972.7519,1.3333333
ledger_handoff_rca,qwen3.6-27b,L_vis,re2_tt,90,3551.5778,319642,3931.8333,353865,7483.4111,673507,327.87778,29509,7811.2889,703016,2,180,2803.2,4472.563,1.3333333
ledger_handoff_rca,qwen3.8-27b,L_hyb,aegislab,96,5543.9375,532218,3825.5521,367253,9369.4896,899471,292.20833,28052,9661.6979,927523,2,192,3895.1354,5817.3229,1.3333333
ledger_handoff_rca,qwen3.8-27b,L_txt,aegislab,96,5543.9375,532218,2144.2188,205845,7688.1562,738063,278.77083,26762,7966.9271,764825,2,192,2200.3646,4122.5521,1.3333333
ledger_handoff_rca,qwen3.8-27b,L_vis,aegislab,96,4536.125,435468,3825.5521,367253,8361.6771,802721,300.33333,28832,8662.0104,831553,2,192,2895.4479,4817.6354,1.3333333
ledger_handoff_rca,qwen3.8-27b,L_hyb,aiops2022,100,4951.24,495124,3764.58,376458,8715.82,871582,285.27,28527,9001.09,900109,2,200,3675.01,5450.37,1.3333333
ledger_handoff_rca,qwen3.8-27b,L_txt,aiops2022,100,4951.24,495124,2088.42,208842,7039.66,703966,270.95,27095,7310.61,731061,2,200,1984.53,3759.89,1.3333333
ledger_handoff_rca,qwen3.8-27b,L_vis,aiops2022,100,3992.71,399271,3764.58,376458,7757.29,775729,292.72,29272,8050.01,805001,2,200,2723.93,4499.29,1.3333333
ledger_handoff_rca,qwen3.8-27b,L_hyb,aiops2025,93,4888.5484,454635,3719.3333,345898,8607.8817,800533,299.10753,27817,8906.9892,828350,2,186,3729.4409,5455.2903,1.3333333
ledger_handoff_rca,qwen3.8-27b,L_txt,aiops2025,93,4888.5484,454635,2050.5161,190698,6939.0645,645333,288.91398,26869,7227.9785,672202,2,186,2050.4301,3776.2796,1.3333333
ledger_handoff_rca,qwen3.8-27b,L_vis,aiops2025,93,3831.2366,356305,3719.3333,345898,7550.5699,702203,308.24731,28667,7858.8172,730870,2,186,2681.2688,4407.1183,1.3333333
ledger_handoff_rca,qwen3.8-27b,L_hyb,all_469,469,4815.8102,2258615,3781.4222,1773487,8597.2324,4032102,288.85928,135475,8886.0917,4167577,2,938,3693.9168,5424.6418,1.3333333
ledger_handoff_rca,qwen3.8-27b,L_txt,all_469,469,4815.8102,2258615,2093.7463,981967,6909.5565,3240582,276.41365,129638,7185.9701,3370220,2,938,1993.7953,3724.5203,1.3333333
ledger_handoff_rca,qwen3.8-27b,L_vis,all_469,469,3809.0853,1786461,3781.4222,1773487,7590.5075,3559948,295.7548,138709,7886.2623,3698657,2,938,2694.0874,4424.8124,1.3333333
ledger_handoff_rca,qwen3.8-27b,L_hyb,headline_289,289,5127.9481,1481977,3770.2734,1089609,8898.2215,2571586,292.02768,84396,9190.2491,2655982,2,578,3765.6471,5573.8478,1.3333333
ledger_handoff_rca,qwen3.8-27b,L_txt,headline_289,289,5127.9481,1481977,2094.7578,605385,7222.7059,2087362,279.32872,80726,7502.0346,2168088,2,578,2077.4325,3885.6332,1.3333333
ledger_handoff_rca,qwen3.8-27b,L_vis,headline_289,289,4121.2595,1191044,3770.2734,1089609,7891.5329,2280653,300.24567,86771,8191.7785,2367424,2,578,2767.1765,4575.3772,1.3333333
ledger_handoff_rca,qwen3.8-27b,L_hyb,re2_ob,90,4116.2111,370459,3804.7667,342429,7920.9778,712888,290.6,26154,8211.5778,739042,2,180,3515.7556,5081.0296,1.3333333
ledger_handoff_rca,qwen3.8-27b,L_txt,re2_ob,90,4116.2111,370459,2097.5667,188781,6213.7778,559240,278.41111,25057,6492.1889,584297,2,180,1796.3667,3361.6407,1.3333333
ledger_handoff_rca,qwen3.8-27b,L_vis,re2_ob,90,3062.2556,275603,3804.7667,342429,6867.0222,618032,293.03333,26373,7160.0556,644405,2,180,2464.2333,4029.5074,1.3333333
ledger_handoff_rca,qwen3.8-27b,L_hyb,re2_tt,90,4513.1,406179,3793.8778,341449,8306.9778,747628,276.94444,24925,8583.9222,772553,2,180,3641.7444,5289.137,1.3333333
ledger_handoff_rca,qwen3.8-27b,L_txt,re2_tt,90,4513.1,406179,2086.6778,187801,6599.7778,593980,265.05556,23855,6864.8333,617835,2,180,1922.6556,3570.0481,1.3333333
ledger_handoff_rca,qwen3.8-27b,L_vis,re2_tt,90,3553.4889,319814,3793.8778,341449,7347.3667,661263,284.05556,25565,7631.4222,686828,2,180,2689.2444,4336.637,1.3333333
legacy_q9,gemma-4-26b-a4b,H,aegislab,96,19355.427,1858121,1085.8958,104246,20441.323,1962367,365.8125,35118,20807.135,1997485,1,96,,,
legacy_q9,gemma-4-26b-a4b,P,aegislab,96,769.90625,73911,6555.9688,629373,7325.875,703284,365.27083,35066,7691.1458,738350,1,96,,,
legacy_q9,gemma-4-26b-a4b,T,aegislab,96,19355.427,1858121,0,0,19355.427,1858121,364.6875,35010,19720.115,1893131,1,96,,,
legacy_q9,gemma-4-26b-a4b,V,aegislab,96,769.90625,73911,1085.8958,104246,1855.8021,178157,368.20833,35348,2224.0104,213505,1,96,,,
legacy_q9,gemma-4-26b-a4b,H,aiops2022,100,20832.58,2083258,1084.28,108428,21916.86,2191686,365,36500,22281.86,2228186,1,100,,,
legacy_q9,gemma-4-26b-a4b,P,aiops2022,100,771.94,77194,7598.13,759813,8370.07,837007,364.98,36498,8735.05,873505,1,100,,,
legacy_q9,gemma-4-26b-a4b,T,aiops2022,100,20832.58,2083258,0,0,20832.58,2083258,364.3,36430,21196.88,2119688,1,100,,,
legacy_q9,gemma-4-26b-a4b,V,aiops2022,100,771.94,77194,1084.28,108428,1856.22,185622,365.01,36501,2221.23,222123,1,100,,,
legacy_q9,gemma-4-26b-a4b,H,aiops2025,93,18942.226,1761627,1082.4624,100669,20024.688,1862296,360.37634,33515,20385.065,1895811,1,93,,,
legacy_q9,gemma-4-26b-a4b,P,aiops2025,93,771.73118,71771,6919.3978,643504,7691.129,715275,361.04301,33577,8052.172,748852,1,93,,,
legacy_q9,gemma-4-26b-a4b,T,aiops2025,93,18942.226,1761627,0,0,18942.226,1761627,359.80645,33462,19302.032,1795089,1,93,,,
legacy_q9,gemma-4-26b-a4b,V,aiops2025,93,771.73118,71771,1082.4624,100669,1854.1935,172440,360.93548,33567,2215.129,206007,1,93,,,
legacy_q9,gemma-4-26b-a4b,H,all_469,469,22225.659,10423834,1084.9126,508824,23310.571,10932658,364.1258,170775,23674.697,11103433,1,469,,,
legacy_q9,gemma-4-26b-a4b,P,all_469,469,769.9936,361127,7671.5778,3597970,8441.5714,3959097,364.05757,170743,8805.629,4129840,1,469,,,
legacy_q9,gemma-4-26b-a4b,T,all_469,469,22225.659,10423834,0,0,22225.659,10423834,363.21109,170346,22588.87,10594180,1,469,,,
legacy_q9,gemma-4-26b-a4b,V,all_469,469,769.9936,361127,1084.9126,508824,1854.9062,869951,365.21535,171286,2220.1215,1041237,1,469,,,
legacy_q9,gemma-4-26b-a4b,H,headline_289,289,19733.585,5703006,1084.2318,313343,20817.817,6016349,363.78201,105133,21181.599,6121482,1,289,,,
legacy_q9,gemma-4-26b-a4b,P,headline_289,289,771.19723,222876,7033.5294,2032690,7804.7266,2255566,363.80969,105141,8168.5363,2360707,1,289,,,
legacy_q9,gemma-4-26b-a4b,T,headline_289,289,19733.585,5703006,0,0,19733.585,5703006,362.9827,104902,20096.567,5807908,1,289,,,
legacy_q9,gemma-4-26b-a4b,V,headline_289,289,771.19723,222876,1084.2318,313343,1855.4291,536219,364.76125,105416,2220.1903,641635,1,289,,,
legacy_q9,gemma-4-26b-a4b,H,re2_ob,90,26166.7,2355003,1087,97830,27253.7,2452833,365.51111,32896,27619.211,2485729,1,90,,,
legacy_q9,gemma-4-26b-a4b,P,re2_ob,90,767.86667,69108,8696,782640,9463.8667,851748,365.32222,32879,9829.1889,884627,1,90,,,
legacy_q9,gemma-4-26b-a4b,T,re2_ob,90,26166.7,2355003,0,0,26166.7,2355003,364.54444,32809,26531.244,2387812,1,90,,,
legacy_q9,gemma-4-26b-a4b,V,re2_ob,90,767.86667,69108,1087,97830,1854.8667,166938,366.57778,32992,2221.4444,199930,1,90,,,
legacy_q9,gemma-4-26b-a4b,H,re2_tt,90,26286.944,2365825,1085.0111,97651,27371.956,2463476,363.84444,32746,27735.8,2496222,1,90,,,
legacy_q9,gemma-4-26b-a4b,P,re2_tt,90,768.25556,69143,8696,782640,9464.2556,851783,363.58889,32723,9827.8444,884506,1,90,,,
legacy_q9,gemma-4-26b-a4b,T,re2_tt,90,26286.944,2365825,0,0,26286.944,2365825,362.61111,32635,26649.556,2398460,1,90,,,
legacy_q9,gemma-4-26b-a4b,V,re2_tt,90,768.25556,69143,1085.0111,97651,1853.2667,166794,365.31111,32878,2218.5778,199672,1,90,,,
legacy_q9,qwen3.6-27b,H,aegislab,96,15823.25,1519032,2119.7188,203493,17942.969,1722525,355.71875,34149,18298.688,1756674,1,96,,,
legacy_q9,qwen3.6-27b,P,aegislab,96,706.90625,67863,16899.562,1622358,17606.469,1690221,357.69792,34339,17964.167,1724560,1,96,,,
legacy_q9,qwen3.6-27b,T,aegislab,96,15823.25,1519032,0,0,15823.25,1519032,354.79167,34060,16178.042,1553092,1,96,,,
legacy_q9,qwen3.6-27b,V,aegislab,96,706.90625,67863,2119.7188,203493,2826.625,271356,357.72917,34342,3184.3542,305698,1,96,,,
legacy_q9,qwen3.6-27b,H,aiops2022,100,16918.58,1691858,2071.27,207127,18989.85,1898985,354.87,35487,19344.72,1934472,1,100,,,
legacy_q9,qwen3.6-27b,P,aiops2022,100,708.99,70899,19585.98,1958598,20294.97,2029497,356.82,35682,20651.79,2065179,1,100,,,
legacy_q9,qwen3.6-27b,T,aiops2022,100,16918.58,1691858,0,0,16918.58,1691858,353.73,35373,17272.31,1727231,1,100,,,
legacy_q9,qwen3.6-27b,V,aiops2022,100,708.99,70899,2071.27,207127,2780.26,278026,351.5,35150,3131.76,313176,1,100,,,
legacy_q9,qwen3.6-27b,H,aiops2025,93,15428.527,1434853,2021.5376,188003,17450.065,1622856,350.41935,32589,17800.484,1655445,1,93,,,
legacy_q9,qwen3.6-27b,P,aiops2025,93,709.53763,65987,17836.387,1658784,18545.925,1724771,351.7957,32717,18897.72,1757488,1,93,,,
legacy_q9,qwen3.6-27b,T,aiops2025,93,15428.527,1434853,0,0,15428.527,1434853,349.31183,32486,15777.839,1467339,1,93,,,
legacy_q9,qwen3.6-27b,V,aiops2025,93,709.53763,65987,2021.5376,188003,2731.0753,253990,348.56989,32417,3079.6452,286407,1,93,,,
legacy_q9,qwen3.6-27b,H,all_469,469,17926.403,8407483,2085.3881,978047,20011.791,9385530,354.12367,166084,20365.915,9551614,1,469,,,
legacy_q9,qwen3.6-27b,P,all_469,469,707.1855,331670,19775.309,9274620,20482.495,9606290,356.16844,167043,20838.663,9773333,1,469,,,
legacy_q9,qwen3.6-27b,T,all_469,469,17926.403,8407483,0,0,17926.403,8407483,352.9467,165532,18279.35,8573015,1,469,,,
legacy_q9,qwen3.6-27b,V,all_469,469,707.1855,331670,2085.3881,978047,2792.5736,1309717,353.95096,166003,3146.5245,1475720,1,469,,,
legacy_q9,qwen3.6-27b,H,headline_289,289,16075.235,4645743,2071.3599,598623,18146.595,5244366,353.71972,102225,18500.315,5346591,1,289,,,
legacy_q9,qwen3.6-27b,P,headline_289,289,708.47405,204749,18130.588,5239740,18839.062,5444489,355.49481,102738,19194.557,5547227,1,289,,,
legacy_q9,qwen3.6-27b,T,headline_289,289,16075.235,4645743,0,0,16075.235,4645743,352.6609,101919,16427.896,4747662,1,289,,,
legacy_q9,qwen3.6-27b,V,headline_289,289,708.47405,204749,2071.3599,598623,2779.8339,803372,352.6263,101909,3132.4602,905281,1,289,,,
legacy_q9,qwen3.6-27b,H,re2_ob,90,20837.3,1875357,2109,189810,22946.3,2065167,355.81111,32023,23302.111,2097190,1,90,,,
legacy_q9,qwen3.6-27b,P,re2_ob,90,704.86667,63438,22416,2017440,23120.867,2080878,357.61111,32185,23478.478,2113063,1,90,,,
legacy_q9,qwen3.6-27b,T,re2_ob,90,20837.3,1875357,0,0,20837.3,1875357,354.4,31896,21191.7,1907253,1,90,,,
legacy_q9,qwen3.6-27b,V,re2_ob,90,704.86667,63438,2109,189810,2813.8667,253248,357.32222,32159,3171.1889,285407,1,90,,,
legacy_q9,qwen3.6-27b,H,re2_tt,90,20959.811,1886383,2106.8222,189614,23066.633,2075997,353.73333,31836,23420.367,2107833,1,90,,,
legacy_q9,qwen3.6-27b,P,re2_tt,90,705.36667,63483,22416,2017440,23121.367,2080923,356.88889,32120,23478.256,2113043,1,90,,,
legacy_q9,qwen3.6-27b,T,re2_tt,90,20959.811,1886383,0,0,20959.811,1886383,352.41111,31717,21312.222,1918100,1,90,,,
legacy_q9,qwen3.6-27b,V,re2_tt,90,705.36667,63483,2106.8222,189614,2812.1889,253097,354.83333,31935,3167.0222,285032,1,90,,,
legacy_q9,qwen3.8-27b,H,aegislab,96,19153.802,1838765,2144.2188,205845,21298.021,2044610,345.91667,33208,21643.938,2077818,1,96,,,
legacy_q9,qwen3.8-27b,P,aegislab,96,704.96875,67677,20752.312,1992222,21457.281,2059899,345.33333,33152,21802.615,2093051,1,96,,,
legacy_q9,qwen3.8-27b,T,aegislab,96,19153.802,1838765,0,0,19153.802,1838765,345.64583,33182,19499.448,1871947,1,96,,,
legacy_q9,qwen3.8-27b,V,aegislab,96,704.96875,67677,2144.2188,205845,2849.1875,273522,347.64583,33374,3196.8333,306896,1,96,,,
legacy_q9,qwen3.8-27b,H,aiops2022,100,16986.41,1698641,2088.42,208842,19074.83,1907483,346.27,34627,19421.1,1942110,1,100,,,
legacy_q9,qwen3.8-27b,P,aiops2022,100,709.09,70909,19585.98,1958598,20295.07,2029507,346.38,34638,20641.45,2064145,1,100,,,
legacy_q9,qwen3.8-27b,T,aiops2022,100,16986.41,1698641,0,0,16986.41,1698641,346.71,34671,17333.12,1733312,1,100,,,
legacy_q9,qwen3.8-27b,V,aiops2022,100,709.09,70909,2088.42,208842,2797.51,279751,345.4,34540,3142.91,314291,1,100,,,
legacy_q9,qwen3.8-27b,H,aiops2025,93,15543.323,1445529,2050.5161,190698,17593.839,1636227,345.15054,32099,17938.989,1668326,1,93,,,
legacy_q9,qwen3.8-27b,P,aiops2025,93,707.52688,65800,17836.387,1658784,18543.914,1724584,344.53763,32042,18888.452,1756626,1,93,,,
legacy_q9,qwen3.8-27b,T,aiops2025,93,15543.323,1445529,0,0,15543.323,1445529,344.80645,32067,15888.129,1477596,1,93,,,
legacy_q9,qwen3.8-27b,V,aiops2025,93,707.52688,65800,2050.5161,190698,2758.043,256498,345.06452,32091,3103.1075,288589,1,93,,,
legacy_q9,qwen3.8-27b,H,all_469,469,18714.113,8776919,2093.7463,981967,20807.859,9758886,345.99147,162270,21153.851,9921156,1,469,,,
legacy_q9,qwen3.8-27b,P,all_469,469,706.37953,331292,20563.932,9644484,21270.311,9975776,345.54797,162062,21615.859,10137838,1,469,,,
legacy_q9,qwen3.8-27b,T,all_469,469,18714.113,8776919,0,0,18714.113,8776919,345.9403,162246,19060.053,8939165,1,469,,,
legacy_q9,qwen3.8-27b,V,all_469,469,706.37953,331292,2093.7463,981967,2800.1258,1313259,346.42217,162472,3146.548,1475731,1,469,,,
legacy_q9,qwen3.8-27b,H,headline_289,289,17241.99,4982935,2094.7578,605385,19336.747,5588320,345.79239,99934,19682.54,5688254,1,289,,,
legacy_q9,qwen3.8-27b,P,headline_289,289,707.21799,204386,19410.394,5609604,20117.612,5813990,345.43945,99832,20463.052,5913822,1,289,,,
legacy_q9,qwen3.8-27b,T,headline_289,289,17241.99,4982935,0,0,17241.99,4982935,345.74394,99920,17587.734,5082855,1,289,,,
legacy_q9,qwen3.8-27b,V,headline_289,289,707.21799,204386,2094.7578,605385,2801.9758,809771,346.03806,100005,3148.0138,909776,1,289,,,
legacy_q9,qwen3.8-27b,H,re2_ob,90,21245.867,1912128,2097.5667,188781,23343.433,2100909,348.03333,31323,23691.467,2132232,1,90,,,
legacy_q9,qwen3.8-27b,P,re2_ob,90,704.77778,63430,22416,2017440,23120.778,2080870,347.4,31266,23468.178,2112136,1,90,,,
legacy_q9,qwen3.8-27b,T,re2_ob,90,21245.867,1912128,0,0,21245.867,1912128,348.05556,31325,21593.922,1943453,1,90,,,
legacy_q9,qwen3.8-27b,V,re2_ob,90,704.77778,63430,2097.5667,188781,2802.3444,252211,348.77778,31390,3151.1222,283601,1,90,,,
legacy_q9,qwen3.8-27b,H,re2_tt,90,20909.511,1881856,2086.6778,187801,22996.189,2069657,344.58889,31013,23340.778,2100670,1,90,,,
legacy_q9,qwen3.8-27b,P,re2_tt,90,705.28889,63476,22416,2017440,23121.289,2080916,344.04444,30964,23465.333,2111880,1,90,,,
legacy_q9,qwen3.8-27b,T,re2_tt,90,20909.511,1881856,0,0,20909.511,1881856,344.45556,31001,21253.967,1912857,1,90,,,
legacy_q9,qwen3.8-27b,V,re2_tt,90,705.28889,63476,2086.6778,187801,2791.9667,251277,345.3,31077,3137.2667,282354,1,90,,,
matched_rca,gemma-4-26b-a4b,F,aegislab,96,18551.156,1780911,0,0,18551.156,1780911,413.08333,39656,18964.24,1820567,2,192,,,
matched_rca,gemma-4-26b-a4b,H,aegislab,96,17863.573,1714903,1086.5,104304,18950.073,1819207,401.33333,38528,19351.406,1857735,2,192,,,
matched_rca,gemma-4-26b-a4b,P,aegislab,96,5055.5104,485329,8050.5938,772857,13106.104,1258186,417.875,40116,13523.979,1298302,2,192,,,
matched_rca,gemma-4-26b-a4b,R,aegislab,96,6699.4792,643150,1086.5,104304,7785.9792,747454,399.66667,38368,8185.6458,785822,2,192,,,
matched_rca,gemma-4-26b-a4b,T,aegislab,96,17871.594,1715673,0,0,17871.594,1715673,401.53125,38547,18273.125,1754220,2,192,,,
matched_rca,gemma-4-26b-a4b,V,aegislab,96,5373.4688,515853,1086.5,104304,6459.9688,620157,400.55208,38453,6860.5208,658610,2,192,,,
matched_rca,gemma-4-26b-a4b,F,aiops2022,100,16813.51,1681351,0,0,16813.51,1681351,419.93,41993,17233.44,1723344,2,200,,,
matched_rca,gemma-4-26b-a4b,H,aiops2022,100,16191.26,1619126,1085,108500,17276.26,1727626,409.51,40951,17685.77,1768577,2,200,,,
matched_rca,gemma-4-26b-a4b,P,aiops2022,100,4549.97,454997,7598.13,759813,12148.1,1214810,447.73,44773,12595.83,1259583,2,200,,,
matched_rca,gemma-4-26b-a4b,R,aiops2022,100,6155.21,615521,1085,108500,7240.21,724021,396.3,39630,7636.51,763651,2,200,,,
matched_rca,gemma-4-26b-a4b,T,aiops2022,100,16197.39,1619739,0,0,16197.39,1619739,415.52,41552,16612.91,1661291,2,200,,,
matched_rca,gemma-4-26b-a4b,V,aiops2022,100,4868.69,486869,1085,108500,5953.69,595369,399.02,39902,6352.71,635271,2,200,,,
matched_rca,gemma-4-26b-a4b,F,aiops2025,93,15927.785,1481284,0,0,15927.785,1481284,409.35484,38070,16337.14,1519354,2,186,,,
matched_rca,gemma-4-26b-a4b,H,aiops2025,93,15334.183,1426079,1083.3978,100756,16417.581,1526835,387.36559,36025,16804.946,1562860,2,186,,,
matched_rca,gemma-4-26b-a4b,P,aiops2025,93,4368.8065,406299,6919.3978,643504,11288.204,1049803,433.12903,40281,11721.333,1090084,2,186,,,
matched_rca,gemma-4-26b-a4b,R,aiops2025,93,5898.9785,548605,1083.3978,100756,6982.3763,649361,395.01075,36736,7377.3871,686097,2,186,,,
matched_rca,gemma-4-26b-a4b,T,aiops2025,93,15348.409,1427402,0,0,15348.409,1427402,402.01075,37387,15750.419,1464789,2,186,,,
matched_rca,gemma-4-26b-a4b,V,aiops2025,93,4675.0323,434778,1083.3978,100756,5758.4301,535534,408.49462,37990,6166.9247,573524,2,186,,,
matched_rca,gemma-4-26b-a4b,F,all_469,469,17129.761,8033858,0,0,17129.761,8033858,420.79957,197355,17550.561,8231213,2,938,,,
matched_rca,gemma-4-26b-a4b,H,all_469,469,16498.915,7737991,1085.1087,508916,17584.023,8246907,405.54584,190201,17989.569,8437108,2,938,,,
matched_rca,gemma-4-26b-a4b,P,all_469,469,4330.0128,2030776,7977.5139,3741454,12307.527,5772230,426.94456,200237,12734.471,5972467,2,938,,,
matched_rca,gemma-4-26b-a4b,R,all_469,469,5934.8678,2783453,1085.1087,508916,7019.9765,3292369,393.69083,184641,7413.6674,3477010,2,938,,,
matched_rca,gemma-4-26b-a4b,T,all_469,469,16519.087,7747452,0,0,16519.087,7747452,416.13006,195165,16935.217,7942617,2,938,,,
matched_rca,gemma-4-26b-a4b,V,all_469,469,4737.1087,2221704,1085.1087,508916,5822.2175,2730620,402.80171,188914,6225.0192,2919534,2,938,,,
matched_rca,gemma-4-26b-a4b,F,headline_289,289,17105.696,4943546,0,0,17105.696,4943546,414.2526,119719,17519.948,5063265,2,578,,,
matched_rca,gemma-4-26b-a4b,H,headline_289,289,16470.962,4760108,1084.9827,313560,17555.945,5073668,399.66782,115504,17955.612,5189172,2,578,,,
matched_rca,gemma-4-26b-a4b,P,headline_289,289,4659.6021,1346625,7530.0138,2176174,12189.616,3522799,433.11419,125170,12622.73,3647969,2,578,,,
matched_rca,gemma-4-26b-a4b,R,headline_289,289,6253.5502,1807276,1084.9827,313560,7338.5329,2120836,397.00346,114734,7735.5363,2235570,2,578,,,
matched_rca,gemma-4-26b-a4b,T,headline_289,289,16480.325,4762814,0,0,16480.325,4762814,406.52595,117486,16886.851,4880300,2,578,,,
matched_rca,gemma-4-26b-a4b,V,headline_289,289,4974.0484,1437500,1084.9827,313560,6059.0311,1751060,402.57785,116345,6461.609,1867405,2,578,,,
matched_rca,gemma-4-26b-a4b,F,re2_ob,90,17189.511,1547056,0,0,17189.511,1547056,435.3,39177,17624.811,1586233,2,180,,,
matched_rca,gemma-4-26b-a4b,H,re2_ob,90,16563.444,1490710,1086.0556,97745,17649.5,1588455,422.5,38025,18072,1626480,2,180,,,
matched_rca,gemma-4-26b-a4b,P,re2_ob,90,3573.1778,321586,8696,782640,12269.178,1104226,417.68889,37592,12686.867,1141818,2,180,,,
matched_rca,gemma-4-26b-a4b,R,re2_ob,90,5190.6556,467159,1086.0556,97745,6276.7111,564904,386.72222,34805,6663.4333,599709,2,180,,,
matched_rca,gemma-4-26b-a4b,T,re2_ob,90,16590.567,1493151,0,0,16590.567,1493151,438.96667,39507,17029.533,1532658,2,180,,,
matched_rca,gemma-4-26b-a4b,V,re2_ob,90,4045.3222,364079,1086.0556,97745,5131.3778,461824,408.7,36783,5540.0778,498607,2,180,,,
matched_rca,gemma-4-26b-a4b,F,re2_tt,90,17147.289,1543256,0,0,17147.289,1543256,427.32222,38459,17574.611,1581715,2,180,,,
matched_rca,gemma-4-26b-a4b,H,re2_tt,90,16524.144,1487173,1084.5667,97611,17608.711,1584784,407.46667,36672,18016.178,1621456,2,180,,,
matched_rca,gemma-4-26b-a4b,P,re2_tt,90,4028.5,362565,8696,782640,12724.5,1145205,416.38889,37475,13140.889,1182680,2,180,,,
matched_rca,gemma-4-26b-a4b,R,re2_tt,90,5655.7556,509018,1084.5667,97611,6740.3222,606629,390.02222,35102,7130.3444,641731,2,180,,,
matched_rca,gemma-4-26b-a4b,T,re2_tt,90,16572.078,1491487,0,0,16572.078,1491487,424.13333,38172,16996.211,1529659,2,180,,,
matched_rca,gemma-4-26b-a4b,V,re2_tt,90,4668.0556,420125,1084.5667,97611,5752.6222,517736,397.62222,35786,6150.2444,553522,2,180,,,
matched_rca,qwen3.6-27b,F,aegislab,96,16325.229,1567222,0,0,16325.229,1567222,366.83333,35216,16692.062,1602438,2,192,,,
matched_rca,qwen3.6-27b,H,aegislab,96,15816.677,1518401,2144.2188,205845,17960.896,1724246,349.58333,33560,18310.479,1757806,2,192,,,
matched_rca,qwen3.6-27b,P,aegislab,41,4661,191101,18042.146,739728,22703.146,930829,345.80488,14178,23048.951,945007,2,82,,,
matched_rca,qwen3.6-27b,R,aegislab,96,5895.6146,565979,2142.6875,205698,8038.3021,771677,354.69792,34051,8393,805728,2,192,,,
matched_rca,qwen3.6-27b,T,aegislab,96,15783.344,1515201,0,0,15783.344,1515201,361.90625,34743,16145.25,1549944,2,192,,,
matched_rca,qwen3.6-27b,V,aegislab,96,4631.3438,444609,2142.6875,205698,6774.0312,650307,349.29167,33532,7123.3229,683839,2,192,,,
matched_rca,qwen3.6-27b,F,aiops2022,100,14841.42,1484142,0,0,14841.42,1484142,391.44,39144,15232.86,1523286,2,200,,,
matched_rca,qwen3.6-27b,H,aiops2022,100,14346.39,1434639,2088.42,208842,16434.81,1643481,370.51,37051,16805.32,1680532,2,200,,,
matched_rca,qwen3.6-27b,P,aiops2022,100,4231.14,423114,19585.98,1958598,23817.12,2381712,360.13,36013,24177.25,2417725,2,200,,,
matched_rca,qwen3.6-27b,R,aiops2022,100,5360.94,536094,2088.42,208842,7449.36,744936,354.78,35478,7804.14,780414,2,200,,,
matched_rca,qwen3.6-27b,T,aiops2022,100,14361.31,1436131,0,0,14361.31,1436131,363.93,36393,14725.24,1472524,2,200,,,
matched_rca,qwen3.6-27b,V,aiops2022,100,4070.07,407007,2088.42,208842,6158.49,615849,346.19,34619,6504.68,650468,2,200,,,
matched_rca,qwen3.6-27b,F,aiops2025,93,14035.333,1305286,0,0,14035.333,1305286,364.50538,33899,14399.839,1339185,2,186,,,
matched_rca,qwen3.6-27b,H,aiops2025,93,13538.516,1259082,2049.9892,190649,15588.505,1449731,340.7957,31694,15929.301,1481425,2,186,,,
matched_rca,qwen3.6-27b,P,aiops2025,93,4154.4516,386364,17836.387,1658784,21990.839,2045148,344.22581,32013,22335.065,2077161,2,186,,,
matched_rca,qwen3.6-27b,R,aiops2025,93,5160.8602,479960,2049.9892,190649,7210.8495,670609,348.16129,32379,7559.0108,702988,2,186,,,
matched_rca,qwen3.6-27b,T,aiops2025,93,13664.688,1270816,0,0,13664.688,1270816,360.4086,33518,14025.097,1304334,2,186,,,
matched_rca,qwen3.6-27b,V,aiops2025,93,3980.9462,370228,2049.9892,190649,6030.9355,560877,343.2043,31918,6374.1398,592795,2,186,,,
matched_rca,qwen3.6-27b,F,all_469,469,15143.262,7102190,0,0,15143.262,7102190,367.24094,172236,15510.503,7274426,2,938,,,
matched_rca,qwen3.6-27b,H,all_469,469,14634.776,6863710,2093.6418,981918,16728.418,7845628,348.95522,163660,17077.373,8009288,2,938,,,
matched_rca,qwen3.6-27b,P,all_469,414,4023.9807,1665928,20270.507,8391990,24294.488,10057918,345.92029,143211,24640.408,10201129,2,828,,,
matched_rca,qwen3.6-27b,R,all_469,469,5148.3092,2414557,2093.3284,981771,7241.6375,3396328,345.22388,161910,7586.8614,3558238,2,938,,,
matched_rca,qwen3.6-27b,T,all_469,469,14660.966,6875993,0,0,14660.966,6875993,355.63539,166793,15016.601,7042786,2,938,,,
matched_rca,qwen3.6-27b,V,all_469,469,4007.8188,1879667,2093.3284,981771,6101.1471,2861438,342.23881,160510,6443.3859,3021948,2,938,,,
matched_rca,qwen3.6-27b,F,headline_289,289,15074.913,4356650,0,0,15074.913,4356650,374.59862,108259,15449.512,4464909,2,578,,,
matched_rca,qwen3.6-27b,H,headline_289,289,14574.817,4212122,2094.5882,605336,16669.405,4817458,353.99654,102305,17023.401,4919763,2,578,,,
matched_rca,qwen3.6-27b,P,headline_289,234,4275.9786,1000579,18620.128,4357110,22896.107,5357689,351.29915,82204,23247.406,5439893,2,468,,,
matched_rca,qwen3.6-27b,R,headline_289,289,5474.1626,1582033,2094.0796,605189,7568.2422,2187222,352.62284,101908,7920.8651,2289130,2,578,,,
matched_rca,qwen3.6-27b,T,headline_289,289,14609.509,4222148,0,0,14609.509,4222148,362.12457,104654,14971.633,4326802,2,578,,,
matched_rca,qwen3.6-27b,V,headline_289,289,4227.8339,1221844,2094.0796,605189,6321.9135,1827033,346.25952,100069,6668.173,1927102,2,578,,,
matched_rca,qwen3.6-27b,F,re2_ob,90,15231.456,1370831,0,0,15231.456,1370831,352.82222,31754,15584.278,1402585,2,180,,,
matched_rca,qwen3.6-27b,H,re2_ob,90,14674.722,1320725,2097.5667,188781,16772.289,1509506,327.82222,29504,17100.111,1539010,2,180,,,
matched_rca,qwen3.6-27b,P,re2_ob,90,3381.8,304362,22416,2017440,25797.8,2321802,338.47778,30463,26136.278,2352265,2,180,,,
matched_rca,qwen3.6-27b,R,re2_ob,90,4342.4111,390817,2097.5667,188781,6439.9778,579598,321.54444,28939,6761.5222,608537,2,180,,,
matched_rca,qwen3.6-27b,T,re2_ob,90,14691.8,1322262,0,0,14691.8,1322262,340.74444,30667,15032.544,1352929,2,180,,,
matched_rca,qwen3.6-27b,V,re2_ob,90,3295.9333,296634,2097.5667,188781,5393.5,485415,329.61111,29665,5723.1111,515080,2,180,,,
matched_rca,qwen3.6-27b,F,re2_tt,90,15274.544,1374709,0,0,15274.544,1374709,358.03333,32223,15632.578,1406932,2,180,,,
matched_rca,qwen3.6-27b,H,re2_tt,90,14787.367,1330863,2086.6778,187801,16874.044,1518664,353.9,31851,17227.944,1550515,2,180,,,
matched_rca,qwen3.6-27b,P,re2_tt,90,4010.9667,360987,22416,2017440,26426.967,2378427,339.37778,30544,26766.344,2408971,2,180,,,
matched_rca,qwen3.6-27b,R,re2_tt,90,4907.8556,441707,2086.6778,187801,6994.5333,629508,345.14444,31063,7339.6778,660571,2,180,,,
matched_rca,qwen3.6-27b,T,re2_tt,90,14795.367,1331583,0,0,14795.367,1331583,349.68889,31472,15145.056,1363055,2,180,,,
matched_rca,qwen3.6-27b,V,re2_tt,90,4013.2111,361189,2086.6778,187801,6099.8889,548990,341.95556,30776,6441.8444,579766,2,180,,,
matched_rca,qwen3.8-27b,F,aegislab,96,16175.135,1552813,0,0,16175.135,1552813,308.16667,29584,16483.302,1582397,2,192,,,
matched_rca,qwen3.8-27b,H,aegislab,96,15743.906,1511415,2144.2188,205845,17888.125,1717260,317.04167,30436,18205.167,1747696,2,192,,,
matched_rca,qwen3.8-27b,P,aegislab,96,4706.3646,451811,20752.312,1992222,25458.677,2444033,335.90625,32247,25794.583,2476280,2,192,,,
matched_rca,qwen3.8-27b,R,aegislab,96,5521.4583,530060,2144.2188,205845,7665.6771,735905,272.92708,26201,7938.6042,762106,2,192,,,
matched_rca,qwen3.8-27b,T,aegislab,96,15728.667,1509952,0,0,15728.667,1509952,316.82292,30415,16045.49,1540367,2,192,,,
matched_rca,qwen3.8-27b,V,aegislab,96,4534.2396,435287,2144.2188,205845,6678.4583,641132,313.33333,30080,6991.7917,671212,2,192,,,
matched_rca,qwen3.8-27b,F,aiops2022,100,14553,1455300,0,0,14553,1455300,326.1,32610,14879.1,1487910,2,200,,,
matched_rca,qwen3.8-27b,H,aiops2022,100,14156.95,1415695,2088.42,208842,16245.37,1624537,324.46,32446,16569.83,1656983,2,200,,,
matched_rca,qwen3.8-27b,P,aiops2022,100,4097.31,409731,19585.98,1958598,23683.29,2368329,329.12,32912,24012.41,2401241,2,200,,,
matched_rca,qwen3.8-27b,R,aiops2022,100,4948.12,494812,2088.42,208842,7036.54,703654,264.85,26485,7301.39,730139,2,200,,,
matched_rca,qwen3.8-27b,T,aiops2022,100,14208.83,1420883,0,0,14208.83,1420883,329.98,32998,14538.81,1453881,2,200,,,
matched_rca,qwen3.8-27b,V,aiops2022,100,3888.3,388830,2088.42,208842,5976.72,597672,289.77,28977,6266.49,626649,2,200,,,
matched_rca,qwen3.8-27b,F,aiops2025,93,13859.097,1288896,0,0,13859.097,1288896,315,29295,14174.097,1318191,2,186,,,
matched_rca,qwen3.8-27b,H,aiops2025,93,13430.57,1249043,2050.5161,190698,15481.086,1439741,316.96774,29478,15798.054,1469219,2,186,,,
matched_rca,qwen3.8-27b,P,aiops2025,93,4010.4946,372976,17836.387,1658784,21846.882,2031760,330.2043,30709,22177.086,2062469,2,186,,,
matched_rca,qwen3.8-27b,R,aiops2025,93,4899.8065,455682,2050.5161,190698,6950.3226,646380,291.41935,27102,7241.7419,673482,2,186,,,
matched_rca,qwen3.8-27b,T,aiops2025,93,13457.72,1251568,0,0,13457.72,1251568,323.29032,30066,13781.011,1281634,2,186,,,
matched_rca,qwen3.8-27b,V,aiops2025,93,3776.4516,351210,2050.5161,190698,5826.9677,541908,290.90323,27054,6117.871,568962,2,186,,,
matched_rca,qwen3.8-27b,F,all_469,469,14917.638,6996372,0,0,14917.638,6996372,312.40085,146516,15230.038,7142888,2,938,,,
matched_rca,qwen3.8-27b,H,all_469,469,14513.748,6806948,2093.7463,981967,16607.495,7788915,318.01279,149148,16925.507,7938063,2,938,,,
matched_rca,qwen3.8-27b,P,all_469,469,4031.7953,1890912,20563.932,9644484,24595.727,11535396,329.77825,154666,24925.505,11690062,2,938,,,
matched_rca,qwen3.8-27b,R,all_469,469,4818.3518,2259807,2093.7463,981967,6912.0981,3241774,273.8742,128447,7185.9723,3370221,2,938,,,
matched_rca,qwen3.8-27b,T,all_469,469,14558.503,6827938,0,0,14558.503,6827938,326.08316,152933,14884.586,6980871,2,938,,,
matched_rca,qwen3.8-27b,V,all_469,469,3811.1599,1787434,2093.7463,981967,5904.9062,2769401,292.47761,137172,6197.3838,2906573,2,938,,,
matched_rca,qwen3.8-27b,F,headline_289,289,14868.543,4297009,0,0,14868.543,4297009,316.57093,91489,15185.114,4388498,2,578,,,
matched_rca,qwen3.8-27b,H,headline_289,289,14450.356,4176153,2094.7578,605385,16545.114,4781538,319.58478,92360,16864.699,4873898,2,578,,,
matched_rca,qwen3.8-27b,P,headline_289,289,4271.6886,1234518,19410.394,5609604,23682.083,6844122,331.72318,95868,24013.806,6939990,2,578,,,
matched_rca,qwen3.8-27b,R,headline_289,289,5123.0242,1480554,2094.7578,605385,7217.782,2085939,276.08304,79788,7493.8651,2165727,2,578,,,
matched_rca,qwen3.8-27b,T,headline_289,289,14471.983,4182403,0,0,14471.983,4182403,323.45675,93479,14795.439,4275882,2,578,,,
matched_rca,qwen3.8-27b,V,headline_289,289,4066.8754,1175327,2094.7578,605385,6161.6332,1780712,297.96194,86111,6459.5952,1866823,2,578,,,
matched_rca,qwen3.8-27b,F,re2_ob,90,14985.844,1348726,0,0,14985.844,1348726,303.88889,27350,15289.733,1376076,2,180,,,
matched_rca,qwen3.8-27b,H,re2_ob,90,14575.456,1311791,2097.5667,188781,16673.022,1500572,310.5,27945,16983.522,1528517,2,180,,,
matched_rca,qwen3.8-27b,P,re2_ob,90,3336.5111,300286,22416,2017440,25752.511,2317726,332.55556,29930,26085.067,2347656,2,180,,,
matched_rca,qwen3.8-27b,R,re2_ob,90,4100.0111,369001,2097.5667,188781,6197.5778,557782,270.43333,24339,6468.0111,582121,2,180,,,
matched_rca,qwen3.8-27b,T,re2_ob,90,14657.111,1319140,0,0,14657.111,1319140,324.16667,29175,14981.278,1348315,2,180,,,
matched_rca,qwen3.8-27b,V,re2_ob,90,3121.7667,280959,2097.5667,188781,5219.3333,469740,291.51111,26236,5510.8444,495976,2,180,,,
matched_rca,qwen3.8-27b,F,re2_tt,90,15007.078,1350637,0,0,15007.078,1350637,307.52222,27677,15314.6,1378314,2,180,,,
matched_rca,qwen3.8-27b,H,re2_tt,90,14655.6,1319004,2086.6778,187801,16742.278,1506805,320.47778,28843,17062.756,1535648,2,180,,,
matched_rca,qwen3.8-27b,P,re2_tt,90,3956.7556,356108,22416,2017440,26372.756,2373548,320.75556,28868,26693.511,2402416,2,180,,,
matched_rca,qwen3.8-27b,R,re2_tt,90,4558.3556,410252,2086.6778,187801,6645.0333,598053,270.22222,24320,6915.2556,622373,2,180,,,
matched_rca,qwen3.8-27b,T,re2_tt,90,14737.722,1326395,0,0,14737.722,1326395,336.43333,30279,15074.156,1356674,2,180,,,
matched_rca,qwen3.8-27b,V,re2_tt,90,3679.4222,331148,2086.6778,187801,5766.1,518949,275.83333,24825,6041.9333,543774,2,180,,,
typed_two_stage,gemma-4-26b-a4b,H,aegislab,96,22878.896,2196374,1085.8646,104243,23964.76,2300617,386.79167,37132,24351.552,2337749,2,192,,,
typed_two_stage,gemma-4-26b-a4b,Mt-Rt-Lt-Gt,aegislab,96,23266.49,2233583,0,0,23266.49,2233583,381.52083,36626,23648.01,2270209,2,192,,,
typed_two_stage,gemma-4-26b-a4b,Mt-Rt-Lt-Gv,aegislab,96,21769.271,2089850,2152.0417,206596,23921.312,2296446,385.66667,37024,24306.979,2333470,2,192,,,
typed_two_stage,gemma-4-26b-a4b,Mt-Rt-Lv-Gt,aegislab,96,22746.115,2183627,1109,106464,23855.115,2290091,378.23958,36311,24233.354,2326402,2,192,,,
typed_two_stage,gemma-4-26b-a4b,Mt-Rt-Lv-Gv,aegislab,96,21273.75,2042280,3261.2292,313078,24534.979,2355358,384.47917,36910,24919.458,2392268,2,192,,,
typed_two_stage,gemma-4-26b-a4b,Mt-Rv-Lt-Gt,aegislab,96,22667.094,2176041,1109,106464,23776.094,2282505,376.3125,36126,24152.406,2318631,2,192,,,
typed_two_stage,gemma-4-26b-a4b,Mt-Rv-Lt-Gv,aegislab,96,21165.979,2031934,3262.0312,313155,24428.01,2345089,376.46875,36141,24804.479,2381230,2,192,,,
typed_two_stage,gemma-4-26b-a4b,Mt-Rv-Lv-Gt,aegislab,96,22120.448,2123563,2218,212928,24338.448,2336491,372.47917,35758,24710.927,2372249,2,192,,,
typed_two_stage,gemma-4-26b-a4b,Mt-Rv-Lv-Gv,aegislab,96,20519.385,1969861,4371.0312,419619,24890.417,2389480,454.92708,43673,25345.344,2433153,2,192,,,
typed_two_stage,gemma-4-26b-a4b,Mv-Rt-Lt-Gt,aegislab,96,6182.7083,593540,1091,104736,7273.7083,698276,384.27083,36890,7657.9792,735166,2,192,,,
typed_two_stage,gemma-4-26b-a4b,Mv-Rt-Lt-Gv,aegislab,96,4476.2188,429717,3244.0312,311427,7720.25,741144,387.91667,37240,8108.1667,778384,2,192,,,
typed_two_stage,gemma-4-26b-a4b,Mv-Rt-Lv-Gt,aegislab,96,5517.3333,529664,2200,211200,7717.3333,740864,387.29167,37180,8104.625,778044,2,192,,,
typed_two_stage,gemma-4-26b-a4b,Mv-Rt-Lv-Gv,aegislab,96,3885.4896,373007,4352.2396,417815,8237.7292,790822,387.33333,37184,8625.0625,828006,2,192,,,
typed_two_stage,gemma-4-26b-a4b,Mv-Rv-Lt-Gt,aegislab,96,5334.4896,512111,2200,211200,7534.4896,723311,380.05208,36485,7914.5417,759796,2,192,,,
typed_two_stage,gemma-4-26b-a4b,Mv-Rv-Lt-Gv,aegislab,96,3860.4062,370599,4352.2396,417815,8212.6458,788414,381.80208,36653,8594.4479,825067,2,192,,,
typed_two_stage,gemma-4-26b-a4b,Mv-Rv-Lv-Gt,aegislab,96,4519.9062,433911,3309,317664,7828.9062,751575,543.42708,52169,8372.3333,803744,2,192,,,
typed_two_stage,gemma-4-26b-a4b,Mv-Rv-Lv-Gv,aegislab,96,3204.3958,307622,5461.2396,524279,8665.6354,831901,540.73958,51911,9206.375,883812,2,192,,,
typed_two_stage,gemma-4-26b-a4b,P,aegislab,96,2470.8438,237201,6952.2708,667418,9423.1146,904619,381.90625,36663,9805.0208,941282,2,192,,,
typed_two_stage,gemma-4-26b-a4b,V,aegislab,96,3153.2812,302715,1085.8646,104243,4239.1458,406958,456.22917,43798,4695.375,450756,2,192,,,
typed_two_stage,gemma-4-26b-a4b,H,aiops2022,100,22595.71,2259571,1084.61,108461,23680.32,2368032,268.15,26815,23948.47,2394847,2,200,,,
typed_two_stage,gemma-4-26b-a4b,Mt-Rt-Lt-Gt,aiops2022,100,22725.83,2272583,0,0,22725.83,2272583,267.84,26784,22993.67,2299367,2,200,,,
typed_two_stage,gemma-4-26b-a4b,Mt-Rt-Lt-Gv,aiops2022,100,21302.85,2130285,2150.21,215021,23453.06,2345306,267.57,26757,23720.63,2372063,2,200,,,
typed_two_stage,gemma-4-26b-a4b,Mt-Rt-Lv-Gt,aiops2022,100,22274.24,2227424,1109,110900,23383.24,2338324,263.95,26395,23647.19,2364719,2,200,,,
typed_two_stage,gemma-4-26b-a4b,Mt-Rt-Lv-Gv,aiops2022,100,20915.47,2091547,3259.21,325921,24174.68,2417468,263.64,26364,24438.32,2443832,2,200,,,
typed_two_stage,gemma-4-26b-a4b,Mt-Rv-Lt-Gt,aiops2022,100,21854.4,2185440,1109,110900,22963.4,2296340,261.36,26136,23224.76,2322476,2,200,,,
typed_two_stage,gemma-4-26b-a4b,Mt-Rv-Lt-Gv,aiops2022,100,20467.73,2046773,3259.21,325921,23726.94,2372694,259.77,25977,23986.71,2398671,2,200,,,
typed_two_stage,gemma-4-26b-a4b,Mt-Rv-Lv-Gt,aiops2022,100,21349.37,2134937,2218,221800,23567.37,2356737,257.73,25773,23825.1,2382510,2,200,,,
typed_two_stage,gemma-4-26b-a4b,Mt-Rv-Lv-Gv,aiops2022,100,19910.11,1991011,4367.9,436790,24278.01,2427801,256.47,25647,24534.48,2453448,2,200,,,
typed_two_stage,gemma-4-26b-a4b,Mv-Rt-Lt-Gt,aiops2022,100,5246.33,524633,1091,109100,6337.33,633733,269.35,26935,6606.68,660668,2,200,,,
typed_two_stage,gemma-4-26b-a4b,Mv-Rt-Lt-Gv,aiops2022,100,3801.17,380117,3240.9,324090,7042.07,704207,266.57,26657,7308.64,730864,2,200,,,
typed_two_stage,gemma-4-26b-a4b,Mv-Rt-Lv-Gt,aiops2022,100,4686.42,468642,2200,220000,6886.42,688642,267.31,26731,7153.73,715373,2,200,,,
typed_two_stage,gemma-4-26b-a4b,Mv-Rt-Lv-Gv,aiops2022,100,3248.01,324801,4349.9,434990,7597.91,759791,267.12,26712,7865.03,786503,2,200,,,
typed_two_stage,gemma-4-26b-a4b,Mv-Rv-Lt-Gt,aiops2022,100,4473.81,447381,2200,220000,6673.81,667381,261.94,26194,6935.75,693575,2,200,,,
typed_two_stage,gemma-4-26b-a4b,Mv-Rv-Lt-Gv,aiops2022,100,3069.98,306998,4349.9,434990,7419.88,741988,259.76,25976,7679.64,767964,2,200,,,
typed_two_stage,gemma-4-26b-a4b,Mv-Rv-Lv-Gt,aiops2022,100,3864.58,386458,3309,330900,7173.58,717358,258.82,25882,7432.4,743240,2,200,,,
typed_two_stage,gemma-4-26b-a4b,Mv-Rv-Lv-Gv,aiops2022,100,2517.28,251728,5459.21,545921,7976.49,797649,257.11,25711,8233.6,823360,2,200,,,
typed_two_stage,gemma-4-26b-a4b,P,aiops2022,100,2087.43,208743,7598.13,759813,9685.56,968556,266.18,26618,9951.74,995174,2,200,,,
typed_two_stage,gemma-4-26b-a4b,V,aiops2022,100,2490.75,249075,1084.61,108461,3575.36,357536,254.96,25496,3830.32,383032,2,200,,,
typed_two_stage,gemma-4-26b-a4b,H,aiops2025,93,20955.29,1948842,1082.7849,100699,22038.075,2049541,292.10753,27166,22330.183,2076707,2,186,,,
typed_two_stage,gemma-4-26b-a4b,Mt-Rt-Lt-Gt,aiops2025,93,21106.624,1962916,0,0,21106.624,1962916,290.5914,27025,21397.215,1989941,2,186,,,
typed_two_stage,gemma-4-26b-a4b,Mt-Rt-Lt-Gv,aiops2025,93,20106.72,1869925,2146.9355,199665,22253.656,2069590,289.86022,26957,22543.516,2096547,2,186,,,
typed_two_stage,gemma-4-26b-a4b,Mt-Rt-Lv-Gt,aiops2025,93,20759.462,1930630,1109,103137,21868.462,2033767,284.17204,26428,22152.634,2060195,2,186,,,
typed_two_stage,gemma-4-26b-a4b,Mt-Rt-Lv-Gv,aiops2025,93,19586.871,1821579,3255.9355,302802,22842.806,2124381,284.06452,26418,23126.871,2150799,2,186,,,
typed_two_stage,gemma-4-26b-a4b,Mt-Rv-Lt-Gt,aiops2025,93,20501.054,1906598,1109,103137,21610.054,2009735,280.84946,26119,21890.903,2035854,2,186,,,
typed_two_stage,gemma-4-26b-a4b,Mt-Rv-Lt-Gv,aiops2025,93,19292.366,1794190,3255.9355,302802,22548.301,2096992,278.50538,25901,22826.806,2122893,2,186,,,
typed_two_stage,gemma-4-26b-a4b,Mt-Rv-Lv-Gt,aiops2025,93,19971.978,1857394,2218,206274,22189.978,2063668,276.73118,25736,22466.71,2089404,2,186,,,
typed_two_stage,gemma-4-26b-a4b,Mt-Rv-Lv-Gv,aiops2025,93,18679.269,1737172,4364.9355,405939,23044.204,2143111,276.37634,25703,23320.581,2168814,2,186,,,
typed_two_stage,gemma-4-26b-a4b,Mv-Rt-Lt-Gt,aiops2025,93,5152.3333,479167,1091,101463,6243.3333,580630,291.43011,27103,6534.7634,607733,2,186,,,
typed_two_stage,gemma-4-26b-a4b,Mv-Rt-Lt-Gv,aiops2025,93,4004,372372,3237.9355,301128,7241.9355,673500,292.10753,27166,7534.043,700666,2,186,,,
typed_two_stage,gemma-4-26b-a4b,Mv-Rt-Lv-Gt,aiops2025,93,4619.2903,429594,2200,204600,6819.2903,634194,289.01075,26878,7108.3011,661072,2,186,,,
typed_two_stage,gemma-4-26b-a4b,Mv-Rt-Lv-Gv,aiops2025,93,3504.8495,325951,4346.9355,404265,7851.7849,730216,459.48387,42732,8311.2688,772948,2,186,,,
typed_two_stage,gemma-4-26b-a4b,Mv-Rv-Lt-Gt,aiops2025,93,4420.6022,411116,2200,204600,6620.6022,615716,286.92473,26684,6907.5269,642400,2,186,,,
typed_two_stage,gemma-4-26b-a4b,Mv-Rv-Lt-Gv,aiops2025,93,3104.3441,288704,4346.4086,404216,7450.7527,692920,284.94624,26500,7735.6989,719420,2,186,,,
typed_two_stage,gemma-4-26b-a4b,Mv-Rv-Lv-Gt,aiops2025,93,3881.9462,361021,3309,307737,7190.9462,668758,283.01075,26320,7473.957,695078,2,186,,,
typed_two_stage,gemma-4-26b-a4b,Mv-Rv-Lv-Gv,aiops2025,93,2612.5484,242967,5455.4086,507353,8067.957,750320,279.94624,26035,8347.9032,776355,2,186,,,
typed_two_stage,gemma-4-26b-a4b,P,aiops2025,93,1991.9462,185251,6919.3978,643504,8911.3441,828755,288.49462,26830,9199.8387,855585,2,186,,,
typed_two_stage,gemma-4-26b-a4b,V,aiops2025,93,2851.1398,265156,1082.7849,100699,3933.9247,365855,278.72043,25921,4212.6452,391776,2,186,,,
typed_two_stage,gemma-4-26b-a4b,H,all_469,469,25030.226,11739176,1084.9872,508859,26115.213,12248035,355.92537,166929,26471.139,12414964,2,938,,,
typed_two_stage,gemma-4-26b-a4b,Mt-Rt-Lt-Gt,all_469,469,25310.228,11870497,0,0,25310.228,11870497,351.67377,164935,25661.902,12035432,2,938,,,
typed_two_stage,gemma-4-26b-a4b,Mt-Rt-Lt-Gv,all_469,469,23960.102,11237288,2142.9168,1005028,26103.019,12242316,352.73774,165434,26455.757,12407750,2,938,,,
typed_two_stage,gemma-4-26b-a4b,Mt-Rt-Lv-Gt,all_469,469,24905.738,11680791,1109,520121,26014.738,12200912,363.29851,170387,26378.036,12371299,2,938,,,
typed_two_stage,gemma-4-26b-a4b,Mt-Rt-Lv-Gv,all_469,469,23553.902,11046780,3251.9552,1525167,26805.857,12571947,347.59915,163024,27153.456,12734971,2,938,,,
typed_two_stage,gemma-4-26b-a4b,Mt-Rv-Lt-Gt,all_469,469,24604.149,11539346,1109,520121,25713.149,12059467,344.32409,161488,26057.473,12220955,2,938,,,
typed_two_stage,gemma-4-26b-a4b,Mt-Rv-Lt-Gv,all_469,469,23199.537,10880583,3252.2836,1525321,26451.821,12405904,342.33902,160557,26794.16,12566461,2,938,,,
typed_two_stage,gemma-4-26b-a4b,Mt-Rv-Lv-Gt,all_469,469,24100.452,11303112,2218,1040242,26318.452,12343354,339.31343,159138,26657.765,12502492,2,938,,,
typed_two_stage,gemma-4-26b-a4b,Mt-Rv-Lv-Gv,all_469,469,22651.13,10623380,4361.2175,2045411,27012.348,12668791,355.92964,166931,27368.277,12835722,2,938,,,
typed_two_stage,gemma-4-26b-a4b,Mv-Rt-Lt-Gt,all_469,469,5860.0021,2748341,1091,511679,6951.0021,3260020,353.67164,165872,7304.6738,3425892,2,938,,,
typed_two_stage,gemma-4-26b-a4b,Mv-Rt-Lt-Gv,all_469,469,4486.0469,2103956,3234.2175,1516848,7720.2644,3620804,354.52452,166272,8074.7889,3787076,2,938,,,
typed_two_stage,gemma-4-26b-a4b,Mv-Rt-Lv-Gt,all_469,469,5336.6141,2502872,2200,1031800,7536.6141,3534672,387.02132,181513,7923.6354,3716185,2,938,,,
typed_two_stage,gemma-4-26b-a4b,Mv-Rt-Lv-Gv,all_469,469,3954.7356,1854771,4343.0554,2036893,8297.791,3891664,420.73348,197324,8718.5245,4088988,2,938,,,
typed_two_stage,gemma-4-26b-a4b,Mv-Rv-Lt-Gt,all_469,469,5133.6588,2407686,2200,1031800,7333.6588,3439486,348.14286,163279,7681.8017,3602765,2,938,,,
typed_two_stage,gemma-4-26b-a4b,Mv-Rv-Lt-Gv,all_469,469,3742.2111,1755097,4342.951,2036844,8085.162,3791941,348.2452,163327,8433.4072,3955268,2,938,,,
typed_two_stage,gemma-4-26b-a4b,Mv-Rv-Lv-Gt,all_469,469,4529.0704,2124134,3309,1551921,7838.0704,3676055,378.70149,177611,8216.7719,3853666,2,938,,,
typed_two_stage,gemma-4-26b-a4b,Mv-Rv-Lv-Gv,all_469,469,3221.8635,1511054,5452.0171,2556996,8673.8806,4068050,375.63753,176174,9049.5181,4244224,2,938,,,
typed_two_stage,gemma-4-26b-a4b,P,all_469,469,2563.0554,1202073,7752.6972,3636015,10315.753,4838088,351.0064,164622,10666.759,5002710,2,938,,,
typed_two_stage,gemma-4-26b-a4b,V,all_469,469,3286.6994,1541462,1084.9872,508859,4371.6866,2050321,391.49893,183613,4763.1855,2233934,2,938,,,
typed_two_stage,gemma-4-26b-a4b,H,headline_289,289,22161.893,6404787,1084.4394,313403,23246.332,6718190,315.2699,91113,23561.602,6809303,2,578,,,
typed_two_stage,gemma-4-26b-a4b,Mt-Rt-Lt-Gt,headline_289,289,22384.367,6469082,0,0,22384.367,6469082,312.92388,90435,22697.291,6559517,2,578,,,
typed_two_stage,gemma-4-26b-a4b,Mt-Rt-Lt-Gv,headline_289,289,21072.872,6090060,2149.7647,621282,23222.637,6711342,313.97232,90738,23536.609,6802080,2,578,,,
typed_two_stage,gemma-4-26b-a4b,Mt-Rt-Lv-Gt,headline_289,289,21943.533,6341681,1109,320501,23052.533,6662182,308.42215,89134,23360.955,6751316,2,578,,,
typed_two_stage,gemma-4-26b-a4b,Mt-Rt-Lv-Gv,headline_289,289,20606.941,5955406,3258.827,941801,23865.768,6897207,310.35294,89692,24176.121,6986899,2,578,,,
typed_two_stage,gemma-4-26b-a4b,Mt-Rv-Lt-Gt,headline_289,289,21688.855,6268079,1109,320501,22797.855,6588580,305.81661,88381,23103.671,6676961,2,578,,,
typed_two_stage,gemma-4-26b-a4b,Mt-Rv-Lt-Gv,headline_289,289,20321.443,5872897,3259.0934,941878,23580.536,6814775,304.56401,88019,23885.1,6902794,2,578,,,
typed_two_stage,gemma-4-26b-a4b,Mt-Rv-Lv-Gt,headline_289,289,21162.263,6115894,2218,641002,23380.263,6756896,301.96194,87267,23682.225,6844163,2,578,,,
typed_two_stage,gemma-4-26b-a4b,Mt-Rv-Lv-Gv,headline_289,289,19716.415,5698044,4367.9862,1262348,24084.401,6960392,328.79931,95023,24413.201,7055415,2,578,,,
typed_two_stage,gemma-4-26b-a4b,Mv-Rt-Lt-Gt,headline_289,289,5527.128,1597340,1091,315299,6618.128,1912639,314.62976,90928,6932.7578,2003567,2,578,,,
typed_two_stage,gemma-4-26b-a4b,Mv-Rt-Lt-Gv,headline_289,289,4090.6782,1182206,3240.9862,936645,7331.6644,2118851,315.09689,91063,7646.7612,2209914,2,578,,,
typed_two_stage,gemma-4-26b-a4b,Mv-Rt-Lv-Gt,headline_289,289,4940.8304,1427900,2200,635800,7140.8304,2063700,314.14879,90789,7454.9792,2154489,2,578,,,
typed_two_stage,gemma-4-26b-a4b,Mv-Rt-Lv-Gv,headline_289,289,3542.4187,1023759,4349.7232,1257070,7892.1419,2280829,368.95502,106628,8261.0969,2387457,2,578,,,
typed_two_stage,gemma-4-26b-a4b,Mv-Rv-Lt-Gt,headline_289,289,4742.5882,1370608,2200,635800,6942.5882,2006408,309.21453,89363,7251.8028,2095771,2,578,,,
typed_two_stage,gemma-4-26b-a4b,Mv-Rv-Lt-Gv,headline_289,289,3343.6021,966301,4349.5536,1257021,7693.1557,2223322,308.40484,89129,8001.5606,2312451,2,578,,,
typed_two_stage,gemma-4-26b-a4b,Mv-Rv-Lv-Gt,headline_289,289,4087.8547,1181390,3309,956301,7396.8547,2137691,361.14533,104371,7758,2242062,2,578,,,
typed_two_stage,gemma-4-26b-a4b,Mv-Rv-Lv-Gv,headline_289,289,2776.1834,802317,5458.6609,1577553,8234.8443,2379870,358.67474,103657,8593.519,2483527,2,578,,,
typed_two_stage,gemma-4-26b-a4b,P,headline_289,289,2184.0657,631195,7165.173,2070735,9349.2388,2701930,311.80277,90111,9661.0415,2792041,2,578,,,
typed_two_stage,gemma-4-26b-a4b,V,headline_289,289,2826.8028,816946,1084.4394,313403,3911.2422,1130349,329.46367,95215,4240.7059,1225564,2,578,,,
typed_two_stage,gemma-4-26b-a4b,H,re2_ob,90,29398.367,2645853,1086.8889,97820,30485.256,2743673,426.81111,38413,30912.067,2782086,2,180,,,
typed_two_stage,gemma-4-26b-a4b,Mt-Rt-Lt-Gt,re2_ob,90,29975.244,2697772,0,0,29975.244,2697772,419.71111,37774,30394.956,2735546,2,180,,,
typed_two_stage,gemma-4-26b-a4b,Mt-Rt-Lt-Gv,re2_ob,90,28445.033,2560053,2117.4444,190570,30562.478,2750623,418.06667,37626,30980.544,2788249,2,180,,,
typed_two_stage,gemma-4-26b-a4b,Mt-Rt-Lv-Gt,re2_ob,90,29335.778,2640220,1109,99810,30444.778,2740030,498.87778,44899,30943.656,2784929,2,180,,,
typed_two_stage,gemma-4-26b-a4b,Mt-Rt-Lv-Gv,re2_ob,90,28056.711,2525104,3226.4444,290380,31283.156,2815484,412.64444,37138,31695.8,2852622,2,180,,,
typed_two_stage,gemma-4-26b-a4b,Mt-Rv-Lt-Gt,re2_ob,90,29165.944,2624935,1109,99810,30274.944,2724745,406.33333,36570,30681.278,2761315,2,180,,,
typed_two_stage,gemma-4-26b-a4b,Mt-Rv-Lt-Gv,re2_ob,90,27835,2505150,3226.4444,290380,31061.444,2795530,407.8,36702,31469.244,2832232,2,180,,,
typed_two_stage,gemma-4-26b-a4b,Mt-Rv-Lv-Gt,re2_ob,90,28554.178,2569876,2218,199620,30772.178,2769496,401.72222,36155,31173.9,2805651,2,180,,,
typed_two_stage,gemma-4-26b-a4b,Mt-Rv-Lv-Gv,re2_ob,90,27167.389,2445065,4335.4444,390190,31502.833,2835255,403.54444,36319,31906.378,2871574,2,180,,,
typed_two_stage,gemma-4-26b-a4b,Mv-Rt-Lt-Gt,re2_ob,90,6314.0333,568263,1091,98190,7405.0333,666453,423.85556,38147,7828.8889,704600,2,180,,,
typed_two_stage,gemma-4-26b-a4b,Mv-Rt-Lt-Gv,re2_ob,90,5008.5778,450772,3208.4444,288760,8217.0222,739532,425.88889,38330,8642.9111,777862,2,180,,,
typed_two_stage,gemma-4-26b-a4b,Mv-Rt-Lv-Gt,re2_ob,90,5845.0222,526052,2200,198000,8045.0222,724052,420.76667,37869,8465.7889,761921,2,180,,,
typed_two_stage,gemma-4-26b-a4b,Mv-Rt-Lv-Gv,re2_ob,90,4538.4222,408458,4317.4444,388570,8855.8667,797028,420.6,37854,9276.4667,834882,2,180,,,
typed_two_stage,gemma-4-26b-a4b,Mv-Rv-Lt-Gt,re2_ob,90,5710.1667,513915,2200,198000,7910.1667,711915,417.34444,37561,8327.5111,749476,2,180,,,
typed_two_stage,gemma-4-26b-a4b,Mv-Rv-Lt-Gv,re2_ob,90,4315.7333,388416,4317.4444,388570,8633.1778,776986,417.36667,37563,9050.5444,814549,2,180,,,
typed_two_stage,gemma-4-26b-a4b,Mv-Rv-Lv-Gt,re2_ob,90,4994.0333,449463,3309,297810,8303.0333,747273,412.61111,37135,8715.6444,784408,2,180,,,
typed_two_stage,gemma-4-26b-a4b,Mv-Rv-Lv-Gv,re2_ob,90,3804.1778,342376,5427.3,488457,9231.4778,830833,408.72222,36785,9640.2,867618,2,180,,,
typed_two_stage,gemma-4-26b-a4b,P,re2_ob,90,3195.8444,287626,8696,782640,11891.844,1070266,418.61111,37675,12310.456,1107941,2,180,,,
typed_two_stage,gemma-4-26b-a4b,V,re2_ob,90,3925.3889,353285,1086.8889,97820,5012.2778,451105,497.78889,44801,5510.0667,495906,2,180,,,
typed_two_stage,gemma-4-26b-a4b,H,re2_tt,90,29872.622,2688536,1084.8444,97636,30957.467,2786172,415.58889,37403,31373.056,2823575,2,180,,,
typed_two_stage,gemma-4-26b-a4b,Mt-Rt-Lt-Gt,re2_tt,90,30040.478,2703643,0,0,30040.478,2703643,408.06667,36726,30448.544,2740369,2,180,,,
typed_two_stage,gemma-4-26b-a4b,Mt-Rt-Lt-Gv,re2_tt,90,28746.389,2587175,2146.4,193176,30892.789,2780351,411.88889,37070,31304.678,2817421,2,180,,,
typed_two_stage,gemma-4-26b-a4b,Mt-Rt-Lv-Gt,re2_tt,90,29987.667,2698890,1109,99810,31096.667,2798700,403.93333,36354,31500.6,2835054,2,180,,,
typed_two_stage,gemma-4-26b-a4b,Mt-Rt-Lv-Gv,re2_tt,90,28514.111,2566270,3255.4,292986,31769.511,2859256,402.15556,36194,32171.667,2895450,2,180,,,
typed_two_stage,gemma-4-26b-a4b,Mt-Rv-Lt-Gt,re2_tt,90,29403.689,2646332,1109,99810,30512.689,2746142,405.96667,36537,30918.656,2782679,2,180,,,
typed_two_stage,gemma-4-26b-a4b,Mt-Rv-Lt-Gv,re2_tt,90,27805.956,2502536,3256.2556,293063,31062.211,2795599,398.17778,35836,31460.389,2831435,2,180,,,
typed_two_stage,gemma-4-26b-a4b,Mt-Rv-Lv-Gt,re2_tt,90,29081.578,2617342,2218,199620,31299.578,2816962,396.84444,35716,31696.422,2852678,2,180,,,
typed_two_stage,gemma-4-26b-a4b,Mt-Rv-Lv-Gv,re2_tt,90,27558.567,2480271,4365.2556,392873,31923.822,2873144,395.43333,35589,32319.256,2908733,2,180,,,
typed_two_stage,gemma-4-26b-a4b,Mv-Rt-Lt-Gt,re2_tt,90,6474.8667,582738,1091,98190,7565.8667,680928,408.85556,36797,7974.7222,717725,2,180,,,
typed_two_stage,gemma-4-26b-a4b,Mv-Rt-Lt-Gv,re2_tt,90,5233.0889,470978,3238.2556,291443,8471.3444,762421,409.76667,36879,8881.1111,799300,2,180,,,
typed_two_stage,gemma-4-26b-a4b,Mv-Rt-Lv-Gt,re2_tt,90,6099.1111,548920,2200,198000,8299.1111,746920,587.27778,52855,8886.3889,799775,2,180,,,
typed_two_stage,gemma-4-26b-a4b,Mv-Rt-Lv-Gv,re2_tt,90,4695.0444,422554,4347.2556,391253,9042.3,813807,587.13333,52842,9629.4333,866649,2,180,,,
typed_two_stage,gemma-4-26b-a4b,Mv-Rv-Lt-Gt,re2_tt,90,5812.9222,523163,2200,198000,8012.9222,721163,403.94444,36355,8416.8667,757518,2,180,,,
typed_two_stage,gemma-4-26b-a4b,Mv-Rv-Lt-Gv,re2_tt,90,4448.6667,400380,4347.2556,391253,8795.9222,791633,407.05556,36635,9202.9778,828268,2,180,,,
typed_two_stage,gemma-4-26b-a4b,Mv-Rv-Lv-Gt,re2_tt,90,5480.9,493281,3309,297810,8789.9,791091,401.16667,36105,9191.0667,827196,2,180,,,
typed_two_stage,gemma-4-26b-a4b,Mv-Rv-Lv-Gv,re2_tt,90,4070.6778,366361,5455.4,490986,9526.0778,857347,397.02222,35732,9923.1,893079,2,180,,,
typed_two_stage,gemma-4-26b-a4b,P,re2_tt,90,3147.2444,283252,8696,782640,11843.244,1065892,409.28889,36836,12252.533,1102728,2,180,,,
typed_two_stage,gemma-4-26b-a4b,V,re2_tt,90,4124.7889,371231,1084.8444,97636,5209.6333,468867,484.41111,43597,5694.0444,512464,2,180,,,
typed_two_stage,qwen3.6-27b,H,aegislab,96,18370.281,1763547,2119.7188,203493,20490,1967040,349.44792,33547,20839.448,2000587,2,192,,,
typed_two_stage,qwen3.6-27b,Mt-Rt-Lt-Gt,aegislab,96,18287.688,1755618,0,0,18287.688,1755618,347.13542,33325,18634.823,1788943,2,192,,,
typed_two_stage,qwen3.6-27b,Mt-Rt-Lt-Gv,aegislab,96,16858.854,1618450,553.57292,53143,17412.427,1671593,347.75,33384,17760.177,1704977,2,192,,,
typed_two_stage,qwen3.6-27b,Mt-Rt-Lv-Gt,aegislab,96,17799.781,1708779,98,9408,17897.781,1718187,346.85417,33298,18244.635,1751485,2,192,,,
typed_two_stage,qwen3.6-27b,Mt-Rt-Lv-Gv,aegislab,96,16345.542,1569172,651.57292,62551,16997.115,1631723,348.57292,33463,17345.688,1665186,2,192,,,
typed_two_stage,qwen3.6-27b,Mt-Rv-Lt-Gt,aegislab,96,17645.375,1693956,98,9408,17743.375,1703364,347.67708,33377,18091.052,1736741,2,192,,,
typed_two_stage,qwen3.6-27b,Mt-Rv-Lt-Gv,aegislab,96,16189.26,1554169,651.57292,62551,16840.833,1616720,348.4375,33450,17189.271,1650170,2,192,,,
typed_two_stage,qwen3.6-27b,Mt-Rv-Lv-Gt,aegislab,96,17066.062,1638342,196,18816,17262.062,1657158,346.33333,33248,17608.396,1690406,2,192,,,
typed_two_stage,qwen3.6-27b,Mt-Rv-Lv-Gv,aegislab,96,15622.021,1499714,749.57292,71959,16371.594,1571673,347.64583,33374,16719.24,1605047,2,192,,,
typed_two_stage,qwen3.6-27b,Mv-Rt-Lt-Gt,aegislab,96,5865.6771,563105,1371,131616,7236.6771,694721,347.73958,33383,7584.4167,728104,2,192,,,
typed_two_stage,qwen3.6-27b,Mv-Rt-Lt-Gv,aegislab,96,4377.6562,420255,1924.5729,184759,6302.2292,605014,347.27083,33338,6649.5,638352,2,192,,,
typed_two_stage,qwen3.6-27b,Mv-Rt-Lv-Gt,aegislab,96,5294.5104,508273,1469,141024,6763.5104,649297,347.0625,33318,7110.5729,682615,2,192,,,
typed_two_stage,qwen3.6-27b,Mv-Rt-Lv-Gv,aegislab,96,3841.8646,368819,2022.5729,194167,5864.4375,562986,347.89583,33398,6212.3333,596384,2,192,,,
typed_two_stage,qwen3.6-27b,Mv-Rv-Lt-Gt,aegislab,96,5154.3958,494822,1469,141024,6623.3958,635846,347.625,33372,6971.0208,669218,2,192,,,
typed_two_stage,qwen3.6-27b,Mv-Rv-Lt-Gv,aegislab,96,3709.5208,356114,2022.5729,194167,5732.0938,550281,349.04167,33508,6081.1354,583789,2,192,,,
typed_two_stage,qwen3.6-27b,Mv-Rv-Lv-Gt,aegislab,96,4569.1458,438638,1567,150432,6136.1458,589070,346.02083,33218,6482.1667,622288,2,192,,,
typed_two_stage,qwen3.6-27b,Mv-Rv-Lv-Gv,aegislab,96,3127.6562,300255,2120.5729,203575,5248.2292,503830,347.48958,33359,5595.7188,537189,2,192,,,
typed_two_stage,qwen3.6-27b,P,aegislab,96,3134.2188,300885,16899.562,1622358,20033.781,1923243,346.59375,33273,20380.375,1956516,2,192,,,
typed_two_stage,qwen3.6-27b,V,aegislab,96,3130.9896,300575,2119.7188,203493,5250.7083,504068,345.90625,33207,5596.6146,537275,2,192,,,
typed_two_stage,qwen3.6-27b,H,aiops2022,100,18575.72,1857572,2071.27,207127,20646.99,2064699,242.19,24219,20889.18,2088918,2,200,,,
typed_two_stage,qwen3.6-27b,Mt-Rt-Lt-Gt,aiops2022,100,18597.86,1859786,0,0,18597.86,1859786,242.77,24277,18840.63,1884063,2,200,,,
typed_two_stage,qwen3.6-27b,Mt-Rt-Lt-Gv,aiops2022,100,17268.68,1726868,502.47,50247,17771.15,1777115,242.76,24276,18013.91,1801391,2,200,,,
typed_two_stage,qwen3.6-27b,Mt-Rt-Lv-Gt,aiops2022,100,18128.05,1812805,98,9800,18226.05,1822605,244.28,24428,18470.33,1847033,2,200,,,
typed_two_stage,qwen3.6-27b,Mt-Rt-Lv-Gv,aiops2022,100,16815.35,1681535,600.47,60047,17415.82,1741582,242.58,24258,17658.4,1765840,2,200,,,
typed_two_stage,qwen3.6-27b,Mt-Rv-Lt-Gt,aiops2022,100,17885.63,1788563,98,9800,17983.63,1798363,240.31,24031,18223.94,1822394,2,200,,,
typed_two_stage,qwen3.6-27b,Mt-Rv-Lt-Gv,aiops2022,100,16554.41,1655441,600.47,60047,17154.88,1715488,240.6,24060,17395.48,1739548,2,200,,,
typed_two_stage,qwen3.6-27b,Mt-Rv-Lv-Gt,aiops2022,100,17404.16,1740416,196,19600,17600.16,1760016,238.84,23884,17839,1783900,2,200,,,
typed_two_stage,qwen3.6-27b,Mt-Rv-Lv-Gv,aiops2022,100,16080.23,1608023,698.47,69847,16778.7,1677870,238.8,23880,17017.5,1701750,2,200,,,
typed_two_stage,qwen3.6-27b,Mv-Rt-Lt-Gt,aiops2022,100,4827.21,482721,1371,137100,6198.21,619821,241.4,24140,6439.61,643961,2,200,,,
typed_two_stage,qwen3.6-27b,Mv-Rt-Lt-Gv,aiops2022,100,3501.23,350123,1873.47,187347,5374.7,537470,240.77,24077,5615.47,561547,2,200,,,
typed_two_stage,qwen3.6-27b,Mv-Rt-Lv-Gt,aiops2022,100,4374.56,437456,1469,146900,5843.56,584356,241.25,24125,6084.81,608481,2,200,,,
typed_two_stage,qwen3.6-27b,Mv-Rt-Lv-Gv,aiops2022,100,3056.92,305692,1971.47,197147,5028.39,502839,240.94,24094,5269.33,526933,2,200,,,
typed_two_stage,qwen3.6-27b,Mv-Rv-Lt-Gt,aiops2022,100,4133.79,413379,1469,146900,5602.79,560279,239.16,23916,5841.95,584195,2,200,,,
typed_two_stage,qwen3.6-27b,Mv-Rv-Lt-Gv,aiops2022,100,2810.33,281033,1971.47,197147,4781.8,478180,239.48,23948,5021.28,502128,2,200,,,
typed_two_stage,qwen3.6-27b,Mv-Rv-Lv-Gt,aiops2022,100,3658.73,365873,1567,156700,5225.73,522573,239.38,23938,5465.11,546511,2,200,,,
typed_two_stage,qwen3.6-27b,Mv-Rv-Lv-Gv,aiops2022,100,2361.84,236184,2069.47,206947,4431.31,443131,240.23,24023,4671.54,467154,2,200,,,
typed_two_stage,qwen3.6-27b,P,aiops2022,100,2374.86,237486,19585.98,1958598,21960.84,2196084,241.75,24175,22202.59,2220259,2,200,,,
typed_two_stage,qwen3.6-27b,V,aiops2022,100,2354.44,235444,2071.27,207127,4425.71,442571,240.94,24094,4666.65,466665,2,200,,,
typed_two_stage,qwen3.6-27b,H,aiops2025,93,17556.742,1632777,2021.5376,188003,19578.28,1820780,271.93548,25290,19850.215,1846070,2,186,,,
typed_two_stage,qwen3.6-27b,Mt-Rt-Lt-Gt,aiops2025,93,17545.215,1631705,0,0,17545.215,1631705,270.78495,25183,17816,1656888,2,186,,,
typed_two_stage,qwen3.6-27b,Mt-Rt-Lt-Gv,aiops2025,93,16409.505,1526084,460.43011,42820,16869.935,1568904,271.35484,25236,17141.29,1594140,2,186,,,
typed_two_stage,qwen3.6-27b,Mt-Rt-Lv-Gt,aiops2025,93,17036.409,1584386,98,9114,17134.409,1593500,270,25110,17404.409,1618610,2,186,,,
typed_two_stage,qwen3.6-27b,Mt-Rt-Lv-Gv,aiops2025,93,15992.677,1487319,558.43011,51934,16551.108,1539253,271.12903,25215,16822.237,1564468,2,186,,,
typed_two_stage,qwen3.6-27b,Mt-Rv-Lt-Gt,aiops2025,93,16834.688,1565626,98,9114,16932.688,1574740,269.93548,25104,17202.624,1599844,2,186,,,
typed_two_stage,qwen3.6-27b,Mt-Rv-Lt-Gv,aiops2025,93,15753.204,1465048,558.43011,51934,16311.634,1516982,270.09677,25119,16581.731,1542101,2,186,,,
typed_two_stage,qwen3.6-27b,Mt-Rv-Lv-Gt,aiops2025,93,16363.731,1521827,196,18228,16559.731,1540055,267.88172,24913,16827.613,1564968,2,186,,,
typed_two_stage,qwen3.6-27b,Mt-Rv-Lv-Gv,aiops2025,93,15306.731,1423526,656.43011,61048,15963.161,1484574,268.82796,25001,16231.989,1509575,2,186,,,
typed_two_stage,qwen3.6-27b,Mv-Rt-Lt-Gt,aiops2025,93,4944.0538,459797,1371,127503,6315.0538,587300,271.62366,25261,6586.6774,612561,2,186,,,
typed_two_stage,qwen3.6-27b,Mv-Rt-Lt-Gv,aiops2025,93,3879.6667,360809,1831.4301,170323,5711.0968,531132,270.46237,25153,5981.5591,556285,2,186,,,
typed_two_stage,qwen3.6-27b,Mv-Rt-Lv-Gt,aiops2025,93,4492.871,417837,1469,136617,5961.871,554454,270.55914,25162,6232.4301,579616,2,186,,,
typed_two_stage,qwen3.6-27b,Mv-Rt-Lv-Gv,aiops2025,93,3422.5914,318301,1929.4301,179437,5352.0215,497738,269.17204,25033,5621.1935,522771,2,186,,,
typed_two_stage,qwen3.6-27b,Mv-Rv-Lt-Gt,aiops2025,93,4298.172,399730,1469,136617,5767.172,536347,270.44086,25151,6037.6129,561498,2,186,,,
typed_two_stage,qwen3.6-27b,Mv-Rv-Lt-Gv,aiops2025,93,3213.3226,298839,1929.4301,179437,5142.7527,478276,270.19355,25128,5412.9462,503404,2,186,,,
typed_two_stage,qwen3.6-27b,Mv-Rv-Lv-Gt,aiops2025,93,3836.2903,356775,1567,145731,5403.2903,502506,270.02151,25112,5673.3118,527618,2,186,,,
typed_two_stage,qwen3.6-27b,Mv-Rv-Lv-Gv,aiops2025,93,2727.4301,253651,2027.4301,188551,4754.8602,442202,270.2043,25129,5025.0645,467331,2,186,,,
typed_two_stage,qwen3.6-27b,P,aiops2025,93,2804.2043,260791,17836.387,1658784,20640.591,1919575,269.87097,25098,20910.462,1944673,2,186,,,
typed_two_stage,qwen3.6-27b,V,aiops2025,93,2766.0215,257240,2021.5376,188003,4787.5591,445243,269.97849,25108,5057.5376,470351,2,186,,,
typed_two_stage,qwen3.6-27b,H,all_469,469,20467.691,9599347,2085.3881,978047,22553.079,10577394,325.10874,152476,22878.188,10729870,2,938,,,
typed_two_stage,qwen3.6-27b,Mt-Rt-Lt-Gt,all_469,469,20452.972,9592444,0,0,20452.972,9592444,323.95736,151936,20776.93,9744380,2,938,,,
typed_two_stage,qwen3.6-27b,Mt-Rt-Lt-Gv,all_469,469,19138.194,8975813,520.95522,244328,19659.149,9220141,326.27079,153021,19985.42,9373162,2,938,,,
typed_two_stage,qwen3.6-27b,Mt-Rt-Lv-Gt,all_469,469,19989.493,9375072,98,45962,20087.493,9421034,323.84222,151882,20411.335,9572916,2,938,,,
typed_two_stage,qwen3.6-27b,Mt-Rt-Lv-Gv,all_469,469,18696.051,8768448,618.95522,290290,19315.006,9058738,323.89979,151909,19638.906,9210647,2,938,,,
typed_two_stage,qwen3.6-27b,Mt-Rv-Lt-Gt,all_469,469,19759.405,9267161,98,45962,19857.405,9313123,322.21109,151117,20179.616,9464240,2,938,,,
typed_two_stage,qwen3.6-27b,Mt-Rv-Lt-Gv,all_469,469,18467.989,8661487,618.95522,290290,19086.945,8951777,322.73987,151365,19409.684,9103142,2,938,,,
typed_two_stage,qwen3.6-27b,Mt-Rv-Lv-Gt,all_469,469,19300.307,9051844,196,91924,19496.307,9143768,320.71642,150416,19817.023,9294184,2,938,,,
typed_two_stage,qwen3.6-27b,Mt-Rv-Lv-Gv,all_469,469,18025.991,8454190,716.95522,336252,18742.947,8790442,321.4968,150782,19064.443,8941224,2,938,,,
typed_two_stage,qwen3.6-27b,Mv-Rt-Lt-Gt,all_469,469,5568.1557,2611465,1371,642999,6939.1557,3254464,324.36034,152125,7263.516,3406589,2,938,,,
typed_two_stage,qwen3.6-27b,Mv-Rt-Lt-Gv,all_469,469,4254.6652,1995438,1891.9552,887327,6146.6205,2882765,324.07463,151991,6470.6951,3034756,2,938,,,
typed_two_stage,qwen3.6-27b,Mv-Rt-Lv-Gt,all_469,469,5081.5608,2383252,1469,688961,6550.5608,3072213,323.16418,151564,6873.7249,3223777,2,938,,,
typed_two_stage,qwen3.6-27b,Mv-Rt-Lv-Gv,all_469,469,3804.7591,1784432,1989.9552,933289,5794.7143,2717721,322.53305,151268,6117.2473,2868989,2,938,,,
typed_two_stage,qwen3.6-27b,Mv-Rv-Lt-Gt,all_469,469,4886.1578,2291608,1469,688961,6355.1578,2980569,321.78678,150918,6676.9446,3131487,2,938,,,
typed_two_stage,qwen3.6-27b,Mv-Rv-Lt-Gv,all_469,469,3566.548,1672711,1989.9552,933289,5556.5032,2606000,322.77186,151380,5879.2751,2757380,2,938,,,
typed_two_stage,qwen3.6-27b,Mv-Rv-Lv-Gt,all_469,469,4396.3625,2061894,1567,734923,5963.3625,2796817,321.44136,150756,6284.8038,2947573,2,938,,,
typed_two_stage,qwen3.6-27b,Mv-Rv-Lv-Gv,all_469,469,3139.1983,1472284,2087.9552,979251,5227.1535,2451535,322.44989,151229,5549.6034,2602764,2,938,,,
typed_two_stage,qwen3.6-27b,P,all_469,469,3191.226,1496685,19775.309,9274620,22966.535,10771305,323.82729,151875,23290.362,10923180,2,938,,,
typed_two_stage,qwen3.6-27b,V,all_469,469,3126.3603,1466263,2085.3881,978047,5211.7484,2444310,321.73774,150895,5533.4861,2595205,2,938,,,
typed_two_stage,qwen3.6-27b,H,headline_289,289,18179.571,5253896,2071.3599,598623,20250.931,5852519,287.391,83056,20538.322,5935575,2,578,,,
typed_two_stage,qwen3.6-27b,Mt-Rt-Lt-Gt,headline_289,289,18156.087,5247109,0,0,18156.087,5247109,286.45329,82785,18442.54,5329894,2,578,,,
typed_two_stage,qwen3.6-27b,Mt-Rt-Lt-Gv,headline_289,289,16856.062,4871402,505.91696,146210,17361.979,5017612,286.83737,82896,17648.817,5100508,2,578,,,
typed_two_stage,qwen3.6-27b,Mt-Rt-Lv-Gt,headline_289,289,17667.716,5105970,98,28322,17765.716,5134292,286.62976,82836,18052.346,5217128,2,578,,,
typed_two_stage,qwen3.6-27b,Mt-Rt-Lv-Gv,headline_289,289,16394.554,4738026,603.91696,174532,16998.471,4912558,286.97578,82936,17285.446,4995494,2,578,,,
typed_two_stage,qwen3.6-27b,Mt-Rv-Lt-Gt,headline_289,289,17467.63,5048145,98,28322,17565.63,5076467,285.50865,82512,17851.138,5158979,2,578,,,
typed_two_stage,qwen3.6-27b,Mt-Rv-Lt-Gv,headline_289,289,16175.287,4674658,603.91696,174532,16779.204,4849190,285.91349,82629,17065.118,4931819,2,578,,,
typed_two_stage,qwen3.6-27b,Mt-Rv-Lv-Gt,headline_289,289,16957.042,4900585,196,56644,17153.042,4957229,283.89273,82045,17436.934,5039274,2,578,,,
typed_two_stage,qwen3.6-27b,Mt-Rv-Lv-Gv,headline_289,289,15679.111,4531263,701.91696,202854,16381.028,4734117,284.61938,82255,16665.647,4816372,2,578,,,
typed_two_stage,qwen3.6-27b,Mv-Rt-Lt-Gt,headline_289,289,5209.7682,1505623,1371,396219,6580.7682,1901842,286.44983,82784,6867.218,1984626,2,578,,,
typed_two_stage,qwen3.6-27b,Mv-Rt-Lt-Gv,headline_289,289,3914.1419,1131187,1876.917,542429,5791.0588,1673616,285.70242,82568,6076.7612,1756184,2,578,,,
typed_two_stage,qwen3.6-27b,Mv-Rt-Lv-Gt,headline_289,289,4718.2215,1363566,1469,424541,6187.2215,1788107,285.83045,82605,6473.0519,1870712,2,578,,,
typed_two_stage,qwen3.6-27b,Mv-Rt-Lv-Gv,headline_289,289,3435.3356,992812,1974.917,570751,5410.2526,1563563,285.55363,82525,5695.8062,1646088,2,578,,,
typed_two_stage,qwen3.6-27b,Mv-Rv-Lt-Gt,headline_289,289,4525.7128,1307931,1469,424541,5994.7128,1732472,285.25606,82439,6279.9689,1814911,2,578,,,
typed_two_stage,qwen3.6-27b,Mv-Rv-Lt-Gv,headline_289,289,3238.7059,935986,1974.917,570751,5213.6228,1506737,285.75779,82584,5499.3806,1589321,2,578,,,
typed_two_stage,qwen3.6-27b,Mv-Rv-Lv-Gt,headline_289,289,4018.2907,1161286,1567,452863,5585.2907,1614149,284.66436,82268,5869.955,1696417,2,578,,,
typed_two_stage,qwen3.6-27b,Mv-Rv-Lv-Gv,headline_289,289,2733.8754,790090,2072.917,599073,4806.7924,1389163,285.50519,82511,5092.2976,1471674,2,578,,,
typed_two_stage,qwen3.6-27b,P,headline_289,289,2765.2664,799162,18130.588,5239740,20895.855,6038902,285.6263,82546,21181.481,6121448,2,578,,,
typed_two_stage,qwen3.6-27b,V,headline_289,289,2744.8408,793259,2071.3599,598623,4816.2007,1391882,285.15225,82409,5101.3529,1474291,2,578,,,
typed_two_stage,qwen3.6-27b,H,re2_ob,90,23977.289,2157956,2109,189810,26086.289,2347766,388.83333,34995,26475.122,2382761,2,180,,,
typed_two_stage,qwen3.6-27b,Mt-Rt-Lt-Gt,re2_ob,90,24010.1,2160909,0,0,24010.1,2160909,387.4,34866,24397.5,2195775,2,180,,,
typed_two_stage,qwen3.6-27b,Mt-Rt-Lt-Gv,re2_ob,90,22779.911,2050192,550,49500,23329.911,2099692,397.92222,35813,23727.833,2135505,2,180,,,
typed_two_stage,qwen3.6-27b,Mt-Rt-Lv-Gt,re2_ob,90,23476.811,2112913,98,8820,23574.811,2121733,387.75556,34898,23962.567,2156631,2,180,,,
typed_two_stage,qwen3.6-27b,Mt-Rt-Lv-Gv,re2_ob,90,22258.933,2003304,648,58320,22906.933,2061624,386.74444,34807,23293.678,2096431,2,180,,,
typed_two_stage,qwen3.6-27b,Mt-Rv-Lt-Gt,re2_ob,90,23382.589,2104433,98,8820,23480.589,2113253,384.96667,34647,23865.556,2147900,2,180,,,
typed_two_stage,qwen3.6-27b,Mt-Rv-Lt-Gv,re2_ob,90,22147.044,1993234,648,58320,22795.044,2051554,385.34444,34681,23180.389,2086235,2,180,,,
typed_two_stage,qwen3.6-27b,Mt-Rv-Lv-Gt,re2_ob,90,22852.911,2056762,196,17640,23048.911,2074402,384.4,34596,23433.311,2108998,2,180,,,
typed_two_stage,qwen3.6-27b,Mt-Rv-Lv-Gv,re2_ob,90,21702.033,1953183,746,67140,22448.033,2020323,384.78889,34631,22832.822,2054954,2,180,,,
typed_two_stage,qwen3.6-27b,Mv-Rt-Lt-Gt,re2_ob,90,6093.5556,548420,1371,123390,7464.5556,671810,389.26667,35034,7853.8222,706844,2,180,,,
typed_two_stage,qwen3.6-27b,Mv-Rt-Lt-Gv,re2_ob,90,4829.7444,434677,1921,172890,6750.7444,607567,390.51111,35146,7141.2556,642713,2,180,,,
typed_two_stage,qwen3.6-27b,Mv-Rt-Lv-Gt,re2_ob,90,5524.4111,497197,1469,132210,6993.4111,629407,387.53333,34878,7380.9444,664285,2,180,,,
typed_two_stage,qwen3.6-27b,Mv-Rt-Lv-Gv,re2_ob,90,4328.6,389574,2019,181710,6347.6,571284,386.24444,34762,6733.8444,606046,2,180,,,
typed_two_stage,qwen3.6-27b,Mv-Rv-Lt-Gt,re2_ob,90,5427.4,488466,1469,132210,6896.4,620676,383.02222,34472,7279.4222,655148,2,180,,,
typed_two_stage,qwen3.6-27b,Mv-Rv-Lt-Gv,re2_ob,90,4149.8333,373485,2019,181710,6168.8333,555195,384.86667,34638,6553.7,589833,2,180,,,
typed_two_stage,qwen3.6-27b,Mv-Rv-Lv-Gt,re2_ob,90,4904.4444,441400,1567,141030,6471.4444,582430,385.42222,34688,6856.8667,617118,2,180,,,
typed_two_stage,qwen3.6-27b,Mv-Rv-Lv-Gv,re2_ob,90,3759.6444,338368,2117,190530,5876.6444,528898,387.78889,34901,6264.4333,563799,2,180,,,
typed_two_stage,qwen3.6-27b,P,re2_ob,90,3827.4,344466,22416,2017440,26243.4,2361906,388.31111,34948,26631.711,2396854,2,180,,,
typed_two_stage,qwen3.6-27b,V,re2_ob,90,3692.8444,332356,2109,189810,5801.8444,522166,385.04444,34654,6186.8889,556820,2,180,,,
typed_two_stage,qwen3.6-27b,H,re2_tt,90,24305.5,2187495,2106.8222,189614,26412.322,2377109,382.5,34425,26794.822,2411534,2,180,,,
typed_two_stage,qwen3.6-27b,Mt-Rt-Lt-Gt,re2_tt,90,24271.4,2184426,0,0,24271.4,2184426,380.94444,34285,24652.344,2218711,2,180,,,
typed_two_stage,qwen3.6-27b,Mt-Rt-Lt-Gv,re2_tt,90,22824.656,2054219,540.2,48618,23364.856,2102837,381.24444,34312,23746.1,2137149,2,180,,,
typed_two_stage,qwen3.6-27b,Mt-Rt-Lv-Gt,re2_tt,90,23957.656,2156189,98,8820,24055.656,2165009,379.42222,34148,24435.078,2199157,2,180,,,
typed_two_stage,qwen3.6-27b,Mt-Rt-Lv-Gv,re2_tt,90,22523.533,2027118,638.2,57438,23161.733,2084556,379.62222,34166,23541.356,2118722,2,180,,,
typed_two_stage,qwen3.6-27b,Mt-Rv-Lt-Gt,re2_tt,90,23495.367,2114583,98,8820,23593.367,2123403,377.31111,33958,23970.678,2157361,2,180,,,
typed_two_stage,qwen3.6-27b,Mt-Rv-Lt-Gv,re2_tt,90,22151.056,1993595,638.2,57438,22789.256,2051033,378.38889,34055,23167.644,2085088,2,180,,,
typed_two_stage,qwen3.6-27b,Mt-Rv-Lv-Gt,re2_tt,90,23272.189,2094497,196,17640,23468.189,2112137,375.27778,33775,23843.467,2145912,2,180,,,
typed_two_stage,qwen3.6-27b,Mt-Rv-Lv-Gv,re2_tt,90,21886.044,1969744,736.2,66258,22622.244,2036002,376.62222,33896,22998.867,2069898,2,180,,,
typed_two_stage,qwen3.6-27b,Mv-Rt-Lt-Gt,re2_tt,90,6193.5778,557422,1371,123390,7564.5778,680812,381.18889,34307,7945.7667,715119,2,180,,,
typed_two_stage,qwen3.6-27b,Mv-Rt-Lt-Gv,re2_tt,90,4773.0444,429574,1911.2,172008,6684.2444,601582,380.85556,34277,7065.1,635859,2,180,,,
typed_two_stage,qwen3.6-27b,Mv-Rt-Lv-Gt,re2_tt,90,5805.4333,522489,1469,132210,7274.4333,654699,378.67778,34081,7653.1111,688780,2,180,,,
typed_two_stage,qwen3.6-27b,Mv-Rt-Lv-Gv,re2_tt,90,4467.1778,402046,2009.2,180828,6476.3778,582874,377.56667,33981,6853.9444,616855,2,180,,,
typed_two_stage,qwen3.6-27b,Mv-Rv-Lt-Gt,re2_tt,90,5502.3444,495211,1469,132210,6971.3444,627421,377.85556,34007,7349.2,661428,2,180,,,
typed_two_stage,qwen3.6-27b,Mv-Rv-Lt-Gv,re2_tt,90,4036,363240,2009.2,180828,6045.2,544068,379.53333,34158,6424.7333,578226,2,180,,,
typed_two_stage,qwen3.6-27b,Mv-Rv-Lv-Gt,re2_tt,90,5102.3111,459208,1567,141030,6669.3111,600238,375.55556,33800,7044.8667,634038,2,180,,,
typed_two_stage,qwen3.6-27b,Mv-Rv-Lv-Gv,re2_tt,90,3820.2889,343826,2107.2,189648,5927.4889,533474,375.74444,33817,6303.2333,567291,2,180,,,
typed_two_stage,qwen3.6-27b,P,re2_tt,90,3922.8556,353057,22416,2017440,26338.856,2370497,382.01111,34381,26720.867,2404878,2,180,,,
typed_two_stage,qwen3.6-27b,V,re2_tt,90,3784.9778,340648,2106.8222,189614,5891.8,530262,375.91111,33832,6267.7111,564094,2,180,,,
typed_two_stage,qwen3.8-27b,H,aegislab,96,21821.729,2094886,2144.2188,205845,23965.948,2300731,382.89583,36758,24348.844,2337489,2,192,,,
typed_two_stage,qwen3.8-27b,Mt-Rt-Lt-Gt,aegislab,96,21765.198,2089459,0,0,21765.198,2089459,380.23958,36503,22145.438,2125962,2,192,,,
typed_two_stage,qwen3.8-27b,Mt-Rt-Lt-Gv,aegislab,96,20294.896,1948310,570.92708,54809,20865.823,2003119,379.76042,36457,21245.583,2039576,2,192,,,
typed_two_stage,qwen3.8-27b,Mt-Rt-Lv-Gt,aegislab,96,21263.156,2041263,98,9408,21361.156,2050671,377.75,36264,21738.906,2086935,2,192,,,
typed_two_stage,qwen3.8-27b,Mt-Rt-Lv-Gv,aegislab,96,19740.375,1895076,668.92708,64217,20409.302,1959293,378.15625,36303,20787.458,1995596,2,192,,,
typed_two_stage,qwen3.8-27b,Mt-Rv-Lt-Gt,aegislab,96,21088.698,2024515,98,9408,21186.698,2033923,379.96875,36477,21566.667,2070400,2,192,,,
typed_two_stage,qwen3.8-27b,Mt-Rv-Lt-Gv,aegislab,96,19599.417,1881544,668.92708,64217,20268.344,1945761,379.26042,36409,20647.604,1982170,2,192,,,
typed_two_stage,qwen3.8-27b,Mt-Rv-Lv-Gt,aegislab,96,20575.062,1975206,196,18816,20771.062,1994022,377.27083,36218,21148.333,2030240,2,192,,,
typed_two_stage,qwen3.8-27b,Mt-Rv-Lv-Gv,aegislab,96,19068.438,1830570,766.92708,73625,19835.365,1904195,376.53125,36147,20211.896,1940342,2,192,,,
typed_two_stage,qwen3.8-27b,Mv-Rt-Lt-Gt,aegislab,96,6056.3646,581411,1371,131616,7427.3646,713027,381.77083,36650,7809.1354,749677,2,192,,,
typed_two_stage,qwen3.8-27b,Mv-Rt-Lt-Gv,aegislab,96,4501.2396,432119,1941.9271,186425,6443.1667,618544,379.80208,36461,6822.9688,655005,2,192,,,
typed_two_stage,qwen3.8-27b,Mv-Rt-Lv-Gt,aegislab,96,5492.4583,527276,1469,141024,6961.4583,668300,379.95833,36476,7341.4167,704776,2,192,,,
typed_two_stage,qwen3.8-27b,Mv-Rt-Lv-Gv,aegislab,96,3998.7188,383877,2039.9271,195833,6038.6458,579710,379.44792,36427,6418.0938,616137,2,192,,,
typed_two_stage,qwen3.8-27b,Mv-Rv-Lt-Gt,aegislab,96,5283.6667,507232,1469,141024,6752.6667,648256,379.44792,36427,7132.1146,684683,2,192,,,
typed_two_stage,qwen3.8-27b,Mv-Rv-Lt-Gv,aegislab,96,3833.6979,368035,2039.9271,195833,5873.625,563868,380.63542,36541,6254.2604,600409,2,192,,,
typed_two_stage,qwen3.8-27b,Mv-Rv-Lv-Gt,aegislab,96,4760.2083,456980,1567,150432,6327.2083,607412,378.05208,36293,6705.2604,643705,2,192,,,
typed_two_stage,qwen3.8-27b,Mv-Rv-Lv-Gv,aegislab,96,3305.0833,317288,2137.9271,205241,5443.0104,522529,378.78125,36363,5821.7917,558892,2,192,,,
typed_two_stage,qwen3.8-27b,P,aegislab,96,3279.5833,314840,20752.312,1992222,24031.896,2307062,377.71875,36261,24409.615,2343323,2,192,,,
typed_two_stage,qwen3.8-27b,V,aegislab,96,3290.5417,315892,2144.2188,205845,5434.7604,521737,378.125,36300,5812.8854,558037,2,192,,,
typed_two_stage,qwen3.8-27b,H,aiops2022,100,18710.11,1871011,2088.42,208842,20798.53,2079853,250.45,25045,21048.98,2104898,2,200,,,
typed_two_stage,qwen3.8-27b,Mt-Rt-Lt-Gt,aiops2022,100,18717.87,1871787,0,0,18717.87,1871787,250.25,25025,18968.12,1896812,2,200,,,
typed_two_stage,qwen3.8-27b,Mt-Rt-Lt-Gv,aiops2022,100,17335.29,1733529,521.09,52109,17856.38,1785638,249.85,24985,18106.23,1810623,2,200,,,
typed_two_stage,qwen3.8-27b,Mt-Rt-Lv-Gt,aiops2022,100,18263.67,1826367,98,9800,18361.67,1836167,250.91,25091,18612.58,1861258,2,200,,,
typed_two_stage,qwen3.8-27b,Mt-Rt-Lv-Gv,aiops2022,100,16889.68,1688968,619.09,61909,17508.77,1750877,250.06,25006,17758.83,1775883,2,200,,,
typed_two_stage,qwen3.8-27b,Mt-Rv-Lt-Gt,aiops2022,100,18030.41,1803041,98,9800,18128.41,1812841,250.97,25097,18379.38,1837938,2,200,,,
typed_two_stage,qwen3.8-27b,Mt-Rv-Lt-Gv,aiops2022,100,16632.45,1663245,619.09,61909,17251.54,1725154,249.87,24987,17501.41,1750141,2,200,,,
typed_two_stage,qwen3.8-27b,Mt-Rv-Lv-Gt,aiops2022,100,17563.71,1756371,196,19600,17759.71,1775971,250.01,25001,18009.72,1800972,2,200,,,
typed_two_stage,qwen3.8-27b,Mt-Rv-Lv-Gv,aiops2022,100,16192.76,1619276,717.09,71709,16909.85,1690985,250.89,25089,17160.74,1716074,2,200,,,
typed_two_stage,qwen3.8-27b,Mv-Rt-Lt-Gt,aiops2022,100,4960.83,496083,1371,137100,6331.83,633183,251.14,25114,6582.97,658297,2,200,,,
typed_two_stage,qwen3.8-27b,Mv-Rt-Lt-Gv,aiops2022,100,3591.59,359159,1892.09,189209,5483.68,548368,250.52,25052,5734.2,573420,2,200,,,
typed_two_stage,qwen3.8-27b,Mv-Rt-Lv-Gt,aiops2022,100,4511.02,451102,1469,146900,5980.02,598002,251.15,25115,6231.17,623117,2,200,,,
typed_two_stage,qwen3.8-27b,Mv-Rt-Lv-Gv,aiops2022,100,3127.31,312731,1990.09,199009,5117.4,511740,250.93,25093,5368.33,536833,2,200,,,
typed_two_stage,qwen3.8-27b,Mv-Rv-Lt-Gt,aiops2022,100,4265.14,426514,1469,146900,5734.14,573414,250.35,25035,5984.49,598449,2,200,,,
typed_two_stage,qwen3.8-27b,Mv-Rv-Lt-Gv,aiops2022,100,2874.73,287473,1990.09,199009,4864.82,486482,250.18,25018,5115,511500,2,200,,,
typed_two_stage,qwen3.8-27b,Mv-Rv-Lv-Gt,aiops2022,100,3803.16,380316,1567,156700,5370.16,537016,249.65,24965,5619.81,561981,2,200,,,
typed_two_stage,qwen3.8-27b,Mv-Rv-Lv-Gv,aiops2022,100,2419.06,241906,2088.09,208809,4507.15,450715,249.94,24994,4757.09,475709,2,200,,,
typed_two_stage,qwen3.8-27b,P,aiops2022,100,2425.77,242577,19585.98,1958598,22011.75,2201175,250.03,25003,22261.78,2226178,2,200,,,
typed_two_stage,qwen3.8-27b,V,aiops2022,100,2422.17,242217,2088.42,208842,4510.59,451059,250,25000,4760.59,476059,2,200,,,
typed_two_stage,qwen3.8-27b,H,aiops2025,93,17474.344,1625114,2050.5161,190698,19524.86,1815812,279.95699,26036,19804.817,1841848,2,186,,,
typed_two_stage,qwen3.8-27b,Mt-Rt-Lt-Gt,aiops2025,93,17472.624,1624954,0,0,17472.624,1624954,278.5914,25909,17751.215,1650863,2,186,,,
typed_two_stage,qwen3.8-27b,Mt-Rt-Lt-Gv,aiops2025,93,16240.699,1510385,481.50538,44780,16722.204,1555165,277.93548,25848,17000.14,1581013,2,186,,,
typed_two_stage,qwen3.8-27b,Mt-Rt-Lv-Gt,aiops2025,93,17041.441,1584854,98,9114,17139.441,1593968,278.91398,25939,17418.355,1619907,2,186,,,
typed_two_stage,qwen3.8-27b,Mt-Rt-Lv-Gv,aiops2025,93,15801.419,1469532,579.50538,53894,16380.925,1523426,277.10753,25771,16658.032,1549197,2,186,,,
typed_two_stage,qwen3.8-27b,Mt-Rv-Lt-Gt,aiops2025,93,16779.032,1560450,98,9114,16877.032,1569564,276.64516,25728,17153.677,1595292,2,186,,,
typed_two_stage,qwen3.8-27b,Mt-Rv-Lt-Gv,aiops2025,93,15551.441,1446284,579.50538,53894,16130.946,1500178,275.63441,25634,16406.581,1525812,2,186,,,
typed_two_stage,qwen3.8-27b,Mt-Rv-Lv-Gt,aiops2025,93,16348.28,1520390,196,18228,16544.28,1538618,278.26882,25879,16822.548,1564497,2,186,,,
typed_two_stage,qwen3.8-27b,Mt-Rv-Lv-Gv,aiops2025,93,15110.656,1405291,677.50538,63008,15788.161,1468299,276.09677,25677,16064.258,1493976,2,186,,,
typed_two_stage,qwen3.8-27b,Mv-Rt-Lt-Gt,aiops2025,93,4924.172,457948,1371,127503,6295.172,585451,279.8172,26023,6574.9892,611474,2,186,,,
typed_two_stage,qwen3.8-27b,Mv-Rt-Lt-Gv,aiops2025,93,3726.4194,346557,1852.5054,172283,5578.9247,518840,278.24731,25877,5857.172,544717,2,186,,,
typed_two_stage,qwen3.8-27b,Mv-Rt-Lv-Gt,aiops2025,93,4478.8065,416529,1469,136617,5947.8065,553146,278.69892,25919,6226.5054,579065,2,186,,,
typed_two_stage,qwen3.8-27b,Mv-Rt-Lv-Gv,aiops2025,93,3270.8387,304188,1950.5054,181397,5221.3441,485585,278.07527,25861,5499.4194,511446,2,186,,,
typed_two_stage,qwen3.8-27b,Mv-Rv-Lt-Gt,aiops2025,93,4239.0215,394229,1469,136617,5708.0215,530846,276.97849,25759,5985,556605,2,186,,,
typed_two_stage,qwen3.8-27b,Mv-Rv-Lt-Gv,aiops2025,93,3024.0108,281233,1950.5054,181397,4974.5161,462630,276.46237,25711,5250.9785,488341,2,186,,,
typed_two_stage,qwen3.8-27b,Mv-Rv-Lv-Gt,aiops2025,93,3788.086,352292,1567,145731,5355.086,498023,277.1828,25778,5632.2688,523801,2,186,,,
typed_two_stage,qwen3.8-27b,Mv-Rv-Lv-Gv,aiops2025,93,2590.1828,240887,2048.5054,190511,4638.6882,431398,276.96774,25758,4915.6559,457156,2,186,,,
typed_two_stage,qwen3.8-27b,P,aiops2025,93,2607.5484,242502,17836.387,1658784,20443.935,1901286,278.63441,25913,20722.57,1927199,2,186,,,
typed_two_stage,qwen3.8-27b,V,aiops2025,93,2558.2688,237919,2050.5161,190698,4608.7849,428617,278.06452,25860,4886.8495,454477,2,186,,,
typed_two_stage,qwen3.8-27b,H,all_469,469,21209.84,9947415,2093.7463,981967,23303.586,10929382,335.48188,157341,23639.068,11086723,2,938,,,
typed_two_stage,qwen3.8-27b,Mt-Rt-Lt-Gt,all_469,469,21188.915,9937601,0,0,21188.915,9937601,334.66951,156960,21523.584,10094561,2,938,,,
typed_two_stage,qwen3.8-27b,Mt-Rt-Lt-Gv,all_469,469,19811.751,9291711,525.34328,246386,20337.094,9538097,333.44563,156386,20670.539,9694483,2,938,,,
typed_two_stage,qwen3.8-27b,Mt-Rt-Lv-Gt,all_469,469,20773.439,9742743,98,45962,20871.439,9788705,350.76119,164507,21222.2,9953212,2,938,,,
typed_two_stage,qwen3.8-27b,Mt-Rt-Lv-Gv,all_469,469,19382.23,9090266,623.34328,292348,20005.574,9382614,333.03412,156193,20338.608,9538807,2,938,,,
typed_two_stage,qwen3.8-27b,Mt-Rv-Lt-Gt,all_469,469,20517.599,9622754,98,45962,20615.599,9668716,333.05117,156201,20948.65,9824917,2,938,,,
typed_two_stage,qwen3.8-27b,Mt-Rv-Lt-Gv,all_469,469,19128.665,8971344,623.34328,292348,19752.009,9263692,331.90405,155663,20083.913,9419355,2,938,,,
typed_two_stage,qwen3.8-27b,Mt-Rv-Lv-Gt,all_469,469,20082.925,9418892,196,91924,20278.925,9510816,332.05117,155732,20610.977,9666548,2,938,,,
typed_two_stage,qwen3.8-27b,Mt-Rv-Lv-Gv,all_469,469,18699.226,8769937,721.34328,338310,19420.569,9108247,331.40512,155429,19751.974,9263676,2,938,,,
typed_two_stage,qwen3.8-27b,Mv-Rt-Lt-Gt,all_469,469,5635.8827,2643229,1371,642999,7006.8827,3286228,334.9936,157112,7341.8763,3443340,2,938,,,
typed_two_stage,qwen3.8-27b,Mv-Rt-Lt-Gv,all_469,469,4251.2473,1993835,1896.3433,889385,6147.5906,2883220,333.96375,156629,6481.5544,3039849,2,938,,,
typed_two_stage,qwen3.8-27b,Mv-Rt-Lv-Gt,all_469,469,5186.693,2432559,1469,688961,6655.693,3121520,333.6887,156500,6989.3817,3278020,2,938,,,
typed_two_stage,qwen3.8-27b,Mv-Rt-Lv-Gv,all_469,469,3822.1983,1792611,1994.3433,935347,5816.5416,2727958,332.90192,156131,6149.4435,2884089,2,938,,,
typed_two_stage,qwen3.8-27b,Mv-Rv-Lt-Gt,all_469,469,4941.1365,2317393,1469,688961,6410.1365,3006354,332.9936,156174,6743.1301,3162528,2,938,,,
typed_two_stage,qwen3.8-27b,Mv-Rv-Lt-Gv,all_469,469,3576.6951,1677470,1994.3433,935347,5571.0384,2612817,332.72281,156047,5903.7612,2768864,2,938,,,
typed_two_stage,qwen3.8-27b,Mv-Rv-Lv-Gt,all_469,469,4497.6695,2109407,1567,734923,6064.6695,2844330,331.3113,155385,6395.9808,2999715,2,938,,,
typed_two_stage,qwen3.8-27b,Mv-Rv-Lv-Gv,all_469,469,3141.6183,1473419,2092.3433,981309,5233.9616,2454728,331.80384,155616,5565.7655,2610344,2,938,,,
typed_two_stage,qwen3.8-27b,P,all_469,469,3157.8465,1481030,20563.932,9644484,23721.778,11125514,333.5693,156444,24055.348,11281958,2,938,,,
typed_two_stage,qwen3.8-27b,V,all_469,469,3137.8763,1471664,2093.7463,981967,5231.6226,2453631,331.78252,155606,5563.4051,2609237,2,938,,,
typed_two_stage,qwen3.8-27b,H,headline_289,289,19346.059,5591011,2094.7578,605385,21440.817,6196396,303.94118,87839,21744.758,6284235,2,578,,,
typed_two_stage,qwen3.8-27b,Mt-Rt-Lt-Gt,headline_289,289,19329.412,5586200,0,0,19329.412,5586200,302.55017,87437,19631.962,5673637,2,578,,,
typed_two_stage,qwen3.8-27b,Mt-Rt-Lt-Gv,headline_289,289,17966.173,5192224,524.90657,151698,18491.08,5343922,302.04152,87290,18793.121,5431212,2,578,,,
typed_two_stage,qwen3.8-27b,Mt-Rt-Lv-Gt,headline_289,289,18866.727,5452484,98,28322,18964.727,5480806,302.05536,87294,19266.782,5568100,2,578,,,
typed_two_stage,qwen3.8-27b,Mt-Rt-Lv-Gv,headline_289,289,17486.422,5053576,622.90657,180020,18109.329,5233596,301.31488,87080,18410.644,5320676,2,578,,,
typed_two_stage,qwen3.8-27b,Mt-Rv-Lt-Gt,headline_289,289,18643.619,5388006,98,28322,18741.619,5416328,302.08304,87302,19043.702,5503630,2,578,,,
typed_two_stage,qwen3.8-27b,Mt-Rv-Lt-Gv,headline_289,289,17270.149,4991073,622.90657,180020,17893.055,5171093,301.14187,87030,18194.197,5258123,2,578,,,
typed_two_stage,qwen3.8-27b,Mt-Rv-Lv-Gt,headline_289,289,18172.896,5251967,196,56644,18368.896,5308611,301.37716,87098,18670.273,5395709,2,578,,,
typed_two_stage,qwen3.8-27b,Mt-Rv-Lv-Gv,headline_289,289,16799.782,4855137,720.90657,208342,17520.689,5063479,300.73702,86913,17821.426,5150392,2,578,,,
typed_two_stage,qwen3.8-27b,Mv-Rt-Lt-Gt,headline_289,289,5312.9481,1535442,1371,396219,6683.9481,1931661,303.76125,87787,6987.7093,2019448,2,578,,,
typed_two_stage,qwen3.8-27b,Mv-Rt-Lt-Gv,headline_289,289,3937.1453,1137835,1895.9066,547917,5833.0519,1685752,302.38754,87390,6135.4394,1773142,2,578,,,
typed_two_stage,qwen3.8-27b,Mv-Rt-Lv-Gt,headline_289,289,4826.6678,1394907,1469,424541,6295.6678,1819448,302.80277,87510,6598.4706,1906958,2,578,,,
typed_two_stage,qwen3.8-27b,Mv-Rt-Lv-Gv,headline_289,289,3462.9619,1000796,1993.9066,576239,5456.8685,1577035,302.3564,87381,5759.2249,1664416,2,578,,,
typed_two_stage,qwen3.8-27b,Mv-Rv-Lt-Gt,headline_289,289,4595.0692,1327975,1469,424541,6064.0692,1752516,301.80277,87221,6365.872,1839737,2,578,,,
typed_two_stage,qwen3.8-27b,Mv-Rv-Lt-Gv,headline_289,289,3241.3183,936741,1993.9066,576239,5235.2249,1512980,301.97232,87270,5537.1972,1600250,2,578,,,
typed_two_stage,qwen3.8-27b,Mv-Rv-Lv-Gt,headline_289,289,4116.2215,1189588,1567,452863,5683.2215,1642451,301.16263,87036,5984.3841,1729487,2,578,,,
typed_two_stage,qwen3.8-27b,Mv-Rv-Lv-Gv,headline_289,289,2768.4464,800081,2091.9066,604561,4860.3529,1404642,301.43599,87115,5161.7889,1491757,2,578,,,
typed_two_stage,qwen3.8-27b,P,headline_289,289,2767.8858,799919,19410.394,5609604,22178.28,6409523,301.65052,87177,22479.931,6496700,2,578,,,
typed_two_stage,qwen3.8-27b,V,headline_289,289,2754.4221,796028,2094.7578,605385,4849.1799,1401413,301.5917,87160,5150.7716,1488573,2,578,,,
typed_two_stage,qwen3.8-27b,H,re2_ob,90,24212.144,2179093,2097.5667,188781,26309.711,2367874,389.66667,35070,26699.378,2402944,2,180,,,
typed_two_stage,qwen3.8-27b,Mt-Rt-Lt-Gt,re2_ob,90,24185.567,2176701,0,0,24185.567,2176701,389.47778,35053,24575.044,2211754,2,180,,,
typed_two_stage,qwen3.8-27b,Mt-Rt-Lt-Gv,re2_ob,90,22737.722,2046395,531.48889,47834,23269.211,2094229,387.34444,34861,23656.556,2129090,2,180,,,
typed_two_stage,qwen3.8-27b,Mt-Rt-Lv-Gt,re2_ob,90,23705.189,2133467,98,8820,23803.189,2142287,388.03333,34923,24191.222,2177210,2,180,,,
typed_two_stage,qwen3.8-27b,Mt-Rt-Lv-Gv,re2_ob,90,22270.478,2004343,629.48889,56654,22899.967,2060997,387.66667,34890,23287.633,2095887,2,180,,,
typed_two_stage,qwen3.8-27b,Mt-Rv-Lt-Gt,re2_ob,90,23551.033,2119593,98,8820,23649.033,2128413,387.15556,34844,24036.189,2163257,2,180,,,
typed_two_stage,qwen3.8-27b,Mt-Rv-Lt-Gv,re2_ob,90,22082.022,1987382,629.48889,56654,22711.511,2044036,384.81111,34633,23096.322,2078669,2,180,,,
typed_two_stage,qwen3.8-27b,Mt-Rv-Lv-Gt,re2_ob,90,23046.6,2074194,196,17640,23242.6,2091834,384.77778,34630,23627.378,2126464,2,180,,,
typed_two_stage,qwen3.8-27b,Mt-Rv-Lv-Gv,re2_ob,90,21601.567,1944141,727.48889,65474,22329.056,2009615,383.34444,34501,22712.4,2044116,2,180,,,
typed_two_stage,qwen3.8-27b,Mv-Rt-Lt-Gt,re2_ob,90,6122.8222,551054,1371,123390,7493.8222,674444,389.36667,35043,7883.1889,709487,2,180,,,
typed_two_stage,qwen3.8-27b,Mv-Rt-Lt-Gv,re2_ob,90,4683.6333,421527,1902.4889,171224,6586.1222,592751,388.98889,35009,6975.1111,627760,2,180,,,
typed_two_stage,qwen3.8-27b,Mv-Rt-Lv-Gt,re2_ob,90,5600.4333,504039,1469,132210,7069.4333,636249,387.25556,34853,7456.6889,671102,2,180,,,
typed_two_stage,qwen3.8-27b,Mv-Rt-Lv-Gv,re2_ob,90,4195.1,377559,2000.4889,180044,6195.5889,557603,386.4,34776,6581.9889,592379,2,180,,,
typed_two_stage,qwen3.8-27b,Mv-Rv-Lt-Gt,re2_ob,90,5461.2889,491516,1469,132210,6930.2889,623726,388.5,34965,7318.7889,658691,2,180,,,
typed_two_stage,qwen3.8-27b,Mv-Rv-Lt-Gv,re2_ob,90,4040.1889,363617,2000.4889,180044,6040.6778,543661,385.77778,34720,6426.4556,578381,2,180,,,
typed_two_stage,qwen3.8-27b,Mv-Rv-Lv-Gt,re2_ob,90,4931.0889,443798,1567,141030,6498.0889,584828,384.02222,34562,6882.1111,619390,2,180,,,
typed_two_stage,qwen3.8-27b,Mv-Rv-Lv-Gv,re2_ob,90,3552.1333,319692,2098.4889,188864,5650.6222,508556,385.03333,34653,6035.6556,543209,2,180,,,
typed_two_stage,qwen3.8-27b,P,re2_ob,90,3592.3222,323309,22416,2017440,26008.322,2340749,388.94444,35005,26397.267,2375754,2,180,,,
typed_two_stage,qwen3.8-27b,V,re2_ob,90,3581.7333,322356,2097.5667,188781,5679.3,511137,383.82222,34544,6063.1222,545681,2,180,,,
typed_two_stage,qwen3.8-27b,H,re2_tt,90,24192.344,2177311,2086.6778,187801,26279.022,2365112,382.57778,34432,26661.6,2399544,2,180,,,
typed_two_stage,qwen3.8-27b,Mt-Rt-Lt-Gt,re2_tt,90,24163.333,2174700,0,0,24163.333,2174700,383,34470,24546.333,2209170,2,180,,,
typed_two_stage,qwen3.8-27b,Mt-Rt-Lt-Gv,re2_tt,90,22812.133,2053092,520.6,46854,23332.733,2099946,380.38889,34235,23713.122,2134181,2,180,,,
typed_two_stage,qwen3.8-27b,Mt-Rt-Lv-Gt,re2_tt,90,23964.356,2156792,98,8820,24062.356,2165612,469.88889,42290,24532.244,2207902,2,180,,,
typed_two_stage,qwen3.8-27b,Mt-Rt-Lv-Gv,re2_tt,90,22581.633,2032347,618.6,55674,23200.233,2088021,380.25556,34223,23580.489,2122244,2,180,,,
typed_two_stage,qwen3.8-27b,Mt-Rv-Lt-Gt,re2_tt,90,23501.722,2115155,98,8820,23599.722,2123975,378.38889,34055,23978.111,2158030,2,180,,,
typed_two_stage,qwen3.8-27b,Mt-Rv-Lt-Gv,re2_tt,90,22143.211,1992889,618.6,55674,22761.811,2048563,377.77778,34000,23139.589,2082563,2,180,,,
typed_two_stage,qwen3.8-27b,Mt-Rv-Lv-Gt,re2_tt,90,23252.567,2092731,196,17640,23448.567,2110371,377.82222,34004,23826.389,2144375,2,180,,,
typed_two_stage,qwen3.8-27b,Mt-Rv-Lv-Gv,re2_tt,90,21896.211,1970659,716.6,64494,22612.811,2035153,377.94444,34015,22990.756,2069168,2,180,,,
typed_two_stage,qwen3.8-27b,Mv-Rt-Lt-Gt,re2_tt,90,6185.9222,556733,1371,123390,7556.9222,680123,380.91111,34282,7937.8333,714405,2,180,,,
typed_two_stage,qwen3.8-27b,Mv-Rt-Lt-Gv,re2_tt,90,4827.4778,434473,1891.6,170244,6719.0778,604717,380.33333,34230,7099.4111,638947,2,180,,,
typed_two_stage,qwen3.8-27b,Mv-Rt-Lv-Gt,re2_tt,90,5929.0333,533613,1469,132210,7398.0333,665823,379.3,34137,7777.3333,699960,2,180,,,
typed_two_stage,qwen3.8-27b,Mv-Rt-Lv-Gv,re2_tt,90,4602.8444,414256,1989.6,179064,6592.4444,593320,377.48889,33974,6969.9333,627294,2,180,,,
typed_two_stage,qwen3.8-27b,Mv-Rv-Lt-Gt,re2_tt,90,5532.2444,497902,1469,132210,7001.2444,630112,377.64444,33988,7378.8889,664100,2,180,,,
typed_two_stage,qwen3.8-27b,Mv-Rv-Lt-Gv,re2_tt,90,4190.1333,377112,1989.6,179064,6179.7333,556176,378.41111,34057,6558.1444,590233,2,180,,,
typed_two_stage,qwen3.8-27b,Mv-Rv-Lv-Gt,re2_tt,90,5289.1222,476021,1567,141030,6856.1222,617051,375.41111,33787,7231.5333,650838,2,180,,,
typed_two_stage,qwen3.8-27b,Mv-Rv-Lv-Gv,re2_tt,90,3929.4,353646,2087.6,187884,6017,541530,376.08889,33848,6393.0889,575378,2,180,,,
typed_two_stage,qwen3.8-27b,P,re2_tt,90,3975.5778,357802,22416,2017440,26391.578,2375242,380.68889,34262,26772.267,2409504,2,180,,,
typed_two_stage,qwen3.8-27b,V,re2_tt,90,3925.3333,353280,2086.6778,187801,6012.0111,541081,376.68889,33902,6388.7,574983,2,180,,,
visual_counterfactual_rca,gemma-4-26b-a4b,H_factual,aegislab,96,16707.781,1603947,1085.8958,104246,17793.677,1708193,418.95833,40220,18212.635,1748413,2,192,,,
visual_counterfactual_rca,gemma-4-26b-a4b,H_neutral,aegislab,96,16681.833,1601456,1085.8958,104246,17767.729,1705702,427.04167,40996,18194.771,1746698,2,192,,,
visual_counterfactual_rca,gemma-4-26b-a4b,H_placebo,aegislab,96,16697.427,1602953,1085.8958,104246,17783.323,1707199,421.29167,40444,18204.615,1747643,2,192,,,
visual_counterfactual_rca,gemma-4-26b-a4b,H_targeted,aegislab,96,16714.219,1604565,1085.8958,104246,17800.115,1708811,422.21875,40533,18222.333,1749344,2,192,,,
visual_counterfactual_rca,gemma-4-26b-a4b,H_factual,aiops2022,47,15671.936,736581,1084.0851,50952,16756.021,787533,392.59574,18452,17148.617,805985,2,94,,,
visual_counterfactual_rca,gemma-4-26b-a4b,H_neutral,aiops2022,47,15641.787,735164,1084.0851,50952,16725.872,786116,407.19149,19138,17133.064,805254,2,94,,,
visual_counterfactual_rca,gemma-4-26b-a4b,H_placebo,aiops2022,47,15669.319,736458,1084.0851,50952,16753.404,787410,390.19149,18339,17143.596,805749,2,94,,,
visual_counterfactual_rca,gemma-4-26b-a4b,H_targeted,aiops2022,47,15683.745,737136,1084.0851,50952,16767.83,788088,394.85106,18558,17162.681,806646,2,94,,,
visual_counterfactual_rca,gemma-4-26b-a4b,H_factual,aiops2025,93,15216.613,1415145,1082.4624,100669,16299.075,1515814,392.58065,36510,16691.656,1552324,2,186,,,
visual_counterfactual_rca,gemma-4-26b-a4b,H_neutral,aiops2025,93,15207.581,1414305,1082.4624,100669,16290.043,1514974,395.93548,36822,16685.978,1551796,2,186,,,
visual_counterfactual_rca,gemma-4-26b-a4b,H_placebo,aiops2025,93,15213.527,1414858,1082.4624,100669,16295.989,1515527,389.22581,36198,16685.215,1551725,2,186,,,
visual_counterfactual_rca,gemma-4-26b-a4b,H_targeted,aiops2025,93,15198.043,1413418,1082.4624,100669,16280.505,1514087,390.04301,36274,16670.548,1550361,2,186,,,
visual_counterfactual_rca,gemma-4-26b-a4b,H_factual,all_469,416,15996.512,6654549,1084.9712,451348,17081.483,7105897,408.07933,169761,17489.562,7275658,2,832,,,
visual_counterfactual_rca,gemma-4-26b-a4b,H_neutral,all_469,416,15980.536,6647903,1084.9712,451348,17065.507,7099251,415.08654,172676,17480.594,7271927,2,832,,,
visual_counterfactual_rca,gemma-4-26b-a4b,H_placebo,all_469,416,15989.736,6651730,1084.9712,451348,17074.707,7103078,406.66827,169174,17481.375,7272252,2,832,,,
visual_counterfactual_rca,gemma-4-26b-a4b,H_targeted,all_469,416,15987.769,6650912,1084.9712,451348,17072.74,7102260,406,168896,17478.74,7271156,2,832,,,
visual_counterfactual_rca,gemma-4-26b-a4b,H_factual,headline_289,236,15913.869,3755673,1084.1822,255867,16998.051,4011540,403.31356,95182,17401.364,4106722,2,472,,,
visual_counterfactual_rca,gemma-4-26b-a4b,H_neutral,headline_289,236,15893.75,3750925,1084.1822,255867,16977.932,4006792,410.83051,96956,17388.763,4103748,2,472,,,
visual_counterfactual_rca,gemma-4-26b-a4b,H_placebo,headline_289,236,15907.919,3754269,1084.1822,255867,16992.102,4010136,402.46186,94981,17394.564,4105117,2,472,,,
visual_counterfactual_rca,gemma-4-26b-a4b,H_targeted,headline_289,236,15911.521,3755119,1084.1822,255867,16995.703,4010986,404.08898,95365,17399.792,4106351,2,472,,,
visual_counterfactual_rca,gemma-4-26b-a4b,H_factual,re2_ob,90,15665.644,1409908,1087,97830,16752.644,1507738,416.35556,37472,17169,1545210,2,180,,,
visual_counterfactual_rca,gemma-4-26b-a4b,H_neutral,re2_ob,90,15640.911,1407682,1087,97830,16727.911,1505512,418.81111,37693,17146.722,1543205,2,180,,,
visual_counterfactual_rca,gemma-4-26b-a4b,H_placebo,re2_ob,90,15651.433,1408629,1087,97830,16738.433,1506459,414.14444,37273,17152.578,1543732,2,180,,,
visual_counterfactual_rca,gemma-4-26b-a4b,H_targeted,re2_ob,90,15646.4,1408176,1087,97830,16733.4,1506006,407.11111,36640,17140.511,1542646,2,180,,,
visual_counterfactual_rca,gemma-4-26b-a4b,H_factual,re2_tt,90,16544.089,1488968,1085.0111,97651,17629.1,1586619,412.3,37107,18041.4,1623726,2,180,,,
visual_counterfactual_rca,gemma-4-26b-a4b,H_neutral,re2_tt,90,16547.733,1489296,1085.0111,97651,17632.744,1586947,422.52222,38027,18055.267,1624974,2,180,,,
visual_counterfactual_rca,gemma-4-26b-a4b,H_placebo,re2_tt,90,16542.578,1488832,1085.0111,97651,17627.589,1586483,410.22222,36920,18037.811,1623403,2,180,,,
visual_counterfactual_rca,gemma-4-26b-a4b,H_targeted,re2_tt,90,16529.078,1487617,1085.0111,97651,17614.089,1585268,409.9,36891,18023.989,1622159,2,180,,,
visual_counterfactual_rca,qwen3.6-27b,H_factual,aegislab,96,14819.812,1422702,2119.7188,203493,16939.531,1626195,375.52083,36050,17315.052,1662245,2,192,,,
visual_counterfactual_rca,qwen3.6-27b,H_neutral,aegislab,96,14808.292,1421596,2119.7188,203493,16928.01,1625089,353.69792,33955,17281.708,1659044,2,192,,,
visual_counterfactual_rca,qwen3.6-27b,H_placebo,aegislab,96,14826.042,1423300,2119.7188,203493,16945.76,1626793,365.17708,35057,17310.938,1661850,2,192,,,
visual_counterfactual_rca,qwen3.6-27b,H_targeted,aegislab,96,14804.844,1421265,2119.7188,203493,16924.562,1624758,358.39583,34406,17282.958,1659164,2,192,,,
visual_counterfactual_rca,qwen3.6-27b,H_factual,aiops2022,47,13836.298,650306,2067.2979,97163,15903.596,747469,362.6383,17044,16266.234,764513,2,94,,,
visual_counterfactual_rca,qwen3.6-27b,H_neutral,aiops2022,47,13805.851,648875,2067.2979,97163,15873.149,746038,352.31915,16559,16225.468,762597,2,94,,,
visual_counterfactual_rca,qwen3.6-27b,H_placebo,aiops2022,47,13862.106,651519,2067.2979,97163,15929.404,748682,366.46809,17224,16295.872,765906,2,94,,,
visual_counterfactual_rca,qwen3.6-27b,H_targeted,aiops2022,47,13886.213,652652,2067.2979,97163,15953.511,749815,375.91489,17668,16329.426,767483,2,94,,,
visual_counterfactual_rca,qwen3.6-27b,H_factual,aiops2025,93,13472.065,1252902,2021.5376,188003,15493.602,1440905,347.03226,32274,15840.634,1473179,2,186,,,
visual_counterfactual_rca,qwen3.6-27b,H_neutral,aiops2025,93,13424.57,1248485,2021.5376,188003,15446.108,1436488,339.48387,31572,15785.591,1468060,2,186,,,
visual_counterfactual_rca,qwen3.6-27b,H_placebo,aiops2025,93,13447.495,1250617,2021.5376,188003,15469.032,1438620,344.2043,32011,15813.237,1470631,2,186,,,
visual_counterfactual_rca,qwen3.6-27b,H_targeted,aiops2025,93,13483.484,1253964,2021.5376,188003,15505.022,1441967,352.35484,32769,15857.376,1474736,2,186,,,
visual_counterfactual_rca,qwen3.6-27b,H_factual,all_469,416,14221.916,5916317,2086.738,868083,16308.654,6784400,354.81971,147605,16663.474,6932005,2,832,,,
visual_counterfactual_rca,qwen3.6-27b,H_neutral,all_469,416,14202.161,5908099,2086.738,868083,16288.899,6776182,344.1274,143157,16633.026,6919339,2,832,,,
visual_counterfactual_rca,qwen3.6-27b,H_placebo,all_469,416,14210.877,5911725,2086.738,868083,16297.615,6779808,346.8101,144273,16644.425,6924081,2,832,,,
visual_counterfactual_rca,qwen3.6-27b,H_targeted,all_469,416,14215.296,5913563,2086.738,868083,16302.034,6781646,349.21635,145274,16651.25,6926920,2,832,,,
visual_counterfactual_rca,qwen3.6-27b,H_factual,headline_289,236,14092.839,3325910,2070.589,488659,16163.428,3814569,361.72881,85368,16525.157,3899937,2,472,,,
visual_counterfactual_rca,qwen3.6-27b,H_neutral,headline_289,236,14063.373,3318956,2070.589,488659,16133.962,3807615,347.82203,82086,16481.784,3889701,2,472,,,
visual_counterfactual_rca,qwen3.6-27b,H_placebo,headline_289,236,14090.831,3325436,2070.589,488659,16161.419,3814095,357.16949,84292,16518.589,3898387,2,472,,,
visual_counterfactual_rca,qwen3.6-27b,H_targeted,headline_289,236,14101.191,3327881,2070.589,488659,16171.78,3816540,359.50424,84843,16531.284,3901383,2,472,,,
visual_counterfactual_rca,qwen3.6-27b,H_factual,re2_ob,90,13952.856,1255757,2109,189810,16061.856,1445567,344.24444,30982,16406.1,1476549,2,180,,,
visual_counterfactual_rca,qwen3.6-27b,H_neutral,re2_ob,90,13912.067,1252086,2109,189810,16021.067,1441896,329.6,29664,16350.667,1471560,2,180,,,
visual_counterfactual_rca,qwen3.6-27b,H_placebo,re2_ob,90,13905.933,1251534,2109,189810,16014.933,1441344,326.11111,29350,16341.044,1470694,2,180,,,
visual_counterfactual_rca,qwen3.6-27b,H_targeted,re2_ob,90,13933.544,1254019,2109,189810,16042.544,1443829,337.68889,30392,16380.233,1474221,2,180,,,
visual_counterfactual_rca,qwen3.6-27b,H_factual,re2_tt,90,14829.444,1334650,2106.8222,189614,16936.267,1524264,347.27778,31255,17283.544,1555519,2,180,,,
visual_counterfactual_rca,qwen3.6-27b,H_neutral,re2_tt,90,14856.189,1337057,2106.8222,189614,16963.011,1526671,348.96667,31407,17311.978,1558078,2,180,,,
visual_counterfactual_rca,qwen3.6-27b,H_placebo,re2_tt,90,14830.611,1334755,2106.8222,189614,16937.433,1524369,340.34444,30631,17277.778,1555000,2,180,,,
visual_counterfactual_rca,qwen3.6-27b,H_targeted,re2_tt,90,14796.256,1331663,2106.8222,189614,16903.078,1521277,333.76667,30039,17236.844,1551316,2,180,,,
visual_counterfactual_rca,qwen3.8-27b,H_factual,aegislab,96,15764,1513344,2144.2188,205845,17908.219,1719189,320.42708,30761,18228.646,1749950,2,192,,,
visual_counterfactual_rca,qwen3.8-27b,H_neutral,aegislab,96,15707.594,1507929,2144.2188,205845,17851.812,1713774,320.58333,30776,18172.396,1744550,2,192,,,
visual_counterfactual_rca,qwen3.8-27b,H_placebo,aegislab,96,15715.396,1508678,2144.2188,205845,17859.615,1714523,310.17708,29777,18169.792,1744300,2,192,,,
visual_counterfactual_rca,qwen3.8-27b,H_targeted,aegislab,96,15776.854,1514578,2144.2188,205845,17921.073,1720423,327.53125,31443,18248.604,1751866,2,192,,,
visual_counterfactual_rca,qwen3.8-27b,H_factual,aiops2022,61,13972.623,852330,2079.2787,126836,16051.902,979166,306.96721,18725,16358.869,997891,2,122,,,
visual_counterfactual_rca,qwen3.8-27b,H_neutral,aiops2022,61,14050.77,857097,2079.2787,126836,16130.049,983933,316.04918,19279,16446.098,1003212,2,122,,,
visual_counterfactual_rca,qwen3.8-27b,H_placebo,aiops2022,61,14020.492,855250,2079.2787,126836,16099.77,982086,312.70492,19075,16412.475,1001161,2,122,,,
visual_counterfactual_rca,qwen3.8-27b,H_targeted,aiops2022,61,14015.492,854945,2079.2787,126836,16094.77,981781,314.54098,19187,16409.311,1000968,2,122,,,
visual_counterfactual_rca,qwen3.8-27b,H_factual,aiops2025,93,13424.613,1248489,2050.5161,190698,15475.129,1439187,315.76344,29366,15790.892,1468553,2,186,,,
visual_counterfactual_rca,qwen3.8-27b,H_neutral,aiops2025,93,13435.989,1249547,2050.5161,190698,15486.505,1440245,313.5914,29164,15800.097,1469409,2,186,,,
visual_counterfactual_rca,qwen3.8-27b,H_placebo,aiops2025,93,13380.28,1244366,2050.5161,190698,15430.796,1435064,305.44086,28406,15736.237,1463470,2,186,,,
visual_counterfactual_rca,qwen3.8-27b,H_targeted,aiops2025,93,13438.022,1249736,2050.5161,190698,15488.538,1440434,317.47312,29525,15806.011,1469959,2,186,,,
visual_counterfactual_rca,qwen3.8-27b,H_factual,all_469,430,14532.84,6249121,2092.9326,899961,16625.772,7149082,318.55581,136979,16944.328,7286061,2,860,,,
visual_counterfactual_rca,qwen3.8-27b,H_neutral,all_469,430,14534.147,6249683,2092.9326,899961,16627.079,7149644,318.67442,137030,16945.753,7286674,2,860,,,
visual_counterfactual_rca,qwen3.8-27b,H_placebo,all_469,430,14508.6,6238698,2092.9326,899961,16601.533,7138659,312.33721,134305,16913.87,7272964,2,860,,,
visual_counterfactual_rca,qwen3.8-27b,H_targeted,all_469,430,14531.391,6248498,2092.9326,899961,16624.323,7148459,318.36744,136898,16942.691,7285357,2,860,,,
visual_counterfactual_rca,qwen3.8-27b,H_factual,headline_289,250,14456.652,3614163,2093.516,523379,16550.168,4137542,315.408,78852,16865.576,4216394,2,500,,,
visual_counterfactual_rca,qwen3.8-27b,H_neutral,headline_289,250,14458.292,3614573,2093.516,523379,16551.808,4137952,316.876,79219,16868.684,4217171,2,500,,,
visual_counterfactual_rca,qwen3.8-27b,H_placebo,headline_289,250,14433.176,3608294,2093.516,523379,16526.692,4131673,309.032,77258,16835.724,4208931,2,500,,,
visual_counterfactual_rca,qwen3.8-27b,H_targeted,headline_289,250,14477.036,3619259,2093.516,523379,16570.552,4142638,320.62,80155,16891.172,4222793,2,500,,,
visual_counterfactual_rca,qwen3.8-27b,H_factual,re2_ob,90,14587.889,1312910,2097.5667,188781,16685.456,1501691,314.68889,28322,17000.144,1530013,2,180,,,
visual_counterfactual_rca,qwen3.8-27b,H_neutral,re2_ob,90,14638.922,1317503,2097.5667,188781,16736.489,1506284,320.28889,28826,17056.778,1535110,2,180,,,
visual_counterfactual_rca,qwen3.8-27b,H_placebo,re2_ob,90,14562.489,1310624,2097.5667,188781,16660.056,1499405,310.28889,27926,16970.344,1527331,2,180,,,
visual_counterfactual_rca,qwen3.8-27b,H_targeted,re2_ob,90,14574.967,1311747,2097.5667,188781,16672.533,1500528,312.14444,28093,16984.678,1528621,2,180,,,
visual_counterfactual_rca,qwen3.8-27b,H_factual,re2_tt,90,14689.422,1322048,2086.6778,187801,16776.1,1509849,331.16667,29805,17107.267,1539654,2,180,,,
visual_counterfactual_rca,qwen3.8-27b,H_neutral,re2_tt,90,14640.078,1317607,2086.6778,187801,16726.756,1505408,322.05556,28985,17048.811,1534393,2,180,,,
visual_counterfactual_rca,qwen3.8-27b,H_placebo,re2_tt,90,14664.222,1319780,2086.6778,187801,16750.9,1507581,323.56667,29121,17074.467,1536702,2,180,,,
visual_counterfactual_rca,qwen3.8-27b,H_targeted,re2_tt,90,14638.8,1317492,2086.6778,187801,16725.478,1505293,318.33333,28650,17043.811,1533943,2,180,,,
