experiment,model,comparison,dimension,value,repair_n,break_n,n,delta,p,cohen_dz,improve,degrade,tie
direct_rca,qwen3.6-27b,R - T,dataset,aegislab,4,12,96,-0.10763889,0.0013113958,-0.30534348,11,31,54
direct_rca,qwen3.6-27b,R - T,dataset,aiops2022,8,14,100,-0.052166667,0.048518059,-0.13404676,12,25,63
direct_rca,qwen3.6-27b,R - T,dataset,aiops2025,12,6,93,0.071146953,0.10678441,0.19616263,23,14,56
direct_rca,qwen3.6-27b,R - T,fault_type,ContainerKill,0,2,6,-0.33333333,0.25,-0.81649658,0,3,3
direct_rca,qwen3.6-27b,R - T,fault_type,HTTPRequestAbort,1,0,6,0.17777778,0.375,0.50975064,3,1,2
direct_rca,qwen3.6-27b,R - T,fault_type,HTTPRequestDelay,0,1,7,-0.14285714,0.5,-0.47745526,0,2,5
direct_rca,qwen3.6-27b,R - T,fault_type,HTTPRequestReplaceMethod,1,4,15,-0.11666667,0.26325296,-0.26886171,2,5,8
direct_rca,qwen3.6-27b,R - T,fault_type,HTTPRequestReplacePath,0,0,1,-0.25,1,-inf,0,1,0
direct_rca,qwen3.6-27b,R - T,fault_type,HTTPResponseAbort,0,0,3,0,1,0,0,0,3
direct_rca,qwen3.6-27b,R - T,fault_type,HTTPResponseDelay,1,1,7,-0.11904762,0.875,-0.24397502,2,2,3
direct_rca,qwen3.6-27b,R - T,fault_type,HTTPResponseReplaceBody,0,0,2,-0.25,1,-0.70710678,0,1,1
direct_rca,qwen3.6-27b,R - T,fault_type,HTTPResponseReplaceCode,0,0,13,-0.008974359,0.90625,-0.072981367,3,3,7
direct_rca,qwen3.6-27b,R - T,fault_type,JVMException,0,0,3,-0.21111111,0.5,-0.81536804,0,2,1
direct_rca,qwen3.6-27b,R - T,fault_type,JVMLatency,0,0,1,-0.16666667,1,-inf,0,1,0
direct_rca,qwen3.6-27b,R - T,fault_type,JVMMemoryStress,0,2,14,-0.22857143,0.015364774,-0.63254846,0,6,8
direct_rca,qwen3.6-27b,R - T,fault_type,JVMReturn,0,0,2,0,1,0,0,0,2
direct_rca,qwen3.6-27b,R - T,fault_type,NetworkBandwidth,0,0,2,0,1,0,0,0,2
direct_rca,qwen3.6-27b,R - T,fault_type,NetworkCorrupt,1,0,2,0.5,1,0.70710678,1,0,1
direct_rca,qwen3.6-27b,R - T,fault_type,NetworkDelay,0,0,1,0,1,0,0,0,1
direct_rca,qwen3.6-27b,R - T,fault_type,NetworkLoss,0,0,3,-0.066666667,1,-0.57735027,0,1,2
direct_rca,qwen3.6-27b,R - T,fault_type,NetworkPartition,0,1,6,-0.20833333,0.5,-0.52015649,0,2,4
direct_rca,qwen3.6-27b,R - T,fault_type,PodFailure,0,1,1,-0.5,1,-inf,0,1,0
direct_rca,qwen3.6-27b,R - T,fault_type,PodKill,0,0,1,0,1,0,0,0,1
direct_rca,qwen3.6-27b,R - T,fault_type,code error,0,0,1,0,1,0,0,0,1
direct_rca,qwen3.6-27b,R - T,fault_type,cpu stress,1,1,8,0.091666667,0.5,0.18471656,3,1,4
direct_rca,qwen3.6-27b,R - T,fault_type,dns error,1,0,5,0.25,0.5,0.57735027,2,0,3
direct_rca,qwen3.6-27b,R - T,fault_type,io fault,1,0,5,0.016666667,1,0.046880723,2,1,2
direct_rca,qwen3.6-27b,R - T,fault_type,jvm cpu,0,0,3,-0.044444444,1,-0.57735027,0,1,2
direct_rca,qwen3.6-27b,R - T,fault_type,jvm exception,0,0,3,0,1,0,0,0,3
direct_rca,qwen3.6-27b,R - T,fault_type,jvm gc,0,0,2,-0.16666667,1,-0.70710678,0,1,1
direct_rca,qwen3.6-27b,R - T,fault_type,jvm latency,0,0,5,0,1,0,0,0,5
direct_rca,qwen3.6-27b,R - T,fault_type,k8s容器cpu负载,0,3,9,-0.31481481,0.125,-0.73463089,0,4,5
direct_rca,qwen3.6-27b,R - T,fault_type,k8s容器内存负载,0,0,8,0,1,0,0,0,8
direct_rca,qwen3.6-27b,R - T,fault_type,k8s容器写io负载,0,2,4,-0.375,0.5,-0.78334945,0,2,2
direct_rca,qwen3.6-27b,R - T,fault_type,k8s容器网络丢包,1,1,9,0.033333333,1,0.1067521,2,2,5
direct_rca,qwen3.6-27b,R - T,fault_type,k8s容器网络延迟,0,0,10,-0.023333333,0.75,-0.14419459,1,2,7
direct_rca,qwen3.6-27b,R - T,fault_type,k8s容器网络资源包损坏,3,0,10,0.28833333,0.171875,0.6023452,5,2,3
direct_rca,qwen3.6-27b,R - T,fault_type,k8s容器网络资源包重复发送,0,0,7,-0.035714286,1,-0.37796447,0,1,6
direct_rca,qwen3.6-27b,R - T,fault_type,k8s容器读io负载,1,2,9,-0.10555556,0.375,-0.19893925,1,4,4
direct_rca,qwen3.6-27b,R - T,fault_type,k8s容器进程中止,0,2,5,-0.36666667,0.25,-0.88354126,0,3,2
direct_rca,qwen3.6-27b,R - T,fault_type,memory stress,0,0,6,0.016666667,0.75,0.11593472,2,1,3
direct_rca,qwen3.6-27b,R - T,fault_type,network corrupt,1,1,6,-0.083333333,0.625,-0.17902872,1,3,2
direct_rca,qwen3.6-27b,R - T,fault_type,network delay,2,1,7,0.16666667,0.5625,0.31108551,3,2,2
direct_rca,qwen3.6-27b,R - T,fault_type,network loss,3,1,5,0.31666667,0.375,0.47799688,3,1,1
direct_rca,qwen3.6-27b,R - T,fault_type,node cpu stress,1,0,6,0.16666667,1,0.40824829,1,0,5
direct_rca,qwen3.6-27b,R - T,fault_type,node disk fill,2,0,4,0.33333333,0.5,0.8660254,2,0,2
direct_rca,qwen3.6-27b,R - T,fault_type,node memory stress,0,0,12,0.011111111,1,0.095267558,1,1,10
direct_rca,qwen3.6-27b,R - T,fault_type,node 内存消耗,1,0,5,0.1,1,0.4472136,1,0,4
direct_rca,qwen3.6-27b,R - T,fault_type,node 磁盘写IO消耗,0,2,6,-0.25,0.5,-0.5976143,0,2,4
direct_rca,qwen3.6-27b,R - T,fault_type,node 磁盘空间消耗,1,1,5,0.066666667,1,0.1118034,1,1,3
direct_rca,qwen3.6-27b,R - T,fault_type,node 磁盘读IO消耗,0,1,5,-0.15,1,-0.4472136,0,1,4
direct_rca,qwen3.6-27b,R - T,fault_type,node节点CPU故障,1,0,5,0.12333333,1,0.40503127,1,1,3
direct_rca,qwen3.6-27b,R - T,fault_type,node节点CPU爬升,0,0,3,0,1,0,0,0,3
direct_rca,qwen3.6-27b,R - T,fault_type,pod failure,0,1,10,0.02,1,0.056293997,2,1,7
direct_rca,qwen3.6-27b,R - T,fault_type,pod kill,0,1,2,0,1,0,1,1,0
direct_rca,qwen3.6-27b,R - T,fault_type,target port misconfig,0,0,3,0,1,0,0,0,3
direct_rca,qwen3.6-27b,R - T,root_service,adservice,0,0,16,-0.041666667,0.083721346,-0.42958962,0,3,13
direct_rca,qwen3.6-27b,R - T,root_service,adservice-0,0,1,1,-1,1,-inf,0,1,0
direct_rca,qwen3.6-27b,R - T,root_service,adservice-1,1,0,3,0.26666667,1,0.57735027,1,0,2
direct_rca,qwen3.6-27b,R - T,root_service,adservice2-0,1,0,1,1,1,inf,1,0,0
direct_rca,qwen3.6-27b,R - T,root_service,cartservice,3,2,12,0.13194444,0.515625,0.23232378,4,3,5
direct_rca,qwen3.6-27b,R - T,root_service,cartservice-0,0,0,2,0.15,1,0.70710678,1,0,1
direct_rca,qwen3.6-27b,R - T,root_service,cartservice2-0,0,0,1,0,1,0,0,0,1
direct_rca,qwen3.6-27b,R - T,root_service,checkoutservice,6,0,21,0.24365079,0.013370334,0.64013577,10,2,9
direct_rca,qwen3.6-27b,R - T,root_service,checkoutservice-0,0,0,2,-0.16666667,1,-0.70710678,0,1,1
direct_rca,qwen3.6-27b,R - T,root_service,checkoutservice-1,0,1,2,-0.25,1,-0.70710678,0,1,1
direct_rca,qwen3.6-27b,R - T,root_service,currencyservice,0,0,6,-0.033333333,1,-0.22140372,1,2,3
direct_rca,qwen3.6-27b,R - T,root_service,currencyservice-0,0,0,1,0,1,0,0,0,1
direct_rca,qwen3.6-27b,R - T,root_service,currencyservice-1,0,1,2,-0.5,1,-0.70710678,0,1,1
direct_rca,qwen3.6-27b,R - T,root_service,currencyservice-2,0,2,2,-1,0.5,-inf,0,2,0
direct_rca,qwen3.6-27b,R - T,root_service,emailservice,0,0,6,-0.097222222,0.5,-0.63583837,0,2,4
direct_rca,qwen3.6-27b,R - T,root_service,emailservice-1,0,1,2,-0.375,0.5,-2.1213203,0,2,0
direct_rca,qwen3.6-27b,R - T,root_service,frontend,0,2,6,-0.11111111,0.5,-0.33903175,1,2,3
direct_rca,qwen3.6-27b,R - T,root_service,frontend-0,1,0,1,1,1,inf,1,0,0
direct_rca,qwen3.6-27b,R - T,root_service,frontend-1,0,0,1,0,1,0,0,0,1
direct_rca,qwen3.6-27b,R - T,root_service,frontend-2,0,1,1,-0.5,1,-inf,0,1,0
direct_rca,qwen3.6-27b,R - T,root_service,frontend2-0,0,0,1,0,1,0,0,0,1
direct_rca,qwen3.6-27b,R - T,root_service,mysql,0,1,6,-0.16666667,1,-0.40824829,0,1,5
direct_rca,qwen3.6-27b,R - T,root_service,node-1,0,0,6,0,1,0,0,0,6
direct_rca,qwen3.6-27b,R - T,root_service,node-2,0,0,3,0,1,0,0,0,3
direct_rca,qwen3.6-27b,R - T,root_service,node-3,2,0,7,0.23809524,0.5,0.56980288,2,0,5
direct_rca,qwen3.6-27b,R - T,root_service,node-4,0,0,5,-0.01,1,-0.4472136,0,1,4
direct_rca,qwen3.6-27b,R - T,root_service,node-5,2,1,12,0.0625,0.75,0.15600091,2,1,9
direct_rca,qwen3.6-27b,R - T,root_service,node-6,1,3,12,-0.097222222,0.5625,-0.22059868,2,3,7
direct_rca,qwen3.6-27b,R - T,root_service,node-7,0,0,2,0,1,0,0,0,2
direct_rca,qwen3.6-27b,R - T,root_service,node-8,1,0,4,0.11666667,1,0.30815782,1,1,2
direct_rca,qwen3.6-27b,R - T,root_service,paymentservice,0,0,2,0,1,0,0,0,2
direct_rca,qwen3.6-27b,R - T,root_service,productcatalogservice,0,2,8,-0.15625,0.375,-0.46300833,1,3,4
direct_rca,qwen3.6-27b,R - T,root_service,productcatalogservice-0,0,0,3,0,1,0,0,0,3
direct_rca,qwen3.6-27b,R - T,root_service,productcatalogservice-1,0,0,3,0.083333333,1,0.21821789,1,1,1
direct_rca,qwen3.6-27b,R - T,root_service,productcatalogservice-2,0,0,2,-0.16666667,1,-0.70710678,0,1,1
direct_rca,qwen3.6-27b,R - T,root_service,productcatalogservice2-0,0,0,1,0,1,0,0,0,1
direct_rca,qwen3.6-27b,R - T,root_service,recommendationservice,0,1,5,-0.13333333,1,-0.26375219,1,1,3
direct_rca,qwen3.6-27b,R - T,root_service,recommendationservice-2,0,0,1,-0.2,1,-inf,0,1,0
direct_rca,qwen3.6-27b,R - T,root_service,recommendationservice2-0,0,0,1,0,1,0,0,0,1
direct_rca,qwen3.6-27b,R - T,root_service,shippingservice,1,2,10,-0.025,1,-0.054608675,2,2,6
direct_rca,qwen3.6-27b,R - T,root_service,shippingservice-0,0,0,1,0,1,0,0,0,1
direct_rca,qwen3.6-27b,R - T,root_service,shippingservice-1,0,0,2,0,1,0,0,0,2
direct_rca,qwen3.6-27b,R - T,root_service,shippingservice2-0,0,0,1,0,1,0,0,0,1
direct_rca,qwen3.6-27b,R - T,root_service,tidb-tidb,0,0,2,0,1,0,0,0,2
direct_rca,qwen3.6-27b,R - T,root_service,tidb-tikv,1,0,10,0.058333333,0.625,0.20582301,3,1,6
direct_rca,qwen3.6-27b,R - T,root_service,ts-assurance-service,0,0,5,-0.033333333,1,-0.4472136,0,1,4
direct_rca,qwen3.6-27b,R - T,root_service,ts-auth-service,1,1,4,0.125,1,0.19867985,1,1,2
direct_rca,qwen3.6-27b,R - T,root_service,ts-basic-service,0,3,19,-0.15175439,0.04892314,-0.5360269,1,6,12
direct_rca,qwen3.6-27b,R - T,root_service,ts-config-service,0,3,6,-0.48055556,0.125,-0.92665866,1,4,1
direct_rca,qwen3.6-27b,R - T,root_service,ts-consign-service,0,0,2,-0.083333333,1,-0.70710678,0,1,1
direct_rca,qwen3.6-27b,R - T,root_service,ts-contacts-service,0,0,2,0.083333333,1,0.70710678,1,0,1
direct_rca,qwen3.6-27b,R - T,root_service,ts-food-service,0,0,3,0,1,0,0,0,3
direct_rca,qwen3.6-27b,R - T,root_service,ts-inside-payment-service,0,0,2,0,1,0,0,0,2
direct_rca,qwen3.6-27b,R - T,root_service,ts-order-other-service,0,0,4,-0.05,1,-0.5,0,1,3
direct_rca,qwen3.6-27b,R - T,root_service,ts-order-service,1,0,5,0.06,1,0.10639904,1,2,2
direct_rca,qwen3.6-27b,R - T,root_service,ts-preserve-service,1,0,5,0.16,0.5,0.40997947,3,1,1
direct_rca,qwen3.6-27b,R - T,root_service,ts-price-service,0,2,2,-0.75,0.5,-2.1213203,0,2,0
direct_rca,qwen3.6-27b,R - T,root_service,ts-route-plan-service,0,1,6,-0.15,0.25,-0.75955453,0,3,3
direct_rca,qwen3.6-27b,R - T,root_service,ts-route-service,0,0,4,-0.05,1,-0.15075567,1,1,2
direct_rca,qwen3.6-27b,R - T,root_service,ts-seat-service,0,0,6,-0.11666667,0.5,-0.57154761,0,2,4
direct_rca,qwen3.6-27b,R - T,root_service,ts-security-service,0,0,1,-0.13333333,1,-inf,0,1,0
direct_rca,qwen3.6-27b,R - T,root_service,ts-station-food-service,0,0,1,-0.33333333,1,-inf,0,1,0
direct_rca,qwen3.6-27b,R - T,root_service,ts-station-service,0,1,1,-1,1,-inf,0,1,0
direct_rca,qwen3.6-27b,R - T,root_service,ts-train-service,0,0,2,0.083333333,1,0.70710678,1,0,1
direct_rca,qwen3.6-27b,R - T,root_service,ts-travel-plan-service,0,0,3,0,1,0,0,0,3
direct_rca,qwen3.6-27b,R - T,root_service,ts-travel-service,0,0,3,-0.066666667,1,-0.57735027,0,1,2
direct_rca,qwen3.6-27b,R - T,root_service,ts-travel2-service,1,0,2,0.25,1,0.70710678,1,0,1
direct_rca,qwen3.6-27b,R - T,root_service,ts-user-service,0,0,1,0,1,0,0,0,1
direct_rca,qwen3.6-27b,R - T,root_service,ts-verification-code-service,0,0,1,-0.5,1,-inf,0,1,0
direct_rca,qwen3.6-27b,V - T,dataset,aegislab,4,11,96,-0.0953125,0.00055047778,-0.29926227,9,32,55
direct_rca,qwen3.6-27b,V - T,dataset,aiops2022,8,17,100,-0.050166667,0.06710327,-0.12562504,16,30,54
direct_rca,qwen3.6-27b,V - T,dataset,aiops2025,8,5,93,0.037096774,0.22735422,0.11542586,20,13,60
direct_rca,qwen3.6-27b,V - T,fault_type,ContainerKill,0,1,6,-0.16666667,0.5,-0.64549722,0,2,4
direct_rca,qwen3.6-27b,V - T,fault_type,HTTPRequestAbort,1,0,6,0.094444444,0.75,0.28197374,2,2,2
direct_rca,qwen3.6-27b,V - T,fault_type,HTTPRequestDelay,0,1,7,-0.21904762,0.25,-0.59425375,0,3,4
direct_rca,qwen3.6-27b,V - T,fault_type,HTTPRequestReplaceMethod,0,4,15,-0.15888889,0.23746979,-0.39816807,3,6,6
direct_rca,qwen3.6-27b,V - T,fault_type,HTTPRequestReplacePath,0,0,1,-0.25,1,-inf,0,1,0
direct_rca,qwen3.6-27b,V - T,fault_type,HTTPResponseAbort,0,0,3,0.16666667,1,0.57735027,1,0,2
direct_rca,qwen3.6-27b,V - T,fault_type,HTTPResponseDelay,1,1,7,-0.095238095,0.75,-0.21170245,1,2,4
direct_rca,qwen3.6-27b,V - T,fault_type,HTTPResponseReplaceBody,0,0,2,-0.083333333,1,-0.70710678,0,1,1
direct_rca,qwen3.6-27b,V - T,fault_type,HTTPResponseReplaceCode,0,1,13,-0.082051282,0.125,-0.54674899,0,4,9
direct_rca,qwen3.6-27b,V - T,fault_type,JVMException,0,0,3,-0.16666667,0.5,-1,0,2,1
direct_rca,qwen3.6-27b,V - T,fault_type,JVMLatency,0,0,1,-0.5,1,-inf,0,1,0
direct_rca,qwen3.6-27b,V - T,fault_type,JVMMemoryStress,1,0,14,-0.014285714,0.38075774,-0.050850267,1,3,10
direct_rca,qwen3.6-27b,V - T,fault_type,JVMReturn,0,1,2,-0.33333333,1,-0.70710678,0,1,1
direct_rca,qwen3.6-27b,V - T,fault_type,NetworkBandwidth,0,0,2,0,1,0,0,0,2
direct_rca,qwen3.6-27b,V - T,fault_type,NetworkCorrupt,0,0,2,0,1,0,0,0,2
direct_rca,qwen3.6-27b,V - T,fault_type,NetworkDelay,0,0,1,0,1,0,0,0,1
direct_rca,qwen3.6-27b,V - T,fault_type,NetworkLoss,1,0,3,0.15555556,1,0.34279147,1,1,1
direct_rca,qwen3.6-27b,V - T,fault_type,NetworkPartition,0,1,6,-0.20833333,0.5,-0.52015649,0,2,4
direct_rca,qwen3.6-27b,V - T,fault_type,PodFailure,0,1,1,-0.5,1,-inf,0,1,0
direct_rca,qwen3.6-27b,V - T,fault_type,PodKill,0,0,1,0,1,0,0,0,1
direct_rca,qwen3.6-27b,V - T,fault_type,code error,0,0,1,0,1,0,0,0,1
direct_rca,qwen3.6-27b,V - T,fault_type,cpu stress,0,1,8,-0.1,1,-0.35355339,0,1,7
direct_rca,qwen3.6-27b,V - T,fault_type,dns error,0,0,5,0.05,1,0.4472136,1,0,4
direct_rca,qwen3.6-27b,V - T,fault_type,io fault,1,0,5,0.016666667,1,0.046880723,2,1,2
direct_rca,qwen3.6-27b,V - T,fault_type,jvm cpu,0,0,3,-0.12777778,0.5,-1.0214659,0,2,1
direct_rca,qwen3.6-27b,V - T,fault_type,jvm exception,0,0,3,-0.066666667,1,-0.57735027,0,1,2
direct_rca,qwen3.6-27b,V - T,fault_type,jvm gc,0,0,2,-0.16666667,1,-0.70710678,0,1,1
direct_rca,qwen3.6-27b,V - T,fault_type,jvm latency,0,0,5,0.066666667,1,0.4472136,1,0,4
direct_rca,qwen3.6-27b,V - T,fault_type,k8s容器cpu负载,0,3,9,-0.25925926,0.125,-0.73104309,0,4,5
direct_rca,qwen3.6-27b,V - T,fault_type,k8s容器内存负载,1,0,8,0.1875,0.5,0.50401613,2,0,6
direct_rca,qwen3.6-27b,V - T,fault_type,k8s容器写io负载,0,3,4,-0.375,0.25,-1.5,0,3,1
direct_rca,qwen3.6-27b,V - T,fault_type,k8s容器网络丢包,2,1,9,0.088888889,0.875,0.20744262,2,2,5
direct_rca,qwen3.6-27b,V - T,fault_type,k8s容器网络延迟,1,0,10,0.11,0.5,0.33034889,3,2,5
direct_rca,qwen3.6-27b,V - T,fault_type,k8s容器网络资源包损坏,2,2,10,0.105,0.609375,0.19577242,5,4,1
direct_rca,qwen3.6-27b,V - T,fault_type,k8s容器网络资源包重复发送,0,0,7,-0.10714286,0.5,-0.54470478,0,2,5
direct_rca,qwen3.6-27b,V - T,fault_type,k8s容器读io负载,1,2,9,-0.083333333,0.375,-0.1696622,1,4,4
direct_rca,qwen3.6-27b,V - T,fault_type,k8s容器进程中止,0,2,5,-0.32666667,0.25,-0.95547253,0,3,2
direct_rca,qwen3.6-27b,V - T,fault_type,memory stress,0,0,6,0.0083333333,1,0.065039361,2,1,3
direct_rca,qwen3.6-27b,V - T,fault_type,network corrupt,1,0,6,0.11666667,0.75,0.34156503,2,1,3
direct_rca,qwen3.6-27b,V - T,fault_type,network delay,1,1,7,0.052380952,0.875,0.10130471,3,2,2
direct_rca,qwen3.6-27b,V - T,fault_type,network loss,2,1,5,0.15,1,0.19166297,2,1,2
direct_rca,qwen3.6-27b,V - T,fault_type,node cpu stress,1,0,6,0.16666667,1,0.40824829,1,0,5
direct_rca,qwen3.6-27b,V - T,fault_type,node disk fill,2,0,4,0.33333333,0.5,0.8660254,2,0,2
direct_rca,qwen3.6-27b,V - T,fault_type,node memory stress,0,0,12,0.052777778,0.5,0.42746454,2,0,10
direct_rca,qwen3.6-27b,V - T,fault_type,node 内存消耗,0,0,5,-0.033333333,1,-0.4472136,0,1,4
direct_rca,qwen3.6-27b,V - T,fault_type,node 磁盘写IO消耗,0,2,6,-0.33333333,0.5,-0.64549722,0,2,4
direct_rca,qwen3.6-27b,V - T,fault_type,node 磁盘空间消耗,0,1,5,-0.066666667,1,-0.18257419,1,1,3
direct_rca,qwen3.6-27b,V - T,fault_type,node 磁盘读IO消耗,0,1,5,-0.15,1,-0.4472136,0,1,4
direct_rca,qwen3.6-27b,V - T,fault_type,node节点CPU故障,1,0,5,0.15,0.5,0.42192651,2,1,2
direct_rca,qwen3.6-27b,V - T,fault_type,node节点CPU爬升,0,0,3,0,1,0,0,0,3
direct_rca,qwen3.6-27b,V - T,fault_type,pod failure,0,1,10,0.033333333,1,0.12909944,2,1,7
direct_rca,qwen3.6-27b,V - T,fault_type,pod kill,0,1,2,-0.33333333,1,-0.70710678,0,1,1
direct_rca,qwen3.6-27b,V - T,fault_type,target port misconfig,0,0,3,0,1,0,0,0,3
direct_rca,qwen3.6-27b,V - T,root_service,adservice,1,0,16,0.013541667,0.54839623,0.052990852,2,4,10
direct_rca,qwen3.6-27b,V - T,root_service,adservice-0,0,1,1,-0.8,1,-inf,0,1,0
direct_rca,qwen3.6-27b,V - T,root_service,adservice-1,1,0,3,0.26666667,1,0.57735027,1,0,2
direct_rca,qwen3.6-27b,V - T,root_service,adservice2-0,1,0,1,1,1,inf,1,0,0
direct_rca,qwen3.6-27b,V - T,root_service,cartservice,2,2,12,0.034722222,0.828125,0.060664733,4,3,5
direct_rca,qwen3.6-27b,V - T,root_service,cartservice-0,0,0,2,0.15,1,0.70710678,1,0,1
direct_rca,qwen3.6-27b,V - T,root_service,cartservice2-0,0,0,1,0,1,0,0,0,1
direct_rca,qwen3.6-27b,V - T,root_service,checkoutservice,3,1,21,0.10873016,0.198965,0.31598249,7,3,11
direct_rca,qwen3.6-27b,V - T,root_service,checkoutservice-0,0,1,2,-0.5,0.5,-2.1213203,0,2,0
direct_rca,qwen3.6-27b,V - T,root_service,checkoutservice-1,0,1,2,-0.25,1,-0.70710678,0,1,1
direct_rca,qwen3.6-27b,V - T,root_service,currencyservice,0,0,6,-0.033333333,1,-0.22140372,1,2,3
direct_rca,qwen3.6-27b,V - T,root_service,currencyservice-0,0,0,1,0,1,0,0,0,1
direct_rca,qwen3.6-27b,V - T,root_service,currencyservice-1,0,1,2,-0.5,1,-0.70710678,0,1,1
direct_rca,qwen3.6-27b,V - T,root_service,currencyservice-2,0,2,2,-0.5,0.5,-inf,0,2,0
direct_rca,qwen3.6-27b,V - T,root_service,emailservice,1,0,6,0.069444444,1,0.14513803,1,2,3
direct_rca,qwen3.6-27b,V - T,root_service,emailservice-1,0,1,2,-0.375,0.5,-2.1213203,0,2,0
direct_rca,qwen3.6-27b,V - T,root_service,frontend,0,1,6,-0.022222222,1,-0.076138699,2,2,2
direct_rca,qwen3.6-27b,V - T,root_service,frontend-0,1,0,1,1,1,inf,1,0,0
direct_rca,qwen3.6-27b,V - T,root_service,frontend-1,0,0,1,0,1,0,0,0,1
direct_rca,qwen3.6-27b,V - T,root_service,frontend-2,0,1,1,-0.5,1,-inf,0,1,0
direct_rca,qwen3.6-27b,V - T,root_service,frontend2-0,0,0,1,0,1,0,0,0,1
direct_rca,qwen3.6-27b,V - T,root_service,mysql,1,1,6,-0.055555556,1,-0.1040313,1,1,4
direct_rca,qwen3.6-27b,V - T,root_service,node-1,0,0,6,0,1,0,0,0,6
direct_rca,qwen3.6-27b,V - T,root_service,node-2,0,0,3,0,1,0,0,0,3
direct_rca,qwen3.6-27b,V - T,root_service,node-3,2,0,7,0.28571429,0.25,0.70547562,3,0,4
direct_rca,qwen3.6-27b,V - T,root_service,node-4,0,0,5,-0.05,1,-0.4472136,0,1,4
direct_rca,qwen3.6-27b,V - T,root_service,node-5,0,1,12,-0.076388889,0.5,-0.3512518,0,2,10
direct_rca,qwen3.6-27b,V - T,root_service,node-6,1,3,12,-0.11111111,0.75,-0.21408721,3,3,6
direct_rca,qwen3.6-27b,V - T,root_service,node-7,0,0,2,0,1,0,0,0,2
direct_rca,qwen3.6-27b,V - T,root_service,node-8,1,0,4,0.24166667,0.5,0.76315789,2,0,2
direct_rca,qwen3.6-27b,V - T,root_service,paymentservice,0,0,2,0,1,0,0,0,2
direct_rca,qwen3.6-27b,V - T,root_service,productcatalogservice,0,2,8,-0.18333333,0.375,-0.51255938,1,3,4
direct_rca,qwen3.6-27b,V - T,root_service,productcatalogservice-0,0,1,3,-0.16666667,1,-0.57735027,0,1,2
direct_rca,qwen3.6-27b,V - T,root_service,productcatalogservice-1,1,0,3,0.25,1,0.37796447,1,1,1
direct_rca,qwen3.6-27b,V - T,root_service,productcatalogservice-2,0,0,2,-0.16666667,1,-0.70710678,0,1,1
direct_rca,qwen3.6-27b,V - T,root_service,productcatalogservice2-0,0,0,1,0,1,0,0,0,1
direct_rca,qwen3.6-27b,V - T,root_service,recommendationservice,0,1,5,-0.16,1,-0.4472136,0,1,4
direct_rca,qwen3.6-27b,V - T,root_service,recommendationservice-2,0,0,1,-0.2,1,-inf,0,1,0
direct_rca,qwen3.6-27b,V - T,root_service,recommendationservice2-0,0,0,1,0,1,0,0,0,1
direct_rca,qwen3.6-27b,V - T,root_service,shippingservice,0,2,10,-0.045,1,-0.15776261,2,2,6
direct_rca,qwen3.6-27b,V - T,root_service,shippingservice-0,0,0,1,0,1,0,0,0,1
direct_rca,qwen3.6-27b,V - T,root_service,shippingservice-1,0,0,2,0,1,0,0,0,2
direct_rca,qwen3.6-27b,V - T,root_service,shippingservice2-0,0,0,1,0,1,0,0,0,1
direct_rca,qwen3.6-27b,V - T,root_service,tidb-tidb,0,0,2,0,1,0,0,0,2
direct_rca,qwen3.6-27b,V - T,root_service,tidb-tikv,1,0,10,0.041666667,0.625,0.161281,3,1,6
direct_rca,qwen3.6-27b,V - T,root_service,ts-assurance-service,0,0,5,-0.033333333,1,-0.4472136,0,1,4
direct_rca,qwen3.6-27b,V - T,root_service,ts-auth-service,0,1,4,-0.16666667,0.5,-0.70710678,0,2,2
direct_rca,qwen3.6-27b,V - T,root_service,ts-basic-service,0,4,19,-0.15175439,0.035812487,-0.43984014,1,7,11
direct_rca,qwen3.6-27b,V - T,root_service,ts-config-service,0,2,6,-0.375,0.25,-0.75955453,0,3,3
direct_rca,qwen3.6-27b,V - T,root_service,ts-consign-service,0,0,2,-0.25,1,-0.70710678,0,1,1
direct_rca,qwen3.6-27b,V - T,root_service,ts-contacts-service,0,1,2,-0.25,1,-0.70710678,0,1,1
direct_rca,qwen3.6-27b,V - T,root_service,ts-food-service,0,0,3,0,1,0,0,0,3
direct_rca,qwen3.6-27b,V - T,root_service,ts-inside-payment-service,0,1,2,-0.33333333,1,-0.70710678,0,1,1
direct_rca,qwen3.6-27b,V - T,root_service,ts-order-other-service,0,0,4,-0.05,1,-0.5,0,1,3
direct_rca,qwen3.6-27b,V - T,root_service,ts-order-service,0,0,5,0.026666667,1,0.095143753,1,2,2
direct_rca,qwen3.6-27b,V - T,root_service,ts-preserve-service,0,0,5,-0.056666667,0.5,-0.33533768,1,2,2
direct_rca,qwen3.6-27b,V - T,root_service,ts-price-service,0,1,2,-0.25,1,-0.70710678,0,1,1
direct_rca,qwen3.6-27b,V - T,root_service,ts-route-plan-service,0,0,6,-0.066666667,0.5,-0.64549722,0,2,4
direct_rca,qwen3.6-27b,V - T,root_service,ts-route-service,0,0,4,-0.13333333,0.5,-0.37463432,1,2,1
direct_rca,qwen3.6-27b,V - T,root_service,ts-seat-service,0,0,6,-0.033333333,0.75,-0.25,1,2,3
direct_rca,qwen3.6-27b,V - T,root_service,ts-security-service,0,0,1,-0.33333333,1,-inf,0,1,0
direct_rca,qwen3.6-27b,V - T,root_service,ts-station-food-service,0,0,1,-0.33333333,1,-inf,0,1,0
direct_rca,qwen3.6-27b,V - T,root_service,ts-station-service,0,0,1,0,1,0,0,0,1
direct_rca,qwen3.6-27b,V - T,root_service,ts-train-service,1,0,2,0.33333333,1,0.70710678,1,0,1
direct_rca,qwen3.6-27b,V - T,root_service,ts-travel-plan-service,0,0,3,0,1,0,0,0,3
direct_rca,qwen3.6-27b,V - T,root_service,ts-travel-service,1,0,3,0.26666667,1,0.57735027,1,0,2
direct_rca,qwen3.6-27b,V - T,root_service,ts-travel2-service,1,0,2,0.25,1,0.70710678,1,0,1
direct_rca,qwen3.6-27b,V - T,root_service,ts-user-service,0,0,1,0,1,0,0,0,1
direct_rca,qwen3.6-27b,V - T,root_service,ts-verification-code-service,0,0,1,-0.5,1,-inf,0,1,0
direct_rca,qwen3.6-27b,H - T,dataset,aegislab,1,7,96,-0.067361111,0.0064691602,-0.2748544,9,24,63
direct_rca,qwen3.6-27b,H - T,dataset,aiops2022,3,9,100,-0.049166667,0.033100831,-0.17901384,8,19,73
direct_rca,qwen3.6-27b,H - T,dataset,aiops2025,5,5,93,0.0068100358,0.5188569,0.027808522,12,9,72
direct_rca,qwen3.6-27b,H - T,fault_type,ContainerKill,0,0,6,-0.083333333,1,-0.40824829,0,1,5
direct_rca,qwen3.6-27b,H - T,fault_type,HTTPRequestAbort,0,0,6,0.044444444,0.8125,0.20908335,3,2,1
direct_rca,qwen3.6-27b,H - T,fault_type,HTTPRequestDelay,0,2,7,-0.28571429,0.5,-0.58554004,0,2,5
direct_rca,qwen3.6-27b,H - T,fault_type,HTTPRequestReplaceMethod,0,2,15,-0.064444444,0.20520683,-0.26683745,1,4,10
direct_rca,qwen3.6-27b,H - T,fault_type,HTTPRequestReplacePath,0,0,1,-0.25,1,-inf,0,1,0
direct_rca,qwen3.6-27b,H - T,fault_type,HTTPResponseAbort,0,0,3,0,1,0,0,0,3
direct_rca,qwen3.6-27b,H - T,fault_type,HTTPResponseDelay,0,0,7,-0.066666667,0.5,-0.5547002,0,2,5
direct_rca,qwen3.6-27b,H - T,fault_type,HTTPResponseReplaceBody,0,0,2,0,1,0,0,0,2
direct_rca,qwen3.6-27b,H - T,fault_type,HTTPResponseReplaceCode,0,2,13,-0.082051282,0.46875,-0.3951207,3,4,6
direct_rca,qwen3.6-27b,H - T,fault_type,JVMException,0,0,3,0.055555556,1,0.57735027,1,0,2
direct_rca,qwen3.6-27b,H - T,fault_type,JVMLatency,0,0,1,-0.16666667,1,-inf,0,1,0
direct_rca,qwen3.6-27b,H - T,fault_type,JVMMemoryStress,0,0,14,-0.032142857,0.083872721,-0.47211633,0,3,11
direct_rca,qwen3.6-27b,H - T,fault_type,JVMReturn,0,0,2,0,1,0,0,0,2
direct_rca,qwen3.6-27b,H - T,fault_type,NetworkBandwidth,0,0,2,0,1,0,0,0,2
direct_rca,qwen3.6-27b,H - T,fault_type,NetworkCorrupt,0,0,2,0,1,0,0,0,2
direct_rca,qwen3.6-27b,H - T,fault_type,NetworkDelay,0,0,1,0,1,0,0,0,1
direct_rca,qwen3.6-27b,H - T,fault_type,NetworkLoss,0,0,3,-0.094444444,0.5,-0.94010215,0,2,1
direct_rca,qwen3.6-27b,H - T,fault_type,NetworkPartition,1,0,6,0.041666667,1,0.1040313,1,1,4
direct_rca,qwen3.6-27b,H - T,fault_type,PodFailure,0,1,1,-1,1,-inf,0,1,0
direct_rca,qwen3.6-27b,H - T,fault_type,PodKill,0,0,1,0,1,0,0,0,1
direct_rca,qwen3.6-27b,H - T,fault_type,code error,0,0,1,0,1,0,0,0,1
direct_rca,qwen3.6-27b,H - T,fault_type,cpu stress,0,1,8,-0.125,1,-0.35355339,0,1,7
direct_rca,qwen3.6-27b,H - T,fault_type,dns error,0,0,5,0.04,1,0.4472136,1,0,4
direct_rca,qwen3.6-27b,H - T,fault_type,io fault,1,0,5,0.09,1,0.39093502,1,1,3
direct_rca,qwen3.6-27b,H - T,fault_type,jvm cpu,1,0,3,0.22222222,1,0.57735027,1,0,2
direct_rca,qwen3.6-27b,H - T,fault_type,jvm exception,0,0,3,-0.066666667,1,-0.57735027,0,1,2
direct_rca,qwen3.6-27b,H - T,fault_type,jvm gc,1,0,2,0.33333333,1,0.70710678,1,0,1
direct_rca,qwen3.6-27b,H - T,fault_type,jvm latency,0,1,5,-0.2,1,-0.4472136,0,1,4
direct_rca,qwen3.6-27b,H - T,fault_type,k8s容器cpu负载,0,2,9,-0.12962963,0.5,-0.49746834,0,2,7
direct_rca,qwen3.6-27b,H - T,fault_type,k8s容器内存负载,0,1,8,-0.03125,1,-0.092169114,1,1,6
direct_rca,qwen3.6-27b,H - T,fault_type,k8s容器写io负载,0,1,4,-0.125,1,-0.5,0,1,3
direct_rca,qwen3.6-27b,H - T,fault_type,k8s容器网络丢包,1,0,9,0.033333333,1,0.17817416,1,1,7
direct_rca,qwen3.6-27b,H - T,fault_type,k8s容器网络延迟,0,0,10,0.01,0.625,0.068307383,3,1,6
direct_rca,qwen3.6-27b,H - T,fault_type,k8s容器网络资源包损坏,2,0,10,0.155,0.75,0.34074851,2,2,6
direct_rca,qwen3.6-27b,H - T,fault_type,k8s容器网络资源包重复发送,0,0,7,-0.05952381,0.5,-0.56980288,0,2,5
direct_rca,qwen3.6-27b,H - T,fault_type,k8s容器读io负载,0,2,9,-0.24444444,0.125,-0.69062636,0,4,5
direct_rca,qwen3.6-27b,H - T,fault_type,k8s容器进程中止,0,2,5,-0.36666667,0.25,-0.88354126,0,3,2
direct_rca,qwen3.6-27b,H - T,fault_type,memory stress,0,0,6,0.016666667,1,0.1040313,1,1,4
direct_rca,qwen3.6-27b,H - T,fault_type,network corrupt,0,0,6,0.041666667,1,0.40824829,1,0,5
direct_rca,qwen3.6-27b,H - T,fault_type,network delay,0,1,7,-0.071428571,1,-0.26482045,1,1,5
direct_rca,qwen3.6-27b,H - T,fault_type,network loss,1,0,5,0.1,1,0.4472136,1,0,4
direct_rca,qwen3.6-27b,H - T,fault_type,node cpu stress,0,0,6,0.083333333,1,0.40824829,1,0,5
direct_rca,qwen3.6-27b,H - T,fault_type,node disk fill,1,0,4,0.16666667,1,0.5,1,0,3
direct_rca,qwen3.6-27b,H - T,fault_type,node memory stress,0,1,12,-0.058333333,0.5,-0.38758607,0,2,10
direct_rca,qwen3.6-27b,H - T,fault_type,node 内存消耗,0,0,5,0,1,0,0,0,5
direct_rca,qwen3.6-27b,H - T,fault_type,node 磁盘写IO消耗,0,0,6,0,1,0,0,0,6
direct_rca,qwen3.6-27b,H - T,fault_type,node 磁盘空间消耗,0,0,5,0,1,0,0,0,5
direct_rca,qwen3.6-27b,H - T,fault_type,node 磁盘读IO消耗,0,1,5,-0.1,1,-0.4472136,0,1,4
direct_rca,qwen3.6-27b,H - T,fault_type,node节点CPU故障,0,0,5,0,1,0,1,1,3
direct_rca,qwen3.6-27b,H - T,fault_type,node节点CPU爬升,0,0,3,0,1,0,0,0,3
direct_rca,qwen3.6-27b,H - T,fault_type,pod failure,0,0,10,0.033333333,1,0.31622777,1,0,9
direct_rca,qwen3.6-27b,H - T,fault_type,pod kill,0,1,2,-0.15,1,-0.30304576,1,1,0
direct_rca,qwen3.6-27b,H - T,fault_type,target port misconfig,0,0,3,0,1,0,0,0,3
direct_rca,qwen3.6-27b,H - T,root_service,adservice,2,1,16,0.011458333,0.70284608,0.031949828,3,2,11
direct_rca,qwen3.6-27b,H - T,root_service,adservice-0,0,1,1,-0.5,1,-inf,0,1,0
direct_rca,qwen3.6-27b,H - T,root_service,adservice-1,0,0,3,-0.066666667,1,-0.57735027,0,1,2
direct_rca,qwen3.6-27b,H - T,root_service,adservice2-0,0,0,1,0,1,0,0,0,1
direct_rca,qwen3.6-27b,H - T,root_service,cartservice,1,1,12,0.044444444,0.875,0.12957889,2,2,8
direct_rca,qwen3.6-27b,H - T,root_service,cartservice-0,0,0,2,0.066666667,1,0.70710678,1,0,1
direct_rca,qwen3.6-27b,H - T,root_service,cartservice2-0,0,0,1,0,1,0,0,0,1
direct_rca,qwen3.6-27b,H - T,root_service,checkoutservice,2,0,21,0.092857143,0.014711138,0.55477034,6,0,15
direct_rca,qwen3.6-27b,H - T,root_service,checkoutservice-0,0,0,2,0,1,0,0,0,2
direct_rca,qwen3.6-27b,H - T,root_service,checkoutservice-1,0,1,2,-0.25,1,-0.70710678,0,1,1
direct_rca,qwen3.6-27b,H - T,root_service,currencyservice,0,0,6,-0.066666667,0.5,-0.64549722,0,2,4
direct_rca,qwen3.6-27b,H - T,root_service,currencyservice-0,0,0,1,0,1,0,0,0,1
direct_rca,qwen3.6-27b,H - T,root_service,currencyservice-1,0,0,2,0,1,0,0,0,2
direct_rca,qwen3.6-27b,H - T,root_service,currencyservice-2,0,2,2,-0.58333333,0.5,-4.9497475,0,2,0
direct_rca,qwen3.6-27b,H - T,root_service,emailservice,0,0,6,-0.097222222,0.5,-0.63583837,0,2,4
direct_rca,qwen3.6-27b,H - T,root_service,emailservice-1,0,0,2,-0.125,1,-0.70710678,0,1,1
direct_rca,qwen3.6-27b,H - T,root_service,frontend,0,1,6,-0.083333333,1,-0.40824829,0,1,5
direct_rca,qwen3.6-27b,H - T,root_service,frontend-0,1,0,1,1,1,inf,1,0,0
direct_rca,qwen3.6-27b,H - T,root_service,frontend-1,0,0,1,0,1,0,0,0,1
direct_rca,qwen3.6-27b,H - T,root_service,frontend-2,0,0,1,0,1,0,0,0,1
direct_rca,qwen3.6-27b,H - T,root_service,frontend2-0,0,1,1,-1,1,-inf,0,1,0
direct_rca,qwen3.6-27b,H - T,root_service,mysql,0,0,6,-0.013888889,1,-0.40824829,0,1,5
direct_rca,qwen3.6-27b,H - T,root_service,node-1,0,0,6,0,1,0,0,0,6
direct_rca,qwen3.6-27b,H - T,root_service,node-2,0,0,3,0,1,0,0,0,3
direct_rca,qwen3.6-27b,H - T,root_service,node-3,1,0,7,0.16666667,0.5,0.57735027,2,0,5
direct_rca,qwen3.6-27b,H - T,root_service,node-4,0,0,5,-0.05,1,-0.4472136,0,1,4
direct_rca,qwen3.6-27b,H - T,root_service,node-5,0,1,12,-0.041666667,1,-0.28867513,0,1,11
direct_rca,qwen3.6-27b,H - T,root_service,node-6,0,1,12,-0.020833333,1,-0.12464639,1,1,10
direct_rca,qwen3.6-27b,H - T,root_service,node-7,0,0,2,0,1,0,0,0,2
direct_rca,qwen3.6-27b,H - T,root_service,node-8,0,0,4,-0.05,1,-0.5,0,1,3
direct_rca,qwen3.6-27b,H - T,root_service,paymentservice,0,0,2,0,1,0,0,0,2
direct_rca,qwen3.6-27b,H - T,root_service,productcatalogservice,0,2,8,-0.20833333,0.5,-0.52621168,0,2,6
direct_rca,qwen3.6-27b,H - T,root_service,productcatalogservice-0,0,0,3,0,1,0,0,0,3
direct_rca,qwen3.6-27b,H - T,root_service,productcatalogservice-1,0,0,3,0,1,0,1,1,1
direct_rca,qwen3.6-27b,H - T,root_service,productcatalogservice-2,0,0,2,-0.16666667,1,-0.70710678,0,1,1
direct_rca,qwen3.6-27b,H - T,root_service,productcatalogservice2-0,0,1,1,-0.75,1,-inf,0,1,0
direct_rca,qwen3.6-27b,H - T,root_service,recommendationservice,0,1,5,-0.15,1,-0.30779351,1,1,3
direct_rca,qwen3.6-27b,H - T,root_service,recommendationservice-2,0,0,1,-0.2,1,-inf,0,1,0
direct_rca,qwen3.6-27b,H - T,root_service,recommendationservice2-0,0,0,1,0,1,0,0,0,1
direct_rca,qwen3.6-27b,H - T,root_service,shippingservice,0,0,10,0.03,1,0.31622777,1,0,9
direct_rca,qwen3.6-27b,H - T,root_service,shippingservice-0,0,0,1,0,1,0,0,0,1
direct_rca,qwen3.6-27b,H - T,root_service,shippingservice-1,0,0,2,0,1,0,0,0,2
direct_rca,qwen3.6-27b,H - T,root_service,shippingservice2-0,0,0,1,0,1,0,0,0,1
direct_rca,qwen3.6-27b,H - T,root_service,tidb-tidb,0,0,2,0,1,0,0,0,2
direct_rca,qwen3.6-27b,H - T,root_service,tidb-tikv,1,0,10,0.045,1,0.2801276,1,1,8
direct_rca,qwen3.6-27b,H - T,root_service,ts-assurance-service,0,2,5,-0.23333333,0.25,-0.92313266,0,3,2
direct_rca,qwen3.6-27b,H - T,root_service,ts-auth-service,0,0,4,0,1,0,0,0,4
direct_rca,qwen3.6-27b,H - T,root_service,ts-basic-service,0,0,19,-0.0087719298,0.31731051,-0.22941573,0,1,18
direct_rca,qwen3.6-27b,H - T,root_service,ts-config-service,0,1,6,-0.20833333,0.5,-0.52015649,0,2,4
direct_rca,qwen3.6-27b,H - T,root_service,ts-consign-service,0,0,2,-0.083333333,1,-0.70710678,0,1,1
direct_rca,qwen3.6-27b,H - T,root_service,ts-contacts-service,0,1,2,-0.16666667,1,-0.35355339,1,1,0
direct_rca,qwen3.6-27b,H - T,root_service,ts-food-service,0,0,3,0,1,0,0,0,3
direct_rca,qwen3.6-27b,H - T,root_service,ts-inside-payment-service,0,0,2,0,1,0,0,0,2
direct_rca,qwen3.6-27b,H - T,root_service,ts-order-other-service,0,0,4,-0.05,1,-0.5,0,1,3
direct_rca,qwen3.6-27b,H - T,root_service,ts-order-service,0,0,5,0.11,0.5,0.50207901,2,0,3
direct_rca,qwen3.6-27b,H - T,root_service,ts-preserve-service,1,0,5,-0.04,0.8125,-0.081541197,2,3,0
direct_rca,qwen3.6-27b,H - T,root_service,ts-price-service,0,1,2,-0.5,1,-0.70710678,0,1,1
direct_rca,qwen3.6-27b,H - T,root_service,ts-route-plan-service,0,1,6,-0.083333333,0.75,-0.34702146,1,2,3
direct_rca,qwen3.6-27b,H - T,root_service,ts-route-service,0,0,4,0.075,1,0.5,1,0,3
direct_rca,qwen3.6-27b,H - T,root_service,ts-seat-service,0,1,6,-0.25,0.125,-0.66317171,0,4,2
direct_rca,qwen3.6-27b,H - T,root_service,ts-security-service,0,0,1,0.16666667,1,inf,1,0,0
direct_rca,qwen3.6-27b,H - T,root_service,ts-station-food-service,0,0,1,-0.083333333,1,-inf,0,1,0
direct_rca,qwen3.6-27b,H - T,root_service,ts-station-service,0,0,1,0,1,0,0,0,1
direct_rca,qwen3.6-27b,H - T,root_service,ts-train-service,0,0,2,0.083333333,1,0.70710678,1,0,1
direct_rca,qwen3.6-27b,H - T,root_service,ts-travel-plan-service,0,0,3,0,1,0,0,0,3
direct_rca,qwen3.6-27b,H - T,root_service,ts-travel-service,0,0,3,-0.066666667,1,-0.57735027,0,1,2
direct_rca,qwen3.6-27b,H - T,root_service,ts-travel2-service,0,0,2,-0.15,1,-0.70710678,0,1,1
direct_rca,qwen3.6-27b,H - T,root_service,ts-user-service,0,0,1,0,1,0,0,0,1
direct_rca,qwen3.6-27b,H - T,root_service,ts-verification-code-service,0,0,1,-0.5,1,-inf,0,1,0
direct_rca,gemma-4-26b-a4b,R - T,dataset,aegislab,10,10,96,-0.034548611,0.47046354,-0.087140514,15,19,62
direct_rca,gemma-4-26b-a4b,R - T,dataset,aiops2022,5,17,100,-0.14483333,0.00048194202,-0.35757378,8,29,63
direct_rca,gemma-4-26b-a4b,R - T,dataset,aiops2025,8,7,93,-0.015412186,0.93549789,-0.043681773,15,15,63
direct_rca,gemma-4-26b-a4b,R - T,fault_type,ContainerKill,0,0,6,0.083333333,1,0.40824829,1,0,5
direct_rca,gemma-4-26b-a4b,R - T,fault_type,HTTPRequestAbort,1,0,6,0.027777778,1,0.0747853,1,1,4
direct_rca,gemma-4-26b-a4b,R - T,fault_type,HTTPRequestDelay,1,1,7,-0.047619048,1,-0.080582296,1,2,4
direct_rca,gemma-4-26b-a4b,R - T,fault_type,HTTPRequestReplaceMethod,1,1,15,-0.0055555556,0.97418557,-0.014959212,3,3,9
direct_rca,gemma-4-26b-a4b,R - T,fault_type,HTTPRequestReplacePath,0,1,1,-1,1,-inf,0,1,0
direct_rca,gemma-4-26b-a4b,R - T,fault_type,HTTPResponseAbort,0,0,3,0,1,0,0,0,3
direct_rca,gemma-4-26b-a4b,R - T,fault_type,HTTPResponseDelay,2,0,7,0.26190476,0.25,0.68350674,3,0,4
direct_rca,gemma-4-26b-a4b,R - T,fault_type,HTTPResponseReplaceBody,0,0,2,-0.25,1,-0.70710678,0,1,1
direct_rca,gemma-4-26b-a4b,R - T,fault_type,HTTPResponseReplaceCode,0,4,13,-0.30384615,0.03125,-0.7174509,0,6,7
direct_rca,gemma-4-26b-a4b,R - T,fault_type,JVMException,0,1,3,-0.22222222,1,-0.57735027,0,1,2
direct_rca,gemma-4-26b-a4b,R - T,fault_type,JVMLatency,0,0,1,0,1,0,0,0,1
direct_rca,gemma-4-26b-a4b,R - T,fault_type,JVMMemoryStress,2,0,14,0.092857143,0.08372067,0.48872924,3,0,11
direct_rca,gemma-4-26b-a4b,R - T,fault_type,JVMReturn,0,1,2,-0.33333333,1,-0.70710678,0,1,1
direct_rca,gemma-4-26b-a4b,R - T,fault_type,NetworkBandwidth,2,0,2,0.70833333,0.5,12.020815,2,0,0
direct_rca,gemma-4-26b-a4b,R - T,fault_type,NetworkCorrupt,0,0,2,0,1,0,0,0,2
direct_rca,gemma-4-26b-a4b,R - T,fault_type,NetworkDelay,0,0,1,0,1,0,0,0,1
direct_rca,gemma-4-26b-a4b,R - T,fault_type,NetworkLoss,0,0,3,-0.16666667,1,-0.57735027,0,1,2
direct_rca,gemma-4-26b-a4b,R - T,fault_type,NetworkPartition,1,1,6,-0.13888889,0.75,-0.27829361,1,2,3
direct_rca,gemma-4-26b-a4b,R - T,fault_type,PodFailure,0,0,1,0,1,0,0,0,1
direct_rca,gemma-4-26b-a4b,R - T,fault_type,PodKill,0,0,1,0,1,0,0,0,1
direct_rca,gemma-4-26b-a4b,R - T,fault_type,code error,0,0,1,0,1,0,0,0,1
direct_rca,gemma-4-26b-a4b,R - T,fault_type,cpu stress,0,0,8,-0.025,1,-0.35355339,0,1,7
direct_rca,gemma-4-26b-a4b,R - T,fault_type,dns error,0,0,5,0.05,1,0.4472136,1,0,4
direct_rca,gemma-4-26b-a4b,R - T,fault_type,io fault,1,1,5,-0.3,0.5,-0.52623481,1,3,1
direct_rca,gemma-4-26b-a4b,R - T,fault_type,jvm cpu,0,2,3,-0.66666667,0.5,-1.1547005,0,2,1
direct_rca,gemma-4-26b-a4b,R - T,fault_type,jvm exception,0,0,3,0.11111111,1,0.57735027,1,0,2
direct_rca,gemma-4-26b-a4b,R - T,fault_type,jvm gc,0,0,2,0.15,1,0.70710678,1,0,1
direct_rca,gemma-4-26b-a4b,R - T,fault_type,jvm latency,0,0,5,0,1,0,0,0,5
direct_rca,gemma-4-26b-a4b,R - T,fault_type,k8s容器cpu负载,0,0,9,-0.092592593,0.5,-0.49147319,0,2,7
direct_rca,gemma-4-26b-a4b,R - T,fault_type,k8s容器内存负载,1,2,8,-0.11458333,0.75,-0.21982421,1,2,5
direct_rca,gemma-4-26b-a4b,R - T,fault_type,k8s容器写io负载,0,2,4,-0.41666667,0.5,-0.83333333,0,2,2
direct_rca,gemma-4-26b-a4b,R - T,fault_type,k8s容器网络丢包,0,1,9,-0.12962963,0.25,-0.55777335,0,3,6
direct_rca,gemma-4-26b-a4b,R - T,fault_type,k8s容器网络延迟,0,1,10,-0.23333333,0.125,-0.67777209,0,4,6
direct_rca,gemma-4-26b-a4b,R - T,fault_type,k8s容器网络资源包损坏,2,1,10,0.11666667,0.625,0.21882124,3,1,6
direct_rca,gemma-4-26b-a4b,R - T,fault_type,k8s容器网络资源包重复发送,0,0,7,-0.023809524,1,-0.15877684,1,1,5
direct_rca,gemma-4-26b-a4b,R - T,fault_type,k8s容器读io负载,1,3,9,-0.30555556,0.1875,-0.54965657,1,4,4
direct_rca,gemma-4-26b-a4b,R - T,fault_type,k8s容器进程中止,0,2,5,-0.27333333,0.25,-0.90998836,0,3,2
direct_rca,gemma-4-26b-a4b,R - T,fault_type,memory stress,0,0,6,-0.11111111,0.5,-0.64549722,0,2,4
direct_rca,gemma-4-26b-a4b,R - T,fault_type,network corrupt,1,1,6,0.041666667,1,0.069404292,2,1,3
direct_rca,gemma-4-26b-a4b,R - T,fault_type,network delay,1,0,7,-0.023809524,1,-0.065140475,1,2,4
direct_rca,gemma-4-26b-a4b,R - T,fault_type,network loss,2,0,5,0.36,0.5,0.7228974,2,0,3
direct_rca,gemma-4-26b-a4b,R - T,fault_type,node cpu stress,2,0,6,0.16111111,0.5,0.47356802,2,1,3
direct_rca,gemma-4-26b-a4b,R - T,fault_type,node disk fill,0,2,4,-0.375,0.5,-0.78334945,0,2,2
direct_rca,gemma-4-26b-a4b,R - T,fault_type,node memory stress,1,1,12,0.0027777778,1,0.010750824,2,1,9
direct_rca,gemma-4-26b-a4b,R - T,fault_type,node 内存消耗,0,1,5,-0.2,1,-0.4472136,0,1,4
direct_rca,gemma-4-26b-a4b,R - T,fault_type,node 磁盘写IO消耗,0,3,6,-0.41666667,0.25,-0.84757938,0,3,3
direct_rca,gemma-4-26b-a4b,R - T,fault_type,node 磁盘空间消耗,1,1,5,-0.04,1,-0.062622429,1,1,3
direct_rca,gemma-4-26b-a4b,R - T,fault_type,node 磁盘读IO消耗,0,0,5,-0.1,1,-0.4472136,0,1,4
direct_rca,gemma-4-26b-a4b,R - T,fault_type,node节点CPU故障,0,0,5,-0.05,1,-0.18257419,1,1,3
direct_rca,gemma-4-26b-a4b,R - T,fault_type,node节点CPU爬升,0,0,3,0,1,0,0,0,3
direct_rca,gemma-4-26b-a4b,R - T,fault_type,pod failure,0,0,10,0.033333333,1,0.31622777,1,0,9
direct_rca,gemma-4-26b-a4b,R - T,fault_type,pod kill,0,0,2,0.16666667,1,0.70710678,1,0,1
direct_rca,gemma-4-26b-a4b,R - T,fault_type,target port misconfig,0,0,3,0,1,0,0,0,3
direct_rca,gemma-4-26b-a4b,R - T,root_service,adservice,0,3,16,-0.15833333,0.29358532,-0.38826752,2,4,10
direct_rca,gemma-4-26b-a4b,R - T,root_service,adservice-0,0,1,1,-1,1,-inf,0,1,0
direct_rca,gemma-4-26b-a4b,R - T,root_service,adservice-1,1,0,3,0.22222222,1,0.57735027,1,0,2
direct_rca,gemma-4-26b-a4b,R - T,root_service,adservice2-0,0,0,1,0,1,0,0,0,1
direct_rca,gemma-4-26b-a4b,R - T,root_service,cartservice,1,1,12,-0.013888889,1,-0.029992912,3,3,6
direct_rca,gemma-4-26b-a4b,R - T,root_service,cartservice-0,0,0,2,-0.25,1,-0.70710678,0,1,1
direct_rca,gemma-4-26b-a4b,R - T,root_service,cartservice2-0,0,0,1,0,1,0,0,0,1
direct_rca,gemma-4-26b-a4b,R - T,root_service,checkoutservice,3,1,21,0.068253968,0.44652632,0.17585842,5,3,13
direct_rca,gemma-4-26b-a4b,R - T,root_service,checkoutservice-0,0,0,2,0,1,0,0,0,2
direct_rca,gemma-4-26b-a4b,R - T,root_service,checkoutservice-1,0,1,2,-0.33333333,1,-0.70710678,0,1,1
direct_rca,gemma-4-26b-a4b,R - T,root_service,currencyservice,0,0,6,-0.097222222,0.5,-0.63583837,0,2,4
direct_rca,gemma-4-26b-a4b,R - T,root_service,currencyservice-0,0,0,1,0,1,0,0,0,1
direct_rca,gemma-4-26b-a4b,R - T,root_service,currencyservice-1,0,0,2,0,1,0,0,0,2
direct_rca,gemma-4-26b-a4b,R - T,root_service,currencyservice-2,0,1,2,-0.33333333,1,-0.70710678,0,1,1
direct_rca,gemma-4-26b-a4b,R - T,root_service,emailservice,0,0,6,-0.027777778,1,-0.40824829,0,1,5
direct_rca,gemma-4-26b-a4b,R - T,root_service,emailservice-1,0,1,2,-0.25,1,-0.23570226,1,1,0
direct_rca,gemma-4-26b-a4b,R - T,root_service,frontend,0,0,6,-0.055555556,1,-0.40824829,0,1,5
direct_rca,gemma-4-26b-a4b,R - T,root_service,frontend-0,1,0,1,1,1,inf,1,0,0
direct_rca,gemma-4-26b-a4b,R - T,root_service,frontend-1,1,0,1,0.75,1,inf,1,0,0
direct_rca,gemma-4-26b-a4b,R - T,root_service,frontend-2,0,0,1,0,1,0,0,0,1
direct_rca,gemma-4-26b-a4b,R - T,root_service,frontend2-0,0,1,1,-1,1,-inf,0,1,0
direct_rca,gemma-4-26b-a4b,R - T,root_service,mysql,3,1,6,0.069444444,0.8125,0.098644085,3,2,1
direct_rca,gemma-4-26b-a4b,R - T,root_service,node-1,0,0,6,-0.083333333,1,-0.40824829,0,1,5
direct_rca,gemma-4-26b-a4b,R - T,root_service,node-2,0,1,3,-0.33333333,1,-0.57735027,0,1,2
direct_rca,gemma-4-26b-a4b,R - T,root_service,node-3,2,1,7,0.023809524,1,0.04485613,2,1,4
direct_rca,gemma-4-26b-a4b,R - T,root_service,node-4,0,2,5,-0.28333333,0.5,-0.53893623,1,2,2
direct_rca,gemma-4-26b-a4b,R - T,root_service,node-5,1,1,12,-0.033333333,0.75,-0.085634884,1,2,9
direct_rca,gemma-4-26b-a4b,R - T,root_service,node-6,0,2,12,-0.15,0.25,-0.44145429,1,3,8
direct_rca,gemma-4-26b-a4b,R - T,root_service,node-7,1,0,2,0.25,1,0.70710678,1,0,1
direct_rca,gemma-4-26b-a4b,R - T,root_service,node-8,0,1,4,-0.125,1,-0.5,0,1,3
direct_rca,gemma-4-26b-a4b,R - T,root_service,paymentservice,0,0,2,0,1,0,0,0,2
direct_rca,gemma-4-26b-a4b,R - T,root_service,productcatalogservice,0,0,8,-0.125,0.5,-0.54006172,0,2,6
direct_rca,gemma-4-26b-a4b,R - T,root_service,productcatalogservice-0,0,0,3,0,1,0,0,0,3
direct_rca,gemma-4-26b-a4b,R - T,root_service,productcatalogservice-1,0,2,3,-0.66666667,0.5,-1.1547005,0,2,1
direct_rca,gemma-4-26b-a4b,R - T,root_service,productcatalogservice-2,0,1,2,-0.5,1,-0.70710678,0,1,1
direct_rca,gemma-4-26b-a4b,R - T,root_service,productcatalogservice2-0,0,1,1,-0.66666667,1,-inf,0,1,0
direct_rca,gemma-4-26b-a4b,R - T,root_service,recommendationservice,0,1,5,-0.1,1,-0.4472136,0,1,4
direct_rca,gemma-4-26b-a4b,R - T,root_service,recommendationservice-2,0,0,1,-0.33333333,1,-inf,0,1,0
direct_rca,gemma-4-26b-a4b,R - T,root_service,recommendationservice2-0,0,0,1,0,1,0,0,0,1
direct_rca,gemma-4-26b-a4b,R - T,root_service,shippingservice,1,0,10,0.03,0.875,0.12687107,2,2,6
direct_rca,gemma-4-26b-a4b,R - T,root_service,shippingservice-0,0,0,1,0,1,0,0,0,1
direct_rca,gemma-4-26b-a4b,R - T,root_service,shippingservice-1,0,0,2,0,1,0,0,0,2
direct_rca,gemma-4-26b-a4b,R - T,root_service,shippingservice2-0,0,0,1,0,1,0,0,0,1
direct_rca,gemma-4-26b-a4b,R - T,root_service,tidb-tidb,0,0,2,0,1,0,0,0,2
direct_rca,gemma-4-26b-a4b,R - T,root_service,tidb-tikv,1,1,10,-0.15,0.5,-0.36439935,1,3,6
direct_rca,gemma-4-26b-a4b,R - T,root_service,ts-assurance-service,1,2,5,-0.23333333,0.5,-0.3913119,1,2,2
direct_rca,gemma-4-26b-a4b,R - T,root_service,ts-auth-service,0,1,4,-0.25,1,-0.5,0,1,3
direct_rca,gemma-4-26b-a4b,R - T,root_service,ts-basic-service,1,1,19,-0.035087719,0.33231966,-0.11303645,1,3,15
direct_rca,gemma-4-26b-a4b,R - T,root_service,ts-config-service,0,2,6,-0.25,0.5,-0.40824829,1,2,3
direct_rca,gemma-4-26b-a4b,R - T,root_service,ts-consign-service,0,0,2,0,1,0,0,0,2
direct_rca,gemma-4-26b-a4b,R - T,root_service,ts-contacts-service,0,1,2,-0.5,1,-0.70710678,0,1,1
direct_rca,gemma-4-26b-a4b,R - T,root_service,ts-food-service,0,0,3,-0.16666667,1,-0.57735027,0,1,2
direct_rca,gemma-4-26b-a4b,R - T,root_service,ts-inside-payment-service,0,0,2,0,1,0,0,0,2
direct_rca,gemma-4-26b-a4b,R - T,root_service,ts-order-other-service,0,0,4,0,1,0,0,0,4
direct_rca,gemma-4-26b-a4b,R - T,root_service,ts-order-service,0,1,5,-0.17333333,0.5,-0.59964529,0,2,3
direct_rca,gemma-4-26b-a4b,R - T,root_service,ts-preserve-service,1,1,5,0.083333333,0.75,0.19611614,2,1,2
direct_rca,gemma-4-26b-a4b,R - T,root_service,ts-price-service,0,0,2,0,1,0,0,0,2
direct_rca,gemma-4-26b-a4b,R - T,root_service,ts-route-plan-service,0,0,6,0.055555556,1,0.40824829,1,0,5
direct_rca,gemma-4-26b-a4b,R - T,root_service,ts-route-service,2,0,4,0.16666667,0.5,0.40824829,2,1,1
direct_rca,gemma-4-26b-a4b,R - T,root_service,ts-seat-service,1,0,6,0.16666667,0.75,0.36273813,2,1,3
direct_rca,gemma-4-26b-a4b,R - T,root_service,ts-security-service,0,0,1,0,1,0,0,0,1
direct_rca,gemma-4-26b-a4b,R - T,root_service,ts-station-food-service,0,0,1,0,1,0,0,0,1
direct_rca,gemma-4-26b-a4b,R - T,root_service,ts-station-service,0,0,1,0,1,0,0,0,1
direct_rca,gemma-4-26b-a4b,R - T,root_service,ts-train-service,0,0,2,-0.25,1,-0.70710678,0,1,1
direct_rca,gemma-4-26b-a4b,R - T,root_service,ts-travel-plan-service,0,0,3,-0.083333333,1,-0.57735027,0,1,2
direct_rca,gemma-4-26b-a4b,R - T,root_service,ts-travel-service,0,0,3,0.1,1,0.57735027,1,0,2
direct_rca,gemma-4-26b-a4b,R - T,root_service,ts-travel2-service,1,0,2,0.5,1,0.70710678,1,0,1
direct_rca,gemma-4-26b-a4b,R - T,root_service,ts-user-service,0,0,1,0,1,0,0,0,1
direct_rca,gemma-4-26b-a4b,R - T,root_service,ts-verification-code-service,0,0,1,0,1,0,0,0,1
direct_rca,gemma-4-26b-a4b,V - T,dataset,aegislab,8,14,96,-0.11388889,0.003585092,-0.25864678,10,29,57
direct_rca,gemma-4-26b-a4b,V - T,dataset,aiops2022,4,17,100,-0.17816667,5.5356984e-05,-0.42421839,7,32,61
direct_rca,gemma-4-26b-a4b,V - T,dataset,aiops2025,6,7,93,-0.052508961,0.29422369,-0.15294504,11,16,66
direct_rca,gemma-4-26b-a4b,V - T,fault_type,ContainerKill,1,0,6,0.16666667,1,0.40824829,1,0,5
direct_rca,gemma-4-26b-a4b,V - T,fault_type,HTTPRequestAbort,0,0,6,-0.13888889,0.5,-0.62696233,0,2,4
direct_rca,gemma-4-26b-a4b,V - T,fault_type,HTTPRequestDelay,0,1,7,-0.19047619,0.5,-0.50395263,0,2,5
direct_rca,gemma-4-26b-a4b,V - T,fault_type,HTTPRequestReplaceMethod,0,1,15,-0.16333333,0.026175142,-0.55734794,0,5,10
direct_rca,gemma-4-26b-a4b,V - T,fault_type,HTTPRequestReplacePath,0,1,1,-1,1,-inf,0,1,0
direct_rca,gemma-4-26b-a4b,V - T,fault_type,HTTPResponseAbort,0,0,3,0,1,0,0,0,3
direct_rca,gemma-4-26b-a4b,V - T,fault_type,HTTPResponseDelay,0,0,7,0,1,0,1,1,5
direct_rca,gemma-4-26b-a4b,V - T,fault_type,HTTPResponseReplaceBody,0,0,2,-0.25,1,-0.70710678,0,1,1
direct_rca,gemma-4-26b-a4b,V - T,fault_type,HTTPResponseReplaceCode,2,4,13,-0.15,0.296875,-0.23099715,2,6,5
direct_rca,gemma-4-26b-a4b,V - T,fault_type,JVMException,0,1,3,-0.33333333,1,-0.57735027,0,1,2
direct_rca,gemma-4-26b-a4b,V - T,fault_type,JVMLatency,0,1,1,-1,1,-inf,0,1,0
direct_rca,gemma-4-26b-a4b,V - T,fault_type,JVMMemoryStress,3,2,14,0.057142857,0.60310055,0.16317385,3,2,9
direct_rca,gemma-4-26b-a4b,V - T,fault_type,JVMReturn,0,1,2,-0.5,1,-0.70710678,0,1,1
direct_rca,gemma-4-26b-a4b,V - T,fault_type,NetworkBandwidth,0,0,2,-0.29166667,0.5,-4.9497475,0,2,0
direct_rca,gemma-4-26b-a4b,V - T,fault_type,NetworkCorrupt,0,0,2,0,1,0,0,0,2
direct_rca,gemma-4-26b-a4b,V - T,fault_type,NetworkDelay,1,0,1,1,1,inf,1,0,0
direct_rca,gemma-4-26b-a4b,V - T,fault_type,NetworkLoss,0,0,3,-0.083333333,1,-0.21821789,1,1,1
direct_rca,gemma-4-26b-a4b,V - T,fault_type,NetworkPartition,1,2,6,-0.30555556,0.375,-0.50912833,1,3,2
direct_rca,gemma-4-26b-a4b,V - T,fault_type,PodFailure,0,0,1,0,1,0,0,0,1
direct_rca,gemma-4-26b-a4b,V - T,fault_type,PodKill,0,0,1,0,1,0,0,0,1
direct_rca,gemma-4-26b-a4b,V - T,fault_type,code error,0,0,1,0,1,0,0,0,1
direct_rca,gemma-4-26b-a4b,V - T,fault_type,cpu stress,0,0,8,0.00625,1,0.051728532,1,1,6
direct_rca,gemma-4-26b-a4b,V - T,fault_type,dns error,0,0,5,0,1,0,0,0,5
direct_rca,gemma-4-26b-a4b,V - T,fault_type,io fault,1,1,5,-0.3,0.5,-0.52623481,1,3,1
direct_rca,gemma-4-26b-a4b,V - T,fault_type,jvm cpu,0,2,3,-0.66666667,0.5,-1.1547005,0,2,1
direct_rca,gemma-4-26b-a4b,V - T,fault_type,jvm exception,0,0,3,0,1,0,0,0,3
direct_rca,gemma-4-26b-a4b,V - T,fault_type,jvm gc,0,0,2,-0.1,1,-0.70710678,0,1,1
direct_rca,gemma-4-26b-a4b,V - T,fault_type,jvm latency,0,0,5,0.05,1,0.4472136,1,0,4
direct_rca,gemma-4-26b-a4b,V - T,fault_type,k8s容器cpu负载,0,0,9,-0.14814815,0.25,-0.65157037,0,3,6
direct_rca,gemma-4-26b-a4b,V - T,fault_type,k8s容器内存负载,1,2,8,-0.11458333,0.75,-0.21982421,1,2,5
direct_rca,gemma-4-26b-a4b,V - T,fault_type,k8s容器写io负载,0,2,4,-0.375,0.5,-0.78334945,0,2,2
direct_rca,gemma-4-26b-a4b,V - T,fault_type,k8s容器网络丢包,0,2,9,-0.31481481,0.15625,-0.63454485,1,5,3
direct_rca,gemma-4-26b-a4b,V - T,fault_type,k8s容器网络延迟,0,1,10,-0.23333333,0.125,-0.67777209,0,4,6
direct_rca,gemma-4-26b-a4b,V - T,fault_type,k8s容器网络资源包损坏,2,1,10,0.11666667,0.625,0.21882124,3,1,6
direct_rca,gemma-4-26b-a4b,V - T,fault_type,k8s容器网络资源包重复发送,0,0,7,-0.095238095,0.5,-0.58554004,0,2,5
direct_rca,gemma-4-26b-a4b,V - T,fault_type,k8s容器读io负载,1,3,9,-0.33333333,0.1875,-0.59628479,1,4,4
direct_rca,gemma-4-26b-a4b,V - T,fault_type,k8s容器进程中止,0,0,5,-0.04,1,-0.4472136,0,1,4
direct_rca,gemma-4-26b-a4b,V - T,fault_type,memory stress,0,0,6,-0.11111111,0.5,-0.64549722,0,2,4
direct_rca,gemma-4-26b-a4b,V - T,fault_type,network corrupt,1,1,6,-0.041666667,1,-0.0747853,1,1,4
direct_rca,gemma-4-26b-a4b,V - T,fault_type,network delay,0,1,7,-0.26190476,0.25,-0.68350674,0,3,4
direct_rca,gemma-4-26b-a4b,V - T,fault_type,network loss,1,0,5,0.16,1,0.4472136,1,0,4
direct_rca,gemma-4-26b-a4b,V - T,fault_type,node cpu stress,2,0,6,0.16111111,0.5,0.47356802,2,1,3
direct_rca,gemma-4-26b-a4b,V - T,fault_type,node disk fill,0,1,4,-0.25,1,-0.5,0,1,3
direct_rca,gemma-4-26b-a4b,V - T,fault_type,node memory stress,1,1,12,-0.020833333,1,-0.060432263,2,1,9
direct_rca,gemma-4-26b-a4b,V - T,fault_type,node 内存消耗,0,1,5,-0.2,1,-0.4472136,0,1,4
direct_rca,gemma-4-26b-a4b,V - T,fault_type,node 磁盘写IO消耗,0,3,6,-0.5,0.25,-0.91287093,0,3,3
direct_rca,gemma-4-26b-a4b,V - T,fault_type,node 磁盘空间消耗,0,2,5,-0.24,0.5,-0.46798655,1,2,2
direct_rca,gemma-4-26b-a4b,V - T,fault_type,node 磁盘读IO消耗,0,0,5,-0.1,1,-0.4472136,0,1,4
direct_rca,gemma-4-26b-a4b,V - T,fault_type,node节点CPU故障,0,0,5,-0.1,1,-0.4472136,0,1,4
direct_rca,gemma-4-26b-a4b,V - T,fault_type,node节点CPU爬升,0,0,3,0,1,0,0,0,3
direct_rca,gemma-4-26b-a4b,V - T,fault_type,pod failure,0,0,10,0.05,1,0.31622777,1,0,9
direct_rca,gemma-4-26b-a4b,V - T,fault_type,pod kill,0,0,2,0,1,0,0,0,2
direct_rca,gemma-4-26b-a4b,V - T,fault_type,target port misconfig,0,0,3,0.083333333,1,0.57735027,1,0,2
direct_rca,gemma-4-26b-a4b,V - T,root_service,adservice,0,3,16,-0.215625,0.086965463,-0.51706069,1,5,10
direct_rca,gemma-4-26b-a4b,V - T,root_service,adservice-0,0,1,1,-1,1,-inf,0,1,0
direct_rca,gemma-4-26b-a4b,V - T,root_service,adservice-1,1,0,3,0.22222222,1,0.57735027,1,0,2
direct_rca,gemma-4-26b-a4b,V - T,root_service,adservice2-0,0,0,1,0,1,0,0,0,1
direct_rca,gemma-4-26b-a4b,V - T,root_service,cartservice,0,1,12,-0.18055556,0.125,-0.57595776,0,4,8
direct_rca,gemma-4-26b-a4b,V - T,root_service,cartservice-0,0,0,2,-0.25,1,-0.70710678,0,1,1
direct_rca,gemma-4-26b-a4b,V - T,root_service,cartservice2-0,0,0,1,0,1,0,0,0,1
direct_rca,gemma-4-26b-a4b,V - T,root_service,checkoutservice,2,2,21,-0.046825397,0.4161391,-0.11514423,2,4,15
direct_rca,gemma-4-26b-a4b,V - T,root_service,checkoutservice-0,0,0,2,0,1,0,0,0,2
direct_rca,gemma-4-26b-a4b,V - T,root_service,checkoutservice-1,0,0,2,0,1,0,0,0,2
direct_rca,gemma-4-26b-a4b,V - T,root_service,currencyservice,0,1,6,-0.26388889,0.25,-0.58837348,1,3,2
direct_rca,gemma-4-26b-a4b,V - T,root_service,currencyservice-0,0,0,1,0,1,0,0,0,1
direct_rca,gemma-4-26b-a4b,V - T,root_service,currencyservice-1,0,0,2,0,1,0,0,0,2
direct_rca,gemma-4-26b-a4b,V - T,root_service,currencyservice-2,0,1,2,-0.25,1,-0.70710678,0,1,1
direct_rca,gemma-4-26b-a4b,V - T,root_service,emailservice,0,0,6,-0.13888889,0.5,-0.62696233,0,2,4
direct_rca,gemma-4-26b-a4b,V - T,root_service,emailservice-1,0,1,2,-0.25,1,-0.23570226,1,1,0
direct_rca,gemma-4-26b-a4b,V - T,root_service,frontend,0,0,6,-0.055555556,1,-0.40824829,0,1,5
direct_rca,gemma-4-26b-a4b,V - T,root_service,frontend-0,1,0,1,1,1,inf,1,0,0
direct_rca,gemma-4-26b-a4b,V - T,root_service,frontend-1,1,0,1,0.75,1,inf,1,0,0
direct_rca,gemma-4-26b-a4b,V - T,root_service,frontend-2,0,0,1,0.5,1,inf,1,0,0
direct_rca,gemma-4-26b-a4b,V - T,root_service,frontend2-0,0,1,1,-1,1,-inf,0,1,0
direct_rca,gemma-4-26b-a4b,V - T,root_service,mysql,2,1,6,-0.097222222,0.84375,-0.13438696,2,4,0
direct_rca,gemma-4-26b-a4b,V - T,root_service,node-1,0,0,6,-0.083333333,1,-0.40824829,0,1,5
direct_rca,gemma-4-26b-a4b,V - T,root_service,node-2,0,1,3,-0.33333333,1,-0.57735027,0,1,2
direct_rca,gemma-4-26b-a4b,V - T,root_service,node-3,2,2,7,-0.047619048,1,-0.083992105,2,2,3
direct_rca,gemma-4-26b-a4b,V - T,root_service,node-4,0,2,5,-0.4,0.5,-0.73029674,0,2,3
direct_rca,gemma-4-26b-a4b,V - T,root_service,node-5,0,1,12,-0.075,0.75,-0.2413199,1,2,9
direct_rca,gemma-4-26b-a4b,V - T,root_service,node-6,0,2,12,-0.1875,0.25,-0.45226702,1,3,8
direct_rca,gemma-4-26b-a4b,V - T,root_service,node-7,1,0,2,0.25,1,0.70710678,1,0,1
direct_rca,gemma-4-26b-a4b,V - T,root_service,node-8,0,0,4,0,1,0,0,0,4
direct_rca,gemma-4-26b-a4b,V - T,root_service,paymentservice,0,0,2,0,1,0,0,0,2
direct_rca,gemma-4-26b-a4b,V - T,root_service,productcatalogservice,0,0,8,-0.09375,0.5,-0.35355339,1,2,5
direct_rca,gemma-4-26b-a4b,V - T,root_service,productcatalogservice-0,0,0,3,0,1,0,0,0,3
direct_rca,gemma-4-26b-a4b,V - T,root_service,productcatalogservice-1,0,2,3,-0.66666667,0.5,-1.1547005,0,2,1
direct_rca,gemma-4-26b-a4b,V - T,root_service,productcatalogservice-2,0,1,2,-0.5,1,-0.70710678,0,1,1
direct_rca,gemma-4-26b-a4b,V - T,root_service,productcatalogservice2-0,0,1,1,-0.66666667,1,-inf,0,1,0
direct_rca,gemma-4-26b-a4b,V - T,root_service,recommendationservice,0,0,5,0,1,0,0,0,5
direct_rca,gemma-4-26b-a4b,V - T,root_service,recommendationservice-2,0,0,1,-0.33333333,1,-inf,0,1,0
direct_rca,gemma-4-26b-a4b,V - T,root_service,recommendationservice2-0,0,0,1,0,1,0,0,0,1
direct_rca,gemma-4-26b-a4b,V - T,root_service,shippingservice,1,0,10,0.046666667,0.75,0.17647682,2,2,6
direct_rca,gemma-4-26b-a4b,V - T,root_service,shippingservice-0,0,0,1,0,1,0,0,0,1
direct_rca,gemma-4-26b-a4b,V - T,root_service,shippingservice-1,0,0,2,0,1,0,0,0,2
direct_rca,gemma-4-26b-a4b,V - T,root_service,shippingservice2-0,0,0,1,-0.5,1,-inf,0,1,0
direct_rca,gemma-4-26b-a4b,V - T,root_service,tidb-tidb,0,0,2,0,1,0,0,0,2
direct_rca,gemma-4-26b-a4b,V - T,root_service,tidb-tikv,1,1,10,-0.15,0.5,-0.36439935,1,3,6
direct_rca,gemma-4-26b-a4b,V - T,root_service,ts-assurance-service,1,3,5,-0.4,0.375,-0.61357199,1,3,1
direct_rca,gemma-4-26b-a4b,V - T,root_service,ts-auth-service,0,0,4,0,1,0,0,0,4
direct_rca,gemma-4-26b-a4b,V - T,root_service,ts-basic-service,1,2,19,-0.11578947,0.12074402,-0.2710318,1,5,13
direct_rca,gemma-4-26b-a4b,V - T,root_service,ts-config-service,1,2,6,-0.083333333,1,-0.1040313,2,2,2
direct_rca,gemma-4-26b-a4b,V - T,root_service,ts-consign-service,0,1,2,-0.5,1,-0.70710678,0,1,1
direct_rca,gemma-4-26b-a4b,V - T,root_service,ts-contacts-service,1,0,2,0.5,1,0.70710678,1,0,1
direct_rca,gemma-4-26b-a4b,V - T,root_service,ts-food-service,0,0,3,-0.16666667,1,-0.57735027,0,1,2
direct_rca,gemma-4-26b-a4b,V - T,root_service,ts-inside-payment-service,0,0,2,0,1,0,0,0,2
direct_rca,gemma-4-26b-a4b,V - T,root_service,ts-order-other-service,0,1,4,-0.0625,1,-0.19867985,1,1,2
direct_rca,gemma-4-26b-a4b,V - T,root_service,ts-order-service,0,1,5,-0.24,0.5,-0.55351872,0,2,3
direct_rca,gemma-4-26b-a4b,V - T,root_service,ts-preserve-service,0,2,5,-0.41666667,0.125,-1.118034,0,4,1
direct_rca,gemma-4-26b-a4b,V - T,root_service,ts-price-service,0,0,2,0,1,0,0,0,2
direct_rca,gemma-4-26b-a4b,V - T,root_service,ts-route-plan-service,0,1,6,-0.16666667,1,-0.40824829,0,1,5
direct_rca,gemma-4-26b-a4b,V - T,root_service,ts-route-service,1,0,4,-0.083333333,1,-0.18898224,1,2,1
direct_rca,gemma-4-26b-a4b,V - T,root_service,ts-seat-service,0,0,6,-0.055555556,1,-0.40824829,0,1,5
direct_rca,gemma-4-26b-a4b,V - T,root_service,ts-security-service,0,0,1,0,1,0,0,0,1
direct_rca,gemma-4-26b-a4b,V - T,root_service,ts-station-food-service,0,0,1,0,1,0,0,0,1
direct_rca,gemma-4-26b-a4b,V - T,root_service,ts-station-service,0,0,1,0,1,0,0,0,1
direct_rca,gemma-4-26b-a4b,V - T,root_service,ts-train-service,0,0,2,-0.25,1,-0.70710678,0,1,1
direct_rca,gemma-4-26b-a4b,V - T,root_service,ts-travel-plan-service,0,0,3,-0.083333333,1,-0.57735027,0,1,2
direct_rca,gemma-4-26b-a4b,V - T,root_service,ts-travel-service,1,0,3,0.26666667,1,0.57735027,1,0,2
direct_rca,gemma-4-26b-a4b,V - T,root_service,ts-travel2-service,0,0,2,0,1,0,0,0,2
direct_rca,gemma-4-26b-a4b,V - T,root_service,ts-user-service,0,0,1,0,1,0,0,0,1
direct_rca,gemma-4-26b-a4b,V - T,root_service,ts-verification-code-service,0,0,1,0,1,0,0,0,1
direct_rca,gemma-4-26b-a4b,H - T,dataset,aegislab,5,11,96,-0.089236111,0.0052369062,-0.2741472,7,22,67
direct_rca,gemma-4-26b-a4b,H - T,dataset,aiops2022,5,9,100,-0.0275,0.51704959,-0.087790812,11,14,75
direct_rca,gemma-4-26b-a4b,H - T,dataset,aiops2025,4,2,93,0.018458781,0.37364641,0.088559268,12,8,73
direct_rca,gemma-4-26b-a4b,H - T,fault_type,ContainerKill,0,0,6,0.083333333,1,0.40824829,1,0,5
direct_rca,gemma-4-26b-a4b,H - T,fault_type,HTTPRequestAbort,0,0,6,-0.13888889,0.5,-0.62696233,0,2,4
direct_rca,gemma-4-26b-a4b,H - T,fault_type,HTTPRequestDelay,0,1,7,-0.14285714,0.5,-0.54470478,0,2,5
direct_rca,gemma-4-26b-a4b,H - T,fault_type,HTTPRequestReplaceMethod,1,1,15,-0.096666667,0.19361717,-0.2991008,1,4,10
direct_rca,gemma-4-26b-a4b,H - T,fault_type,HTTPRequestReplacePath,0,0,1,0,1,0,0,0,1
direct_rca,gemma-4-26b-a4b,H - T,fault_type,HTTPResponseAbort,0,0,3,0,1,0,0,0,3
direct_rca,gemma-4-26b-a4b,H - T,fault_type,HTTPResponseDelay,1,0,7,0.071428571,1,0.37796447,1,0,6
direct_rca,gemma-4-26b-a4b,H - T,fault_type,HTTPResponseReplaceBody,1,0,2,0.25,1,0.70710678,1,0,1
direct_rca,gemma-4-26b-a4b,H - T,fault_type,HTTPResponseReplaceCode,1,1,13,-0.034615385,0.625,-0.083005441,1,3,9
direct_rca,gemma-4-26b-a4b,H - T,fault_type,JVMException,0,1,3,-0.38888889,0.5,-1.1208971,0,2,1
direct_rca,gemma-4-26b-a4b,H - T,fault_type,JVMLatency,0,1,1,-1,1,-inf,0,1,0
direct_rca,gemma-4-26b-a4b,H - T,fault_type,JVMMemoryStress,0,3,14,-0.17857143,0.08372067,-0.47942091,0,3,11
direct_rca,gemma-4-26b-a4b,H - T,fault_type,JVMReturn,0,1,2,-0.33333333,1,-0.70710678,0,1,1
direct_rca,gemma-4-26b-a4b,H - T,fault_type,NetworkBandwidth,0,0,2,0,1,0,1,1,0
direct_rca,gemma-4-26b-a4b,H - T,fault_type,NetworkCorrupt,0,0,2,0,1,0,0,0,2
direct_rca,gemma-4-26b-a4b,H - T,fault_type,NetworkDelay,0,0,1,0,1,0,0,0,1
direct_rca,gemma-4-26b-a4b,H - T,fault_type,NetworkLoss,0,0,3,0,1,0,0,0,3
direct_rca,gemma-4-26b-a4b,H - T,fault_type,NetworkPartition,1,2,6,-0.16666667,0.5,-0.39528471,1,3,2
direct_rca,gemma-4-26b-a4b,H - T,fault_type,PodFailure,0,0,1,0,1,0,0,0,1
direct_rca,gemma-4-26b-a4b,H - T,fault_type,PodKill,0,0,1,0,1,0,0,0,1
direct_rca,gemma-4-26b-a4b,H - T,fault_type,code error,0,0,1,0,1,0,0,0,1
direct_rca,gemma-4-26b-a4b,H - T,fault_type,cpu stress,0,0,8,0.041666667,0.5,0.52621168,2,0,6
direct_rca,gemma-4-26b-a4b,H - T,fault_type,dns error,0,0,5,0,1,0,0,0,5
direct_rca,gemma-4-26b-a4b,H - T,fault_type,io fault,1,0,5,0.1,1,0.4472136,1,0,4
direct_rca,gemma-4-26b-a4b,H - T,fault_type,jvm cpu,0,1,3,-0.22222222,1,-0.57735027,0,1,2
direct_rca,gemma-4-26b-a4b,H - T,fault_type,jvm exception,0,0,3,0.066666667,1,0.57735027,1,0,2
direct_rca,gemma-4-26b-a4b,H - T,fault_type,jvm gc,0,0,2,0.066666667,1,0.70710678,1,0,1
direct_rca,gemma-4-26b-a4b,H - T,fault_type,jvm latency,0,0,5,0,1,0,0,0,5
direct_rca,gemma-4-26b-a4b,H - T,fault_type,k8s容器cpu负载,1,0,9,0.055555556,1,0.33333333,1,0,8
direct_rca,gemma-4-26b-a4b,H - T,fault_type,k8s容器内存负载,1,1,8,0.010416667,1,0.027476557,1,1,6
direct_rca,gemma-4-26b-a4b,H - T,fault_type,k8s容器写io负载,0,2,4,-0.29166667,0.5,-0.84887469,0,2,2
direct_rca,gemma-4-26b-a4b,H - T,fault_type,k8s容器网络丢包,0,1,9,-0.12592593,0.5,-0.31137999,1,3,5
direct_rca,gemma-4-26b-a4b,H - T,fault_type,k8s容器网络延迟,0,1,10,-0.13333333,0.5,-0.41403934,0,2,8
direct_rca,gemma-4-26b-a4b,H - T,fault_type,k8s容器网络资源包损坏,2,1,10,0.125,0.375,0.23900357,4,1,5
direct_rca,gemma-4-26b-a4b,H - T,fault_type,k8s容器网络资源包重复发送,0,0,7,0.023809524,1,0.37796447,1,0,6
direct_rca,gemma-4-26b-a4b,H - T,fault_type,k8s容器读io负载,1,0,9,0.11111111,0.5,0.50395263,2,0,7
direct_rca,gemma-4-26b-a4b,H - T,fault_type,k8s容器进程中止,0,0,5,-0.04,1,-0.4472136,0,1,4
direct_rca,gemma-4-26b-a4b,H - T,fault_type,memory stress,0,0,6,-0.022222222,1,-0.40824829,0,1,5
direct_rca,gemma-4-26b-a4b,H - T,fault_type,network corrupt,0,0,6,0.013888889,1,0.40824829,1,0,5
direct_rca,gemma-4-26b-a4b,H - T,fault_type,network delay,0,0,7,-0.023809524,0.75,-0.1909821,1,2,4
direct_rca,gemma-4-26b-a4b,H - T,fault_type,network loss,1,0,5,0.22666667,0.5,0.64484676,2,0,3
direct_rca,gemma-4-26b-a4b,H - T,fault_type,node cpu stress,0,0,6,-0.17222222,0.25,-0.81522511,0,3,3
direct_rca,gemma-4-26b-a4b,H - T,fault_type,node disk fill,0,1,4,-0.16666667,1,-0.5,0,1,3
direct_rca,gemma-4-26b-a4b,H - T,fault_type,node memory stress,1,0,12,0.083333333,0.5,0.42817442,2,0,10
direct_rca,gemma-4-26b-a4b,H - T,fault_type,node 内存消耗,0,1,5,-0.1,1,-0.4472136,0,1,4
direct_rca,gemma-4-26b-a4b,H - T,fault_type,node 磁盘写IO消耗,0,1,6,-0.16666667,1,-0.40824829,0,1,5
direct_rca,gemma-4-26b-a4b,H - T,fault_type,node 磁盘空间消耗,0,1,5,-0.15,1,-0.4472136,0,1,4
direct_rca,gemma-4-26b-a4b,H - T,fault_type,node 磁盘读IO消耗,0,0,5,-0.033333333,1,-0.4472136,0,1,4
direct_rca,gemma-4-26b-a4b,H - T,fault_type,node节点CPU故障,0,0,5,0.1,1,0.4472136,1,0,4
direct_rca,gemma-4-26b-a4b,H - T,fault_type,node节点CPU爬升,0,0,3,0,1,0,0,0,3
direct_rca,gemma-4-26b-a4b,H - T,fault_type,pod failure,1,0,10,0.1,1,0.31622777,1,0,9
direct_rca,gemma-4-26b-a4b,H - T,fault_type,pod kill,0,0,2,0,1,0,0,0,2
direct_rca,gemma-4-26b-a4b,H - T,fault_type,target port misconfig,0,0,3,0,1,0,0,0,3
direct_rca,gemma-4-26b-a4b,H - T,root_service,adservice,0,2,16,-0.083333333,0.89061755,-0.27364245,2,2,12
direct_rca,gemma-4-26b-a4b,H - T,root_service,adservice-0,0,0,1,0,1,0,0,0,1
direct_rca,gemma-4-26b-a4b,H - T,root_service,adservice-1,1,0,3,0.22222222,1,0.57735027,1,0,2
direct_rca,gemma-4-26b-a4b,H - T,root_service,adservice2-0,0,0,1,0,1,0,0,0,1
direct_rca,gemma-4-26b-a4b,H - T,root_service,cartservice,0,0,12,-0.027777778,1,-0.28867513,0,1,11
direct_rca,gemma-4-26b-a4b,H - T,root_service,cartservice-0,0,0,2,0,1,0,0,0,2
direct_rca,gemma-4-26b-a4b,H - T,root_service,cartservice2-0,0,0,1,0,1,0,0,0,1
direct_rca,gemma-4-26b-a4b,H - T,root_service,checkoutservice,1,1,21,0.020634921,0.26863603,0.068752256,5,2,14
direct_rca,gemma-4-26b-a4b,H - T,root_service,checkoutservice-0,0,0,2,0,1,0,0,0,2
direct_rca,gemma-4-26b-a4b,H - T,root_service,checkoutservice-1,0,0,2,0,1,0,0,0,2
direct_rca,gemma-4-26b-a4b,H - T,root_service,currencyservice,0,0,6,0.011111111,1,0.1040313,1,1,4
direct_rca,gemma-4-26b-a4b,H - T,root_service,currencyservice-0,0,0,1,0,1,0,0,0,1
direct_rca,gemma-4-26b-a4b,H - T,root_service,currencyservice-1,0,0,2,0,1,0,0,0,2
direct_rca,gemma-4-26b-a4b,H - T,root_service,currencyservice-2,0,1,2,-0.33333333,1,-0.70710678,0,1,1
direct_rca,gemma-4-26b-a4b,H - T,root_service,emailservice,0,0,6,-0.022222222,1,-0.14664712,1,1,4
direct_rca,gemma-4-26b-a4b,H - T,root_service,emailservice-1,0,1,2,-0.125,1,-0.23570226,1,1,0
direct_rca,gemma-4-26b-a4b,H - T,root_service,frontend,0,0,6,0.055555556,1,0.40824829,1,0,5
direct_rca,gemma-4-26b-a4b,H - T,root_service,frontend-0,1,0,1,1,1,inf,1,0,0
direct_rca,gemma-4-26b-a4b,H - T,root_service,frontend-1,1,0,1,0.75,1,inf,1,0,0
direct_rca,gemma-4-26b-a4b,H - T,root_service,frontend-2,0,0,1,0.5,1,inf,1,0,0
direct_rca,gemma-4-26b-a4b,H - T,root_service,frontend2-0,0,0,1,0,1,0,0,0,1
direct_rca,gemma-4-26b-a4b,H - T,root_service,mysql,1,1,6,9.2518585e-18,1,2.8858873e-17,2,2,2
direct_rca,gemma-4-26b-a4b,H - T,root_service,node-1,0,0,6,-0.027777778,1,-0.40824829,0,1,5
direct_rca,gemma-4-26b-a4b,H - T,root_service,node-2,0,0,3,0,1,0,0,0,3
direct_rca,gemma-4-26b-a4b,H - T,root_service,node-3,1,1,7,-0.071428571,0.75,-0.19941003,1,2,4
direct_rca,gemma-4-26b-a4b,H - T,root_service,node-4,0,1,5,-0.05,1,-0.1118034,1,1,3
direct_rca,gemma-4-26b-a4b,H - T,root_service,node-5,0,1,12,-0.058333333,0.5,-0.38758607,0,2,10
direct_rca,gemma-4-26b-a4b,H - T,root_service,node-6,0,1,12,-0.041666667,1,-0.12464639,1,1,10
direct_rca,gemma-4-26b-a4b,H - T,root_service,node-7,0,0,2,-0.25,1,-0.70710678,0,1,1
direct_rca,gemma-4-26b-a4b,H - T,root_service,node-8,0,0,4,0,1,0,0,0,4
direct_rca,gemma-4-26b-a4b,H - T,root_service,paymentservice,0,0,2,0,1,0,0,0,2
direct_rca,gemma-4-26b-a4b,H - T,root_service,productcatalogservice,1,0,8,0.03125,1,0.14978617,1,1,6
direct_rca,gemma-4-26b-a4b,H - T,root_service,productcatalogservice-0,0,0,3,0,1,0,0,0,3
direct_rca,gemma-4-26b-a4b,H - T,root_service,productcatalogservice-1,0,0,3,0,1,0,0,0,3
direct_rca,gemma-4-26b-a4b,H - T,root_service,productcatalogservice-2,0,1,2,-0.5,1,-0.70710678,0,1,1
direct_rca,gemma-4-26b-a4b,H - T,root_service,productcatalogservice2-0,0,1,1,-0.66666667,1,-inf,0,1,0
direct_rca,gemma-4-26b-a4b,H - T,root_service,recommendationservice,0,0,5,0.1,1,0.4472136,1,0,4
direct_rca,gemma-4-26b-a4b,H - T,root_service,recommendationservice-2,0,0,1,-0.33333333,1,-inf,0,1,0
direct_rca,gemma-4-26b-a4b,H - T,root_service,recommendationservice2-0,0,0,1,0,1,0,0,0,1
direct_rca,gemma-4-26b-a4b,H - T,root_service,shippingservice,1,0,10,0.03,1,0.1697811,1,1,8
direct_rca,gemma-4-26b-a4b,H - T,root_service,shippingservice-0,0,0,1,0,1,0,0,0,1
direct_rca,gemma-4-26b-a4b,H - T,root_service,shippingservice-1,0,0,2,0,1,0,0,0,2
direct_rca,gemma-4-26b-a4b,H - T,root_service,shippingservice2-0,0,0,1,0,1,0,0,0,1
direct_rca,gemma-4-26b-a4b,H - T,root_service,tidb-tidb,1,0,2,0.5,1,0.70710678,1,0,1
direct_rca,gemma-4-26b-a4b,H - T,root_service,tidb-tikv,1,0,10,0.05,1,0.31622777,1,0,9
direct_rca,gemma-4-26b-a4b,H - T,root_service,ts-assurance-service,0,1,5,-0.2,1,-0.4472136,0,1,4
direct_rca,gemma-4-26b-a4b,H - T,root_service,ts-auth-service,0,0,4,0,1,0,0,0,4
direct_rca,gemma-4-26b-a4b,H - T,root_service,ts-basic-service,1,1,19,-0.063157895,0.31819775,-0.22144309,1,3,15
direct_rca,gemma-4-26b-a4b,H - T,root_service,ts-config-service,0,1,6,-0.11111111,1,-0.40824829,0,1,5
direct_rca,gemma-4-26b-a4b,H - T,root_service,ts-consign-service,0,1,2,-0.5,1,-0.70710678,0,1,1
direct_rca,gemma-4-26b-a4b,H - T,root_service,ts-contacts-service,1,0,2,0.5,1,0.70710678,1,0,1
direct_rca,gemma-4-26b-a4b,H - T,root_service,ts-food-service,1,1,3,-0.16666667,1,-0.21821789,1,1,1
direct_rca,gemma-4-26b-a4b,H - T,root_service,ts-inside-payment-service,0,1,2,-0.33333333,1,-0.70710678,0,1,1
direct_rca,gemma-4-26b-a4b,H - T,root_service,ts-order-other-service,0,1,4,-0.125,1,-0.5,0,1,3
direct_rca,gemma-4-26b-a4b,H - T,root_service,ts-order-service,0,1,5,-0.17333333,0.5,-0.59964529,0,2,3
direct_rca,gemma-4-26b-a4b,H - T,root_service,ts-preserve-service,0,1,5,-0.25,0.25,-0.90453403,0,3,2
direct_rca,gemma-4-26b-a4b,H - T,root_service,ts-price-service,0,0,2,0,1,0,0,0,2
direct_rca,gemma-4-26b-a4b,H - T,root_service,ts-route-plan-service,0,0,6,0,1,0,0,0,6
direct_rca,gemma-4-26b-a4b,H - T,root_service,ts-route-service,1,0,4,0.041666667,1,0.12126781,1,1,2
direct_rca,gemma-4-26b-a4b,H - T,root_service,ts-seat-service,0,0,6,-0.055555556,1,-0.40824829,0,1,5
direct_rca,gemma-4-26b-a4b,H - T,root_service,ts-security-service,0,0,1,-0.5,1,-inf,0,1,0
direct_rca,gemma-4-26b-a4b,H - T,root_service,ts-station-food-service,0,0,1,0,1,0,0,0,1
direct_rca,gemma-4-26b-a4b,H - T,root_service,ts-station-service,0,0,1,0,1,0,0,0,1
direct_rca,gemma-4-26b-a4b,H - T,root_service,ts-train-service,0,0,2,-0.25,1,-0.70710678,0,1,1
direct_rca,gemma-4-26b-a4b,H - T,root_service,ts-travel-plan-service,0,0,3,-0.083333333,1,-0.57735027,0,1,2
direct_rca,gemma-4-26b-a4b,H - T,root_service,ts-travel-service,0,1,3,-0.33333333,1,-0.57735027,0,1,2
direct_rca,gemma-4-26b-a4b,H - T,root_service,ts-travel2-service,0,0,2,0,1,0,0,0,2
direct_rca,gemma-4-26b-a4b,H - T,root_service,ts-user-service,0,0,1,0,1,0,0,0,1
direct_rca,gemma-4-26b-a4b,H - T,root_service,ts-verification-code-service,0,0,1,0.5,1,inf,1,0,0
direct_rca,qwen3.8-27b,R - T,dataset,aegislab,7,9,96,-0.0010416667,0.93341138,-0.0028614693,18,19,59
direct_rca,qwen3.8-27b,R - T,dataset,aiops2022,5,17,100,-0.066333333,0.11838324,-0.16001024,15,24,61
direct_rca,qwen3.8-27b,R - T,dataset,aiops2025,8,2,93,0.058243728,0.090857893,0.18405716,20,11,62
direct_rca,qwen3.8-27b,R - T,fault_type,ContainerKill,0,0,6,0.041666667,1,0.40824829,1,0,5
direct_rca,qwen3.8-27b,R - T,fault_type,HTTPRequestAbort,1,0,6,0.055555556,1,0.24397502,1,1,4
direct_rca,qwen3.8-27b,R - T,fault_type,HTTPRequestDelay,0,1,7,-0.1,0.75,-0.22176638,1,2,4
direct_rca,qwen3.8-27b,R - T,fault_type,HTTPRequestReplaceMethod,1,4,15,-0.12444444,0.43266283,-0.24190774,3,5,7
direct_rca,qwen3.8-27b,R - T,fault_type,HTTPRequestReplacePath,0,0,1,0.25,1,inf,1,0,0
direct_rca,qwen3.8-27b,R - T,fault_type,HTTPResponseAbort,0,0,3,0.083333333,1,0.57735027,1,0,2
direct_rca,qwen3.8-27b,R - T,fault_type,HTTPResponseDelay,0,0,7,-0.035714286,1,-0.37796447,0,1,6
direct_rca,qwen3.8-27b,R - T,fault_type,HTTPResponseReplaceBody,0,0,2,0.25,1,0.70710678,1,0,1
direct_rca,qwen3.8-27b,R - T,fault_type,HTTPResponseReplaceCode,2,0,13,0.1474359,0.1875,0.45642348,4,1,8
direct_rca,qwen3.8-27b,R - T,fault_type,JVMException,0,0,3,-0.083333333,0.5,-1,0,2,1
direct_rca,qwen3.8-27b,R - T,fault_type,JVMLatency,1,0,1,0.8,1,inf,1,0,0
direct_rca,qwen3.8-27b,R - T,fault_type,JVMMemoryStress,2,1,14,0.053571429,0.82425942,0.14623926,2,3,9
direct_rca,qwen3.8-27b,R - T,fault_type,JVMReturn,0,1,2,-0.5,1,-0.70710678,0,1,1
direct_rca,qwen3.8-27b,R - T,fault_type,NetworkBandwidth,0,0,2,0,1,0,0,0,2
direct_rca,qwen3.8-27b,R - T,fault_type,NetworkCorrupt,0,0,2,0,1,0,0,0,2
direct_rca,qwen3.8-27b,R - T,fault_type,NetworkDelay,0,1,1,-0.5,1,-inf,0,1,0
direct_rca,qwen3.8-27b,R - T,fault_type,NetworkLoss,0,0,3,0.055555556,1,0.57735027,1,0,2
direct_rca,qwen3.8-27b,R - T,fault_type,NetworkPartition,0,1,6,-0.20833333,0.5,-0.52015649,0,2,4
direct_rca,qwen3.8-27b,R - T,fault_type,PodFailure,0,0,1,0.5,1,inf,1,0,0
direct_rca,qwen3.8-27b,R - T,fault_type,PodKill,0,0,1,0,1,0,0,0,1
direct_rca,qwen3.8-27b,R - T,fault_type,code error,0,0,1,0,1,0,0,0,1
direct_rca,qwen3.8-27b,R - T,fault_type,cpu stress,0,0,8,0,1,0,1,1,6
direct_rca,qwen3.8-27b,R - T,fault_type,dns error,1,0,5,0.2,1,0.4472136,1,0,4
direct_rca,qwen3.8-27b,R - T,fault_type,io fault,1,0,5,-0.016666667,1,-0.051298918,1,2,2
direct_rca,qwen3.8-27b,R - T,fault_type,jvm cpu,0,0,3,0.038888889,1,0.26706666,1,1,1
direct_rca,qwen3.8-27b,R - T,fault_type,jvm exception,0,0,3,-0.066666667,1,-0.57735027,0,1,2
direct_rca,qwen3.8-27b,R - T,fault_type,jvm gc,0,0,2,0,1,0,0,0,2
direct_rca,qwen3.8-27b,R - T,fault_type,jvm latency,1,0,5,0.2,1,0.4472136,1,0,4
direct_rca,qwen3.8-27b,R - T,fault_type,k8s容器cpu负载,1,2,9,-0.061111111,0.625,-0.11603724,1,3,5
direct_rca,qwen3.8-27b,R - T,fault_type,k8s容器内存负载,0,0,8,0,1,0,0,0,8
direct_rca,qwen3.8-27b,R - T,fault_type,k8s容器写io负载,1,1,4,0.125,1,0.19867985,1,1,2
direct_rca,qwen3.8-27b,R - T,fault_type,k8s容器网络丢包,1,2,9,-0.018518519,1,-0.028583098,3,2,4
direct_rca,qwen3.8-27b,R - T,fault_type,k8s容器网络延迟,0,1,10,-0.1,0.4375,-0.33776398,2,3,5
direct_rca,qwen3.8-27b,R - T,fault_type,k8s容器网络资源包损坏,1,0,10,0.11666667,0.5625,0.30123204,3,2,5
direct_rca,qwen3.8-27b,R - T,fault_type,k8s容器网络资源包重复发送,0,0,7,-0.035714286,1,-0.37796447,0,1,6
direct_rca,qwen3.8-27b,R - T,fault_type,k8s容器读io负载,1,3,9,-0.064814815,0.84375,-0.11474639,3,3,3
direct_rca,qwen3.8-27b,R - T,fault_type,k8s容器进程中止,0,1,5,0.066666667,1,0.1737489,2,1,2
direct_rca,qwen3.8-27b,R - T,fault_type,memory stress,0,0,6,-0.055555556,1,-0.40824829,0,1,5
direct_rca,qwen3.8-27b,R - T,fault_type,network corrupt,1,0,6,0.16666667,0.75,0.32274861,2,1,3
direct_rca,qwen3.8-27b,R - T,fault_type,network delay,1,0,7,0.16666667,0.5,0.42008403,2,1,4
direct_rca,qwen3.8-27b,R - T,fault_type,network loss,1,0,5,0.16,0.25,0.73999566,3,0,2
direct_rca,qwen3.8-27b,R - T,fault_type,node cpu stress,1,0,6,0.15277778,0.5,0.56399133,2,0,4
direct_rca,qwen3.8-27b,R - T,fault_type,node disk fill,0,0,4,0.041666667,1,0.5,1,0,3
direct_rca,qwen3.8-27b,R - T,fault_type,node memory stress,1,0,12,0.041666667,0.75,0.15600091,2,1,9
direct_rca,qwen3.8-27b,R - T,fault_type,node 内存消耗,0,0,5,-0.1,1,-0.4472136,0,1,4
direct_rca,qwen3.8-27b,R - T,fault_type,node 磁盘写IO消耗,0,3,6,-0.45833333,0.25,-0.89814624,0,3,3
direct_rca,qwen3.8-27b,R - T,fault_type,node 磁盘空间消耗,0,2,5,-0.23333333,0.5,-0.71818485,0,2,3
direct_rca,qwen3.8-27b,R - T,fault_type,node 磁盘读IO消耗,0,1,5,-0.13333333,1,-0.4472136,0,1,4
direct_rca,qwen3.8-27b,R - T,fault_type,node节点CPU故障,0,1,5,-0.2,1,-0.4472136,0,1,4
direct_rca,qwen3.8-27b,R - T,fault_type,node节点CPU爬升,0,0,3,0,1,0,0,0,3
direct_rca,qwen3.8-27b,R - T,fault_type,pod failure,0,1,10,0.0033333333,1,0.0099950037,2,1,7
direct_rca,qwen3.8-27b,R - T,fault_type,pod kill,0,1,2,-0.5,1,-0.70710678,0,1,1
direct_rca,qwen3.8-27b,R - T,fault_type,target port misconfig,0,0,3,0.11111111,1,0.57735027,1,0,2
direct_rca,qwen3.8-27b,R - T,root_service,adservice,1,1,16,-0.036458333,0.45302871,-0.092790484,2,4,10
direct_rca,qwen3.8-27b,R - T,root_service,adservice-0,0,1,1,-0.5,1,-inf,0,1,0
direct_rca,qwen3.8-27b,R - T,root_service,adservice-1,0,0,3,-0.083333333,1,-0.57735027,0,1,2
direct_rca,qwen3.8-27b,R - T,root_service,adservice2-0,0,0,1,0,1,0,0,0,1
direct_rca,qwen3.8-27b,R - T,root_service,cartservice,1,3,12,-0.083333333,0.8125,-0.14952499,2,3,7
direct_rca,qwen3.8-27b,R - T,root_service,cartservice-0,0,0,2,0.083333333,1,0.70710678,1,0,1
direct_rca,qwen3.8-27b,R - T,root_service,cartservice2-0,0,0,1,0,1,0,0,0,1
direct_rca,qwen3.8-27b,R - T,root_service,checkoutservice,4,0,21,0.21269841,0.027625001,0.52732871,9,2,10
direct_rca,qwen3.8-27b,R - T,root_service,checkoutservice-0,0,0,2,0.1,1,0.47140452,1,1,0
direct_rca,qwen3.8-27b,R - T,root_service,checkoutservice-1,0,0,2,0.25,1,0.70710678,1,0,1
direct_rca,qwen3.8-27b,R - T,root_service,currencyservice,0,0,6,-0.055555556,1,-0.40824829,0,1,5
direct_rca,qwen3.8-27b,R - T,root_service,currencyservice-0,0,0,1,0,1,0,0,0,1
direct_rca,qwen3.8-27b,R - T,root_service,currencyservice-1,0,0,2,0,1,0,0,0,2
direct_rca,qwen3.8-27b,R - T,root_service,currencyservice-2,0,2,2,-0.75,0.5,-2.1213203,0,2,0
direct_rca,qwen3.8-27b,R - T,root_service,emailservice,1,0,6,0.18055556,0.5,0.40824829,2,1,3
direct_rca,qwen3.8-27b,R - T,root_service,emailservice-1,0,0,2,0,1,0,0,0,2
direct_rca,qwen3.8-27b,R - T,root_service,frontend,0,1,6,-0.25,0.25,-0.91287093,0,3,3
direct_rca,qwen3.8-27b,R - T,root_service,frontend-0,0,0,1,-0.33333333,1,-inf,0,1,0
direct_rca,qwen3.8-27b,R - T,root_service,frontend-1,0,0,1,0,1,0,0,0,1
direct_rca,qwen3.8-27b,R - T,root_service,frontend-2,0,0,1,0.5,1,inf,1,0,0
direct_rca,qwen3.8-27b,R - T,root_service,frontend2-0,1,0,1,1,1,inf,1,0,0
direct_rca,qwen3.8-27b,R - T,root_service,mysql,0,2,6,-0.22222222,0.5,-0.50156986,1,2,3
direct_rca,qwen3.8-27b,R - T,root_service,node-1,0,0,6,0,1,0,0,0,6
direct_rca,qwen3.8-27b,R - T,root_service,node-2,0,0,3,-0.16666667,1,-0.57735027,0,1,2
direct_rca,qwen3.8-27b,R - T,root_service,node-3,1,0,7,0.095238095,1,0.37796447,1,0,6
direct_rca,qwen3.8-27b,R - T,root_service,node-4,0,1,5,-0.1,1,-0.4472136,0,1,4
direct_rca,qwen3.8-27b,R - T,root_service,node-5,0,2,12,-0.097222222,0.5,-0.32978336,1,2,9
direct_rca,qwen3.8-27b,R - T,root_service,node-6,0,4,12,-0.31944444,0.0625,-0.65947164,1,5,6
direct_rca,qwen3.8-27b,R - T,root_service,node-7,0,0,2,0,1,0,0,0,2
direct_rca,qwen3.8-27b,R - T,root_service,node-8,1,0,4,0.20833333,0.5,0.66033818,2,0,2
direct_rca,qwen3.8-27b,R - T,root_service,paymentservice,0,0,2,0,1,0,0,0,2
direct_rca,qwen3.8-27b,R - T,root_service,productcatalogservice,1,0,8,0.125,1,0.35355339,1,0,7
direct_rca,qwen3.8-27b,R - T,root_service,productcatalogservice-0,1,0,3,0.33333333,1,0.57735027,1,0,2
direct_rca,qwen3.8-27b,R - T,root_service,productcatalogservice-1,0,0,3,0.083333333,1,0.57735027,1,0,2
direct_rca,qwen3.8-27b,R - T,root_service,productcatalogservice-2,0,1,2,-0.33333333,1,-0.35355339,1,1,0
direct_rca,qwen3.8-27b,R - T,root_service,productcatalogservice2-0,0,0,1,0,1,0,0,0,1
direct_rca,qwen3.8-27b,R - T,root_service,recommendationservice,0,1,5,0.033333333,1,0.092253121,2,1,2
direct_rca,qwen3.8-27b,R - T,root_service,recommendationservice-2,0,0,1,0.33333333,1,inf,1,0,0
direct_rca,qwen3.8-27b,R - T,root_service,recommendationservice2-0,0,0,1,0,1,0,0,0,1
direct_rca,qwen3.8-27b,R - T,root_service,shippingservice,0,2,10,-0.096666667,0.5,-0.3043931,1,2,7
direct_rca,qwen3.8-27b,R - T,root_service,shippingservice-0,0,0,1,0,1,0,0,0,1
direct_rca,qwen3.8-27b,R - T,root_service,shippingservice-1,0,0,2,0,1,0,0,0,2
direct_rca,qwen3.8-27b,R - T,root_service,shippingservice2-0,0,0,1,0,1,0,0,0,1
direct_rca,qwen3.8-27b,R - T,root_service,tidb-tidb,0,0,2,0.16666667,1,0.70710678,1,0,1
direct_rca,qwen3.8-27b,R - T,root_service,tidb-tikv,1,0,10,-0.0083333333,1,-0.038442587,1,2,7
direct_rca,qwen3.8-27b,R - T,root_service,ts-assurance-service,1,1,5,-0.13333333,0.75,-0.24456714,1,2,2
direct_rca,qwen3.8-27b,R - T,root_service,ts-auth-service,0,0,4,0.0625,1,0.5,1,0,3
direct_rca,qwen3.8-27b,R - T,root_service,ts-basic-service,0,3,19,-0.039473684,0.72572099,-0.10326577,4,5,10
direct_rca,qwen3.8-27b,R - T,root_service,ts-config-service,0,1,6,-0.16666667,0.75,-0.38069349,1,2,3
direct_rca,qwen3.8-27b,R - T,root_service,ts-consign-service,1,0,2,0.4,1,0.70710678,1,0,1
direct_rca,qwen3.8-27b,R - T,root_service,ts-contacts-service,0,0,2,0,1,0,0,0,2
direct_rca,qwen3.8-27b,R - T,root_service,ts-food-service,0,1,3,-0.33333333,1,-0.57735027,0,1,2
direct_rca,qwen3.8-27b,R - T,root_service,ts-inside-payment-service,0,0,2,0,1,0,0,0,2
direct_rca,qwen3.8-27b,R - T,root_service,ts-order-other-service,0,0,4,0,1,0,0,0,4
direct_rca,qwen3.8-27b,R - T,root_service,ts-order-service,1,0,5,0.18333333,1,0.40033099,1,1,3
direct_rca,qwen3.8-27b,R - T,root_service,ts-preserve-service,0,0,5,0,1,0,2,1,2
direct_rca,qwen3.8-27b,R - T,root_service,ts-price-service,0,0,2,0.125,1,0.23570226,1,1,0
direct_rca,qwen3.8-27b,R - T,root_service,ts-route-plan-service,0,0,6,-0.033333333,1,-0.40824829,0,1,5
direct_rca,qwen3.8-27b,R - T,root_service,ts-route-service,1,0,4,0.125,1,0.5,1,0,3
direct_rca,qwen3.8-27b,R - T,root_service,ts-seat-service,1,0,6,0.16111111,0.5,0.58541078,2,0,4
direct_rca,qwen3.8-27b,R - T,root_service,ts-security-service,0,0,1,-0.16666667,1,-inf,0,1,0
direct_rca,qwen3.8-27b,R - T,root_service,ts-station-food-service,0,0,1,0,1,0,0,0,1
direct_rca,qwen3.8-27b,R - T,root_service,ts-station-service,0,1,1,-0.5,1,-inf,0,1,0
direct_rca,qwen3.8-27b,R - T,root_service,ts-train-service,0,0,2,-0.083333333,1,-0.70710678,0,1,1
direct_rca,qwen3.8-27b,R - T,root_service,ts-travel-plan-service,1,0,3,0.33333333,1,0.57735027,1,0,2
direct_rca,qwen3.8-27b,R - T,root_service,ts-travel-service,1,0,3,0.33333333,1,0.57735027,1,0,2
direct_rca,qwen3.8-27b,R - T,root_service,ts-travel2-service,0,0,2,0,1,0,0,0,2
direct_rca,qwen3.8-27b,R - T,root_service,ts-user-service,0,0,1,0,1,0,0,0,1
direct_rca,qwen3.8-27b,R - T,root_service,ts-verification-code-service,0,0,1,0,1,0,0,0,1
direct_rca,qwen3.8-27b,V - T,dataset,aegislab,6,10,96,-0.043576389,0.26918746,-0.11277926,15,22,59
direct_rca,qwen3.8-27b,V - T,dataset,aiops2022,3,18,100,-0.0745,0.075137669,-0.20045006,16,26,58
direct_rca,qwen3.8-27b,V - T,dataset,aiops2025,7,4,93,0.013082437,0.82767025,0.040944948,17,16,60
direct_rca,qwen3.8-27b,V - T,fault_type,ContainerKill,0,1,6,-0.13888889,0.75,-0.27829361,1,2,3
direct_rca,qwen3.8-27b,V - T,fault_type,HTTPRequestAbort,2,0,6,0.21666667,0.5,0.48247525,2,1,3
direct_rca,qwen3.8-27b,V - T,fault_type,HTTPRequestDelay,0,1,7,-0.17142857,0.5,-0.4597285,0,2,5
direct_rca,qwen3.8-27b,V - T,fault_type,HTTPRequestReplaceMethod,1,4,15,-0.15222222,0.20251346,-0.34263463,2,5,8
direct_rca,qwen3.8-27b,V - T,fault_type,HTTPRequestReplacePath,0,0,1,0,1,0,0,0,1
direct_rca,qwen3.8-27b,V - T,fault_type,HTTPResponseAbort,0,0,3,0,1,0,0,0,3
direct_rca,qwen3.8-27b,V - T,fault_type,HTTPResponseDelay,0,0,7,0.011904762,1,0.070186241,1,1,5
direct_rca,qwen3.8-27b,V - T,fault_type,HTTPResponseReplaceBody,0,0,2,0.25,1,0.70710678,1,0,1
direct_rca,qwen3.8-27b,V - T,fault_type,HTTPResponseReplaceCode,1,1,13,0.057692308,0.296875,0.15025063,5,2,6
direct_rca,qwen3.8-27b,V - T,fault_type,JVMException,0,0,3,-0.16666667,1,-0.57735027,0,1,2
direct_rca,qwen3.8-27b,V - T,fault_type,JVMLatency,0,0,1,-0.2,1,-inf,0,1,0
direct_rca,qwen3.8-27b,V - T,fault_type,JVMMemoryStress,2,1,14,0.014285714,0.52721672,0.032354824,2,4,8
direct_rca,qwen3.8-27b,V - T,fault_type,JVMReturn,0,0,2,0,1,0,0,0,2
direct_rca,qwen3.8-27b,V - T,fault_type,NetworkBandwidth,0,0,2,0,1,0,0,0,2
direct_rca,qwen3.8-27b,V - T,fault_type,NetworkCorrupt,0,1,2,-0.5,1,-0.70710678,0,1,1
direct_rca,qwen3.8-27b,V - T,fault_type,NetworkDelay,0,0,1,0,1,0,0,0,1
direct_rca,qwen3.8-27b,V - T,fault_type,NetworkLoss,0,0,3,0,1,0,0,0,3
direct_rca,qwen3.8-27b,V - T,fault_type,NetworkPartition,0,1,6,-0.25,0.5,-0.5976143,0,2,4
direct_rca,qwen3.8-27b,V - T,fault_type,PodFailure,0,0,1,0.5,1,inf,1,0,0
direct_rca,qwen3.8-27b,V - T,fault_type,PodKill,0,0,1,0,1,0,0,0,1
direct_rca,qwen3.8-27b,V - T,fault_type,code error,0,0,1,0.25,1,inf,1,0,0
direct_rca,qwen3.8-27b,V - T,fault_type,cpu stress,1,0,8,0.0625,1,0.14978617,1,1,6
direct_rca,qwen3.8-27b,V - T,fault_type,dns error,0,0,5,0,1,0,0,0,5
direct_rca,qwen3.8-27b,V - T,fault_type,io fault,1,0,5,-0.016666667,1,-0.051298918,1,2,2
direct_rca,qwen3.8-27b,V - T,fault_type,jvm cpu,0,0,3,-0.11111111,0.5,-0.87287156,0,2,1
direct_rca,qwen3.8-27b,V - T,fault_type,jvm exception,0,0,3,-0.066666667,1,-0.57735027,0,1,2
direct_rca,qwen3.8-27b,V - T,fault_type,jvm gc,0,0,2,0.125,1,0.70710678,1,0,1
direct_rca,qwen3.8-27b,V - T,fault_type,jvm latency,0,0,5,0,1,0,0,0,5
direct_rca,qwen3.8-27b,V - T,fault_type,k8s容器cpu负载,1,2,9,-0.061111111,0.625,-0.11603724,1,3,5
direct_rca,qwen3.8-27b,V - T,fault_type,k8s容器内存负载,0,2,8,-0.25,0.5,-0.54006172,0,2,6
direct_rca,qwen3.8-27b,V - T,fault_type,k8s容器写io负载,0,2,4,-0.125,1,-0.26111648,1,2,1
direct_rca,qwen3.8-27b,V - T,fault_type,k8s容器网络丢包,0,1,9,-0.094444444,0.5,-0.3165291,1,2,6
direct_rca,qwen3.8-27b,V - T,fault_type,k8s容器网络延迟,0,1,10,-0.066666667,0.5,-0.26568447,1,2,7
direct_rca,qwen3.8-27b,V - T,fault_type,k8s容器网络资源包损坏,1,0,10,0.2,0.1484375,0.54912257,6,2,2
direct_rca,qwen3.8-27b,V - T,fault_type,k8s容器网络资源包重复发送,0,0,7,-0.035714286,1,-0.37796447,0,1,6
direct_rca,qwen3.8-27b,V - T,fault_type,k8s容器读io负载,1,3,9,-0.014814815,1,-0.027685183,4,3,2
direct_rca,qwen3.8-27b,V - T,fault_type,k8s容器进程中止,0,1,5,-0.033333333,1,-0.067324423,2,2,1
direct_rca,qwen3.8-27b,V - T,fault_type,memory stress,0,0,6,0,1,0,1,1,4
direct_rca,qwen3.8-27b,V - T,fault_type,network corrupt,2,0,6,0.16666667,0.75,0.32274861,2,1,3
direct_rca,qwen3.8-27b,V - T,fault_type,network delay,1,0,7,0.095238095,0.875,0.20263449,2,2,3
direct_rca,qwen3.8-27b,V - T,fault_type,network loss,1,2,5,-0.1,0.75,-0.15936381,2,2,1
direct_rca,qwen3.8-27b,V - T,fault_type,node cpu stress,0,0,6,0.069444444,0.5,0.62696233,2,0,4
direct_rca,qwen3.8-27b,V - T,fault_type,node disk fill,1,0,4,0.16666667,1,0.5,1,0,3
direct_rca,qwen3.8-27b,V - T,fault_type,node memory stress,0,0,12,0,1,0,1,1,10
direct_rca,qwen3.8-27b,V - T,fault_type,node 内存消耗,0,0,5,-0.1,1,-0.4472136,0,1,4
direct_rca,qwen3.8-27b,V - T,fault_type,node 磁盘写IO消耗,0,2,6,-0.25,0.5,-0.5976143,0,2,4
direct_rca,qwen3.8-27b,V - T,fault_type,node 磁盘空间消耗,0,2,5,-0.23333333,0.5,-0.71818485,0,2,3
direct_rca,qwen3.8-27b,V - T,fault_type,node 磁盘读IO消耗,0,1,5,-0.1,1,-0.4472136,0,1,4
direct_rca,qwen3.8-27b,V - T,fault_type,node节点CPU故障,0,1,5,-0.13333333,1,-0.4472136,0,1,4
direct_rca,qwen3.8-27b,V - T,fault_type,node节点CPU爬升,0,0,3,0,1,0,0,0,3
direct_rca,qwen3.8-27b,V - T,fault_type,pod failure,0,1,10,-0.05,1,-0.13552619,1,1,8
direct_rca,qwen3.8-27b,V - T,fault_type,pod kill,0,1,2,-0.58333333,0.5,-4.9497475,0,2,0
direct_rca,qwen3.8-27b,V - T,fault_type,target port misconfig,0,0,3,0.083333333,1,0.57735027,1,0,2
direct_rca,qwen3.8-27b,V - T,root_service,adservice,0,0,16,-0.017708333,0.3531205,-0.16786491,1,3,12
direct_rca,qwen3.8-27b,V - T,root_service,adservice-0,0,1,1,-0.8,1,-inf,0,1,0
direct_rca,qwen3.8-27b,V - T,root_service,adservice-1,0,1,3,-0.41666667,0.5,-0.80064077,0,2,1
direct_rca,qwen3.8-27b,V - T,root_service,adservice2-0,0,0,1,0,1,0,0,0,1
direct_rca,qwen3.8-27b,V - T,root_service,cartservice,1,5,12,-0.17777778,0.296875,-0.30689115,3,6,3
direct_rca,qwen3.8-27b,V - T,root_service,cartservice-0,0,0,2,0,1,0,0,0,2
direct_rca,qwen3.8-27b,V - T,root_service,cartservice2-0,0,0,1,0,1,0,0,0,1
direct_rca,qwen3.8-27b,V - T,root_service,checkoutservice,3,0,21,0.084920635,0.71928135,0.20973378,5,5,11
direct_rca,qwen3.8-27b,V - T,root_service,checkoutservice-0,0,0,2,0.1,1,0.47140452,1,1,0
direct_rca,qwen3.8-27b,V - T,root_service,checkoutservice-1,0,0,2,0.25,1,0.70710678,1,0,1
direct_rca,qwen3.8-27b,V - T,root_service,currencyservice,0,0,6,0.019444444,1,0.094577325,2,1,3
direct_rca,qwen3.8-27b,V - T,root_service,currencyservice-0,0,0,1,0,1,0,0,0,1
direct_rca,qwen3.8-27b,V - T,root_service,currencyservice-1,0,0,2,0,1,0,0,0,2
direct_rca,qwen3.8-27b,V - T,root_service,currencyservice-2,0,2,2,-0.75,0.5,-2.1213203,0,2,0
direct_rca,qwen3.8-27b,V - T,root_service,emailservice,0,0,6,0.013888889,1,0.0747853,1,1,4
direct_rca,qwen3.8-27b,V - T,root_service,emailservice-1,0,1,2,-0.35,0.5,-1.6499158,0,2,0
direct_rca,qwen3.8-27b,V - T,root_service,frontend,1,1,6,-0.069444444,0.625,-0.14513803,3,3,0
direct_rca,qwen3.8-27b,V - T,root_service,frontend-0,0,0,1,0.16666667,1,inf,1,0,0
direct_rca,qwen3.8-27b,V - T,root_service,frontend-1,0,0,1,0,1,0,0,0,1
direct_rca,qwen3.8-27b,V - T,root_service,frontend-2,0,0,1,0.25,1,inf,1,0,0
direct_rca,qwen3.8-27b,V - T,root_service,frontend2-0,1,0,1,1,1,inf,1,0,0
direct_rca,qwen3.8-27b,V - T,root_service,mysql,0,1,6,-0.16666667,1,-0.40824829,0,1,5
direct_rca,qwen3.8-27b,V - T,root_service,node-1,0,0,6,0,1,0,0,0,6
direct_rca,qwen3.8-27b,V - T,root_service,node-2,0,0,3,-0.16666667,1,-0.57735027,0,1,2
direct_rca,qwen3.8-27b,V - T,root_service,node-3,0,0,7,0.023809524,1,0.37796447,1,0,6
direct_rca,qwen3.8-27b,V - T,root_service,node-4,0,1,5,-0.1,1,-0.4472136,0,1,4
direct_rca,qwen3.8-27b,V - T,root_service,node-5,0,2,12,-0.0625,0.5,-0.28867513,1,2,9
direct_rca,qwen3.8-27b,V - T,root_service,node-6,0,3,12,-0.16666667,0.25,-0.42817442,1,3,8
direct_rca,qwen3.8-27b,V - T,root_service,node-7,0,0,2,0,1,0,0,0,2
direct_rca,qwen3.8-27b,V - T,root_service,node-8,1,0,4,0.083333333,1,0.19867985,1,1,2
direct_rca,qwen3.8-27b,V - T,root_service,paymentservice,0,0,2,0,1,0,0,0,2
direct_rca,qwen3.8-27b,V - T,root_service,productcatalogservice,1,0,8,0.16666667,0.5,0.46770717,2,0,6
direct_rca,qwen3.8-27b,V - T,root_service,productcatalogservice-0,0,0,3,0.16666667,1,0.57735027,1,0,2
direct_rca,qwen3.8-27b,V - T,root_service,productcatalogservice-1,0,1,3,-0.25,1,-0.37796447,1,1,1
direct_rca,qwen3.8-27b,V - T,root_service,productcatalogservice-2,0,1,2,-0.083333333,1,-0.14142136,1,1,0
direct_rca,qwen3.8-27b,V - T,root_service,productcatalogservice2-0,0,0,1,0,1,0,0,0,1
direct_rca,qwen3.8-27b,V - T,root_service,recommendationservice,0,1,5,-0.11666667,1,-0.32288592,1,1,3
direct_rca,qwen3.8-27b,V - T,root_service,recommendationservice-2,0,0,1,0,1,0,0,0,1
direct_rca,qwen3.8-27b,V - T,root_service,recommendationservice2-0,0,0,1,0,1,0,0,0,1
direct_rca,qwen3.8-27b,V - T,root_service,shippingservice,1,2,10,-0.05,1,-0.10056023,1,2,7
direct_rca,qwen3.8-27b,V - T,root_service,shippingservice-0,0,0,1,0,1,0,0,0,1
direct_rca,qwen3.8-27b,V - T,root_service,shippingservice-1,0,0,2,0.125,1,0.70710678,1,0,1
direct_rca,qwen3.8-27b,V - T,root_service,shippingservice2-0,0,0,1,0,1,0,0,0,1
direct_rca,qwen3.8-27b,V - T,root_service,tidb-tidb,0,0,2,0,1,0,0,0,2
direct_rca,qwen3.8-27b,V - T,root_service,tidb-tikv,1,0,10,-0.0083333333,1,-0.038442587,1,2,7
direct_rca,qwen3.8-27b,V - T,root_service,ts-assurance-service,1,0,5,0.066666667,1,0.26375219,1,1,3
direct_rca,qwen3.8-27b,V - T,root_service,ts-auth-service,0,1,4,-0.125,1,-0.19867985,1,1,2
direct_rca,qwen3.8-27b,V - T,root_service,ts-basic-service,0,4,19,-0.12719298,0.26386209,-0.28996456,3,6,10
direct_rca,qwen3.8-27b,V - T,root_service,ts-config-service,0,1,6,-0.20833333,0.5,-0.52015649,0,2,4
direct_rca,qwen3.8-27b,V - T,root_service,ts-consign-service,0,0,2,-0.1,1,-0.70710678,0,1,1
direct_rca,qwen3.8-27b,V - T,root_service,ts-contacts-service,0,0,2,0,1,0,0,0,2
direct_rca,qwen3.8-27b,V - T,root_service,ts-food-service,0,1,3,-0.22222222,1,-0.57735027,0,1,2
direct_rca,qwen3.8-27b,V - T,root_service,ts-inside-payment-service,0,0,2,0,1,0,0,0,2
direct_rca,qwen3.8-27b,V - T,root_service,ts-order-other-service,0,1,4,-0.25,1,-0.5,0,1,3
direct_rca,qwen3.8-27b,V - T,root_service,ts-order-service,0,0,5,0.05,1,0.4472136,1,0,4
direct_rca,qwen3.8-27b,V - T,root_service,ts-preserve-service,2,0,5,0.23333333,0.5,0.3913119,2,1,2
direct_rca,qwen3.8-27b,V - T,root_service,ts-price-service,0,0,2,0.125,1,0.23570226,1,1,0
direct_rca,qwen3.8-27b,V - T,root_service,ts-route-plan-service,0,0,6,-0.033333333,1,-0.40824829,0,1,5
direct_rca,qwen3.8-27b,V - T,root_service,ts-route-service,1,0,4,0.125,1,0.5,1,0,3
direct_rca,qwen3.8-27b,V - T,root_service,ts-seat-service,1,0,6,0.18333333,0.25,0.5893233,3,1,2
direct_rca,qwen3.8-27b,V - T,root_service,ts-security-service,0,0,1,-0.5,1,-inf,0,1,0
direct_rca,qwen3.8-27b,V - T,root_service,ts-station-food-service,0,0,1,-0.05,1,-inf,0,1,0
direct_rca,qwen3.8-27b,V - T,root_service,ts-station-service,0,0,1,0,1,0,0,0,1
direct_rca,qwen3.8-27b,V - T,root_service,ts-train-service,0,0,2,0,1,0,0,0,2
direct_rca,qwen3.8-27b,V - T,root_service,ts-travel-plan-service,0,1,3,-0.22222222,1,-0.32025631,1,1,1
direct_rca,qwen3.8-27b,V - T,root_service,ts-travel-service,1,0,3,0.33333333,1,0.57735027,1,0,2
direct_rca,qwen3.8-27b,V - T,root_service,ts-travel2-service,0,0,2,0,1,0,0,0,2
direct_rca,qwen3.8-27b,V - T,root_service,ts-user-service,0,0,1,0,1,0,0,0,1
direct_rca,qwen3.8-27b,V - T,root_service,ts-verification-code-service,0,0,1,-0.33333333,1,-inf,0,1,0
direct_rca,qwen3.8-27b,H - T,dataset,aegislab,3,1,96,0.0048611111,0.36815482,0.026322549,6,10,80
direct_rca,qwen3.8-27b,H - T,dataset,aiops2022,3,8,100,-0.045333333,0.13486975,-0.15001567,9,16,75
direct_rca,qwen3.8-27b,H - T,dataset,aiops2025,4,3,93,-0.0010752688,0.97809718,-0.0054476168,12,12,69
direct_rca,qwen3.8-27b,H - T,fault_type,ContainerKill,0,0,6,0,1,0,0,0,6
direct_rca,qwen3.8-27b,H - T,fault_type,HTTPRequestAbort,0,0,6,0,1,0,0,0,6
direct_rca,qwen3.8-27b,H - T,fault_type,HTTPRequestDelay,0,0,7,-0.076190476,0.5,-0.56148993,0,2,5
direct_rca,qwen3.8-27b,H - T,fault_type,HTTPRequestReplaceMethod,1,0,15,0.064444444,0.3013705,0.27640545,3,1,11
direct_rca,qwen3.8-27b,H - T,fault_type,HTTPRequestReplacePath,0,0,1,0,1,0,0,0,1
direct_rca,qwen3.8-27b,H - T,fault_type,HTTPResponseAbort,0,0,3,0,1,0,0,0,3
direct_rca,qwen3.8-27b,H - T,fault_type,HTTPResponseDelay,0,0,7,0.011904762,1,0.070186241,1,1,5
direct_rca,qwen3.8-27b,H - T,fault_type,HTTPResponseReplaceBody,0,0,2,0,1,0,0,0,2
direct_rca,qwen3.8-27b,H - T,fault_type,HTTPResponseReplaceCode,1,0,13,0.076923077,1,0.2773501,1,0,12
direct_rca,qwen3.8-27b,H - T,fault_type,JVMException,0,0,3,-0.11111111,0.5,-0.87287156,0,2,1
direct_rca,qwen3.8-27b,H - T,fault_type,JVMLatency,0,0,1,0,1,0,0,0,1
direct_rca,qwen3.8-27b,H - T,fault_type,JVMMemoryStress,1,0,14,0.029761905,0.95825588,0.15259141,1,1,12
direct_rca,qwen3.8-27b,H - T,fault_type,JVMReturn,0,1,2,-0.25,1,-0.70710678,0,1,1
direct_rca,qwen3.8-27b,H - T,fault_type,NetworkBandwidth,0,0,2,0,1,0,0,0,2
direct_rca,qwen3.8-27b,H - T,fault_type,NetworkCorrupt,0,0,2,0,1,0,0,0,2
direct_rca,qwen3.8-27b,H - T,fault_type,NetworkDelay,0,0,1,0,1,0,0,0,1
direct_rca,qwen3.8-27b,H - T,fault_type,NetworkLoss,0,0,3,0,1,0,0,0,3
direct_rca,qwen3.8-27b,H - T,fault_type,NetworkPartition,0,0,6,-0.10555556,0.5,-0.5265603,0,2,4
direct_rca,qwen3.8-27b,H - T,fault_type,PodFailure,0,0,1,0,1,0,0,0,1
direct_rca,qwen3.8-27b,H - T,fault_type,PodKill,0,0,1,0,1,0,0,0,1
direct_rca,qwen3.8-27b,H - T,fault_type,code error,0,0,1,0,1,0,0,0,1
direct_rca,qwen3.8-27b,H - T,fault_type,cpu stress,0,0,8,-0.0125,1,-0.092169114,1,1,6
direct_rca,qwen3.8-27b,H - T,fault_type,dns error,0,0,5,0.04,1,0.4472136,1,0,4
direct_rca,qwen3.8-27b,H - T,fault_type,io fault,1,0,5,0.033333333,1,0.1118034,1,1,3
direct_rca,qwen3.8-27b,H - T,fault_type,jvm cpu,0,0,3,0,1,0,1,1,1
direct_rca,qwen3.8-27b,H - T,fault_type,jvm exception,0,1,3,-0.23333333,0.5,-0.92717265,0,2,1
direct_rca,qwen3.8-27b,H - T,fault_type,jvm gc,0,0,2,0,1,0,0,0,2
direct_rca,qwen3.8-27b,H - T,fault_type,jvm latency,0,0,5,0,1,0,0,0,5
direct_rca,qwen3.8-27b,H - T,fault_type,k8s容器cpu负载,0,0,9,0.0092592593,1,0.33333333,1,0,8
direct_rca,qwen3.8-27b,H - T,fault_type,k8s容器内存负载,0,2,8,-0.2875,0.25,-0.59601838,1,3,4
direct_rca,qwen3.8-27b,H - T,fault_type,k8s容器写io负载,1,0,4,0.25,1,0.5,1,0,3
direct_rca,qwen3.8-27b,H - T,fault_type,k8s容器网络丢包,1,1,9,-0.011111111,1,-0.022628141,2,2,5
direct_rca,qwen3.8-27b,H - T,fault_type,k8s容器网络延迟,0,0,10,-0.025,1,-0.31622777,0,1,9
direct_rca,qwen3.8-27b,H - T,fault_type,k8s容器网络资源包损坏,1,0,10,0.075,1,0.22430015,1,1,8
direct_rca,qwen3.8-27b,H - T,fault_type,k8s容器网络资源包重复发送,0,0,7,0,1,0,1,1,5
direct_rca,qwen3.8-27b,H - T,fault_type,k8s容器读io负载,0,1,9,-0.033333333,1,-0.17817416,1,1,7
direct_rca,qwen3.8-27b,H - T,fault_type,k8s容器进程中止,0,1,5,-0.18333333,0.75,-0.36565237,1,2,2
direct_rca,qwen3.8-27b,H - T,fault_type,memory stress,0,0,6,-0.055555556,1,-0.40824829,0,1,5
direct_rca,qwen3.8-27b,H - T,fault_type,network corrupt,1,0,6,0.055555556,1,0.24397502,1,1,4
direct_rca,qwen3.8-27b,H - T,fault_type,network delay,0,0,7,-0.035714286,1,-0.15877684,1,1,5
direct_rca,qwen3.8-27b,H - T,fault_type,network loss,2,0,5,0.26,0.5,0.69989647,2,0,3
direct_rca,qwen3.8-27b,H - T,fault_type,node cpu stress,0,0,6,0.083333333,0.5,0.5976143,2,0,4
direct_rca,qwen3.8-27b,H - T,fault_type,node disk fill,0,0,4,0,1,0,0,0,4
direct_rca,qwen3.8-27b,H - T,fault_type,node memory stress,0,0,12,-0.031944444,0.5,-0.23610158,1,2,9
direct_rca,qwen3.8-27b,H - T,fault_type,node 内存消耗,0,0,5,-0.1,1,-0.4472136,0,1,4
direct_rca,qwen3.8-27b,H - T,fault_type,node 磁盘写IO消耗,0,1,6,-0.083333333,1,-0.40824829,0,1,5
direct_rca,qwen3.8-27b,H - T,fault_type,node 磁盘空间消耗,0,0,5,0,1,0,0,0,5
direct_rca,qwen3.8-27b,H - T,fault_type,node 磁盘读IO消耗,0,1,5,-0.1,1,-0.4472136,0,1,4
direct_rca,qwen3.8-27b,H - T,fault_type,node节点CPU故障,0,1,5,-0.2,0.5,-0.67082039,0,2,3
direct_rca,qwen3.8-27b,H - T,fault_type,node节点CPU爬升,0,0,3,0,1,0,0,0,3
direct_rca,qwen3.8-27b,H - T,fault_type,pod failure,0,1,10,-0.016666667,1,-0.083526907,1,1,8
direct_rca,qwen3.8-27b,H - T,fault_type,pod kill,0,1,2,-0.33333333,1,-0.70710678,0,1,1
direct_rca,qwen3.8-27b,H - T,fault_type,target port misconfig,0,0,3,0,1,0,0,0,3
direct_rca,qwen3.8-27b,H - T,root_service,adservice,0,1,16,-0.059375,0.15255774,-0.41302902,1,4,11
direct_rca,qwen3.8-27b,H - T,root_service,adservice-0,0,0,1,0,1,0,0,0,1
direct_rca,qwen3.8-27b,H - T,root_service,adservice-1,0,1,3,-0.41666667,0.5,-0.80064077,0,2,1
direct_rca,qwen3.8-27b,H - T,root_service,adservice2-0,0,0,1,0.2,1,inf,1,0,0
direct_rca,qwen3.8-27b,H - T,root_service,cartservice,1,2,12,-0.018055556,1,-0.040906548,2,2,8
direct_rca,qwen3.8-27b,H - T,root_service,cartservice-0,0,0,2,0,1,0,0,0,2
direct_rca,qwen3.8-27b,H - T,root_service,cartservice2-0,0,0,1,0,1,0,0,0,1
direct_rca,qwen3.8-27b,H - T,root_service,checkoutservice,2,0,21,0.0095238095,0.98400976,0.033227245,4,4,13
direct_rca,qwen3.8-27b,H - T,root_service,checkoutservice-0,0,0,2,0.041666667,1,0.70710678,1,0,1
direct_rca,qwen3.8-27b,H - T,root_service,checkoutservice-1,0,0,2,0,1,0,0,0,2
direct_rca,qwen3.8-27b,H - T,root_service,currencyservice,0,0,6,-0.055555556,1,-0.40824829,0,1,5
direct_rca,qwen3.8-27b,H - T,root_service,currencyservice-0,0,0,1,0,1,0,0,0,1
direct_rca,qwen3.8-27b,H - T,root_service,currencyservice-1,0,0,2,0,1,0,0,0,2
direct_rca,qwen3.8-27b,H - T,root_service,currencyservice-2,0,0,2,0,1,0,0,0,2
direct_rca,qwen3.8-27b,H - T,root_service,emailservice,1,0,6,0.18055556,0.5,0.40824829,2,1,3
direct_rca,qwen3.8-27b,H - T,root_service,emailservice-1,0,0,2,0,1,0,0,0,2
direct_rca,qwen3.8-27b,H - T,root_service,frontend,1,0,6,0.055555556,1,0.24397502,1,1,4
direct_rca,qwen3.8-27b,H - T,root_service,frontend-0,0,0,1,0,1,0,0,0,1
direct_rca,qwen3.8-27b,H - T,root_service,frontend-1,0,0,1,0,1,0,0,0,1
direct_rca,qwen3.8-27b,H - T,root_service,frontend-2,0,0,1,0.2,1,inf,1,0,0
direct_rca,qwen3.8-27b,H - T,root_service,frontend2-0,0,0,1,0,1,0,0,0,1
direct_rca,qwen3.8-27b,H - T,root_service,mysql,0,0,6,0,1,0,0,0,6
direct_rca,qwen3.8-27b,H - T,root_service,node-1,0,0,6,0,1,0,0,0,6
direct_rca,qwen3.8-27b,H - T,root_service,node-2,0,0,3,-0.16666667,1,-0.57735027,0,1,2
direct_rca,qwen3.8-27b,H - T,root_service,node-3,0,0,7,0.023809524,1,0.37796447,1,0,6
direct_rca,qwen3.8-27b,H - T,root_service,node-4,0,0,5,0,1,0,0,0,5
direct_rca,qwen3.8-27b,H - T,root_service,node-5,0,2,12,-0.055555556,0.5,-0.24318673,1,2,9
direct_rca,qwen3.8-27b,H - T,root_service,node-6,0,1,12,-0.0875,0.25,-0.38567982,1,3,8
direct_rca,qwen3.8-27b,H - T,root_service,node-7,0,0,2,0,1,0,0,0,2
direct_rca,qwen3.8-27b,H - T,root_service,node-8,0,0,4,-0.083333333,1,-0.5,0,1,3
direct_rca,qwen3.8-27b,H - T,root_service,paymentservice,0,0,2,0.1,1,0.70710678,1,0,1
direct_rca,qwen3.8-27b,H - T,root_service,productcatalogservice,0,0,8,0.025,1,0.35355339,1,0,7
direct_rca,qwen3.8-27b,H - T,root_service,productcatalogservice-0,1,0,3,0.33333333,1,0.57735027,1,0,2
direct_rca,qwen3.8-27b,H - T,root_service,productcatalogservice-1,0,1,3,-0.33333333,1,-0.57735027,0,1,2
direct_rca,qwen3.8-27b,H - T,root_service,productcatalogservice-2,0,0,2,0,1,0,0,0,2
direct_rca,qwen3.8-27b,H - T,root_service,productcatalogservice2-0,0,0,1,0,1,0,0,0,1
direct_rca,qwen3.8-27b,H - T,root_service,recommendationservice,0,1,5,-0.2,1,-0.4472136,0,1,4
direct_rca,qwen3.8-27b,H - T,root_service,recommendationservice-2,0,0,1,0,1,0,0,0,1
direct_rca,qwen3.8-27b,H - T,root_service,recommendationservice2-0,0,0,1,0,1,0,0,0,1
direct_rca,qwen3.8-27b,H - T,root_service,shippingservice,0,2,10,-0.15,0.25,-0.621059,0,3,7
direct_rca,qwen3.8-27b,H - T,root_service,shippingservice-0,0,0,1,0,1,0,0,0,1
direct_rca,qwen3.8-27b,H - T,root_service,shippingservice-1,0,0,2,0,1,0,0,0,2
direct_rca,qwen3.8-27b,H - T,root_service,shippingservice2-0,0,0,1,0,1,0,0,0,1
direct_rca,qwen3.8-27b,H - T,root_service,tidb-tidb,0,0,2,0,1,0,0,0,2
direct_rca,qwen3.8-27b,H - T,root_service,tidb-tikv,1,0,10,0.05,0.75,0.22430015,2,1,7
direct_rca,qwen3.8-27b,H - T,root_service,ts-assurance-service,0,0,5,0,1,0,0,0,5
direct_rca,qwen3.8-27b,H - T,root_service,ts-auth-service,0,0,4,0,1,0,0,0,4
direct_rca,qwen3.8-27b,H - T,root_service,ts-basic-service,1,0,19,0.035087719,0.31731051,0.22941573,1,0,18
direct_rca,qwen3.8-27b,H - T,root_service,ts-config-service,0,0,6,-0.041666667,1,-0.40824829,0,1,5
direct_rca,qwen3.8-27b,H - T,root_service,ts-consign-service,0,0,2,0,1,0,0,0,2
direct_rca,qwen3.8-27b,H - T,root_service,ts-contacts-service,0,0,2,0,1,0,0,0,2
direct_rca,qwen3.8-27b,H - T,root_service,ts-food-service,0,0,3,0,1,0,0,0,3
direct_rca,qwen3.8-27b,H - T,root_service,ts-inside-payment-service,0,1,2,-0.25,1,-0.70710678,0,1,1
direct_rca,qwen3.8-27b,H - T,root_service,ts-order-other-service,0,0,4,0,1,0,0,0,4
direct_rca,qwen3.8-27b,H - T,root_service,ts-order-service,0,0,5,0.083333333,1,0.35355339,1,1,3
direct_rca,qwen3.8-27b,H - T,root_service,ts-preserve-service,0,0,5,-0.16666667,0.5,-0.70710678,0,2,3
direct_rca,qwen3.8-27b,H - T,root_service,ts-price-service,0,0,2,-0.125,1,-0.70710678,0,1,1
direct_rca,qwen3.8-27b,H - T,root_service,ts-route-plan-service,0,0,6,-0.033333333,1,-0.40824829,0,1,5
direct_rca,qwen3.8-27b,H - T,root_service,ts-route-service,0,0,4,-0.083333333,1,-0.5,0,1,3
direct_rca,qwen3.8-27b,H - T,root_service,ts-seat-service,1,0,6,0.16666667,0.375,0.57203595,3,1,2
direct_rca,qwen3.8-27b,H - T,root_service,ts-security-service,0,0,1,-0.25,1,-inf,0,1,0
direct_rca,qwen3.8-27b,H - T,root_service,ts-station-food-service,0,0,1,0,1,0,0,0,1
direct_rca,qwen3.8-27b,H - T,root_service,ts-station-service,0,0,1,0,1,0,0,0,1
direct_rca,qwen3.8-27b,H - T,root_service,ts-train-service,0,0,2,0,1,0,0,0,2
direct_rca,qwen3.8-27b,H - T,root_service,ts-travel-plan-service,1,0,3,0.33333333,1,0.57735027,1,0,2
direct_rca,qwen3.8-27b,H - T,root_service,ts-travel-service,0,0,3,0,1,0,0,0,3
direct_rca,qwen3.8-27b,H - T,root_service,ts-travel2-service,0,0,2,0,1,0,0,0,2
direct_rca,qwen3.8-27b,H - T,root_service,ts-user-service,0,0,1,0,1,0,0,0,1
direct_rca,qwen3.8-27b,H - T,root_service,ts-verification-code-service,0,0,1,0,1,0,0,0,1
matched_rca,qwen3.6-27b,R - T,dataset,aegislab,4,5,41,-0.026829268,0.68853683,-0.072840843,11,12,18
matched_rca,qwen3.6-27b,R - T,dataset,aiops2022,8,7,100,-0.021833333,0.17104953,-0.061848893,13,22,65
matched_rca,qwen3.6-27b,R - T,dataset,aiops2025,12,7,93,0.063799283,0.11642626,0.16701172,23,14,56
matched_rca,qwen3.6-27b,R - T,fault_type,ContainerKill,1,0,1,1,1,inf,1,0,0
matched_rca,qwen3.6-27b,R - T,fault_type,HTTPRequestAbort,1,0,4,0.095833333,0.75,0.18633411,2,1,1
matched_rca,qwen3.6-27b,R - T,fault_type,HTTPRequestDelay,0,0,2,0.125,1,0.70710678,1,0,1
matched_rca,qwen3.6-27b,R - T,fault_type,HTTPRequestReplaceMethod,1,1,6,0.077777778,0.3125,0.17147286,4,1,1
matched_rca,qwen3.6-27b,R - T,fault_type,HTTPResponseDelay,0,0,4,0.041666667,1,0.19867985,1,1,2
matched_rca,qwen3.6-27b,R - T,fault_type,HTTPResponseReplaceBody,1,0,2,0.25,1,0.70710678,1,0,1
matched_rca,qwen3.6-27b,R - T,fault_type,HTTPResponseReplaceCode,0,1,10,-0.145,0.125,-0.69455682,0,4,6
matched_rca,qwen3.6-27b,R - T,fault_type,JVMException,0,0,1,0.25,1,inf,1,0,0
matched_rca,qwen3.6-27b,R - T,fault_type,JVMMemoryStress,0,2,7,-0.30952381,0.125,-1.0475699,0,4,3
matched_rca,qwen3.6-27b,R - T,fault_type,NetworkCorrupt,0,0,1,0,1,0,0,0,1
matched_rca,qwen3.6-27b,R - T,fault_type,NetworkDelay,0,1,1,-0.5,1,-inf,0,1,0
matched_rca,qwen3.6-27b,R - T,fault_type,NetworkLoss,0,0,1,0,1,0,0,0,1
matched_rca,qwen3.6-27b,R - T,fault_type,NetworkPartition,0,0,1,0,1,0,0,0,1
matched_rca,qwen3.6-27b,R - T,fault_type,code error,0,0,1,0,1,0,0,0,1
matched_rca,qwen3.6-27b,R - T,fault_type,cpu stress,1,0,8,0.1875,0.5,0.40933262,3,1,4
matched_rca,qwen3.6-27b,R - T,fault_type,dns error,1,0,5,0.13333333,1,0.4472136,1,0,4
matched_rca,qwen3.6-27b,R - T,fault_type,io fault,1,0,5,0.086666667,0.75,0.33344296,2,1,2
matched_rca,qwen3.6-27b,R - T,fault_type,jvm cpu,0,1,3,-0.22222222,1,-0.57735027,0,1,2
matched_rca,qwen3.6-27b,R - T,fault_type,jvm exception,1,0,3,0.25,1,0.52414242,1,1,1
matched_rca,qwen3.6-27b,R - T,fault_type,jvm gc,0,0,2,0.25,1,0.70710678,1,0,1
matched_rca,qwen3.6-27b,R - T,fault_type,jvm latency,1,0,5,0.26666667,0.5,0.61357199,2,0,3
matched_rca,qwen3.6-27b,R - T,fault_type,k8s容器cpu负载,0,0,9,-0.064814815,0.5,-0.29514591,1,2,6
matched_rca,qwen3.6-27b,R - T,fault_type,k8s容器内存负载,0,0,8,0.025,1,0.35355339,1,0,7
matched_rca,qwen3.6-27b,R - T,fault_type,k8s容器写io负载,0,1,4,-0.3125,0.5,-0.83333333,0,2,2
matched_rca,qwen3.6-27b,R - T,fault_type,k8s容器网络丢包,2,1,9,0.051851852,1,0.098278288,2,3,4
matched_rca,qwen3.6-27b,R - T,fault_type,k8s容器网络延迟,1,0,10,0.063333333,0.5,0.33192309,2,1,7
matched_rca,qwen3.6-27b,R - T,fault_type,k8s容器网络资源包损坏,1,1,10,0.013333333,0.59375,0.034154921,2,4,4
matched_rca,qwen3.6-27b,R - T,fault_type,k8s容器网络资源包重复发送,0,1,7,-0.095238095,1,-0.37796447,0,1,6
matched_rca,qwen3.6-27b,R - T,fault_type,k8s容器读io负载,1,0,9,0.061111111,0.875,0.15050851,2,2,5
matched_rca,qwen3.6-27b,R - T,fault_type,k8s容器进程中止,0,0,5,0,1,0,0,0,5
matched_rca,qwen3.6-27b,R - T,fault_type,memory stress,0,0,6,-0.055555556,1,-0.40824829,0,1,5
matched_rca,qwen3.6-27b,R - T,fault_type,network corrupt,2,2,6,-0.075,0.75,-0.094211144,2,2,2
matched_rca,qwen3.6-27b,R - T,fault_type,network delay,0,1,7,-0.071428571,0.5625,-0.20701967,2,3,2
matched_rca,qwen3.6-27b,R - T,fault_type,network loss,3,1,5,0.13333333,0.75,0.19576351,3,1,1
matched_rca,qwen3.6-27b,R - T,fault_type,node cpu stress,0,0,6,0.027777778,1,0.1040313,1,1,4
matched_rca,qwen3.6-27b,R - T,fault_type,node disk fill,1,0,4,0.16666667,1,0.5,1,0,3
matched_rca,qwen3.6-27b,R - T,fault_type,node memory stress,1,1,12,0.083333333,0.75,0.23221018,2,1,9
matched_rca,qwen3.6-27b,R - T,fault_type,node 内存消耗,0,1,5,-0.23333333,0.5,-0.53687549,0,2,3
matched_rca,qwen3.6-27b,R - T,fault_type,node 磁盘写IO消耗,0,1,6,-0.16666667,1,-0.40824829,0,1,5
matched_rca,qwen3.6-27b,R - T,fault_type,node 磁盘空间消耗,1,0,5,0.083333333,1,0.20851441,1,1,3
matched_rca,qwen3.6-27b,R - T,fault_type,node 磁盘读IO消耗,0,1,5,-0.2,1,-0.4472136,0,1,4
matched_rca,qwen3.6-27b,R - T,fault_type,node节点CPU故障,2,0,5,0.28333333,0.5,0.53893623,2,1,2
matched_rca,qwen3.6-27b,R - T,fault_type,node节点CPU爬升,0,0,3,-0.11111111,1,-0.57735027,0,1,2
matched_rca,qwen3.6-27b,R - T,fault_type,pod failure,0,0,10,0.02,1,0.31622777,1,0,9
matched_rca,qwen3.6-27b,R - T,fault_type,pod kill,0,1,2,0,1,0,1,1,0
matched_rca,qwen3.6-27b,R - T,fault_type,target port misconfig,0,0,3,0,1,0,0,0,3
matched_rca,qwen3.6-27b,R - T,root_service,adservice,2,2,16,0.088541667,0.60490715,0.21379885,4,3,9
matched_rca,qwen3.6-27b,R - T,root_service,adservice-0,0,0,1,0,1,0,0,0,1
matched_rca,qwen3.6-27b,R - T,root_service,adservice-1,1,0,3,0.33333333,1,0.57735027,1,0,2
matched_rca,qwen3.6-27b,R - T,root_service,adservice2-0,0,0,1,-0.2,1,-inf,0,1,0
matched_rca,qwen3.6-27b,R - T,root_service,cartservice,1,4,12,-0.15277778,0.44140625,-0.28360656,4,5,3
matched_rca,qwen3.6-27b,R - T,root_service,cartservice-0,1,0,2,0.25,1,0.70710678,1,0,1
matched_rca,qwen3.6-27b,R - T,root_service,cartservice2-0,0,0,1,0,1,0,0,0,1
matched_rca,qwen3.6-27b,R - T,root_service,checkoutservice,5,0,21,0.13888889,0.11345527,0.41371228,6,2,13
matched_rca,qwen3.6-27b,R - T,root_service,checkoutservice-0,0,0,2,0,1,0,0,0,2
matched_rca,qwen3.6-27b,R - T,root_service,checkoutservice-1,0,0,2,0,1,0,0,0,2
matched_rca,qwen3.6-27b,R - T,root_service,currencyservice,0,0,6,-0.088888889,0.5,-0.6172134,0,2,4
matched_rca,qwen3.6-27b,R - T,root_service,currencyservice-0,0,0,1,0,1,0,0,0,1
matched_rca,qwen3.6-27b,R - T,root_service,currencyservice-1,0,0,2,-0.25,1,-0.70710678,0,1,1
matched_rca,qwen3.6-27b,R - T,root_service,currencyservice-2,0,0,2,-0.41666667,0.5,-3.5355339,0,2,0
matched_rca,qwen3.6-27b,R - T,root_service,emailservice,1,1,6,-0.027777778,1,-0.047781848,1,2,3
matched_rca,qwen3.6-27b,R - T,root_service,emailservice-1,0,1,2,-0.45833333,0.5,-1.1111678,0,2,0
matched_rca,qwen3.6-27b,R - T,root_service,frontend,0,1,6,-0.088888889,1,-0.19211684,2,1,3
matched_rca,qwen3.6-27b,R - T,root_service,frontend-0,0,0,1,0,1,0,0,0,1
matched_rca,qwen3.6-27b,R - T,root_service,frontend-1,0,0,1,0.2,1,inf,1,0,0
matched_rca,qwen3.6-27b,R - T,root_service,frontend-2,1,0,1,0.8,1,inf,1,0,0
matched_rca,qwen3.6-27b,R - T,root_service,frontend2-0,1,0,1,1,1,inf,1,0,0
matched_rca,qwen3.6-27b,R - T,root_service,mysql,0,1,3,-0.16666667,1,-0.57735027,0,1,2
matched_rca,qwen3.6-27b,R - T,root_service,node-1,0,1,6,-0.16666667,1,-0.40824829,0,1,5
matched_rca,qwen3.6-27b,R - T,root_service,node-2,0,1,3,-0.44444444,0.5,-0.87287156,0,2,1
matched_rca,qwen3.6-27b,R - T,root_service,node-3,1,0,7,0.10714286,1,0.37796447,1,0,6
matched_rca,qwen3.6-27b,R - T,root_service,node-4,1,0,5,0.2,1,0.4472136,1,0,4
matched_rca,qwen3.6-27b,R - T,root_service,node-5,0,0,12,-0.069444444,0.25,-0.52545639,0,3,9
matched_rca,qwen3.6-27b,R - T,root_service,node-6,2,1,12,0.076388889,0.6875,0.1545607,3,2,7
matched_rca,qwen3.6-27b,R - T,root_service,node-7,0,0,2,0.25,1,0.70710678,1,0,1
matched_rca,qwen3.6-27b,R - T,root_service,node-8,1,1,4,0.041666667,1,0.087038828,1,1,2
matched_rca,qwen3.6-27b,R - T,root_service,paymentservice,0,0,2,0,1,0,0,0,2
matched_rca,qwen3.6-27b,R - T,root_service,productcatalogservice,0,1,8,-0.020833333,1,-0.07612294,1,2,5
matched_rca,qwen3.6-27b,R - T,root_service,productcatalogservice-0,0,0,3,0,1,0,0,0,3
matched_rca,qwen3.6-27b,R - T,root_service,productcatalogservice-1,0,0,3,0.083333333,1,0.57735027,1,0,2
matched_rca,qwen3.6-27b,R - T,root_service,productcatalogservice-2,0,0,2,0,1,0,0,0,2
matched_rca,qwen3.6-27b,R - T,root_service,productcatalogservice2-0,0,0,1,0,1,0,0,0,1
matched_rca,qwen3.6-27b,R - T,root_service,recommendationservice,1,0,5,0.066666667,1,0.11899282,1,2,2
matched_rca,qwen3.6-27b,R - T,root_service,recommendationservice-2,0,0,1,-0.33333333,1,-inf,0,1,0
matched_rca,qwen3.6-27b,R - T,root_service,recommendationservice2-0,0,0,1,0,1,0,0,0,1
matched_rca,qwen3.6-27b,R - T,root_service,shippingservice,0,0,10,0.05,1,0.31622777,1,0,9
matched_rca,qwen3.6-27b,R - T,root_service,shippingservice-0,0,0,1,0,1,0,0,0,1
matched_rca,qwen3.6-27b,R - T,root_service,shippingservice-1,0,0,2,0,1,0,0,0,2
matched_rca,qwen3.6-27b,R - T,root_service,shippingservice2-0,0,0,1,0.25,1,inf,1,0,0
matched_rca,qwen3.6-27b,R - T,root_service,tidb-tidb,0,0,2,0,1,0,0,0,2
matched_rca,qwen3.6-27b,R - T,root_service,tidb-tikv,1,0,10,0.043333333,0.75,0.24182123,2,1,7
matched_rca,qwen3.6-27b,R - T,root_service,ts-assurance-service,0,0,2,0,1,0,0,0,2
matched_rca,qwen3.6-27b,R - T,root_service,ts-auth-service,0,0,1,0.16666667,1,inf,1,0,0
matched_rca,qwen3.6-27b,R - T,root_service,ts-basic-service,0,2,6,-0.26944444,0.25,-0.84255498,1,3,2
matched_rca,qwen3.6-27b,R - T,root_service,ts-config-service,1,0,3,0.44444444,0.5,0.87287156,2,0,1
matched_rca,qwen3.6-27b,R - T,root_service,ts-contacts-service,0,0,2,0,1,0,0,0,2
matched_rca,qwen3.6-27b,R - T,root_service,ts-food-service,2,0,3,0.41666667,0.5,1.0910895,2,0,1
matched_rca,qwen3.6-27b,R - T,root_service,ts-order-other-service,0,0,1,0,1,0,0,0,1
matched_rca,qwen3.6-27b,R - T,root_service,ts-order-service,0,0,2,0.025,1,0.07856742,1,1,0
matched_rca,qwen3.6-27b,R - T,root_service,ts-preserve-service,1,0,2,0.375,1,0.70710678,1,0,1
matched_rca,qwen3.6-27b,R - T,root_service,ts-price-service,0,0,1,-0.5,1,-inf,0,1,0
matched_rca,qwen3.6-27b,R - T,root_service,ts-route-plan-service,0,0,4,0.0125,1,0.066055157,2,1,1
matched_rca,qwen3.6-27b,R - T,root_service,ts-route-service,0,0,3,-0.083333333,1,-0.21821789,1,1,1
matched_rca,qwen3.6-27b,R - T,root_service,ts-seat-service,0,0,2,-0.083333333,1,-0.70710678,0,1,1
matched_rca,qwen3.6-27b,R - T,root_service,ts-station-food-service,0,0,1,-0.5,1,-inf,0,1,0
matched_rca,qwen3.6-27b,R - T,root_service,ts-station-service,0,0,1,0,1,0,0,0,1
matched_rca,qwen3.6-27b,R - T,root_service,ts-travel-service,0,1,2,-0.33333333,1,-0.70710678,0,1,1
matched_rca,qwen3.6-27b,R - T,root_service,ts-travel2-service,0,1,2,-0.25,1,-0.70710678,0,1,1
matched_rca,qwen3.6-27b,V - T,dataset,aegislab,4,4,41,0.014634146,0.55106709,0.042800609,14,11,16
matched_rca,qwen3.6-27b,V - T,dataset,aiops2022,8,9,100,-0.0068333333,0.52522176,-0.018052037,19,24,57
matched_rca,qwen3.6-27b,V - T,dataset,aiops2025,6,7,93,0.008781362,0.61812666,0.026951793,19,16,58
matched_rca,qwen3.6-27b,V - T,fault_type,ContainerKill,0,0,1,0.5,1,inf,1,0,0
matched_rca,qwen3.6-27b,V - T,fault_type,HTTPRequestAbort,0,0,4,-0.029166667,1,-0.24210006,1,1,2
matched_rca,qwen3.6-27b,V - T,fault_type,HTTPRequestDelay,0,1,2,-0.25,1,-0.23570226,1,1,0
matched_rca,qwen3.6-27b,V - T,fault_type,HTTPRequestReplaceMethod,0,0,6,0.11944444,0.25,0.55264628,4,1,1
matched_rca,qwen3.6-27b,V - T,fault_type,HTTPResponseDelay,0,0,4,0.020833333,1,0.087038828,1,1,2
matched_rca,qwen3.6-27b,V - T,fault_type,HTTPResponseReplaceBody,0,0,2,0.16666667,1,0.70710678,1,0,1
matched_rca,qwen3.6-27b,V - T,fault_type,HTTPResponseReplaceCode,2,2,10,-0.053333333,0.5625,-0.13868547,2,5,3
matched_rca,qwen3.6-27b,V - T,fault_type,JVMException,0,0,1,0.083333333,1,inf,1,0,0
matched_rca,qwen3.6-27b,V - T,fault_type,JVMMemoryStress,2,1,7,0.0047619048,1,0.01079458,2,2,3
matched_rca,qwen3.6-27b,V - T,fault_type,NetworkCorrupt,0,0,1,0,1,0,0,0,1
matched_rca,qwen3.6-27b,V - T,fault_type,NetworkDelay,0,0,1,0,1,0,0,0,1
matched_rca,qwen3.6-27b,V - T,fault_type,NetworkLoss,0,0,1,0,1,0,0,0,1
matched_rca,qwen3.6-27b,V - T,fault_type,NetworkPartition,0,0,1,0,1,0,0,0,1
matched_rca,qwen3.6-27b,V - T,fault_type,code error,0,0,1,0,1,0,0,0,1
matched_rca,qwen3.6-27b,V - T,fault_type,cpu stress,0,1,8,-0.0625,1,-0.19504737,1,2,5
matched_rca,qwen3.6-27b,V - T,fault_type,dns error,0,0,5,0.04,1,0.2300895,1,1,3
matched_rca,qwen3.6-27b,V - T,fault_type,io fault,1,0,5,0.02,1,0.06984303,1,2,2
matched_rca,qwen3.6-27b,V - T,fault_type,jvm cpu,0,2,3,-0.38888889,0.5,-0.57735027,1,2,0
matched_rca,qwen3.6-27b,V - T,fault_type,jvm exception,0,0,3,-0.066666667,1,-0.41478068,1,1,1
matched_rca,qwen3.6-27b,V - T,fault_type,jvm gc,0,0,2,0,1,0,0,0,2
matched_rca,qwen3.6-27b,V - T,fault_type,jvm latency,1,0,5,0.2,1,0.4472136,1,0,4
matched_rca,qwen3.6-27b,V - T,fault_type,k8s容器cpu负载,1,2,9,-0.092592593,0.375,-0.18955004,1,4,4
matched_rca,qwen3.6-27b,V - T,fault_type,k8s容器内存负载,0,0,8,0.020833333,1,0.092169114,1,1,6
matched_rca,qwen3.6-27b,V - T,fault_type,k8s容器写io负载,0,0,4,0,1,0,0,0,4
matched_rca,qwen3.6-27b,V - T,fault_type,k8s容器网络丢包,1,1,9,-0.077777778,0.6875,-0.15335618,2,3,4
matched_rca,qwen3.6-27b,V - T,fault_type,k8s容器网络延迟,1,0,10,0.16666667,0.3203125,0.37017295,6,2,2
matched_rca,qwen3.6-27b,V - T,fault_type,k8s容器网络资源包损坏,1,1,10,0.005,0.53125,0.01264212,2,4,4
matched_rca,qwen3.6-27b,V - T,fault_type,k8s容器网络资源包重复发送,0,1,7,-0.14285714,1,-0.37796447,0,1,6
matched_rca,qwen3.6-27b,V - T,fault_type,k8s容器读io负载,2,0,9,0.2,0.25,0.52075564,3,1,5
matched_rca,qwen3.6-27b,V - T,fault_type,k8s容器进程中止,1,2,5,-0.033333333,1,-0.051298918,1,2,2
matched_rca,qwen3.6-27b,V - T,fault_type,memory stress,0,0,6,-0.013888889,1,-0.0747853,1,1,4
matched_rca,qwen3.6-27b,V - T,fault_type,network corrupt,0,1,6,0.0083333333,1,0.029386355,2,1,3
matched_rca,qwen3.6-27b,V - T,fault_type,network delay,1,1,7,-0.035714286,0.625,-0.070186241,1,3,3
matched_rca,qwen3.6-27b,V - T,fault_type,network loss,2,0,5,0.2,0.5,0.73029674,2,0,3
matched_rca,qwen3.6-27b,V - T,fault_type,node cpu stress,0,0,6,0,1,0,1,1,4
matched_rca,qwen3.6-27b,V - T,fault_type,node disk fill,1,0,4,0.16666667,1,0.5,1,0,3
matched_rca,qwen3.6-27b,V - T,fault_type,node memory stress,0,1,12,-0.041666667,1,-0.12464639,1,1,10
matched_rca,qwen3.6-27b,V - T,fault_type,node 内存消耗,1,0,5,0.1,1,0.4472136,1,0,4
matched_rca,qwen3.6-27b,V - T,fault_type,node 磁盘写IO消耗,0,1,6,-0.083333333,1,-0.40824829,0,1,5
matched_rca,qwen3.6-27b,V - T,fault_type,node 磁盘空间消耗,0,0,5,-0.11666667,0.5,-0.71818485,0,2,3
matched_rca,qwen3.6-27b,V - T,fault_type,node 磁盘读IO消耗,0,1,5,-0.2,1,-0.4472136,0,1,4
matched_rca,qwen3.6-27b,V - T,fault_type,node节点CPU故障,0,0,5,0.05,0.75,0.2300895,2,1,2
matched_rca,qwen3.6-27b,V - T,fault_type,node节点CPU爬升,0,0,3,-0.11111111,1,-0.57735027,0,1,2
matched_rca,qwen3.6-27b,V - T,fault_type,pod failure,0,0,10,0.11666667,0.25,0.60370755,3,0,7
matched_rca,qwen3.6-27b,V - T,fault_type,pod kill,0,1,2,-0.5,1,-0.70710678,0,1,1
matched_rca,qwen3.6-27b,V - T,fault_type,target port misconfig,0,0,3,0.11111111,1,0.57735027,1,0,2
matched_rca,qwen3.6-27b,V - T,root_service,adservice,1,3,16,-0.064583333,0.86730223,-0.13426751,4,4,8
matched_rca,qwen3.6-27b,V - T,root_service,adservice-0,0,0,1,0.5,1,inf,1,0,0
matched_rca,qwen3.6-27b,V - T,root_service,adservice-1,1,0,3,0.33333333,1,0.57735027,1,0,2
matched_rca,qwen3.6-27b,V - T,root_service,adservice2-0,0,0,1,-0.2,1,-inf,0,1,0
matched_rca,qwen3.6-27b,V - T,root_service,cartservice,2,2,12,-0.025,1,-0.049707139,3,3,6
matched_rca,qwen3.6-27b,V - T,root_service,cartservice-0,0,0,2,-0.25,1,-0.70710678,0,1,1
matched_rca,qwen3.6-27b,V - T,root_service,cartservice2-0,0,0,1,0.33333333,1,inf,1,0,0
matched_rca,qwen3.6-27b,V - T,root_service,checkoutservice,1,2,21,-0.0079365079,0.96984729,-0.026551,5,5,11
matched_rca,qwen3.6-27b,V - T,root_service,checkoutservice-0,0,1,2,-0.375,1,-0.70710678,0,1,1
matched_rca,qwen3.6-27b,V - T,root_service,checkoutservice-1,0,1,2,-0.25,1,-0.70710678,0,1,1
matched_rca,qwen3.6-27b,V - T,root_service,currencyservice,0,0,6,-0.033333333,1,-0.14744196,1,2,3
matched_rca,qwen3.6-27b,V - T,root_service,currencyservice-0,0,0,1,0,1,0,0,0,1
matched_rca,qwen3.6-27b,V - T,root_service,currencyservice-1,0,0,2,0,1,0,0,0,2
matched_rca,qwen3.6-27b,V - T,root_service,currencyservice-2,0,0,2,-0.16666667,1,-0.70710678,0,1,1
matched_rca,qwen3.6-27b,V - T,root_service,emailservice,0,1,6,-0.19444444,0.5,-0.40824829,1,2,3
matched_rca,qwen3.6-27b,V - T,root_service,emailservice-1,0,0,2,-0.125,1,-0.70710678,0,1,1
matched_rca,qwen3.6-27b,V - T,root_service,frontend,0,2,6,-0.088888889,0.75,-0.26318068,2,2,2
matched_rca,qwen3.6-27b,V - T,root_service,frontend-0,0,0,1,0,1,0,0,0,1
matched_rca,qwen3.6-27b,V - T,root_service,frontend-1,0,0,1,0,1,0,0,0,1
matched_rca,qwen3.6-27b,V - T,root_service,frontend-2,1,0,1,0.8,1,inf,1,0,0
matched_rca,qwen3.6-27b,V - T,root_service,frontend2-0,1,0,1,1,1,inf,1,0,0
matched_rca,qwen3.6-27b,V - T,root_service,mysql,0,0,3,0,1,0,0,0,3
matched_rca,qwen3.6-27b,V - T,root_service,node-1,0,1,6,-0.16666667,1,-0.40824829,0,1,5
matched_rca,qwen3.6-27b,V - T,root_service,node-2,0,0,3,-0.11111111,1,-0.57735027,0,1,2
matched_rca,qwen3.6-27b,V - T,root_service,node-3,0,0,7,-0.035714286,1,-0.37796447,0,1,6
matched_rca,qwen3.6-27b,V - T,root_service,node-4,0,0,5,0.066666667,1,0.4472136,1,0,4
matched_rca,qwen3.6-27b,V - T,root_service,node-5,1,1,12,-0.055555556,0.625,-0.22259728,1,3,8
matched_rca,qwen3.6-27b,V - T,root_service,node-6,0,0,12,0.034722222,0.75,0.20175371,2,1,9
matched_rca,qwen3.6-27b,V - T,root_service,node-7,0,0,2,0.16666667,1,0.70710678,1,0,1
matched_rca,qwen3.6-27b,V - T,root_service,node-8,1,1,4,-0.083333333,1,-0.12126781,1,1,2
matched_rca,qwen3.6-27b,V - T,root_service,paymentservice,0,0,2,0,1,0,0,0,2
matched_rca,qwen3.6-27b,V - T,root_service,productcatalogservice,0,1,8,-0.083333333,0.5,-0.37416574,1,3,4
matched_rca,qwen3.6-27b,V - T,root_service,productcatalogservice-0,0,0,3,-0.11111111,1,-0.57735027,0,1,2
matched_rca,qwen3.6-27b,V - T,root_service,productcatalogservice-1,0,0,3,0,1,0,0,0,3
matched_rca,qwen3.6-27b,V - T,root_service,productcatalogservice-2,1,0,2,0.5,1,0.70710678,1,0,1
matched_rca,qwen3.6-27b,V - T,root_service,productcatalogservice2-0,0,0,1,-0.33333333,1,-inf,0,1,0
matched_rca,qwen3.6-27b,V - T,root_service,recommendationservice,1,0,5,0.3,0.5,0.52623481,3,1,1
matched_rca,qwen3.6-27b,V - T,root_service,recommendationservice-2,0,0,1,0,1,0,0,0,1
matched_rca,qwen3.6-27b,V - T,root_service,recommendationservice2-0,0,0,1,0,1,0,0,0,1
matched_rca,qwen3.6-27b,V - T,root_service,shippingservice,1,0,10,0.16666667,0.125,0.75,4,0,6
matched_rca,qwen3.6-27b,V - T,root_service,shippingservice-0,0,0,1,0,1,0,0,0,1
matched_rca,qwen3.6-27b,V - T,root_service,shippingservice-1,0,0,2,0,1,0,0,0,2
matched_rca,qwen3.6-27b,V - T,root_service,shippingservice2-0,1,0,1,1,1,inf,1,0,0
matched_rca,qwen3.6-27b,V - T,root_service,tidb-tidb,0,0,2,0,1,0,0,0,2
matched_rca,qwen3.6-27b,V - T,root_service,tidb-tikv,1,0,10,0.01,1,0.052302603,1,2,7
matched_rca,qwen3.6-27b,V - T,root_service,ts-assurance-service,1,1,2,0,1,0,1,1,0
matched_rca,qwen3.6-27b,V - T,root_service,ts-auth-service,0,0,1,0.16666667,1,inf,1,0,0
matched_rca,qwen3.6-27b,V - T,root_service,ts-basic-service,1,1,6,0.13333333,0.5,0.33567254,3,1,2
matched_rca,qwen3.6-27b,V - T,root_service,ts-config-service,0,1,3,-0.055555556,1,-0.067573738,2,1,0
matched_rca,qwen3.6-27b,V - T,root_service,ts-contacts-service,0,0,2,-0.125,1,-0.70710678,0,1,1
matched_rca,qwen3.6-27b,V - T,root_service,ts-food-service,0,0,3,-0.083333333,1,-0.57735027,0,1,2
matched_rca,qwen3.6-27b,V - T,root_service,ts-order-other-service,1,0,1,0.5,1,inf,1,0,0
matched_rca,qwen3.6-27b,V - T,root_service,ts-order-service,0,0,2,-0.058333333,1,-0.29116162,1,1,0
matched_rca,qwen3.6-27b,V - T,root_service,ts-preserve-service,0,0,2,0.041666667,1,0.70710678,1,0,1
matched_rca,qwen3.6-27b,V - T,root_service,ts-price-service,0,0,1,0,1,0,0,0,1
matched_rca,qwen3.6-27b,V - T,root_service,ts-route-plan-service,0,0,4,-0.070833333,0.5,-0.36956522,1,2,1
matched_rca,qwen3.6-27b,V - T,root_service,ts-route-service,0,0,3,0.16666667,1,0.57735027,1,0,2
matched_rca,qwen3.6-27b,V - T,root_service,ts-seat-service,0,0,2,0.041666667,1,0.10101525,1,1,0
matched_rca,qwen3.6-27b,V - T,root_service,ts-station-food-service,0,0,1,-0.16666667,1,-inf,0,1,0
matched_rca,qwen3.6-27b,V - T,root_service,ts-station-service,1,0,1,0.5,1,inf,1,0,0
matched_rca,qwen3.6-27b,V - T,root_service,ts-travel-service,0,1,2,-0.4,1,-0.70710678,0,1,1
matched_rca,qwen3.6-27b,V - T,root_service,ts-travel2-service,0,0,2,0,1,0,0,0,2
matched_rca,qwen3.6-27b,H - T,dataset,aegislab,4,4,41,-0.012601626,0.88121017,-0.036911847,11,12,18
matched_rca,qwen3.6-27b,H - T,dataset,aiops2022,6,8,100,0.0013333333,0.7943765,0.0037764378,19,17,64
matched_rca,qwen3.6-27b,H - T,dataset,aiops2025,3,7,93,-0.00609319,0.72124716,-0.022040081,18,15,60
matched_rca,qwen3.6-27b,H - T,fault_type,ContainerKill,0,0,1,0.5,1,inf,1,0,0
matched_rca,qwen3.6-27b,H - T,fault_type,HTTPRequestAbort,0,0,4,-0.15416667,0.5,-0.59430562,1,2,1
matched_rca,qwen3.6-27b,H - T,fault_type,HTTPRequestDelay,0,0,2,0.25,1,0.70710678,1,0,1
matched_rca,qwen3.6-27b,H - T,fault_type,HTTPRequestReplaceMethod,1,1,6,0.036111111,0.8125,0.080292819,3,2,1
matched_rca,qwen3.6-27b,H - T,fault_type,HTTPResponseDelay,0,1,4,-0.125,0.75,-0.3,1,2,1
matched_rca,qwen3.6-27b,H - T,fault_type,HTTPResponseReplaceBody,1,0,2,0.25,1,0.70710678,1,0,1
matched_rca,qwen3.6-27b,H - T,fault_type,HTTPResponseReplaceCode,0,0,10,-0.086666667,0.125,-0.71683426,0,4,6
matched_rca,qwen3.6-27b,H - T,fault_type,JVMException,0,0,1,0.25,1,inf,1,0,0
matched_rca,qwen3.6-27b,H - T,fault_type,JVMMemoryStress,2,2,7,-0.071428571,1,-0.13363062,2,2,3
matched_rca,qwen3.6-27b,H - T,fault_type,NetworkCorrupt,0,0,1,0,1,0,0,0,1
matched_rca,qwen3.6-27b,H - T,fault_type,NetworkDelay,0,0,1,0,1,0,0,0,1
matched_rca,qwen3.6-27b,H - T,fault_type,NetworkLoss,0,0,1,0,1,0,0,0,1
matched_rca,qwen3.6-27b,H - T,fault_type,NetworkPartition,0,0,1,0,1,0,0,0,1
matched_rca,qwen3.6-27b,H - T,fault_type,code error,0,0,1,0.2,1,inf,1,0,0
matched_rca,qwen3.6-27b,H - T,fault_type,cpu stress,0,1,8,-0.12083333,0.75,-0.28209903,2,2,4
matched_rca,qwen3.6-27b,H - T,fault_type,dns error,0,0,5,0.11666667,0.5,0.58131836,2,1,2
matched_rca,qwen3.6-27b,H - T,fault_type,io fault,0,0,5,0.026666667,1,0.4472136,1,0,4
matched_rca,qwen3.6-27b,H - T,fault_type,jvm cpu,0,1,3,-0.13888889,1,-0.29310519,1,1,1
matched_rca,qwen3.6-27b,H - T,fault_type,jvm exception,1,0,3,0.18333333,1,0.33425542,1,1,1
matched_rca,qwen3.6-27b,H - T,fault_type,jvm gc,0,0,2,0,1,0,0,0,2
matched_rca,qwen3.6-27b,H - T,fault_type,jvm latency,1,0,5,0.24,0.5,0.55351872,2,0,3
matched_rca,qwen3.6-27b,H - T,fault_type,k8s容器cpu负载,1,0,9,0.046296296,0.75,0.15246312,2,1,6
matched_rca,qwen3.6-27b,H - T,fault_type,k8s容器内存负载,0,0,8,0.10416667,0.5,0.52621168,2,0,6
matched_rca,qwen3.6-27b,H - T,fault_type,k8s容器写io负载,0,1,4,-0.25,1,-0.5,0,1,3
matched_rca,qwen3.6-27b,H - T,fault_type,k8s容器网络丢包,1,0,9,0.088888889,0.75,0.2826661,2,1,6
matched_rca,qwen3.6-27b,H - T,fault_type,k8s容器网络延迟,0,0,10,0.055,0.625,0.20917101,3,1,6
matched_rca,qwen3.6-27b,H - T,fault_type,k8s容器网络资源包损坏,0,2,10,-0.23666667,0.203125,-0.51555567,2,5,3
matched_rca,qwen3.6-27b,H - T,fault_type,k8s容器网络资源包重复发送,0,1,7,-0.11428571,1,-0.37796447,0,1,6
matched_rca,qwen3.6-27b,H - T,fault_type,k8s容器读io负载,0,1,9,-0.022222222,1,-0.054387801,2,1,6
matched_rca,qwen3.6-27b,H - T,fault_type,k8s容器进程中止,0,1,5,-0.06,1,-0.2300895,1,1,3
matched_rca,qwen3.6-27b,H - T,fault_type,memory stress,0,0,6,-0.055555556,1,-0.40824829,0,1,5
matched_rca,qwen3.6-27b,H - T,fault_type,network corrupt,0,3,6,-0.31111111,0.125,-1.0624828,1,4,1
matched_rca,qwen3.6-27b,H - T,fault_type,network delay,0,0,7,-0.023809524,1,-0.37796447,0,1,6
matched_rca,qwen3.6-27b,H - T,fault_type,network loss,1,1,5,-1.110223e-17,1,-2.979041e-17,2,2,1
matched_rca,qwen3.6-27b,H - T,fault_type,node cpu stress,0,0,6,0.125,0.5,0.5976143,2,0,4
matched_rca,qwen3.6-27b,H - T,fault_type,node disk fill,0,0,4,-0.083333333,1,-0.5,0,1,3
matched_rca,qwen3.6-27b,H - T,fault_type,node memory stress,0,0,12,0.016666667,1,0.28867513,1,0,11
matched_rca,qwen3.6-27b,H - T,fault_type,node 内存消耗,0,0,5,0,1,0,0,0,5
matched_rca,qwen3.6-27b,H - T,fault_type,node 磁盘写IO消耗,1,1,6,0.083333333,1,0.16951588,1,1,4
matched_rca,qwen3.6-27b,H - T,fault_type,node 磁盘空间消耗,0,0,5,-0.076666667,0.5,-0.52835185,0,2,3
matched_rca,qwen3.6-27b,H - T,fault_type,node 磁盘读IO消耗,0,1,5,-0.1,1,-0.4472136,0,1,4
matched_rca,qwen3.6-27b,H - T,fault_type,node节点CPU故障,3,0,5,0.58333333,0.125,1.5652476,4,0,1
matched_rca,qwen3.6-27b,H - T,fault_type,node节点CPU爬升,0,0,3,-0.11111111,1,-0.57735027,0,1,2
matched_rca,qwen3.6-27b,H - T,fault_type,pod failure,0,0,10,0.07,0.5,0.42777044,2,0,8
matched_rca,qwen3.6-27b,H - T,fault_type,pod kill,0,1,2,-0.4,1,-0.70710678,0,1,1
matched_rca,qwen3.6-27b,H - T,fault_type,target port misconfig,0,0,3,0,1,0,0,0,3
matched_rca,qwen3.6-27b,H - T,root_service,adservice,2,1,16,0.083333333,0.40077883,0.22071237,4,2,10
matched_rca,qwen3.6-27b,H - T,root_service,adservice-0,0,0,1,0,1,0,0,0,1
matched_rca,qwen3.6-27b,H - T,root_service,adservice-1,0,0,3,0.11111111,1,0.57735027,1,0,2
matched_rca,qwen3.6-27b,H - T,root_service,adservice2-0,0,0,1,0.3,1,inf,1,0,0
matched_rca,qwen3.6-27b,H - T,root_service,cartservice,1,3,12,-0.15,0.375,-0.36380344,1,3,8
matched_rca,qwen3.6-27b,H - T,root_service,cartservice-0,0,0,2,0,1,0,0,0,2
matched_rca,qwen3.6-27b,H - T,root_service,cartservice2-0,0,0,1,0.25,1,inf,1,0,0
matched_rca,qwen3.6-27b,H - T,root_service,checkoutservice,0,2,21,-0.045238095,0.73920563,-0.14203052,5,6,10
matched_rca,qwen3.6-27b,H - T,root_service,checkoutservice-0,0,0,2,0,1,0,0,0,2
matched_rca,qwen3.6-27b,H - T,root_service,checkoutservice-1,0,1,2,-0.25,1,-0.70710678,0,1,1
matched_rca,qwen3.6-27b,H - T,root_service,currencyservice,0,0,6,-0.0055555556,1,-0.019619161,1,2,3
matched_rca,qwen3.6-27b,H - T,root_service,currencyservice-0,0,0,1,0,1,0,0,0,1
matched_rca,qwen3.6-27b,H - T,root_service,currencyservice-1,0,0,2,0,1,0,0,0,2
matched_rca,qwen3.6-27b,H - T,root_service,currencyservice-2,1,0,2,0.33333333,1,0.70710678,1,0,1
matched_rca,qwen3.6-27b,H - T,root_service,emailservice,0,1,6,-0.16111111,0.5,-0.39182035,1,2,3
matched_rca,qwen3.6-27b,H - T,root_service,emailservice-1,0,1,2,-0.75,0.5,-2.1213203,0,2,0
matched_rca,qwen3.6-27b,H - T,root_service,frontend,0,2,6,-0.055555556,0.875,-0.15537244,3,2,1
matched_rca,qwen3.6-27b,H - T,root_service,frontend-0,0,1,1,-1,1,-inf,0,1,0
matched_rca,qwen3.6-27b,H - T,root_service,frontend-1,0,0,1,0.33333333,1,inf,1,0,0
matched_rca,qwen3.6-27b,H - T,root_service,frontend-2,1,0,1,0.8,1,inf,1,0,0
matched_rca,qwen3.6-27b,H - T,root_service,frontend2-0,0,0,1,0,1,0,0,0,1
matched_rca,qwen3.6-27b,H - T,root_service,mysql,0,0,3,0,1,0,0,0,3
matched_rca,qwen3.6-27b,H - T,root_service,node-1,0,1,6,-0.083333333,1,-0.40824829,0,1,5
matched_rca,qwen3.6-27b,H - T,root_service,node-2,0,0,3,-0.11111111,1,-0.57735027,0,1,2
matched_rca,qwen3.6-27b,H - T,root_service,node-3,0,0,7,-0.0071428571,1,-0.37796447,0,1,6
matched_rca,qwen3.6-27b,H - T,root_service,node-4,1,0,5,0.3,0.5,0.67082039,2,0,3
matched_rca,qwen3.6-27b,H - T,root_service,node-5,0,1,12,-0.069444444,0.5,-0.41825397,0,2,10
matched_rca,qwen3.6-27b,H - T,root_service,node-6,3,0,12,0.21805556,0.125,0.59520493,4,0,8
matched_rca,qwen3.6-27b,H - T,root_service,node-7,0,0,2,0.25,1,0.70710678,1,0,1
matched_rca,qwen3.6-27b,H - T,root_service,node-8,0,0,4,-0.020833333,1,-0.087038828,1,1,2
matched_rca,qwen3.6-27b,H - T,root_service,paymentservice,0,0,2,0.1,1,0.70710678,1,0,1
matched_rca,qwen3.6-27b,H - T,root_service,productcatalogservice,0,0,8,-0.083333333,0.5,-0.46770717,0,2,6
matched_rca,qwen3.6-27b,H - T,root_service,productcatalogservice-0,0,0,3,-0.11111111,1,-0.57735027,0,1,2
matched_rca,qwen3.6-27b,H - T,root_service,productcatalogservice-1,0,0,3,0,1,0,0,0,3
matched_rca,qwen3.6-27b,H - T,root_service,productcatalogservice-2,0,1,2,-0.25,1,-0.23570226,1,1,0
matched_rca,qwen3.6-27b,H - T,root_service,productcatalogservice2-0,0,0,1,0,1,0,0,0,1
matched_rca,qwen3.6-27b,H - T,root_service,recommendationservice,0,0,5,-0.06,1,-0.2300895,1,1,3
matched_rca,qwen3.6-27b,H - T,root_service,recommendationservice-2,0,0,1,0,1,0,0,0,1
matched_rca,qwen3.6-27b,H - T,root_service,recommendationservice2-0,0,0,1,0,1,0,0,0,1
matched_rca,qwen3.6-27b,H - T,root_service,shippingservice,0,0,10,0.083333333,0.5,0.46291005,2,0,8
matched_rca,qwen3.6-27b,H - T,root_service,shippingservice-0,0,0,1,0,1,0,0,0,1
matched_rca,qwen3.6-27b,H - T,root_service,shippingservice-1,0,0,2,0,1,0,0,0,2
matched_rca,qwen3.6-27b,H - T,root_service,shippingservice2-0,0,0,1,0.25,1,inf,1,0,0
matched_rca,qwen3.6-27b,H - T,root_service,tidb-tidb,0,0,2,0.1,1,0.70710678,1,0,1
matched_rca,qwen3.6-27b,H - T,root_service,tidb-tikv,0,0,10,0.013333333,1,0.31622777,1,0,9
matched_rca,qwen3.6-27b,H - T,root_service,ts-assurance-service,0,0,2,0,1,0,0,0,2
matched_rca,qwen3.6-27b,H - T,root_service,ts-auth-service,0,0,1,0.16666667,1,inf,1,0,0
matched_rca,qwen3.6-27b,H - T,root_service,ts-basic-service,0,1,6,-0.2,0.25,-0.75,0,3,3
matched_rca,qwen3.6-27b,H - T,root_service,ts-config-service,0,0,3,0.27777778,0.5,1.0910895,2,0,1
matched_rca,qwen3.6-27b,H - T,root_service,ts-contacts-service,0,0,2,-0.083333333,1,-0.70710678,0,1,1
matched_rca,qwen3.6-27b,H - T,root_service,ts-food-service,1,0,3,0.25,0.5,1,2,0,1
matched_rca,qwen3.6-27b,H - T,root_service,ts-order-other-service,0,0,1,-0.16666667,1,-inf,0,1,0
matched_rca,qwen3.6-27b,H - T,root_service,ts-order-service,0,0,2,0.025,1,0.07856742,1,1,0
matched_rca,qwen3.6-27b,H - T,root_service,ts-preserve-service,0,0,2,0.041666667,1,0.70710678,1,0,1
matched_rca,qwen3.6-27b,H - T,root_service,ts-price-service,1,0,1,0.5,1,inf,1,0,0
matched_rca,qwen3.6-27b,H - T,root_service,ts-route-plan-service,1,0,4,0.11666667,1,0.30815782,1,1,2
matched_rca,qwen3.6-27b,H - T,root_service,ts-route-service,0,0,3,0,1,0,1,1,1
matched_rca,qwen3.6-27b,H - T,root_service,ts-seat-service,0,0,2,-0.083333333,1,-0.70710678,0,1,1
matched_rca,qwen3.6-27b,H - T,root_service,ts-station-food-service,0,0,1,0,1,0,0,0,1
matched_rca,qwen3.6-27b,H - T,root_service,ts-station-service,1,0,1,0.5,1,inf,1,0,0
matched_rca,qwen3.6-27b,H - T,root_service,ts-travel-service,0,1,2,-0.5,1,-0.70710678,0,1,1
matched_rca,qwen3.6-27b,H - T,root_service,ts-travel2-service,0,2,2,-0.58333333,0.5,-4.9497475,0,2,0
matched_rca,gemma-4-26b-a4b,R - T,dataset,aegislab,11,18,96,-0.064236111,0.23573828,-0.11971032,14,21,61
matched_rca,gemma-4-26b-a4b,R - T,dataset,aiops2022,6,8,100,-0.021666667,0.61047315,-0.067126287,8,10,82
matched_rca,gemma-4-26b-a4b,R - T,dataset,aiops2025,8,9,93,-0.0059139785,0.59336315,-0.015129284,11,14,68
matched_rca,gemma-4-26b-a4b,R - T,fault_type,ContainerKill,0,1,6,-0.16666667,1,-0.40824829,0,1,5
matched_rca,gemma-4-26b-a4b,R - T,fault_type,HTTPRequestAbort,1,0,6,0.16666667,1,0.40824829,1,0,5
matched_rca,gemma-4-26b-a4b,R - T,fault_type,HTTPRequestDelay,1,0,7,0.14285714,1,0.37796447,1,0,6
matched_rca,gemma-4-26b-a4b,R - T,fault_type,HTTPRequestReplaceMethod,2,0,15,0.2,0.046093563,0.54289671,4,0,11
matched_rca,gemma-4-26b-a4b,R - T,fault_type,HTTPRequestReplacePath,0,1,1,-1,1,-inf,0,1,0
matched_rca,gemma-4-26b-a4b,R - T,fault_type,HTTPResponseAbort,0,0,3,0,1,0,0,0,3
matched_rca,gemma-4-26b-a4b,R - T,fault_type,HTTPResponseDelay,1,1,7,0,1,0,1,2,4
matched_rca,gemma-4-26b-a4b,R - T,fault_type,HTTPResponseReplaceBody,0,1,2,-0.75,0.5,-2.1213203,0,2,0
matched_rca,gemma-4-26b-a4b,R - T,fault_type,HTTPResponseReplaceCode,3,3,13,-0.012820513,1,-0.020502309,3,3,7
matched_rca,gemma-4-26b-a4b,R - T,fault_type,JVMException,0,1,3,-0.33333333,1,-0.57735027,0,1,2
matched_rca,gemma-4-26b-a4b,R - T,fault_type,JVMLatency,0,0,1,0,1,0,0,0,1
matched_rca,gemma-4-26b-a4b,R - T,fault_type,JVMMemoryStress,1,5,14,-0.28571429,0.10247043,-0.46742635,1,5,8
matched_rca,gemma-4-26b-a4b,R - T,fault_type,JVMReturn,0,1,2,-0.33333333,1,-0.70710678,0,1,1
matched_rca,gemma-4-26b-a4b,R - T,fault_type,NetworkBandwidth,0,1,2,-0.25,1,-0.23570226,1,1,0
matched_rca,gemma-4-26b-a4b,R - T,fault_type,NetworkCorrupt,1,0,2,0.5,1,0.70710678,1,0,1
matched_rca,gemma-4-26b-a4b,R - T,fault_type,NetworkDelay,0,0,1,0,1,0,0,0,1
matched_rca,gemma-4-26b-a4b,R - T,fault_type,NetworkLoss,1,1,3,0,1,0,1,1,1
matched_rca,gemma-4-26b-a4b,R - T,fault_type,NetworkPartition,0,1,6,-0.22222222,0.5,-0.55048188,0,2,4
matched_rca,gemma-4-26b-a4b,R - T,fault_type,PodFailure,0,1,1,-1,1,-inf,0,1,0
matched_rca,gemma-4-26b-a4b,R - T,fault_type,PodKill,0,0,1,0,1,0,0,0,1
matched_rca,gemma-4-26b-a4b,R - T,fault_type,code error,0,0,1,0,1,0,0,0,1
matched_rca,gemma-4-26b-a4b,R - T,fault_type,cpu stress,2,0,8,0.28125,0.25,0.62233036,3,0,5
matched_rca,gemma-4-26b-a4b,R - T,fault_type,dns error,1,0,5,0.2,1,0.4472136,1,0,4
matched_rca,gemma-4-26b-a4b,R - T,fault_type,io fault,1,2,5,-0.2,0.75,-0.35082321,1,2,2
matched_rca,gemma-4-26b-a4b,R - T,fault_type,jvm cpu,1,0,3,0.16666667,1,0.21821789,1,1,1
matched_rca,gemma-4-26b-a4b,R - T,fault_type,jvm exception,0,0,3,-0.083333333,1,-0.57735027,0,1,2
matched_rca,gemma-4-26b-a4b,R - T,fault_type,jvm gc,0,0,2,0,1,0,0,0,2
matched_rca,gemma-4-26b-a4b,R - T,fault_type,jvm latency,0,1,5,-0.2,1,-0.4472136,0,1,4
matched_rca,gemma-4-26b-a4b,R - T,fault_type,k8s容器cpu负载,1,0,9,0.055555556,1,0.33333333,1,0,8
matched_rca,gemma-4-26b-a4b,R - T,fault_type,k8s容器内存负载,0,2,8,-0.1875,0.5,-0.50401613,0,2,6
matched_rca,gemma-4-26b-a4b,R - T,fault_type,k8s容器写io负载,0,1,4,-0.25,1,-0.5,0,1,3
matched_rca,gemma-4-26b-a4b,R - T,fault_type,k8s容器网络丢包,1,1,9,0.11111111,0.75,0.26666667,2,1,6
matched_rca,gemma-4-26b-a4b,R - T,fault_type,k8s容器网络延迟,2,0,10,0.1,0.5,0.47434165,2,0,8
matched_rca,gemma-4-26b-a4b,R - T,fault_type,k8s容器网络资源包损坏,1,0,10,0.13333333,0.5,0.41403934,2,0,8
matched_rca,gemma-4-26b-a4b,R - T,fault_type,k8s容器网络资源包重复发送,0,0,7,0,1,0,0,0,7
matched_rca,gemma-4-26b-a4b,R - T,fault_type,k8s容器读io负载,0,1,9,-0.11111111,1,-0.33333333,0,1,8
matched_rca,gemma-4-26b-a4b,R - T,fault_type,k8s容器进程中止,0,0,5,0,1,0,0,0,5
matched_rca,gemma-4-26b-a4b,R - T,fault_type,memory stress,0,1,6,-0.083333333,1,-0.40824829,0,1,5
matched_rca,gemma-4-26b-a4b,R - T,fault_type,network corrupt,1,2,6,-0.083333333,1,-0.12539247,1,2,3
matched_rca,gemma-4-26b-a4b,R - T,fault_type,network delay,1,1,7,0,1,0,1,2,4
matched_rca,gemma-4-26b-a4b,R - T,fault_type,network loss,1,1,5,0.033333333,1,0.046880723,2,1,2
matched_rca,gemma-4-26b-a4b,R - T,fault_type,node cpu stress,0,0,6,0,1,0,0,0,6
matched_rca,gemma-4-26b-a4b,R - T,fault_type,node disk fill,0,0,4,0,1,0,0,0,4
matched_rca,gemma-4-26b-a4b,R - T,fault_type,node memory stress,0,1,12,-0.066666667,1,-0.22259728,1,1,10
matched_rca,gemma-4-26b-a4b,R - T,fault_type,node 内存消耗,0,0,5,0,1,0,0,0,5
matched_rca,gemma-4-26b-a4b,R - T,fault_type,node 磁盘写IO消耗,0,1,6,-0.083333333,1,-0.40824829,0,1,5
matched_rca,gemma-4-26b-a4b,R - T,fault_type,node 磁盘空间消耗,0,1,5,-0.3,0.5,-0.67082039,0,2,3
matched_rca,gemma-4-26b-a4b,R - T,fault_type,node 磁盘读IO消耗,0,0,5,0,1,0,0,0,5
matched_rca,gemma-4-26b-a4b,R - T,fault_type,node节点CPU故障,1,1,5,-0.1,1,-0.13483997,1,2,2
matched_rca,gemma-4-26b-a4b,R - T,fault_type,node节点CPU爬升,0,0,3,0,1,0,0,0,3
matched_rca,gemma-4-26b-a4b,R - T,fault_type,pod failure,0,0,10,-0.033333333,1,-0.31622777,0,1,9
matched_rca,gemma-4-26b-a4b,R - T,fault_type,pod kill,0,0,2,-0.041666667,1,-0.70710678,0,1,1
matched_rca,gemma-4-26b-a4b,R - T,fault_type,target port misconfig,0,0,3,0,1,0,0,0,3
matched_rca,gemma-4-26b-a4b,R - T,root_service,adservice,1,2,16,-0.078125,0.21492811,-0.19272629,1,4,11
matched_rca,gemma-4-26b-a4b,R - T,root_service,adservice-0,0,0,1,0,1,0,0,0,1
matched_rca,gemma-4-26b-a4b,R - T,root_service,adservice-1,1,0,3,0.33333333,1,0.57735027,1,0,2
matched_rca,gemma-4-26b-a4b,R - T,root_service,adservice2-0,0,0,1,0,1,0,0,0,1
matched_rca,gemma-4-26b-a4b,R - T,root_service,cartservice,1,1,12,-0.048611111,0.625,-0.10799832,1,3,8
matched_rca,gemma-4-26b-a4b,R - T,root_service,cartservice-0,1,0,2,0.25,1,0.70710678,1,0,1
matched_rca,gemma-4-26b-a4b,R - T,root_service,cartservice2-0,0,0,1,0,1,0,0,0,1
matched_rca,gemma-4-26b-a4b,R - T,root_service,checkoutservice,2,1,21,0.055555556,0.33035479,0.14433757,3,1,17
matched_rca,gemma-4-26b-a4b,R - T,root_service,checkoutservice-0,0,0,2,0,1,0,0,0,2
matched_rca,gemma-4-26b-a4b,R - T,root_service,checkoutservice-1,0,0,2,0,1,0,0,0,2
matched_rca,gemma-4-26b-a4b,R - T,root_service,currencyservice,0,1,6,-0.083333333,1,-0.40824829,0,1,5
matched_rca,gemma-4-26b-a4b,R - T,root_service,currencyservice-0,0,0,1,0,1,0,0,0,1
matched_rca,gemma-4-26b-a4b,R - T,root_service,currencyservice-1,0,0,2,0,1,0,0,0,2
matched_rca,gemma-4-26b-a4b,R - T,root_service,currencyservice-2,0,1,2,-0.5,1,-0.70710678,0,1,1
matched_rca,gemma-4-26b-a4b,R - T,root_service,emailservice,0,0,6,0,1,0,0,0,6
matched_rca,gemma-4-26b-a4b,R - T,root_service,emailservice-1,0,0,2,0,1,0,0,0,2
matched_rca,gemma-4-26b-a4b,R - T,root_service,frontend,0,1,6,-0.083333333,1,-0.40824829,0,1,5
matched_rca,gemma-4-26b-a4b,R - T,root_service,frontend-0,0,0,1,0,1,0,0,0,1
matched_rca,gemma-4-26b-a4b,R - T,root_service,frontend-1,0,1,1,-1,1,-inf,0,1,0
matched_rca,gemma-4-26b-a4b,R - T,root_service,frontend-2,0,0,1,0.5,1,inf,1,0,0
matched_rca,gemma-4-26b-a4b,R - T,root_service,frontend2-0,0,0,1,0,1,0,0,0,1
matched_rca,gemma-4-26b-a4b,R - T,root_service,mysql,0,2,6,-0.30555556,0.375,-0.50912833,1,3,2
matched_rca,gemma-4-26b-a4b,R - T,root_service,node-1,0,0,6,0,1,0,0,0,6
matched_rca,gemma-4-26b-a4b,R - T,root_service,node-2,0,0,3,0,1,0,0,0,3
matched_rca,gemma-4-26b-a4b,R - T,root_service,node-3,0,0,7,-0.071428571,1,-0.37796447,0,1,6
matched_rca,gemma-4-26b-a4b,R - T,root_service,node-4,0,2,5,-0.5,0.25,-1,0,3,2
matched_rca,gemma-4-26b-a4b,R - T,root_service,node-5,0,1,12,-0.041666667,1,-0.28867513,0,1,11
matched_rca,gemma-4-26b-a4b,R - T,root_service,node-6,1,1,12,0.016666667,1,0.038733355,2,1,9
matched_rca,gemma-4-26b-a4b,R - T,root_service,node-7,0,0,2,0,1,0,0,0,2
matched_rca,gemma-4-26b-a4b,R - T,root_service,node-8,0,0,4,0,1,0,0,0,4
matched_rca,gemma-4-26b-a4b,R - T,root_service,paymentservice,0,0,2,0,1,0,0,0,2
matched_rca,gemma-4-26b-a4b,R - T,root_service,productcatalogservice,1,0,8,0.19791667,0.25,0.5645739,3,0,5
matched_rca,gemma-4-26b-a4b,R - T,root_service,productcatalogservice-0,0,0,3,0,1,0,0,0,3
matched_rca,gemma-4-26b-a4b,R - T,root_service,productcatalogservice-1,0,0,3,0,1,0,0,0,3
matched_rca,gemma-4-26b-a4b,R - T,root_service,productcatalogservice-2,1,1,2,-0.25,1,-0.23570226,1,1,0
matched_rca,gemma-4-26b-a4b,R - T,root_service,productcatalogservice2-0,0,1,1,-0.5,1,-inf,0,1,0
matched_rca,gemma-4-26b-a4b,R - T,root_service,recommendationservice,1,0,5,0.2,1,0.4472136,1,0,4
matched_rca,gemma-4-26b-a4b,R - T,root_service,recommendationservice-2,1,0,1,1,1,inf,1,0,0
matched_rca,gemma-4-26b-a4b,R - T,root_service,recommendationservice2-0,0,0,1,0,1,0,0,0,1
matched_rca,gemma-4-26b-a4b,R - T,root_service,shippingservice,1,1,10,0.016666667,1,0.042900942,1,2,7
matched_rca,gemma-4-26b-a4b,R - T,root_service,shippingservice-0,0,0,1,0,1,0,0,0,1
matched_rca,gemma-4-26b-a4b,R - T,root_service,shippingservice-1,0,0,2,0,1,0,0,0,2
matched_rca,gemma-4-26b-a4b,R - T,root_service,shippingservice2-0,1,0,1,0.5,1,inf,1,0,0
matched_rca,gemma-4-26b-a4b,R - T,root_service,tidb-tidb,0,0,2,0,1,0,0,0,2
matched_rca,gemma-4-26b-a4b,R - T,root_service,tidb-tikv,1,2,10,-0.1,0.75,-0.25354628,1,2,7
matched_rca,gemma-4-26b-a4b,R - T,root_service,ts-assurance-service,0,0,5,0,1,0,0,0,5
matched_rca,gemma-4-26b-a4b,R - T,root_service,ts-auth-service,1,1,4,0,1,0,1,1,2
matched_rca,gemma-4-26b-a4b,R - T,root_service,ts-basic-service,1,2,19,-0.052631579,0.6367154,-0.12026487,2,3,14
matched_rca,gemma-4-26b-a4b,R - T,root_service,ts-config-service,0,3,6,-0.41666667,0.25,-0.84757938,0,3,3
matched_rca,gemma-4-26b-a4b,R - T,root_service,ts-consign-service,0,0,2,0,1,0,0,0,2
matched_rca,gemma-4-26b-a4b,R - T,root_service,ts-contacts-service,0,0,2,0,1,0,0,0,2
matched_rca,gemma-4-26b-a4b,R - T,root_service,ts-food-service,1,1,3,0,1,0,1,1,1
matched_rca,gemma-4-26b-a4b,R - T,root_service,ts-inside-payment-service,0,2,2,-0.83333333,0.5,-3.5355339,0,2,0
matched_rca,gemma-4-26b-a4b,R - T,root_service,ts-order-other-service,2,2,4,0.083333333,1,0.078086881,2,2,0
matched_rca,gemma-4-26b-a4b,R - T,root_service,ts-order-service,1,1,5,0,1,0,1,1,3
matched_rca,gemma-4-26b-a4b,R - T,root_service,ts-preserve-service,1,0,5,0.3,0.5,0.67082039,2,0,3
matched_rca,gemma-4-26b-a4b,R - T,root_service,ts-price-service,0,1,2,-0.5,1,-0.70710678,0,1,1
matched_rca,gemma-4-26b-a4b,R - T,root_service,ts-route-plan-service,1,0,6,0.16666667,1,0.40824829,1,0,5
matched_rca,gemma-4-26b-a4b,R - T,root_service,ts-route-service,0,0,4,0,1,0,0,0,4
matched_rca,gemma-4-26b-a4b,R - T,root_service,ts-seat-service,1,0,6,0.083333333,1,0.16951588,1,1,4
matched_rca,gemma-4-26b-a4b,R - T,root_service,ts-security-service,0,1,1,-1,1,-inf,0,1,0
matched_rca,gemma-4-26b-a4b,R - T,root_service,ts-station-food-service,0,1,1,-1,1,-inf,0,1,0
matched_rca,gemma-4-26b-a4b,R - T,root_service,ts-station-service,0,1,1,-1,1,-inf,0,1,0
matched_rca,gemma-4-26b-a4b,R - T,root_service,ts-train-service,0,0,2,0,1,0,0,0,2
matched_rca,gemma-4-26b-a4b,R - T,root_service,ts-travel-plan-service,1,0,3,0.16666667,1,0.57735027,1,0,2
matched_rca,gemma-4-26b-a4b,R - T,root_service,ts-travel-service,0,0,3,0,1,0,0,0,3
matched_rca,gemma-4-26b-a4b,R - T,root_service,ts-travel2-service,1,0,2,0.5,1,0.70710678,1,0,1
matched_rca,gemma-4-26b-a4b,R - T,root_service,ts-user-service,0,0,1,0,1,0,0,0,1
matched_rca,gemma-4-26b-a4b,R - T,root_service,ts-verification-code-service,0,0,1,0,1,0,0,0,1
matched_rca,gemma-4-26b-a4b,V - T,dataset,aegislab,10,14,96,-0.036979167,0.64456362,-0.074046546,15,17,64
matched_rca,gemma-4-26b-a4b,V - T,dataset,aiops2022,7,5,100,0.005,0.8049904,0.015934593,8,7,85
matched_rca,gemma-4-26b-a4b,V - T,dataset,aiops2025,6,10,93,-0.046594982,0.26818369,-0.11836622,8,13,72
matched_rca,gemma-4-26b-a4b,V - T,fault_type,ContainerKill,0,3,6,-0.5,0.25,-0.91287093,0,3,3
matched_rca,gemma-4-26b-a4b,V - T,fault_type,HTTPRequestAbort,2,0,6,0.33333333,0.5,0.64549722,2,0,4
matched_rca,gemma-4-26b-a4b,V - T,fault_type,HTTPRequestDelay,1,0,7,0.14285714,1,0.37796447,1,0,6
matched_rca,gemma-4-26b-a4b,V - T,fault_type,HTTPRequestReplaceMethod,1,1,15,0.035555556,0.35596484,0.091109318,3,1,11
matched_rca,gemma-4-26b-a4b,V - T,fault_type,HTTPRequestReplacePath,0,1,1,-1,1,-inf,0,1,0
matched_rca,gemma-4-26b-a4b,V - T,fault_type,HTTPResponseAbort,0,0,3,0,1,0,0,0,3
matched_rca,gemma-4-26b-a4b,V - T,fault_type,HTTPResponseDelay,0,0,7,-0.071428571,1,-0.37796447,0,1,6
matched_rca,gemma-4-26b-a4b,V - T,fault_type,HTTPResponseReplaceBody,0,0,2,-0.25,1,-0.70710678,0,1,1
matched_rca,gemma-4-26b-a4b,V - T,fault_type,HTTPResponseReplaceCode,4,1,13,0.23076923,0.1875,0.47708281,4,1,8
matched_rca,gemma-4-26b-a4b,V - T,fault_type,JVMException,0,1,3,-0.33333333,1,-0.57735027,0,1,2
matched_rca,gemma-4-26b-a4b,V - T,fault_type,JVMLatency,0,0,1,0,1,0,0,0,1
matched_rca,gemma-4-26b-a4b,V - T,fault_type,JVMMemoryStress,1,2,14,-0.035714286,0.93638941,-0.071625616,2,2,10
matched_rca,gemma-4-26b-a4b,V - T,fault_type,JVMReturn,0,0,2,0,1,0,0,0,2
matched_rca,gemma-4-26b-a4b,V - T,fault_type,NetworkBandwidth,1,1,2,0,1,0,1,1,0
matched_rca,gemma-4-26b-a4b,V - T,fault_type,NetworkCorrupt,0,0,2,0,1,0,0,0,2
matched_rca,gemma-4-26b-a4b,V - T,fault_type,NetworkDelay,0,0,1,0,1,0,0,0,1
matched_rca,gemma-4-26b-a4b,V - T,fault_type,NetworkLoss,0,2,3,-0.5,0.5,-0.57735027,1,2,0
matched_rca,gemma-4-26b-a4b,V - T,fault_type,NetworkPartition,0,1,6,-0.18055556,0.5,-0.40824829,1,2,3
matched_rca,gemma-4-26b-a4b,V - T,fault_type,PodFailure,0,1,1,-1,1,-inf,0,1,0
matched_rca,gemma-4-26b-a4b,V - T,fault_type,PodKill,0,0,1,0,1,0,0,0,1
matched_rca,gemma-4-26b-a4b,V - T,fault_type,code error,0,0,1,0,1,0,0,0,1
matched_rca,gemma-4-26b-a4b,V - T,fault_type,cpu stress,0,0,8,0.03125,1,0.35355339,1,0,7
matched_rca,gemma-4-26b-a4b,V - T,fault_type,dns error,1,0,5,0.2,1,0.4472136,1,0,4
matched_rca,gemma-4-26b-a4b,V - T,fault_type,io fault,1,1,5,-0.033333333,1,-0.080321933,1,1,3
matched_rca,gemma-4-26b-a4b,V - T,fault_type,jvm cpu,0,0,3,0,1,0,0,0,3
matched_rca,gemma-4-26b-a4b,V - T,fault_type,jvm exception,0,1,3,-0.41666667,0.5,-0.80064077,0,2,1
matched_rca,gemma-4-26b-a4b,V - T,fault_type,jvm gc,0,0,2,0,1,0,0,0,2
matched_rca,gemma-4-26b-a4b,V - T,fault_type,jvm latency,0,1,5,-0.2,1,-0.4472136,0,1,4
matched_rca,gemma-4-26b-a4b,V - T,fault_type,k8s容器cpu负载,1,0,9,0.055555556,1,0.33333333,1,0,8
matched_rca,gemma-4-26b-a4b,V - T,fault_type,k8s容器内存负载,0,1,8,-0.125,1,-0.35355339,0,1,7
matched_rca,gemma-4-26b-a4b,V - T,fault_type,k8s容器写io负载,0,0,4,0,1,0,0,0,4
matched_rca,gemma-4-26b-a4b,V - T,fault_type,k8s容器网络丢包,0,0,9,0.055555556,1,0.33333333,1,0,8
matched_rca,gemma-4-26b-a4b,V - T,fault_type,k8s容器网络延迟,1,0,10,0,1,0,1,1,8
matched_rca,gemma-4-26b-a4b,V - T,fault_type,k8s容器网络资源包损坏,2,0,10,0.15,0.5,0.31622777,2,1,7
matched_rca,gemma-4-26b-a4b,V - T,fault_type,k8s容器网络资源包重复发送,0,0,7,0,1,0,0,0,7
matched_rca,gemma-4-26b-a4b,V - T,fault_type,k8s容器读io负载,1,1,9,0,1,0,1,1,7
matched_rca,gemma-4-26b-a4b,V - T,fault_type,k8s容器进程中止,0,0,5,0,1,0,0,0,5
matched_rca,gemma-4-26b-a4b,V - T,fault_type,memory stress,0,0,6,0,1,0,0,0,6
matched_rca,gemma-4-26b-a4b,V - T,fault_type,network corrupt,1,3,6,-0.25,0.625,-0.32969024,1,3,2
matched_rca,gemma-4-26b-a4b,V - T,fault_type,network delay,1,1,7,-0.071428571,1,-0.11757927,1,2,4
matched_rca,gemma-4-26b-a4b,V - T,fault_type,network loss,1,1,5,0.033333333,1,0.046880723,2,1,2
matched_rca,gemma-4-26b-a4b,V - T,fault_type,node cpu stress,0,0,6,0,1,0,0,0,6
matched_rca,gemma-4-26b-a4b,V - T,fault_type,node disk fill,0,1,4,-0.25,1,-0.5,0,1,3
matched_rca,gemma-4-26b-a4b,V - T,fault_type,node memory stress,1,1,12,0,1,0,1,1,10
matched_rca,gemma-4-26b-a4b,V - T,fault_type,node 内存消耗,0,0,5,0,1,0,0,0,5
matched_rca,gemma-4-26b-a4b,V - T,fault_type,node 磁盘写IO消耗,0,1,6,-0.083333333,1,-0.40824829,0,1,5
matched_rca,gemma-4-26b-a4b,V - T,fault_type,node 磁盘空间消耗,1,1,5,-0.1,1,-0.18257419,1,1,3
matched_rca,gemma-4-26b-a4b,V - T,fault_type,node 磁盘读IO消耗,0,0,5,0,1,0,0,0,5
matched_rca,gemma-4-26b-a4b,V - T,fault_type,node节点CPU故障,1,1,5,0,1,0,1,1,3
matched_rca,gemma-4-26b-a4b,V - T,fault_type,node节点CPU爬升,0,0,3,0,1,0,0,0,3
matched_rca,gemma-4-26b-a4b,V - T,fault_type,pod failure,0,0,10,-0.033333333,1,-0.31622777,0,1,9
matched_rca,gemma-4-26b-a4b,V - T,fault_type,pod kill,0,0,2,0,1,0,0,0,2
matched_rca,gemma-4-26b-a4b,V - T,fault_type,target port misconfig,0,0,3,0,1,0,0,0,3
matched_rca,gemma-4-26b-a4b,V - T,root_service,adservice,0,2,16,-0.140625,0.083607139,-0.41216811,0,3,13
matched_rca,gemma-4-26b-a4b,V - T,root_service,adservice-0,1,0,1,1,1,inf,1,0,0
matched_rca,gemma-4-26b-a4b,V - T,root_service,adservice-1,1,0,3,0.33333333,1,0.57735027,1,0,2
matched_rca,gemma-4-26b-a4b,V - T,root_service,adservice2-0,0,0,1,0,1,0,0,0,1
matched_rca,gemma-4-26b-a4b,V - T,root_service,cartservice,2,0,12,0.125,0.5,0.28867513,2,1,9
matched_rca,gemma-4-26b-a4b,V - T,root_service,cartservice-0,0,0,2,-0.25,1,-0.70710678,0,1,1
matched_rca,gemma-4-26b-a4b,V - T,root_service,cartservice2-0,0,0,1,0,1,0,0,0,1
matched_rca,gemma-4-26b-a4b,V - T,root_service,checkoutservice,2,3,21,-0.063492063,0.67572496,-0.12460062,3,4,14
matched_rca,gemma-4-26b-a4b,V - T,root_service,checkoutservice-0,0,0,2,0,1,0,0,0,2
matched_rca,gemma-4-26b-a4b,V - T,root_service,checkoutservice-1,0,0,2,0,1,0,0,0,2
matched_rca,gemma-4-26b-a4b,V - T,root_service,currencyservice,0,1,6,-0.16666667,1,-0.40824829,0,1,5
matched_rca,gemma-4-26b-a4b,V - T,root_service,currencyservice-0,0,0,1,0,1,0,0,0,1
matched_rca,gemma-4-26b-a4b,V - T,root_service,currencyservice-1,0,0,2,0,1,0,0,0,2
matched_rca,gemma-4-26b-a4b,V - T,root_service,currencyservice-2,0,0,2,0,1,0,0,0,2
matched_rca,gemma-4-26b-a4b,V - T,root_service,emailservice,0,0,6,0,1,0,0,0,6
matched_rca,gemma-4-26b-a4b,V - T,root_service,emailservice-1,0,0,2,0,1,0,0,0,2
matched_rca,gemma-4-26b-a4b,V - T,root_service,frontend,0,1,6,-0.083333333,1,-0.40824829,0,1,5
matched_rca,gemma-4-26b-a4b,V - T,root_service,frontend-0,0,0,1,0,1,0,0,0,1
matched_rca,gemma-4-26b-a4b,V - T,root_service,frontend-1,0,1,1,-1,1,-inf,0,1,0
matched_rca,gemma-4-26b-a4b,V - T,root_service,frontend-2,0,0,1,0.5,1,inf,1,0,0
matched_rca,gemma-4-26b-a4b,V - T,root_service,frontend2-0,0,0,1,0,1,0,0,0,1
matched_rca,gemma-4-26b-a4b,V - T,root_service,mysql,1,2,6,-0.22222222,0.625,-0.29617444,1,3,2
matched_rca,gemma-4-26b-a4b,V - T,root_service,node-1,0,0,6,0,1,0,0,0,6
matched_rca,gemma-4-26b-a4b,V - T,root_service,node-2,0,0,3,0,1,0,0,0,3
matched_rca,gemma-4-26b-a4b,V - T,root_service,node-3,1,0,7,0.071428571,1,0.37796447,1,0,6
matched_rca,gemma-4-26b-a4b,V - T,root_service,node-4,0,2,5,-0.4,0.5,-0.73029674,0,2,3
matched_rca,gemma-4-26b-a4b,V - T,root_service,node-5,0,1,12,-0.041666667,1,-0.28867513,0,1,11
matched_rca,gemma-4-26b-a4b,V - T,root_service,node-6,2,1,12,0.083333333,1,0.16183472,2,1,9
matched_rca,gemma-4-26b-a4b,V - T,root_service,node-7,0,0,2,0,1,0,0,0,2
matched_rca,gemma-4-26b-a4b,V - T,root_service,node-8,0,1,4,-0.25,1,-0.5,0,1,3
matched_rca,gemma-4-26b-a4b,V - T,root_service,paymentservice,0,0,2,0,1,0,0,0,2
matched_rca,gemma-4-26b-a4b,V - T,root_service,productcatalogservice,1,0,8,0.15625,0.5,0.443928,2,0,6
matched_rca,gemma-4-26b-a4b,V - T,root_service,productcatalogservice-0,0,0,3,0,1,0,0,0,3
matched_rca,gemma-4-26b-a4b,V - T,root_service,productcatalogservice-1,0,0,3,0,1,0,0,0,3
matched_rca,gemma-4-26b-a4b,V - T,root_service,productcatalogservice-2,1,1,2,-0.25,1,-0.23570226,1,1,0
matched_rca,gemma-4-26b-a4b,V - T,root_service,productcatalogservice2-0,0,0,1,0,1,0,0,0,1
matched_rca,gemma-4-26b-a4b,V - T,root_service,recommendationservice,0,0,5,0,1,0,0,0,5
matched_rca,gemma-4-26b-a4b,V - T,root_service,recommendationservice-2,0,0,1,0,1,0,0,0,1
matched_rca,gemma-4-26b-a4b,V - T,root_service,recommendationservice2-0,0,0,1,0,1,0,0,0,1
matched_rca,gemma-4-26b-a4b,V - T,root_service,shippingservice,0,0,10,-0.033333333,1,-0.31622777,0,1,9
matched_rca,gemma-4-26b-a4b,V - T,root_service,shippingservice-0,0,0,1,0,1,0,0,0,1
matched_rca,gemma-4-26b-a4b,V - T,root_service,shippingservice-1,0,0,2,0,1,0,0,0,2
matched_rca,gemma-4-26b-a4b,V - T,root_service,shippingservice2-0,1,0,1,0.5,1,inf,1,0,0
matched_rca,gemma-4-26b-a4b,V - T,root_service,tidb-tidb,0,0,2,0,1,0,0,0,2
matched_rca,gemma-4-26b-a4b,V - T,root_service,tidb-tikv,1,1,10,-0.016666667,1,-0.060120361,1,1,8
matched_rca,gemma-4-26b-a4b,V - T,root_service,ts-assurance-service,0,0,5,0.1,1,0.4472136,1,0,4
matched_rca,gemma-4-26b-a4b,V - T,root_service,ts-auth-service,1,1,4,0,1,0,1,1,2
matched_rca,gemma-4-26b-a4b,V - T,root_service,ts-basic-service,1,1,19,-0.015789474,0.97724814,-0.044313474,2,2,15
matched_rca,gemma-4-26b-a4b,V - T,root_service,ts-config-service,0,3,6,-0.5,0.25,-0.91287093,0,3,3
matched_rca,gemma-4-26b-a4b,V - T,root_service,ts-consign-service,0,0,2,0,1,0,0,0,2
matched_rca,gemma-4-26b-a4b,V - T,root_service,ts-contacts-service,1,1,2,0.25,1,0.23570226,1,1,0
matched_rca,gemma-4-26b-a4b,V - T,root_service,ts-food-service,0,0,3,0,1,0,0,0,3
matched_rca,gemma-4-26b-a4b,V - T,root_service,ts-inside-payment-service,0,0,2,0,1,0,0,0,2
matched_rca,gemma-4-26b-a4b,V - T,root_service,ts-order-other-service,1,1,4,0.125,1,0.14638501,2,1,1
matched_rca,gemma-4-26b-a4b,V - T,root_service,ts-order-service,1,1,5,0,1,0,1,1,3
matched_rca,gemma-4-26b-a4b,V - T,root_service,ts-preserve-service,1,1,5,0.11666667,0.625,0.16080274,3,1,1
matched_rca,gemma-4-26b-a4b,V - T,root_service,ts-price-service,0,1,2,-0.5,1,-0.70710678,0,1,1
matched_rca,gemma-4-26b-a4b,V - T,root_service,ts-route-plan-service,0,0,6,0,1,0,0,0,6
matched_rca,gemma-4-26b-a4b,V - T,root_service,ts-route-service,0,0,4,0,1,0,0,0,4
matched_rca,gemma-4-26b-a4b,V - T,root_service,ts-seat-service,2,0,6,0.25,0.5,0.40824829,2,1,3
matched_rca,gemma-4-26b-a4b,V - T,root_service,ts-security-service,0,0,1,0,1,0,0,0,1
matched_rca,gemma-4-26b-a4b,V - T,root_service,ts-station-food-service,0,1,1,-1,1,-inf,0,1,0
matched_rca,gemma-4-26b-a4b,V - T,root_service,ts-station-service,0,0,1,0,1,0,0,0,1
matched_rca,gemma-4-26b-a4b,V - T,root_service,ts-train-service,0,0,2,0,1,0,0,0,2
matched_rca,gemma-4-26b-a4b,V - T,root_service,ts-travel-plan-service,1,1,3,-0.16666667,1,-0.21821789,1,1,1
matched_rca,gemma-4-26b-a4b,V - T,root_service,ts-travel-service,0,0,3,0,1,0,0,0,3
matched_rca,gemma-4-26b-a4b,V - T,root_service,ts-travel2-service,0,0,2,0,1,0,0,0,2
matched_rca,gemma-4-26b-a4b,V - T,root_service,ts-user-service,0,0,1,0,1,0,0,0,1
matched_rca,gemma-4-26b-a4b,V - T,root_service,ts-verification-code-service,0,0,1,0,1,0,0,0,1
matched_rca,gemma-4-26b-a4b,H - T,dataset,aegislab,11,12,96,-0.0017361111,0.88423114,-0.0037759353,13,14,69
matched_rca,gemma-4-26b-a4b,H - T,dataset,aiops2022,6,5,100,0.013333333,0.26646078,0.041757936,11,6,83
matched_rca,gemma-4-26b-a4b,H - T,dataset,aiops2025,7,7,93,0.002688172,0.50340612,0.0070780377,10,14,69
matched_rca,gemma-4-26b-a4b,H - T,fault_type,ContainerKill,1,1,6,0,1,0,1,1,4
matched_rca,gemma-4-26b-a4b,H - T,fault_type,HTTPRequestAbort,2,0,6,0.33333333,0.5,0.64549722,2,0,4
matched_rca,gemma-4-26b-a4b,H - T,fault_type,HTTPRequestDelay,1,0,7,0.14285714,1,0.37796447,1,0,6
matched_rca,gemma-4-26b-a4b,H - T,fault_type,HTTPRequestReplaceMethod,2,1,15,0.066666667,0.56370286,0.14564382,2,1,12
matched_rca,gemma-4-26b-a4b,H - T,fault_type,HTTPRequestReplacePath,0,1,1,-1,1,-inf,0,1,0
matched_rca,gemma-4-26b-a4b,H - T,fault_type,HTTPResponseAbort,0,0,3,0,1,0,0,0,3
matched_rca,gemma-4-26b-a4b,H - T,fault_type,HTTPResponseDelay,1,0,7,0.071428571,1,0.15877684,1,1,5
matched_rca,gemma-4-26b-a4b,H - T,fault_type,HTTPResponseReplaceBody,0,1,2,-0.5,0.5,-inf,0,2,0
matched_rca,gemma-4-26b-a4b,H - T,fault_type,HTTPResponseReplaceCode,2,2,13,-0.012820513,1,-0.027066598,2,2,9
matched_rca,gemma-4-26b-a4b,H - T,fault_type,JVMException,0,0,3,0,1,0,0,0,3
matched_rca,gemma-4-26b-a4b,H - T,fault_type,JVMLatency,0,1,1,-1,1,-inf,0,1,0
matched_rca,gemma-4-26b-a4b,H - T,fault_type,JVMMemoryStress,1,0,14,0.10714286,0.15758382,0.37013827,2,0,12
matched_rca,gemma-4-26b-a4b,H - T,fault_type,JVMReturn,0,0,2,0,1,0,0,0,2
matched_rca,gemma-4-26b-a4b,H - T,fault_type,NetworkBandwidth,0,1,2,-0.5,1,-0.70710678,0,1,1
matched_rca,gemma-4-26b-a4b,H - T,fault_type,NetworkCorrupt,0,0,2,0,1,0,0,0,2
matched_rca,gemma-4-26b-a4b,H - T,fault_type,NetworkDelay,0,0,1,0,1,0,0,0,1
matched_rca,gemma-4-26b-a4b,H - T,fault_type,NetworkLoss,0,1,3,0,1,0,1,1,1
matched_rca,gemma-4-26b-a4b,H - T,fault_type,NetworkPartition,1,2,6,-0.22222222,0.5,-0.33903175,1,2,3
matched_rca,gemma-4-26b-a4b,H - T,fault_type,PodFailure,0,0,1,0,1,0,0,0,1
matched_rca,gemma-4-26b-a4b,H - T,fault_type,PodKill,0,1,1,-0.66666667,1,-inf,0,1,0
matched_rca,gemma-4-26b-a4b,H - T,fault_type,code error,0,0,1,0,1,0,0,0,1
matched_rca,gemma-4-26b-a4b,H - T,fault_type,cpu stress,0,0,8,-0.03125,1,-0.35355339,0,1,7
matched_rca,gemma-4-26b-a4b,H - T,fault_type,dns error,2,0,5,0.4,0.5,0.73029674,2,0,3
matched_rca,gemma-4-26b-a4b,H - T,fault_type,io fault,0,2,5,-0.4,0.25,-0.95618289,0,3,2
matched_rca,gemma-4-26b-a4b,H - T,fault_type,jvm cpu,1,0,3,0.16666667,1,0.21821789,1,1,1
matched_rca,gemma-4-26b-a4b,H - T,fault_type,jvm exception,0,0,3,-0.083333333,1,-0.57735027,0,1,2
matched_rca,gemma-4-26b-a4b,H - T,fault_type,jvm gc,0,0,2,0,1,0,0,0,2
matched_rca,gemma-4-26b-a4b,H - T,fault_type,jvm latency,0,1,5,-0.2,1,-0.4472136,0,1,4
matched_rca,gemma-4-26b-a4b,H - T,fault_type,k8s容器cpu负载,1,0,9,0.055555556,1,0.33333333,1,0,8
matched_rca,gemma-4-26b-a4b,H - T,fault_type,k8s容器内存负载,0,1,8,-0.125,1,-0.35355339,0,1,7
matched_rca,gemma-4-26b-a4b,H - T,fault_type,k8s容器写io负载,0,1,4,-0.25,1,-0.5,0,1,3
matched_rca,gemma-4-26b-a4b,H - T,fault_type,k8s容器网络丢包,1,1,9,0.11111111,0.625,0.20333143,3,1,5
matched_rca,gemma-4-26b-a4b,H - T,fault_type,k8s容器网络延迟,2,0,10,0.15,0.25,0.621059,3,0,7
matched_rca,gemma-4-26b-a4b,H - T,fault_type,k8s容器网络资源包损坏,1,0,10,0.1,1,0.31622777,1,0,9
matched_rca,gemma-4-26b-a4b,H - T,fault_type,k8s容器网络资源包重复发送,0,0,7,0.047619048,1,0.37796447,1,0,6
matched_rca,gemma-4-26b-a4b,H - T,fault_type,k8s容器读io负载,0,1,9,-0.055555556,1,-0.14213381,1,1,7
matched_rca,gemma-4-26b-a4b,H - T,fault_type,k8s容器进程中止,0,0,5,0,1,0,0,0,5
matched_rca,gemma-4-26b-a4b,H - T,fault_type,memory stress,0,1,6,-0.16666667,1,-0.40824829,0,1,5
matched_rca,gemma-4-26b-a4b,H - T,fault_type,network corrupt,0,2,6,-0.16666667,0.5,-0.64549722,0,2,4
matched_rca,gemma-4-26b-a4b,H - T,fault_type,network delay,0,0,7,0.071428571,1,0.20701967,2,1,4
matched_rca,gemma-4-26b-a4b,H - T,fault_type,network loss,1,1,5,0.033333333,1,0.046880723,2,1,2
matched_rca,gemma-4-26b-a4b,H - T,fault_type,node cpu stress,0,0,6,0,1,0,0,0,6
matched_rca,gemma-4-26b-a4b,H - T,fault_type,node disk fill,1,0,4,0.25,1,0.5,1,0,3
matched_rca,gemma-4-26b-a4b,H - T,fault_type,node memory stress,2,0,12,0.16666667,0.5,0.42817442,2,0,10
matched_rca,gemma-4-26b-a4b,H - T,fault_type,node 内存消耗,0,0,5,0,1,0,0,0,5
matched_rca,gemma-4-26b-a4b,H - T,fault_type,node 磁盘写IO消耗,0,0,6,0,1,0,0,0,6
matched_rca,gemma-4-26b-a4b,H - T,fault_type,node 磁盘空间消耗,0,0,5,-0.1,1,-0.4472136,0,1,4
matched_rca,gemma-4-26b-a4b,H - T,fault_type,node 磁盘读IO消耗,0,0,5,0,1,0,0,0,5
matched_rca,gemma-4-26b-a4b,H - T,fault_type,node节点CPU故障,1,1,5,0,1,0,1,1,3
matched_rca,gemma-4-26b-a4b,H - T,fault_type,node节点CPU爬升,0,0,3,0,1,0,0,0,3
matched_rca,gemma-4-26b-a4b,H - T,fault_type,pod failure,0,0,10,-0.033333333,1,-0.31622777,0,1,9
matched_rca,gemma-4-26b-a4b,H - T,fault_type,pod kill,0,0,2,-0.041666667,1,-0.70710678,0,1,1
matched_rca,gemma-4-26b-a4b,H - T,fault_type,target port misconfig,0,0,3,0,1,0,0,0,3
matched_rca,gemma-4-26b-a4b,H - T,root_service,adservice,1,2,16,-0.109375,0.20317084,-0.23977853,1,4,11
matched_rca,gemma-4-26b-a4b,H - T,root_service,adservice-0,0,0,1,0,1,0,0,0,1
matched_rca,gemma-4-26b-a4b,H - T,root_service,adservice-1,1,0,3,0.33333333,1,0.57735027,1,0,2
matched_rca,gemma-4-26b-a4b,H - T,root_service,adservice2-0,0,0,1,0,1,0,0,0,1
matched_rca,gemma-4-26b-a4b,H - T,root_service,cartservice,0,0,12,-0.0069444444,1,-0.032366944,1,2,9
matched_rca,gemma-4-26b-a4b,H - T,root_service,cartservice-0,1,0,2,0.25,1,0.70710678,1,0,1
matched_rca,gemma-4-26b-a4b,H - T,root_service,cartservice2-0,0,0,1,0,1,0,0,0,1
matched_rca,gemma-4-26b-a4b,H - T,root_service,checkoutservice,4,2,21,0.15079365,0.15407531,0.30008272,6,2,13
matched_rca,gemma-4-26b-a4b,H - T,root_service,checkoutservice-0,0,0,2,0,1,0,0,0,2
matched_rca,gemma-4-26b-a4b,H - T,root_service,checkoutservice-1,0,0,2,0,1,0,0,0,2
matched_rca,gemma-4-26b-a4b,H - T,root_service,currencyservice,0,0,6,0,1,0,0,0,6
matched_rca,gemma-4-26b-a4b,H - T,root_service,currencyservice-0,0,0,1,0,1,0,0,0,1
matched_rca,gemma-4-26b-a4b,H - T,root_service,currencyservice-1,0,0,2,0,1,0,0,0,2
matched_rca,gemma-4-26b-a4b,H - T,root_service,currencyservice-2,0,1,2,-0.5,1,-0.70710678,0,1,1
matched_rca,gemma-4-26b-a4b,H - T,root_service,emailservice,0,0,6,0.13888889,0.5,0.62696233,2,0,4
matched_rca,gemma-4-26b-a4b,H - T,root_service,emailservice-1,0,0,2,0,1,0,0,0,2
matched_rca,gemma-4-26b-a4b,H - T,root_service,frontend,0,1,6,0,1,0,1,1,4
matched_rca,gemma-4-26b-a4b,H - T,root_service,frontend-0,0,0,1,0,1,0,0,0,1
matched_rca,gemma-4-26b-a4b,H - T,root_service,frontend-1,0,1,1,-1,1,-inf,0,1,0
matched_rca,gemma-4-26b-a4b,H - T,root_service,frontend-2,0,0,1,0.5,1,inf,1,0,0
matched_rca,gemma-4-26b-a4b,H - T,root_service,frontend2-0,0,0,1,0,1,0,0,0,1
matched_rca,gemma-4-26b-a4b,H - T,root_service,mysql,1,2,6,-0.22222222,0.5,-0.33903175,1,2,3
matched_rca,gemma-4-26b-a4b,H - T,root_service,node-1,0,0,6,0,1,0,0,0,6
matched_rca,gemma-4-26b-a4b,H - T,root_service,node-2,0,0,3,0,1,0,0,0,3
matched_rca,gemma-4-26b-a4b,H - T,root_service,node-3,1,0,7,0.071428571,1,0.15877684,1,1,5
matched_rca,gemma-4-26b-a4b,H - T,root_service,node-4,0,0,5,0,1,0,0,0,5
matched_rca,gemma-4-26b-a4b,H - T,root_service,node-5,0,0,12,0,1,0,0,0,12
matched_rca,gemma-4-26b-a4b,H - T,root_service,node-6,2,1,12,0.083333333,1,0.16183472,2,1,9
matched_rca,gemma-4-26b-a4b,H - T,root_service,node-7,0,0,2,0,1,0,0,0,2
matched_rca,gemma-4-26b-a4b,H - T,root_service,node-8,1,0,4,0.25,1,0.5,1,0,3
matched_rca,gemma-4-26b-a4b,H - T,root_service,paymentservice,0,0,2,0,1,0,0,0,2
matched_rca,gemma-4-26b-a4b,H - T,root_service,productcatalogservice,0,0,8,-0.03125,1,-0.35355339,0,1,7
matched_rca,gemma-4-26b-a4b,H - T,root_service,productcatalogservice-0,0,0,3,0,1,0,0,0,3
matched_rca,gemma-4-26b-a4b,H - T,root_service,productcatalogservice-1,0,0,3,0,1,0,0,0,3
matched_rca,gemma-4-26b-a4b,H - T,root_service,productcatalogservice-2,1,1,2,-0.25,1,-0.23570226,1,1,0
matched_rca,gemma-4-26b-a4b,H - T,root_service,productcatalogservice2-0,0,0,1,0,1,0,0,0,1
matched_rca,gemma-4-26b-a4b,H - T,root_service,recommendationservice,0,0,5,0,1,0,0,0,5
matched_rca,gemma-4-26b-a4b,H - T,root_service,recommendationservice-2,0,0,1,0,1,0,0,0,1
matched_rca,gemma-4-26b-a4b,H - T,root_service,recommendationservice2-0,0,0,1,0,1,0,0,0,1
matched_rca,gemma-4-26b-a4b,H - T,root_service,shippingservice,0,1,10,-0.083333333,0.75,-0.21997067,1,2,7
matched_rca,gemma-4-26b-a4b,H - T,root_service,shippingservice-0,0,0,1,0,1,0,0,0,1
matched_rca,gemma-4-26b-a4b,H - T,root_service,shippingservice-1,0,0,2,0,1,0,0,0,2
matched_rca,gemma-4-26b-a4b,H - T,root_service,shippingservice2-0,1,0,1,0.5,1,inf,1,0,0
matched_rca,gemma-4-26b-a4b,H - T,root_service,tidb-tidb,0,0,2,0,1,0,0,0,2
matched_rca,gemma-4-26b-a4b,H - T,root_service,tidb-tikv,0,2,10,-0.2,0.25,-0.57207755,0,3,7
matched_rca,gemma-4-26b-a4b,H - T,root_service,ts-assurance-service,0,0,5,0.1,1,0.4472136,1,0,4
matched_rca,gemma-4-26b-a4b,H - T,root_service,ts-auth-service,2,0,4,0.5,0.5,0.8660254,2,0,2
matched_rca,gemma-4-26b-a4b,H - T,root_service,ts-basic-service,1,2,19,-0.078947368,0.33192626,-0.18927455,1,3,15
matched_rca,gemma-4-26b-a4b,H - T,root_service,ts-config-service,0,1,6,-0.16666667,1,-0.40824829,0,1,5
matched_rca,gemma-4-26b-a4b,H - T,root_service,ts-consign-service,0,1,2,-0.5,1,-0.70710678,0,1,1
matched_rca,gemma-4-26b-a4b,H - T,root_service,ts-contacts-service,1,1,2,0.16666667,1,0.14142136,1,1,0
matched_rca,gemma-4-26b-a4b,H - T,root_service,ts-food-service,0,1,3,-0.16666667,1,-0.57735027,0,1,2
matched_rca,gemma-4-26b-a4b,H - T,root_service,ts-inside-payment-service,0,0,2,0,1,0,0,0,2
matched_rca,gemma-4-26b-a4b,H - T,root_service,ts-order-other-service,1,1,4,0.25,0.75,0.38729833,2,1,1
matched_rca,gemma-4-26b-a4b,H - T,root_service,ts-order-service,0,1,5,-0.2,1,-0.4472136,0,1,4
matched_rca,gemma-4-26b-a4b,H - T,root_service,ts-preserve-service,1,1,5,0,1,0,1,1,3
matched_rca,gemma-4-26b-a4b,H - T,root_service,ts-price-service,0,0,2,0,1,0,0,0,2
matched_rca,gemma-4-26b-a4b,H - T,root_service,ts-route-plan-service,0,0,6,0,1,0,0,0,6
matched_rca,gemma-4-26b-a4b,H - T,root_service,ts-route-service,0,0,4,0,1,0,0,0,4
matched_rca,gemma-4-26b-a4b,H - T,root_service,ts-seat-service,2,0,6,0.25,0.5,0.40824829,2,1,3
matched_rca,gemma-4-26b-a4b,H - T,root_service,ts-security-service,0,0,1,0,1,0,0,0,1
matched_rca,gemma-4-26b-a4b,H - T,root_service,ts-station-food-service,0,0,1,0,1,0,0,0,1
matched_rca,gemma-4-26b-a4b,H - T,root_service,ts-station-service,0,0,1,0,1,0,0,0,1
matched_rca,gemma-4-26b-a4b,H - T,root_service,ts-train-service,0,0,2,0,1,0,0,0,2
matched_rca,gemma-4-26b-a4b,H - T,root_service,ts-travel-plan-service,1,0,3,0.16666667,1,0.57735027,1,0,2
matched_rca,gemma-4-26b-a4b,H - T,root_service,ts-travel-service,0,0,3,0,1,0,0,0,3
matched_rca,gemma-4-26b-a4b,H - T,root_service,ts-travel2-service,1,0,2,0.5,1,0.70710678,1,0,1
matched_rca,gemma-4-26b-a4b,H - T,root_service,ts-user-service,0,1,1,-0.66666667,1,-inf,0,1,0
matched_rca,gemma-4-26b-a4b,H - T,root_service,ts-verification-code-service,0,0,1,0,1,0,0,0,1
matched_rca,qwen3.8-27b,R - T,dataset,aegislab,15,7,96,0.11805556,0.0027110895,0.29242251,36,14,46
matched_rca,qwen3.8-27b,R - T,dataset,aiops2022,10,7,100,0.038333333,0.27138288,0.10608995,26,19,55
matched_rca,qwen3.8-27b,R - T,dataset,aiops2025,8,5,93,0.027956989,0.43302286,0.098148341,18,14,61
matched_rca,qwen3.8-27b,R - T,fault_type,ContainerKill,1,0,6,0.33333333,0.25,0.81649658,3,0,3
matched_rca,qwen3.8-27b,R - T,fault_type,HTTPRequestAbort,1,0,6,0.13333333,0.5,0.31046021,3,1,2
matched_rca,qwen3.8-27b,R - T,fault_type,HTTPRequestDelay,1,1,7,-0.035714286,1,-0.11757927,1,2,4
matched_rca,qwen3.8-27b,R - T,fault_type,HTTPRequestReplaceMethod,0,2,15,-0.061111111,0.95039394,-0.15037887,4,3,8
matched_rca,qwen3.8-27b,R - T,fault_type,HTTPRequestReplacePath,1,0,1,0.66666667,1,inf,1,0,0
matched_rca,qwen3.8-27b,R - T,fault_type,HTTPResponseAbort,0,0,3,0.16666667,1,0.57735027,1,0,2
matched_rca,qwen3.8-27b,R - T,fault_type,HTTPResponseDelay,1,0,7,0.095238095,1,0.37796447,1,0,6
matched_rca,qwen3.8-27b,R - T,fault_type,HTTPResponseReplaceBody,0,0,2,-0.25,1,-0.70710678,0,1,1
matched_rca,qwen3.8-27b,R - T,fault_type,HTTPResponseReplaceCode,2,1,13,0.16666667,0.1484375,0.42163702,6,2,5
matched_rca,qwen3.8-27b,R - T,fault_type,JVMException,0,0,3,0,1,0,0,0,3
matched_rca,qwen3.8-27b,R - T,fault_type,JVMLatency,0,1,1,-0.8,1,-inf,0,1,0
matched_rca,qwen3.8-27b,R - T,fault_type,JVMMemoryStress,4,1,14,0.23214286,0.058194719,0.54442845,6,1,7
matched_rca,qwen3.8-27b,R - T,fault_type,JVMReturn,0,0,2,0,1,0,0,0,2
matched_rca,qwen3.8-27b,R - T,fault_type,NetworkBandwidth,2,0,2,0.58333333,0.5,4.9497475,2,0,0
matched_rca,qwen3.8-27b,R - T,fault_type,NetworkCorrupt,0,0,2,0.125,1,0.70710678,1,0,1
matched_rca,qwen3.8-27b,R - T,fault_type,NetworkDelay,0,0,1,-0.5,1,-inf,0,1,0
matched_rca,qwen3.8-27b,R - T,fault_type,NetworkLoss,0,0,3,0.16666667,0.75,0.37796447,2,1,0
matched_rca,qwen3.8-27b,R - T,fault_type,NetworkPartition,2,1,6,0.36111111,0.25,0.62116403,4,1,1
matched_rca,qwen3.8-27b,R - T,fault_type,PodFailure,0,0,1,0.16666667,1,inf,1,0,0
matched_rca,qwen3.8-27b,R - T,fault_type,PodKill,0,0,1,0,1,0,0,0,1
matched_rca,qwen3.8-27b,R - T,fault_type,code error,0,0,1,0,1,0,0,0,1
matched_rca,qwen3.8-27b,R - T,fault_type,cpu stress,1,0,8,0.079166667,0.5,0.35355339,2,1,5
matched_rca,qwen3.8-27b,R - T,fault_type,dns error,1,0,5,0.033333333,1,0.1118034,1,1,3
matched_rca,qwen3.8-27b,R - T,fault_type,io fault,0,0,5,-0.04,1,-0.4472136,0,1,4
matched_rca,qwen3.8-27b,R - T,fault_type,jvm cpu,0,0,3,-0.055555556,1,-0.57735027,0,1,2
matched_rca,qwen3.8-27b,R - T,fault_type,jvm exception,1,0,3,0.29444444,0.5,0.73589821,2,0,1
matched_rca,qwen3.8-27b,R - T,fault_type,jvm gc,0,0,2,-0.16666667,1,-0.70710678,0,1,1
matched_rca,qwen3.8-27b,R - T,fault_type,jvm latency,0,0,5,0.18,0.25,0.87831007,3,0,2
matched_rca,qwen3.8-27b,R - T,fault_type,k8s容器cpu负载,2,0,9,0.25,0.25,0.53452248,3,1,5
matched_rca,qwen3.8-27b,R - T,fault_type,k8s容器内存负载,0,1,8,-0.020833333,1,-0.07612294,1,2,5
matched_rca,qwen3.8-27b,R - T,fault_type,k8s容器写io负载,1,0,4,0.125,1,0.5,1,0,3
matched_rca,qwen3.8-27b,R - T,fault_type,k8s容器网络丢包,2,0,9,0.25925926,0.125,0.71165999,4,0,5
matched_rca,qwen3.8-27b,R - T,fault_type,k8s容器网络延迟,2,0,10,0.25666667,0.015625,0.79041945,7,0,3
matched_rca,qwen3.8-27b,R - T,fault_type,k8s容器网络资源包损坏,2,0,10,0.145,0.1875,0.5427967,4,1,5
matched_rca,qwen3.8-27b,R - T,fault_type,k8s容器网络资源包重复发送,0,1,7,-0.11428571,0.5,-0.41797641,1,2,4
matched_rca,qwen3.8-27b,R - T,fault_type,k8s容器读io负载,0,0,9,-0.037037037,1,-0.13537949,1,2,6
matched_rca,qwen3.8-27b,R - T,fault_type,k8s容器进程中止,0,0,5,-0.016666667,1,-0.040655781,2,2,1
matched_rca,qwen3.8-27b,R - T,fault_type,memory stress,0,0,6,-0.055555556,1,-0.40824829,0,1,5
matched_rca,qwen3.8-27b,R - T,fault_type,network corrupt,2,2,6,0.16666667,0.75,0.27524094,3,2,1
matched_rca,qwen3.8-27b,R - T,fault_type,network delay,0,0,7,0.023809524,1,0.11757927,2,1,4
matched_rca,qwen3.8-27b,R - T,fault_type,network loss,1,1,5,0.033333333,1,0.080321933,1,1,3
matched_rca,qwen3.8-27b,R - T,fault_type,node cpu stress,1,0,6,0.05,1,0.21320072,1,1,4
matched_rca,qwen3.8-27b,R - T,fault_type,node disk fill,0,0,4,0.041666667,1,0.5,1,0,3
matched_rca,qwen3.8-27b,R - T,fault_type,node memory stress,0,1,12,-0.041666667,1,-0.28867513,0,1,11
matched_rca,qwen3.8-27b,R - T,fault_type,node 内存消耗,1,1,5,-0.1,1,-0.18257419,1,1,3
matched_rca,qwen3.8-27b,R - T,fault_type,node 磁盘写IO消耗,0,2,6,-0.25,0.5,-0.5976143,0,2,4
matched_rca,qwen3.8-27b,R - T,fault_type,node 磁盘空间消耗,0,2,5,-0.34333333,0.125,-0.82611757,0,4,1
matched_rca,qwen3.8-27b,R - T,fault_type,node 磁盘读IO消耗,0,0,5,-0.066666667,1,-0.4472136,0,1,4
matched_rca,qwen3.8-27b,R - T,fault_type,node节点CPU故障,0,0,5,0.033333333,1,0.18257419,1,1,3
matched_rca,qwen3.8-27b,R - T,fault_type,node节点CPU爬升,0,0,3,0,1,0,0,0,3
matched_rca,qwen3.8-27b,R - T,fault_type,pod failure,0,1,10,-0.1,0.75,-0.25354628,1,2,7
matched_rca,qwen3.8-27b,R - T,fault_type,pod kill,1,0,2,0.375,1,0.70710678,1,0,1
matched_rca,qwen3.8-27b,R - T,fault_type,target port misconfig,0,0,3,0,1,0,0,0,3
matched_rca,qwen3.8-27b,R - T,root_service,adservice,2,0,16,0.13229167,0.086993214,0.45986169,7,2,7
matched_rca,qwen3.8-27b,R - T,root_service,adservice-0,0,0,1,0,1,0,0,0,1
matched_rca,qwen3.8-27b,R - T,root_service,adservice-1,0,1,3,-0.16666667,1,-0.57735027,0,1,2
matched_rca,qwen3.8-27b,R - T,root_service,adservice2-0,0,0,1,0,1,0,0,0,1
matched_rca,qwen3.8-27b,R - T,root_service,cartservice,2,1,12,0.079166667,0.40625,0.22063753,5,2,5
matched_rca,qwen3.8-27b,R - T,root_service,cartservice-0,0,0,2,0.083333333,1,0.70710678,1,0,1
matched_rca,qwen3.8-27b,R - T,root_service,cartservice2-0,0,0,1,0.2,1,inf,1,0,0
matched_rca,qwen3.8-27b,R - T,root_service,checkoutservice,4,2,21,0.087301587,0.40068319,0.21274964,7,5,9
matched_rca,qwen3.8-27b,R - T,root_service,checkoutservice-0,0,0,2,0,1,0,0,0,2
matched_rca,qwen3.8-27b,R - T,root_service,checkoutservice-1,0,0,2,0,1,0,0,0,2
matched_rca,qwen3.8-27b,R - T,root_service,currencyservice,0,0,6,-0.077777778,0.5,-0.36589586,1,2,3
matched_rca,qwen3.8-27b,R - T,root_service,currencyservice-0,0,0,1,0,1,0,0,0,1
matched_rca,qwen3.8-27b,R - T,root_service,currencyservice-1,1,0,2,0.5,1,0.70710678,1,0,1
matched_rca,qwen3.8-27b,R - T,root_service,currencyservice-2,0,0,2,-0.125,1,-0.70710678,0,1,1
matched_rca,qwen3.8-27b,R - T,root_service,emailservice,1,1,6,-0.055555556,1,-0.16137431,1,2,3
matched_rca,qwen3.8-27b,R - T,root_service,emailservice-1,0,0,2,-0.125,1,-0.70710678,0,1,1
matched_rca,qwen3.8-27b,R - T,root_service,frontend,3,0,6,0.44444444,0.125,1.1405319,4,0,2
matched_rca,qwen3.8-27b,R - T,root_service,frontend-0,0,0,1,0,1,0,0,0,1
matched_rca,qwen3.8-27b,R - T,root_service,frontend-1,0,0,1,0,1,0,0,0,1
matched_rca,qwen3.8-27b,R - T,root_service,frontend-2,1,0,1,1,1,inf,1,0,0
matched_rca,qwen3.8-27b,R - T,root_service,frontend2-0,0,0,1,0.5,1,inf,1,0,0
matched_rca,qwen3.8-27b,R - T,root_service,mysql,2,1,6,-0.027777778,1,-0.054457314,2,3,1
matched_rca,qwen3.8-27b,R - T,root_service,node-1,0,0,6,-0.055555556,1,-0.40824829,0,1,5
matched_rca,qwen3.8-27b,R - T,root_service,node-2,0,1,3,-0.33333333,1,-0.57735027,0,1,2
matched_rca,qwen3.8-27b,R - T,root_service,node-3,0,0,7,-0.0071428571,1,-0.37796447,0,1,6
matched_rca,qwen3.8-27b,R - T,root_service,node-4,0,1,5,-0.23333333,0.5,-0.53687549,0,2,3
matched_rca,qwen3.8-27b,R - T,root_service,node-5,1,1,12,-0.030555556,0.625,-0.13583918,1,3,8
matched_rca,qwen3.8-27b,R - T,root_service,node-6,0,3,12,-0.13888889,0.25,-0.39217742,1,3,8
matched_rca,qwen3.8-27b,R - T,root_service,node-7,1,0,2,0.25,1,0.70710678,1,0,1
matched_rca,qwen3.8-27b,R - T,root_service,node-8,0,0,4,0.041666667,1,0.5,1,0,3
matched_rca,qwen3.8-27b,R - T,root_service,paymentservice,0,0,2,-0.1,1,-0.70710678,0,1,1
matched_rca,qwen3.8-27b,R - T,root_service,productcatalogservice,0,0,8,0,1,0,0,0,8
matched_rca,qwen3.8-27b,R - T,root_service,productcatalogservice-0,1,0,3,0.27777778,0.5,1.0910895,2,0,1
matched_rca,qwen3.8-27b,R - T,root_service,productcatalogservice-1,0,0,3,0.16666667,1,0.57735027,1,0,2
matched_rca,qwen3.8-27b,R - T,root_service,productcatalogservice-2,1,0,2,0.5,1,0.70710678,1,0,1
matched_rca,qwen3.8-27b,R - T,root_service,productcatalogservice2-0,0,0,1,-0.16666667,1,-inf,0,1,0
matched_rca,qwen3.8-27b,R - T,root_service,recommendationservice,0,0,5,0.09,0.625,0.26806353,4,1,0
matched_rca,qwen3.8-27b,R - T,root_service,recommendationservice-2,0,0,1,0,1,0,0,0,1
matched_rca,qwen3.8-27b,R - T,root_service,recommendationservice2-0,0,0,1,0,1,0,0,0,1
matched_rca,qwen3.8-27b,R - T,root_service,shippingservice,0,0,10,0,1,0,1,1,8
matched_rca,qwen3.8-27b,R - T,root_service,shippingservice-0,0,0,1,0,1,0,0,0,1
matched_rca,qwen3.8-27b,R - T,root_service,shippingservice-1,0,0,2,0,1,0,0,0,2
matched_rca,qwen3.8-27b,R - T,root_service,shippingservice2-0,0,0,1,0.5,1,inf,1,0,0
matched_rca,qwen3.8-27b,R - T,root_service,tidb-tidb,0,1,2,-0.5,1,-0.70710678,0,1,1
matched_rca,qwen3.8-27b,R - T,root_service,tidb-tikv,0,0,10,-0.02,1,-0.31622777,0,1,9
matched_rca,qwen3.8-27b,R - T,root_service,ts-assurance-service,1,2,5,-0.2,0.75,-0.35082321,1,2,2
matched_rca,qwen3.8-27b,R - T,root_service,ts-auth-service,0,0,4,0.10416667,0.5,0.83333333,2,0,2
matched_rca,qwen3.8-27b,R - T,root_service,ts-basic-service,0,1,19,-0.01754386,0.94110803,-0.062975859,3,3,13
matched_rca,qwen3.8-27b,R - T,root_service,ts-config-service,3,1,6,0.36111111,0.1875,0.66653521,4,1,1
matched_rca,qwen3.8-27b,R - T,root_service,ts-consign-service,0,1,2,-0.4,1,-0.70710678,0,1,1
matched_rca,qwen3.8-27b,R - T,root_service,ts-contacts-service,1,0,2,0.5,0.5,2.1213203,2,0,0
matched_rca,qwen3.8-27b,R - T,root_service,ts-food-service,0,0,3,-0.16666667,1,-0.57735027,0,1,2
matched_rca,qwen3.8-27b,R - T,root_service,ts-inside-payment-service,0,0,2,0,1,0,0,0,2
matched_rca,qwen3.8-27b,R - T,root_service,ts-order-other-service,0,1,4,0.10416667,0.75,0.23800531,3,1,0
matched_rca,qwen3.8-27b,R - T,root_service,ts-order-service,0,0,5,0.31666667,0.125,1.5261167,4,0,1
matched_rca,qwen3.8-27b,R - T,root_service,ts-preserve-service,2,0,5,0.52666667,0.125,1.3440117,4,0,1
matched_rca,qwen3.8-27b,R - T,root_service,ts-price-service,0,0,2,0.083333333,1,0.70710678,1,0,1
matched_rca,qwen3.8-27b,R - T,root_service,ts-route-plan-service,1,0,6,0.15277778,0.75,0.35045357,2,1,3
matched_rca,qwen3.8-27b,R - T,root_service,ts-route-service,1,0,4,0.16666667,1,0.5,1,0,3
matched_rca,qwen3.8-27b,R - T,root_service,ts-seat-service,2,0,6,0.30555556,0.25,0.76344721,3,0,3
matched_rca,qwen3.8-27b,R - T,root_service,ts-security-service,0,0,1,0,1,0,0,0,1
matched_rca,qwen3.8-27b,R - T,root_service,ts-station-food-service,0,0,1,0,1,0,0,0,1
matched_rca,qwen3.8-27b,R - T,root_service,ts-station-service,1,0,1,1,1,inf,1,0,0
matched_rca,qwen3.8-27b,R - T,root_service,ts-train-service,0,0,2,-0.25,1,-0.70710678,0,1,1
matched_rca,qwen3.8-27b,R - T,root_service,ts-travel-plan-service,0,0,3,0,1,0,0,0,3
matched_rca,qwen3.8-27b,R - T,root_service,ts-travel-service,1,0,3,0.44444444,0.5,0.87287156,2,0,1
matched_rca,qwen3.8-27b,R - T,root_service,ts-travel2-service,0,0,2,0,1,0,0,0,2
matched_rca,qwen3.8-27b,R - T,root_service,ts-user-service,0,0,1,0,1,0,0,0,1
matched_rca,qwen3.8-27b,R - T,root_service,ts-verification-code-service,0,0,1,0.5,1,inf,1,0,0
matched_rca,qwen3.8-27b,V - T,dataset,aegislab,16,11,96,0.058506944,0.1156716,0.13380883,31,19,46
matched_rca,qwen3.8-27b,V - T,dataset,aiops2022,6,10,100,-0.0455,0.27731918,-0.12299497,20,26,54
matched_rca,qwen3.8-27b,V - T,dataset,aiops2025,8,6,93,0.0037634409,1,0.011903515,19,19,55
matched_rca,qwen3.8-27b,V - T,fault_type,ContainerKill,1,0,6,0.30555556,0.25,0.76344721,3,0,3
matched_rca,qwen3.8-27b,V - T,fault_type,HTTPRequestAbort,2,0,6,0.27777778,0.125,0.88300092,4,0,2
matched_rca,qwen3.8-27b,V - T,fault_type,HTTPRequestDelay,1,1,7,-0.10714286,0.75,-0.23643312,1,2,4
matched_rca,qwen3.8-27b,V - T,fault_type,HTTPRequestReplaceMethod,2,4,15,-0.016666667,0.86122503,-0.031499272,5,5,5
matched_rca,qwen3.8-27b,V - T,fault_type,HTTPRequestReplacePath,1,0,1,0.66666667,1,inf,1,0,0
matched_rca,qwen3.8-27b,V - T,fault_type,HTTPResponseAbort,0,0,3,0,1,0,0,0,3
matched_rca,qwen3.8-27b,V - T,fault_type,HTTPResponseDelay,0,1,7,-0.20238095,0.25,-0.51833444,1,3,3
matched_rca,qwen3.8-27b,V - T,fault_type,HTTPResponseReplaceBody,0,0,2,0,1,0,0,0,2
matched_rca,qwen3.8-27b,V - T,fault_type,HTTPResponseReplaceCode,1,1,13,0.028205128,0.796875,0.08411941,4,3,6
matched_rca,qwen3.8-27b,V - T,fault_type,JVMException,0,0,3,0,1,0,0,0,3
matched_rca,qwen3.8-27b,V - T,fault_type,JVMLatency,0,1,1,-0.66666667,1,-inf,0,1,0
matched_rca,qwen3.8-27b,V - T,fault_type,JVMMemoryStress,4,1,14,0.24404762,0.038109945,0.57869798,7,1,6
matched_rca,qwen3.8-27b,V - T,fault_type,JVMReturn,0,0,2,0,1,0,0,0,2
matched_rca,qwen3.8-27b,V - T,fault_type,NetworkBandwidth,1,0,2,0.25,1,0.42426407,1,1,0
matched_rca,qwen3.8-27b,V - T,fault_type,NetworkCorrupt,0,0,2,0.041666667,1,0.10101525,1,1,0
matched_rca,qwen3.8-27b,V - T,fault_type,NetworkDelay,1,0,1,0.5,1,inf,1,0,0
matched_rca,qwen3.8-27b,V - T,fault_type,NetworkLoss,0,0,3,0,1,0,0,0,3
matched_rca,qwen3.8-27b,V - T,fault_type,NetworkPartition,1,2,6,-0.16666667,1,-0.22140372,1,2,3
matched_rca,qwen3.8-27b,V - T,fault_type,PodFailure,1,0,1,0.66666667,1,inf,1,0,0
matched_rca,qwen3.8-27b,V - T,fault_type,PodKill,0,0,1,0,1,0,0,0,1
matched_rca,qwen3.8-27b,V - T,fault_type,code error,0,0,1,0.25,1,inf,1,0,0
matched_rca,qwen3.8-27b,V - T,fault_type,cpu stress,1,0,8,0.1,0.75,0.23570226,2,1,5
matched_rca,qwen3.8-27b,V - T,fault_type,dns error,1,0,5,0.033333333,1,0.1118034,1,1,3
matched_rca,qwen3.8-27b,V - T,fault_type,io fault,1,0,5,0.093333333,0.75,0.2923973,2,1,2
matched_rca,qwen3.8-27b,V - T,fault_type,jvm cpu,2,0,3,0.5,0.5,1,2,0,1
matched_rca,qwen3.8-27b,V - T,fault_type,jvm exception,0,0,3,-0.083333333,1,-0.57735027,0,1,2
matched_rca,qwen3.8-27b,V - T,fault_type,jvm gc,0,0,2,0,1,0,1,1,0
matched_rca,qwen3.8-27b,V - T,fault_type,jvm latency,0,0,5,0.066666667,1,0.4472136,1,0,4
matched_rca,qwen3.8-27b,V - T,fault_type,k8s容器cpu负载,0,2,9,-0.14814815,0.5,-0.30740822,2,3,4
matched_rca,qwen3.8-27b,V - T,fault_type,k8s容器内存负载,0,0,8,0.010416667,1,0.092169114,1,1,6
matched_rca,qwen3.8-27b,V - T,fault_type,k8s容器写io负载,0,1,4,-0.375,0.5,-0.78334945,0,2,2
matched_rca,qwen3.8-27b,V - T,fault_type,k8s容器网络丢包,2,1,9,0.2037037,0.28125,0.40725032,5,2,2
matched_rca,qwen3.8-27b,V - T,fault_type,k8s容器网络延迟,0,0,10,0.025,0.5,0.31622777,2,1,7
matched_rca,qwen3.8-27b,V - T,fault_type,k8s容器网络资源包损坏,2,0,10,0.095,0.6875,0.21640196,4,3,3
matched_rca,qwen3.8-27b,V - T,fault_type,k8s容器网络资源包重复发送,1,1,7,0.047619048,1,0.15118579,2,1,4
matched_rca,qwen3.8-27b,V - T,fault_type,k8s容器读io负载,1,0,9,0.055555556,1,0.1490712,1,2,6
matched_rca,qwen3.8-27b,V - T,fault_type,k8s容器进程中止,0,1,5,-0.15,0.875,-0.27708708,2,2,1
matched_rca,qwen3.8-27b,V - T,fault_type,memory stress,0,0,6,-0.097222222,0.5,-0.48583004,0,2,4
matched_rca,qwen3.8-27b,V - T,fault_type,network corrupt,1,2,6,-0.083333333,1,-0.22140372,1,2,3
matched_rca,qwen3.8-27b,V - T,fault_type,network delay,0,0,7,0.011904762,1,0.15877684,1,1,5
matched_rca,qwen3.8-27b,V - T,fault_type,network loss,1,2,5,-0.25,0.5,-0.42426407,1,3,1
matched_rca,qwen3.8-27b,V - T,fault_type,node cpu stress,1,0,6,0.10555556,0.5,0.40824829,2,1,3
matched_rca,qwen3.8-27b,V - T,fault_type,node disk fill,0,0,4,-0.083333333,1,-0.5,0,1,3
matched_rca,qwen3.8-27b,V - T,fault_type,node memory stress,0,2,12,-0.097222222,0.5,-0.25644451,1,2,9
matched_rca,qwen3.8-27b,V - T,fault_type,node 内存消耗,0,0,5,-0.1,1,-0.4472136,0,1,4
matched_rca,qwen3.8-27b,V - T,fault_type,node 磁盘写IO消耗,0,3,6,-0.33333333,0.25,-0.81649658,0,3,3
matched_rca,qwen3.8-27b,V - T,fault_type,node 磁盘空间消耗,0,1,5,-0.21666667,0.5,-0.63433505,1,2,2
matched_rca,qwen3.8-27b,V - T,fault_type,node 磁盘读IO消耗,0,0,5,-0.066666667,1,-0.4472136,0,1,4
matched_rca,qwen3.8-27b,V - T,fault_type,node节点CPU故障,0,0,5,-0.2,0.5,-0.73029674,0,2,3
matched_rca,qwen3.8-27b,V - T,fault_type,node节点CPU爬升,0,0,3,0,1,0,0,0,3
matched_rca,qwen3.8-27b,V - T,fault_type,pod failure,0,0,10,0,1,0,1,1,8
matched_rca,qwen3.8-27b,V - T,fault_type,pod kill,0,0,2,0,1,0,1,1,0
matched_rca,qwen3.8-27b,V - T,fault_type,target port misconfig,0,0,3,0.066666667,1,0.57735027,1,0,2
matched_rca,qwen3.8-27b,V - T,root_service,adservice,3,0,16,0.13541667,0.29005203,0.39050016,5,3,8
matched_rca,qwen3.8-27b,V - T,root_service,adservice-0,0,0,1,0,1,0,0,0,1
matched_rca,qwen3.8-27b,V - T,root_service,adservice-1,0,0,3,-0.11111111,1,-0.57735027,0,1,2
matched_rca,qwen3.8-27b,V - T,root_service,adservice2-0,0,0,1,0,1,0,0,0,1
matched_rca,qwen3.8-27b,V - T,root_service,cartservice,2,2,12,0,1,0,5,5,2
matched_rca,qwen3.8-27b,V - T,root_service,cartservice-0,0,0,2,0.083333333,1,0.70710678,1,0,1
matched_rca,qwen3.8-27b,V - T,root_service,cartservice2-0,0,0,1,0,1,0,0,0,1
matched_rca,qwen3.8-27b,V - T,root_service,checkoutservice,2,3,21,-0.047619048,0.64146856,-0.14085904,4,5,12
matched_rca,qwen3.8-27b,V - T,root_service,checkoutservice-0,0,1,2,-0.33333333,1,-0.70710678,0,1,1
matched_rca,qwen3.8-27b,V - T,root_service,checkoutservice-1,0,1,2,-0.5,1,-0.70710678,0,1,1
matched_rca,qwen3.8-27b,V - T,root_service,currencyservice,0,0,6,-0.069444444,0.5,-0.52015649,0,2,4
matched_rca,qwen3.8-27b,V - T,root_service,currencyservice-0,0,0,1,0,1,0,0,0,1
matched_rca,qwen3.8-27b,V - T,root_service,currencyservice-1,0,0,2,0,1,0,0,0,2
matched_rca,qwen3.8-27b,V - T,root_service,currencyservice-2,0,0,2,-0.25,1,-0.70710678,0,1,1
matched_rca,qwen3.8-27b,V - T,root_service,emailservice,0,1,6,-0.26388889,0.125,-1.1667205,0,4,2
matched_rca,qwen3.8-27b,V - T,root_service,emailservice-1,0,1,2,-0.625,0.5,-1.1785113,0,2,0
matched_rca,qwen3.8-27b,V - T,root_service,frontend,1,0,6,0.23611111,0.125,1.179873,4,0,2
matched_rca,qwen3.8-27b,V - T,root_service,frontend-0,1,0,1,1,1,inf,1,0,0
matched_rca,qwen3.8-27b,V - T,root_service,frontend-1,0,0,1,0,1,0,0,0,1
matched_rca,qwen3.8-27b,V - T,root_service,frontend-2,1,0,1,1,1,inf,1,0,0
matched_rca,qwen3.8-27b,V - T,root_service,frontend2-0,1,0,1,1,1,inf,1,0,0
matched_rca,qwen3.8-27b,V - T,root_service,mysql,2,2,6,-0.16666667,0.5625,-0.2331262,2,3,1
matched_rca,qwen3.8-27b,V - T,root_service,node-1,0,0,6,-0.055555556,1,-0.40824829,0,1,5
matched_rca,qwen3.8-27b,V - T,root_service,node-2,0,0,3,0,1,0,0,0,3
matched_rca,qwen3.8-27b,V - T,root_service,node-3,0,0,7,0.05952381,0.5,0.47745526,2,0,5
matched_rca,qwen3.8-27b,V - T,root_service,node-4,0,2,5,-0.53333333,0.125,-1.4760499,0,4,1
matched_rca,qwen3.8-27b,V - T,root_service,node-5,0,1,12,-0.14166667,0.125,-0.6340331,0,4,8
matched_rca,qwen3.8-27b,V - T,root_service,node-6,0,3,12,-0.13888889,0.375,-0.3519572,1,3,8
matched_rca,qwen3.8-27b,V - T,root_service,node-7,1,0,2,0.25,1,0.70710678,1,0,1
matched_rca,qwen3.8-27b,V - T,root_service,node-8,0,0,4,-0.083333333,1,-0.5,0,1,3
matched_rca,qwen3.8-27b,V - T,root_service,paymentservice,0,0,2,0.15,1,0.70710678,1,0,1
matched_rca,qwen3.8-27b,V - T,root_service,productcatalogservice,1,1,8,0.025,1,0.046366768,2,1,5
matched_rca,qwen3.8-27b,V - T,root_service,productcatalogservice-0,0,0,3,-0.083333333,1,-0.21821789,1,1,1
matched_rca,qwen3.8-27b,V - T,root_service,productcatalogservice-1,0,0,3,0.083333333,1,0.57735027,1,0,2
matched_rca,qwen3.8-27b,V - T,root_service,productcatalogservice-2,0,0,2,-0.083333333,1,-0.70710678,0,1,1
matched_rca,qwen3.8-27b,V - T,root_service,productcatalogservice2-0,0,0,1,-0.16666667,1,-inf,0,1,0
matched_rca,qwen3.8-27b,V - T,root_service,recommendationservice,0,0,5,0.083333333,0.5,0.70710678,2,0,3
matched_rca,qwen3.8-27b,V - T,root_service,recommendationservice-2,0,0,1,0.33333333,1,inf,1,0,0
matched_rca,qwen3.8-27b,V - T,root_service,recommendationservice2-0,0,0,1,0,1,0,0,0,1
matched_rca,qwen3.8-27b,V - T,root_service,shippingservice,0,0,10,0.0033333333,1,0.015791661,2,1,7
matched_rca,qwen3.8-27b,V - T,root_service,shippingservice-0,0,0,1,0,1,0,0,0,1
matched_rca,qwen3.8-27b,V - T,root_service,shippingservice-1,0,0,2,0,1,0,0,0,2
matched_rca,qwen3.8-27b,V - T,root_service,shippingservice2-0,0,0,1,0.5,1,inf,1,0,0
matched_rca,qwen3.8-27b,V - T,root_service,tidb-tidb,0,0,2,0,1,0,0,0,2
matched_rca,qwen3.8-27b,V - T,root_service,tidb-tikv,1,0,10,0.013333333,1,0.05343105,2,2,6
matched_rca,qwen3.8-27b,V - T,root_service,ts-assurance-service,1,1,5,-0.05,1,-0.1118034,1,1,3
matched_rca,qwen3.8-27b,V - T,root_service,ts-auth-service,2,0,4,0.35416667,0.5,0.61184339,2,1,1
matched_rca,qwen3.8-27b,V - T,root_service,ts-basic-service,1,1,19,0.0043859649,0.77843303,0.012464238,3,4,12
matched_rca,qwen3.8-27b,V - T,root_service,ts-config-service,1,1,6,-0.027777778,1,-0.047781848,3,2,1
matched_rca,qwen3.8-27b,V - T,root_service,ts-consign-service,0,1,2,-0.33333333,1,-0.70710678,0,1,1
matched_rca,qwen3.8-27b,V - T,root_service,ts-contacts-service,1,0,2,0.33333333,1,0.70710678,1,0,1
matched_rca,qwen3.8-27b,V - T,root_service,ts-food-service,0,1,3,-0.11111111,1,-0.21821789,1,1,1
matched_rca,qwen3.8-27b,V - T,root_service,ts-inside-payment-service,0,0,2,0,1,0,0,0,2
matched_rca,qwen3.8-27b,V - T,root_service,ts-order-other-service,0,1,4,-0.0625,1,-0.19867985,1,1,2
matched_rca,qwen3.8-27b,V - T,root_service,ts-order-service,0,0,5,0.15,0.5,0.67082039,2,0,3
matched_rca,qwen3.8-27b,V - T,root_service,ts-preserve-service,1,1,5,0.16,0.75,0.31809711,2,1,2
matched_rca,qwen3.8-27b,V - T,root_service,ts-price-service,1,0,2,0.33333333,1,0.70710678,1,0,1
matched_rca,qwen3.8-27b,V - T,root_service,ts-route-plan-service,0,1,6,-0.091666667,0.75,-0.28307676,2,2,2
matched_rca,qwen3.8-27b,V - T,root_service,ts-route-service,0,0,4,0.041666667,1,0.5,1,0,3
matched_rca,qwen3.8-27b,V - T,root_service,ts-seat-service,2,0,6,0.26388889,0.25,0.58837348,3,1,2
matched_rca,qwen3.8-27b,V - T,root_service,ts-security-service,0,0,1,0,1,0,0,0,1
matched_rca,qwen3.8-27b,V - T,root_service,ts-station-food-service,1,0,1,0.66666667,1,inf,1,0,0
matched_rca,qwen3.8-27b,V - T,root_service,ts-station-service,1,0,1,1,1,inf,1,0,0
matched_rca,qwen3.8-27b,V - T,root_service,ts-train-service,1,0,2,0.25,1,0.70710678,1,0,1
matched_rca,qwen3.8-27b,V - T,root_service,ts-travel-plan-service,0,0,3,0.066666667,1,0.57735027,1,0,2
matched_rca,qwen3.8-27b,V - T,root_service,ts-travel-service,1,0,3,0.33333333,1,0.57735027,1,0,2
matched_rca,qwen3.8-27b,V - T,root_service,ts-travel2-service,0,1,2,-0.5,1,-0.70710678,0,1,1
matched_rca,qwen3.8-27b,V - T,root_service,ts-user-service,0,0,1,0,1,0,0,0,1
matched_rca,qwen3.8-27b,V - T,root_service,ts-verification-code-service,0,0,1,0.33333333,1,inf,1,0,0
matched_rca,qwen3.8-27b,H - T,dataset,aegislab,4,9,96,0.012152778,0.49151401,0.040192571,22,17,57
matched_rca,qwen3.8-27b,H - T,dataset,aiops2022,6,4,100,-0.0035,0.79320334,-0.01125284,15,17,68
matched_rca,qwen3.8-27b,H - T,dataset,aiops2025,3,4,93,-0.028494624,0.14568659,-0.11820198,8,15,70
matched_rca,qwen3.8-27b,H - T,fault_type,ContainerKill,0,0,6,0.18055556,0.25,0.84551169,3,0,3
matched_rca,qwen3.8-27b,H - T,fault_type,HTTPRequestAbort,0,0,6,0.0083333333,1,0.40824829,1,0,5
matched_rca,qwen3.8-27b,H - T,fault_type,HTTPRequestDelay,0,1,7,-0.0071428571,1,-0.024690731,1,2,4
matched_rca,qwen3.8-27b,H - T,fault_type,HTTPRequestReplaceMethod,1,1,15,0.088888889,0.29035202,0.23896953,5,2,8
matched_rca,qwen3.8-27b,H - T,fault_type,HTTPRequestReplacePath,0,0,1,-0.33333333,1,-inf,0,1,0
matched_rca,qwen3.8-27b,H - T,fault_type,HTTPResponseAbort,0,0,3,0,1,0,0,0,3
matched_rca,qwen3.8-27b,H - T,fault_type,HTTPResponseDelay,0,1,7,-0.11904762,0.5,-0.56980288,0,2,5
matched_rca,qwen3.8-27b,H - T,fault_type,HTTPResponseReplaceBody,0,0,2,0,1,0,0,0,2
matched_rca,qwen3.8-27b,H - T,fault_type,HTTPResponseReplaceCode,0,1,13,0.012820513,0.875,0.048310964,3,3,7
matched_rca,qwen3.8-27b,H - T,fault_type,JVMException,0,0,3,0,1,0,0,0,3
matched_rca,qwen3.8-27b,H - T,fault_type,JVMLatency,0,1,1,-0.5,1,-inf,0,1,0
matched_rca,qwen3.8-27b,H - T,fault_type,JVMMemoryStress,1,3,14,-0.10714286,0.31904645,-0.27466454,1,3,10
matched_rca,qwen3.8-27b,H - T,fault_type,JVMReturn,0,0,2,0,1,0,0,0,2
matched_rca,qwen3.8-27b,H - T,fault_type,NetworkBandwidth,0,0,2,-0.25,1,-0.70710678,0,1,1
matched_rca,qwen3.8-27b,H - T,fault_type,NetworkCorrupt,0,0,2,0.041666667,1,0.70710678,1,0,1
matched_rca,qwen3.8-27b,H - T,fault_type,NetworkDelay,1,0,1,0.5,1,inf,1,0,0
matched_rca,qwen3.8-27b,H - T,fault_type,NetworkLoss,0,0,3,0.055555556,1,0.13245324,1,1,1
matched_rca,qwen3.8-27b,H - T,fault_type,NetworkPartition,0,1,6,0.13888889,0.625,0.35972154,3,1,2
matched_rca,qwen3.8-27b,H - T,fault_type,PodFailure,0,0,1,0.16666667,1,inf,1,0,0
matched_rca,qwen3.8-27b,H - T,fault_type,PodKill,1,0,1,0.5,1,inf,1,0,0
matched_rca,qwen3.8-27b,H - T,fault_type,code error,0,0,1,0,1,0,0,0,1
matched_rca,qwen3.8-27b,H - T,fault_type,cpu stress,0,0,8,-0.0875,0.5,-0.48403473,0,2,6
matched_rca,qwen3.8-27b,H - T,fault_type,dns error,0,0,5,0,1,0,0,0,5
matched_rca,qwen3.8-27b,H - T,fault_type,io fault,0,0,5,-0.04,1,-0.4472136,0,1,4
matched_rca,qwen3.8-27b,H - T,fault_type,jvm cpu,0,0,3,-0.055555556,1,-0.57735027,0,1,2
matched_rca,qwen3.8-27b,H - T,fault_type,jvm exception,0,0,3,-0.066666667,1,-0.57735027,0,1,2
matched_rca,qwen3.8-27b,H - T,fault_type,jvm gc,1,0,2,0.33333333,1,0.70710678,1,0,1
matched_rca,qwen3.8-27b,H - T,fault_type,jvm latency,1,0,5,0.3,0.5,0.67082039,2,0,3
matched_rca,qwen3.8-27b,H - T,fault_type,k8s容器cpu负载,2,1,9,0.11111111,0.625,0.20333143,3,1,5
matched_rca,qwen3.8-27b,H - T,fault_type,k8s容器内存负载,0,0,8,-0.020833333,1,-0.35355339,0,1,7
matched_rca,qwen3.8-27b,H - T,fault_type,k8s容器写io负载,0,0,4,-0.125,1,-0.5,0,1,3
matched_rca,qwen3.8-27b,H - T,fault_type,k8s容器网络丢包,0,0,9,-0.027777778,1,-0.33333333,0,1,8
matched_rca,qwen3.8-27b,H - T,fault_type,k8s容器网络延迟,0,0,10,0.02,0.625,0.1332785,3,1,6
matched_rca,qwen3.8-27b,H - T,fault_type,k8s容器网络资源包损坏,2,0,10,0.195,0.140625,0.64954352,5,2,3
matched_rca,qwen3.8-27b,H - T,fault_type,k8s容器网络资源包重复发送,0,1,7,-0.21428571,0.5,-0.54470478,0,2,5
matched_rca,qwen3.8-27b,H - T,fault_type,k8s容器读io负载,0,1,9,-0.074074074,0.6875,-0.19346033,2,4,3
matched_rca,qwen3.8-27b,H - T,fault_type,k8s容器进程中止,0,0,5,-0.066666667,1,-0.4472136,0,1,4
matched_rca,qwen3.8-27b,H - T,fault_type,memory stress,0,0,6,-0.055555556,1,-0.40824829,0,1,5
matched_rca,qwen3.8-27b,H - T,fault_type,network corrupt,0,1,6,-0.083333333,1,-0.40824829,0,1,5
matched_rca,qwen3.8-27b,H - T,fault_type,network delay,1,0,7,0.052380952,0.75,0.2076211,2,1,4
matched_rca,qwen3.8-27b,H - T,fault_type,network loss,0,1,5,-0.18333333,0.25,-0.65737574,0,3,2
matched_rca,qwen3.8-27b,H - T,fault_type,node cpu stress,0,0,6,0.063888889,0.5,0.60484444,2,0,4
matched_rca,qwen3.8-27b,H - T,fault_type,node disk fill,0,0,4,0,1,0,0,0,4
matched_rca,qwen3.8-27b,H - T,fault_type,node memory stress,0,1,12,-0.066666667,1,-0.28867513,0,1,11
matched_rca,qwen3.8-27b,H - T,fault_type,node 内存消耗,0,0,5,0,1,0,0,0,5
matched_rca,qwen3.8-27b,H - T,fault_type,node 磁盘写IO消耗,0,0,6,0,1,0,0,0,6
matched_rca,qwen3.8-27b,H - T,fault_type,node 磁盘空间消耗,0,1,5,-0.35,0.25,-0.83666003,0,3,2
matched_rca,qwen3.8-27b,H - T,fault_type,node 磁盘读IO消耗,1,0,5,0.13333333,1,0.4472136,1,0,4
matched_rca,qwen3.8-27b,H - T,fault_type,node节点CPU故障,0,0,5,0,1,0,0,0,5
matched_rca,qwen3.8-27b,H - T,fault_type,node节点CPU爬升,1,0,3,0.33333333,1,0.57735027,1,0,2
matched_rca,qwen3.8-27b,H - T,fault_type,pod failure,0,1,10,-0.13333333,0.5,-0.41403934,0,2,8
matched_rca,qwen3.8-27b,H - T,fault_type,pod kill,0,0,2,-0.20833333,1,-0.50507627,1,1,0
matched_rca,qwen3.8-27b,H - T,fault_type,target port misconfig,0,0,3,0,1,0,0,0,3
matched_rca,qwen3.8-27b,H - T,root_service,adservice,2,0,16,0.12291667,0.33692231,0.38259026,4,2,10
matched_rca,qwen3.8-27b,H - T,root_service,adservice-0,0,0,1,0.5,1,inf,1,0,0
matched_rca,qwen3.8-27b,H - T,root_service,adservice-1,0,0,3,-0.044444444,1,-0.57735027,0,1,2
matched_rca,qwen3.8-27b,H - T,root_service,adservice2-0,0,0,1,0.5,1,inf,1,0,0
matched_rca,qwen3.8-27b,H - T,root_service,cartservice,1,1,12,-0.11527778,0.3671875,-0.34603328,3,5,4
matched_rca,qwen3.8-27b,H - T,root_service,cartservice-0,0,0,2,-0.16666667,1,-0.70710678,0,1,1
matched_rca,qwen3.8-27b,H - T,root_service,cartservice2-0,0,0,1,0,1,0,0,0,1
matched_rca,qwen3.8-27b,H - T,root_service,checkoutservice,1,1,21,-0.003968254,0.58359559,-0.024933082,1,2,18
matched_rca,qwen3.8-27b,H - T,root_service,checkoutservice-0,0,0,2,0,1,0,0,0,2
matched_rca,qwen3.8-27b,H - T,root_service,checkoutservice-1,0,0,2,0,1,0,0,0,2
matched_rca,qwen3.8-27b,H - T,root_service,currencyservice,0,0,6,-0.055555556,1,-0.22140372,1,2,3
matched_rca,qwen3.8-27b,H - T,root_service,currencyservice-0,0,0,1,0,1,0,0,0,1
matched_rca,qwen3.8-27b,H - T,root_service,currencyservice-1,1,0,2,0.5,1,0.70710678,1,0,1
matched_rca,qwen3.8-27b,H - T,root_service,currencyservice-2,1,0,2,0.25,1,0.70710678,1,0,1
matched_rca,qwen3.8-27b,H - T,root_service,emailservice,0,1,6,-0.34722222,0.125,-0.92783702,0,4,2
matched_rca,qwen3.8-27b,H - T,root_service,emailservice-1,0,0,2,-0.125,1,-0.70710678,0,1,1
matched_rca,qwen3.8-27b,H - T,root_service,frontend,0,0,6,0.19444444,0.25,0.79259392,3,0,3
matched_rca,qwen3.8-27b,H - T,root_service,frontend-0,0,0,1,0.5,1,inf,1,0,0
matched_rca,qwen3.8-27b,H - T,root_service,frontend-1,0,0,1,0,1,0,0,0,1
matched_rca,qwen3.8-27b,H - T,root_service,frontend-2,0,0,1,0,1,0,0,0,1
matched_rca,qwen3.8-27b,H - T,root_service,frontend2-0,0,0,1,0,1,0,0,0,1
matched_rca,qwen3.8-27b,H - T,root_service,mysql,1,1,6,-0.13888889,0.625,-0.35972154,1,3,2
matched_rca,qwen3.8-27b,H - T,root_service,node-1,1,0,6,0.11111111,1,0.40824829,1,0,5
matched_rca,qwen3.8-27b,H - T,root_service,node-2,1,0,3,0.33333333,1,0.57735027,1,0,2
matched_rca,qwen3.8-27b,H - T,root_service,node-3,0,0,7,-0.035714286,1,-0.37796447,0,1,6
matched_rca,qwen3.8-27b,H - T,root_service,node-4,0,0,5,0,1,0,0,0,5
matched_rca,qwen3.8-27b,H - T,root_service,node-5,0,0,12,-0.030555556,1,-0.20006916,1,1,10
matched_rca,qwen3.8-27b,H - T,root_service,node-6,0,2,12,-0.15,0.5,-0.42503757,0,2,10
matched_rca,qwen3.8-27b,H - T,root_service,node-7,0,0,2,0,1,0,0,0,2
matched_rca,qwen3.8-27b,H - T,root_service,node-8,0,0,4,0.0625,1,0.5,1,0,3
matched_rca,qwen3.8-27b,H - T,root_service,paymentservice,0,0,2,-0.1,1,-0.70710678,0,1,1
matched_rca,qwen3.8-27b,H - T,root_service,productcatalogservice,1,1,8,-0.0625,1,-0.14978617,1,1,6
matched_rca,qwen3.8-27b,H - T,root_service,productcatalogservice-0,0,0,3,-0.16666667,1,-0.57735027,0,1,2
matched_rca,qwen3.8-27b,H - T,root_service,productcatalogservice-1,0,0,3,-0.11111111,1,-0.57735027,0,1,2
matched_rca,qwen3.8-27b,H - T,root_service,productcatalogservice-2,0,0,2,-0.15,1,-0.30304576,1,1,0
matched_rca,qwen3.8-27b,H - T,root_service,productcatalogservice2-0,0,0,1,-0.16666667,1,-inf,0,1,0
matched_rca,qwen3.8-27b,H - T,root_service,recommendationservice,0,0,5,0,1,0,0,0,5
matched_rca,qwen3.8-27b,H - T,root_service,recommendationservice-2,0,0,1,0,1,0,0,0,1
matched_rca,qwen3.8-27b,H - T,root_service,recommendationservice2-0,0,0,1,0,1,0,0,0,1
matched_rca,qwen3.8-27b,H - T,root_service,shippingservice,0,1,10,-0.05,1,-0.31622777,0,1,9
matched_rca,qwen3.8-27b,H - T,root_service,shippingservice-0,0,0,1,0,1,0,0,0,1
matched_rca,qwen3.8-27b,H - T,root_service,shippingservice-1,0,0,2,0,1,0,0,0,2
matched_rca,qwen3.8-27b,H - T,root_service,shippingservice2-0,0,0,1,0,1,0,0,0,1
matched_rca,qwen3.8-27b,H - T,root_service,tidb-tidb,0,1,2,-0.5,1,-0.70710678,0,1,1
matched_rca,qwen3.8-27b,H - T,root_service,tidb-tikv,0,0,10,-0.053333333,0.5,-0.45683219,0,2,8
matched_rca,qwen3.8-27b,H - T,root_service,ts-assurance-service,0,1,5,-0.2,1,-0.4472136,0,1,4
matched_rca,qwen3.8-27b,H - T,root_service,ts-auth-service,0,0,4,0.0625,0.5,0.78334945,2,0,2
matched_rca,qwen3.8-27b,H - T,root_service,ts-basic-service,1,0,19,0.048245614,0.90919563,0.17428146,2,2,15
matched_rca,qwen3.8-27b,H - T,root_service,ts-config-service,0,1,6,-0.13888889,0.5,-0.45417026,1,3,2
matched_rca,qwen3.8-27b,H - T,root_service,ts-consign-service,0,1,2,-0.25,1,-0.70710678,0,1,1
matched_rca,qwen3.8-27b,H - T,root_service,ts-contacts-service,0,0,2,0.16666667,1,0.70710678,1,0,1
matched_rca,qwen3.8-27b,H - T,root_service,ts-food-service,0,1,3,-0.22222222,1,-0.57735027,0,1,2
matched_rca,qwen3.8-27b,H - T,root_service,ts-inside-payment-service,0,0,2,0,1,0,0,0,2
matched_rca,qwen3.8-27b,H - T,root_service,ts-order-other-service,0,1,4,-0.0625,1,-0.14638501,1,2,1
matched_rca,qwen3.8-27b,H - T,root_service,ts-order-service,0,0,5,0.2,0.5,0.73029674,2,0,3
matched_rca,qwen3.8-27b,H - T,root_service,ts-preserve-service,0,1,5,0.14333333,0.5,0.36348124,4,1,0
matched_rca,qwen3.8-27b,H - T,root_service,ts-price-service,0,0,2,0.083333333,1,0.70710678,1,0,1
matched_rca,qwen3.8-27b,H - T,root_service,ts-route-plan-service,0,0,6,0.047222222,1,0.33352573,1,1,4
matched_rca,qwen3.8-27b,H - T,root_service,ts-route-service,0,0,4,0.125,1,0.5,1,0,3
matched_rca,qwen3.8-27b,H - T,root_service,ts-seat-service,0,1,6,0.027777778,1,0.069404292,2,1,3
matched_rca,qwen3.8-27b,H - T,root_service,ts-security-service,0,0,1,0,1,0,0,0,1
matched_rca,qwen3.8-27b,H - T,root_service,ts-station-food-service,1,0,1,0.66666667,1,inf,1,0,0
matched_rca,qwen3.8-27b,H - T,root_service,ts-station-service,0,0,1,0,1,0,0,0,1
matched_rca,qwen3.8-27b,H - T,root_service,ts-train-service,0,0,2,0,1,0,0,0,2
matched_rca,qwen3.8-27b,H - T,root_service,ts-travel-plan-service,0,0,3,0,1,0,0,0,3
matched_rca,qwen3.8-27b,H - T,root_service,ts-travel-service,0,0,3,0,1,0,0,0,3
matched_rca,qwen3.8-27b,H - T,root_service,ts-travel2-service,0,1,2,-0.25,1,-0.70710678,0,1,1
matched_rca,qwen3.8-27b,H - T,root_service,ts-user-service,1,0,1,0.5,1,inf,1,0,0
matched_rca,qwen3.8-27b,H - T,root_service,ts-verification-code-service,0,0,1,0.25,1,inf,1,0,0
ledger_handoff_rca,qwen3.6-27b,L_vis - L_txt,dataset,aegislab,10,9,96,-0.013194444,0.72446453,-0.041936039,18,20,58
ledger_handoff_rca,qwen3.6-27b,L_vis - L_txt,dataset,aiops2022,5,10,100,-0.0175,0.78022751,-0.060343308,19,16,65
ledger_handoff_rca,qwen3.6-27b,L_vis - L_txt,dataset,aiops2025,4,10,93,-0.066487455,0.036122765,-0.22764215,10,22,61
ledger_handoff_rca,qwen3.6-27b,L_vis - L_txt,fault_type,ContainerKill,2,2,6,-0.0055555556,1,-0.0081308875,2,2,2
ledger_handoff_rca,qwen3.6-27b,L_vis - L_txt,fault_type,HTTPRequestAbort,0,0,6,-0.097222222,0.5,-0.63583837,0,2,4
ledger_handoff_rca,qwen3.6-27b,L_vis - L_txt,fault_type,HTTPRequestDelay,1,1,7,-0.095238095,0.5,-0.26831139,1,3,3
ledger_handoff_rca,qwen3.6-27b,L_vis - L_txt,fault_type,HTTPRequestReplaceMethod,3,0,15,0.14444444,0.045945088,0.57564968,4,0,11
ledger_handoff_rca,qwen3.6-27b,L_vis - L_txt,fault_type,HTTPRequestReplacePath,0,0,1,0,1,0,0,0,1
ledger_handoff_rca,qwen3.6-27b,L_vis - L_txt,fault_type,HTTPResponseAbort,0,0,3,0.083333333,1,0.57735027,1,0,2
ledger_handoff_rca,qwen3.6-27b,L_vis - L_txt,fault_type,HTTPResponseDelay,0,1,7,-0.10714286,0.5,-0.43085716,0,2,5
ledger_handoff_rca,qwen3.6-27b,L_vis - L_txt,fault_type,HTTPResponseReplaceBody,0,0,2,0,1,0,0,0,2
ledger_handoff_rca,qwen3.6-27b,L_vis - L_txt,fault_type,HTTPResponseReplaceCode,2,1,13,0.053846154,0.6875,0.16576573,4,3,6
ledger_handoff_rca,qwen3.6-27b,L_vis - L_txt,fault_type,JVMException,0,1,3,-0.16666667,1,-0.37796447,1,1,1
ledger_handoff_rca,qwen3.6-27b,L_vis - L_txt,fault_type,JVMLatency,0,0,1,-0.25,1,-inf,0,1,0
ledger_handoff_rca,qwen3.6-27b,L_vis - L_txt,fault_type,JVMMemoryStress,2,1,14,0.05,0.33821191,0.20747616,3,1,10
ledger_handoff_rca,qwen3.6-27b,L_vis - L_txt,fault_type,JVMReturn,0,0,2,0,1,0,0,0,2
ledger_handoff_rca,qwen3.6-27b,L_vis - L_txt,fault_type,NetworkBandwidth,0,0,2,0.083333333,1,0.70710678,1,0,1
ledger_handoff_rca,qwen3.6-27b,L_vis - L_txt,fault_type,NetworkCorrupt,0,0,2,0,1,0,0,0,2
ledger_handoff_rca,qwen3.6-27b,L_vis - L_txt,fault_type,NetworkDelay,0,0,1,-0.3,1,-inf,0,1,0
ledger_handoff_rca,qwen3.6-27b,L_vis - L_txt,fault_type,NetworkLoss,0,0,3,-0.11111111,1,-0.32025631,1,1,1
ledger_handoff_rca,qwen3.6-27b,L_vis - L_txt,fault_type,NetworkPartition,0,2,6,-0.30555556,0.25,-0.76344721,0,3,3
ledger_handoff_rca,qwen3.6-27b,L_vis - L_txt,fault_type,PodFailure,0,0,1,0,1,0,0,0,1
ledger_handoff_rca,qwen3.6-27b,L_vis - L_txt,fault_type,PodKill,0,0,1,0,1,0,0,0,1
ledger_handoff_rca,qwen3.6-27b,L_vis - L_txt,fault_type,code error,0,0,1,0.5,1,inf,1,0,0
ledger_handoff_rca,qwen3.6-27b,L_vis - L_txt,fault_type,cpu stress,0,1,8,-0.19166667,0.25,-0.54770777,0,3,5
ledger_handoff_rca,qwen3.6-27b,L_vis - L_txt,fault_type,dns error,0,2,5,-0.33333333,0.5,-0.70710678,0,2,3
ledger_handoff_rca,qwen3.6-27b,L_vis - L_txt,fault_type,io fault,0,1,5,-0.19,0.25,-0.91626136,0,3,2
ledger_handoff_rca,qwen3.6-27b,L_vis - L_txt,fault_type,jvm cpu,0,1,3,-0.25,1,-0.57735027,0,1,2
ledger_handoff_rca,qwen3.6-27b,L_vis - L_txt,fault_type,jvm exception,0,0,3,-0.066666667,1,-0.57735027,0,1,2
ledger_handoff_rca,qwen3.6-27b,L_vis - L_txt,fault_type,jvm gc,0,0,2,0,1,0,0,0,2
ledger_handoff_rca,qwen3.6-27b,L_vis - L_txt,fault_type,jvm latency,0,0,5,-0.066666667,1,-0.4472136,0,1,4
ledger_handoff_rca,qwen3.6-27b,L_vis - L_txt,fault_type,k8s容器cpu负载,0,1,9,0.027777778,1,0.10540926,2,1,6
ledger_handoff_rca,qwen3.6-27b,L_vis - L_txt,fault_type,k8s容器内存负载,1,0,8,0.09375,0.5,0.50401613,2,0,6
ledger_handoff_rca,qwen3.6-27b,L_vis - L_txt,fault_type,k8s容器写io负载,0,0,4,0.0625,1,0.5,1,0,3
ledger_handoff_rca,qwen3.6-27b,L_vis - L_txt,fault_type,k8s容器网络丢包,1,0,9,0.07962963,0.5,0.2344064,3,1,5
ledger_handoff_rca,qwen3.6-27b,L_vis - L_txt,fault_type,k8s容器网络延迟,1,0,10,0.15,0.125,0.61300342,4,0,6
ledger_handoff_rca,qwen3.6-27b,L_vis - L_txt,fault_type,k8s容器网络资源包损坏,1,0,10,0.013333333,1,0.071156807,1,2,7
ledger_handoff_rca,qwen3.6-27b,L_vis - L_txt,fault_type,k8s容器网络资源包重复发送,0,1,7,-0.064285714,1,-0.33302892,1,1,5
ledger_handoff_rca,qwen3.6-27b,L_vis - L_txt,fault_type,k8s容器读io负载,0,2,9,-0.18518519,0.375,-0.44054573,2,4,3
ledger_handoff_rca,qwen3.6-27b,L_vis - L_txt,fault_type,k8s容器进程中止,1,0,5,0.14333333,0.5,0.48860482,2,0,3
ledger_handoff_rca,qwen3.6-27b,L_vis - L_txt,fault_type,memory stress,0,1,6,0.0055555556,1,0.019619161,2,1,3
ledger_handoff_rca,qwen3.6-27b,L_vis - L_txt,fault_type,network corrupt,2,1,6,0.041666667,0.625,0.0747853,3,1,2
ledger_handoff_rca,qwen3.6-27b,L_vis - L_txt,fault_type,network delay,0,0,7,-0.13571429,0.0625,-1.1423633,0,5,2
ledger_handoff_rca,qwen3.6-27b,L_vis - L_txt,fault_type,network loss,1,1,5,0,1,0,1,1,3
ledger_handoff_rca,qwen3.6-27b,L_vis - L_txt,fault_type,node cpu stress,1,0,6,0.083333333,1,0.40824829,1,0,5
ledger_handoff_rca,qwen3.6-27b,L_vis - L_txt,fault_type,node disk fill,0,0,4,0,1,0,0,0,4
ledger_handoff_rca,qwen3.6-27b,L_vis - L_txt,fault_type,node memory stress,0,1,12,-0.083333333,1,-0.28867513,0,1,11
ledger_handoff_rca,qwen3.6-27b,L_vis - L_txt,fault_type,node 内存消耗,0,0,5,-0.04,1,-0.4472136,0,1,4
ledger_handoff_rca,qwen3.6-27b,L_vis - L_txt,fault_type,node 磁盘写IO消耗,0,1,6,-0.11111111,1,-0.40824829,0,1,5
ledger_handoff_rca,qwen3.6-27b,L_vis - L_txt,fault_type,node 磁盘空间消耗,0,2,5,-0.26666667,0.5,-0.73029674,0,2,3
ledger_handoff_rca,qwen3.6-27b,L_vis - L_txt,fault_type,node 磁盘读IO消耗,0,1,5,-0.15,1,-0.4472136,0,1,4
ledger_handoff_rca,qwen3.6-27b,L_vis - L_txt,fault_type,node节点CPU故障,0,2,5,-0.2,0.5,-0.4472136,1,2,2
ledger_handoff_rca,qwen3.6-27b,L_vis - L_txt,fault_type,node节点CPU爬升,0,0,3,0,1,0,0,0,3
ledger_handoff_rca,qwen3.6-27b,L_vis - L_txt,fault_type,pod failure,0,0,10,0.011666667,1,0.12459014,1,1,8
ledger_handoff_rca,qwen3.6-27b,L_vis - L_txt,fault_type,pod kill,0,1,2,-0.1,1,-0.1767767,1,1,0
ledger_handoff_rca,qwen3.6-27b,L_vis - L_txt,fault_type,target port misconfig,0,0,3,0,1,0,0,0,3
ledger_handoff_rca,qwen3.6-27b,L_vis - L_txt,root_service,adservice,1,1,16,-0.033333333,0.3531205,-0.11508707,1,3,12
ledger_handoff_rca,qwen3.6-27b,L_vis - L_txt,root_service,adservice-0,0,1,1,-1,1,-inf,0,1,0
ledger_handoff_rca,qwen3.6-27b,L_vis - L_txt,root_service,adservice-1,0,0,3,-0.055555556,1,-0.57735027,0,1,2
ledger_handoff_rca,qwen3.6-27b,L_vis - L_txt,root_service,adservice2-0,0,0,1,0,1,0,0,0,1
ledger_handoff_rca,qwen3.6-27b,L_vis - L_txt,root_service,cartservice,1,3,12,-0.040277778,0.796875,-0.12497931,4,4,4
ledger_handoff_rca,qwen3.6-27b,L_vis - L_txt,root_service,cartservice-0,0,0,2,0.083333333,1,0.70710678,1,0,1
ledger_handoff_rca,qwen3.6-27b,L_vis - L_txt,root_service,cartservice2-0,0,0,1,0,1,0,0,0,1
ledger_handoff_rca,qwen3.6-27b,L_vis - L_txt,root_service,checkoutservice,3,4,21,-0.12857143,0.19892493,-0.27987917,3,7,11
ledger_handoff_rca,qwen3.6-27b,L_vis - L_txt,root_service,checkoutservice-0,0,0,2,0,1,0,0,0,2
ledger_handoff_rca,qwen3.6-27b,L_vis - L_txt,root_service,checkoutservice-1,0,0,2,0,1,0,0,0,2
ledger_handoff_rca,qwen3.6-27b,L_vis - L_txt,root_service,currencyservice,0,0,6,0.022222222,1,0.12909944,1,1,4
ledger_handoff_rca,qwen3.6-27b,L_vis - L_txt,root_service,currencyservice-0,0,0,1,0,1,0,0,0,1
ledger_handoff_rca,qwen3.6-27b,L_vis - L_txt,root_service,currencyservice-1,0,0,2,0,1,0,0,0,2
ledger_handoff_rca,qwen3.6-27b,L_vis - L_txt,root_service,currencyservice-2,0,0,2,0.375,0.5,2.1213203,2,0,0
ledger_handoff_rca,qwen3.6-27b,L_vis - L_txt,root_service,emailservice,1,0,6,0.13333333,1,0.40824829,1,0,5
ledger_handoff_rca,qwen3.6-27b,L_vis - L_txt,root_service,emailservice-1,0,0,2,0,1,0,0,0,2
ledger_handoff_rca,qwen3.6-27b,L_vis - L_txt,root_service,frontend,1,1,6,0.091666667,0.625,0.22886885,3,2,1
ledger_handoff_rca,qwen3.6-27b,L_vis - L_txt,root_service,frontend-0,0,0,1,0,1,0,0,0,1
ledger_handoff_rca,qwen3.6-27b,L_vis - L_txt,root_service,frontend-1,0,0,1,0.25,1,inf,1,0,0
ledger_handoff_rca,qwen3.6-27b,L_vis - L_txt,root_service,frontend-2,0,0,1,0,1,0,0,0,1
ledger_handoff_rca,qwen3.6-27b,L_vis - L_txt,root_service,frontend2-0,0,0,1,0,1,0,0,0,1
ledger_handoff_rca,qwen3.6-27b,L_vis - L_txt,root_service,mysql,0,1,6,-0.27222222,0.25,-0.6335383,1,3,2
ledger_handoff_rca,qwen3.6-27b,L_vis - L_txt,root_service,node-1,0,0,6,0,1,0,0,0,6
ledger_handoff_rca,qwen3.6-27b,L_vis - L_txt,root_service,node-2,0,0,3,0,1,0,0,0,3
ledger_handoff_rca,qwen3.6-27b,L_vis - L_txt,root_service,node-3,1,1,7,-0.023809524,1,-0.070186241,1,1,5
ledger_handoff_rca,qwen3.6-27b,L_vis - L_txt,root_service,node-4,0,2,5,-0.26666667,0.5,-0.4868645,1,2,2
ledger_handoff_rca,qwen3.6-27b,L_vis - L_txt,root_service,node-5,0,2,12,-0.13472222,0.25,-0.49070527,0,3,9
ledger_handoff_rca,qwen3.6-27b,L_vis - L_txt,root_service,node-6,0,2,12,-0.11111111,0.5,-0.42817442,0,2,10
ledger_handoff_rca,qwen3.6-27b,L_vis - L_txt,root_service,node-7,0,0,2,0,1,0,0,0,2
ledger_handoff_rca,qwen3.6-27b,L_vis - L_txt,root_service,node-8,0,0,4,0,1,0,0,0,4
ledger_handoff_rca,qwen3.6-27b,L_vis - L_txt,root_service,paymentservice,0,0,2,0,1,0,0,0,2
ledger_handoff_rca,qwen3.6-27b,L_vis - L_txt,root_service,productcatalogservice,0,0,8,0.045833333,0.5,0.30120438,2,1,5
ledger_handoff_rca,qwen3.6-27b,L_vis - L_txt,root_service,productcatalogservice-0,0,0,3,0.055555556,1,0.57735027,1,0,2
ledger_handoff_rca,qwen3.6-27b,L_vis - L_txt,root_service,productcatalogservice-1,0,0,3,-0.27777778,0.5,-1.0910895,0,2,1
ledger_handoff_rca,qwen3.6-27b,L_vis - L_txt,root_service,productcatalogservice-2,0,1,2,-0.20833333,1,-0.32141217,1,1,0
ledger_handoff_rca,qwen3.6-27b,L_vis - L_txt,root_service,productcatalogservice2-0,1,0,1,0.5,1,inf,1,0,0
ledger_handoff_rca,qwen3.6-27b,L_vis - L_txt,root_service,recommendationservice,0,0,5,0.043333333,0.625,0.175772,3,1,1
ledger_handoff_rca,qwen3.6-27b,L_vis - L_txt,root_service,recommendationservice-2,0,0,1,0,1,0,0,0,1
ledger_handoff_rca,qwen3.6-27b,L_vis - L_txt,root_service,recommendationservice2-0,0,0,1,0,1,0,0,0,1
ledger_handoff_rca,qwen3.6-27b,L_vis - L_txt,root_service,shippingservice,0,1,10,-0.041666667,0.75,-0.21997067,1,2,7
ledger_handoff_rca,qwen3.6-27b,L_vis - L_txt,root_service,shippingservice-0,0,0,1,0,1,0,0,0,1
ledger_handoff_rca,qwen3.6-27b,L_vis - L_txt,root_service,shippingservice-1,0,0,2,0,1,0,0,0,2
ledger_handoff_rca,qwen3.6-27b,L_vis - L_txt,root_service,shippingservice2-0,0,0,1,0.25,1,inf,1,0,0
ledger_handoff_rca,qwen3.6-27b,L_vis - L_txt,root_service,tidb-tidb,0,0,2,-0.066666667,1,-0.70710678,0,1,1
ledger_handoff_rca,qwen3.6-27b,L_vis - L_txt,root_service,tidb-tikv,0,1,10,-0.095,0.25,-0.55652812,0,3,7
ledger_handoff_rca,qwen3.6-27b,L_vis - L_txt,root_service,ts-assurance-service,1,0,5,0.1,1,0.4472136,1,0,4
ledger_handoff_rca,qwen3.6-27b,L_vis - L_txt,root_service,ts-auth-service,0,1,4,-0.25,1,-0.5,0,1,3
ledger_handoff_rca,qwen3.6-27b,L_vis - L_txt,root_service,ts-basic-service,1,0,19,0.10701754,0.080527355,0.49649362,5,1,13
ledger_handoff_rca,qwen3.6-27b,L_vis - L_txt,root_service,ts-config-service,1,2,6,-0.11111111,1,-0.22140372,1,2,3
ledger_handoff_rca,qwen3.6-27b,L_vis - L_txt,root_service,ts-consign-service,0,0,2,-0.125,1,-0.70710678,0,1,1
ledger_handoff_rca,qwen3.6-27b,L_vis - L_txt,root_service,ts-contacts-service,1,0,2,0.25,1,0.70710678,1,0,1
ledger_handoff_rca,qwen3.6-27b,L_vis - L_txt,root_service,ts-food-service,1,0,3,0.16666667,1,0.57735027,1,0,2
ledger_handoff_rca,qwen3.6-27b,L_vis - L_txt,root_service,ts-inside-payment-service,0,0,2,0,1,0,0,0,2
ledger_handoff_rca,qwen3.6-27b,L_vis - L_txt,root_service,ts-order-other-service,0,0,4,0.041666667,1,0.5,1,0,3
ledger_handoff_rca,qwen3.6-27b,L_vis - L_txt,root_service,ts-order-service,1,0,5,0.19333333,0.5,0.55758921,2,0,3
ledger_handoff_rca,qwen3.6-27b,L_vis - L_txt,root_service,ts-preserve-service,1,1,5,-0.1,0.75,-0.2300895,1,2,2
ledger_handoff_rca,qwen3.6-27b,L_vis - L_txt,root_service,ts-price-service,0,0,2,0.1,1,0.70710678,1,0,1
ledger_handoff_rca,qwen3.6-27b,L_vis - L_txt,root_service,ts-route-plan-service,0,0,6,-0.13888889,0.25,-0.89514359,0,3,3
ledger_handoff_rca,qwen3.6-27b,L_vis - L_txt,root_service,ts-route-service,0,0,4,-0.0625,1,-0.5,0,1,3
ledger_handoff_rca,qwen3.6-27b,L_vis - L_txt,root_service,ts-seat-service,1,2,6,-0.13888889,0.4375,-0.37021805,1,4,1
ledger_handoff_rca,qwen3.6-27b,L_vis - L_txt,root_service,ts-security-service,0,1,1,-0.66666667,1,-inf,0,1,0
ledger_handoff_rca,qwen3.6-27b,L_vis - L_txt,root_service,ts-station-food-service,0,0,1,0,1,0,0,0,1
ledger_handoff_rca,qwen3.6-27b,L_vis - L_txt,root_service,ts-station-service,1,0,1,0.5,1,inf,1,0,0
ledger_handoff_rca,qwen3.6-27b,L_vis - L_txt,root_service,ts-train-service,0,0,2,0,1,0,0,0,2
ledger_handoff_rca,qwen3.6-27b,L_vis - L_txt,root_service,ts-travel-plan-service,0,1,3,-0.16666667,1,-0.57735027,0,1,2
ledger_handoff_rca,qwen3.6-27b,L_vis - L_txt,root_service,ts-travel-service,0,0,3,0,1,0,0,0,3
ledger_handoff_rca,qwen3.6-27b,L_vis - L_txt,root_service,ts-travel2-service,1,0,2,0.25,1,0.70710678,1,0,1
ledger_handoff_rca,qwen3.6-27b,L_vis - L_txt,root_service,ts-user-service,0,0,1,0,1,0,0,0,1
ledger_handoff_rca,qwen3.6-27b,L_vis - L_txt,root_service,ts-verification-code-service,0,0,1,0,1,0,0,0,1
ledger_handoff_rca,qwen3.6-27b,L_hyb - L_txt,dataset,aegislab,6,5,96,-0.0083333333,0.70813084,-0.035618767,12,14,70
ledger_handoff_rca,qwen3.6-27b,L_hyb - L_txt,dataset,aiops2022,5,2,100,0.037333333,0.018353028,0.17973826,14,4,82
ledger_handoff_rca,qwen3.6-27b,L_hyb - L_txt,dataset,aiops2025,3,2,93,0.010394265,0.21444248,0.070754149,10,5,78
ledger_handoff_rca,qwen3.6-27b,L_hyb - L_txt,fault_type,ContainerKill,2,0,6,0.19444444,0.5,0.63583837,2,0,4
ledger_handoff_rca,qwen3.6-27b,L_hyb - L_txt,fault_type,HTTPRequestAbort,0,0,6,-0.041666667,1,-0.40824829,0,1,5
ledger_handoff_rca,qwen3.6-27b,L_hyb - L_txt,fault_type,HTTPRequestDelay,0,0,7,-0.071428571,0.5,-0.58554004,0,2,5
ledger_handoff_rca,qwen3.6-27b,L_hyb - L_txt,fault_type,HTTPRequestReplaceMethod,0,1,15,-0.13111111,0.16074194,-0.42862761,1,4,10
ledger_handoff_rca,qwen3.6-27b,L_hyb - L_txt,fault_type,HTTPRequestReplacePath,0,0,1,0,1,0,0,0,1
ledger_handoff_rca,qwen3.6-27b,L_hyb - L_txt,fault_type,HTTPResponseAbort,0,0,3,0,1,0,0,0,3
ledger_handoff_rca,qwen3.6-27b,L_hyb - L_txt,fault_type,HTTPResponseDelay,0,0,7,-0.011904762,1,-0.37796447,0,1,6
ledger_handoff_rca,qwen3.6-27b,L_hyb - L_txt,fault_type,HTTPResponseReplaceBody,0,0,2,0,1,0,0,0,2
ledger_handoff_rca,qwen3.6-27b,L_hyb - L_txt,fault_type,HTTPResponseReplaceCode,0,2,13,-0.064102564,0.5,-0.32241294,1,2,10
ledger_handoff_rca,qwen3.6-27b,L_hyb - L_txt,fault_type,JVMException,0,1,3,-0.16666667,1,-0.37796447,1,1,1
ledger_handoff_rca,qwen3.6-27b,L_hyb - L_txt,fault_type,JVMLatency,1,0,1,0.75,1,inf,1,0,0
ledger_handoff_rca,qwen3.6-27b,L_hyb - L_txt,fault_type,JVMMemoryStress,2,0,14,0.089285714,0.08372067,0.47942091,3,0,11
ledger_handoff_rca,qwen3.6-27b,L_hyb - L_txt,fault_type,JVMReturn,0,0,2,0,1,0,0,0,2
ledger_handoff_rca,qwen3.6-27b,L_hyb - L_txt,fault_type,NetworkBandwidth,0,0,2,0.083333333,1,0.70710678,1,0,1
ledger_handoff_rca,qwen3.6-27b,L_hyb - L_txt,fault_type,NetworkCorrupt,1,0,2,0.25,1,0.70710678,1,0,1
ledger_handoff_rca,qwen3.6-27b,L_hyb - L_txt,fault_type,NetworkDelay,0,0,1,0,1,0,0,0,1
ledger_handoff_rca,qwen3.6-27b,L_hyb - L_txt,fault_type,NetworkLoss,0,0,3,-0.055555556,1,-0.57735027,0,1,2
ledger_handoff_rca,qwen3.6-27b,L_hyb - L_txt,fault_type,NetworkPartition,0,1,6,-0.097222222,0.5,-0.48583004,0,2,4
ledger_handoff_rca,qwen3.6-27b,L_hyb - L_txt,fault_type,PodFailure,0,0,1,0.25,1,inf,1,0,0
ledger_handoff_rca,qwen3.6-27b,L_hyb - L_txt,fault_type,PodKill,0,0,1,0,1,0,0,0,1
ledger_handoff_rca,qwen3.6-27b,L_hyb - L_txt,fault_type,code error,0,0,1,0,1,0,0,0,1
ledger_handoff_rca,qwen3.6-27b,L_hyb - L_txt,fault_type,cpu stress,0,0,8,-0.0083333333,1,-0.092169114,1,1,6
ledger_handoff_rca,qwen3.6-27b,L_hyb - L_txt,fault_type,dns error,0,0,5,0,1,0,0,0,5
ledger_handoff_rca,qwen3.6-27b,L_hyb - L_txt,fault_type,io fault,0,0,5,0.01,1,0.4472136,1,0,4
ledger_handoff_rca,qwen3.6-27b,L_hyb - L_txt,fault_type,jvm cpu,1,0,3,0.16666667,1,0.57735027,1,0,2
ledger_handoff_rca,qwen3.6-27b,L_hyb - L_txt,fault_type,jvm exception,0,0,3,0.016666667,1,0.57735027,1,0,2
ledger_handoff_rca,qwen3.6-27b,L_hyb - L_txt,fault_type,jvm gc,0,0,2,0,1,0,0,0,2
ledger_handoff_rca,qwen3.6-27b,L_hyb - L_txt,fault_type,jvm latency,1,1,5,0.033333333,1,0.080321933,1,1,3
ledger_handoff_rca,qwen3.6-27b,L_hyb - L_txt,fault_type,k8s容器cpu负载,1,0,9,0.11111111,1,0.33333333,1,0,8
ledger_handoff_rca,qwen3.6-27b,L_hyb - L_txt,fault_type,k8s容器内存负载,0,0,8,0.041666667,1,0.35355339,1,0,7
ledger_handoff_rca,qwen3.6-27b,L_hyb - L_txt,fault_type,k8s容器写io负载,0,0,4,0,1,0,0,0,4
ledger_handoff_rca,qwen3.6-27b,L_hyb - L_txt,fault_type,k8s容器网络丢包,1,0,9,0.033333333,1,0.17817416,1,1,7
ledger_handoff_rca,qwen3.6-27b,L_hyb - L_txt,fault_type,k8s容器网络延迟,1,0,10,0.11166667,0.125,0.63243205,4,1,5
ledger_handoff_rca,qwen3.6-27b,L_hyb - L_txt,fault_type,k8s容器网络资源包损坏,1,0,10,0.085,0.5,0.33768171,2,0,8
ledger_handoff_rca,qwen3.6-27b,L_hyb - L_txt,fault_type,k8s容器网络资源包重复发送,0,0,7,0,1,0,0,0,7
ledger_handoff_rca,qwen3.6-27b,L_hyb - L_txt,fault_type,k8s容器读io负载,0,1,9,-0.042592593,1,-0.15374902,2,1,6
ledger_handoff_rca,qwen3.6-27b,L_hyb - L_txt,fault_type,k8s容器进程中止,1,0,5,0.16,1,0.4472136,1,0,4
ledger_handoff_rca,qwen3.6-27b,L_hyb - L_txt,fault_type,memory stress,0,0,6,0,1,0,0,0,6
ledger_handoff_rca,qwen3.6-27b,L_hyb - L_txt,fault_type,network corrupt,1,0,6,0.125,0.5,0.5976143,2,0,4
ledger_handoff_rca,qwen3.6-27b,L_hyb - L_txt,fault_type,network delay,0,0,7,-0.04047619,1,-0.31022104,1,1,5
ledger_handoff_rca,qwen3.6-27b,L_hyb - L_txt,fault_type,network loss,0,0,5,0,1,0,0,0,5
ledger_handoff_rca,qwen3.6-27b,L_hyb - L_txt,fault_type,node cpu stress,0,0,6,0,1,0,0,0,6
ledger_handoff_rca,qwen3.6-27b,L_hyb - L_txt,fault_type,node disk fill,0,0,4,0,1,0,0,0,4
ledger_handoff_rca,qwen3.6-27b,L_hyb - L_txt,fault_type,node memory stress,0,0,12,0,1,0,0,0,12
ledger_handoff_rca,qwen3.6-27b,L_hyb - L_txt,fault_type,node 内存消耗,0,0,5,0.026666667,1,0.4472136,1,0,4
ledger_handoff_rca,qwen3.6-27b,L_hyb - L_txt,fault_type,node 磁盘写IO消耗,0,0,6,0,1,0,0,0,6
ledger_handoff_rca,qwen3.6-27b,L_hyb - L_txt,fault_type,node 磁盘空间消耗,0,0,5,0,1,0,0,0,5
ledger_handoff_rca,qwen3.6-27b,L_hyb - L_txt,fault_type,node 磁盘读IO消耗,0,0,5,0,1,0,0,0,5
ledger_handoff_rca,qwen3.6-27b,L_hyb - L_txt,fault_type,node节点CPU故障,0,1,5,-0.083333333,1,-0.20851441,1,1,3
ledger_handoff_rca,qwen3.6-27b,L_hyb - L_txt,fault_type,node节点CPU爬升,0,0,3,0,1,0,0,0,3
ledger_handoff_rca,qwen3.6-27b,L_hyb - L_txt,fault_type,pod failure,0,0,10,-0.033333333,1,-0.31622777,0,1,9
ledger_handoff_rca,qwen3.6-27b,L_hyb - L_txt,fault_type,pod kill,0,1,2,-0.1,1,-0.1767767,1,1,0
ledger_handoff_rca,qwen3.6-27b,L_hyb - L_txt,fault_type,target port misconfig,0,0,3,0.11111111,1,0.57735027,1,0,2
ledger_handoff_rca,qwen3.6-27b,L_hyb - L_txt,root_service,adservice,2,1,16,0.041666667,0.61091317,0.16809216,3,2,11
ledger_handoff_rca,qwen3.6-27b,L_hyb - L_txt,root_service,adservice-0,0,1,1,-0.75,1,-inf,0,1,0
ledger_handoff_rca,qwen3.6-27b,L_hyb - L_txt,root_service,adservice-1,0,0,3,0,1,0,0,0,3
ledger_handoff_rca,qwen3.6-27b,L_hyb - L_txt,root_service,adservice2-0,0,0,1,0,1,0,0,0,1
ledger_handoff_rca,qwen3.6-27b,L_hyb - L_txt,root_service,cartservice,0,1,12,-0.044444444,0.5,-0.2254721,1,2,9
ledger_handoff_rca,qwen3.6-27b,L_hyb - L_txt,root_service,cartservice-0,0,0,2,0.25,0.5,2.1213203,2,0,0
ledger_handoff_rca,qwen3.6-27b,L_hyb - L_txt,root_service,cartservice2-0,0,0,1,0,1,0,0,0,1
ledger_handoff_rca,qwen3.6-27b,L_hyb - L_txt,root_service,checkoutservice,1,0,21,0.026190476,0.15742266,0.24003968,2,0,19
ledger_handoff_rca,qwen3.6-27b,L_hyb - L_txt,root_service,checkoutservice-0,1,0,2,0.5,1,0.70710678,1,0,1
ledger_handoff_rca,qwen3.6-27b,L_hyb - L_txt,root_service,checkoutservice-1,0,0,2,0,1,0,0,0,2
ledger_handoff_rca,qwen3.6-27b,L_hyb - L_txt,root_service,currencyservice,0,0,6,0.055555556,0.75,0.29902081,2,1,3
ledger_handoff_rca,qwen3.6-27b,L_hyb - L_txt,root_service,currencyservice-0,0,0,1,0,1,0,0,0,1
ledger_handoff_rca,qwen3.6-27b,L_hyb - L_txt,root_service,currencyservice-1,0,0,2,0,1,0,0,0,2
ledger_handoff_rca,qwen3.6-27b,L_hyb - L_txt,root_service,currencyservice-2,0,0,2,0,1,0,0,0,2
ledger_handoff_rca,qwen3.6-27b,L_hyb - L_txt,root_service,emailservice,0,0,6,-0.011111111,1,-0.1040313,1,1,4
ledger_handoff_rca,qwen3.6-27b,L_hyb - L_txt,root_service,emailservice-1,0,0,2,0,1,0,0,0,2
ledger_handoff_rca,qwen3.6-27b,L_hyb - L_txt,root_service,frontend,1,0,6,0.13333333,0.25,0.65319726,3,0,3
ledger_handoff_rca,qwen3.6-27b,L_hyb - L_txt,root_service,frontend-0,0,0,1,0,1,0,0,0,1
ledger_handoff_rca,qwen3.6-27b,L_hyb - L_txt,root_service,frontend-1,0,0,1,0,1,0,0,0,1
ledger_handoff_rca,qwen3.6-27b,L_hyb - L_txt,root_service,frontend-2,0,0,1,0,1,0,0,0,1
ledger_handoff_rca,qwen3.6-27b,L_hyb - L_txt,root_service,frontend2-0,0,0,1,0,1,0,0,0,1
ledger_handoff_rca,qwen3.6-27b,L_hyb - L_txt,root_service,mysql,0,1,6,-0.083333333,0.75,-0.36273813,1,2,3
ledger_handoff_rca,qwen3.6-27b,L_hyb - L_txt,root_service,node-1,0,0,6,0,1,0,0,0,6
ledger_handoff_rca,qwen3.6-27b,L_hyb - L_txt,root_service,node-2,0,0,3,0,1,0,0,0,3
ledger_handoff_rca,qwen3.6-27b,L_hyb - L_txt,root_service,node-3,0,0,7,0,1,0,0,0,7
ledger_handoff_rca,qwen3.6-27b,L_hyb - L_txt,root_service,node-4,0,1,5,-0.083333333,1,-0.20851441,1,1,3
ledger_handoff_rca,qwen3.6-27b,L_hyb - L_txt,root_service,node-5,0,0,12,0.011111111,1,0.28867513,1,0,11
ledger_handoff_rca,qwen3.6-27b,L_hyb - L_txt,root_service,node-6,0,0,12,0,1,0,0,0,12
ledger_handoff_rca,qwen3.6-27b,L_hyb - L_txt,root_service,node-7,0,0,2,0,1,0,0,0,2
ledger_handoff_rca,qwen3.6-27b,L_hyb - L_txt,root_service,node-8,0,0,4,0,1,0,0,0,4
ledger_handoff_rca,qwen3.6-27b,L_hyb - L_txt,root_service,paymentservice,0,0,2,0,1,0,0,0,2
ledger_handoff_rca,qwen3.6-27b,L_hyb - L_txt,root_service,productcatalogservice,1,0,8,0.1,1,0.35355339,1,0,7
ledger_handoff_rca,qwen3.6-27b,L_hyb - L_txt,root_service,productcatalogservice-0,0,0,3,0,1,0,0,0,3
ledger_handoff_rca,qwen3.6-27b,L_hyb - L_txt,root_service,productcatalogservice-1,1,0,3,0.16666667,1,0.57735027,1,0,2
ledger_handoff_rca,qwen3.6-27b,L_hyb - L_txt,root_service,productcatalogservice-2,0,0,2,0.125,1,0.70710678,1,0,1
ledger_handoff_rca,qwen3.6-27b,L_hyb - L_txt,root_service,productcatalogservice2-0,0,0,1,0,1,0,0,0,1
ledger_handoff_rca,qwen3.6-27b,L_hyb - L_txt,root_service,recommendationservice,1,0,5,0.24333333,0.25,0.73854265,3,0,2
ledger_handoff_rca,qwen3.6-27b,L_hyb - L_txt,root_service,recommendationservice-2,0,0,1,0,1,0,0,0,1
ledger_handoff_rca,qwen3.6-27b,L_hyb - L_txt,root_service,recommendationservice2-0,0,0,1,0,1,0,0,0,1
ledger_handoff_rca,qwen3.6-27b,L_hyb - L_txt,root_service,shippingservice,0,0,10,0,1,0,0,0,10
ledger_handoff_rca,qwen3.6-27b,L_hyb - L_txt,root_service,shippingservice-0,0,0,1,0,1,0,0,0,1
ledger_handoff_rca,qwen3.6-27b,L_hyb - L_txt,root_service,shippingservice-1,0,0,2,0,1,0,0,0,2
ledger_handoff_rca,qwen3.6-27b,L_hyb - L_txt,root_service,shippingservice2-0,0,0,1,0,1,0,0,0,1
ledger_handoff_rca,qwen3.6-27b,L_hyb - L_txt,root_service,tidb-tidb,0,0,2,-0.16666667,1,-0.70710678,0,1,1
ledger_handoff_rca,qwen3.6-27b,L_hyb - L_txt,root_service,tidb-tikv,0,0,10,0.005,1,0.31622777,1,0,9
ledger_handoff_rca,qwen3.6-27b,L_hyb - L_txt,root_service,ts-assurance-service,0,0,5,0,1,0,0,0,5
ledger_handoff_rca,qwen3.6-27b,L_hyb - L_txt,root_service,ts-auth-service,2,0,4,0.25,0.5,0.8660254,2,0,2
ledger_handoff_rca,qwen3.6-27b,L_hyb - L_txt,root_service,ts-basic-service,0,2,19,-0.077192982,0.304666,-0.29840054,1,3,15
ledger_handoff_rca,qwen3.6-27b,L_hyb - L_txt,root_service,ts-config-service,1,0,6,0.11111111,1,0.40824829,1,0,5
ledger_handoff_rca,qwen3.6-27b,L_hyb - L_txt,root_service,ts-consign-service,1,0,2,0.375,1,0.70710678,1,0,1
ledger_handoff_rca,qwen3.6-27b,L_hyb - L_txt,root_service,ts-contacts-service,0,0,2,0.083333333,1,0.70710678,1,0,1
ledger_handoff_rca,qwen3.6-27b,L_hyb - L_txt,root_service,ts-food-service,0,0,3,-0.16666667,1,-0.57735027,0,1,2
ledger_handoff_rca,qwen3.6-27b,L_hyb - L_txt,root_service,ts-inside-payment-service,0,0,2,0,1,0,0,0,2
ledger_handoff_rca,qwen3.6-27b,L_hyb - L_txt,root_service,ts-order-other-service,0,0,4,0,1,0,0,0,4
ledger_handoff_rca,qwen3.6-27b,L_hyb - L_txt,root_service,ts-order-service,0,0,5,0.033333333,1,0.4472136,1,0,4
ledger_handoff_rca,qwen3.6-27b,L_hyb - L_txt,root_service,ts-preserve-service,0,1,5,-0.11666667,0.5,-0.53687549,0,2,3
ledger_handoff_rca,qwen3.6-27b,L_hyb - L_txt,root_service,ts-price-service,0,0,2,0.125,1,0.70710678,1,0,1
ledger_handoff_rca,qwen3.6-27b,L_hyb - L_txt,root_service,ts-route-plan-service,0,0,6,-0.041666667,1,-0.40824829,0,1,5
ledger_handoff_rca,qwen3.6-27b,L_hyb - L_txt,root_service,ts-route-service,1,0,4,0.0625,1,0.19867985,1,1,2
ledger_handoff_rca,qwen3.6-27b,L_hyb - L_txt,root_service,ts-seat-service,0,0,6,-0.13888889,0.25,-0.68810235,0,3,3
ledger_handoff_rca,qwen3.6-27b,L_hyb - L_txt,root_service,ts-security-service,0,1,1,-0.66666667,1,-inf,0,1,0
ledger_handoff_rca,qwen3.6-27b,L_hyb - L_txt,root_service,ts-station-food-service,0,0,1,0.25,1,inf,1,0,0
ledger_handoff_rca,qwen3.6-27b,L_hyb - L_txt,root_service,ts-station-service,0,0,1,0,1,0,0,0,1
ledger_handoff_rca,qwen3.6-27b,L_hyb - L_txt,root_service,ts-train-service,0,0,2,0,1,0,0,0,2
ledger_handoff_rca,qwen3.6-27b,L_hyb - L_txt,root_service,ts-travel-plan-service,0,0,3,0,1,0,0,0,3
ledger_handoff_rca,qwen3.6-27b,L_hyb - L_txt,root_service,ts-travel-service,0,0,3,0,1,0,0,0,3
ledger_handoff_rca,qwen3.6-27b,L_hyb - L_txt,root_service,ts-travel2-service,1,0,2,0.25,1,0.70710678,1,0,1
ledger_handoff_rca,qwen3.6-27b,L_hyb - L_txt,root_service,ts-user-service,0,0,1,0,1,0,0,0,1
ledger_handoff_rca,qwen3.6-27b,L_hyb - L_txt,root_service,ts-verification-code-service,0,0,1,0,1,0,0,0,1
ledger_handoff_rca,gemma-4-26b-a4b,L_vis - L_txt,dataset,aegislab,13,11,96,9.2518585e-18,0.98690762,1.9153167e-17,13,13,70
ledger_handoff_rca,gemma-4-26b-a4b,L_vis - L_txt,dataset,aiops2022,6,15,100,-0.114,0.0046762261,-0.25795243,6,21,73
ledger_handoff_rca,gemma-4-26b-a4b,L_vis - L_txt,dataset,aiops2025,10,12,93,-0.030107527,0.55337886,-0.061397857,12,15,66
ledger_handoff_rca,gemma-4-26b-a4b,L_vis - L_txt,fault_type,ContainerKill,2,0,6,0.33333333,0.5,0.64549722,2,0,4
ledger_handoff_rca,gemma-4-26b-a4b,L_vis - L_txt,fault_type,HTTPRequestAbort,0,1,6,-0.16666667,1,-0.40824829,0,1,5
ledger_handoff_rca,gemma-4-26b-a4b,L_vis - L_txt,fault_type,HTTPRequestDelay,1,0,7,0.071428571,1,0.37796447,1,0,6
ledger_handoff_rca,gemma-4-26b-a4b,L_vis - L_txt,fault_type,HTTPRequestReplaceMethod,2,0,15,0.13333333,0.15729921,0.37893237,2,0,13
ledger_handoff_rca,gemma-4-26b-a4b,L_vis - L_txt,fault_type,HTTPRequestReplacePath,0,0,1,0,1,0,0,0,1
ledger_handoff_rca,gemma-4-26b-a4b,L_vis - L_txt,fault_type,HTTPResponseAbort,0,0,3,0,1,0,0,0,3
ledger_handoff_rca,gemma-4-26b-a4b,L_vis - L_txt,fault_type,HTTPResponseDelay,0,1,7,-0.14285714,1,-0.37796447,0,1,6
ledger_handoff_rca,gemma-4-26b-a4b,L_vis - L_txt,fault_type,HTTPResponseReplaceBody,0,0,2,0,1,0,0,0,2
ledger_handoff_rca,gemma-4-26b-a4b,L_vis - L_txt,fault_type,HTTPResponseReplaceCode,3,4,13,-0.1025641,0.6875,-0.14146557,3,4,6
ledger_handoff_rca,gemma-4-26b-a4b,L_vis - L_txt,fault_type,JVMException,0,1,3,-0.44444444,0.5,-0.87287156,0,2,1
ledger_handoff_rca,gemma-4-26b-a4b,L_vis - L_txt,fault_type,JVMLatency,0,0,1,0,1,0,0,0,1
ledger_handoff_rca,gemma-4-26b-a4b,L_vis - L_txt,fault_type,JVMMemoryStress,4,0,14,0.25,0.046019195,0.58489765,4,0,10
ledger_handoff_rca,gemma-4-26b-a4b,L_vis - L_txt,fault_type,JVMReturn,0,2,2,-1,0.5,-inf,0,2,0
ledger_handoff_rca,gemma-4-26b-a4b,L_vis - L_txt,fault_type,NetworkBandwidth,1,0,2,0.5,1,0.70710678,1,0,1
ledger_handoff_rca,gemma-4-26b-a4b,L_vis - L_txt,fault_type,NetworkCorrupt,0,0,2,-0.16666667,1,-0.70710678,0,1,1
ledger_handoff_rca,gemma-4-26b-a4b,L_vis - L_txt,fault_type,NetworkDelay,0,0,1,0,1,0,0,0,1
ledger_handoff_rca,gemma-4-26b-a4b,L_vis - L_txt,fault_type,NetworkLoss,0,0,3,0,1,0,0,0,3
ledger_handoff_rca,gemma-4-26b-a4b,L_vis - L_txt,fault_type,NetworkPartition,0,2,6,-0.33333333,0.5,-0.64549722,0,2,4
ledger_handoff_rca,gemma-4-26b-a4b,L_vis - L_txt,fault_type,PodFailure,0,0,1,0,1,0,0,0,1
ledger_handoff_rca,gemma-4-26b-a4b,L_vis - L_txt,fault_type,PodKill,0,0,1,0,1,0,0,0,1
ledger_handoff_rca,gemma-4-26b-a4b,L_vis - L_txt,fault_type,code error,0,0,1,0,1,0,0,0,1
ledger_handoff_rca,gemma-4-26b-a4b,L_vis - L_txt,fault_type,cpu stress,0,0,8,0,1,0,0,0,8
ledger_handoff_rca,gemma-4-26b-a4b,L_vis - L_txt,fault_type,dns error,0,1,5,-0.2,1,-0.4472136,0,1,4
ledger_handoff_rca,gemma-4-26b-a4b,L_vis - L_txt,fault_type,io fault,1,1,5,0.04,1,0.056121353,2,1,2
ledger_handoff_rca,gemma-4-26b-a4b,L_vis - L_txt,fault_type,jvm cpu,0,0,3,0.16666667,1,0.57735027,1,0,2
ledger_handoff_rca,gemma-4-26b-a4b,L_vis - L_txt,fault_type,jvm exception,1,1,3,0,1,0,1,1,1
ledger_handoff_rca,gemma-4-26b-a4b,L_vis - L_txt,fault_type,jvm gc,0,0,2,0,1,0,0,0,2
ledger_handoff_rca,gemma-4-26b-a4b,L_vis - L_txt,fault_type,jvm latency,1,1,5,0,1,0,1,1,3
ledger_handoff_rca,gemma-4-26b-a4b,L_vis - L_txt,fault_type,k8s容器cpu负载,0,2,9,-0.22222222,0.5,-0.50395263,0,2,7
ledger_handoff_rca,gemma-4-26b-a4b,L_vis - L_txt,fault_type,k8s容器内存负载,0,2,8,-0.25,0.5,-0.54006172,0,2,6
ledger_handoff_rca,gemma-4-26b-a4b,L_vis - L_txt,fault_type,k8s容器写io负载,0,1,4,-0.25,1,-0.5,0,1,3
ledger_handoff_rca,gemma-4-26b-a4b,L_vis - L_txt,fault_type,k8s容器网络丢包,0,1,9,-0.16666667,0.5,-0.47140452,0,2,7
ledger_handoff_rca,gemma-4-26b-a4b,L_vis - L_txt,fault_type,k8s容器网络延迟,0,3,10,-0.32,0.125,-0.6761234,0,4,6
ledger_handoff_rca,gemma-4-26b-a4b,L_vis - L_txt,fault_type,k8s容器网络资源包损坏,1,3,10,-0.25333333,0.21875,-0.40569652,1,5,4
ledger_handoff_rca,gemma-4-26b-a4b,L_vis - L_txt,fault_type,k8s容器网络资源包重复发送,0,0,7,-0.071428571,1,-0.37796447,0,1,6
ledger_handoff_rca,gemma-4-26b-a4b,L_vis - L_txt,fault_type,k8s容器读io负载,2,1,9,0.11111111,1,0.18490007,2,1,6
ledger_handoff_rca,gemma-4-26b-a4b,L_vis - L_txt,fault_type,k8s容器进程中止,1,0,5,0.2,1,0.4472136,1,0,4
ledger_handoff_rca,gemma-4-26b-a4b,L_vis - L_txt,fault_type,memory stress,0,1,6,-0.16666667,1,-0.40824829,0,1,5
ledger_handoff_rca,gemma-4-26b-a4b,L_vis - L_txt,fault_type,network corrupt,4,2,6,0.27777778,0.6875,0.27829361,4,2,0
ledger_handoff_rca,gemma-4-26b-a4b,L_vis - L_txt,fault_type,network delay,0,1,7,-0.26190476,0.25,-0.68350674,0,3,4
ledger_handoff_rca,gemma-4-26b-a4b,L_vis - L_txt,fault_type,network loss,1,2,5,-0.2,1,-0.23904572,1,2,2
ledger_handoff_rca,gemma-4-26b-a4b,L_vis - L_txt,fault_type,node cpu stress,1,1,6,0,1,0,1,1,4
ledger_handoff_rca,gemma-4-26b-a4b,L_vis - L_txt,fault_type,node disk fill,0,0,4,0,1,0,0,0,4
ledger_handoff_rca,gemma-4-26b-a4b,L_vis - L_txt,fault_type,node memory stress,1,1,12,0,1,0,1,1,10
ledger_handoff_rca,gemma-4-26b-a4b,L_vis - L_txt,fault_type,node 内存消耗,1,0,5,0.2,1,0.4472136,1,0,4
ledger_handoff_rca,gemma-4-26b-a4b,L_vis - L_txt,fault_type,node 磁盘写IO消耗,1,1,6,-0.083333333,1,-0.16951588,1,1,4
ledger_handoff_rca,gemma-4-26b-a4b,L_vis - L_txt,fault_type,node 磁盘空间消耗,0,1,5,-0.13333333,1,-0.4472136,0,1,4
ledger_handoff_rca,gemma-4-26b-a4b,L_vis - L_txt,fault_type,node 磁盘读IO消耗,0,0,5,0,1,0,0,0,5
ledger_handoff_rca,gemma-4-26b-a4b,L_vis - L_txt,fault_type,node节点CPU故障,0,0,5,-0.1,1,-0.4472136,0,1,4
ledger_handoff_rca,gemma-4-26b-a4b,L_vis - L_txt,fault_type,node节点CPU爬升,0,0,3,0,1,0,0,0,3
ledger_handoff_rca,gemma-4-26b-a4b,L_vis - L_txt,fault_type,pod failure,0,0,10,0,1,0,0,0,10
ledger_handoff_rca,gemma-4-26b-a4b,L_vis - L_txt,fault_type,pod kill,0,0,2,-0.16666667,1,-0.70710678,0,1,1
ledger_handoff_rca,gemma-4-26b-a4b,L_vis - L_txt,fault_type,target port misconfig,0,0,3,0,1,0,0,0,3
ledger_handoff_rca,gemma-4-26b-a4b,L_vis - L_txt,root_service,adservice,2,2,16,-0.0125,0.7733346,-0.022727273,3,4,9
ledger_handoff_rca,gemma-4-26b-a4b,L_vis - L_txt,root_service,adservice-0,0,0,1,0,1,0,0,0,1
ledger_handoff_rca,gemma-4-26b-a4b,L_vis - L_txt,root_service,adservice-1,0,1,3,-0.33333333,1,-0.57735027,0,1,2
ledger_handoff_rca,gemma-4-26b-a4b,L_vis - L_txt,root_service,adservice2-0,0,0,1,0,1,0,0,0,1
ledger_handoff_rca,gemma-4-26b-a4b,L_vis - L_txt,root_service,cartservice,2,0,12,0.069444444,1,0.14822913,2,3,7
ledger_handoff_rca,gemma-4-26b-a4b,L_vis - L_txt,root_service,cartservice-0,0,1,2,-0.5,1,-0.70710678,0,1,1
ledger_handoff_rca,gemma-4-26b-a4b,L_vis - L_txt,root_service,cartservice2-0,0,0,1,0,1,0,0,0,1
ledger_handoff_rca,gemma-4-26b-a4b,L_vis - L_txt,root_service,checkoutservice,2,5,21,-0.15873016,0.21644902,-0.29186663,2,5,14
ledger_handoff_rca,gemma-4-26b-a4b,L_vis - L_txt,root_service,checkoutservice-0,0,0,2,0,1,0,0,0,2
ledger_handoff_rca,gemma-4-26b-a4b,L_vis - L_txt,root_service,checkoutservice-1,0,0,2,0,1,0,0,0,2
ledger_handoff_rca,gemma-4-26b-a4b,L_vis - L_txt,root_service,currencyservice,0,0,6,-0.083333333,1,-0.40824829,0,1,5
ledger_handoff_rca,gemma-4-26b-a4b,L_vis - L_txt,root_service,currencyservice-0,0,0,1,0,1,0,0,0,1
ledger_handoff_rca,gemma-4-26b-a4b,L_vis - L_txt,root_service,currencyservice-1,0,1,2,-0.5,1,-0.70710678,0,1,1
ledger_handoff_rca,gemma-4-26b-a4b,L_vis - L_txt,root_service,currencyservice-2,0,0,2,0,1,0,0,0,2
ledger_handoff_rca,gemma-4-26b-a4b,L_vis - L_txt,root_service,emailservice,0,0,6,0,1,0,0,0,6
ledger_handoff_rca,gemma-4-26b-a4b,L_vis - L_txt,root_service,emailservice-1,0,2,2,-1,0.5,-inf,0,2,0
ledger_handoff_rca,gemma-4-26b-a4b,L_vis - L_txt,root_service,frontend,1,2,6,-0.16666667,1,-0.22140372,1,2,3
ledger_handoff_rca,gemma-4-26b-a4b,L_vis - L_txt,root_service,frontend-0,1,0,1,1,1,inf,1,0,0
ledger_handoff_rca,gemma-4-26b-a4b,L_vis - L_txt,root_service,frontend-1,0,1,1,-1,1,-inf,0,1,0
ledger_handoff_rca,gemma-4-26b-a4b,L_vis - L_txt,root_service,frontend-2,0,0,1,0,1,0,0,0,1
ledger_handoff_rca,gemma-4-26b-a4b,L_vis - L_txt,root_service,frontend2-0,0,0,1,0,1,0,0,0,1
ledger_handoff_rca,gemma-4-26b-a4b,L_vis - L_txt,root_service,mysql,1,1,6,0,1,0,1,1,4
ledger_handoff_rca,gemma-4-26b-a4b,L_vis - L_txt,root_service,node-1,0,0,6,0,1,0,0,0,6
ledger_handoff_rca,gemma-4-26b-a4b,L_vis - L_txt,root_service,node-2,0,0,3,0,1,0,0,0,3
ledger_handoff_rca,gemma-4-26b-a4b,L_vis - L_txt,root_service,node-3,1,0,7,0.14285714,1,0.37796447,1,0,6
ledger_handoff_rca,gemma-4-26b-a4b,L_vis - L_txt,root_service,node-4,1,0,5,0.1,1,0.18257419,1,1,3
ledger_handoff_rca,gemma-4-26b-a4b,L_vis - L_txt,root_service,node-5,2,0,12,0.125,0.5,0.40219983,2,0,10
ledger_handoff_rca,gemma-4-26b-a4b,L_vis - L_txt,root_service,node-6,0,3,12,-0.22222222,0.25,-0.54160256,0,3,9
ledger_handoff_rca,gemma-4-26b-a4b,L_vis - L_txt,root_service,node-7,0,1,2,-0.5,1,-0.70710678,0,1,1
ledger_handoff_rca,gemma-4-26b-a4b,L_vis - L_txt,root_service,node-8,0,0,4,0,1,0,0,0,4
ledger_handoff_rca,gemma-4-26b-a4b,L_vis - L_txt,root_service,paymentservice,0,0,2,0,1,0,0,0,2
ledger_handoff_rca,gemma-4-26b-a4b,L_vis - L_txt,root_service,productcatalogservice,0,0,8,-0.066666667,0.5,-0.51887452,0,2,6
ledger_handoff_rca,gemma-4-26b-a4b,L_vis - L_txt,root_service,productcatalogservice-0,0,0,3,0,1,0,0,0,3
ledger_handoff_rca,gemma-4-26b-a4b,L_vis - L_txt,root_service,productcatalogservice-1,0,1,3,-0.33333333,1,-0.57735027,0,1,2
ledger_handoff_rca,gemma-4-26b-a4b,L_vis - L_txt,root_service,productcatalogservice-2,1,1,2,0,1,0,1,1,0
ledger_handoff_rca,gemma-4-26b-a4b,L_vis - L_txt,root_service,productcatalogservice2-0,0,1,1,-1,1,-inf,0,1,0
ledger_handoff_rca,gemma-4-26b-a4b,L_vis - L_txt,root_service,recommendationservice,1,1,5,0,1,0,1,1,3
ledger_handoff_rca,gemma-4-26b-a4b,L_vis - L_txt,root_service,recommendationservice-2,0,1,1,-1,1,-inf,0,1,0
ledger_handoff_rca,gemma-4-26b-a4b,L_vis - L_txt,root_service,recommendationservice2-0,0,0,1,0,1,0,0,0,1
ledger_handoff_rca,gemma-4-26b-a4b,L_vis - L_txt,root_service,shippingservice,1,1,10,0,1,0,1,1,8
ledger_handoff_rca,gemma-4-26b-a4b,L_vis - L_txt,root_service,shippingservice-0,0,0,1,0,1,0,0,0,1
ledger_handoff_rca,gemma-4-26b-a4b,L_vis - L_txt,root_service,shippingservice-1,0,0,2,0,1,0,0,0,2
ledger_handoff_rca,gemma-4-26b-a4b,L_vis - L_txt,root_service,shippingservice2-0,0,1,1,-1,1,-inf,0,1,0
ledger_handoff_rca,gemma-4-26b-a4b,L_vis - L_txt,root_service,tidb-tidb,0,0,2,0,1,0,0,0,2
ledger_handoff_rca,gemma-4-26b-a4b,L_vis - L_txt,root_service,tidb-tikv,1,1,10,0.02,1,0.042049648,2,1,7
ledger_handoff_rca,gemma-4-26b-a4b,L_vis - L_txt,root_service,ts-assurance-service,0,2,5,-0.4,0.5,-0.73029674,0,2,3
ledger_handoff_rca,gemma-4-26b-a4b,L_vis - L_txt,root_service,ts-auth-service,2,0,4,0.41666667,0.5,0.60633906,2,1,1
ledger_handoff_rca,gemma-4-26b-a4b,L_vis - L_txt,root_service,ts-basic-service,2,1,19,0.052631579,0.56370286,0.1300665,2,1,16
ledger_handoff_rca,gemma-4-26b-a4b,L_vis - L_txt,root_service,ts-config-service,2,1,6,0.083333333,1,0.12539247,2,1,3
ledger_handoff_rca,gemma-4-26b-a4b,L_vis - L_txt,root_service,ts-consign-service,0,0,2,0,1,0,0,0,2
ledger_handoff_rca,gemma-4-26b-a4b,L_vis - L_txt,root_service,ts-contacts-service,1,1,2,0,1,0,1,1,0
ledger_handoff_rca,gemma-4-26b-a4b,L_vis - L_txt,root_service,ts-food-service,0,0,3,0,1,0,0,0,3
ledger_handoff_rca,gemma-4-26b-a4b,L_vis - L_txt,root_service,ts-inside-payment-service,0,1,2,-0.5,1,-0.70710678,0,1,1
ledger_handoff_rca,gemma-4-26b-a4b,L_vis - L_txt,root_service,ts-order-other-service,1,0,4,0.16666667,1,0.5,1,0,3
ledger_handoff_rca,gemma-4-26b-a4b,L_vis - L_txt,root_service,ts-order-service,1,1,5,-0.1,1,-0.18257419,1,1,3
ledger_handoff_rca,gemma-4-26b-a4b,L_vis - L_txt,root_service,ts-preserve-service,0,2,5,-0.4,0.5,-0.73029674,0,2,3
ledger_handoff_rca,gemma-4-26b-a4b,L_vis - L_txt,root_service,ts-price-service,0,0,2,0,1,0,0,0,2
ledger_handoff_rca,gemma-4-26b-a4b,L_vis - L_txt,root_service,ts-route-plan-service,0,0,6,0,1,0,0,0,6
ledger_handoff_rca,gemma-4-26b-a4b,L_vis - L_txt,root_service,ts-route-service,0,0,4,0,1,0,0,0,4
ledger_handoff_rca,gemma-4-26b-a4b,L_vis - L_txt,root_service,ts-seat-service,0,1,6,-0.16666667,1,-0.40824829,0,1,5
ledger_handoff_rca,gemma-4-26b-a4b,L_vis - L_txt,root_service,ts-security-service,0,0,1,-0.33333333,1,-inf,0,1,0
ledger_handoff_rca,gemma-4-26b-a4b,L_vis - L_txt,root_service,ts-station-food-service,1,0,1,1,1,inf,1,0,0
ledger_handoff_rca,gemma-4-26b-a4b,L_vis - L_txt,root_service,ts-station-service,1,0,1,1,1,inf,1,0,0
ledger_handoff_rca,gemma-4-26b-a4b,L_vis - L_txt,root_service,ts-train-service,0,0,2,0,1,0,0,0,2
ledger_handoff_rca,gemma-4-26b-a4b,L_vis - L_txt,root_service,ts-travel-plan-service,1,0,3,0.33333333,1,0.57735027,1,0,2
ledger_handoff_rca,gemma-4-26b-a4b,L_vis - L_txt,root_service,ts-travel-service,0,0,3,0,1,0,0,0,3
ledger_handoff_rca,gemma-4-26b-a4b,L_vis - L_txt,root_service,ts-travel2-service,0,0,2,0,1,0,0,0,2
ledger_handoff_rca,gemma-4-26b-a4b,L_vis - L_txt,root_service,ts-user-service,0,0,1,0,1,0,0,0,1
ledger_handoff_rca,gemma-4-26b-a4b,L_vis - L_txt,root_service,ts-verification-code-service,0,0,1,0,1,0,0,0,1
ledger_handoff_rca,gemma-4-26b-a4b,L_hyb - L_txt,dataset,aegislab,13,9,96,0.027777778,0.44622909,0.061604726,14,10,72
ledger_handoff_rca,gemma-4-26b-a4b,L_hyb - L_txt,dataset,aiops2022,7,10,100,-0.057333333,0.12364698,-0.14634031,7,14,79
ledger_handoff_rca,gemma-4-26b-a4b,L_hyb - L_txt,dataset,aiops2025,5,7,93,-0.026523297,0.44253931,-0.075690914,6,9,78
ledger_handoff_rca,gemma-4-26b-a4b,L_hyb - L_txt,fault_type,ContainerKill,1,0,6,0.16666667,1,0.40824829,1,0,5
ledger_handoff_rca,gemma-4-26b-a4b,L_hyb - L_txt,fault_type,HTTPRequestAbort,0,1,6,-0.16666667,1,-0.40824829,0,1,5
ledger_handoff_rca,gemma-4-26b-a4b,L_hyb - L_txt,fault_type,HTTPRequestDelay,0,0,7,-0.023809524,1,-0.097590007,1,1,5
ledger_handoff_rca,gemma-4-26b-a4b,L_hyb - L_txt,fault_type,HTTPRequestReplaceMethod,0,2,15,-0.13333333,0.15729921,-0.37893237,0,2,13
ledger_handoff_rca,gemma-4-26b-a4b,L_hyb - L_txt,fault_type,HTTPRequestReplacePath,0,0,1,0,1,0,0,0,1
ledger_handoff_rca,gemma-4-26b-a4b,L_hyb - L_txt,fault_type,HTTPResponseAbort,0,0,3,0,1,0,0,0,3
ledger_handoff_rca,gemma-4-26b-a4b,L_hyb - L_txt,fault_type,HTTPResponseDelay,0,1,7,-0.095238095,1,-0.37796447,0,1,6
ledger_handoff_rca,gemma-4-26b-a4b,L_hyb - L_txt,fault_type,HTTPResponseReplaceBody,0,0,2,0,1,0,0,0,2
ledger_handoff_rca,gemma-4-26b-a4b,L_hyb - L_txt,fault_type,HTTPResponseReplaceCode,3,1,13,0.12820513,0.625,0.24708311,3,1,9
ledger_handoff_rca,gemma-4-26b-a4b,L_hyb - L_txt,fault_type,JVMException,2,1,3,0.22222222,1,0.20739034,2,1,0
ledger_handoff_rca,gemma-4-26b-a4b,L_hyb - L_txt,fault_type,JVMLatency,0,0,1,0,1,0,0,0,1
ledger_handoff_rca,gemma-4-26b-a4b,L_hyb - L_txt,fault_type,JVMMemoryStress,4,0,14,0.25,0.046019195,0.58489765,4,0,10
ledger_handoff_rca,gemma-4-26b-a4b,L_hyb - L_txt,fault_type,JVMReturn,0,2,2,-1,0.5,-inf,0,2,0
ledger_handoff_rca,gemma-4-26b-a4b,L_hyb - L_txt,fault_type,NetworkBandwidth,1,0,2,0.5,1,0.70710678,1,0,1
ledger_handoff_rca,gemma-4-26b-a4b,L_hyb - L_txt,fault_type,NetworkCorrupt,1,0,2,0.33333333,1,0.70710678,1,0,1
ledger_handoff_rca,gemma-4-26b-a4b,L_hyb - L_txt,fault_type,NetworkDelay,0,0,1,0,1,0,0,0,1
ledger_handoff_rca,gemma-4-26b-a4b,L_hyb - L_txt,fault_type,NetworkLoss,1,0,3,0.33333333,1,0.57735027,1,0,2
ledger_handoff_rca,gemma-4-26b-a4b,L_hyb - L_txt,fault_type,NetworkPartition,0,1,6,-0.16666667,1,-0.40824829,0,1,5
ledger_handoff_rca,gemma-4-26b-a4b,L_hyb - L_txt,fault_type,PodFailure,0,0,1,0,1,0,0,0,1
ledger_handoff_rca,gemma-4-26b-a4b,L_hyb - L_txt,fault_type,PodKill,0,0,1,0,1,0,0,0,1
ledger_handoff_rca,gemma-4-26b-a4b,L_hyb - L_txt,fault_type,code error,0,0,1,0,1,0,0,0,1
ledger_handoff_rca,gemma-4-26b-a4b,L_hyb - L_txt,fault_type,cpu stress,0,0,8,0,1,0,0,0,8
ledger_handoff_rca,gemma-4-26b-a4b,L_hyb - L_txt,fault_type,dns error,0,1,5,-0.2,1,-0.4472136,0,1,4
ledger_handoff_rca,gemma-4-26b-a4b,L_hyb - L_txt,fault_type,io fault,0,0,5,0,1,0,0,0,5
ledger_handoff_rca,gemma-4-26b-a4b,L_hyb - L_txt,fault_type,jvm cpu,0,0,3,0,1,0,0,0,3
ledger_handoff_rca,gemma-4-26b-a4b,L_hyb - L_txt,fault_type,jvm exception,0,0,3,0,1,0,0,0,3
ledger_handoff_rca,gemma-4-26b-a4b,L_hyb - L_txt,fault_type,jvm gc,0,0,2,0,1,0,0,0,2
ledger_handoff_rca,gemma-4-26b-a4b,L_hyb - L_txt,fault_type,jvm latency,0,1,5,-0.1,1,-0.18257419,1,1,3
ledger_handoff_rca,gemma-4-26b-a4b,L_hyb - L_txt,fault_type,k8s容器cpu负载,0,1,9,-0.11111111,1,-0.33333333,0,1,8
ledger_handoff_rca,gemma-4-26b-a4b,L_hyb - L_txt,fault_type,k8s容器内存负载,0,2,8,-0.25,0.5,-0.54006172,0,2,6
ledger_handoff_rca,gemma-4-26b-a4b,L_hyb - L_txt,fault_type,k8s容器写io负载,0,0,4,0,1,0,0,0,4
ledger_handoff_rca,gemma-4-26b-a4b,L_hyb - L_txt,fault_type,k8s容器网络丢包,1,1,9,-0.055555556,1,-0.14213381,1,1,7
ledger_handoff_rca,gemma-4-26b-a4b,L_hyb - L_txt,fault_type,k8s容器网络延迟,0,3,10,-0.32,0.125,-0.6761234,0,4,6
ledger_handoff_rca,gemma-4-26b-a4b,L_hyb - L_txt,fault_type,k8s容器网络资源包损坏,2,2,10,-0.053333333,0.8125,-0.086066297,2,3,5
ledger_handoff_rca,gemma-4-26b-a4b,L_hyb - L_txt,fault_type,k8s容器网络资源包重复发送,0,0,7,-0.071428571,1,-0.37796447,0,1,6
ledger_handoff_rca,gemma-4-26b-a4b,L_hyb - L_txt,fault_type,k8s容器读io负载,1,1,9,0,1,0,1,1,7
ledger_handoff_rca,gemma-4-26b-a4b,L_hyb - L_txt,fault_type,k8s容器进程中止,1,0,5,0.2,1,0.4472136,1,0,4
ledger_handoff_rca,gemma-4-26b-a4b,L_hyb - L_txt,fault_type,memory stress,0,1,6,-0.16666667,1,-0.40824829,0,1,5
ledger_handoff_rca,gemma-4-26b-a4b,L_hyb - L_txt,fault_type,network corrupt,2,0,6,0.33333333,0.5,0.64549722,2,0,4
ledger_handoff_rca,gemma-4-26b-a4b,L_hyb - L_txt,fault_type,network delay,1,1,7,-0.11904762,0.75,-0.25958707,1,2,4
ledger_handoff_rca,gemma-4-26b-a4b,L_hyb - L_txt,fault_type,network loss,0,3,5,-0.56,0.25,-1.0817344,0,3,2
ledger_handoff_rca,gemma-4-26b-a4b,L_hyb - L_txt,fault_type,node cpu stress,0,0,6,0,1,0,0,0,6
ledger_handoff_rca,gemma-4-26b-a4b,L_hyb - L_txt,fault_type,node disk fill,1,0,4,0.25,1,0.5,1,0,3
ledger_handoff_rca,gemma-4-26b-a4b,L_hyb - L_txt,fault_type,node memory stress,1,0,12,0.083333333,1,0.28867513,1,0,11
ledger_handoff_rca,gemma-4-26b-a4b,L_hyb - L_txt,fault_type,node 内存消耗,1,0,5,0.2,1,0.4472136,1,0,4
ledger_handoff_rca,gemma-4-26b-a4b,L_hyb - L_txt,fault_type,node 磁盘写IO消耗,1,0,6,0.083333333,1,0.40824829,1,0,5
ledger_handoff_rca,gemma-4-26b-a4b,L_hyb - L_txt,fault_type,node 磁盘空间消耗,0,0,5,0,1,0,0,0,5
ledger_handoff_rca,gemma-4-26b-a4b,L_hyb - L_txt,fault_type,node 磁盘读IO消耗,0,0,5,0,1,0,0,0,5
ledger_handoff_rca,gemma-4-26b-a4b,L_hyb - L_txt,fault_type,node节点CPU故障,0,0,5,-0.1,1,-0.4472136,0,1,4
ledger_handoff_rca,gemma-4-26b-a4b,L_hyb - L_txt,fault_type,node节点CPU爬升,0,0,3,0,1,0,0,0,3
ledger_handoff_rca,gemma-4-26b-a4b,L_hyb - L_txt,fault_type,pod failure,0,0,10,0,1,0,0,0,10
ledger_handoff_rca,gemma-4-26b-a4b,L_hyb - L_txt,fault_type,pod kill,0,0,2,-0.16666667,1,-0.70710678,0,1,1
ledger_handoff_rca,gemma-4-26b-a4b,L_hyb - L_txt,fault_type,target port misconfig,0,0,3,0,1,0,0,0,3
ledger_handoff_rca,gemma-4-26b-a4b,L_hyb - L_txt,root_service,adservice,1,1,16,-0.0125,1,-0.03904344,2,2,12
ledger_handoff_rca,gemma-4-26b-a4b,L_hyb - L_txt,root_service,adservice-0,0,0,1,0,1,0,0,0,1
ledger_handoff_rca,gemma-4-26b-a4b,L_hyb - L_txt,root_service,adservice-1,0,1,3,-0.33333333,1,-0.57735027,0,1,2
ledger_handoff_rca,gemma-4-26b-a4b,L_hyb - L_txt,root_service,adservice2-0,0,0,1,0,1,0,0,0,1
ledger_handoff_rca,gemma-4-26b-a4b,L_hyb - L_txt,root_service,cartservice,2,1,12,-0.013888889,0.9375,-0.027512728,2,3,7
ledger_handoff_rca,gemma-4-26b-a4b,L_hyb - L_txt,root_service,cartservice-0,0,1,2,-0.5,1,-0.70710678,0,1,1
ledger_handoff_rca,gemma-4-26b-a4b,L_hyb - L_txt,root_service,cartservice2-0,0,0,1,0,1,0,0,0,1
ledger_handoff_rca,gemma-4-26b-a4b,L_hyb - L_txt,root_service,checkoutservice,0,4,21,-0.18095238,0.045713351,-0.47096985,0,4,17
ledger_handoff_rca,gemma-4-26b-a4b,L_hyb - L_txt,root_service,checkoutservice-0,0,0,2,0,1,0,0,0,2
ledger_handoff_rca,gemma-4-26b-a4b,L_hyb - L_txt,root_service,checkoutservice-1,0,0,2,0,1,0,0,0,2
ledger_handoff_rca,gemma-4-26b-a4b,L_hyb - L_txt,root_service,currencyservice,1,0,6,0.083333333,1,0.40824829,1,0,5
ledger_handoff_rca,gemma-4-26b-a4b,L_hyb - L_txt,root_service,currencyservice-0,0,0,1,0,1,0,0,0,1
ledger_handoff_rca,gemma-4-26b-a4b,L_hyb - L_txt,root_service,currencyservice-1,0,0,2,0,1,0,0,0,2
ledger_handoff_rca,gemma-4-26b-a4b,L_hyb - L_txt,root_service,currencyservice-2,0,0,2,0,1,0,0,0,2
ledger_handoff_rca,gemma-4-26b-a4b,L_hyb - L_txt,root_service,emailservice,0,0,6,0,1,0,0,0,6
ledger_handoff_rca,gemma-4-26b-a4b,L_hyb - L_txt,root_service,emailservice-1,0,1,2,-0.5,1,-0.70710678,0,1,1
ledger_handoff_rca,gemma-4-26b-a4b,L_hyb - L_txt,root_service,frontend,1,0,6,0.16666667,1,0.40824829,1,0,5
ledger_handoff_rca,gemma-4-26b-a4b,L_hyb - L_txt,root_service,frontend-0,1,0,1,1,1,inf,1,0,0
ledger_handoff_rca,gemma-4-26b-a4b,L_hyb - L_txt,root_service,frontend-1,0,1,1,-1,1,-inf,0,1,0
ledger_handoff_rca,gemma-4-26b-a4b,L_hyb - L_txt,root_service,frontend-2,0,0,1,0,1,0,0,0,1
ledger_handoff_rca,gemma-4-26b-a4b,L_hyb - L_txt,root_service,frontend2-0,0,1,1,-1,1,-inf,0,1,0
ledger_handoff_rca,gemma-4-26b-a4b,L_hyb - L_txt,root_service,mysql,2,1,6,0.16666667,1,0.22140372,2,1,3
ledger_handoff_rca,gemma-4-26b-a4b,L_hyb - L_txt,root_service,node-1,0,0,6,0,1,0,0,0,6
ledger_handoff_rca,gemma-4-26b-a4b,L_hyb - L_txt,root_service,node-2,0,0,3,0,1,0,0,0,3
ledger_handoff_rca,gemma-4-26b-a4b,L_hyb - L_txt,root_service,node-3,0,0,7,0,1,0,0,0,7
ledger_handoff_rca,gemma-4-26b-a4b,L_hyb - L_txt,root_service,node-4,1,0,5,0.1,1,0.18257419,1,1,3
ledger_handoff_rca,gemma-4-26b-a4b,L_hyb - L_txt,root_service,node-5,3,0,12,0.20833333,0.25,0.52545639,3,0,9
ledger_handoff_rca,gemma-4-26b-a4b,L_hyb - L_txt,root_service,node-6,0,0,12,0,1,0,0,0,12
ledger_handoff_rca,gemma-4-26b-a4b,L_hyb - L_txt,root_service,node-7,0,0,2,0,1,0,0,0,2
ledger_handoff_rca,gemma-4-26b-a4b,L_hyb - L_txt,root_service,node-8,0,0,4,0,1,0,0,0,4
ledger_handoff_rca,gemma-4-26b-a4b,L_hyb - L_txt,root_service,paymentservice,0,0,2,0,1,0,0,0,2
ledger_handoff_rca,gemma-4-26b-a4b,L_hyb - L_txt,root_service,productcatalogservice,0,0,8,-0.066666667,0.5,-0.51887452,0,2,6
ledger_handoff_rca,gemma-4-26b-a4b,L_hyb - L_txt,root_service,productcatalogservice-0,0,0,3,0,1,0,0,0,3
ledger_handoff_rca,gemma-4-26b-a4b,L_hyb - L_txt,root_service,productcatalogservice-1,0,0,3,0,1,0,0,0,3
ledger_handoff_rca,gemma-4-26b-a4b,L_hyb - L_txt,root_service,productcatalogservice-2,1,1,2,0,1,0,1,1,0
ledger_handoff_rca,gemma-4-26b-a4b,L_hyb - L_txt,root_service,productcatalogservice2-0,0,1,1,-1,1,-inf,0,1,0
ledger_handoff_rca,gemma-4-26b-a4b,L_hyb - L_txt,root_service,recommendationservice,1,1,5,0,1,0,1,1,3
ledger_handoff_rca,gemma-4-26b-a4b,L_hyb - L_txt,root_service,recommendationservice-2,0,1,1,-1,1,-inf,0,1,0
ledger_handoff_rca,gemma-4-26b-a4b,L_hyb - L_txt,root_service,recommendationservice2-0,0,0,1,0,1,0,0,0,1
ledger_handoff_rca,gemma-4-26b-a4b,L_hyb - L_txt,root_service,shippingservice,0,1,10,-0.1,1,-0.31622777,0,1,9
ledger_handoff_rca,gemma-4-26b-a4b,L_hyb - L_txt,root_service,shippingservice-0,0,0,1,0,1,0,0,0,1
ledger_handoff_rca,gemma-4-26b-a4b,L_hyb - L_txt,root_service,shippingservice-1,0,0,2,0,1,0,0,0,2
ledger_handoff_rca,gemma-4-26b-a4b,L_hyb - L_txt,root_service,shippingservice2-0,0,1,1,-1,1,-inf,0,1,0
ledger_handoff_rca,gemma-4-26b-a4b,L_hyb - L_txt,root_service,tidb-tidb,0,0,2,0,1,0,0,0,2
ledger_handoff_rca,gemma-4-26b-a4b,L_hyb - L_txt,root_service,tidb-tikv,0,0,10,0,1,0,0,0,10
ledger_handoff_rca,gemma-4-26b-a4b,L_hyb - L_txt,root_service,ts-assurance-service,1,1,5,0,1,0,1,1,3
ledger_handoff_rca,gemma-4-26b-a4b,L_hyb - L_txt,root_service,ts-auth-service,2,0,4,0.41666667,0.5,0.83333333,2,0,2
ledger_handoff_rca,gemma-4-26b-a4b,L_hyb - L_txt,root_service,ts-basic-service,0,1,19,-0.035087719,0.96952181,-0.14273582,1,1,17
ledger_handoff_rca,gemma-4-26b-a4b,L_hyb - L_txt,root_service,ts-config-service,1,1,6,-0.027777778,1,-0.047781848,1,2,3
ledger_handoff_rca,gemma-4-26b-a4b,L_hyb - L_txt,root_service,ts-consign-service,0,0,2,0,1,0,0,0,2
ledger_handoff_rca,gemma-4-26b-a4b,L_hyb - L_txt,root_service,ts-contacts-service,1,1,2,0,1,0,1,1,0
ledger_handoff_rca,gemma-4-26b-a4b,L_hyb - L_txt,root_service,ts-food-service,0,1,3,-0.33333333,1,-0.57735027,0,1,2
ledger_handoff_rca,gemma-4-26b-a4b,L_hyb - L_txt,root_service,ts-inside-payment-service,0,1,2,-0.5,1,-0.70710678,0,1,1
ledger_handoff_rca,gemma-4-26b-a4b,L_hyb - L_txt,root_service,ts-order-other-service,1,0,4,0.16666667,1,0.5,1,0,3
ledger_handoff_rca,gemma-4-26b-a4b,L_hyb - L_txt,root_service,ts-order-service,1,1,5,-0.1,1,-0.18257419,1,1,3
ledger_handoff_rca,gemma-4-26b-a4b,L_hyb - L_txt,root_service,ts-preserve-service,0,0,5,0,1,0,0,0,5
ledger_handoff_rca,gemma-4-26b-a4b,L_hyb - L_txt,root_service,ts-price-service,0,0,2,0,1,0,0,0,2
ledger_handoff_rca,gemma-4-26b-a4b,L_hyb - L_txt,root_service,ts-route-plan-service,0,0,6,0,1,0,0,0,6
ledger_handoff_rca,gemma-4-26b-a4b,L_hyb - L_txt,root_service,ts-route-service,0,0,4,0,1,0,0,0,4
ledger_handoff_rca,gemma-4-26b-a4b,L_hyb - L_txt,root_service,ts-seat-service,0,1,6,-0.16666667,1,-0.40824829,0,1,5
ledger_handoff_rca,gemma-4-26b-a4b,L_hyb - L_txt,root_service,ts-security-service,1,0,1,0.66666667,1,inf,1,0,0
ledger_handoff_rca,gemma-4-26b-a4b,L_hyb - L_txt,root_service,ts-station-food-service,0,0,1,0,1,0,0,0,1
ledger_handoff_rca,gemma-4-26b-a4b,L_hyb - L_txt,root_service,ts-station-service,1,0,1,1,1,inf,1,0,0
ledger_handoff_rca,gemma-4-26b-a4b,L_hyb - L_txt,root_service,ts-train-service,0,0,2,0,1,0,0,0,2
ledger_handoff_rca,gemma-4-26b-a4b,L_hyb - L_txt,root_service,ts-travel-plan-service,2,0,3,0.66666667,0.5,1.1547005,2,0,1
ledger_handoff_rca,gemma-4-26b-a4b,L_hyb - L_txt,root_service,ts-travel-service,0,0,3,0,1,0,0,0,3
ledger_handoff_rca,gemma-4-26b-a4b,L_hyb - L_txt,root_service,ts-travel2-service,0,0,2,0,1,0,0,0,2
ledger_handoff_rca,gemma-4-26b-a4b,L_hyb - L_txt,root_service,ts-user-service,0,0,1,0,1,0,0,0,1
ledger_handoff_rca,gemma-4-26b-a4b,L_hyb - L_txt,root_service,ts-verification-code-service,0,0,1,0,1,0,0,0,1
ledger_handoff_rca,qwen3.8-27b,L_vis - L_txt,dataset,aegislab,5,12,96,-0.056423611,0.094284146,-0.19710749,12,21,63
ledger_handoff_rca,qwen3.8-27b,L_vis - L_txt,dataset,aiops2022,2,6,100,-0.045833333,0.048638062,-0.19159806,6,15,79
ledger_handoff_rca,qwen3.8-27b,L_vis - L_txt,dataset,aiops2025,3,6,93,-0.022939068,0.38942275,-0.078594097,9,13,71
ledger_handoff_rca,qwen3.8-27b,L_vis - L_txt,fault_type,ContainerKill,0,3,6,-0.40277778,0.125,-1.2329825,0,4,2
ledger_handoff_rca,qwen3.8-27b,L_vis - L_txt,fault_type,HTTPRequestAbort,0,2,6,-0.26388889,0.5,-0.54495201,1,2,3
ledger_handoff_rca,qwen3.8-27b,L_vis - L_txt,fault_type,HTTPRequestDelay,0,1,7,0,1,0,1,1,5
ledger_handoff_rca,qwen3.8-27b,L_vis - L_txt,fault_type,HTTPRequestReplaceMethod,0,0,15,-0.016666667,0.96112887,-0.11230589,1,1,13
ledger_handoff_rca,qwen3.8-27b,L_vis - L_txt,fault_type,HTTPRequestReplacePath,0,0,1,0.25,1,inf,1,0,0
ledger_handoff_rca,qwen3.8-27b,L_vis - L_txt,fault_type,HTTPResponseAbort,0,0,3,0,1,0,0,0,3
ledger_handoff_rca,qwen3.8-27b,L_vis - L_txt,fault_type,HTTPResponseDelay,0,0,7,0.047619048,1,0.37796447,1,0,6
ledger_handoff_rca,qwen3.8-27b,L_vis - L_txt,fault_type,HTTPResponseReplaceBody,0,0,2,0,1,0,0,0,2
ledger_handoff_rca,qwen3.8-27b,L_vis - L_txt,fault_type,HTTPResponseReplaceCode,2,1,13,0.0064102564,1,0.024232191,2,3,8
ledger_handoff_rca,qwen3.8-27b,L_vis - L_txt,fault_type,JVMException,1,2,3,-0.25,0.75,-0.37796447,1,2,0
ledger_handoff_rca,qwen3.8-27b,L_vis - L_txt,fault_type,JVMLatency,0,0,1,-0.25,1,-inf,0,1,0
ledger_handoff_rca,qwen3.8-27b,L_vis - L_txt,fault_type,JVMMemoryStress,2,1,14,0.005952381,0.79550377,0.02030145,2,3,9
ledger_handoff_rca,qwen3.8-27b,L_vis - L_txt,fault_type,JVMReturn,0,0,2,0,1,0,0,0,2
ledger_handoff_rca,qwen3.8-27b,L_vis - L_txt,fault_type,NetworkBandwidth,0,1,2,-0.25,1,-0.70710678,0,1,1
ledger_handoff_rca,qwen3.8-27b,L_vis - L_txt,fault_type,NetworkCorrupt,0,0,2,0.16666667,1,0.70710678,1,0,1
ledger_handoff_rca,qwen3.8-27b,L_vis - L_txt,fault_type,NetworkDelay,0,0,1,0.25,1,inf,1,0,0
ledger_handoff_rca,qwen3.8-27b,L_vis - L_txt,fault_type,NetworkLoss,0,0,3,-0.055555556,1,-0.57735027,0,1,2
ledger_handoff_rca,qwen3.8-27b,L_vis - L_txt,fault_type,NetworkPartition,0,1,6,-0.13888889,0.5,-0.52015649,0,2,4
ledger_handoff_rca,qwen3.8-27b,L_vis - L_txt,fault_type,PodFailure,0,0,1,0,1,0,0,0,1
ledger_handoff_rca,qwen3.8-27b,L_vis - L_txt,fault_type,PodKill,0,0,1,0,1,0,0,0,1
ledger_handoff_rca,qwen3.8-27b,L_vis - L_txt,fault_type,code error,0,0,1,0.33333333,1,inf,1,0,0
ledger_handoff_rca,qwen3.8-27b,L_vis - L_txt,fault_type,cpu stress,1,1,8,0,1,0,1,1,6
ledger_handoff_rca,qwen3.8-27b,L_vis - L_txt,fault_type,dns error,0,1,5,-0.2,1,-0.4472136,0,1,4
ledger_handoff_rca,qwen3.8-27b,L_vis - L_txt,fault_type,io fault,0,0,5,-0.093333333,0.5,-0.6851723,0,2,3
ledger_handoff_rca,qwen3.8-27b,L_vis - L_txt,fault_type,jvm cpu,0,0,3,-0.055555556,1,-0.57735027,0,1,2
ledger_handoff_rca,qwen3.8-27b,L_vis - L_txt,fault_type,jvm exception,1,1,3,0.027777778,1,0.03919309,1,1,1
ledger_handoff_rca,qwen3.8-27b,L_vis - L_txt,fault_type,jvm gc,0,0,2,0,1,0,0,0,2
ledger_handoff_rca,qwen3.8-27b,L_vis - L_txt,fault_type,jvm latency,0,0,5,0.03,1,0.30779351,1,1,3
ledger_handoff_rca,qwen3.8-27b,L_vis - L_txt,fault_type,k8s容器cpu负载,0,0,9,0,1,0,0,0,9
ledger_handoff_rca,qwen3.8-27b,L_vis - L_txt,fault_type,k8s容器内存负载,1,0,8,0.045833333,1,0.16854544,1,1,6
ledger_handoff_rca,qwen3.8-27b,L_vis - L_txt,fault_type,k8s容器写io负载,0,2,4,-0.5,0.5,-0.8660254,0,2,2
ledger_handoff_rca,qwen3.8-27b,L_vis - L_txt,fault_type,k8s容器网络丢包,0,0,9,0.018518519,1,0.33333333,1,0,8
ledger_handoff_rca,qwen3.8-27b,L_vis - L_txt,fault_type,k8s容器网络延迟,1,0,10,0.03,1,0.10183967,2,2,6
ledger_handoff_rca,qwen3.8-27b,L_vis - L_txt,fault_type,k8s容器网络资源包损坏,0,1,10,-0.016666667,1,-0.060120361,1,1,8
ledger_handoff_rca,qwen3.8-27b,L_vis - L_txt,fault_type,k8s容器网络资源包重复发送,0,1,7,-0.095238095,1,-0.37796447,0,1,6
ledger_handoff_rca,qwen3.8-27b,L_vis - L_txt,fault_type,k8s容器读io负载,0,0,9,-0.05,0.5,-0.5,0,2,7
ledger_handoff_rca,qwen3.8-27b,L_vis - L_txt,fault_type,k8s容器进程中止,0,0,5,0,1,0,0,0,5
ledger_handoff_rca,qwen3.8-27b,L_vis - L_txt,fault_type,memory stress,0,0,6,-0.083333333,1,-0.40824829,0,1,5
ledger_handoff_rca,qwen3.8-27b,L_vis - L_txt,fault_type,network corrupt,0,1,6,-0.16666667,1,-0.40824829,0,1,5
ledger_handoff_rca,qwen3.8-27b,L_vis - L_txt,fault_type,network delay,1,0,7,0.26190476,0.25,0.68350674,3,0,4
ledger_handoff_rca,qwen3.8-27b,L_vis - L_txt,fault_type,network loss,0,1,5,-0.1,1,-0.4472136,0,1,4
ledger_handoff_rca,qwen3.8-27b,L_vis - L_txt,fault_type,node cpu stress,0,0,6,0,1,0,0,0,6
ledger_handoff_rca,qwen3.8-27b,L_vis - L_txt,fault_type,node disk fill,0,0,4,0,1,0,0,0,4
ledger_handoff_rca,qwen3.8-27b,L_vis - L_txt,fault_type,node memory stress,0,1,12,-0.072222222,0.5,-0.3550366,1,2,9
ledger_handoff_rca,qwen3.8-27b,L_vis - L_txt,fault_type,node 内存消耗,0,0,5,-0.033333333,1,-0.4472136,0,1,4
ledger_handoff_rca,qwen3.8-27b,L_vis - L_txt,fault_type,node 磁盘写IO消耗,0,0,6,0,1,0,0,0,6
ledger_handoff_rca,qwen3.8-27b,L_vis - L_txt,fault_type,node 磁盘空间消耗,0,1,5,-0.12666667,0.75,-0.3377611,1,2,2
ledger_handoff_rca,qwen3.8-27b,L_vis - L_txt,fault_type,node 磁盘读IO消耗,0,1,5,-0.1,1,-0.4472136,0,1,4
ledger_handoff_rca,qwen3.8-27b,L_vis - L_txt,fault_type,node节点CPU故障,0,0,5,-0.16666667,0.5,-0.70710678,0,2,3
ledger_handoff_rca,qwen3.8-27b,L_vis - L_txt,fault_type,node节点CPU爬升,0,0,3,0,1,0,0,0,3
ledger_handoff_rca,qwen3.8-27b,L_vis - L_txt,fault_type,pod failure,0,0,10,0,1,0,0,0,10
ledger_handoff_rca,qwen3.8-27b,L_vis - L_txt,fault_type,pod kill,0,0,2,-0.016666667,1,-0.037216146,1,1,0
ledger_handoff_rca,qwen3.8-27b,L_vis - L_txt,fault_type,target port misconfig,0,0,3,0,1,0,0,0,3
ledger_handoff_rca,qwen3.8-27b,L_vis - L_txt,root_service,adservice,1,1,16,0.035416667,0.8807587,0.11997483,3,3,10
ledger_handoff_rca,qwen3.8-27b,L_vis - L_txt,root_service,adservice-0,0,0,1,0,1,0,0,0,1
ledger_handoff_rca,qwen3.8-27b,L_vis - L_txt,root_service,adservice-1,0,0,3,0,1,0,0,0,3
ledger_handoff_rca,qwen3.8-27b,L_vis - L_txt,root_service,adservice2-0,0,0,1,0,1,0,0,0,1
ledger_handoff_rca,qwen3.8-27b,L_vis - L_txt,root_service,cartservice,0,2,12,-0.016666667,1,-0.048837305,4,3,5
ledger_handoff_rca,qwen3.8-27b,L_vis - L_txt,root_service,cartservice-0,0,0,2,-0.25,1,-0.70710678,0,1,1
ledger_handoff_rca,qwen3.8-27b,L_vis - L_txt,root_service,cartservice2-0,0,0,1,-0.2,1,-inf,0,1,0
ledger_handoff_rca,qwen3.8-27b,L_vis - L_txt,root_service,checkoutservice,1,2,21,-0.031746032,0.58359559,-0.091201631,1,2,18
ledger_handoff_rca,qwen3.8-27b,L_vis - L_txt,root_service,checkoutservice-0,0,0,2,0,1,0,0,0,2
ledger_handoff_rca,qwen3.8-27b,L_vis - L_txt,root_service,checkoutservice-1,0,0,2,0,1,0,0,0,2
ledger_handoff_rca,qwen3.8-27b,L_vis - L_txt,root_service,currencyservice,0,0,6,0,1,0,0,0,6
ledger_handoff_rca,qwen3.8-27b,L_vis - L_txt,root_service,currencyservice-0,0,0,1,0,1,0,0,0,1
ledger_handoff_rca,qwen3.8-27b,L_vis - L_txt,root_service,currencyservice-1,0,0,2,0,1,0,0,0,2
ledger_handoff_rca,qwen3.8-27b,L_vis - L_txt,root_service,currencyservice-2,0,1,2,-0.5,1,-0.70710678,0,1,1
ledger_handoff_rca,qwen3.8-27b,L_vis - L_txt,root_service,emailservice,0,1,6,-0.16666667,1,-0.40824829,0,1,5
ledger_handoff_rca,qwen3.8-27b,L_vis - L_txt,root_service,emailservice-1,0,1,2,-0.5,1,-0.70710678,0,1,1
ledger_handoff_rca,qwen3.8-27b,L_vis - L_txt,root_service,frontend,1,1,6,-0.027777778,1,-0.053330489,2,1,3
ledger_handoff_rca,qwen3.8-27b,L_vis - L_txt,root_service,frontend-0,0,0,1,0.5,1,inf,1,0,0
ledger_handoff_rca,qwen3.8-27b,L_vis - L_txt,root_service,frontend-1,0,0,1,-0.3,1,-inf,0,1,0
ledger_handoff_rca,qwen3.8-27b,L_vis - L_txt,root_service,frontend-2,0,0,1,0,1,0,0,0,1
ledger_handoff_rca,qwen3.8-27b,L_vis - L_txt,root_service,frontend2-0,0,0,1,-0.2,1,-inf,0,1,0
ledger_handoff_rca,qwen3.8-27b,L_vis - L_txt,root_service,mysql,0,1,6,-0.069444444,0.75,-0.27829361,1,2,3
ledger_handoff_rca,qwen3.8-27b,L_vis - L_txt,root_service,node-1,0,0,6,0,1,0,0,0,6
ledger_handoff_rca,qwen3.8-27b,L_vis - L_txt,root_service,node-2,0,0,3,0,1,0,0,0,3
ledger_handoff_rca,qwen3.8-27b,L_vis - L_txt,root_service,node-3,0,0,7,-0.019047619,1,-0.37796447,0,1,6
ledger_handoff_rca,qwen3.8-27b,L_vis - L_txt,root_service,node-4,0,1,5,-0.26666667,0.25,-1.0550088,0,3,2
ledger_handoff_rca,qwen3.8-27b,L_vis - L_txt,root_service,node-5,0,1,12,-0.034722222,0.75,-0.20175371,1,2,9
ledger_handoff_rca,qwen3.8-27b,L_vis - L_txt,root_service,node-6,0,1,12,-0.10416667,0.5,-0.41825397,0,2,10
ledger_handoff_rca,qwen3.8-27b,L_vis - L_txt,root_service,node-7,0,0,2,0,1,0,0,0,2
ledger_handoff_rca,qwen3.8-27b,L_vis - L_txt,root_service,node-8,0,0,4,0.033333333,1,0.5,1,0,3
ledger_handoff_rca,qwen3.8-27b,L_vis - L_txt,root_service,paymentservice,0,0,2,0,1,0,0,0,2
ledger_handoff_rca,qwen3.8-27b,L_vis - L_txt,root_service,productcatalogservice,0,0,8,0,1,0,0,0,8
ledger_handoff_rca,qwen3.8-27b,L_vis - L_txt,root_service,productcatalogservice-0,0,0,3,0,1,0,0,0,3
ledger_handoff_rca,qwen3.8-27b,L_vis - L_txt,root_service,productcatalogservice-1,0,0,3,0,1,0,0,0,3
ledger_handoff_rca,qwen3.8-27b,L_vis - L_txt,root_service,productcatalogservice-2,0,0,2,-0.125,1,-0.70710678,0,1,1
ledger_handoff_rca,qwen3.8-27b,L_vis - L_txt,root_service,productcatalogservice2-0,1,0,1,0.66666667,1,inf,1,0,0
ledger_handoff_rca,qwen3.8-27b,L_vis - L_txt,root_service,recommendationservice,1,0,5,0.2,1,0.4472136,1,0,4
ledger_handoff_rca,qwen3.8-27b,L_vis - L_txt,root_service,recommendationservice-2,0,0,1,0,1,0,0,0,1
ledger_handoff_rca,qwen3.8-27b,L_vis - L_txt,root_service,recommendationservice2-0,0,0,1,0,1,0,0,0,1
ledger_handoff_rca,qwen3.8-27b,L_vis - L_txt,root_service,shippingservice,0,0,10,-0.05,1,-0.31622777,0,1,9
ledger_handoff_rca,qwen3.8-27b,L_vis - L_txt,root_service,shippingservice-0,0,0,1,0,1,0,0,0,1
ledger_handoff_rca,qwen3.8-27b,L_vis - L_txt,root_service,shippingservice-1,0,0,2,0,1,0,0,0,2
ledger_handoff_rca,qwen3.8-27b,L_vis - L_txt,root_service,shippingservice2-0,0,0,1,0,1,0,0,0,1
ledger_handoff_rca,qwen3.8-27b,L_vis - L_txt,root_service,tidb-tidb,0,0,2,0,1,0,0,0,2
ledger_handoff_rca,qwen3.8-27b,L_vis - L_txt,root_service,tidb-tikv,0,0,10,-0.046666667,0.5,-0.45184806,0,2,8
ledger_handoff_rca,qwen3.8-27b,L_vis - L_txt,root_service,ts-assurance-service,1,0,5,0.1,1,0.4472136,1,0,4
ledger_handoff_rca,qwen3.8-27b,L_vis - L_txt,root_service,ts-auth-service,0,2,4,-0.35416667,0.5,-0.86304424,0,2,2
ledger_handoff_rca,qwen3.8-27b,L_vis - L_txt,root_service,ts-basic-service,0,0,19,0,1,0,2,2,15
ledger_handoff_rca,qwen3.8-27b,L_vis - L_txt,root_service,ts-config-service,0,0,6,0.097222222,0.5,0.63583837,2,0,4
ledger_handoff_rca,qwen3.8-27b,L_vis - L_txt,root_service,ts-consign-service,0,0,2,-0.125,1,-0.70710678,0,1,1
ledger_handoff_rca,qwen3.8-27b,L_vis - L_txt,root_service,ts-contacts-service,1,0,2,0.16666667,1,0.35355339,1,1,0
ledger_handoff_rca,qwen3.8-27b,L_vis - L_txt,root_service,ts-food-service,0,0,3,0.11111111,1,0.57735027,1,0,2
ledger_handoff_rca,qwen3.8-27b,L_vis - L_txt,root_service,ts-inside-payment-service,0,1,2,-0.25,1,-0.70710678,0,1,1
ledger_handoff_rca,qwen3.8-27b,L_vis - L_txt,root_service,ts-order-other-service,0,0,4,-0.10416667,0.5,-0.83333333,0,2,2
ledger_handoff_rca,qwen3.8-27b,L_vis - L_txt,root_service,ts-order-service,0,1,5,-0.25,0.5,-0.70710678,0,2,3
ledger_handoff_rca,qwen3.8-27b,L_vis - L_txt,root_service,ts-preserve-service,0,2,5,-0.33333333,0.5,-0.70710678,0,2,3
ledger_handoff_rca,qwen3.8-27b,L_vis - L_txt,root_service,ts-price-service,0,0,2,0,1,0,0,0,2
ledger_handoff_rca,qwen3.8-27b,L_vis - L_txt,root_service,ts-route-plan-service,0,1,6,-0.083333333,1,-0.40824829,0,1,5
ledger_handoff_rca,qwen3.8-27b,L_vis - L_txt,root_service,ts-route-service,0,0,4,0.041666667,1,0.5,1,0,3
ledger_handoff_rca,qwen3.8-27b,L_vis - L_txt,root_service,ts-seat-service,0,2,6,-0.20833333,0.5,-0.62696233,0,2,4
ledger_handoff_rca,qwen3.8-27b,L_vis - L_txt,root_service,ts-security-service,1,0,1,0.5,1,inf,1,0,0
ledger_handoff_rca,qwen3.8-27b,L_vis - L_txt,root_service,ts-station-food-service,1,0,1,0.66666667,1,inf,1,0,0
ledger_handoff_rca,qwen3.8-27b,L_vis - L_txt,root_service,ts-station-service,1,0,1,0.5,1,inf,1,0,0
ledger_handoff_rca,qwen3.8-27b,L_vis - L_txt,root_service,ts-train-service,0,0,2,0,1,0,0,0,2
ledger_handoff_rca,qwen3.8-27b,L_vis - L_txt,root_service,ts-travel-plan-service,0,1,3,-0.16666667,1,-0.57735027,0,1,2
ledger_handoff_rca,qwen3.8-27b,L_vis - L_txt,root_service,ts-travel-service,0,0,3,0,1,0,0,0,3
ledger_handoff_rca,qwen3.8-27b,L_vis - L_txt,root_service,ts-travel2-service,0,0,2,-0.16666667,1,-0.70710678,0,1,1
ledger_handoff_rca,qwen3.8-27b,L_vis - L_txt,root_service,ts-user-service,0,0,1,0,1,0,0,0,1
ledger_handoff_rca,qwen3.8-27b,L_vis - L_txt,root_service,ts-verification-code-service,0,1,1,-0.5,1,-inf,0,1,0
ledger_handoff_rca,qwen3.8-27b,L_hyb - L_txt,dataset,aegislab,2,8,96,-0.040798611,0.21220307,-0.16664192,7,12,77
ledger_handoff_rca,qwen3.8-27b,L_hyb - L_txt,dataset,aiops2022,4,2,100,0.018666667,0.8976737,0.098289474,9,9,82
ledger_handoff_rca,qwen3.8-27b,L_hyb - L_txt,dataset,aiops2025,1,1,93,0.020430108,0.22506694,0.1432539,8,4,81
ledger_handoff_rca,qwen3.8-27b,L_hyb - L_txt,fault_type,ContainerKill,0,3,6,-0.31944444,0.25,-0.8896304,0,3,3
ledger_handoff_rca,qwen3.8-27b,L_hyb - L_txt,fault_type,HTTPRequestAbort,0,1,6,-0.055555556,1,-0.17902872,2,1,3
ledger_handoff_rca,qwen3.8-27b,L_hyb - L_txt,fault_type,HTTPRequestDelay,0,0,7,0.071428571,1,0.37796447,1,0,6
ledger_handoff_rca,qwen3.8-27b,L_hyb - L_txt,fault_type,HTTPRequestReplaceMethod,0,0,15,0,1,0,0,0,15
ledger_handoff_rca,qwen3.8-27b,L_hyb - L_txt,fault_type,HTTPRequestReplacePath,0,0,1,0,1,0,0,0,1
ledger_handoff_rca,qwen3.8-27b,L_hyb - L_txt,fault_type,HTTPResponseAbort,0,0,3,0,1,0,0,0,3
ledger_handoff_rca,qwen3.8-27b,L_hyb - L_txt,fault_type,HTTPResponseDelay,0,0,7,0.035714286,1,0.37796447,1,0,6
ledger_handoff_rca,qwen3.8-27b,L_hyb - L_txt,fault_type,HTTPResponseReplaceBody,0,0,2,0,1,0,0,0,2
ledger_handoff_rca,qwen3.8-27b,L_hyb - L_txt,fault_type,HTTPResponseReplaceCode,1,1,13,0,1,0,1,1,11
ledger_handoff_rca,qwen3.8-27b,L_hyb - L_txt,fault_type,JVMException,0,1,3,-0.25,1,-0.57735027,0,1,2
ledger_handoff_rca,qwen3.8-27b,L_hyb - L_txt,fault_type,JVMLatency,0,0,1,0,1,0,0,0,1
ledger_handoff_rca,qwen3.8-27b,L_hyb - L_txt,fault_type,JVMMemoryStress,0,2,14,-0.11904762,0.26461622,-0.3933979,1,3,10
ledger_handoff_rca,qwen3.8-27b,L_hyb - L_txt,fault_type,JVMReturn,0,0,2,0,1,0,0,0,2
ledger_handoff_rca,qwen3.8-27b,L_hyb - L_txt,fault_type,NetworkBandwidth,0,0,2,0,1,0,0,0,2
ledger_handoff_rca,qwen3.8-27b,L_hyb - L_txt,fault_type,NetworkCorrupt,0,0,2,0,1,0,0,0,2
ledger_handoff_rca,qwen3.8-27b,L_hyb - L_txt,fault_type,NetworkDelay,1,0,1,1,1,inf,1,0,0
ledger_handoff_rca,qwen3.8-27b,L_hyb - L_txt,fault_type,NetworkLoss,0,0,3,-0.11111111,1,-0.57735027,0,1,2
ledger_handoff_rca,qwen3.8-27b,L_hyb - L_txt,fault_type,NetworkPartition,0,0,6,-0.055555556,1,-0.40824829,0,1,5
ledger_handoff_rca,qwen3.8-27b,L_hyb - L_txt,fault_type,PodFailure,0,0,1,-0.33333333,1,-inf,0,1,0
ledger_handoff_rca,qwen3.8-27b,L_hyb - L_txt,fault_type,PodKill,0,0,1,0,1,0,0,0,1
ledger_handoff_rca,qwen3.8-27b,L_hyb - L_txt,fault_type,code error,0,0,1,0,1,0,0,0,1
ledger_handoff_rca,qwen3.8-27b,L_hyb - L_txt,fault_type,cpu stress,0,1,8,-0.058333333,1,-0.22824546,1,1,6
ledger_handoff_rca,qwen3.8-27b,L_hyb - L_txt,fault_type,dns error,0,0,5,0,1,0,0,0,5
ledger_handoff_rca,qwen3.8-27b,L_hyb - L_txt,fault_type,io fault,0,0,5,0,1,0,0,0,5
ledger_handoff_rca,qwen3.8-27b,L_hyb - L_txt,fault_type,jvm cpu,0,0,3,0,1,0,0,0,3
ledger_handoff_rca,qwen3.8-27b,L_hyb - L_txt,fault_type,jvm exception,0,0,3,0,1,0,0,0,3
ledger_handoff_rca,qwen3.8-27b,L_hyb - L_txt,fault_type,jvm gc,0,0,2,0,1,0,0,0,2
ledger_handoff_rca,qwen3.8-27b,L_hyb - L_txt,fault_type,jvm latency,0,0,5,-0.043333333,0.5,-0.59964529,0,2,3
ledger_handoff_rca,qwen3.8-27b,L_hyb - L_txt,fault_type,k8s容器cpu负载,1,0,9,0.077777778,1,0.21617916,1,1,7
ledger_handoff_rca,qwen3.8-27b,L_hyb - L_txt,fault_type,k8s容器内存负载,1,0,8,0.0625,1,0.35355339,1,0,7
ledger_handoff_rca,qwen3.8-27b,L_hyb - L_txt,fault_type,k8s容器写io负载,0,0,4,0,1,0,0,0,4
ledger_handoff_rca,qwen3.8-27b,L_hyb - L_txt,fault_type,k8s容器网络丢包,0,0,9,0,1,0,0,0,9
ledger_handoff_rca,qwen3.8-27b,L_hyb - L_txt,fault_type,k8s容器网络延迟,1,0,10,0.063333333,0.75,0.26156147,2,2,6
ledger_handoff_rca,qwen3.8-27b,L_hyb - L_txt,fault_type,k8s容器网络资源包损坏,0,1,10,0.058333333,0.625,0.21882124,3,1,6
ledger_handoff_rca,qwen3.8-27b,L_hyb - L_txt,fault_type,k8s容器网络资源包重复发送,0,0,7,0,1,0,0,0,7
ledger_handoff_rca,qwen3.8-27b,L_hyb - L_txt,fault_type,k8s容器读io负载,0,0,9,-0.022222222,1,-0.33333333,0,1,8
ledger_handoff_rca,qwen3.8-27b,L_hyb - L_txt,fault_type,k8s容器进程中止,0,0,5,0,1,0,0,0,5
ledger_handoff_rca,qwen3.8-27b,L_hyb - L_txt,fault_type,memory stress,0,0,6,0.075,0.5,0.63960215,2,0,4
ledger_handoff_rca,qwen3.8-27b,L_hyb - L_txt,fault_type,network corrupt,0,0,6,0,1,0,0,0,6
ledger_handoff_rca,qwen3.8-27b,L_hyb - L_txt,fault_type,network delay,0,0,7,0.1547619,0.25,0.5831297,3,1,3
ledger_handoff_rca,qwen3.8-27b,L_hyb - L_txt,fault_type,network loss,0,0,5,0,1,0,0,0,5
ledger_handoff_rca,qwen3.8-27b,L_hyb - L_txt,fault_type,node cpu stress,0,0,6,0.041666667,1,0.40824829,1,0,5
ledger_handoff_rca,qwen3.8-27b,L_hyb - L_txt,fault_type,node disk fill,0,0,4,0,1,0,0,0,4
ledger_handoff_rca,qwen3.8-27b,L_hyb - L_txt,fault_type,node memory stress,1,0,12,0.066666667,1,0.28867513,1,0,11
ledger_handoff_rca,qwen3.8-27b,L_hyb - L_txt,fault_type,node 内存消耗,1,0,5,0.1,1,0.4472136,1,0,4
ledger_handoff_rca,qwen3.8-27b,L_hyb - L_txt,fault_type,node 磁盘写IO消耗,0,0,6,0,1,0,0,0,6
ledger_handoff_rca,qwen3.8-27b,L_hyb - L_txt,fault_type,node 磁盘空间消耗,0,1,5,-0.13666667,0.75,-0.34522108,1,2,2
ledger_handoff_rca,qwen3.8-27b,L_hyb - L_txt,fault_type,node 磁盘读IO消耗,0,0,5,0,1,0,0,0,5
ledger_handoff_rca,qwen3.8-27b,L_hyb - L_txt,fault_type,node节点CPU故障,0,0,5,-0.033333333,0.5,-0.73029674,0,2,3
ledger_handoff_rca,qwen3.8-27b,L_hyb - L_txt,fault_type,node节点CPU爬升,0,0,3,0,1,0,0,0,3
ledger_handoff_rca,qwen3.8-27b,L_hyb - L_txt,fault_type,pod failure,0,0,10,0,1,0,0,0,10
ledger_handoff_rca,qwen3.8-27b,L_hyb - L_txt,fault_type,pod kill,0,0,2,0,1,0,0,0,2
ledger_handoff_rca,qwen3.8-27b,L_hyb - L_txt,fault_type,target port misconfig,0,0,3,0,1,0,0,0,3
ledger_handoff_rca,qwen3.8-27b,L_hyb - L_txt,root_service,adservice,0,0,16,0.017708333,0.61733522,0.13072283,1,2,13
ledger_handoff_rca,qwen3.8-27b,L_hyb - L_txt,root_service,adservice-0,0,0,1,0,1,0,0,0,1
ledger_handoff_rca,qwen3.8-27b,L_hyb - L_txt,root_service,adservice-1,0,0,3,0,1,0,0,0,3
ledger_handoff_rca,qwen3.8-27b,L_hyb - L_txt,root_service,adservice2-0,0,0,1,0,1,0,0,0,1
ledger_handoff_rca,qwen3.8-27b,L_hyb - L_txt,root_service,cartservice,0,0,12,0.0625,0.5,0.40219983,2,0,10
ledger_handoff_rca,qwen3.8-27b,L_hyb - L_txt,root_service,cartservice-0,0,0,2,0,1,0,0,0,2
ledger_handoff_rca,qwen3.8-27b,L_hyb - L_txt,root_service,cartservice2-0,0,0,1,-0.2,1,-inf,0,1,0
ledger_handoff_rca,qwen3.8-27b,L_hyb - L_txt,root_service,checkoutservice,0,1,21,0,1,0,1,1,19
ledger_handoff_rca,qwen3.8-27b,L_hyb - L_txt,root_service,checkoutservice-0,0,0,2,0,1,0,0,0,2
ledger_handoff_rca,qwen3.8-27b,L_hyb - L_txt,root_service,checkoutservice-1,0,0,2,0,1,0,0,0,2
ledger_handoff_rca,qwen3.8-27b,L_hyb - L_txt,root_service,currencyservice,0,0,6,0.075,0.5,0.63960215,2,0,4
ledger_handoff_rca,qwen3.8-27b,L_hyb - L_txt,root_service,currencyservice-0,0,0,1,0,1,0,0,0,1
ledger_handoff_rca,qwen3.8-27b,L_hyb - L_txt,root_service,currencyservice-1,0,0,2,0,1,0,0,0,2
ledger_handoff_rca,qwen3.8-27b,L_hyb - L_txt,root_service,currencyservice-2,1,0,2,0.5,1,0.70710678,1,0,1
ledger_handoff_rca,qwen3.8-27b,L_hyb - L_txt,root_service,emailservice,0,1,6,-0.11111111,1,-0.40824829,0,1,5
ledger_handoff_rca,qwen3.8-27b,L_hyb - L_txt,root_service,emailservice-1,0,0,2,0.25,1,0.70710678,1,0,1
ledger_handoff_rca,qwen3.8-27b,L_hyb - L_txt,root_service,frontend,1,0,6,0.083333333,1,0.40824829,1,0,5
ledger_handoff_rca,qwen3.8-27b,L_hyb - L_txt,root_service,frontend-0,0,0,1,0.33333333,1,inf,1,0,0
ledger_handoff_rca,qwen3.8-27b,L_hyb - L_txt,root_service,frontend-1,1,0,1,0.5,1,inf,1,0,0
ledger_handoff_rca,qwen3.8-27b,L_hyb - L_txt,root_service,frontend-2,0,0,1,0,1,0,0,0,1
ledger_handoff_rca,qwen3.8-27b,L_hyb - L_txt,root_service,frontend2-0,0,0,1,-0.2,1,-inf,0,1,0
ledger_handoff_rca,qwen3.8-27b,L_hyb - L_txt,root_service,mysql,1,0,6,0.16666667,1,0.40824829,1,0,5
ledger_handoff_rca,qwen3.8-27b,L_hyb - L_txt,root_service,node-1,0,0,6,0,1,0,0,0,6
ledger_handoff_rca,qwen3.8-27b,L_hyb - L_txt,root_service,node-2,0,0,3,0,1,0,0,0,3
ledger_handoff_rca,qwen3.8-27b,L_hyb - L_txt,root_service,node-3,0,0,7,0.016666667,1,0.14586499,1,1,5
ledger_handoff_rca,qwen3.8-27b,L_hyb - L_txt,root_service,node-4,0,0,5,-0.016666667,1,-0.4472136,0,1,4
ledger_handoff_rca,qwen3.8-27b,L_hyb - L_txt,root_service,node-5,1,0,12,0.0625,0.5,0.40219983,2,0,10
ledger_handoff_rca,qwen3.8-27b,L_hyb - L_txt,root_service,node-6,0,1,12,-0.073611111,0.5,-0.32004245,0,2,10
ledger_handoff_rca,qwen3.8-27b,L_hyb - L_txt,root_service,node-7,0,0,2,0,1,0,0,0,2
ledger_handoff_rca,qwen3.8-27b,L_hyb - L_txt,root_service,node-8,1,0,4,0.2,1,0.5,1,0,3
ledger_handoff_rca,qwen3.8-27b,L_hyb - L_txt,root_service,paymentservice,0,0,2,0,1,0,0,0,2
ledger_handoff_rca,qwen3.8-27b,L_hyb - L_txt,root_service,productcatalogservice,0,0,8,0.010416667,1,0.092169114,1,1,6
ledger_handoff_rca,qwen3.8-27b,L_hyb - L_txt,root_service,productcatalogservice-0,0,0,3,0,1,0,0,0,3
ledger_handoff_rca,qwen3.8-27b,L_hyb - L_txt,root_service,productcatalogservice-1,0,0,3,0,1,0,0,0,3
ledger_handoff_rca,qwen3.8-27b,L_hyb - L_txt,root_service,productcatalogservice-2,0,0,2,0,1,0,0,0,2
ledger_handoff_rca,qwen3.8-27b,L_hyb - L_txt,root_service,productcatalogservice2-0,0,0,1,0,1,0,0,0,1
ledger_handoff_rca,qwen3.8-27b,L_hyb - L_txt,root_service,recommendationservice,0,0,5,0.0066666667,1,0.051298918,1,1,3
ledger_handoff_rca,qwen3.8-27b,L_hyb - L_txt,root_service,recommendationservice-2,0,0,1,0,1,0,0,0,1
ledger_handoff_rca,qwen3.8-27b,L_hyb - L_txt,root_service,recommendationservice2-0,0,0,1,0,1,0,0,0,1
ledger_handoff_rca,qwen3.8-27b,L_hyb - L_txt,root_service,shippingservice,0,0,10,0,1,0,0,0,10
ledger_handoff_rca,qwen3.8-27b,L_hyb - L_txt,root_service,shippingservice-0,0,0,1,0,1,0,0,0,1
ledger_handoff_rca,qwen3.8-27b,L_hyb - L_txt,root_service,shippingservice-1,0,0,2,0,1,0,0,0,2
ledger_handoff_rca,qwen3.8-27b,L_hyb - L_txt,root_service,shippingservice2-0,0,0,1,-0.3,1,-inf,0,1,0
ledger_handoff_rca,qwen3.8-27b,L_hyb - L_txt,root_service,tidb-tidb,0,0,2,0,1,0,0,0,2
ledger_handoff_rca,qwen3.8-27b,L_hyb - L_txt,root_service,tidb-tikv,0,0,10,0,1,0,0,0,10
ledger_handoff_rca,qwen3.8-27b,L_hyb - L_txt,root_service,ts-assurance-service,1,0,5,0.13333333,0.5,0.61357199,2,0,3
ledger_handoff_rca,qwen3.8-27b,L_hyb - L_txt,root_service,ts-auth-service,0,2,4,-0.35416667,0.5,-0.86304424,0,2,2
ledger_handoff_rca,qwen3.8-27b,L_hyb - L_txt,root_service,ts-basic-service,0,0,19,0.026315789,0.31731051,0.22941573,1,0,18
ledger_handoff_rca,qwen3.8-27b,L_hyb - L_txt,root_service,ts-config-service,0,0,6,0.041666667,1,0.40824829,1,0,5
ledger_handoff_rca,qwen3.8-27b,L_hyb - L_txt,root_service,ts-consign-service,0,0,2,0,1,0,0,0,2
ledger_handoff_rca,qwen3.8-27b,L_hyb - L_txt,root_service,ts-contacts-service,0,0,2,0,1,0,0,0,2
ledger_handoff_rca,qwen3.8-27b,L_hyb - L_txt,root_service,ts-food-service,0,0,3,0,1,0,0,0,3
ledger_handoff_rca,qwen3.8-27b,L_hyb - L_txt,root_service,ts-inside-payment-service,0,0,2,0,1,0,0,0,2
ledger_handoff_rca,qwen3.8-27b,L_hyb - L_txt,root_service,ts-order-other-service,0,0,4,-0.083333333,1,-0.5,0,1,3
ledger_handoff_rca,qwen3.8-27b,L_hyb - L_txt,root_service,ts-order-service,0,1,5,-0.15,1,-0.4472136,0,1,4
ledger_handoff_rca,qwen3.8-27b,L_hyb - L_txt,root_service,ts-preserve-service,0,0,5,0,1,0,0,0,5
ledger_handoff_rca,qwen3.8-27b,L_hyb - L_txt,root_service,ts-price-service,0,0,2,-0.16666667,1,-0.70710678,0,1,1
ledger_handoff_rca,qwen3.8-27b,L_hyb - L_txt,root_service,ts-route-plan-service,0,1,6,-0.083333333,1,-0.40824829,0,1,5
ledger_handoff_rca,qwen3.8-27b,L_hyb - L_txt,root_service,ts-route-service,0,1,4,-0.083333333,1,-0.28867513,1,1,2
ledger_handoff_rca,qwen3.8-27b,L_hyb - L_txt,root_service,ts-seat-service,0,1,6,-0.11111111,1,-0.40824829,0,1,5
ledger_handoff_rca,qwen3.8-27b,L_hyb - L_txt,root_service,ts-security-service,0,0,1,0,1,0,0,0,1
ledger_handoff_rca,qwen3.8-27b,L_hyb - L_txt,root_service,ts-station-food-service,0,0,1,0,1,0,0,0,1
ledger_handoff_rca,qwen3.8-27b,L_hyb - L_txt,root_service,ts-station-service,0,0,1,0,1,0,0,0,1
ledger_handoff_rca,qwen3.8-27b,L_hyb - L_txt,root_service,ts-train-service,0,0,2,0.083333333,1,0.70710678,1,0,1
ledger_handoff_rca,qwen3.8-27b,L_hyb - L_txt,root_service,ts-travel-plan-service,0,0,3,0,1,0,0,0,3
ledger_handoff_rca,qwen3.8-27b,L_hyb - L_txt,root_service,ts-travel-service,0,1,3,-0.44444444,0.5,-0.87287156,0,2,1
ledger_handoff_rca,qwen3.8-27b,L_hyb - L_txt,root_service,ts-travel2-service,0,0,2,-0.16666667,1,-0.70710678,0,1,1
ledger_handoff_rca,qwen3.8-27b,L_hyb - L_txt,root_service,ts-user-service,0,0,1,0,1,0,0,0,1
ledger_handoff_rca,qwen3.8-27b,L_hyb - L_txt,root_service,ts-verification-code-service,0,1,1,-0.5,1,-inf,0,1,0
