experiment,model,arm,dataset_scope,n,case_n,complete_chain_accuracy,correct_prefix_accuracy,step_accuracy,query_membership_valid,level_1_complete_chain_accuracy,level_2_complete_chain_accuracy,level_3_complete_chain_accuracy,ac@1,ac@3,ac@5,avg@3,avg@5,mrr
cross_region,gemma-4-26b-a4b,H,aegislab,96,96,0.5625,0.71527778,0.66840278,1,0.95833333,0.26315789,0.44736842,,,,,,
cross_region,gemma-4-26b-a4b,Mt-Rt-Lt-Gt,aegislab,96,96,0.52951389,0.62934028,0.54166667,1,0.96875,0.26315789,0.30263158,,,,,,
cross_region,gemma-4-26b-a4b,Mt-Rt-Lt-Gv,aegislab,96,96,0.46354167,0.60329861,0.54166667,1,0.875,0.23157895,0.22368421,,,,,,
cross_region,gemma-4-26b-a4b,Mt-Rt-Lv-Gt,aegislab,96,96,0.45138889,0.55324074,0.50520833,1,0.73958333,0.23157895,0.35526316,,,,,,
cross_region,gemma-4-26b-a4b,Mt-Rt-Lv-Gv,aegislab,96,96,0.375,0.5,0.49131944,1,0.59375,0.23157895,0.27631579,,,,,,
cross_region,gemma-4-26b-a4b,Mt-Rv-Lt-Gt,aegislab,96,96,0.58159722,0.74768519,0.69444444,1,0.97916667,0.26315789,0.48684211,,,,,,
cross_region,gemma-4-26b-a4b,Mt-Rv-Lt-Gv,aegislab,96,96,0.55034722,0.73119213,0.70486111,1,0.875,0.26315789,0.52631579,,,,,,
cross_region,gemma-4-26b-a4b,Mt-Rv-Lv-Gt,aegislab,96,96,0.48958333,0.6634838,0.65104167,1,0.72916667,0.25263158,0.48684211,,,,,,
cross_region,gemma-4-26b-a4b,Mt-Rv-Lv-Gv,aegislab,96,96,0.47569444,0.65769676,0.67534722,1,0.63541667,0.24210526,0.56578947,,,,,,
cross_region,gemma-4-26b-a4b,Mv-Rt-Lt-Gt,aegislab,96,96,0.515625,0.6171875,0.53993056,1,0.95833333,0.26315789,0.27631579,,,,,,
cross_region,gemma-4-26b-a4b,Mv-Rt-Lt-Gv,aegislab,96,96,0.47222222,0.59635417,0.546875,1,0.82291667,0.26315789,0.27631579,,,,,,
cross_region,gemma-4-26b-a4b,Mv-Rt-Lv-Gt,aegislab,96,96,0.42708333,0.54282407,0.50520833,1,0.71875,0.24210526,0.27631579,,,,,,
cross_region,gemma-4-26b-a4b,Mv-Rt-Lv-Gv,aegislab,96,96,0.39930556,0.52025463,0.49826389,1,0.625,0.23157895,0.31578947,,,,,,
cross_region,gemma-4-26b-a4b,Mv-Rv-Lt-Gt,aegislab,96,96,0.56770833,0.76822917,0.72743056,1,0.98958333,0.26315789,0.42105263,,,,,,
cross_region,gemma-4-26b-a4b,Mv-Rv-Lt-Gv,aegislab,96,96,0.49652778,0.71440972,0.68229167,1,0.875,0.25263158,0.31578947,,,,,,
cross_region,gemma-4-26b-a4b,Mv-Rv-Lv-Gt,aegislab,96,96,0.46527778,0.66579861,0.65625,1,0.73958333,0.26315789,0.36842105,,,,,,
cross_region,gemma-4-26b-a4b,Mv-Rv-Lv-Gv,aegislab,96,96,0.35763889,0.57378472,0.60243056,1,0.48958333,0.25263158,0.32894737,,,,,,
cross_region,gemma-4-26b-a4b,P,aegislab,96,96,0.36284722,0.46527778,0.38020833,1,0.8125,0.12631579,0.092105263,,,,,,
cross_region,gemma-4-26b-a4b,V,aegislab,96,96,0.25,0.46701389,0.48784722,1,0.40625,0.16842105,0.11842105,,,,,,
cross_region,gemma-4-26b-a4b,H,aiops2022,100,100,0.74833333,0.79861111,0.77833333,1,0.89,0.66666667,0.22222222,,,,,,
cross_region,gemma-4-26b-a4b,Mt-Rt-Lt-Gt,aiops2022,100,100,0.66333333,0.71277778,0.65833333,1,0.93,0.45833333,0,,,,,,
cross_region,gemma-4-26b-a4b,Mt-Rt-Lt-Gv,aiops2022,100,100,0.57833333,0.62527778,0.60333333,1,0.73,0.48958333,0.055555556,,,,,,
cross_region,gemma-4-26b-a4b,Mt-Rt-Lv-Gt,aiops2022,100,100,0.72833333,0.78833333,0.78,1,0.83,0.69791667,0.22222222,,,,,,
cross_region,gemma-4-26b-a4b,Mt-Rt-Lv-Gv,aiops2022,100,100,0.67,0.7375,0.74333333,1,0.73,0.6875,0.16666667,,,,,,
cross_region,gemma-4-26b-a4b,Mt-Rv-Lt-Gt,aiops2022,100,100,0.685,0.74027778,0.7,1,0.88,0.51041667,0.38888889,,,,,,
cross_region,gemma-4-26b-a4b,Mt-Rv-Lt-Gv,aiops2022,100,100,0.64166667,0.7025,0.68666667,1,0.77,0.53125,0.44444444,,,,,,
cross_region,gemma-4-26b-a4b,Mt-Rv-Lv-Gt,aiops2022,100,100,0.77833333,0.83527778,0.83666667,1,0.84,0.70833333,0.88888889,,,,,,
cross_region,gemma-4-26b-a4b,Mt-Rv-Lv-Gv,aiops2022,100,100,0.715,0.79416667,0.80333333,1,0.77,0.67708333,0.72222222,,,,,,
cross_region,gemma-4-26b-a4b,Mv-Rt-Lt-Gt,aiops2022,100,100,0.69666667,0.74361111,0.68166667,1,0.97,0.47916667,0.16666667,,,,,,
cross_region,gemma-4-26b-a4b,Mv-Rt-Lt-Gv,aiops2022,100,100,0.66,0.71111111,0.67333333,1,0.86,0.5,0.16666667,,,,,,
cross_region,gemma-4-26b-a4b,Mv-Rt-Lv-Gt,aiops2022,100,100,0.76833333,0.82444444,0.81666667,1,0.86,0.75,0.27777778,,,,,,
cross_region,gemma-4-26b-a4b,Mv-Rt-Lv-Gv,aiops2022,100,100,0.71,0.775,0.79,1,0.74,0.73958333,0.27777778,,,,,,
cross_region,gemma-4-26b-a4b,Mv-Rv-Lt-Gt,aiops2022,100,100,0.74166667,0.79,0.74166667,1,0.95,0.55208333,0.55555556,,,,,,
cross_region,gemma-4-26b-a4b,Mv-Rv-Lt-Gv,aiops2022,100,100,0.66833333,0.72388889,0.68833333,1,0.85,0.5,0.44444444,,,,,,
cross_region,gemma-4-26b-a4b,Mv-Rv-Lv-Gt,aiops2022,100,100,0.79666667,0.85805556,0.85333333,1,0.87,0.73958333,0.72222222,,,,,,
cross_region,gemma-4-26b-a4b,Mv-Rv-Lv-Gv,aiops2022,100,100,0.67166667,0.74944444,0.77666667,1,0.67,0.65625,0.88888889,,,,,,
cross_region,gemma-4-26b-a4b,P,aiops2022,100,100,0.50166667,0.56333333,0.525,1,0.79,0.25,0,,,,,,
cross_region,gemma-4-26b-a4b,V,aiops2022,100,100,0.48833333,0.60777778,0.635,1,0.52,0.44791667,0.44444444,,,,,,
cross_region,gemma-4-26b-a4b,H,aiops2025,93,93,0.82795699,0.8551374,0.84587814,1,0.93548387,0.88461538,0.43181818,,,,,,
cross_region,gemma-4-26b-a4b,Mt-Rt-Lt-Gt,aiops2025,93,93,0.82258065,0.84796894,0.82795699,1,0.96774194,0.84615385,0.27272727,,,,,,
cross_region,gemma-4-26b-a4b,Mt-Rt-Lt-Gv,aiops2025,93,93,0.76523297,0.80376344,0.79390681,1,0.87096774,0.83333333,0.34090909,,,,,,
cross_region,gemma-4-26b-a4b,Mt-Rt-Lv-Gt,aiops2025,93,93,0.6827957,0.74193548,0.73476703,1,0.80645161,0.70512821,0.27272727,,,,,,
cross_region,gemma-4-26b-a4b,Mt-Rt-Lv-Gv,aiops2025,93,93,0.63799283,0.69832736,0.71505376,1,0.67741935,0.70512821,0.36363636,,,,,,
cross_region,gemma-4-26b-a4b,Mt-Rv-Lt-Gt,aiops2025,93,93,0.89784946,0.9369773,0.92473118,1,0.98924731,0.87179487,0.63636364,,,,,,
cross_region,gemma-4-26b-a4b,Mt-Rv-Lt-Gv,aiops2025,93,93,0.84229391,0.88172043,0.88709677,1,0.86021505,0.87179487,0.75,,,,,,
cross_region,gemma-4-26b-a4b,Mt-Rv-Lv-Gt,aiops2025,93,93,0.73297491,0.8004779,0.80286738,1,0.78494624,0.70512821,0.68181818,,,,,,
cross_region,gemma-4-26b-a4b,Mt-Rv-Lv-Gv,aiops2025,93,93,0.6702509,0.75298686,0.77419355,1,0.67741935,0.62820513,0.72727273,,,,,,
cross_region,gemma-4-26b-a4b,Mv-Rt-Lt-Gt,aiops2025,93,93,0.8172043,0.85394265,0.84050179,1,0.96774194,0.85897436,0.22727273,,,,,,
cross_region,gemma-4-26b-a4b,Mv-Rt-Lt-Gv,aiops2025,93,93,0.76523297,0.79719235,0.79032258,1,0.84946237,0.84615385,0.27272727,,,,,,
cross_region,gemma-4-26b-a4b,Mv-Rt-Lv-Gt,aiops2025,93,93,0.70250896,0.77001195,0.76523297,1,0.8172043,0.71794872,0.29545455,,,,,,
cross_region,gemma-4-26b-a4b,Mv-Rt-Lv-Gv,aiops2025,93,93,0.64874552,0.71684588,0.71684588,1,0.7311828,0.67948718,0.31818182,,,,,,
cross_region,gemma-4-26b-a4b,Mv-Rv-Lt-Gt,aiops2025,93,93,0.88351254,0.93040621,0.92293907,1,0.97849462,0.85897436,0.59090909,,,,,,
cross_region,gemma-4-26b-a4b,Mv-Rv-Lt-Gv,aiops2025,93,93,0.82258065,0.8760454,0.87992832,1,0.87096774,0.84615385,0.61363636,,,,,,
cross_region,gemma-4-26b-a4b,Mv-Rv-Lv-Gt,aiops2025,93,93,0.77060932,0.83990442,0.84229391,1,0.82795699,0.74358974,0.61363636,,,,,,
cross_region,gemma-4-26b-a4b,Mv-Rv-Lv-Gv,aiops2025,93,93,0.67921147,0.77001195,0.79032258,1,0.69892473,0.67948718,0.59090909,,,,,,
cross_region,gemma-4-26b-a4b,P,aiops2025,93,93,0.57885305,0.61379928,0.58243728,1,0.75268817,0.58974359,0.045454545,,,,,,
cross_region,gemma-4-26b-a4b,V,aiops2025,93,93,0.47670251,0.58094385,0.57706093,1,0.5483871,0.55128205,0.068181818,,,,,,
cross_region,gemma-4-26b-a4b,H,all_469,469,469,0.68088131,0.7709666,0.74769012,1,0.92963753,0.55133929,0.43670886,,,,,,
cross_region,gemma-4-26b-a4b,Mt-Rt-Lt-Gt,all_469,469,469,0.6286425,0.69373371,0.63823738,1,0.9466951,0.48660714,0.26898734,,,,,,
cross_region,gemma-4-26b-a4b,Mt-Rt-Lt-Gv,all_469,469,469,0.57569296,0.66109927,0.63397299,1,0.84221748,0.47544643,0.26582278,,,,,,
cross_region,gemma-4-26b-a4b,Mt-Rt-Lv-Gt,all_469,469,469,0.58670931,0.67205638,0.64570007,1,0.80383795,0.50669643,0.30379747,,,,,,
cross_region,gemma-4-26b-a4b,Mt-Rt-Lv-Gv,all_469,469,469,0.539801,0.63574982,0.63574982,1,0.69509595,0.49330357,0.31329114,,,,,,
cross_region,gemma-4-26b-a4b,Mt-Rv-Lt-Gt,all_469,469,469,0.68372424,0.77783701,0.7416489,1,0.9466951,0.49107143,0.50632911,,,,,,
cross_region,gemma-4-26b-a4b,Mt-Rv-Lt-Gv,all_469,469,469,0.63859275,0.74739398,0.73738451,1,0.8315565,0.49553571,0.51898734,,,,,,
cross_region,gemma-4-26b-a4b,Mt-Rv-Lv-Gt,all_469,469,469,0.63930348,0.75260602,0.742715,1,0.80597015,0.50223214,0.5443038,,,,,,
cross_region,gemma-4-26b-a4b,Mt-Rv-Lv-Gv,all_469,469,469,0.59061834,0.72009003,0.73169865,1,0.70149254,0.47767857,0.54746835,,,,,,
cross_region,gemma-4-26b-a4b,Mv-Rt-Lt-Gt,all_469,469,469,0.62260128,0.69758351,0.64818763,1,0.9466951,0.48660714,0.24367089,,,,,,
cross_region,gemma-4-26b-a4b,Mv-Rt-Lt-Gv,all_469,469,469,0.58564321,0.66933191,0.63717129,1,0.84221748,0.48883929,0.25,,,,,,
cross_region,gemma-4-26b-a4b,Mv-Rt-Lv-Gt,all_469,469,469,0.58777541,0.6879294,0.6663113,1,0.80597015,0.51339286,0.27848101,,,,,,
cross_region,gemma-4-26b-a4b,Mv-Rt-Lv-Gv,all_469,469,469,0.54761905,0.65322199,0.64179104,1,0.72707889,0.49776786,0.2721519,,,,,,
cross_region,gemma-4-26b-a4b,Mv-Rv-Lt-Gt,all_469,469,469,0.67306326,0.78707652,0.75017768,1,0.95735608,0.50892857,0.40822785,,,,,,
cross_region,gemma-4-26b-a4b,Mv-Rv-Lt-Gv,all_469,469,469,0.6286425,0.75568586,0.73347548,1,0.87633262,0.48883929,0.39873418,,,,,,
cross_region,gemma-4-26b-a4b,Mv-Rv-Lv-Gt,all_469,469,469,0.61940299,0.75355366,0.74022743,1,0.81663113,0.515625,0.39240506,,,,,,
cross_region,gemma-4-26b-a4b,Mv-Rv-Lv-Gv,all_469,469,469,0.52985075,0.6862118,0.70113717,1,0.64818763,0.47544643,0.37974684,,,,,,
cross_region,gemma-4-26b-a4b,P,all_469,469,469,0.41862118,0.49265577,0.43638948,1,0.76759062,0.24330357,0.060126582,,,,,,
cross_region,gemma-4-26b-a4b,V,all_469,469,469,0.37455579,0.5366027,0.55366027,1,0.47121535,0.37276786,0.15506329,,,,,,
cross_region,gemma-4-26b-a4b,H,headline_289,289,289,0.71222607,0.78911957,0.76355248,1,0.92733564,0.58736059,0.41304348,,,,,,
cross_region,gemma-4-26b-a4b,Mt-Rt-Lt-Gt,headline_289,289,289,0.67012687,0.72856594,0.67416378,1,0.9550173,0.50185874,0.25362319,,,,,,
cross_region,gemma-4-26b-a4b,Mt-Rt-Lt-Gv,headline_289,289,289,0.60034602,0.6754133,0.64417532,1,0.82352941,0.49814126,0.23913043,,,,,,
cross_region,gemma-4-26b-a4b,Mt-Rt-Lv-Gt,headline_289,289,289,0.62168397,0.6953095,0.67416378,1,0.79238754,0.53531599,0.3115942,,,,,,
cross_region,gemma-4-26b-a4b,Mt-Rt-Lv-Gv,headline_289,289,289,0.56170704,0.64600154,0.65051903,1,0.66782007,0.53159851,0.28985507,,,,,,
cross_region,gemma-4-26b-a4b,Mt-Rv-Lt-Gt,headline_289,289,289,0.71914648,0.80603614,0.7704729,1,0.94809689,0.52788104,0.52173913,,,,,,
cross_region,gemma-4-26b-a4b,Mt-Rv-Lt-Gv,headline_289,289,289,0.67589389,0.76970396,0.75720877,1,0.83391003,0.53531599,0.58695652,,,,,,
cross_region,gemma-4-26b-a4b,Mt-Rv-Lv-Gt,headline_289,289,289,0.66782007,0.76701269,0.76412918,1,0.78546713,0.5464684,0.60144928,,,,,,
cross_region,gemma-4-26b-a4b,Mt-Rv-Lv-Gv,headline_289,289,289,0.62110727,0.73558247,0.75144175,1,0.69550173,0.50929368,0.63768116,,,,,,
cross_region,gemma-4-26b-a4b,Mv-Rt-Lt-Gt,headline_289,289,289,0.67531719,0.73712034,0.68569781,1,0.96539792,0.51301115,0.24637681,,,,,,
cross_region,gemma-4-26b-a4b,Mv-Rt-Lt-Gv,headline_289,289,289,0.63148789,0.70069204,0.66897347,1,0.84429066,0.51672862,0.26086957,,,,,,
cross_region,gemma-4-26b-a4b,Mv-Rt-Lv-Gt,headline_289,289,289,0.63379469,0.71337947,0.69665513,1,0.79930796,0.56133829,0.2826087,,,,,,
cross_region,gemma-4-26b-a4b,Mv-Rt-Lv-Gv,headline_289,289,289,0.58708189,0.67166474,0.66955017,1,0.69896194,0.54275093,0.3115942,,,,,,
cross_region,gemma-4-26b-a4b,Mv-Rv-Lt-Gt,headline_289,289,289,0.7295271,0.82795079,0.79527105,1,0.97231834,0.53903346,0.49275362,,,,,,
cross_region,gemma-4-26b-a4b,Mv-Rv-Lt-Gv,headline_289,289,289,0.66089965,0.76970396,0.74798155,1,0.8650519,0.51301115,0.42753623,,,,,,
cross_region,gemma-4-26b-a4b,Mv-Rv-Lv-Gt,headline_289,289,289,0.67820069,0.78835063,0.78431373,1,0.81314879,0.57249071,0.49275362,,,,,,
cross_region,gemma-4-26b-a4b,Mv-Rv-Lv-Gv,headline_289,289,289,0.56978085,0.69771242,0.72318339,1,0.61937716,0.5204461,0.48550725,,,,,,
cross_region,gemma-4-26b-a4b,P,headline_289,289,289,0.48039216,0.54700115,0.49538639,1,0.78546713,0.30483271,0.065217391,,,,,,
cross_region,gemma-4-26b-a4b,V,headline_289,289,289,0.40542099,0.5523837,0.56747405,1,0.49134948,0.37918216,0.14492754,,,,,,
cross_region,gemma-4-26b-a4b,H,re2_ob,90,90,0.58518519,0.7037037,0.67962963,1,0.91111111,0.47777778,0.36666667,,,,,,
cross_region,gemma-4-26b-a4b,Mt-Rt-Lt-Gt,re2_ob,90,90,0.53703704,0.61790123,0.57222222,1,0.93333333,0.45555556,0.22222222,,,,,,
cross_region,gemma-4-26b-a4b,Mt-Rt-Lt-Gv,re2_ob,90,90,0.53703704,0.6308642,0.6037037,1,0.92222222,0.45555556,0.23333333,,,,,,
cross_region,gemma-4-26b-a4b,Mt-Rt-Lv-Gt,re2_ob,90,90,0.54814815,0.65123457,0.60740741,1,0.91111111,0.5,0.23333333,,,,,,
cross_region,gemma-4-26b-a4b,Mt-Rt-Lv-Gv,re2_ob,90,90,0.51481481,0.62901235,0.59814815,1,0.83333333,0.46666667,0.24444444,,,,,,
cross_region,gemma-4-26b-a4b,Mt-Rv-Lt-Gt,re2_ob,90,90,0.6037037,0.71234568,0.67037037,1,0.96666667,0.41111111,0.43333333,,,,,,
cross_region,gemma-4-26b-a4b,Mt-Rv-Lt-Gv,re2_ob,90,90,0.57407407,0.69567901,0.68703704,1,0.85555556,0.42222222,0.44444444,,,,,,
cross_region,gemma-4-26b-a4b,Mt-Rv-Lv-Gt,re2_ob,90,90,0.62592593,0.75617284,0.71666667,1,0.93333333,0.45555556,0.48888889,,,,,,
cross_region,gemma-4-26b-a4b,Mt-Rv-Lv-Gv,re2_ob,90,90,0.56666667,0.7154321,0.69259259,1,0.84444444,0.44444444,0.41111111,,,,,,
cross_region,gemma-4-26b-a4b,Mv-Rt-Lt-Gt,re2_ob,90,90,0.52222222,0.61481481,0.56851852,1,0.92222222,0.43333333,0.21111111,,,,,,
cross_region,gemma-4-26b-a4b,Mv-Rt-Lt-Gv,re2_ob,90,90,0.52592593,0.63024691,0.58888889,1,0.92222222,0.44444444,0.21111111,,,,,,
cross_region,gemma-4-26b-a4b,Mv-Rt-Lv-Gt,re2_ob,90,90,0.53703704,0.66358025,0.62407407,1,0.88888889,0.5,0.22222222,,,,,,
cross_region,gemma-4-26b-a4b,Mv-Rt-Lv-Gv,re2_ob,90,90,0.50740741,0.64259259,0.60185185,1,0.86666667,0.46666667,0.18888889,,,,,,
cross_region,gemma-4-26b-a4b,Mv-Rv-Lt-Gt,re2_ob,90,90,0.55925926,0.69135802,0.64074074,1,0.93333333,0.43333333,0.31111111,,,,,,
cross_region,gemma-4-26b-a4b,Mv-Rv-Lt-Gv,re2_ob,90,90,0.57777778,0.72160494,0.69074074,1,0.91111111,0.43333333,0.38888889,,,,,,
cross_region,gemma-4-26b-a4b,Mv-Rv-Lv-Gt,re2_ob,90,90,0.55925926,0.71419753,0.66481481,1,0.91111111,0.46666667,0.3,,,,,,
cross_region,gemma-4-26b-a4b,Mv-Rv-Lv-Gv,re2_ob,90,90,0.48888889,0.68024691,0.65740741,1,0.76666667,0.43333333,0.26666667,,,,,,
cross_region,gemma-4-26b-a4b,P,re2_ob,90,90,0.2962963,0.38024691,0.32777778,1,0.7,0.14444444,0.044444444,,,,,,
cross_region,gemma-4-26b-a4b,V,re2_ob,90,90,0.35185185,0.52283951,0.52222222,1,0.48888889,0.41111111,0.15555556,,,,,,
cross_region,gemma-4-26b-a4b,H,re2_tt,90,90,0.67592593,0.77993827,0.76481481,1,0.95555556,0.51685393,0.54545455,,,,,,
cross_region,gemma-4-26b-a4b,Mt-Rt-Lt-Gt,re2_tt,90,90,0.58703704,0.65771605,0.58888889,1,0.93333333,0.47191011,0.34090909,,,,,,
cross_region,gemma-4-26b-a4b,Mt-Rt-Lt-Gv,re2_tt,90,90,0.53518519,0.64537037,0.63148148,1,0.82222222,0.42696629,0.34090909,,,,,,
cross_region,gemma-4-26b-a4b,Mt-Rt-Lv-Gt,re2_tt,90,90,0.51296296,0.61820988,0.59259259,1,0.73333333,0.42696629,0.36363636,,,,,,
cross_region,gemma-4-26b-a4b,Mt-Rt-Lv-Gv,re2_tt,90,90,0.49444444,0.6095679,0.62592593,1,0.64444444,0.40449438,0.42045455,,,,,,
cross_region,gemma-4-26b-a4b,Mt-Rv-Lt-Gt,re2_tt,90,90,0.65,0.75277778,0.72037037,1,0.92222222,0.46067416,0.55681818,,,,,,
cross_region,gemma-4-26b-a4b,Mt-Rv-Lt-Gv,re2_tt,90,90,0.58333333,0.72746914,0.72407407,1,0.8,0.4494382,0.48863636,,,,,,
cross_region,gemma-4-26b-a4b,Mt-Rv-Lv-Gt,re2_tt,90,90,0.56111111,0.70277778,0.7,1,0.74444444,0.41573034,0.51136364,,,,,,
cross_region,gemma-4-26b-a4b,Mt-Rv-Lv-Gv,re2_tt,90,90,0.51666667,0.675,0.70740741,1,0.57777778,0.41573034,0.54545455,,,,,,
cross_region,gemma-4-26b-a4b,Mv-Rt-Lt-Gt,re2_tt,90,90,0.5537037,0.65339506,0.60740741,1,0.91111111,0.46067416,0.27272727,,,,,,
cross_region,gemma-4-26b-a4b,Mv-Rt-Lt-Gv,re2_tt,90,90,0.49814815,0.60771605,0.58333333,1,0.75555556,0.4494382,0.27272727,,,,,,
cross_region,gemma-4-26b-a4b,Mv-Rt-Lv-Gt,re2_tt,90,90,0.49074074,0.63055556,0.61111111,1,0.74444444,0.38202247,0.32954545,,,,,,
cross_region,gemma-4-26b-a4b,Mv-Rt-Lv-Gv,re2_tt,90,90,0.46111111,0.60462963,0.59259259,1,0.67777778,0.39325843,0.29545455,,,,,,
cross_region,gemma-4-26b-a4b,Mv-Rv-Lt-Gt,re2_tt,90,90,0.60555556,0.75154321,0.71481481,1,0.93333333,0.49438202,0.375,,,,,,
cross_region,gemma-4-26b-a4b,Mv-Rv-Lt-Gv,re2_tt,90,90,0.57592593,0.74475309,0.72962963,1,0.87777778,0.47191011,0.36363636,,,,,,
cross_region,gemma-4-26b-a4b,Mv-Rv-Lv-Gt,re2_tt,90,90,0.49074074,0.68117284,0.67407407,1,0.73333333,0.39325843,0.32954545,,,,,,
cross_region,gemma-4-26b-a4b,Mv-Rv-Lv-Gv,re2_tt,90,90,0.44259259,0.65524691,0.67407407,1,0.62222222,0.38202247,0.32954545,,,,,,
cross_region,gemma-4-26b-a4b,P,re2_tt,90,90,0.34259259,0.43055556,0.35555556,1,0.77777778,0.15730337,0.068181818,,,,,,
cross_region,gemma-4-26b-a4b,V,re2_tt,90,90,0.29814815,0.49969136,0.54074074,1,0.38888889,0.31460674,0.17045455,,,,,,
cross_region,qwen3.6-27b,H,aegislab,96,96,0.56597222,0.72800926,0.69097222,1,0.9375,0.31578947,0.40789474,,,,,,
cross_region,qwen3.6-27b,Mt-Rt-Lt-Gt,aegislab,96,96,0.57638889,0.67303241,0.59548611,1,0.97916667,0.33684211,0.36842105,,,,,,
cross_region,qwen3.6-27b,Mt-Rt-Lt-Gv,aegislab,96,96,0.49652778,0.60619213,0.56597222,1,0.80208333,0.29473684,0.36842105,,,,,,
cross_region,qwen3.6-27b,Mt-Rt-Lv-Gt,aegislab,96,96,0.54340278,0.64583333,0.59722222,1,0.875,0.31578947,0.40789474,,,,,,
cross_region,qwen3.6-27b,Mt-Rt-Lv-Gv,aegislab,96,96,0.48611111,0.60763889,0.57118056,1,0.78125,0.30526316,0.32894737,,,,,,
cross_region,qwen3.6-27b,Mt-Rv-Lt-Gt,aegislab,96,96,0.59895833,0.74652778,0.70138889,1,0.94791667,0.37894737,0.44736842,,,,,,
cross_region,qwen3.6-27b,Mt-Rv-Lt-Gv,aegislab,96,96,0.546875,0.70486111,0.671875,1,0.86458333,0.32631579,0.43421053,,,,,,
cross_region,qwen3.6-27b,Mt-Rv-Lv-Gt,aegislab,96,96,0.50347222,0.68460648,0.65798611,1,0.80208333,0.30526316,0.38157895,,,,,,
cross_region,qwen3.6-27b,Mt-Rv-Lv-Gv,aegislab,96,96,0.47048611,0.65451389,0.64930556,1,0.71875,0.30526316,0.35526316,,,,,,
cross_region,qwen3.6-27b,Mv-Rt-Lt-Gt,aegislab,96,96,0.55729167,0.66869213,0.59548611,1,0.97916667,0.31578947,0.32894737,,,,,,
cross_region,qwen3.6-27b,Mv-Rt-Lt-Gv,aegislab,96,96,0.53125,0.64728009,0.59027778,1,0.9375,0.28421053,0.32894737,,,,,,
cross_region,qwen3.6-27b,Mv-Rt-Lv-Gt,aegislab,96,96,0.49652778,0.60532407,0.55729167,1,0.8125,0.31578947,0.31578947,,,,,,
cross_region,qwen3.6-27b,Mv-Rt-Lv-Gv,aegislab,96,96,0.44791667,0.56134259,0.51736111,1,0.75,0.27368421,0.27631579,,,,,,
cross_region,qwen3.6-27b,Mv-Rv-Lt-Gt,aegislab,96,96,0.578125,0.74710648,0.70833333,1,0.94791667,0.35789474,0.40789474,,,,,,
cross_region,qwen3.6-27b,Mv-Rv-Lt-Gv,aegislab,96,96,0.546875,0.72858796,0.69270833,1,0.89583333,0.34736842,0.35526316,,,,,,
cross_region,qwen3.6-27b,Mv-Rv-Lv-Gt,aegislab,96,96,0.5,0.6791088,0.66319444,1,0.76041667,0.33684211,0.38157895,,,,,,
cross_region,qwen3.6-27b,Mv-Rv-Lv-Gv,aegislab,96,96,0.45138889,0.63599537,0.63020833,1,0.6875,0.28421053,0.36842105,,,,,,
cross_region,qwen3.6-27b,P,aegislab,96,96,0.53298611,0.60763889,0.52430556,1,0.92708333,0.30526316,0.31578947,,,,,,
cross_region,qwen3.6-27b,V,aegislab,96,96,0.40277778,0.58564815,0.56770833,1,0.66666667,0.28421053,0.22368421,,,,,,
cross_region,qwen3.6-27b,H,aiops2022,100,100,0.82,0.87027778,0.84,1,0.99,0.71875,0.22222222,,,,,,
cross_region,qwen3.6-27b,Mt-Rt-Lt-Gt,aiops2022,100,100,0.71833333,0.76638889,0.71166667,1,0.98,0.51041667,0.16666667,,,,,,
cross_region,qwen3.6-27b,Mt-Rt-Lt-Gv,aiops2022,100,100,0.70333333,0.7525,0.71166667,1,0.91,0.55208333,0.22222222,,,,,,
cross_region,qwen3.6-27b,Mt-Rt-Lv-Gt,aiops2022,100,100,0.81166667,0.87138889,0.855,1,0.94,0.76041667,0.22222222,,,,,,
cross_region,qwen3.6-27b,Mt-Rt-Lv-Gv,aiops2022,100,100,0.79,0.84472222,0.84,1,0.87,0.76041667,0.38888889,,,,,,
cross_region,qwen3.6-27b,Mt-Rv-Lt-Gt,aiops2022,100,100,0.745,0.79333333,0.75833333,1,0.94,0.5625,0.5,,,,,,
cross_region,qwen3.6-27b,Mt-Rv-Lt-Gv,aiops2022,100,100,0.725,0.77472222,0.72833333,1,0.93,0.5625,0.38888889,,,,,,
cross_region,qwen3.6-27b,Mt-Rv-Lv-Gt,aiops2022,100,100,0.76166667,0.8325,0.82,1,0.88,0.6875,0.38888889,,,,,,
cross_region,qwen3.6-27b,Mt-Rv-Lv-Gv,aiops2022,100,100,0.75166667,0.81972222,0.80166667,1,0.87,0.67708333,0.5,,,,,,
cross_region,qwen3.6-27b,Mv-Rt-Lt-Gt,aiops2022,100,100,0.72333333,0.7725,0.71333333,1,0.98,0.54166667,0.055555556,,,,,,
cross_region,qwen3.6-27b,Mv-Rt-Lt-Gv,aiops2022,100,100,0.7,0.75027778,0.70166667,1,0.93,0.54166667,0.11111111,,,,,,
cross_region,qwen3.6-27b,Mv-Rt-Lv-Gt,aiops2022,100,100,0.82166667,0.87611111,0.86166667,1,0.94,0.77083333,0.33333333,,,,,,
cross_region,qwen3.6-27b,Mv-Rt-Lv-Gv,aiops2022,100,100,0.795,0.85194444,0.845,1,0.89,0.77083333,0.27777778,,,,,,
cross_region,qwen3.6-27b,Mv-Rv-Lt-Gt,aiops2022,100,100,0.71166667,0.76111111,0.715,1,0.93,0.52083333,0.38888889,,,,,,
cross_region,qwen3.6-27b,Mv-Rv-Lt-Gv,aiops2022,100,100,0.68333333,0.7375,0.695,1,0.89,0.5,0.44444444,,,,,,
cross_region,qwen3.6-27b,Mv-Rv-Lv-Gt,aiops2022,100,100,0.76166667,0.83305556,0.815,1,0.9,0.66666667,0.44444444,,,,,,
cross_region,qwen3.6-27b,Mv-Rv-Lv-Gv,aiops2022,100,100,0.7,0.775,0.76,1,0.82,0.63541667,0.38888889,,,,,,
cross_region,qwen3.6-27b,P,aiops2022,100,100,0.65166667,0.70027778,0.64,1,0.94,0.42708333,0,,,,,,
cross_region,qwen3.6-27b,V,aiops2022,100,100,0.66833333,0.74583333,0.74166667,1,0.76,0.625,0.27777778,,,,,,
cross_region,qwen3.6-27b,H,aiops2025,93,93,0.85483871,0.90173238,0.89605735,1,0.96774194,0.85897436,0.45454545,,,,,,
cross_region,qwen3.6-27b,Mt-Rt-Lt-Gt,aiops2025,93,93,0.83691756,0.86947431,0.85304659,1,0.96774194,0.85897436,0.34090909,,,,,,
cross_region,qwen3.6-27b,Mt-Rt-Lt-Gv,aiops2025,93,93,0.7921147,0.82706093,0.82078853,1,0.88172043,0.84615385,0.34090909,,,,,,
cross_region,qwen3.6-27b,Mt-Rt-Lv-Gt,aiops2025,93,93,0.81899642,0.85872162,0.84408602,1,0.94623656,0.82051282,0.36363636,,,,,,
cross_region,qwen3.6-27b,Mt-Rt-Lv-Gv,aiops2025,93,93,0.79928315,0.84199522,0.84587814,1,0.88172043,0.82051282,0.40909091,,,,,,
cross_region,qwen3.6-27b,Mt-Rv-Lt-Gt,aiops2025,93,93,0.89784946,0.93100358,0.91935484,1,0.97849462,0.85897436,0.68181818,,,,,,
cross_region,qwen3.6-27b,Mt-Rv-Lt-Gv,aiops2025,93,93,0.86200717,0.8948626,0.88888889,1,0.92473118,0.84615385,0.63636364,,,,,,
cross_region,qwen3.6-27b,Mt-Rv-Lv-Gt,aiops2025,93,93,0.85125448,0.89755078,0.89247312,1,0.92473118,0.79487179,0.70454545,,,,,,
cross_region,qwen3.6-27b,Mt-Rv-Lv-Gv,aiops2025,93,93,0.8046595,0.86887694,0.87096774,1,0.87096774,0.75641026,0.61363636,,,,,,
cross_region,qwen3.6-27b,Mv-Rt-Lt-Gt,aiops2025,93,93,0.84408602,0.87275986,0.84946237,1,0.97849462,0.87179487,0.31818182,,,,,,
cross_region,qwen3.6-27b,Mv-Rt-Lt-Gv,aiops2025,93,93,0.81362007,0.84050179,0.81899642,1,0.92473118,0.85897436,0.34090909,,,,,,
cross_region,qwen3.6-27b,Mv-Rt-Lv-Gt,aiops2025,93,93,0.79569892,0.83273596,0.81541219,1,0.90322581,0.80769231,0.34090909,,,,,,
cross_region,qwen3.6-27b,Mv-Rt-Lv-Gv,aiops2025,93,93,0.75806452,0.80197133,0.79569892,1,0.83870968,0.79487179,0.38636364,,,,,,
cross_region,qwen3.6-27b,Mv-Rv-Lt-Gt,aiops2025,93,93,0.88172043,0.93040621,0.92114695,1,0.97849462,0.88461538,0.54545455,,,,,,
cross_region,qwen3.6-27b,Mv-Rv-Lt-Gv,aiops2025,93,93,0.8172043,0.87216249,0.86379928,1,0.90322581,0.83333333,0.5,,,,,,
cross_region,qwen3.6-27b,Mv-Rv-Lv-Gt,aiops2025,93,93,0.81899642,0.88201912,0.87455197,1,0.90322581,0.78205128,0.56818182,,,,,,
cross_region,qwen3.6-27b,Mv-Rv-Lv-Gv,aiops2025,93,93,0.71146953,0.80376344,0.81182796,1,0.78494624,0.69230769,0.47727273,,,,,,
cross_region,qwen3.6-27b,P,aiops2025,93,93,0.82078853,0.84289128,0.79749104,1,0.97849462,0.84615385,0.22727273,,,,,,
cross_region,qwen3.6-27b,V,aiops2025,93,93,0.71146953,0.78614098,0.78673835,1,0.77419355,0.70512821,0.38636364,,,,,,
cross_region,qwen3.6-27b,H,all_469,469,469,0.72352523,0.81680881,0.79282161,1,0.97654584,0.59151786,0.45886076,,,,,,
cross_region,qwen3.6-27b,Mt-Rt-Lt-Gt,all_469,469,469,0.66773276,0.73294243,0.6872779,1,0.97867804,0.52678571,0.32594937,,,,,,
cross_region,qwen3.6-27b,Mt-Rt-Lt-Gv,all_469,469,469,0.61656006,0.68941009,0.67022033,1,0.82515991,0.52901786,0.34810127,,,,,,
cross_region,qwen3.6-27b,Mt-Rt-Lv-Gt,all_469,469,469,0.68798863,0.76445155,0.7384506,1,0.92324094,0.58705357,0.39556962,,,,,,
cross_region,qwen3.6-27b,Mt-Rt-Lv-Gv,all_469,469,469,0.63361763,0.71730633,0.71464108,1,0.78464819,0.58035714,0.38291139,,,,,,
cross_region,qwen3.6-27b,Mt-Rv-Lt-Gt,all_469,469,469,0.70078181,0.78689884,0.76119403,1,0.92110874,0.546875,0.52531646,,,,,,
cross_region,qwen3.6-27b,Mt-Rv-Lt-Gv,all_469,469,469,0.65742715,0.74520256,0.73098792,1,0.8358209,0.53125,0.5,,,,,,
cross_region,qwen3.6-27b,Mt-Rv-Lv-Gt,all_469,469,469,0.6684435,0.77582326,0.76474769,1,0.8315565,0.55357143,0.51898734,,,,,,
cross_region,qwen3.6-27b,Mt-Rv-Lv-Gv,all_469,469,469,0.6318408,0.74301113,0.75053305,1,0.73987207,0.54464286,0.51582278,,,,,,
cross_region,qwen3.6-27b,Mv-Rt-Lt-Gt,all_469,469,469,0.66773276,0.73720682,0.68479033,1,0.98720682,0.52901786,0.30696203,,,,,,
cross_region,qwen3.6-27b,Mv-Rt-Lt-Gv,all_469,469,469,0.61442786,0.69136461,0.65920398,1,0.86567164,0.51785714,0.28797468,,,,,,
cross_region,qwen3.6-27b,Mv-Rt-Lv-Gt,all_469,469,469,0.6496091,0.73258706,0.70433547,1,0.87206823,0.57142857,0.32594937,,,,,,
cross_region,qwen3.6-27b,Mv-Rt-Lv-Gv,all_469,469,469,0.59950249,0.68781095,0.67910448,1,0.76332623,0.55133929,0.31962025,,,,,,
cross_region,qwen3.6-27b,Mv-Rv-Lt-Gt,all_469,469,469,0.66702203,0.76664298,0.73169865,1,0.93390192,0.53571429,0.38607595,,,,,,
cross_region,qwen3.6-27b,Mv-Rv-Lt-Gv,all_469,469,469,0.60056859,0.70942905,0.69616205,1,0.78678038,0.50223214,0.37974684,,,,,,
cross_region,qwen3.6-27b,Mv-Rv-Lv-Gt,all_469,469,469,0.65138593,0.76865672,0.75515281,1,0.8358209,0.546875,0.44936709,,,,,,
cross_region,qwen3.6-27b,Mv-Rv-Lv-Gv,all_469,469,469,0.56076759,0.69426676,0.70220327,1,0.69083156,0.48883929,0.39240506,,,,,,
cross_region,qwen3.6-27b,P,all_469,469,469,0.62011372,0.67638,0.6098081,1,0.95522388,0.48660714,0.22151899,,,,,,
cross_region,qwen3.6-27b,V,all_469,469,469,0.52700782,0.65351812,0.65742715,1,0.6652452,0.47767857,0.28797468,,,,,,
cross_region,qwen3.6-27b,H,headline_289,289,289,0.74682814,0.8331411,0.80853518,1,0.96539792,0.61710037,0.39855072,,,,,,
cross_region,qwen3.6-27b,Mt-Rt-Lt-Gt,headline_289,289,289,0.70934256,0.76855056,0.71856978,1,0.97577855,0.55018587,0.33333333,,,,,,
cross_region,qwen3.6-27b,Mt-Rt-Lt-Gv,headline_289,289,289,0.66320646,0.72789312,0.69838524,1,0.8650519,0.5464684,0.34057971,,,,,,
cross_region,qwen3.6-27b,Mt-Rt-Lv-Gt,headline_289,289,289,0.72491349,0.79238754,0.76585928,1,0.92041522,0.62081784,0.36956522,,,,,,
cross_region,qwen3.6-27b,Mt-Rt-Lv-Gv,headline_289,289,289,0.69204152,0.76509035,0.75259516,1,0.84429066,0.61710037,0.36231884,,,,,,
cross_region,qwen3.6-27b,Mt-Rv-Lt-Gt,headline_289,289,289,0.74567474,0.82208766,0.79123414,1,0.9550173,0.58364312,0.52898551,,,,,,
cross_region,qwen3.6-27b,Mt-Rv-Lt-Gv,headline_289,289,289,0.70991926,0.79017686,0.76124567,1,0.90657439,0.56133829,0.49275362,,,,,,
cross_region,qwen3.6-27b,Mt-Rv-Lv-Gt,headline_289,289,289,0.70472895,0.80430604,0.78950404,1,0.86851211,0.58364312,0.48550725,,,,,,
cross_region,qwen3.6-27b,Mt-Rv-Lv-Gv,headline_289,289,289,0.67531719,0.78066128,0.7733564,1,0.8200692,0.56877323,0.45652174,,,,,,
cross_region,qwen3.6-27b,Mv-Rt-Lt-Gt,headline_289,289,289,0.70703576,0.77028066,0.71799308,1,0.97923875,0.55762082,0.28985507,,,,,,
cross_region,qwen3.6-27b,Mv-Rt-Lt-Gv,headline_289,289,289,0.6805075,0.74509804,0.70242215,1,0.93079585,0.54275093,0.30434783,,,,,,
cross_region,qwen3.6-27b,Mv-Rt-Lv-Gt,headline_289,289,289,0.70530565,0.772203,0.74567474,1,0.88581315,0.62081784,0.32608696,,,,,,
cross_region,qwen3.6-27b,Mv-Rt-Lv-Gv,headline_289,289,289,0.66782007,0.73933103,0.72029988,1,0.82698962,0.60223048,0.3115942,,,,,,
cross_region,qwen3.6-27b,Mv-Rv-Lt-Gt,headline_289,289,289,0.72202999,0.8109381,0.77912341,1,0.95155709,0.56877323,0.44927536,,,,,,
cross_region,qwen3.6-27b,Mv-Rv-Lt-Gv,headline_289,289,289,0.6810842,0.77787389,0.74855825,1,0.89619377,0.54275093,0.41304348,,,,,,
cross_region,qwen3.6-27b,Mv-Rv-Lv-Gt,headline_289,289,289,0.69319493,0.79767397,0.78373702,1,0.85467128,0.58364312,0.44927536,,,,,,
cross_region,qwen3.6-27b,Mv-Rv-Lv-Gv,headline_289,289,289,0.62110727,0.73808151,0.73356401,1,0.76470588,0.52788104,0.4057971,,,,,,
cross_region,qwen3.6-27b,P,headline_289,289,289,0.66666667,0.71539792,0.65224913,1,0.94809689,0.50557621,0.24637681,,,,,,
cross_region,qwen3.6-27b,V,headline_289,289,289,0.59400231,0.705594,0.69838524,1,0.73356401,0.52788104,0.2826087,,,,,,
cross_region,qwen3.6-27b,H,re2_ob,90,90,0.64814815,0.76481481,0.73148148,1,0.98888889,0.56666667,0.38888889,,,,,,
cross_region,qwen3.6-27b,Mt-Rt-Lt-Gt,re2_ob,90,90,0.57407407,0.64753086,0.6037037,1,1,0.5,0.22222222,,,,,,
cross_region,qwen3.6-27b,Mt-Rt-Lt-Gv,re2_ob,90,90,0.51111111,0.59691358,0.57407407,1,0.81111111,0.48888889,0.23333333,,,,,,
cross_region,qwen3.6-27b,Mt-Rt-Lv-Gt,re2_ob,90,90,0.61481481,0.71049383,0.66666667,1,0.97777778,0.58888889,0.27777778,,,,,,
cross_region,qwen3.6-27b,Mt-Rt-Lv-Gv,re2_ob,90,90,0.53333333,0.62962963,0.62222222,1,0.76666667,0.53333333,0.3,,,,,,
cross_region,qwen3.6-27b,Mt-Rv-Lt-Gt,re2_ob,90,90,0.62222222,0.7191358,0.69259259,1,0.91111111,0.51111111,0.44444444,,,,,,
cross_region,qwen3.6-27b,Mt-Rv-Lt-Gv,re2_ob,90,90,0.55555556,0.65308642,0.6462963,1,0.78888889,0.47777778,0.4,,,,,,
cross_region,qwen3.6-27b,Mt-Rv-Lv-Gt,re2_ob,90,90,0.62592593,0.74567901,0.71851852,1,0.86666667,0.52222222,0.48888889,,,,,,
cross_region,qwen3.6-27b,Mt-Rv-Lv-Gv,re2_ob,90,90,0.57037037,0.69197531,0.7,1,0.72222222,0.52222222,0.46666667,,,,,,
cross_region,qwen3.6-27b,Mv-Rt-Lt-Gt,re2_ob,90,90,0.56666667,0.64259259,0.57777778,1,1,0.46666667,0.23333333,,,,,,
cross_region,qwen3.6-27b,Mv-Rt-Lt-Gv,re2_ob,90,90,0.49259259,0.58703704,0.56111111,1,0.81111111,0.46666667,0.2,,,,,,
cross_region,qwen3.6-27b,Mv-Rt-Lv-Gt,re2_ob,90,90,0.55185185,0.65740741,0.60740741,1,0.91111111,0.47777778,0.26666667,,,,,,
cross_region,qwen3.6-27b,Mv-Rt-Lv-Gv,re2_ob,90,90,0.5037037,0.60740741,0.5962963,1,0.76666667,0.5,0.24444444,,,,,,
cross_region,qwen3.6-27b,Mv-Rv-Lt-Gt,re2_ob,90,90,0.56296296,0.67345679,0.62222222,1,0.94444444,0.48888889,0.25555556,,,,,,
cross_region,qwen3.6-27b,Mv-Rv-Lt-Gv,re2_ob,90,90,0.53703704,0.64382716,0.63888889,1,0.75555556,0.48888889,0.36666667,,,,,,
cross_region,qwen3.6-27b,Mv-Rv-Lv-Gt,re2_ob,90,90,0.58888889,0.72592593,0.6962963,1,0.88888889,0.5,0.37777778,,,,,,
cross_region,qwen3.6-27b,Mv-Rv-Lv-Gv,re2_ob,90,90,0.47777778,0.62530864,0.63333333,1,0.66666667,0.43333333,0.33333333,,,,,,
cross_region,qwen3.6-27b,P,re2_ob,90,90,0.52592593,0.59506173,0.52962963,1,0.96666667,0.44444444,0.16666667,,,,,,
cross_region,qwen3.6-27b,V,re2_ob,90,90,0.46296296,0.59074074,0.59444444,1,0.66666667,0.45555556,0.26666667,,,,,,
cross_region,qwen3.6-27b,H,re2_tt,90,90,0.72407407,0.81635802,0.8037037,1,1,0.53932584,0.625,,,,,,
cross_region,qwen3.6-27b,Mt-Rt-Lt-Gt,re2_tt,90,90,0.62777778,0.70401235,0.67037037,1,0.96666667,0.48314607,0.42045455,,,,,,
cross_region,qwen3.6-27b,Mt-Rt-Lt-Gv,re2_tt,90,90,0.57222222,0.65833333,0.67592593,1,0.71111111,0.51685393,0.47727273,,,,,,
cross_region,qwen3.6-27b,Mt-Rt-Lv-Gt,re2_tt,90,90,0.64259259,0.7287037,0.72222222,1,0.87777778,0.48314607,0.55681818,,,,,,
cross_region,qwen3.6-27b,Mt-Rt-Lv-Gv,re2_tt,90,90,0.5462963,0.65154321,0.68518519,1,0.61111111,0.51685393,0.5,,,,,,
cross_region,qwen3.6-27b,Mt-Rv-Lt-Gt,re2_tt,90,90,0.63518519,0.74166667,0.73333333,1,0.82222222,0.47191011,0.60227273,,,,,,
cross_region,qwen3.6-27b,Mt-Rv-Lt-Gv,re2_tt,90,90,0.59074074,0.69290123,0.71851852,1,0.65555556,0.49438202,0.61363636,,,,,,
cross_region,qwen3.6-27b,Mt-Rv-Lv-Gt,re2_tt,90,90,0.59444444,0.71450617,0.73148148,1,0.67777778,0.49438202,0.60227273,,,,,,
cross_region,qwen3.6-27b,Mt-Rv-Lv-Gv,re2_tt,90,90,0.5537037,0.67314815,0.72777778,1,0.5,0.49438202,0.65909091,,,,,,
cross_region,qwen3.6-27b,Mv-Rt-Lt-Gt,re2_tt,90,90,0.64259259,0.72561728,0.68518519,1,1,0.50561798,0.40909091,,,,,,
cross_region,qwen3.6-27b,Mv-Rt-Lt-Gv,re2_tt,90,90,0.52407407,0.62314815,0.61851852,1,0.71111111,0.49438202,0.35227273,,,,,,
cross_region,qwen3.6-27b,Mv-Rt-Lv-Gt,re2_tt,90,90,0.56851852,0.68055556,0.66851852,1,0.78888889,0.51685393,0.38636364,,,,,,
cross_region,qwen3.6-27b,Mv-Rt-Lv-Gv,re2_tt,90,90,0.47592593,0.60277778,0.62962963,1,0.55555556,0.4494382,0.40909091,,,,,,
cross_region,qwen3.6-27b,Mv-Rv-Lt-Gt,re2_tt,90,90,0.59444444,0.71759259,0.68888889,1,0.86666667,0.48314607,0.42045455,,,,,,
cross_region,qwen3.6-27b,Mv-Rv-Lt-Gv,re2_tt,90,90,0.40555556,0.55524691,0.58518519,1,0.46666667,0.39325843,0.34090909,,,,,,
cross_region,qwen3.6-27b,Mv-Rv-Lv-Gt,re2_tt,90,90,0.57962963,0.71820988,0.72222222,1,0.72222222,0.48314607,0.52272727,,,,,,
cross_region,qwen3.6-27b,Mv-Rv-Lv-Gv,re2_tt,90,90,0.45,0.62253086,0.67037037,1,0.47777778,0.42696629,0.43181818,,,,,,
cross_region,qwen3.6-27b,P,re2_tt,90,90,0.56481481,0.63240741,0.5537037,1,0.96666667,0.47191011,0.23863636,,,,,,
cross_region,qwen3.6-27b,V,re2_tt,90,90,0.37592593,0.54907407,0.58888889,1,0.44444444,0.34831461,0.31818182,,,,,,
cross_region,qwen3.8-27b,H,aegislab,96,96,0.33333333,0.48408565,0.50868056,1,0.47916667,0.21875,0.2967033,,,,,,
cross_region,qwen3.8-27b,Mt-Rt-Lt-Gt,aegislab,96,96,0.42013889,0.50896991,0.49479167,1,0.69791667,0.27083333,0.28571429,,,,,,
cross_region,qwen3.8-27b,Mt-Rt-Lt-Gv,aegislab,96,96,0.32118056,0.43373843,0.44270833,1,0.55208333,0.1875,0.21978022,,,,,,
cross_region,qwen3.8-27b,Mt-Rt-Lv-Gt,aegislab,96,96,0.32118056,0.47048611,0.48090278,1,0.5,0.16666667,0.2967033,,,,,,
cross_region,qwen3.8-27b,Mt-Rt-Lv-Gv,aegislab,96,96,0.28298611,0.44965278,0.47048611,1,0.46875,0.14583333,0.23076923,,,,,,
cross_region,qwen3.8-27b,Mt-Rv-Lt-Gt,aegislab,96,96,0.296875,0.43055556,0.44965278,1,0.47916667,0.17708333,0.23076923,,,,,,
cross_region,qwen3.8-27b,Mt-Rv-Lt-Gv,aegislab,96,96,0.30729167,0.42447917,0.43923611,1,0.47916667,0.17708333,0.26373626,,,,,,
cross_region,qwen3.8-27b,Mt-Rv-Lv-Gt,aegislab,96,96,0.27430556,0.46903935,0.49652778,1,0.42708333,0.14583333,0.24175824,,,,,,
cross_region,qwen3.8-27b,Mt-Rv-Lv-Gv,aegislab,96,96,0.22395833,0.44068287,0.47916667,1,0.375,0.10416667,0.18681319,,,,,,
cross_region,qwen3.8-27b,Mv-Rt-Lt-Gt,aegislab,96,96,0.35243056,0.46296296,0.44270833,1,0.57291667,0.20833333,0.27472527,,,,,,
cross_region,qwen3.8-27b,Mv-Rt-Lt-Gv,aegislab,96,96,0.38020833,0.50260417,0.5,1,0.61458333,0.23958333,0.28571429,,,,,,
cross_region,qwen3.8-27b,Mv-Rt-Lv-Gt,aegislab,96,96,0.31423611,0.48206019,0.484375,1,0.48958333,0.23958333,0.1978022,,,,,,
cross_region,qwen3.8-27b,Mv-Rt-Lv-Gv,aegislab,96,96,0.33680556,0.51359954,0.52430556,1,0.53125,0.22916667,0.23076923,,,,,,
cross_region,qwen3.8-27b,Mv-Rv-Lt-Gt,aegislab,96,96,0.32465278,0.47019676,0.45486111,1,0.61458333,0.17708333,0.17582418,,,,,,
cross_region,qwen3.8-27b,Mv-Rv-Lt-Gv,aegislab,96,96,0.36631944,0.51475694,0.51041667,1,0.63541667,0.20833333,0.25274725,,,,,,
cross_region,qwen3.8-27b,Mv-Rv-Lv-Gt,aegislab,96,96,0.265625,0.47337963,0.47743056,1,0.47916667,0.14583333,0.15384615,,,,,,
cross_region,qwen3.8-27b,Mv-Rv-Lv-Gv,aegislab,96,96,0.20659722,0.42766204,0.44791667,1,0.41666667,0.10416667,0.087912088,,,,,,
cross_region,qwen3.8-27b,P,aegislab,96,96,0.41493056,0.47858796,0.41493056,1,0.77083333,0.27083333,0.18681319,,,,,,
cross_region,qwen3.8-27b,V,aegislab,96,96,0.19965278,0.40104167,0.42361111,1,0.35416667,0.125,0.10989011,,,,,,
cross_region,qwen3.8-27b,H,aiops2022,100,100,0.36833333,0.47527778,0.48833333,1,0.45,0.32291667,0.17391304,,,,,,
cross_region,qwen3.8-27b,Mt-Rt-Lt-Gt,aiops2022,100,100,0.47666667,0.54027778,0.51833333,1,0.68,0.3125,0.17391304,,,,,,
cross_region,qwen3.8-27b,Mt-Rt-Lt-Gv,aiops2022,100,100,0.345,0.415,0.415,1,0.47,0.27083333,0.17391304,,,,,,
cross_region,qwen3.8-27b,Mt-Rt-Lv-Gt,aiops2022,100,100,0.32666667,0.4225,0.44333333,1,0.37,0.30208333,0.13043478,,,,,,
cross_region,qwen3.8-27b,Mt-Rt-Lv-Gv,aiops2022,100,100,0.34333333,0.44444444,0.47,1,0.37,0.34375,0.13043478,,,,,,
cross_region,qwen3.8-27b,Mt-Rv-Lt-Gt,aiops2022,100,100,0.29166667,0.375,0.38,1,0.4,0.20833333,0.13043478,,,,,,
cross_region,qwen3.8-27b,Mt-Rv-Lt-Gv,aiops2022,100,100,0.34,0.42527778,0.43,1,0.45,0.25,0.13043478,,,,,,
cross_region,qwen3.8-27b,Mt-Rv-Lv-Gt,aiops2022,100,100,0.315,0.43166667,0.455,1,0.36,0.29166667,0.17391304,,,,,,
cross_region,qwen3.8-27b,Mt-Rv-Lv-Gv,aiops2022,100,100,0.33666667,0.45805556,0.47833333,1,0.39,0.3125,0.13043478,,,,,,
cross_region,qwen3.8-27b,Mv-Rt-Lt-Gt,aiops2022,100,100,0.43,0.51694444,0.50166667,1,0.62,0.30208333,0.043478261,,,,,,
cross_region,qwen3.8-27b,Mv-Rt-Lt-Gv,aiops2022,100,100,0.43166667,0.52361111,0.51,1,0.59,0.27083333,0.2173913,,,,,,
cross_region,qwen3.8-27b,Mv-Rt-Lv-Gt,aiops2022,100,100,0.47833333,0.59583333,0.61666667,1,0.56,0.4375,0.26086957,,,,,,
cross_region,qwen3.8-27b,Mv-Rt-Lv-Gv,aiops2022,100,100,0.53666667,0.64166667,0.665,1,0.6,0.5,0.30434783,,,,,,
cross_region,qwen3.8-27b,Mv-Rv-Lt-Gt,aiops2022,100,100,0.36833333,0.46111111,0.45166667,1,0.54,0.21875,0.2173913,,,,,,
cross_region,qwen3.8-27b,Mv-Rv-Lt-Gv,aiops2022,100,100,0.45666667,0.54388889,0.52333333,1,0.64,0.28125,0.26086957,,,,,,
cross_region,qwen3.8-27b,Mv-Rv-Lv-Gt,aiops2022,100,100,0.395,0.53888889,0.56,1,0.48,0.32291667,0.30434783,,,,,,
cross_region,qwen3.8-27b,Mv-Rv-Lv-Gv,aiops2022,100,100,0.375,0.51,0.525,1,0.46,0.3125,0.13043478,,,,,,
cross_region,qwen3.8-27b,P,aiops2022,100,100,0.48166667,0.54555556,0.51,1,0.72,0.3125,0.043478261,,,,,,
cross_region,qwen3.8-27b,V,aiops2022,100,100,0.31833333,0.44972222,0.47833333,1,0.37,0.30208333,0.086956522,,,,,,
cross_region,qwen3.8-27b,H,aiops2025,93,93,0.34587814,0.47670251,0.49103943,1,0.47311828,0.20689655,0.3,,,,,,
cross_region,qwen3.8-27b,Mt-Rt-Lt-Gt,aiops2025,93,93,0.46236559,0.54928315,0.51971326,1,0.66666667,0.27586207,0.325,,,,,,
cross_region,qwen3.8-27b,Mt-Rt-Lt-Gv,aiops2025,93,93,0.32437276,0.42712067,0.43010753,1,0.44086022,0.2183908,0.25,,,,,,
cross_region,qwen3.8-27b,Mt-Rt-Lv-Gt,aiops2025,93,93,0.34587814,0.45011947,0.46057348,1,0.4516129,0.2183908,0.375,,,,,,
cross_region,qwen3.8-27b,Mt-Rt-Lv-Gv,aiops2025,93,93,0.3297491,0.4369773,0.44623656,1,0.44086022,0.20689655,0.35,,,,,,
cross_region,qwen3.8-27b,Mt-Rv-Lt-Gt,aiops2025,93,93,0.34587814,0.48267622,0.49462366,1,0.47311828,0.20689655,0.25,,,,,,
cross_region,qwen3.8-27b,Mt-Rv-Lt-Gv,aiops2025,93,93,0.390681,0.49074074,0.49283154,1,0.50537634,0.28735632,0.3,,,,,,
cross_region,qwen3.8-27b,Mt-Rv-Lv-Gt,aiops2025,93,93,0.35304659,0.48894863,0.50179211,1,0.46236559,0.1954023,0.4,,,,,,
cross_region,qwen3.8-27b,Mt-Rv-Lv-Gv,aiops2025,93,93,0.34946237,0.47043011,0.48207885,1,0.46236559,0.2183908,0.325,,,,,,
cross_region,qwen3.8-27b,Mv-Rt-Lt-Gt,aiops2025,93,93,0.38888889,0.47759857,0.46594982,1,0.5483871,0.20689655,0.325,,,,,,
cross_region,qwen3.8-27b,Mv-Rt-Lt-Gv,aiops2025,93,93,0.47132616,0.55824373,0.53584229,1,0.67741935,0.32183908,0.275,,,,,,
cross_region,qwen3.8-27b,Mv-Rt-Lv-Gt,aiops2025,93,93,0.37096774,0.47491039,0.46774194,1,0.53763441,0.2183908,0.275,,,,,,
cross_region,qwen3.8-27b,Mv-Rt-Lv-Gv,aiops2025,93,93,0.4265233,0.53345281,0.51971326,1,0.60215054,0.25287356,0.375,,,,,,
cross_region,qwen3.8-27b,Mv-Rv-Lt-Gt,aiops2025,93,93,0.4265233,0.56391876,0.55376344,1,0.62365591,0.27586207,0.2,,,,,,
cross_region,qwen3.8-27b,Mv-Rv-Lt-Gv,aiops2025,93,93,0.47849462,0.58721625,0.57526882,1,0.64516129,0.33333333,0.3,,,,,,
cross_region,qwen3.8-27b,Mv-Rv-Lv-Gt,aiops2025,93,93,0.3781362,0.52359618,0.52688172,1,0.53763441,0.20689655,0.3,,,,,,
cross_region,qwen3.8-27b,Mv-Rv-Lv-Gv,aiops2025,93,93,0.34946237,0.49103943,0.49820789,1,0.48387097,0.20689655,0.35,,,,,,
cross_region,qwen3.8-27b,P,aiops2025,93,93,0.50179211,0.54749104,0.49820789,1,0.75268817,0.31034483,0.2,,,,,,
cross_region,qwen3.8-27b,V,aiops2025,93,93,0.30645161,0.42473118,0.44265233,1,0.39784946,0.20689655,0.225,,,,,,
cross_region,qwen3.8-27b,H,all_469,469,469,0.32764748,0.46926084,0.48756219,1,0.46268657,0.24235808,0.22891566,,,,,,
cross_region,qwen3.8-27b,Mt-Rt-Lt-Gt,all_469,469,469,0.45238095,0.53695807,0.51847903,1,0.70362473,0.31877729,0.2560241,,,,,,
cross_region,qwen3.8-27b,Mt-Rt-Lt-Gv,all_469,469,469,0.3315565,0.4334281,0.44029851,1,0.48400853,0.26419214,0.20481928,,,,,,
cross_region,qwen3.8-27b,Mt-Rt-Lv-Gt,all_469,469,469,0.31627576,0.44474058,0.46410803,1,0.45415778,0.22489083,0.22891566,,,,,,
cross_region,qwen3.8-27b,Mt-Rt-Lv-Gv,all_469,469,469,0.30383795,0.44029851,0.4633973,1,0.41151386,0.23799127,0.21987952,,,,,,
cross_region,qwen3.8-27b,Mt-Rv-Lt-Gt,all_469,469,469,0.32658138,0.45267709,0.4644634,1,0.48614072,0.22052402,0.23493976,,,,,,
cross_region,qwen3.8-27b,Mt-Rv-Lt-Gv,all_469,469,469,0.34150675,0.45806681,0.47405828,1,0.47334755,0.25327511,0.25301205,,,,,,
cross_region,qwen3.8-27b,Mt-Rv-Lv-Gt,all_469,469,469,0.32622601,0.48975361,0.51314854,1,0.45415778,0.22489083,0.27108434,,,,,,
cross_region,qwen3.8-27b,Mt-Rv-Lv-Gv,all_469,469,469,0.28571429,0.44740583,0.4790334,1,0.37526652,0.20960699,0.22590361,,,,,,
cross_region,qwen3.8-27b,Mv-Rt-Lt-Gt,all_469,469,469,0.38343994,0.48868751,0.47441365,1,0.59061834,0.26637555,0.21987952,,,,,,
cross_region,qwen3.8-27b,Mv-Rt-Lt-Gv,all_469,469,469,0.41329069,0.52380952,0.5188344,1,0.60554371,0.31441048,0.2439759,,,,,,
cross_region,qwen3.8-27b,Mv-Rt-Lv-Gt,all_469,469,469,0.36318408,0.50698887,0.51208244,1,0.53518124,0.28165939,0.18975904,,,,,,
cross_region,qwen3.8-27b,Mv-Rt-Lv-Gv,all_469,469,469,0.4100924,0.5453684,0.55294954,1,0.56929638,0.33842795,0.23493976,,,,,,
cross_region,qwen3.8-27b,Mv-Rv-Lt-Gt,all_469,469,469,0.37455579,0.51066098,0.50675195,1,0.59061834,0.24017467,0.23192771,,,,,,
cross_region,qwen3.8-27b,Mv-Rv-Lt-Gv,all_469,469,469,0.41080313,0.54394693,0.54619758,1,0.59275053,0.30131004,0.25903614,,,,,,
cross_region,qwen3.8-27b,Mv-Rv-Lv-Gt,all_469,469,469,0.34612651,0.52191424,0.52878465,1,0.51812367,0.22925764,0.22891566,,,,,,
cross_region,qwen3.8-27b,Mv-Rv-Lv-Gv,all_469,469,469,0.30312722,0.47885572,0.50390903,0.9978678,0.41577825,0.23362445,0.20180723,,,,,,
cross_region,qwen3.8-27b,P,all_469,469,469,0.44882729,0.51504383,0.46766169,1,0.75266525,0.32532751,0.14457831,,,,,,
cross_region,qwen3.8-27b,V,all_469,469,469,0.26687989,0.42608387,0.45771144,1,0.35607676,0.22925764,0.15361446,,,,,,
cross_region,qwen3.8-27b,H,headline_289,289,289,0.34948097,0.47866205,0.49596309,1,0.46712803,0.25089606,0.27922078,,,,,,
cross_region,qwen3.8-27b,Mt-Rt-Lt-Gt,headline_289,289,289,0.4532872,0.53277586,0.51095732,1,0.6816609,0.28673835,0.27922078,,,,,,
cross_region,qwen3.8-27b,Mt-Rt-Lt-Gv,headline_289,289,289,0.33044983,0.42512495,0.42906574,1,0.48788927,0.22580645,0.22077922,,,,,,
cross_region,qwen3.8-27b,Mt-Rt-Lv-Gt,headline_289,289,289,0.33102653,0.44732795,0.46136101,1,0.43944637,0.22939068,0.29220779,,,,,,
cross_region,qwen3.8-27b,Mt-Rt-Lv-Gv,headline_289,289,289,0.3189158,0.44377163,0.46251442,1,0.42560554,0.23297491,0.24675325,,,,,,
cross_region,qwen3.8-27b,Mt-Rv-Lt-Gt,headline_289,289,289,0.31084198,0.42810458,0.44002307,1,0.44982699,0.19713262,0.22077922,,,,,,
cross_region,qwen3.8-27b,Mt-Rv-Lt-Gv,headline_289,289,289,0.34544406,0.44607843,0.4532872,1,0.47750865,0.23655914,0.25324675,,,,,,
cross_region,qwen3.8-27b,Mt-Rv-Lv-Gt,headline_289,289,289,0.31372549,0.46251442,0.48385236,1,0.41522491,0.21146953,0.27272727,,,,,,
cross_region,qwen3.8-27b,Mt-Rv-Lv-Gv,headline_289,289,289,0.30334487,0.45626682,0.47981546,1,0.4083045,0.21146953,0.21428571,,,,,,
cross_region,qwen3.8-27b,Mv-Rt-Lt-Gt,headline_289,289,289,0.39100346,0.4863514,0.47058824,1,0.58131488,0.24014337,0.25324675,,,,,,
cross_region,qwen3.8-27b,Mv-Rt-Lt-Gv,headline_289,289,289,0.42733564,0.52777778,0.51499423,1,0.62629758,0.27598566,0.27272727,,,,,,
cross_region,qwen3.8-27b,Mv-Rt-Lv-Gt,headline_289,289,289,0.38927336,0.51912726,0.52479815,1,0.52941176,0.30107527,0.22727273,,,,,,
cross_region,qwen3.8-27b,Mv-Rt-Lv-Gv,headline_289,289,289,0.43483276,0.56430219,0.57151096,1,0.57785467,0.3297491,0.27922078,,,,,,
cross_region,qwen3.8-27b,Mv-Rv-Lt-Gt,headline_289,289,289,0.37254902,0.49721261,0.48558247,1,0.5916955,0.22222222,0.18831169,,,,,,
cross_region,qwen3.8-27b,Mv-Rv-Lt-Gv,headline_289,289,289,0.43367935,0.54815456,0.53575548,1,0.64013841,0.27240143,0.26623377,,,,,,
cross_region,qwen3.8-27b,Mv-Rv-Lv-Gt,headline_289,289,289,0.34659746,0.51220684,0.52191465,1,0.4982699,0.22580645,0.21428571,,,,,,
cross_region,qwen3.8-27b,Mv-Rv-Lv-Gv,headline_289,289,289,0.31084198,0.47654748,0.49077278,1,0.4532872,0.2078853,0.16233766,,,,,,
cross_region,qwen3.8-27b,P,headline_289,289,289,0.46597463,0.5239331,0.47462514,1,0.74740484,0.29749104,0.16883117,,,,,,
cross_region,qwen3.8-27b,V,headline_289,289,289,0.27508651,0.42550942,0.44867359,1,0.37370242,0.21146953,0.13636364,,,,,,
cross_region,qwen3.8-27b,H,re2_ob,90,90,0.27407407,0.42962963,0.44259259,1,0.44444444,0.23333333,0.14444444,,,,,,
cross_region,qwen3.8-27b,Mt-Rt-Lt-Gt,re2_ob,90,90,0.46666667,0.54938272,0.53333333,1,0.78888889,0.37777778,0.23333333,,,,,,
cross_region,qwen3.8-27b,Mt-Rt-Lt-Gv,re2_ob,90,90,0.34814815,0.45987654,0.46666667,1,0.5,0.37777778,0.16666667,,,,,,
cross_region,qwen3.8-27b,Mt-Rt-Lv-Gt,re2_ob,90,90,0.27407407,0.4154321,0.46111111,1,0.44444444,0.21111111,0.16666667,,,,,,
cross_region,qwen3.8-27b,Mt-Rt-Lv-Gv,re2_ob,90,90,0.30740741,0.45864198,0.47962963,1,0.44444444,0.25555556,0.22222222,,,,,,
cross_region,qwen3.8-27b,Mt-Rv-Lt-Gt,re2_ob,90,90,0.32222222,0.45123457,0.46111111,1,0.52222222,0.23333333,0.21111111,,,,,,
cross_region,qwen3.8-27b,Mt-Rv-Lt-Gv,re2_ob,90,90,0.36666667,0.49320988,0.51111111,1,0.53333333,0.32222222,0.24444444,,,,,,
cross_region,qwen3.8-27b,Mt-Rv-Lv-Gt,re2_ob,90,90,0.36666667,0.54197531,0.5537037,1,0.56666667,0.26666667,0.26666667,,,,,,
cross_region,qwen3.8-27b,Mt-Rv-Lv-Gv,re2_ob,90,90,0.28518519,0.44444444,0.48703704,1,0.34444444,0.25555556,0.25555556,,,,,,
cross_region,qwen3.8-27b,Mv-Rt-Lt-Gt,re2_ob,90,90,0.38148148,0.48765432,0.48148148,1,0.61111111,0.33333333,0.2,,,,,,
cross_region,qwen3.8-27b,Mv-Rt-Lt-Gv,re2_ob,90,90,0.3962963,0.5,0.50925926,1,0.58888889,0.37777778,0.22222222,,,,,,
cross_region,qwen3.8-27b,Mv-Rt-Lv-Gt,re2_ob,90,90,0.33333333,0.49012346,0.49444444,1,0.57777778,0.27777778,0.14444444,,,,,,
cross_region,qwen3.8-27b,Mv-Rt-Lv-Gv,re2_ob,90,90,0.4,0.53518519,0.52777778,1,0.64444444,0.36666667,0.18888889,,,,,,
cross_region,qwen3.8-27b,Mv-Rv-Lt-Gt,re2_ob,90,90,0.41481481,0.55185185,0.55740741,1,0.63333333,0.26666667,0.34444444,,,,,,
cross_region,qwen3.8-27b,Mv-Rv-Lt-Gv,re2_ob,90,90,0.4037037,0.5308642,0.54444444,1,0.56666667,0.37777778,0.26666667,,,,,,
cross_region,qwen3.8-27b,Mv-Rv-Lv-Gt,re2_ob,90,90,0.37777778,0.54444444,0.53518519,1,0.58888889,0.26666667,0.27777778,,,,,,
cross_region,qwen3.8-27b,Mv-Rv-Lv-Gv,re2_ob,90,90,0.31481481,0.48333333,0.51851852,1,0.37777778,0.3,0.26666667,,,,,,
cross_region,qwen3.8-27b,P,re2_ob,90,90,0.45185185,0.51234568,0.45740741,1,0.82222222,0.38888889,0.14444444,,,,,,
cross_region,qwen3.8-27b,V,re2_ob,90,90,0.28518519,0.41851852,0.4537037,1,0.36666667,0.28888889,0.2,,,,,,
cross_region,qwen3.8-27b,H,re2_tt,90,90,0.31111111,0.4787037,0.50555556,1,0.46666667,0.2247191,0.22727273,,,,,,
cross_region,qwen3.8-27b,Mt-Rt-Lt-Gt,re2_tt,90,90,0.43518519,0.53796296,0.52777778,1,0.68888889,0.35955056,0.23863636,,,,,,
cross_region,qwen3.8-27b,Mt-Rt-Lt-Gv,re2_tt,90,90,0.31851852,0.43364198,0.45,1,0.45555556,0.26966292,0.21590909,,,,,,
cross_region,qwen3.8-27b,Mt-Rt-Lv-Gt,re2_tt,90,90,0.31111111,0.46574074,0.47592593,1,0.51111111,0.2247191,0.18181818,,,,,,
cross_region,qwen3.8-27b,Mt-Rt-Lv-Gv,re2_tt,90,90,0.25185185,0.41080247,0.45,1,0.33333333,0.23595506,0.17045455,,,,,,
cross_region,qwen3.8-27b,Mt-Rv-Lt-Gt,re2_tt,90,90,0.38148148,0.53302469,0.5462963,1,0.56666667,0.28089888,0.28409091,,,,,,
cross_region,qwen3.8-27b,Mt-Rv-Lt-Gv,re2_tt,90,90,0.3037037,0.46141975,0.5037037,1,0.4,0.23595506,0.26136364,,,,,,
cross_region,qwen3.8-27b,Mt-Rv-Lv-Gt,re2_tt,90,90,0.32592593,0.525,0.56666667,1,0.46666667,0.2247191,0.27272727,,,,,,
cross_region,qwen3.8-27b,Mt-Rv-Lv-Gv,re2_tt,90,90,0.22962963,0.42191358,0.46851852,1,0.3,0.15730337,0.21590909,,,,,,
cross_region,qwen3.8-27b,Mv-Rt-Lt-Gt,re2_tt,90,90,0.36111111,0.49722222,0.47962963,1,0.6,0.28089888,0.18181818,,,,,,
cross_region,qwen3.8-27b,Mv-Rt-Lt-Gv,re2_tt,90,90,0.38518519,0.53487654,0.54074074,1,0.55555556,0.37078652,0.21590909,,,,,,
cross_region,qwen3.8-27b,Mv-Rt-Lv-Gt,re2_tt,90,90,0.30925926,0.48487654,0.48888889,1,0.51111111,0.2247191,0.17045455,,,,,,
cross_region,qwen3.8-27b,Mv-Rt-Lv-Gv,re2_tt,90,90,0.34074074,0.49475309,0.51851852,1,0.46666667,0.33707865,0.20454545,,,,,,
cross_region,qwen3.8-27b,Mv-Rv-Lt-Gt,re2_tt,90,90,0.34074074,0.51265432,0.52407407,1,0.54444444,0.26966292,0.19318182,,,,,,
cross_region,qwen3.8-27b,Mv-Rv-Lt-Gv,re2_tt,90,90,0.34444444,0.54351852,0.58148148,1,0.46666667,0.31460674,0.23863636,,,,,,
cross_region,qwen3.8-27b,Mv-Rv-Lv-Gt,re2_tt,90,90,0.31296296,0.53055556,0.54444444,1,0.51111111,0.20224719,0.20454545,,,,,,
cross_region,qwen3.8-27b,Mv-Rv-Lv-Gv,re2_tt,90,90,0.26666667,0.48179012,0.53148148,0.98888889,0.33333333,0.24719101,0.20454545,,,,,,
cross_region,qwen3.8-27b,P,re2_tt,90,90,0.39074074,0.48919753,0.45555556,1,0.7,0.34831461,0.10227273,,,,,,
cross_region,qwen3.8-27b,V,re2_tt,90,90,0.22222222,0.43549383,0.49074074,1,0.28888889,0.2247191,0.13636364,,,,,,
direct_rca,gemma-4-26b-a4b,F,aegislab,96,96,,,,,,,,0.46875,0.57291667,0.58333333,0.52430556,0.54583333,0.51597222
direct_rca,gemma-4-26b-a4b,H,aegislab,96,96,,,,,,,,0.35416667,0.46875,0.48958333,0.41319444,0.44166667,0.40746528
direct_rca,gemma-4-26b-a4b,P,aegislab,96,96,,,,,,,,0.23958333,0.23958333,0.23958333,0.23958333,0.23958333,0.23958333
direct_rca,gemma-4-26b-a4b,R,aegislab,96,96,,,,,,,,0.41666667,0.52083333,0.53125,0.46875,0.49166667,0.46215278
direct_rca,gemma-4-26b-a4b,T,aegislab,96,96,,,,,,,,0.41666667,0.5625,0.625,0.5,0.54375,0.49670139
direct_rca,gemma-4-26b-a4b,V,aegislab,96,96,,,,,,,,0.35416667,0.40625,0.41666667,0.38888889,0.4,0.3828125
direct_rca,gemma-4-26b-a4b,F,aiops2022,100,100,,,,,,,,0.36,0.46,0.49,0.41333333,0.442,0.41033333
direct_rca,gemma-4-26b-a4b,H,aiops2022,100,100,,,,,,,,0.3,0.49,0.53,0.40333333,0.45,0.39233333
direct_rca,gemma-4-26b-a4b,P,aiops2022,100,100,,,,,,,,0.26,0.28,0.3,0.26666667,0.278,0.27116667
direct_rca,gemma-4-26b-a4b,R,aiops2022,100,100,,,,,,,,0.22,0.34,0.36,0.28,0.312,0.275
direct_rca,gemma-4-26b-a4b,T,aiops2022,100,100,,,,,,,,0.34,0.51,0.54,0.43,0.47,0.41983333
direct_rca,gemma-4-26b-a4b,V,aiops2022,100,100,,,,,,,,0.21,0.28,0.28,0.25,0.262,0.24166667
direct_rca,gemma-4-26b-a4b,F,aiops2025,93,93,,,,,,,,0.16129032,0.30107527,0.3655914,0.23297491,0.27956989,0.23494624
direct_rca,gemma-4-26b-a4b,H,aiops2025,93,93,,,,,,,,0.20430108,0.32258065,0.37634409,0.25806452,0.29892473,0.26272401
direct_rca,gemma-4-26b-a4b,P,aiops2025,93,93,,,,,,,,0.15053763,0.16129032,0.16129032,0.15770609,0.15913978,0.15591398
direct_rca,gemma-4-26b-a4b,R,aiops2025,93,93,,,,,,,,0.19354839,0.2688172,0.29032258,0.22939068,0.2516129,0.22885305
direct_rca,gemma-4-26b-a4b,T,aiops2025,93,93,,,,,,,,0.1827957,0.30107527,0.35483871,0.2437276,0.27956989,0.24426523
direct_rca,gemma-4-26b-a4b,V,aiops2025,93,93,,,,,,,,0.17204301,0.19354839,0.23655914,0.1827957,0.20430108,0.19175627
direct_rca,gemma-4-26b-a4b,F,all_469,469,469,,,,,,,,0.46268657,0.61407249,0.63965885,0.5387349,0.57697228,0.53180526
direct_rca,gemma-4-26b-a4b,H,all_469,469,469,,,,,,,,0.40085288,0.58208955,0.62686567,0.49680171,0.5445629,0.48916134
direct_rca,gemma-4-26b-a4b,P,all_469,469,469,,,,,,,,0.30277186,0.31130064,0.31556503,0.30632552,0.30959488,0.30692964
direct_rca,gemma-4-26b-a4b,R,all_469,469,469,,,,,,,,0.42857143,0.53304904,0.55010661,0.48258706,0.50831557,0.47693674
direct_rca,gemma-4-26b-a4b,T,all_469,469,469,,,,,,,,0.44989339,0.6098081,0.66098081,0.53518124,0.57953092,0.53049041
direct_rca,gemma-4-26b-a4b,V,all_469,469,469,,,,,,,,0.38379531,0.45202559,0.46695096,0.4235963,0.44051173,0.41869225
direct_rca,gemma-4-26b-a4b,F,headline_289,289,289,,,,,,,,0.33217993,0.44636678,0.48096886,0.39215686,0.42422145,0.38898501
direct_rca,gemma-4-26b-a4b,H,headline_289,289,289,,,,,,,,0.28719723,0.42906574,0.46712803,0.35986159,0.39861592,0.35565167
direct_rca,gemma-4-26b-a4b,P,headline_289,289,289,,,,,,,,0.21799308,0.2283737,0.23529412,0.22260669,0.22698962,0.22358708
direct_rca,gemma-4-26b-a4b,R,headline_289,289,289,,,,,,,,0.27681661,0.37716263,0.39446367,0.32641292,0.35224913,0.32231834
direct_rca,gemma-4-26b-a4b,T,headline_289,289,289,,,,,,,,0.31487889,0.46020761,0.50865052,0.39331027,0.43321799,0.38886967
direct_rca,gemma-4-26b-a4b,V,headline_289,289,289,,,,,,,,0.24567474,0.29411765,0.31141869,0.2745098,0.28927336,0.27249135
direct_rca,gemma-4-26b-a4b,F,re2_ob,90,90,,,,,,,,0.7,0.95555556,0.96666667,0.81481481,0.87555556,0.80277778
direct_rca,gemma-4-26b-a4b,H,re2_ob,90,90,,,,,,,,0.58888889,0.87777778,0.93333333,0.74074074,0.81777778,0.72685185
direct_rca,gemma-4-26b-a4b,P,re2_ob,90,90,,,,,,,,0.54444444,0.55555556,0.55555556,0.54814815,0.55111111,0.54814815
direct_rca,gemma-4-26b-a4b,R,re2_ob,90,90,,,,,,,,0.75555556,0.86666667,0.87777778,0.80740741,0.83555556,0.80277778
direct_rca,gemma-4-26b-a4b,T,re2_ob,90,90,,,,,,,,0.7,0.92222222,0.95555556,0.81481481,0.86888889,0.80222222
direct_rca,gemma-4-26b-a4b,V,re2_ob,90,90,,,,,,,,0.67777778,0.81111111,0.82222222,0.75555556,0.78222222,0.74166667
direct_rca,gemma-4-26b-a4b,F,re2_tt,90,90,,,,,,,,0.64444444,0.81111111,0.82222222,0.73333333,0.76888889,0.71944444
direct_rca,gemma-4-26b-a4b,H,re2_tt,90,90,,,,,,,,0.57777778,0.77777778,0.83333333,0.69259259,0.74,0.68018519
direct_rca,gemma-4-26b-a4b,P,re2_tt,90,90,,,,,,,,0.33333333,0.33333333,0.33333333,0.33333333,0.33333333,0.33333333
direct_rca,gemma-4-26b-a4b,R,re2_tt,90,90,,,,,,,,0.58888889,0.7,0.72222222,0.65925926,0.68222222,0.64759259
direct_rca,gemma-4-26b-a4b,T,re2_tt,90,90,,,,,,,,0.63333333,0.77777778,0.85555556,0.71111111,0.76,0.71351852
direct_rca,gemma-4-26b-a4b,V,re2_tt,90,90,,,,,,,,0.53333333,0.6,0.61111111,0.57037037,0.58444444,0.56518519
direct_rca,qwen3.6-27b,F,aegislab,96,96,,,,,,,,0.36458333,0.65625,0.72916667,0.50694444,0.5875,0.50052083
direct_rca,qwen3.6-27b,H,aegislab,96,96,,,,,,,,0.36458333,0.63541667,0.70833333,0.51388889,0.58333333,0.50052083
direct_rca,qwen3.6-27b,P,aegislab,96,96,,,,,,,,0.26041667,0.5625,0.59375,0.42361111,0.4875,0.39913194
direct_rca,qwen3.6-27b,R,aegislab,96,96,,,,,,,,0.34375,0.59375,0.63541667,0.47569444,0.53333333,0.46024306
direct_rca,qwen3.6-27b,T,aegislab,96,96,,,,,,,,0.42708333,0.69791667,0.8125,0.56944444,0.65,0.56788194
direct_rca,qwen3.6-27b,V,aegislab,96,96,,,,,,,,0.35416667,0.61458333,0.64583333,0.48958333,0.55,0.47256944
direct_rca,qwen3.6-27b,F,aiops2022,100,100,,,,,,,,0.19,0.36,0.48,0.28666667,0.35,0.29316667
direct_rca,qwen3.6-27b,H,aiops2022,100,100,,,,,,,,0.2,0.37,0.42,0.29333333,0.342,0.287
direct_rca,qwen3.6-27b,P,aiops2022,100,100,,,,,,,,0.13,0.31,0.34,0.22666667,0.272,0.21583333
direct_rca,qwen3.6-27b,R,aiops2022,100,100,,,,,,,,0.2,0.36,0.4,0.29666667,0.334,0.284
direct_rca,qwen3.6-27b,T,aiops2022,100,100,,,,,,,,0.26,0.39,0.48,0.33,0.378,0.33616667
direct_rca,qwen3.6-27b,V,aiops2022,100,100,,,,,,,,0.17,0.41,0.46,0.3,0.358,0.286
direct_rca,qwen3.6-27b,F,aiops2025,93,93,,,,,,,,0.20430108,0.3655914,0.43010753,0.28673835,0.34193548,0.28799283
direct_rca,qwen3.6-27b,H,aiops2025,93,93,,,,,,,,0.1827957,0.33333333,0.39784946,0.2688172,0.31397849,0.26541219
direct_rca,qwen3.6-27b,P,aiops2025,93,93,,,,,,,,0.21505376,0.34408602,0.3655914,0.28315412,0.31612903,0.27598566
direct_rca,qwen3.6-27b,R,aiops2025,93,93,,,,,,,,0.24731183,0.38709677,0.48387097,0.32258065,0.37634409,0.3297491
direct_rca,qwen3.6-27b,T,aiops2025,93,93,,,,,,,,0.1827957,0.31182796,0.40860215,0.24731183,0.30322581,0.25860215
direct_rca,qwen3.6-27b,V,aiops2025,93,93,,,,,,,,0.21505376,0.3655914,0.44086022,0.29390681,0.34193548,0.29569892
direct_rca,qwen3.6-27b,F,all_469,469,469,,,,,,,,0.39658849,0.63113006,0.68869936,0.52167733,0.58336887,0.51133618
direct_rca,qwen3.6-27b,H,all_469,469,469,,,,,,,,0.37313433,0.60767591,0.65245203,0.50461976,0.55991471,0.48820185
direct_rca,qwen3.6-27b,P,all_469,469,469,,,,,,,,0.29211087,0.52025586,0.53944563,0.40938166,0.46055437,0.39335466
direct_rca,qwen3.6-27b,R,all_469,469,469,,,,,,,,0.34968017,0.55223881,0.60767591,0.46197584,0.51428571,0.45195451
direct_rca,qwen3.6-27b,T,all_469,469,469,,,,,,,,0.42217484,0.63113006,0.69936034,0.53375977,0.59189765,0.52782516
direct_rca,qwen3.6-27b,V,all_469,469,469,,,,,,,,0.32409382,0.56289979,0.62046908,0.44776119,0.5108742,0.43862829
direct_rca,qwen3.6-27b,F,headline_289,289,289,,,,,,,,0.25259516,0.46020761,0.5467128,0.35986159,0.42629758,0.36038062
direct_rca,qwen3.6-27b,H,headline_289,289,289,,,,,,,,0.24913495,0.44636678,0.50865052,0.35870819,0.41314879,0.35098039
direct_rca,qwen3.6-27b,P,headline_289,289,289,,,,,,,,0.20069204,0.40484429,0.43252595,0.31026528,0.35778547,0.29607843
direct_rca,qwen3.6-27b,R,headline_289,289,289,,,,,,,,0.26297578,0.44636678,0.50519031,0.3644752,0.41384083,0.35726644
direct_rca,qwen3.6-27b,T,headline_289,289,289,,,,,,,,0.29065744,0.46712803,0.56747405,0.38292964,0.44429066,0.38817762
direct_rca,qwen3.6-27b,V,headline_289,289,289,,,,,,,,0.24567474,0.46366782,0.51557093,0.36101499,0.416609,0.35109573
direct_rca,qwen3.6-27b,F,re2_ob,90,90,,,,,,,,0.65555556,0.96666667,0.97777778,0.83333333,0.89111111,0.79907407
direct_rca,qwen3.6-27b,H,re2_ob,90,90,,,,,,,,0.57777778,0.92222222,0.93333333,0.78148148,0.84,0.73925926
direct_rca,qwen3.6-27b,P,re2_ob,90,90,,,,,,,,0.52222222,0.74444444,0.75555556,0.62962963,0.68,0.61574074
direct_rca,qwen3.6-27b,R,re2_ob,90,90,,,,,,,,0.54444444,0.83333333,0.85555556,0.7037037,0.76444444,0.67777778
direct_rca,qwen3.6-27b,T,re2_ob,90,90,,,,,,,,0.66666667,0.93333333,0.95555556,0.81481481,0.86888889,0.79018519
direct_rca,qwen3.6-27b,V,re2_ob,90,90,,,,,,,,0.46666667,0.81111111,0.86666667,0.65925926,0.74,0.6337037
direct_rca,qwen3.6-27b,F,re2_tt,90,90,,,,,,,,0.6,0.84444444,0.85555556,0.72962963,0.78,0.70833333
direct_rca,qwen3.6-27b,H,re2_tt,90,90,,,,,,,,0.56666667,0.81111111,0.83333333,0.6962963,0.75111111,0.67777778
direct_rca,qwen3.6-27b,P,re2_tt,90,90,,,,,,,,0.35555556,0.66666667,0.66666667,0.50740741,0.57111111,0.48333333
direct_rca,qwen3.6-27b,R,re2_tt,90,90,,,,,,,,0.43333333,0.61111111,0.68888889,0.53333333,0.58666667,0.53018519
direct_rca,qwen3.6-27b,T,re2_tt,90,90,,,,,,,,0.6,0.85555556,0.86666667,0.73703704,0.78888889,0.71388889
direct_rca,qwen3.6-27b,V,re2_tt,90,90,,,,,,,,0.43333333,0.63333333,0.71111111,0.51481481,0.58444444,0.52462963
direct_rca,qwen3.8-27b,F,aegislab,96,96,,,,,,,,0.33333333,0.57291667,0.66666667,0.45833333,0.53333333,0.45711806
direct_rca,qwen3.8-27b,H,aegislab,96,96,,,,,,,,0.375,0.5625,0.64583333,0.47916667,0.53958333,0.47760417
direct_rca,qwen3.8-27b,P,aegislab,96,96,,,,,,,,0.28125,0.54166667,0.63541667,0.41319444,0.4875,0.41041667
direct_rca,qwen3.8-27b,R,aegislab,96,96,,,,,,,,0.33333333,0.59375,0.69791667,0.47222222,0.56041667,0.47170139
direct_rca,qwen3.8-27b,T,aegislab,96,96,,,,,,,,0.35416667,0.58333333,0.67708333,0.47222222,0.54583333,0.47274306
direct_rca,qwen3.8-27b,V,aegislab,96,96,,,,,,,,0.3125,0.55208333,0.625,0.43055556,0.50625,0.42916667
direct_rca,qwen3.8-27b,F,aiops2022,100,100,,,,,,,,0.23,0.38,0.42,0.30666667,0.346,0.30183333
direct_rca,qwen3.8-27b,H,aiops2022,100,100,,,,,,,,0.21,0.35,0.42,0.27666667,0.324,0.28166667
direct_rca,qwen3.8-27b,P,aiops2022,100,100,,,,,,,,0.07,0.3,0.43,0.17333333,0.27,0.191
direct_rca,qwen3.8-27b,R,aiops2022,100,100,,,,,,,,0.14,0.38,0.44,0.27333333,0.336,0.26066667
direct_rca,qwen3.8-27b,T,aiops2022,100,100,,,,,,,,0.26,0.39,0.44,0.32666667,0.37,0.327
direct_rca,qwen3.8-27b,V,aiops2022,100,100,,,,,,,,0.11,0.38,0.48,0.26,0.338,0.2525
direct_rca,qwen3.8-27b,F,aiops2025,93,93,,,,,,,,0.15053763,0.35483871,0.43010753,0.2688172,0.32473118,0.26039427
direct_rca,qwen3.8-27b,H,aiops2025,93,93,,,,,,,,0.15053763,0.32258065,0.40860215,0.23655914,0.29677419,0.24157706
direct_rca,qwen3.8-27b,P,aiops2025,93,93,,,,,,,,0.17204301,0.31182796,0.41935484,0.2437276,0.30752688,0.25645161
direct_rca,qwen3.8-27b,R,aiops2025,93,93,,,,,,,,0.20430108,0.37634409,0.47311828,0.29390681,0.36129032,0.30089606
direct_rca,qwen3.8-27b,T,aiops2025,93,93,,,,,,,,0.13978495,0.35483871,0.39784946,0.25448029,0.30752688,0.24265233
direct_rca,qwen3.8-27b,V,aiops2025,93,93,,,,,,,,0.17204301,0.31182796,0.41935484,0.24014337,0.30967742,0.25573477
direct_rca,qwen3.8-27b,F,all_469,469,469,,,,,,,,0.33049041,0.58848614,0.64605544,0.47050462,0.53560768,0.45660981
direct_rca,qwen3.8-27b,H,all_469,469,469,,,,,,,,0.31343284,0.55863539,0.62686567,0.44633973,0.5130064,0.43642502
direct_rca,qwen3.8-27b,P,all_469,469,469,,,,,,,,0.19616205,0.45628998,0.60341151,0.32480455,0.42473348,0.33773987
direct_rca,qwen3.8-27b,R,all_469,469,469,,,,,,,,0.26865672,0.52665245,0.6098081,0.40653873,0.48358209,0.40031983
direct_rca,qwen3.8-27b,T,all_469,469,469,,,,,,,,0.31982942,0.57995736,0.63965885,0.46197584,0.52921109,0.44822317
direct_rca,qwen3.8-27b,V,all_469,469,469,,,,,,,,0.24733475,0.50319829,0.62046908,0.38450604,0.47164179,0.38606965
direct_rca,qwen3.8-27b,F,headline_289,289,289,,,,,,,,0.23875433,0.43598616,0.50519031,0.34486736,0.40138408,0.34008074
direct_rca,qwen3.8-27b,H,headline_289,289,289,,,,,,,,0.24567474,0.41176471,0.49134948,0.33102653,0.38685121,0.33385236
direct_rca,qwen3.8-27b,P,headline_289,289,289,,,,,,,,0.17301038,0.38408304,0.49480969,0.27566321,0.35432526,0.2849481
direct_rca,qwen3.8-27b,R,headline_289,289,289,,,,,,,,0.22491349,0.44982699,0.53633218,0.34602076,0.41868512,0.34371396
direct_rca,qwen3.8-27b,T,headline_289,289,289,,,,,,,,0.25259516,0.44290657,0.50519031,0.35178777,0.4083045,0.3482699
direct_rca,qwen3.8-27b,V,headline_289,289,289,,,,,,,,0.19723183,0.41522491,0.50865052,0.31026528,0.38477509,0.31222607
direct_rca,qwen3.8-27b,F,re2_ob,90,90,,,,,,,,0.47777778,0.87777778,0.9,0.71111111,0.78666667,0.66666667
direct_rca,qwen3.8-27b,H,re2_ob,90,90,,,,,,,,0.43333333,0.85555556,0.87777778,0.67777778,0.75777778,0.63148148
direct_rca,qwen3.8-27b,P,re2_ob,90,90,,,,,,,,0.25555556,0.64444444,0.85555556,0.46296296,0.61111111,0.47462963
direct_rca,qwen3.8-27b,R,re2_ob,90,90,,,,,,,,0.33333333,0.72222222,0.77777778,0.54814815,0.63555556,0.51833333
direct_rca,qwen3.8-27b,T,re2_ob,90,90,,,,,,,,0.42222222,0.85555556,0.86666667,0.67037037,0.74888889,0.6212963
direct_rca,qwen3.8-27b,V,re2_ob,90,90,,,,,,,,0.34444444,0.71111111,0.87777778,0.56296296,0.67555556,0.55314815
direct_rca,qwen3.8-27b,F,re2_tt,90,90,,,,,,,,0.47777778,0.78888889,0.84444444,0.63333333,0.71555556,0.62074074
direct_rca,qwen3.8-27b,H,re2_tt,90,90,,,,,,,,0.41111111,0.73333333,0.81111111,0.58518519,0.67333333,0.57074074
direct_rca,qwen3.8-27b,P,re2_tt,90,90,,,,,,,,0.21111111,0.5,0.7,0.34444444,0.46444444,0.37037037
direct_rca,qwen3.8-27b,R,re2_tt,90,90,,,,,,,,0.34444444,0.57777778,0.67777778,0.45925926,0.54,0.46407407
direct_rca,qwen3.8-27b,T,re2_tt,90,90,,,,,,,,0.43333333,0.74444444,0.84444444,0.60740741,0.69777778,0.59611111
direct_rca,qwen3.8-27b,V,re2_tt,90,90,,,,,,,,0.31111111,0.57777778,0.72222222,0.44444444,0.54666667,0.45611111
ledger_handoff_rca,gemma-4-26b-a4b,L_hyb,aegislab,96,96,,,,,,,,0.42708333,0.44791667,0.44791667,0.43402778,0.43958333,0.43402778
ledger_handoff_rca,gemma-4-26b-a4b,L_txt,aegislab,96,96,,,,,,,,0.38541667,0.4375,0.4375,0.40972222,0.42083333,0.40625
ledger_handoff_rca,gemma-4-26b-a4b,L_vis,aegislab,96,96,,,,,,,,0.40625,0.40625,0.40625,0.40625,0.40625,0.40625
ledger_handoff_rca,gemma-4-26b-a4b,L_hyb,aiops2022,100,100,,,,,,,,0.26,0.26,0.26,0.26,0.26,0.26
ledger_handoff_rca,gemma-4-26b-a4b,L_txt,aiops2022,100,100,,,,,,,,0.29,0.34,0.36,0.32,0.332,0.31733333
ledger_handoff_rca,gemma-4-26b-a4b,L_vis,aiops2022,100,100,,,,,,,,0.2,0.21,0.21,0.20333333,0.206,0.20333333
ledger_handoff_rca,gemma-4-26b-a4b,L_hyb,aiops2025,93,93,,,,,,,,0.17204301,0.19354839,0.20430108,0.1827957,0.18924731,0.18315412
ledger_handoff_rca,gemma-4-26b-a4b,L_txt,aiops2025,93,93,,,,,,,,0.19354839,0.23655914,0.23655914,0.21146953,0.22150538,0.20967742
ledger_handoff_rca,gemma-4-26b-a4b,L_vis,aiops2025,93,93,,,,,,,,0.17204301,0.1827957,0.19354839,0.17921147,0.1827957,0.17956989
ledger_handoff_rca,gemma-4-26b-a4b,L_hyb,all_469,469,469,,,,,,,,0.43283582,0.45415778,0.45628998,0.4434968,0.44818763,0.44214641
ledger_handoff_rca,gemma-4-26b-a4b,L_txt,all_469,469,469,,,,,,,,0.41791045,0.45842217,0.46695096,0.43923241,0.44904051,0.43713575
ledger_handoff_rca,gemma-4-26b-a4b,L_vis,all_469,469,469,,,,,,,,0.37953092,0.38379531,0.38592751,0.38166311,0.38294243,0.38173419
ledger_handoff_rca,gemma-4-26b-a4b,L_hyb,headline_289,289,289,,,,,,,,0.28719723,0.30103806,0.30449827,0.29296424,0.29688581,0.29307958
ledger_handoff_rca,gemma-4-26b-a4b,L_txt,headline_289,289,289,,,,,,,,0.29065744,0.33910035,0.34602076,0.31487889,0.32595156,0.31222607
ledger_handoff_rca,gemma-4-26b-a4b,L_vis,headline_289,289,289,,,,,,,,0.25951557,0.26643599,0.26989619,0.26297578,0.2650519,0.26309112
ledger_handoff_rca,gemma-4-26b-a4b,L_hyb,re2_ob,90,90,,,,,,,,0.8,0.83333333,0.83333333,0.82222222,0.82666667,0.81666667
ledger_handoff_rca,gemma-4-26b-a4b,L_txt,re2_ob,90,90,,,,,,,,0.75555556,0.77777778,0.77777778,0.77037037,0.77333333,0.76666667
ledger_handoff_rca,gemma-4-26b-a4b,L_vis,re2_ob,90,90,,,,,,,,0.68888889,0.68888889,0.68888889,0.68888889,0.68888889,0.68888889
ledger_handoff_rca,gemma-4-26b-a4b,L_hyb,re2_tt,90,90,,,,,,,,0.53333333,0.56666667,0.56666667,0.54814815,0.55555556,0.5462963
ledger_handoff_rca,gemma-4-26b-a4b,L_txt,re2_tt,90,90,,,,,,,,0.48888889,0.52222222,0.54444444,0.50740741,0.52,0.5087037
ledger_handoff_rca,gemma-4-26b-a4b,L_vis,re2_tt,90,90,,,,,,,,0.45555556,0.45555556,0.45555556,0.45555556,0.45555556,0.45555556
ledger_handoff_rca,qwen3.6-27b,L_hyb,aegislab,96,96,,,,,,,,0.32291667,0.63541667,0.69791667,0.49305556,0.57083333,0.47465278
ledger_handoff_rca,qwen3.6-27b,L_txt,aegislab,96,96,,,,,,,,0.3125,0.67708333,0.72916667,0.50694444,0.59375,0.48298611
ledger_handoff_rca,qwen3.6-27b,L_vis,aegislab,96,96,,,,,,,,0.32291667,0.61458333,0.6875,0.48611111,0.56041667,0.46979167
ledger_handoff_rca,qwen3.6-27b,L_hyb,aiops2022,100,100,,,,,,,,0.29,0.47,0.57,0.38,0.45,0.3885
ledger_handoff_rca,qwen3.6-27b,L_txt,aiops2022,100,100,,,,,,,,0.26,0.42,0.53,0.34,0.404,0.35116667
ledger_handoff_rca,qwen3.6-27b,L_vis,aiops2022,100,100,,,,,,,,0.21,0.47,0.54,0.33666667,0.416,0.33366667
ledger_handoff_rca,qwen3.6-27b,L_hyb,aiops2025,93,93,,,,,,,,0.25806452,0.49462366,0.55913978,0.39426523,0.46021505,0.38172043
ledger_handoff_rca,qwen3.6-27b,L_txt,aiops2025,93,93,,,,,,,,0.24731183,0.48387097,0.56989247,0.37992832,0.44301075,0.37132616
ledger_handoff_rca,qwen3.6-27b,L_vis,aiops2025,93,93,,,,,,,,0.1827957,0.40860215,0.49462366,0.31182796,0.37849462,0.30483871
ledger_handoff_rca,qwen3.6-27b,L_hyb,all_469,469,469,,,,,,,,0.40724947,0.63113006,0.69509595,0.52878465,0.59147122,0.52036247
ledger_handoff_rca,qwen3.6-27b,L_txt,all_469,469,469,,,,,,,,0.3901919,0.63113006,0.71855011,0.52025586,0.5901919,0.51488984
ledger_handoff_rca,qwen3.6-27b,L_vis,all_469,469,469,,,,,,,,0.34754797,0.61407249,0.67803838,0.49324805,0.56289979,0.47974414
ledger_handoff_rca,qwen3.6-27b,L_hyb,headline_289,289,289,,,,,,,,0.29065744,0.53287197,0.60899654,0.42214533,0.49342561,0.41493656
ledger_handoff_rca,qwen3.6-27b,L_txt,headline_289,289,289,,,,,,,,0.2733564,0.52595156,0.60899654,0.4083045,0.47958478,0.40144175
ledger_handoff_rca,qwen3.6-27b,L_vis,headline_289,289,289,,,,,,,,0.23875433,0.4982699,0.57439446,0.37831603,0.45190311,0.36960784
ledger_handoff_rca,qwen3.6-27b,L_hyb,re2_ob,90,90,,,,,,,,0.7,0.88888889,0.92222222,0.7962963,0.84444444,0.78740741
ledger_handoff_rca,qwen3.6-27b,L_txt,re2_ob,90,90,,,,,,,,0.7,0.87777778,0.95555556,0.79259259,0.85333333,0.79425926
ledger_handoff_rca,qwen3.6-27b,L_vis,re2_ob,90,90,,,,,,,,0.65555556,0.91111111,0.93333333,0.79259259,0.84888889,0.77222222
ledger_handoff_rca,qwen3.6-27b,L_hyb,re2_tt,90,90,,,,,,,,0.48888889,0.68888889,0.74444444,0.6037037,0.65333333,0.59185185
ledger_handoff_rca,qwen3.6-27b,L_txt,re2_tt,90,90,,,,,,,,0.45555556,0.72222222,0.83333333,0.60740741,0.68222222,0.59981481
ledger_handoff_rca,qwen3.6-27b,L_vis,re2_tt,90,90,,,,,,,,0.38888889,0.68888889,0.75555556,0.56296296,0.63333333,0.54092593
ledger_handoff_rca,qwen3.8-27b,L_hyb,aegislab,96,96,,,,,,,,0.27083333,0.66666667,0.71875,0.51041667,0.59375,0.46961806
ledger_handoff_rca,qwen3.8-27b,L_txt,aegislab,96,96,,,,,,,,0.33333333,0.71875,0.73958333,0.54861111,0.625,0.51041667
ledger_handoff_rca,qwen3.8-27b,L_vis,aegislab,96,96,,,,,,,,0.26041667,0.65625,0.75,0.46875,0.58125,0.45399306
ledger_handoff_rca,qwen3.8-27b,L_hyb,aiops2022,100,100,,,,,,,,0.26,0.45,0.53,0.36666667,0.424,0.363
ledger_handoff_rca,qwen3.8-27b,L_txt,aiops2022,100,100,,,,,,,,0.24,0.46,0.49,0.36333333,0.408,0.34433333
ledger_handoff_rca,qwen3.8-27b,L_vis,aiops2022,100,100,,,,,,,,0.2,0.39,0.45,0.30666667,0.358,0.2985
ledger_handoff_rca,qwen3.8-27b,L_hyb,aiops2025,93,93,,,,,,,,0.1827957,0.39784946,0.48387097,0.31182796,0.37204301,0.30250896
ledger_handoff_rca,qwen3.8-27b,L_txt,aiops2025,93,93,,,,,,,,0.1827957,0.3655914,0.40860215,0.30107527,0.33978495,0.28207885
ledger_handoff_rca,qwen3.8-27b,L_vis,aiops2025,93,93,,,,,,,,0.15053763,0.37634409,0.40860215,0.27956989,0.32473118,0.25913978
ledger_handoff_rca,qwen3.8-27b,L_hyb,all_469,469,469,,,,,,,,0.33049041,0.62260128,0.68017058,0.49395878,0.56460554,0.47434257
ledger_handoff_rca,qwen3.8-27b,L_txt,all_469,469,469,,,,,,,,0.36034115,0.63752665,0.66098081,0.5167022,0.57185501,0.48994314
ledger_handoff_rca,qwen3.8-27b,L_vis,all_469,469,469,,,,,,,,0.2793177,0.58208955,0.63752665,0.445629,0.51982942,0.42615494
ledger_handoff_rca,qwen3.8-27b,L_hyb,headline_289,289,289,,,,,,,,0.23875433,0.50519031,0.57785467,0.39677047,0.46366782,0.3789504
ledger_handoff_rca,qwen3.8-27b,L_txt,headline_289,289,289,,,,,,,,0.25259516,0.51557093,0.5467128,0.40484429,0.45813149,0.37946943
ledger_handoff_rca,qwen3.8-27b,L_vis,headline_289,289,289,,,,,,,,0.20415225,0.47404844,0.53633218,0.35178777,0.42145329,0.33748558
ledger_handoff_rca,qwen3.8-27b,L_hyb,re2_ob,90,90,,,,,,,,0.55555556,0.85555556,0.9,0.70740741,0.78222222,0.69203704
ledger_handoff_rca,qwen3.8-27b,L_txt,re2_ob,90,90,,,,,,,,0.62222222,0.9,0.9,0.76296296,0.81777778,0.73888889
ledger_handoff_rca,qwen3.8-27b,L_vis,re2_ob,90,90,,,,,,,,0.44444444,0.78888889,0.85555556,0.63333333,0.72222222,0.61296296
ledger_handoff_rca,qwen3.8-27b,L_hyb,re2_tt,90,90,,,,,,,,0.4,0.76666667,0.78888889,0.59259259,0.67111111,0.56296296
ledger_handoff_rca,qwen3.8-27b,L_txt,re2_tt,90,90,,,,,,,,0.44444444,0.76666667,0.78888889,0.62962963,0.69111111,0.59574074
ledger_handoff_rca,qwen3.8-27b,L_vis,re2_tt,90,90,,,,,,,,0.35555556,0.72222222,0.74444444,0.55925926,0.63333333,0.52407407
legacy_q9,gemma-4-26b-a4b,H,aegislab,96,96,0.88078704,0.88078704,0.88078704,1,0.88078704,,,,,,,,
legacy_q9,gemma-4-26b-a4b,P,aegislab,96,96,0.76041667,0.76041667,0.76041667,1,0.76041667,,,,,,,,
legacy_q9,gemma-4-26b-a4b,T,aegislab,96,96,0.90625,0.90625,0.90625,1,0.90625,,,,,,,,
legacy_q9,gemma-4-26b-a4b,V,aegislab,96,96,0.6724537,0.6724537,0.6724537,1,0.6724537,,,,,,,,
legacy_q9,gemma-4-26b-a4b,H,aiops2022,100,100,0.89333333,0.89333333,0.89333333,1,0.89333333,,,,,,,,
legacy_q9,gemma-4-26b-a4b,P,aiops2022,100,100,0.77222222,0.77222222,0.77222222,1,0.77222222,,,,,,,,
legacy_q9,gemma-4-26b-a4b,T,aiops2022,100,100,0.91333333,0.91333333,0.91333333,1,0.91333333,,,,,,,,
legacy_q9,gemma-4-26b-a4b,V,aiops2022,100,100,0.74222222,0.74222222,0.74222222,1,0.74222222,,,,,,,,
legacy_q9,gemma-4-26b-a4b,H,aiops2025,93,93,0.97849462,0.97849462,0.97849462,1,0.97849462,,,,,,,,
legacy_q9,gemma-4-26b-a4b,P,aiops2025,93,93,0.83751493,0.83751493,0.83751493,1,0.83751493,,,,,,,,
legacy_q9,gemma-4-26b-a4b,T,aiops2025,93,93,0.98566308,0.98566308,0.98566308,1,0.98566308,,,,,,,,
legacy_q9,gemma-4-26b-a4b,V,aiops2025,93,93,0.81003584,0.81003584,0.81003584,1,0.81003584,,,,,,,,
legacy_q9,gemma-4-26b-a4b,H,all_469,469,469,0.90499882,0.90499882,0.90499882,1,0.90499882,,,,,,,,
legacy_q9,gemma-4-26b-a4b,P,all_469,469,469,0.76261549,0.76261549,0.76261549,1,0.76261549,,,,,,,,
legacy_q9,gemma-4-26b-a4b,T,all_469,469,469,0.93366501,0.93366501,0.93366501,1,0.93366501,,,,,,,,
legacy_q9,gemma-4-26b-a4b,V,all_469,469,469,0.71997157,0.71997157,0.71997157,1,0.71997157,,,,,,,,
legacy_q9,gemma-4-26b-a4b,H,headline_289,289,289,0.91657055,0.91657055,0.91657055,1,0.91657055,,,,,,,,
legacy_q9,gemma-4-26b-a4b,P,headline_289,289,289,0.7893118,0.7893118,0.7893118,1,0.7893118,,,,,,,,
legacy_q9,gemma-4-26b-a4b,T,headline_289,289,289,0.93425606,0.93425606,0.93425606,1,0.93425606,,,,,,,,
legacy_q9,gemma-4-26b-a4b,V,headline_289,289,289,0.7408689,0.7408689,0.7408689,1,0.7408689,,,,,,,,
legacy_q9,gemma-4-26b-a4b,H,re2_ob,90,90,0.89135802,0.89135802,0.89135802,1,0.89135802,,,,,,,,
legacy_q9,gemma-4-26b-a4b,P,re2_ob,90,90,0.69135802,0.69135802,0.69135802,1,0.69135802,,,,,,,,
legacy_q9,gemma-4-26b-a4b,T,re2_ob,90,90,0.9345679,0.9345679,0.9345679,1,0.9345679,,,,,,,,
legacy_q9,gemma-4-26b-a4b,V,re2_ob,90,90,0.72839506,0.72839506,0.72839506,1,0.72839506,,,,,,,,
legacy_q9,gemma-4-26b-a4b,H,re2_tt,90,90,0.88148148,0.88148148,0.88148148,1,0.88148148,,,,,,,,
legacy_q9,gemma-4-26b-a4b,P,re2_tt,90,90,0.74814815,0.74814815,0.74814815,1,0.74814815,,,,,,,,
legacy_q9,gemma-4-26b-a4b,T,re2_tt,90,90,0.9308642,0.9308642,0.9308642,1,0.9308642,,,,,,,,
legacy_q9,gemma-4-26b-a4b,V,re2_tt,90,90,0.64444444,0.64444444,0.64444444,1,0.64444444,,,,,,,,
legacy_q9,qwen3.6-27b,H,aegislab,96,96,0.89699074,0.89699074,0.89699074,1,0.89699074,,,,,,,,
legacy_q9,qwen3.6-27b,P,aegislab,96,96,0.86226852,0.86226852,0.86226852,1,0.86226852,,,,,,,,
legacy_q9,qwen3.6-27b,T,aegislab,96,96,0.89467593,0.89467593,0.89467593,1,0.89467593,,,,,,,,
legacy_q9,qwen3.6-27b,V,aegislab,96,96,0.82060185,0.82060185,0.82060185,1,0.82060185,,,,,,,,
legacy_q9,qwen3.6-27b,H,aiops2022,100,100,0.90666667,0.90666667,0.90666667,1,0.90666667,,,,,,,,
legacy_q9,qwen3.6-27b,P,aiops2022,100,100,0.86222222,0.86222222,0.86222222,1,0.86222222,,,,,,,,
legacy_q9,qwen3.6-27b,T,aiops2022,100,100,0.90111111,0.90111111,0.90111111,1,0.90111111,,,,,,,,
legacy_q9,qwen3.6-27b,V,aiops2022,100,100,0.88,0.88,0.88,1,0.88,,,,,,,,
legacy_q9,qwen3.6-27b,H,aiops2025,93,93,0.97968937,0.97968937,0.97968937,1,0.97968937,,,,,,,,
legacy_q9,qwen3.6-27b,P,aiops2025,93,93,0.95818399,0.95818399,0.95818399,1,0.95818399,,,,,,,,
legacy_q9,qwen3.6-27b,T,aiops2025,93,93,0.98088411,0.98088411,0.98088411,1,0.98088411,,,,,,,,
legacy_q9,qwen3.6-27b,V,aiops2025,93,93,0.91397849,0.91397849,0.91397849,1,0.91397849,,,,,,,,
legacy_q9,qwen3.6-27b,H,all_469,469,469,0.91921346,0.91921346,0.91921346,1,0.91921346,,,,,,,,
legacy_q9,qwen3.6-27b,P,all_469,469,469,0.88296612,0.88296612,0.88296612,1,0.88296612,,,,,,,,
legacy_q9,qwen3.6-27b,T,all_469,469,469,0.91684435,0.91684435,0.91684435,1,0.91684435,,,,,,,,
legacy_q9,qwen3.6-27b,V,all_469,469,469,0.85737977,0.85737977,0.85737977,1,0.85737977,,,,,,,,
legacy_q9,qwen3.6-27b,H,headline_289,289,289,0.92695117,0.92695117,0.92695117,1,0.92695117,,,,,,,,
legacy_q9,qwen3.6-27b,P,headline_289,289,289,0.89311803,0.89311803,0.89311803,1,0.89311803,,,,,,,,
legacy_q9,qwen3.6-27b,T,headline_289,289,289,0.92464437,0.92464437,0.92464437,1,0.92464437,,,,,,,,
legacy_q9,qwen3.6-27b,V,headline_289,289,289,0.87120338,0.87120338,0.87120338,1,0.87120338,,,,,,,,
legacy_q9,qwen3.6-27b,H,re2_ob,90,90,0.89876543,0.89876543,0.89876543,1,0.89876543,,,,,,,,
legacy_q9,qwen3.6-27b,P,re2_ob,90,90,0.84938272,0.84938272,0.84938272,1,0.84938272,,,,,,,,
legacy_q9,qwen3.6-27b,T,re2_ob,90,90,0.88888889,0.88888889,0.88888889,1,0.88888889,,,,,,,,
legacy_q9,qwen3.6-27b,V,re2_ob,90,90,0.8345679,0.8345679,0.8345679,1,0.8345679,,,,,,,,
legacy_q9,qwen3.6-27b,H,re2_tt,90,90,0.91481481,0.91481481,0.91481481,1,0.91481481,,,,,,,,
legacy_q9,qwen3.6-27b,P,re2_tt,90,90,0.88395062,0.88395062,0.88395062,1,0.88395062,,,,,,,,
legacy_q9,qwen3.6-27b,T,re2_tt,90,90,0.91975309,0.91975309,0.91975309,1,0.91975309,,,,,,,,
legacy_q9,qwen3.6-27b,V,re2_tt,90,90,0.83580247,0.83580247,0.83580247,1,0.83580247,,,,,,,,
legacy_q9,qwen3.8-27b,H,aegislab,96,96,0.88541667,0.88541667,0.88541667,1,0.88541667,,,,,,,,
legacy_q9,qwen3.8-27b,P,aegislab,96,96,0.84143519,0.84143519,0.84143519,1,0.84143519,,,,,,,,
legacy_q9,qwen3.8-27b,T,aegislab,96,96,0.8912037,0.8912037,0.8912037,1,0.8912037,,,,,,,,
legacy_q9,qwen3.8-27b,V,aegislab,96,96,0.78587963,0.78587963,0.78587963,1,0.78587963,,,,,,,,
legacy_q9,qwen3.8-27b,H,aiops2022,100,100,0.89666667,0.89666667,0.89666667,1,0.89666667,,,,,,,,
legacy_q9,qwen3.8-27b,P,aiops2022,100,100,0.85666667,0.85666667,0.85666667,1,0.85666667,,,,,,,,
legacy_q9,qwen3.8-27b,T,aiops2022,100,100,0.89666667,0.89666667,0.89666667,1,0.89666667,,,,,,,,
legacy_q9,qwen3.8-27b,V,aiops2022,100,100,0.83777778,0.83777778,0.83777778,1,0.83777778,,,,,,,,
legacy_q9,qwen3.8-27b,H,aiops2025,93,93,0.89725209,0.89725209,0.89725209,1,0.89725209,,,,,,,,
legacy_q9,qwen3.8-27b,P,aiops2025,93,93,0.87096774,0.87096774,0.87096774,1,0.87096774,,,,,,,,
legacy_q9,qwen3.8-27b,T,aiops2025,93,93,0.90322581,0.90322581,0.90322581,1,0.90322581,,,,,,,,
legacy_q9,qwen3.8-27b,V,aiops2025,93,93,0.83990442,0.83990442,0.83990442,1,0.83990442,,,,,,,,
legacy_q9,qwen3.8-27b,H,all_469,469,469,0.89433783,0.89433783,0.89433783,1,0.89433783,,,,,,,,
legacy_q9,qwen3.8-27b,P,all_469,469,469,0.85856432,0.85856432,0.85856432,1,0.85856432,,,,,,,,
legacy_q9,qwen3.8-27b,T,all_469,469,469,0.89741767,0.89741767,0.89741767,1,0.89741767,,,,,,,,
legacy_q9,qwen3.8-27b,V,all_469,469,469,0.82658138,0.82658138,0.82658138,1,0.82658138,,,,,,,,
legacy_q9,qwen3.8-27b,H,headline_289,289,289,0.89311803,0.89311803,0.89311803,1,0.89311803,,,,,,,,
legacy_q9,qwen3.8-27b,P,headline_289,289,289,0.85620915,0.85620915,0.85620915,1,0.85620915,,,,,,,,
legacy_q9,qwen3.8-27b,T,headline_289,289,289,0.89696271,0.89696271,0.89696271,1,0.89696271,,,,,,,,
legacy_q9,qwen3.8-27b,V,headline_289,289,289,0.82122261,0.82122261,0.82122261,1,0.82122261,,,,,,,,
legacy_q9,qwen3.8-27b,H,re2_ob,90,90,0.89012346,0.89012346,0.89012346,1,0.89012346,,,,,,,,
legacy_q9,qwen3.8-27b,P,re2_ob,90,90,0.84814815,0.84814815,0.84814815,1,0.84814815,,,,,,,,
legacy_q9,qwen3.8-27b,T,re2_ob,90,90,0.88888889,0.88888889,0.88888889,1,0.88888889,,,,,,,,
legacy_q9,qwen3.8-27b,V,re2_ob,90,90,0.84074074,0.84074074,0.84074074,1,0.84074074,,,,,,,,
legacy_q9,qwen3.8-27b,H,re2_tt,90,90,0.90246914,0.90246914,0.90246914,1,0.90246914,,,,,,,,
legacy_q9,qwen3.8-27b,P,re2_tt,90,90,0.87654321,0.87654321,0.87654321,1,0.87654321,,,,,,,,
legacy_q9,qwen3.8-27b,T,re2_tt,90,90,0.90740741,0.90740741,0.90740741,1,0.90740741,,,,,,,,
legacy_q9,qwen3.8-27b,V,re2_tt,90,90,0.82962963,0.82962963,0.82962963,1,0.82962963,,,,,,,,
matched_rca,gemma-4-26b-a4b,F,aegislab,96,96,,,,,,,,0.4375,0.48958333,0.48958333,0.46875,0.47708333,0.46180556
matched_rca,gemma-4-26b-a4b,H,aegislab,96,96,,,,,,,,0.45833333,0.52083333,0.52083333,0.49305556,0.50416667,0.48611111
matched_rca,gemma-4-26b-a4b,P,aegislab,96,96,,,,,,,,0.30208333,0.41666667,0.41666667,0.36458333,0.38541667,0.35243056
matched_rca,gemma-4-26b-a4b,R,aegislab,96,96,,,,,,,,0.39583333,0.45833333,0.45833333,0.43055556,0.44166667,0.42361111
matched_rca,gemma-4-26b-a4b,T,aegislab,96,96,,,,,,,,0.46875,0.51041667,0.51041667,0.49305556,0.5,0.48784722
matched_rca,gemma-4-26b-a4b,V,aegislab,96,96,,,,,,,,0.42708333,0.46875,0.48958333,0.45138889,0.46458333,0.45086806
matched_rca,gemma-4-26b-a4b,F,aiops2022,100,100,,,,,,,,0.33,0.39,0.4,0.36666667,0.378,0.36033333
matched_rca,gemma-4-26b-a4b,H,aiops2022,100,100,,,,,,,,0.29,0.37,0.37,0.34,0.352,0.32833333
matched_rca,gemma-4-26b-a4b,P,aiops2022,100,100,,,,,,,,0.19,0.27,0.27,0.23333333,0.248,0.225
matched_rca,gemma-4-26b-a4b,R,aiops2022,100,100,,,,,,,,0.26,0.33,0.33,0.30333333,0.314,0.29333333
matched_rca,gemma-4-26b-a4b,T,aiops2022,100,100,,,,,,,,0.28,0.35,0.35,0.32666667,0.336,0.315
matched_rca,gemma-4-26b-a4b,V,aiops2022,100,100,,,,,,,,0.3,0.34,0.34,0.32666667,0.332,0.32
matched_rca,gemma-4-26b-a4b,F,aiops2025,93,93,,,,,,,,0.19354839,0.29032258,0.29032258,0.25089606,0.26666667,0.23835125
matched_rca,gemma-4-26b-a4b,H,aiops2025,93,93,,,,,,,,0.20430108,0.27956989,0.29032258,0.25448029,0.2688172,0.24462366
matched_rca,gemma-4-26b-a4b,P,aiops2025,93,93,,,,,,,,0.19354839,0.24731183,0.24731183,0.22222222,0.23225806,0.21684588
matched_rca,gemma-4-26b-a4b,R,aiops2025,93,93,,,,,,,,0.19354839,0.2688172,0.29032258,0.2437276,0.26021505,0.23602151
matched_rca,gemma-4-26b-a4b,T,aiops2025,93,93,,,,,,,,0.20430108,0.27956989,0.30107527,0.2437276,0.26666667,0.24193548
matched_rca,gemma-4-26b-a4b,V,aiops2025,93,93,,,,,,,,0.16129032,0.23655914,0.23655914,0.20430108,0.2172043,0.1953405
matched_rca,gemma-4-26b-a4b,F,all_469,469,469,,,,,,,,0.45415778,0.54584222,0.54797441,0.50604122,0.52238806,0.49580668
matched_rca,gemma-4-26b-a4b,H,all_469,469,469,,,,,,,,0.45628998,0.54157783,0.55223881,0.50675195,0.52452026,0.49829424
matched_rca,gemma-4-26b-a4b,P,all_469,469,469,,,,,,,,0.3326226,0.44136461,0.445629,0.39303483,0.41364606,0.38191187
matched_rca,gemma-4-26b-a4b,R,all_469,469,469,,,,,,,,0.42217484,0.49466951,0.50319829,0.46410803,0.47889126,0.45714286
matched_rca,gemma-4-26b-a4b,T,all_469,469,469,,,,,,,,0.45202559,0.53091684,0.54157783,0.49822317,0.51513859,0.49083156
matched_rca,gemma-4-26b-a4b,V,all_469,469,469,,,,,,,,0.42643923,0.48187633,0.48827292,0.45913291,0.46993603,0.45341151
matched_rca,gemma-4-26b-a4b,F,headline_289,289,289,,,,,,,,0.32179931,0.39100346,0.39446367,0.3633218,0.37508651,0.35478662
matched_rca,gemma-4-26b-a4b,H,headline_289,289,289,,,,,,,,0.3183391,0.39100346,0.39446367,0.3633218,0.37577855,0.35380623
matched_rca,gemma-4-26b-a4b,P,headline_289,289,289,,,,,,,,0.2283737,0.31141869,0.31141869,0.2733564,0.28858131,0.26470588
matched_rca,gemma-4-26b-a4b,R,headline_289,289,289,,,,,,,,0.28373702,0.35294118,0.35986159,0.32641292,0.33910035,0.31816609
matched_rca,gemma-4-26b-a4b,T,headline_289,289,289,,,,,,,,0.3183391,0.38062284,0.38754325,0.35524798,0.36816609,0.34890427
matched_rca,gemma-4-26b-a4b,V,headline_289,289,289,,,,,,,,0.29757785,0.34948097,0.35640138,0.32871972,0.33910035,0.3233564
matched_rca,gemma-4-26b-a4b,F,re2_ob,90,90,,,,,,,,0.73333333,0.86666667,0.86666667,0.8,0.82666667,0.78888889
matched_rca,gemma-4-26b-a4b,H,re2_ob,90,90,,,,,,,,0.76666667,0.87777778,0.9,0.82592593,0.85555556,0.82037037
matched_rca,gemma-4-26b-a4b,P,re2_ob,90,90,,,,,,,,0.61111111,0.73333333,0.74444444,0.67407407,0.70222222,0.66574074
matched_rca,gemma-4-26b-a4b,R,re2_ob,90,90,,,,,,,,0.78888889,0.84444444,0.85555556,0.81481481,0.83111111,0.81388889
matched_rca,gemma-4-26b-a4b,T,re2_ob,90,90,,,,,,,,0.75555556,0.86666667,0.87777778,0.81851852,0.84222222,0.80833333
matched_rca,gemma-4-26b-a4b,V,re2_ob,90,90,,,,,,,,0.74444444,0.85555556,0.85555556,0.80740741,0.82666667,0.79444444
matched_rca,gemma-4-26b-a4b,F,re2_tt,90,90,,,,,,,,0.6,0.72222222,0.72222222,0.67037037,0.69111111,0.65555556
matched_rca,gemma-4-26b-a4b,H,re2_tt,90,90,,,,,,,,0.58888889,0.68888889,0.71111111,0.64814815,0.67111111,0.64018519
matched_rca,gemma-4-26b-a4b,P,re2_tt,90,90,,,,,,,,0.38888889,0.56666667,0.57777778,0.4962963,0.52666667,0.47444444
matched_rca,gemma-4-26b-a4b,R,re2_tt,90,90,,,,,,,,0.5,0.6,0.61111111,0.55555556,0.57555556,0.54666667
matched_rca,gemma-4-26b-a4b,T,re2_tt,90,90,,,,,,,,0.57777778,0.67777778,0.7,0.63703704,0.66,0.62907407
matched_rca,gemma-4-26b-a4b,V,re2_tt,90,90,,,,,,,,0.52222222,0.53333333,0.54444444,0.52962963,0.53333333,0.53
matched_rca,qwen3.6-27b,F,aegislab,41,41,,,,,,,,0.19512195,0.6097561,0.7804878,0.42276423,0.55609756,0.41829268
matched_rca,qwen3.6-27b,H,aegislab,41,41,,,,,,,,0.26829268,0.73170732,0.75609756,0.5203252,0.61463415,0.47764228
matched_rca,qwen3.6-27b,P,aegislab,41,41,,,,,,,,0.24390244,0.65853659,0.73170732,0.46341463,0.56097561,0.43861789
matched_rca,qwen3.6-27b,R,aegislab,41,41,,,,,,,,0.24390244,0.70731707,0.75609756,0.50406504,0.60487805,0.46341463
matched_rca,qwen3.6-27b,T,aegislab,41,41,,,,,,,,0.26829268,0.65853659,0.82926829,0.50406504,0.6195122,0.4902439
matched_rca,qwen3.6-27b,V,aegislab,41,41,,,,,,,,0.26829268,0.75609756,0.82926829,0.54471545,0.65365854,0.50487805
matched_rca,qwen3.6-27b,F,aiops2022,100,100,,,,,,,,0.26,0.44,0.49,0.36,0.406,0.351
matched_rca,qwen3.6-27b,H,aiops2022,100,100,,,,,,,,0.22,0.47,0.52,0.36666667,0.422,0.346
matched_rca,qwen3.6-27b,P,aiops2022,100,100,,,,,,,,0.23,0.37,0.39,0.30666667,0.338,0.29616667
matched_rca,qwen3.6-27b,R,aiops2022,100,100,,,,,,,,0.25,0.4,0.44,0.32666667,0.37,0.32283333
matched_rca,qwen3.6-27b,T,aiops2022,100,100,,,,,,,,0.24,0.45,0.51,0.35333333,0.408,0.34466667
matched_rca,qwen3.6-27b,V,aiops2022,100,100,,,,,,,,0.23,0.45,0.49,0.35333333,0.406,0.33783333
matched_rca,qwen3.6-27b,F,aiops2025,93,93,,,,,,,,0.1827957,0.33333333,0.46236559,0.25448029,0.32258065,0.27222222
matched_rca,qwen3.6-27b,H,aiops2025,93,93,,,,,,,,0.16129032,0.37634409,0.49462366,0.2688172,0.34408602,0.27670251
matched_rca,qwen3.6-27b,P,aiops2025,93,93,,,,,,,,0.15053763,0.35483871,0.46236559,0.26164875,0.32473118,0.26272401
matched_rca,qwen3.6-27b,R,aiops2025,93,93,,,,,,,,0.25806452,0.4516129,0.47311828,0.36200717,0.40215054,0.34659498
matched_rca,qwen3.6-27b,T,aiops2025,93,93,,,,,,,,0.20430108,0.35483871,0.41935484,0.28315412,0.32903226,0.2827957
matched_rca,qwen3.6-27b,V,aiops2025,93,93,,,,,,,,0.19354839,0.39784946,0.44086022,0.30107527,0.35483871,0.29157706
matched_rca,qwen3.6-27b,F,all_469,414,414,,,,,,,,0.37922705,0.61352657,0.70048309,0.50724638,0.57777778,0.50233494
matched_rca,qwen3.6-27b,H,all_469,414,414,,,,,,,,0.3647343,0.63768116,0.69806763,0.51288245,0.58115942,0.49794686
matched_rca,qwen3.6-27b,P,all_469,414,414,,,,,,,,0.33816425,0.57729469,0.64492754,0.46779388,0.53140097,0.45793076
matched_rca,qwen3.6-27b,R,all_469,414,414,,,,,,,,0.39613527,0.62077295,0.66183575,0.52334944,0.57584541,0.50672303
matched_rca,qwen3.6-27b,T,all_469,414,414,,,,,,,,0.37922705,0.61594203,0.69082126,0.51207729,0.57536232,0.50177134
matched_rca,qwen3.6-27b,V,all_469,414,414,,,,,,,,0.37439614,0.62801932,0.67874396,0.51851852,0.57971014,0.50068438
matched_rca,qwen3.6-27b,F,headline_289,234,234,,,,,,,,0.21794872,0.42735043,0.52991453,0.32905983,0.3991453,0.33148148
matched_rca,qwen3.6-27b,H,headline_289,234,234,,,,,,,,0.20512821,0.47863248,0.55128205,0.35470085,0.42478632,0.34152422
matched_rca,qwen3.6-27b,P,headline_289,234,234,,,,,,,,0.2008547,0.41452991,0.47863248,0.31623932,0.37179487,0.30783476
matched_rca,qwen3.6-27b,R,headline_289,234,234,,,,,,,,0.25213675,0.47435897,0.50854701,0.37179487,0.42393162,0.35690883
matched_rca,qwen3.6-27b,T,headline_289,234,234,,,,,,,,0.23076923,0.44871795,0.52991453,0.35185185,0.41367521,0.34558405
matched_rca,qwen3.6-27b,V,headline_289,234,234,,,,,,,,0.22222222,0.48290598,0.52991453,0.36609687,0.42905983,0.34871795
matched_rca,qwen3.6-27b,F,re2_ob,90,90,,,,,,,,0.57777778,0.9,0.97777778,0.75925926,0.84222222,0.74055556
matched_rca,qwen3.6-27b,H,re2_ob,90,90,,,,,,,,0.56666667,0.9,0.95555556,0.74444444,0.82666667,0.72444444
matched_rca,qwen3.6-27b,P,re2_ob,90,90,,,,,,,,0.54444444,0.85555556,0.95555556,0.71481481,0.80444444,0.70481481
matched_rca,qwen3.6-27b,R,re2_ob,90,90,,,,,,,,0.68888889,0.88888889,0.94444444,0.8,0.85777778,0.79166667
matched_rca,qwen3.6-27b,T,re2_ob,90,90,,,,,,,,0.57777778,0.82222222,0.91111111,0.71481481,0.78444444,0.70703704
matched_rca,qwen3.6-27b,V,re2_ob,90,90,,,,,,,,0.64444444,0.92222222,0.96666667,0.81111111,0.87111111,0.78462963
matched_rca,qwen3.6-27b,F,re2_tt,90,90,,,,,,,,0.6,0.81111111,0.86666667,0.71851852,0.77777778,0.70833333
matched_rca,qwen3.6-27b,H,re2_tt,90,90,,,,,,,,0.57777778,0.78888889,0.82222222,0.69259259,0.74222222,0.67814815
matched_rca,qwen3.6-27b,P,re2_tt,90,90,,,,,,,,0.48888889,0.72222222,0.76666667,0.61481481,0.67333333,0.6012963
matched_rca,qwen3.6-27b,R,re2_tt,90,90,,,,,,,,0.47777778,0.73333333,0.77777778,0.64074074,0.68888889,0.6112963
matched_rca,qwen3.6-27b,T,re2_tt,90,90,,,,,,,,0.56666667,0.84444444,0.88888889,0.72592593,0.78666667,0.70259259
matched_rca,qwen3.6-27b,V,re2_tt,90,90,,,,,,,,0.5,0.71111111,0.77777778,0.62222222,0.68,0.61185185
matched_rca,qwen3.8-27b,F,aegislab,96,96,,,,,,,,0.22916667,0.54166667,0.59375,0.39930556,0.475,0.37881944
matched_rca,qwen3.8-27b,H,aegislab,96,96,,,,,,,,0.16666667,0.57291667,0.61458333,0.38541667,0.475,0.35364583
matched_rca,qwen3.8-27b,P,aegislab,96,96,,,,,,,,0.15625,0.46875,0.51041667,0.31597222,0.39166667,0.29809028
matched_rca,qwen3.8-27b,R,aegislab,96,96,,,,,,,,0.30208333,0.64583333,0.66666667,0.49305556,0.56041667,0.45954861
matched_rca,qwen3.8-27b,T,aegislab,96,96,,,,,,,,0.21875,0.47916667,0.54166667,0.34722222,0.42291667,0.34149306
matched_rca,qwen3.8-27b,V,aegislab,96,96,,,,,,,,0.27083333,0.55208333,0.59375,0.41666667,0.48333333,0.4
matched_rca,qwen3.8-27b,F,aiops2022,100,100,,,,,,,,0.23,0.43,0.43,0.34666667,0.38,0.32166667
matched_rca,qwen3.8-27b,H,aiops2022,100,100,,,,,,,,0.23,0.41,0.44,0.33333333,0.372,0.31816667
matched_rca,qwen3.8-27b,P,aiops2022,100,100,,,,,,,,0.2,0.33,0.37,0.27,0.308,0.26616667
matched_rca,qwen3.8-27b,R,aiops2022,100,100,,,,,,,,0.24,0.48,0.55,0.37,0.432,0.36
matched_rca,qwen3.8-27b,T,aiops2022,100,100,,,,,,,,0.21,0.46,0.48,0.34,0.396,0.32166667
matched_rca,qwen3.8-27b,V,aiops2022,100,100,,,,,,,,0.17,0.4,0.46,0.27666667,0.348,0.27616667
matched_rca,qwen3.8-27b,F,aiops2025,93,93,,,,,,,,0.15053763,0.3655914,0.41935484,0.25806452,0.31612903,0.25197133
matched_rca,qwen3.8-27b,H,aiops2025,93,93,,,,,,,,0.16129032,0.37634409,0.43010753,0.27240143,0.3311828,0.26505376
matched_rca,qwen3.8-27b,P,aiops2025,93,93,,,,,,,,0.15053763,0.34408602,0.43010753,0.25448029,0.31397849,0.25358423
matched_rca,qwen3.8-27b,R,aiops2025,93,93,,,,,,,,0.20430108,0.4516129,0.47311828,0.34767025,0.39354839,0.32150538
matched_rca,qwen3.8-27b,T,aiops2025,93,93,,,,,,,,0.17204301,0.41935484,0.48387097,0.3046595,0.36774194,0.29354839
matched_rca,qwen3.8-27b,V,aiops2025,93,93,,,,,,,,0.19354839,0.38709677,0.46236559,0.30107527,0.36129032,0.29731183
matched_rca,qwen3.8-27b,F,all_469,469,469,,,,,,,,0.32835821,0.58422175,0.61833689,0.46766169,0.52537313,0.448543
matched_rca,qwen3.8-27b,H,all_469,469,469,,,,,,,,0.31982942,0.60127932,0.63113006,0.47121535,0.53304904,0.44936034
matched_rca,qwen3.8-27b,P,all_469,469,469,,,,,,,,0.28358209,0.54797441,0.59061834,0.42643923,0.4891258,0.40899076
matched_rca,qwen3.8-27b,R,all_469,469,469,,,,,,,,0.36034115,0.63752665,0.66311301,0.51101635,0.5684435,0.48742004
matched_rca,qwen3.8-27b,T,all_469,469,469,,,,,,,,0.32622601,0.60341151,0.64605544,0.47263682,0.53987207,0.45575693
matched_rca,qwen3.8-27b,V,all_469,469,469,,,,,,,,0.29424307,0.57356077,0.62046908,0.43923241,0.508742,0.4242715
matched_rca,qwen3.8-27b,F,headline_289,289,289,,,,,,,,0.20415225,0.44636678,0.48096886,0.33564014,0.39100346,0.31822376
matched_rca,qwen3.8-27b,H,headline_289,289,289,,,,,,,,0.18685121,0.4532872,0.49480969,0.33102653,0.39307958,0.31286044
matched_rca,qwen3.8-27b,P,headline_289,289,289,,,,,,,,0.16955017,0.38062284,0.43598616,0.28027682,0.33771626,0.27272203
matched_rca,qwen3.8-27b,R,headline_289,289,289,,,,,,,,0.24913495,0.52595156,0.56401384,0.40369089,0.46228374,0.38068051
matched_rca,qwen3.8-27b,T,headline_289,289,289,,,,,,,,0.20069204,0.4532872,0.5017301,0.33102653,0.39584775,0.31920415
matched_rca,qwen3.8-27b,V,headline_289,289,289,,,,,,,,0.21107266,0.44636678,0.50519031,0.33102653,0.39723183,0.32410611
matched_rca,qwen3.8-27b,F,re2_ob,90,90,,,,,,,,0.54444444,0.83333333,0.86666667,0.7,0.76444444,0.67814815
matched_rca,qwen3.8-27b,H,re2_ob,90,90,,,,,,,,0.56666667,0.88888889,0.88888889,0.73703704,0.79777778,0.70555556
matched_rca,qwen3.8-27b,P,re2_ob,90,90,,,,,,,,0.47777778,0.83333333,0.87777778,0.68888889,0.76444444,0.6537037
matched_rca,qwen3.8-27b,R,re2_ob,90,90,,,,,,,,0.6,0.85555556,0.85555556,0.71851852,0.77333333,0.70185185
matched_rca,qwen3.8-27b,T,re2_ob,90,90,,,,,,,,0.56666667,0.9,0.92222222,0.74444444,0.81555556,0.71666667
matched_rca,qwen3.8-27b,V,re2_ob,90,90,,,,,,,,0.45555556,0.83333333,0.88888889,0.65185185,0.74222222,0.62944444
matched_rca,qwen3.8-27b,F,re2_tt,90,90,,,,,,,,0.51111111,0.77777778,0.81111111,0.65925926,0.71777778,0.63740741
matched_rca,qwen3.8-27b,H,re2_tt,90,90,,,,,,,,0.5,0.78888889,0.81111111,0.65555556,0.71777778,0.63148148
matched_rca,qwen3.8-27b,P,re2_tt,90,90,,,,,,,,0.45555556,0.8,0.8,0.63333333,0.7,0.60185185
matched_rca,qwen3.8-27b,R,re2_tt,90,90,,,,,,,,0.47777778,0.77777778,0.78888889,0.64814815,0.70444444,0.61574074
matched_rca,qwen3.8-27b,T,re2_tt,90,90,,,,,,,,0.48888889,0.78888889,0.83333333,0.65555556,0.72666667,0.63333333
matched_rca,qwen3.8-27b,V,re2_tt,90,90,,,,,,,,0.4,0.72222222,0.72222222,0.57407407,0.63333333,0.54074074
typed_two_stage,gemma-4-26b-a4b,H,aegislab,96,96,0.44965278,0.5859375,0.546875,1,0.83333333,0.23157895,0.21794872,,,,,,
typed_two_stage,gemma-4-26b-a4b,Mt-Rt-Lt-Gt,aegislab,96,96,0.47743056,0.55989583,0.47048611,1,0.9375,0.26315789,0.15384615,,,,,,
typed_two_stage,gemma-4-26b-a4b,Mt-Rt-Lt-Gv,aegislab,96,96,0.48263889,0.60706019,0.56597222,1,0.91666667,0.25263158,0.21794872,,,,,,
typed_two_stage,gemma-4-26b-a4b,Mt-Rt-Lv-Gt,aegislab,96,96,0.41493056,0.52922454,0.49826389,1,0.76041667,0.21052632,0.21794872,,,,,,
typed_two_stage,gemma-4-26b-a4b,Mt-Rt-Lv-Gv,aegislab,96,96,0.39930556,0.54658565,0.53298611,1,0.71875,0.24210526,0.17948718,,,,,,
typed_two_stage,gemma-4-26b-a4b,Mt-Rv-Lt-Gt,aegislab,96,96,0.36805556,0.55989583,0.51388889,1,0.80208333,0.084210526,0.17948718,,,,,,
typed_two_stage,gemma-4-26b-a4b,Mt-Rv-Lt-Gv,aegislab,96,96,0.35763889,0.5859375,0.54861111,1,0.79166667,0.042105263,0.19230769,,,,,,
typed_two_stage,gemma-4-26b-a4b,Mt-Rv-Lv-Gt,aegislab,96,96,0.24652778,0.47337963,0.47569444,1,0.55208333,0.031578947,0.14102564,,,,,,
typed_two_stage,gemma-4-26b-a4b,Mt-Rv-Lv-Gv,aegislab,96,96,0.23958333,0.4771412,0.47569444,1,0.55208333,0.031578947,0.1025641,,,,,,
typed_two_stage,gemma-4-26b-a4b,Mv-Rt-Lt-Gt,aegislab,96,96,0.42534722,0.51070602,0.45659722,1,0.84375,0.22105263,0.12820513,,,,,,
typed_two_stage,gemma-4-26b-a4b,Mv-Rt-Lt-Gv,aegislab,96,96,0.42534722,0.52430556,0.47569444,1,0.88541667,0.21052632,0.1025641,,,,,,
typed_two_stage,gemma-4-26b-a4b,Mv-Rt-Lv-Gt,aegislab,96,96,0.29340278,0.41435185,0.41493056,1,0.53125,0.16842105,0.1025641,,,,,,
typed_two_stage,gemma-4-26b-a4b,Mv-Rt-Lv-Gv,aegislab,96,96,0.33506944,0.46209491,0.46875,1,0.59375,0.22105263,0.11538462,,,,,,
typed_two_stage,gemma-4-26b-a4b,Mv-Rv-Lt-Gt,aegislab,96,96,0.26388889,0.47048611,0.45138889,1,0.60416667,0.073684211,0.076923077,,,,,,
typed_two_stage,gemma-4-26b-a4b,Mv-Rv-Lt-Gv,aegislab,96,96,0.28645833,0.50810185,0.48263889,1,0.6875,0.063157895,0.064102564,,,,,,
typed_two_stage,gemma-4-26b-a4b,Mv-Rv-Lv-Gt,aegislab,96,96,0.13715278,0.34722222,0.35243056,1,0.35416667,0,0.012820513,,,,,,
typed_two_stage,gemma-4-26b-a4b,Mv-Rv-Lv-Gv,aegislab,96,96,0.16493056,0.40625,0.41319444,1,0.40625,0.010526316,0.038461538,,,,,,
typed_two_stage,gemma-4-26b-a4b,P,aegislab,96,96,0.32118056,0.36834491,0.29340278,1,0.77083333,0.073684211,0.025641026,,,,,,
typed_two_stage,gemma-4-26b-a4b,V,aegislab,96,96,0.17534722,0.36574074,0.37847222,1,0.36458333,0.042105263,0.08974359,,,,,,
typed_two_stage,gemma-4-26b-a4b,H,aiops2022,100,100,0.595,0.64805556,0.64333333,1,0.76,0.52631579,0.047619048,,,,,,
typed_two_stage,gemma-4-26b-a4b,Mt-Rt-Lt-Gt,aiops2022,100,100,0.60333333,0.65138889,0.625,1,0.85,0.41052632,0.14285714,,,,,,
typed_two_stage,gemma-4-26b-a4b,Mt-Rt-Lt-Gv,aiops2022,100,100,0.58166667,0.6275,0.585,1,0.86,0.36842105,0.047619048,,,,,,
typed_two_stage,gemma-4-26b-a4b,Mt-Rt-Lv-Gt,aiops2022,100,100,0.525,0.60777778,0.62,1,0.6,0.51578947,0,,,,,,
typed_two_stage,gemma-4-26b-a4b,Mt-Rt-Lv-Gv,aiops2022,100,100,0.565,0.64388889,0.65,1,0.68,0.51578947,0.095238095,,,,,,
typed_two_stage,gemma-4-26b-a4b,Mt-Rv-Lt-Gt,aiops2022,100,100,0.375,0.49277778,0.47666667,1,0.61,0.16842105,0.095238095,,,,,,
typed_two_stage,gemma-4-26b-a4b,Mt-Rv-Lt-Gv,aiops2022,100,100,0.38,0.49944444,0.47666667,1,0.63,0.15789474,0.095238095,,,,,,
typed_two_stage,gemma-4-26b-a4b,Mt-Rv-Lv-Gt,aiops2022,100,100,0.205,0.41333333,0.42333333,1,0.38,0.031578947,0,,,,,,
typed_two_stage,gemma-4-26b-a4b,Mt-Rv-Lv-Gv,aiops2022,100,100,0.23666667,0.42916667,0.42833333,1,0.44,0.042105263,0.047619048,,,,,,
typed_two_stage,gemma-4-26b-a4b,Mv-Rt-Lt-Gt,aiops2022,100,100,0.50833333,0.55416667,0.53333333,1,0.7,0.36842105,0.047619048,,,,,,
typed_two_stage,gemma-4-26b-a4b,Mv-Rt-Lt-Gv,aiops2022,100,100,0.54,0.58305556,0.55666667,1,0.82,0.33684211,0,,,,,,
typed_two_stage,gemma-4-26b-a4b,Mv-Rt-Lv-Gt,aiops2022,100,100,0.42833333,0.5125,0.545,1,0.45,0.45263158,0.095238095,,,,,,
typed_two_stage,gemma-4-26b-a4b,Mv-Rt-Lv-Gv,aiops2022,100,100,0.53,0.59694444,0.61166667,1,0.64,0.47368421,0.047619048,,,,,,
typed_two_stage,gemma-4-26b-a4b,Mv-Rv-Lt-Gt,aiops2022,100,100,0.33333333,0.45666667,0.44333333,1,0.54,0.15789474,0.047619048,,,,,,
typed_two_stage,gemma-4-26b-a4b,Mv-Rv-Lt-Gv,aiops2022,100,100,0.355,0.46333333,0.43666667,1,0.59,0.15789474,0.047619048,,,,,,
typed_two_stage,gemma-4-26b-a4b,Mv-Rv-Lv-Gt,aiops2022,100,100,0.17333333,0.36611111,0.37666667,1,0.33,0.021052632,0,,,,,,
typed_two_stage,gemma-4-26b-a4b,Mv-Rv-Lv-Gv,aiops2022,100,100,0.22166667,0.42166667,0.42333333,1,0.41,0.042105263,0,,,,,,
typed_two_stage,gemma-4-26b-a4b,P,aiops2022,100,100,0.46,0.49388889,0.45,1,0.73,0.23157895,0.047619048,,,,,,
typed_two_stage,gemma-4-26b-a4b,V,aiops2022,100,100,0.27666667,0.43472222,0.45333333,1,0.38,0.18947368,0.047619048,,,,,,
typed_two_stage,gemma-4-26b-a4b,H,aiops2025,93,93,0.58781362,0.63978495,0.63799283,1,0.75268817,0.5443038,0.35,,,,,,
typed_two_stage,gemma-4-26b-a4b,Mt-Rt-Lt-Gt,aiops2025,93,93,0.64336918,0.67712067,0.65949821,0.98924731,0.87096774,0.53164557,0.275,,,,,,
typed_two_stage,gemma-4-26b-a4b,Mt-Rt-Lt-Gv,aiops2025,93,93,0.70250896,0.7479092,0.72222222,1,0.91397849,0.64556962,0.325,,,,,,
typed_two_stage,gemma-4-26b-a4b,Mt-Rt-Lv-Gt,aiops2025,93,93,0.48207885,0.58333333,0.55376344,1,0.70967742,0.3164557,0.3,,,,,,
typed_two_stage,gemma-4-26b-a4b,Mt-Rt-Lv-Gv,aiops2025,93,93,0.51612903,0.62903226,0.60752688,1,0.74193548,0.34177215,0.325,,,,,,
typed_two_stage,gemma-4-26b-a4b,Mt-Rv-Lt-Gt,aiops2025,93,93,0.53046595,0.66278375,0.65232975,1,0.76344086,0.40506329,0.075,,,,,,
typed_two_stage,gemma-4-26b-a4b,Mt-Rv-Lt-Gv,aiops2025,93,93,0.53225806,0.67144564,0.66845878,1,0.75268817,0.39240506,0.075,,,,,,
typed_two_stage,gemma-4-26b-a4b,Mt-Rv-Lv-Gt,aiops2025,93,93,0.28494624,0.49611708,0.51075269,1,0.50537634,0.050632911,0.1,,,,,,
typed_two_stage,gemma-4-26b-a4b,Mt-Rv-Lv-Gv,aiops2025,93,93,0.30286738,0.5125448,0.51792115,1,0.52688172,0.050632911,0.075,,,,,,
typed_two_stage,gemma-4-26b-a4b,Mv-Rt-Lt-Gt,aiops2025,93,93,0.55376344,0.59557945,0.58602151,1,0.74193548,0.50632911,0.225,,,,,,
typed_two_stage,gemma-4-26b-a4b,Mv-Rt-Lt-Gv,aiops2025,93,93,0.58781362,0.62305854,0.61111111,1,0.80645161,0.53164557,0.175,,,,,,
typed_two_stage,gemma-4-26b-a4b,Mv-Rt-Lv-Gt,aiops2025,93,93,0.3297491,0.41965352,0.41577061,1,0.48387097,0.24050633,0.275,,,,,,
typed_two_stage,gemma-4-26b-a4b,Mv-Rt-Lv-Gv,aiops2025,93,93,0.40681004,0.49462366,0.47849462,1,0.60215054,0.29113924,0.175,,,,,,
typed_two_stage,gemma-4-26b-a4b,Mv-Rv-Lt-Gt,aiops2025,93,93,0.41218638,0.53046595,0.54301075,1,0.55913978,0.32911392,0.075,,,,,,
typed_two_stage,gemma-4-26b-a4b,Mv-Rv-Lt-Gv,aiops2025,93,93,0.43727599,0.54301075,0.55555556,1,0.62365591,0.3164557,0.075,,,,,,
typed_two_stage,gemma-4-26b-a4b,Mv-Rv-Lv-Gt,aiops2025,93,93,0.21505376,0.38948626,0.40860215,1,0.37634409,0.050632911,0.075,,,,,,
typed_two_stage,gemma-4-26b-a4b,Mv-Rv-Lv-Gv,aiops2025,93,93,0.25268817,0.42413381,0.43189964,1,0.44086022,0.050632911,0.05,,,,,,
typed_two_stage,gemma-4-26b-a4b,P,aiops2025,93,93,0.39426523,0.42383513,0.42114695,1,0.65591398,0.2278481,0.025,,,,,,
typed_two_stage,gemma-4-26b-a4b,V,aiops2025,93,93,0.27956989,0.43428913,0.4390681,1,0.39784946,0.18987342,0.05,,,,,,
typed_two_stage,gemma-4-26b-a4b,H,all_469,469,469,0.52523099,0.61146648,0.59843639,1,0.7782516,0.43847875,0.23659306,,,,,,
typed_two_stage,gemma-4-26b-a4b,Mt-Rt-Lt-Gt,all_469,469,469,0.54228856,0.60583985,0.55721393,0.9978678,0.88059701,0.40044743,0.17981073,,,,,,
typed_two_stage,gemma-4-26b-a4b,Mt-Rt-Lt-Gv,all_469,469,469,0.55401564,0.63663824,0.59808102,1,0.891258,0.41163311,0.20189274,,,,,,
typed_two_stage,gemma-4-26b-a4b,Mt-Rt-Lv-Gt,all_469,469,469,0.45664534,0.56372897,0.53909026,1,0.72707889,0.32885906,0.19242902,,,,,,
typed_two_stage,gemma-4-26b-a4b,Mt-Rt-Lv-Gv,all_469,469,469,0.46304193,0.58866382,0.5721393,1,0.73134328,0.34451902,0.17665615,,,,,,
typed_two_stage,gemma-4-26b-a4b,Mt-Rv-Lt-Gt,all_469,469,469,0.40405117,0.56289979,0.53909026,1,0.72707889,0.20805369,0.15772871,,,,,,
typed_two_stage,gemma-4-26b-a4b,Mt-Rv-Lt-Gv,all_469,469,469,0.39907605,0.57338308,0.5533049,1,0.71641791,0.1901566,0.16403785,,,,,,
typed_two_stage,gemma-4-26b-a4b,Mt-Rv-Lv-Gt,all_469,469,469,0.2416489,0.46381189,0.46695096,1,0.50319829,0.033557047,0.11356467,,,,,,
typed_two_stage,gemma-4-26b-a4b,Mt-Rv-Lv-Gv,all_469,469,469,0.24697939,0.473466,0.47405828,1,0.51599147,0.040268456,0.094637224,,,,,,
typed_two_stage,gemma-4-26b-a4b,Mv-Rt-Lt-Gt,all_469,469,469,0.46730633,0.53482587,0.50852878,0.9978678,0.74840085,0.37136465,0.13564669,,,,,,
typed_two_stage,gemma-4-26b-a4b,Mv-Rt-Lt-Gv,all_469,469,469,0.49928927,0.57113243,0.54406539,1,0.83795309,0.37807606,0.12302839,,,,,,
typed_two_stage,gemma-4-26b-a4b,Mv-Rt-Lv-Gt,all_469,469,469,0.32764748,0.44325989,0.45167022,1,0.48614072,0.27516779,0.12933754,,,,,,
typed_two_stage,gemma-4-26b-a4b,Mv-Rt-Lv-Gv,all_469,469,469,0.39658849,0.50722578,0.50639659,1,0.61407249,0.31543624,0.12302839,,,,,,
typed_two_stage,gemma-4-26b-a4b,Mv-Rv-Lt-Gt,all_469,469,469,0.32054016,0.48187633,0.4811656,1,0.56076759,0.19239374,0.097791798,,,,,,
typed_two_stage,gemma-4-26b-a4b,Mv-Rv-Lt-Gv,all_469,469,469,0.34328358,0.50675195,0.49502488,1,0.63539446,0.18791946,0.082018927,,,,,,
typed_two_stage,gemma-4-26b-a4b,Mv-Rv-Lv-Gt,all_469,469,469,0.17235252,0.38284767,0.39196873,1,0.37739872,0.026845638,0.03785489,,,,,,
typed_two_stage,gemma-4-26b-a4b,Mv-Rv-Lv-Gv,all_469,469,469,0.19296375,0.41494906,0.42146411,1,0.42004264,0.026845638,0.034700315,,,,,,
typed_two_stage,gemma-4-26b-a4b,P,all_469,469,469,0.36993603,0.42087183,0.37633262,0.9978678,0.7249467,0.17225951,0.063091483,,,,,,
typed_two_stage,gemma-4-26b-a4b,V,all_469,469,469,0.2249467,0.40541341,0.41613362,1,0.38379531,0.12751678,0.066246057,,,,,,
typed_two_stage,gemma-4-26b-a4b,H,headline_289,289,289,0.544406,0.62475971,0.60957324,1,0.78200692,0.42750929,0.23021583,,,,,,
typed_two_stage,gemma-4-26b-a4b,Mt-Rt-Lt-Gt,headline_289,289,289,0.57439446,0.6292772,0.58477509,0.99653979,0.88581315,0.39405204,0.18705036,,,,,,
typed_two_stage,gemma-4-26b-a4b,Mt-Rt-Lt-Gv,headline_289,289,289,0.58765859,0.6594579,0.62283737,1,0.89619377,0.40892193,0.22302158,,,,,,
typed_two_stage,gemma-4-26b-a4b,Mt-Rt-Lv-Gt,headline_289,289,289,0.47462514,0.57381776,0.55824683,1,0.68858131,0.34944238,0.20863309,,,,,,
typed_two_stage,gemma-4-26b-a4b,Mt-Rt-Lv-Gv,headline_289,289,289,0.49423299,0.60678585,0.59746251,1,0.71280277,0.36802974,0.20863309,,,,,,
typed_two_stage,gemma-4-26b-a4b,Mt-Rv-Lt-Gt,headline_289,289,289,0.42272203,0.56978085,0.5455594,1,0.72318339,0.20817844,0.13669065,,,,,,
typed_two_stage,gemma-4-26b-a4b,Mt-Rv-Lt-Gv,headline_289,289,289,0.42156863,0.58352557,0.56228374,1,0.72318339,0.18587361,0.14388489,,,,,,
typed_two_stage,gemma-4-26b-a4b,Mt-Rv-Lv-Gt,headline_289,289,289,0.24452134,0.45991926,0.46885813,1,0.47750865,0.037174721,0.10791367,,,,,,
typed_two_stage,gemma-4-26b-a4b,Mt-Rv-Lv-Gv,headline_289,289,289,0.25893887,0.47193387,0.47289504,1,0.50519031,0.040892193,0.086330935,,,,,,
typed_two_stage,gemma-4-26b-a4b,Mv-Rt-Lt-Gt,headline_289,289,289,0.49538639,0.55305652,0.52479815,1,0.76124567,0.35687732,0.14388489,,,,,,
typed_two_stage,gemma-4-26b-a4b,Mv-Rt-Lt-Gv,headline_289,289,289,0.51730104,0.57641292,0.5472895,1,0.83737024,0.34944238,0.10791367,,,,,,
typed_two_stage,gemma-4-26b-a4b,Mv-Rt-Lv-Gt,headline_289,289,289,0.35178777,0.45001922,0.46020761,1,0.48788927,0.28996283,0.15107914,,,,,,
typed_two_stage,gemma-4-26b-a4b,Mv-Rt-Lv-Gv,headline_289,289,289,0.42560554,0.51922338,0.52133795,1,0.61245675,0.33085502,0.12230216,,,,,,
typed_two_stage,gemma-4-26b-a4b,Mv-Rv-Lt-Gt,headline_289,289,289,0.33564014,0.48500577,0.47808535,1,0.56747405,0.17843866,0.071942446,,,,,,
typed_two_stage,gemma-4-26b-a4b,Mv-Rv-Lt-Gv,headline_289,289,289,0.35870819,0.50384468,0.49019608,1,0.63321799,0.17100372,0.064748201,,,,,,
typed_two_stage,gemma-4-26b-a4b,Mv-Rv-Lv-Gt,headline_289,289,289,0.17474048,0.36735871,0.37889273,1,0.35294118,0.022304833,0.028776978,,,,,,
typed_two_stage,gemma-4-26b-a4b,Mv-Rv-Lv-Gv,headline_289,289,289,0.21280277,0.41733948,0.42272203,1,0.41868512,0.033457249,0.035971223,,,,,,
typed_two_stage,gemma-4-26b-a4b,P,headline_289,289,289,0.39273356,0.42964245,0.38869666,1,0.71972318,0.17472119,0.028776978,,,,,,
typed_two_stage,gemma-4-26b-a4b,V,headline_289,289,289,0.24394464,0.41166859,0.42387543,1,0.38062284,0.13754647,0.071942446,,,,,,
typed_two_stage,gemma-4-26b-a4b,H,re2_ob,90,90,0.42592593,0.51234568,0.5,1,0.68888889,0.43333333,0.15555556,,,,,,
typed_two_stage,gemma-4-26b-a4b,Mt-Rt-Lt-Gt,re2_ob,90,90,0.43703704,0.50679012,0.44074074,1,0.81111111,0.37777778,0.12222222,,,,,,
typed_two_stage,gemma-4-26b-a4b,Mt-Rt-Lt-Gv,re2_ob,90,90,0.45555556,0.54567901,0.50185185,1,0.83333333,0.36666667,0.16666667,,,,,,
typed_two_stage,gemma-4-26b-a4b,Mt-Rt-Lv-Gt,re2_ob,90,90,0.34444444,0.47098765,0.43703704,1,0.67777778,0.21111111,0.14444444,,,,,,
typed_two_stage,gemma-4-26b-a4b,Mt-Rt-Lv-Gv,re2_ob,90,90,0.34444444,0.49938272,0.47037037,1,0.66666667,0.24444444,0.12222222,,,,,,
typed_two_stage,gemma-4-26b-a4b,Mt-Rv-Lt-Gt,re2_ob,90,90,0.37037037,0.51604938,0.49259259,1,0.7,0.24444444,0.16666667,,,,,,
typed_two_stage,gemma-4-26b-a4b,Mt-Rv-Lt-Gv,re2_ob,90,90,0.36296296,0.53333333,0.51296296,1,0.66666667,0.25555556,0.16666667,,,,,,
typed_two_stage,gemma-4-26b-a4b,Mt-Rv-Lv-Gt,re2_ob,90,90,0.2,0.43209877,0.42222222,1,0.48888889,0.022222222,0.088888889,,,,,,
typed_two_stage,gemma-4-26b-a4b,Mt-Rv-Lv-Gv,re2_ob,90,90,0.2,0.44567901,0.44444444,1,0.48888889,0.022222222,0.088888889,,,,,,
typed_two_stage,gemma-4-26b-a4b,Mv-Rt-Lt-Gt,re2_ob,90,90,0.38518519,0.4654321,0.43333333,0.98888889,0.68888889,0.36666667,0.1,,,,,,
typed_two_stage,gemma-4-26b-a4b,Mv-Rt-Lt-Gv,re2_ob,90,90,0.4,0.49012346,0.46851852,1,0.73333333,0.37777778,0.088888889,,,,,,
typed_two_stage,gemma-4-26b-a4b,Mv-Rt-Lv-Gt,re2_ob,90,90,0.23333333,0.39691358,0.4,1,0.43333333,0.2,0.066666667,,,,,,
typed_two_stage,gemma-4-26b-a4b,Mv-Rt-Lv-Gv,re2_ob,90,90,0.3037037,0.44753086,0.42777778,1,0.56666667,0.23333333,0.11111111,,,,,,
typed_two_stage,gemma-4-26b-a4b,Mv-Rv-Lt-Gt,re2_ob,90,90,0.28888889,0.44938272,0.45925926,1,0.52222222,0.24444444,0.1,,,,,,
typed_two_stage,gemma-4-26b-a4b,Mv-Rv-Lt-Gv,re2_ob,90,90,0.3,0.46419753,0.46481481,1,0.56666667,0.26666667,0.066666667,,,,,,
typed_two_stage,gemma-4-26b-a4b,Mv-Rv-Lv-Gt,re2_ob,90,90,0.15555556,0.38271605,0.38148148,1,0.4,0.033333333,0.033333333,,,,,,
typed_two_stage,gemma-4-26b-a4b,Mv-Rv-Lv-Gv,re2_ob,90,90,0.15555556,0.40617284,0.41111111,1,0.44444444,0.011111111,0.011111111,,,,,,
typed_two_stage,gemma-4-26b-a4b,P,re2_ob,90,90,0.32592593,0.38888889,0.33703704,0.98888889,0.72222222,0.16666667,0.088888889,,,,,,
typed_two_stage,gemma-4-26b-a4b,V,re2_ob,90,90,0.22222222,0.42345679,0.42962963,1,0.41111111,0.16666667,0.088888889,,,,,,
typed_two_stage,gemma-4-26b-a4b,H,re2_tt,90,90,0.56296296,0.66790123,0.66111111,1,0.85555556,0.47727273,0.32954545,,,,,,
typed_two_stage,gemma-4-26b-a4b,Mt-Rt-Lt-Gt,re2_tt,90,90,0.54444444,0.62962963,0.58518519,1,0.93333333,0.44318182,0.22727273,,,,,,
typed_two_stage,gemma-4-26b-a4b,Mt-Rt-Lt-Gv,re2_tt,90,90,0.54444444,0.65432099,0.61481481,1,0.93333333,0.46590909,0.20454545,,,,,,
typed_two_stage,gemma-4-26b-a4b,Mt-Rt-Lv-Gt,re2_tt,90,90,0.51111111,0.62407407,0.57962963,1,0.9,0.38636364,0.21590909,,,,,,
typed_two_stage,gemma-4-26b-a4b,Mt-Rt-Lv-Gv,re2_tt,90,90,0.48148148,0.61975309,0.59259259,1,0.85555556,0.375,0.18181818,,,,,,
typed_two_stage,gemma-4-26b-a4b,Mt-Rv-Lt-Gt,re2_tt,90,90,0.37777778,0.58765432,0.56481481,1,0.76666667,0.17045455,0.18181818,,,,,,
typed_two_stage,gemma-4-26b-a4b,Mt-Rv-Lt-Gv,re2_tt,90,90,0.36296296,0.5808642,0.56481481,1,0.74444444,0.13636364,0.19318182,,,,,,
typed_two_stage,gemma-4-26b-a4b,Mt-Rv-Lv-Gt,re2_tt,90,90,0.27407407,0.50802469,0.50555556,1,0.6,0.034090909,0.14772727,,,,,,
typed_two_stage,gemma-4-26b-a4b,Mt-Rv-Lv-Gv,re2_tt,90,90,0.25555556,0.50617284,0.50740741,1,0.57777778,0.056818182,0.11363636,,,,,,
typed_two_stage,gemma-4-26b-a4b,Mv-Rt-Lt-Gt,re2_tt,90,90,0.45925926,0.54567901,0.53148148,1,0.76666667,0.42045455,0.15909091,,,,,,
typed_two_stage,gemma-4-26b-a4b,Mv-Rt-Lt-Gv,re2_tt,90,90,0.54074074,0.63518519,0.60925926,1,0.94444444,0.46590909,0.18181818,,,,,,
typed_two_stage,gemma-4-26b-a4b,Mv-Rt-Lv-Gt,re2_tt,90,90,0.34444444,0.46790123,0.47592593,1,0.53333333,0.30681818,0.15909091,,,,,,
typed_two_stage,gemma-4-26b-a4b,Mv-Rt-Lv-Gv,re2_tt,90,90,0.3962963,0.52839506,0.53703704,1,0.66666667,0.35227273,0.13636364,,,,,,
typed_two_stage,gemma-4-26b-a4b,Mv-Rv-Lt-Gt,re2_tt,90,90,0.3037037,0.50432099,0.51296296,1,0.57777778,0.18181818,0.13636364,,,,,,
typed_two_stage,gemma-4-26b-a4b,Mv-Rv-Lt-Gv,re2_tt,90,90,0.33703704,0.55864198,0.54074074,1,0.71111111,0.15909091,0.125,,,,,,
typed_two_stage,gemma-4-26b-a4b,Mv-Rv-Lv-Gt,re2_tt,90,90,0.18148148,0.43271605,0.44444444,1,0.43333333,0.034090909,0.056818182,,,,,,
typed_two_stage,gemma-4-26b-a4b,Mv-Rv-Lv-Gv,re2_tt,90,90,0.16666667,0.41604938,0.42777778,1,0.4,0.022727273,0.056818182,,,,,,
typed_two_stage,gemma-4-26b-a4b,P,re2_tt,90,90,0.34074074,0.42469136,0.37592593,1,0.74444444,0.17045455,0.090909091,,,,,,
typed_two_stage,gemma-4-26b-a4b,V,re2_tt,90,90,0.16666667,0.36728395,0.37777778,1,0.36666667,0.056818182,0.034090909,,,,,,
typed_two_stage,qwen3.6-27b,H,aegislab,96,96,0.40798611,0.55613426,0.54513889,1,0.66666667,0.2,0.32894737,,,,,,
typed_two_stage,qwen3.6-27b,Mt-Rt-Lt-Gt,aegislab,96,96,0.36805556,0.48668981,0.46527778,1,0.65625,0.17894737,0.21052632,,,,,,
typed_two_stage,qwen3.6-27b,Mt-Rt-Lt-Gv,aegislab,96,96,0.36458333,0.4994213,0.47743056,1,0.64583333,0.17894737,0.22368421,,,,,,
typed_two_stage,qwen3.6-27b,Mt-Rt-Lv-Gt,aegislab,96,96,0.375,0.50549769,0.49305556,1,0.64583333,0.17894737,0.26315789,,,,,,
typed_two_stage,qwen3.6-27b,Mt-Rt-Lv-Gv,aegislab,96,96,0.34722222,0.47569444,0.46875,1,0.625,0.15789474,0.21052632,,,,,,
typed_two_stage,qwen3.6-27b,Mt-Rv-Lt-Gt,aegislab,96,96,0.30729167,0.49305556,0.49479167,1,0.57291667,0.10526316,0.21052632,,,,,,
typed_two_stage,qwen3.6-27b,Mt-Rv-Lt-Gv,aegislab,96,96,0.27256944,0.44444444,0.44270833,1,0.53125,0.094736842,0.19736842,,,,,,
typed_two_stage,qwen3.6-27b,Mt-Rv-Lv-Gt,aegislab,96,96,0.296875,0.49739583,0.50694444,1,0.57291667,0.11578947,0.18421053,,,,,,
typed_two_stage,qwen3.6-27b,Mt-Rv-Lv-Gv,aegislab,96,96,0.27604167,0.46701389,0.45486111,1,0.57291667,0.094736842,0.13157895,,,,,,
typed_two_stage,qwen3.6-27b,Mv-Rt-Lt-Gt,aegislab,96,96,0.38368056,0.5162037,0.484375,1,0.67708333,0.21052632,0.21052632,,,,,,
typed_two_stage,qwen3.6-27b,Mv-Rt-Lt-Gv,aegislab,96,96,0.38020833,0.51793981,0.48784722,1,0.6875,0.2,0.19736842,,,,,,
typed_two_stage,qwen3.6-27b,Mv-Rt-Lv-Gt,aegislab,96,96,0.40277778,0.53790509,0.51388889,1,0.6875,0.22105263,0.25,,,,,,
typed_two_stage,qwen3.6-27b,Mv-Rt-Lv-Gv,aegislab,96,96,0.390625,0.52372685,0.49305556,1,0.67708333,0.21052632,0.23684211,,,,,,
typed_two_stage,qwen3.6-27b,Mv-Rv-Lt-Gt,aegislab,96,96,0.27083333,0.47627315,0.48090278,1,0.53125,0.094736842,0.18421053,,,,,,
typed_two_stage,qwen3.6-27b,Mv-Rv-Lt-Gv,aegislab,96,96,0.33680556,0.51446759,0.50173611,1,0.61458333,0.16842105,0.19736842,,,,,,
typed_two_stage,qwen3.6-27b,Mv-Rv-Lv-Gt,aegislab,96,96,0.34201389,0.5396412,0.53125,1,0.63541667,0.13684211,0.21052632,,,,,,
typed_two_stage,qwen3.6-27b,Mv-Rv-Lv-Gv,aegislab,96,96,0.38194444,0.56741898,0.54340278,1,0.6875,0.17894737,0.22368421,,,,,,
typed_two_stage,qwen3.6-27b,P,aegislab,96,96,0.35069444,0.45891204,0.41493056,1,0.65625,0.17894737,0.15789474,,,,,,
typed_two_stage,qwen3.6-27b,V,aegislab,96,96,0.36284722,0.50665509,0.47048611,1,0.66666667,0.21052632,0.17105263,,,,,,
typed_two_stage,qwen3.6-27b,H,aiops2022,100,100,0.52,0.57527778,0.56833333,1,0.62,0.48958333,0,,,,,,
typed_two_stage,qwen3.6-27b,Mt-Rt-Lt-Gt,aiops2022,100,100,0.41833333,0.46888889,0.445,1,0.6,0.27083333,0.055555556,,,,,,
typed_two_stage,qwen3.6-27b,Mt-Rt-Lt-Gv,aiops2022,100,100,0.425,0.47333333,0.45166667,1,0.57,0.32291667,0,,,,,,
typed_two_stage,qwen3.6-27b,Mt-Rt-Lv-Gt,aiops2022,100,100,0.515,0.58444444,0.59166667,1,0.62,0.46875,0,,,,,,
typed_two_stage,qwen3.6-27b,Mt-Rt-Lv-Gv,aiops2022,100,100,0.495,0.55111111,0.56166667,1,0.59,0.45833333,0,,,,,,
typed_two_stage,qwen3.6-27b,Mt-Rv-Lt-Gt,aiops2022,100,100,0.37666667,0.46166667,0.44,1,0.57,0.21875,0,,,,,,
typed_two_stage,qwen3.6-27b,Mt-Rv-Lt-Gv,aiops2022,100,100,0.35,0.43527778,0.42166667,1,0.52,0.21875,0,,,,,,
typed_two_stage,qwen3.6-27b,Mt-Rv-Lv-Gt,aiops2022,100,100,0.335,0.45055556,0.43666667,1,0.52,0.17708333,0,,,,,,
typed_two_stage,qwen3.6-27b,Mt-Rv-Lv-Gv,aiops2022,100,100,0.34,0.44694444,0.445,1,0.47,0.25,0.055555556,,,,,,
typed_two_stage,qwen3.6-27b,Mv-Rt-Lt-Gt,aiops2022,100,100,0.44666667,0.49666667,0.465,1,0.63,0.3125,0,,,,,,
typed_two_stage,qwen3.6-27b,Mv-Rt-Lt-Gv,aiops2022,100,100,0.46166667,0.51222222,0.49333333,1,0.61,0.36458333,0.055555556,,,,,,
typed_two_stage,qwen3.6-27b,Mv-Rt-Lv-Gt,aiops2022,100,100,0.54,0.61111111,0.61,1,0.65,0.5,0,,,,,,
typed_two_stage,qwen3.6-27b,Mv-Rt-Lv-Gv,aiops2022,100,100,0.53,0.59305556,0.59833333,1,0.63,0.5,0,,,,,,
typed_two_stage,qwen3.6-27b,Mv-Rv-Lt-Gt,aiops2022,100,100,0.38166667,0.47833333,0.46666667,1,0.56,0.22916667,0.11111111,,,,,,
typed_two_stage,qwen3.6-27b,Mv-Rv-Lt-Gv,aiops2022,100,100,0.36333333,0.46083333,0.45166667,1,0.53,0.23958333,0.055555556,,,,,,
typed_two_stage,qwen3.6-27b,Mv-Rv-Lv-Gt,aiops2022,100,100,0.405,0.51194444,0.50833333,1,0.55,0.29166667,0,,,,,,
typed_two_stage,qwen3.6-27b,Mv-Rv-Lv-Gv,aiops2022,100,100,0.40833333,0.51861111,0.525,1,0.53,0.33333333,0.055555556,,,,,,
typed_two_stage,qwen3.6-27b,P,aiops2022,100,100,0.35666667,0.41277778,0.39666667,1,0.51,0.23958333,0,,,,,,
typed_two_stage,qwen3.6-27b,V,aiops2022,100,100,0.48333333,0.54027778,0.54833333,1,0.59,0.4375,0,,,,,,
typed_two_stage,qwen3.6-27b,H,aiops2025,93,93,0.53225806,0.62843489,0.63799283,1,0.69892473,0.51282051,0.20454545,,,,,,
typed_two_stage,qwen3.6-27b,Mt-Rt-Lt-Gt,aiops2025,93,93,0.48566308,0.57258065,0.5734767,1,0.69892473,0.35897436,0.22727273,,,,,,
typed_two_stage,qwen3.6-27b,Mt-Rt-Lt-Gv,aiops2025,93,93,0.48924731,0.57526882,0.5609319,1,0.69892473,0.41025641,0.15909091,,,,,,
typed_two_stage,qwen3.6-27b,Mt-Rt-Lv-Gt,aiops2025,93,93,0.46953405,0.57019116,0.57168459,1,0.69892473,0.34615385,0.15909091,,,,,,
typed_two_stage,qwen3.6-27b,Mt-Rt-Lv-Gv,aiops2025,93,93,0.46953405,0.56272401,0.56272401,1,0.69892473,0.33333333,0.18181818,,,,,,
typed_two_stage,qwen3.6-27b,Mt-Rv-Lt-Gt,aiops2025,93,93,0.37634409,0.49253286,0.49283154,1,0.60215054,0.17948718,0.18181818,,,,,,
typed_two_stage,qwen3.6-27b,Mt-Rv-Lt-Gv,aiops2025,93,93,0.34946237,0.46385902,0.45878136,1,0.60215054,0.17948718,0.068181818,,,,,,
typed_two_stage,qwen3.6-27b,Mt-Rv-Lv-Gt,aiops2025,93,93,0.32078853,0.44982079,0.44982079,1,0.56989247,0.11538462,0.090909091,,,,,,
typed_two_stage,qwen3.6-27b,Mt-Rv-Lv-Gv,aiops2025,93,93,0.36200717,0.49074074,0.48924731,1,0.61290323,0.20512821,0.068181818,,,,,,
typed_two_stage,qwen3.6-27b,Mv-Rt-Lt-Gt,aiops2025,93,93,0.54121864,0.63679809,0.62365591,1,0.7311828,0.5,0.11363636,,,,,,
typed_two_stage,qwen3.6-27b,Mv-Rt-Lt-Gv,aiops2025,93,93,0.54301075,0.63560335,0.62544803,1,0.72043011,0.5,0.20454545,,,,,,
typed_two_stage,qwen3.6-27b,Mv-Rt-Lv-Gt,aiops2025,93,93,0.52329749,0.63201912,0.61648746,1,0.7311828,0.42307692,0.20454545,,,,,,
typed_two_stage,qwen3.6-27b,Mv-Rt-Lv-Gv,aiops2025,93,93,0.5125448,0.62485066,0.61648746,1,0.72043011,0.41025641,0.20454545,,,,,,
typed_two_stage,qwen3.6-27b,Mv-Rv-Lt-Gt,aiops2025,93,93,0.41218638,0.55167264,0.5609319,1,0.60215054,0.26923077,0.13636364,,,,,,
typed_two_stage,qwen3.6-27b,Mv-Rv-Lt-Gv,aiops2025,93,93,0.43010753,0.55585424,0.56272401,1,0.59139785,0.38461538,0.13636364,,,,,,
typed_two_stage,qwen3.6-27b,Mv-Rv-Lv-Gt,aiops2025,93,93,0.44265233,0.57795699,0.56630824,1,0.67741935,0.32051282,0.13636364,,,,,,
typed_two_stage,qwen3.6-27b,Mv-Rv-Lv-Gv,aiops2025,93,93,0.45878136,0.58482676,0.58422939,1,0.62365591,0.41025641,0.15909091,,,,,,
typed_two_stage,qwen3.6-27b,P,aiops2025,93,93,0.39247312,0.45908005,0.47311828,1,0.55913978,0.3974359,0.022727273,,,,,,
typed_two_stage,qwen3.6-27b,V,aiops2025,93,93,0.51792115,0.61857826,0.60394265,1,0.68817204,0.52564103,0.18181818,,,,,,
typed_two_stage,qwen3.6-27b,H,all_469,469,469,0.43958778,0.54761905,0.54406539,1,0.64818763,0.34375,0.21835443,,,,,,
typed_two_stage,qwen3.6-27b,Mt-Rt-Lt-Gt,all_469,469,469,0.38308458,0.47299218,0.45984364,1,0.63752665,0.24553571,0.15506329,,,,,,
typed_two_stage,qwen3.6-27b,Mt-Rt-Lt-Gv,all_469,469,469,0.39658849,0.49040512,0.47583511,1,0.62899787,0.28125,0.17721519,,,,,,
typed_two_stage,qwen3.6-27b,Mt-Rt-Lv-Gt,all_469,469,469,0.4047619,0.5149846,0.51208244,1,0.63965885,0.28125,0.17405063,,,,,,
typed_two_stage,qwen3.6-27b,Mt-Rt-Lv-Gv,all_469,469,469,0.39694385,0.50130301,0.50426439,1,0.62899787,0.27455357,0.17088608,,,,,,
typed_two_stage,qwen3.6-27b,Mt-Rv-Lt-Gt,all_469,469,469,0.30952381,0.44835347,0.44776119,1,0.55223881,0.14732143,0.12974684,,,,,,
typed_two_stage,qwen3.6-27b,Mt-Rv-Lt-Gv,all_469,469,469,0.29211087,0.41998342,0.41968728,1,0.52025586,0.15848214,0.11392405,,,,,,
typed_two_stage,qwen3.6-27b,Mt-Rv-Lv-Gt,all_469,469,469,0.28571429,0.45190713,0.45806681,1,0.53091684,0.12053571,0.12025316,,,,,,
typed_two_stage,qwen3.6-27b,Mt-Rv-Lv-Gv,all_469,469,469,0.30845771,0.45824449,0.460199,1,0.53731343,0.18303571,0.12341772,,,,,,
typed_two_stage,qwen3.6-27b,Mv-Rt-Lt-Gt,all_469,469,469,0.4257285,0.5226842,0.49964463,1,0.67164179,0.30803571,0.17721519,,,,,,
typed_two_stage,qwen3.6-27b,Mv-Rt-Lt-Gv,all_469,469,469,0.41933191,0.51936745,0.50142146,1,0.66098081,0.30803571,0.17088608,,,,,,
typed_two_stage,qwen3.6-27b,Mv-Rt-Lv-Gt,all_469,469,469,0.43887704,0.55685856,0.54371002,1,0.67590618,0.32142857,0.19303797,,,,,,
typed_two_stage,qwen3.6-27b,Mv-Rt-Lv-Gv,all_469,469,469,0.43212509,0.54832978,0.53411514,1,0.67164179,0.32142857,0.17721519,,,,,,
typed_two_stage,qwen3.6-27b,Mv-Rv-Lt-Gt,all_469,469,469,0.30916844,0.46920161,0.47370291,1,0.53518124,0.16517857,0.12341772,,,,,,
typed_two_stage,qwen3.6-27b,Mv-Rv-Lt-Gv,all_469,469,469,0.34221748,0.48063255,0.48045487,1,0.55223881,0.23660714,0.15189873,,,,,,
typed_two_stage,qwen3.6-27b,Mv-Rv-Lv-Gt,all_469,469,469,0.33901919,0.50852878,0.50710732,1,0.58208955,0.18973214,0.13291139,,,,,,
typed_two_stage,qwen3.6-27b,Mv-Rv-Lv-Gv,all_469,469,469,0.36744847,0.52209192,0.52132196,1,0.58635394,0.25892857,0.15189873,,,,,,
typed_two_stage,qwen3.6-27b,P,all_469,469,469,0.34328358,0.42347785,0.40085288,1,0.59488273,0.24107143,0.088607595,,,,,,
typed_two_stage,qwen3.6-27b,V,all_469,469,469,0.40120824,0.5199005,0.50817342,1,0.63113006,0.32589286,0.12341772,,,,,,
typed_two_stage,qwen3.6-27b,H,headline_289,289,289,0.48673587,0.58602461,0.58304498,1,0.66089965,0.39405204,0.24637681,,,,,,
typed_two_stage,qwen3.6-27b,Mt-Rt-Lt-Gt,headline_289,289,289,0.42329873,0.50816993,0.49307958,1,0.65051903,0.26394052,0.19565217,,,,,,
typed_two_stage,qwen3.6-27b,Mt-Rt-Lt-Gv,headline_289,289,289,0.42560554,0.514802,0.49538639,1,0.6366782,0.29739777,0.17391304,,,,,,
typed_two_stage,qwen3.6-27b,Mt-Rt-Lv-Gt,headline_289,289,289,0.4538639,0.55363322,0.55247982,1,0.65397924,0.33085502,0.19565217,,,,,,
typed_two_stage,qwen3.6-27b,Mt-Rt-Lv-Gv,headline_289,289,289,0.43771626,0.52979623,0.53114187,1,0.6366782,0.31598513,0.17391304,,,,,,
typed_two_stage,qwen3.6-27b,Mt-Rv-Lt-Gt,headline_289,289,289,0.35351788,0.48202614,0.47520185,1,0.58131488,0.16728625,0.17391304,,,,,,
typed_two_stage,qwen3.6-27b,Mt-Rv-Lt-Gv,headline_289,289,289,0.32410611,0.44752018,0.44059977,1,0.55017301,0.16356877,0.13043478,,,,,,
typed_two_stage,qwen3.6-27b,Mt-Rv-Lv-Gt,headline_289,289,289,0.3177624,0.46587851,0.46424452,1,0.55363322,0.13754647,0.13043478,,,,,,
typed_two_stage,qwen3.6-27b,Mt-Rv-Lv-Gv,headline_289,289,289,0.32583622,0.46770473,0.46251442,1,0.55017301,0.18215613,0.10144928,,,,,,
typed_two_stage,qwen3.6-27b,Mv-Rt-Lt-Gt,headline_289,289,289,0.4561707,0.54825067,0.52249135,1,0.67820069,0.33085502,0.15217391,,,,,,
typed_two_stage,qwen3.6-27b,Mv-Rt-Lt-Gv,headline_289,289,289,0.46078431,0.55382545,0.53402537,1,0.67128028,0.34572491,0.18115942,,,,,,
typed_two_stage,qwen3.6-27b,Mv-Rt-Lv-Gt,headline_289,289,289,0.48904268,0.59352172,0.58016148,1,0.68858131,0.37918216,0.20289855,,,,,,
typed_two_stage,qwen3.6-27b,Mv-Rt-Lv-Gv,headline_289,289,289,0.47808535,0.58025759,0.56920415,1,0.67474048,0.37174721,0.19565217,,,,,,
typed_two_stage,qwen3.6-27b,Mv-Rv-Lt-Gt,headline_289,289,289,0.35467128,0.50124952,0.5017301,1,0.56401384,0.19330855,0.15942029,,,,,,
typed_two_stage,qwen3.6-27b,Mv-Rv-Lt-Gv,headline_289,289,289,0.37600923,0.50922722,0.50403691,1,0.57785467,0.25650558,0.15942029,,,,,,
typed_two_stage,qwen3.6-27b,Mv-Rv-Lv-Gt,headline_289,289,289,0.39619377,0.54238754,0.53460208,1,0.61937716,0.24535316,0.15942029,,,,,,
typed_two_stage,qwen3.6-27b,Mv-Rv-Lv-Gv,headline_289,289,289,0.41580161,0.55613226,0.55017301,1,0.61245675,0.30111524,0.18115942,,,,,,
typed_two_stage,qwen3.6-27b,P,headline_289,289,289,0.36620531,0.44300269,0.42733564,1,0.57439446,0.26394052,0.094202899,,,,,,
typed_two_stage,qwen3.6-27b,V,headline_289,289,289,0.4544406,0.55430604,0.54036909,1,0.64705882,0.38289963,0.15217391,,,,,,
typed_two_stage,qwen3.6-27b,H,re2_ob,90,90,0.35555556,0.4845679,0.46851852,1,0.64444444,0.25555556,0.16666667,,,,,,
typed_two_stage,qwen3.6-27b,Mt-Rt-Lt-Gt,re2_ob,90,90,0.31851852,0.41604938,0.40185185,1,0.63333333,0.21111111,0.11111111,,,,,,
typed_two_stage,qwen3.6-27b,Mt-Rt-Lt-Gv,re2_ob,90,90,0.34444444,0.4617284,0.44259259,1,0.65555556,0.24444444,0.13333333,,,,,,
typed_two_stage,qwen3.6-27b,Mt-Rt-Lv-Gt,re2_ob,90,90,0.32962963,0.44753086,0.42962963,1,0.65555556,0.18888889,0.14444444,,,,,,
typed_two_stage,qwen3.6-27b,Mt-Rt-Lv-Gv,re2_ob,90,90,0.31481481,0.43209877,0.41666667,1,0.64444444,0.17777778,0.12222222,,,,,,
typed_two_stage,qwen3.6-27b,Mt-Rv-Lt-Gt,re2_ob,90,90,0.24444444,0.39382716,0.4037037,1,0.5,0.15555556,0.077777778,,,,,,
typed_two_stage,qwen3.6-27b,Mt-Rv-Lt-Gv,re2_ob,90,90,0.23703704,0.37283951,0.37777778,1,0.46666667,0.15555556,0.088888889,,,,,,
typed_two_stage,qwen3.6-27b,Mt-Rv-Lv-Gt,re2_ob,90,90,0.23333333,0.39876543,0.41666667,1,0.47777778,0.11111111,0.11111111,,,,,,
typed_two_stage,qwen3.6-27b,Mt-Rv-Lv-Gv,re2_ob,90,90,0.24814815,0.3962963,0.4,1,0.48888889,0.16666667,0.088888889,,,,,,
typed_two_stage,qwen3.6-27b,Mv-Rt-Lt-Gt,re2_ob,90,90,0.39259259,0.50246914,0.47962963,1,0.7,0.27777778,0.2,,,,,,
typed_two_stage,qwen3.6-27b,Mv-Rt-Lt-Gv,re2_ob,90,90,0.34074074,0.46604938,0.44074074,1,0.66666667,0.22222222,0.13333333,,,,,,
typed_two_stage,qwen3.6-27b,Mv-Rt-Lv-Gt,re2_ob,90,90,0.35925926,0.49753086,0.47777778,1,0.68888889,0.22222222,0.16666667,,,,,,
typed_two_stage,qwen3.6-27b,Mv-Rt-Lv-Gv,re2_ob,90,90,0.35185185,0.48888889,0.44444444,1,0.7,0.21111111,0.14444444,,,,,,
typed_two_stage,qwen3.6-27b,Mv-Rv-Lt-Gt,re2_ob,90,90,0.24074074,0.42407407,0.43888889,1,0.46666667,0.14444444,0.11111111,,,,,,
typed_two_stage,qwen3.6-27b,Mv-Rv-Lt-Gv,re2_ob,90,90,0.26666667,0.41481481,0.42407407,1,0.48888889,0.17777778,0.13333333,,,,,,
typed_two_stage,qwen3.6-27b,Mv-Rv-Lv-Gt,re2_ob,90,90,0.23333333,0.43148148,0.44074074,1,0.48888889,0.11111111,0.1,,,,,,
typed_two_stage,qwen3.6-27b,Mv-Rv-Lv-Gv,re2_ob,90,90,0.26296296,0.43209877,0.43703704,1,0.51111111,0.15555556,0.12222222,,,,,,
typed_two_stage,qwen3.6-27b,P,re2_ob,90,90,0.31481481,0.40185185,0.36851852,1,0.65555556,0.2,0.088888889,,,,,,
typed_two_stage,qwen3.6-27b,V,re2_ob,90,90,0.27777778,0.4154321,0.40740741,1,0.55555556,0.18888889,0.088888889,,,,,,
typed_two_stage,qwen3.6-27b,H,re2_tt,90,90,0.37222222,0.48734568,0.49444444,1,0.61111111,0.28089888,0.22727273,,,,,,
typed_two_stage,qwen3.6-27b,Mt-Rt-Lt-Gt,re2_tt,90,90,0.31851852,0.41697531,0.41111111,1,0.6,0.2247191,0.13636364,,,,,,
typed_two_stage,qwen3.6-27b,Mt-Rt-Lt-Gv,re2_tt,90,90,0.35555556,0.44074074,0.4462963,1,0.57777778,0.26966292,0.22727273,,,,,,
typed_two_stage,qwen3.6-27b,Mt-Rt-Lv-Gt,re2_tt,90,90,0.32222222,0.45833333,0.46481481,1,0.57777778,0.2247191,0.17045455,,,,,,
typed_two_stage,qwen3.6-27b,Mt-Rt-Lv-Gv,re2_tt,90,90,0.34814815,0.47901235,0.50555556,1,0.58888889,0.24719101,0.21590909,,,,,,
typed_two_stage,qwen3.6-27b,Mt-Rv-Lt-Gt,re2_tt,90,90,0.23333333,0.39475309,0.4037037,1,0.51111111,0.078651685,0.11363636,,,,,,
typed_two_stage,qwen3.6-27b,Mt-Rv-Lt-Gv,re2_tt,90,90,0.24444444,0.3787037,0.39444444,1,0.47777778,0.14606742,0.11363636,,,,,,
typed_two_stage,qwen3.6-27b,Mt-Rv-Lv-Gt,re2_tt,90,90,0.23518519,0.46018519,0.47962963,1,0.51111111,0.078651685,0.11363636,,,,,,
typed_two_stage,qwen3.6-27b,Mt-Rv-Lv-Gv,re2_tt,90,90,0.31296296,0.48981481,0.51296296,1,0.54444444,0.20224719,0.19318182,,,,,,
typed_two_stage,qwen3.6-27b,Mv-Rt-Lt-Gt,re2_tt,90,90,0.36111111,0.46080247,0.4462963,1,0.62222222,0.26966292,0.19318182,,,,,,
typed_two_stage,qwen3.6-27b,Mv-Rt-Lt-Gv,re2_tt,90,90,0.36481481,0.46203704,0.45740741,1,0.62222222,0.28089888,0.19318182,,,,,,
typed_two_stage,qwen3.6-27b,Mv-Rt-Lv-Gt,re2_tt,90,90,0.35740741,0.49845679,0.49259259,1,0.62222222,0.24719101,0.20454545,,,,,,
typed_two_stage,qwen3.6-27b,Mv-Rt-Lv-Gv,re2_tt,90,90,0.36481481,0.50524691,0.51111111,1,0.63333333,0.28089888,0.18181818,,,,,,
typed_two_stage,qwen3.6-27b,Mv-Rv-Lt-Gt,re2_tt,90,90,0.23148148,0.41141975,0.41851852,1,0.51111111,0.1011236,0.079545455,,,,,,
typed_two_stage,qwen3.6-27b,Mv-Rv-Lt-Gv,re2_tt,90,90,0.30925926,0.45462963,0.46111111,1,0.53333333,0.23595506,0.15909091,,,,,,
typed_two_stage,qwen3.6-27b,Mv-Rv-Lv-Gt,re2_tt,90,90,0.26111111,0.47685185,0.48518519,1,0.55555556,0.1011236,0.125,,,,,,
typed_two_stage,qwen3.6-27b,Mv-Rv-Lv-Gv,re2_tt,90,90,0.31666667,0.50277778,0.51296296,1,0.57777778,0.23595506,0.13636364,,,,,,
typed_two_stage,qwen3.6-27b,P,re2_tt,90,90,0.29814815,0.38240741,0.34814815,1,0.6,0.21348315,0.079545455,,,,,,
typed_two_stage,qwen3.6-27b,V,re2_tt,90,90,0.3537037,0.51388889,0.50555556,1,0.65555556,0.29213483,0.11363636,,,,,,
typed_two_stage,qwen3.8-27b,H,aegislab,96,96,0.37673611,0.48900463,0.47395833,1,0.70833333,0.16666667,0.24175824,,,,,,
typed_two_stage,qwen3.8-27b,Mt-Rt-Lt-Gt,aegislab,96,96,0.30208333,0.38859954,0.36805556,1,0.65625,0.125,0.10989011,,,,,,
typed_two_stage,qwen3.8-27b,Mt-Rt-Lt-Gv,aegislab,96,96,0.32986111,0.42332176,0.41319444,1,0.66666667,0.14583333,0.16483516,,,,,,
typed_two_stage,qwen3.8-27b,Mt-Rt-Lv-Gt,aegislab,96,96,0.31944444,0.45167824,0.43576389,1,0.65625,0.15625,0.13186813,,,,,,
typed_two_stage,qwen3.8-27b,Mt-Rt-Lv-Gv,aegislab,96,96,0.33159722,0.45399306,0.44270833,1,0.65625,0.17708333,0.15384615,,,,,,
typed_two_stage,qwen3.8-27b,Mt-Rv-Lt-Gt,aegislab,96,96,0.22916667,0.35416667,0.35243056,1,0.48958333,0.083333333,0.10989011,,,,,,
typed_two_stage,qwen3.8-27b,Mt-Rv-Lt-Gv,aegislab,96,96,0.22916667,0.35127315,0.35243056,1,0.48958333,0.09375,0.098901099,,,,,,
typed_two_stage,qwen3.8-27b,Mt-Rv-Lv-Gt,aegislab,96,96,0.23263889,0.40509259,0.41145833,1,0.5,0.10416667,0.087912088,,,,,,
typed_two_stage,qwen3.8-27b,Mt-Rv-Lv-Gv,aegislab,96,96,0.28125,0.44241898,0.46006944,1,0.53125,0.15625,0.15384615,,,,,,
typed_two_stage,qwen3.8-27b,Mv-Rt-Lt-Gt,aegislab,96,96,0.35243056,0.44618056,0.42708333,1,0.71875,0.16666667,0.15384615,,,,,,
typed_two_stage,qwen3.8-27b,Mv-Rt-Lt-Gv,aegislab,96,96,0.33506944,0.45167824,0.43402778,1,0.6875,0.14583333,0.15384615,,,,,,
typed_two_stage,qwen3.8-27b,Mv-Rt-Lv-Gt,aegislab,96,96,0.34548611,0.4681713,0.44791667,1,0.65625,0.17708333,0.17582418,,,,,,
typed_two_stage,qwen3.8-27b,Mv-Rt-Lv-Gv,aegislab,96,96,0.37673611,0.51302083,0.49305556,1,0.70833333,0.21875,0.18681319,,,,,,
typed_two_stage,qwen3.8-27b,Mv-Rv-Lt-Gt,aegislab,96,96,0.26215278,0.40393519,0.38888889,1,0.55208333,0.10416667,0.12087912,,,,,,
typed_two_stage,qwen3.8-27b,Mv-Rv-Lt-Gv,aegislab,96,96,0.265625,0.39351852,0.38888889,1,0.52083333,0.14583333,0.12087912,,,,,,
typed_two_stage,qwen3.8-27b,Mv-Rv-Lv-Gt,aegislab,96,96,0.25173611,0.43373843,0.42361111,1,0.54166667,0.11458333,0.087912088,,,,,,
typed_two_stage,qwen3.8-27b,Mv-Rv-Lv-Gv,aegislab,96,96,0.29340278,0.47164352,0.46180556,1,0.59375,0.14583333,0.13186813,,,,,,
typed_two_stage,qwen3.8-27b,P,aegislab,96,96,0.32291667,0.40190972,0.35590278,1,0.70833333,0.14583333,0.098901099,,,,,,
typed_two_stage,qwen3.8-27b,V,aegislab,96,96,0.30381944,0.4603588,0.45659722,1,0.59375,0.17708333,0.12087912,,,,,,
typed_two_stage,qwen3.8-27b,H,aiops2022,100,100,0.67666667,0.73916667,0.72166667,1,0.89,0.5625,0.086956522,,,,,,
typed_two_stage,qwen3.8-27b,Mt-Rt-Lt-Gt,aiops2022,100,100,0.60833333,0.66666667,0.65333333,1,0.85,0.45833333,0.043478261,,,,,,
typed_two_stage,qwen3.8-27b,Mt-Rt-Lt-Gv,aiops2022,100,100,0.58333333,0.63833333,0.62,1,0.83,0.42708333,0.043478261,,,,,,
typed_two_stage,qwen3.8-27b,Mt-Rt-Lv-Gt,aiops2022,100,100,0.63166667,0.69361111,0.685,1,0.82,0.54166667,0.043478261,,,,,,
typed_two_stage,qwen3.8-27b,Mt-Rt-Lv-Gv,aiops2022,100,100,0.59166667,0.65888889,0.635,1,0.82,0.44791667,0.043478261,,,,,,
typed_two_stage,qwen3.8-27b,Mt-Rv-Lt-Gt,aiops2022,100,100,0.55,0.62472222,0.605,1,0.83,0.36458333,0,,,,,,
typed_two_stage,qwen3.8-27b,Mt-Rv-Lt-Gv,aiops2022,100,100,0.53333333,0.59833333,0.565,1,0.83,0.32291667,0.043478261,,,,,,
typed_two_stage,qwen3.8-27b,Mt-Rv-Lv-Gt,aiops2022,100,100,0.565,0.65138889,0.63,1,0.81,0.39583333,0.043478261,,,,,,
typed_two_stage,qwen3.8-27b,Mt-Rv-Lv-Gv,aiops2022,100,100,0.605,0.67416667,0.655,1,0.8,0.5,0.043478261,,,,,,
typed_two_stage,qwen3.8-27b,Mv-Rt-Lt-Gt,aiops2022,100,100,0.64333333,0.70027778,0.67333333,1,0.89,0.47916667,0.043478261,,,,,,
typed_two_stage,qwen3.8-27b,Mv-Rt-Lt-Gv,aiops2022,100,100,0.64166667,0.70027778,0.67333333,1,0.9,0.48958333,0.043478261,,,,,,
typed_two_stage,qwen3.8-27b,Mv-Rt-Lv-Gt,aiops2022,100,100,0.665,0.74305556,0.72,1,0.89,0.53125,0.043478261,,,,,,
typed_two_stage,qwen3.8-27b,Mv-Rt-Lv-Gv,aiops2022,100,100,0.665,0.73916667,0.725,1,0.86,0.55208333,0.043478261,,,,,,
typed_two_stage,qwen3.8-27b,Mv-Rv-Lt-Gt,aiops2022,100,100,0.59166667,0.67583333,0.64166667,1,0.88,0.38541667,0.043478261,,,,,,
typed_two_stage,qwen3.8-27b,Mv-Rv-Lt-Gv,aiops2022,100,100,0.59333333,0.67,0.635,1,0.88,0.39583333,0,,,,,,
typed_two_stage,qwen3.8-27b,Mv-Rv-Lv-Gt,aiops2022,100,100,0.655,0.74333333,0.705,1,0.9,0.5,0.043478261,,,,,,
typed_two_stage,qwen3.8-27b,Mv-Rv-Lv-Gv,aiops2022,100,100,0.64,0.72472222,0.68833333,1,0.87,0.5,0.043478261,,,,,,
typed_two_stage,qwen3.8-27b,P,aiops2022,100,100,0.58166667,0.6375,0.59833333,1,0.87,0.375,0,,,,,,
typed_two_stage,qwen3.8-27b,V,aiops2022,100,100,0.65,0.72527778,0.68666667,1,0.89,0.5,0.043478261,,,,,,
typed_two_stage,qwen3.8-27b,H,aiops2025,93,93,0.46774194,0.58721625,0.54659498,1,0.75268817,0.20689655,0.3,,,,,,
typed_two_stage,qwen3.8-27b,Mt-Rt-Lt-Gt,aiops2025,93,93,0.44623656,0.52897252,0.49462366,1,0.7311828,0.1954023,0.25,,,,,,
typed_two_stage,qwen3.8-27b,Mt-Rt-Lt-Gv,aiops2025,93,93,0.40501792,0.49044205,0.45519713,1,0.68817204,0.18390805,0.2,,,,,,
typed_two_stage,qwen3.8-27b,Mt-Rt-Lv-Gt,aiops2025,93,93,0.42473118,0.52240143,0.4874552,1,0.72043011,0.18390805,0.175,,,,,,
typed_two_stage,qwen3.8-27b,Mt-Rt-Lv-Gv,aiops2025,93,93,0.40860215,0.49551971,0.46415771,1,0.69892473,0.14942529,0.25,,,,,,
typed_two_stage,qwen3.8-27b,Mt-Rv-Lt-Gt,aiops2025,93,93,0.27956989,0.42353644,0.41577061,1,0.51612903,0.08045977,0.075,,,,,,
typed_two_stage,qwen3.8-27b,Mt-Rv-Lt-Gv,aiops2025,93,93,0.29390681,0.43399044,0.42831541,1,0.52688172,0.091954023,0.075,,,,,,
typed_two_stage,qwen3.8-27b,Mt-Rv-Lv-Gt,aiops2025,93,93,0.27419355,0.41218638,0.39784946,1,0.50537634,0.068965517,0.1,,,,,,
typed_two_stage,qwen3.8-27b,Mt-Rv-Lv-Gv,aiops2025,93,93,0.27777778,0.40710872,0.390681,1,0.51612903,0.08045977,0.075,,,,,,
typed_two_stage,qwen3.8-27b,Mv-Rt-Lt-Gt,aiops2025,93,93,0.48028674,0.57317802,0.53046595,1,0.77419355,0.2183908,0.3,,,,,,
typed_two_stage,qwen3.8-27b,Mv-Rt-Lt-Gv,aiops2025,93,93,0.46057348,0.55107527,0.50896057,1,0.74193548,0.20689655,0.325,,,,,,
typed_two_stage,qwen3.8-27b,Mv-Rt-Lv-Gt,aiops2025,93,93,0.46415771,0.5504779,0.5,1,0.75268817,0.1954023,0.3,,,,,,
typed_two_stage,qwen3.8-27b,Mv-Rt-Lv-Gv,aiops2025,93,93,0.46774194,0.56033453,0.51433692,1,0.76344086,0.20689655,0.3,,,,,,
typed_two_stage,qwen3.8-27b,Mv-Rv-Lt-Gt,aiops2025,93,93,0.33870968,0.49074074,0.46953405,1,0.59139785,0.091954023,0.175,,,,,,
typed_two_stage,qwen3.8-27b,Mv-Rv-Lt-Gv,aiops2025,93,93,0.33870968,0.48506571,0.46057348,1,0.59139785,0.13793103,0.1,,,,,,
typed_two_stage,qwen3.8-27b,Mv-Rv-Lv-Gt,aiops2025,93,93,0.36379928,0.51762246,0.49641577,1,0.61290323,0.10344828,0.2,,,,,,
typed_two_stage,qwen3.8-27b,Mv-Rv-Lv-Gv,aiops2025,93,93,0.35304659,0.51224612,0.49283154,1,0.60215054,0.11494253,0.175,,,,,,
typed_two_stage,qwen3.8-27b,P,aiops2025,93,93,0.44444444,0.52210275,0.47311828,1,0.75268817,0.20689655,0.125,,,,,,
typed_two_stage,qwen3.8-27b,V,aiops2025,93,93,0.34408602,0.47580645,0.44982079,1,0.58064516,0.13793103,0.15,,,,,,
typed_two_stage,qwen3.8-27b,H,all_469,469,469,0.46872779,0.57379768,0.55152807,1,0.76332623,0.30567686,0.20481928,,,,,,
typed_two_stage,qwen3.8-27b,Mt-Rt-Lt-Gt,all_469,469,469,0.42963753,0.50752191,0.48827292,1,0.74840085,0.26419214,0.13855422,,,,,,
typed_two_stage,qwen3.8-27b,Mt-Rt-Lt-Gv,all_469,469,469,0.41968728,0.50657427,0.48436389,1,0.74200426,0.26200873,0.13554217,,,,,,
typed_two_stage,qwen3.8-27b,Mt-Rt-Lv-Gt,all_469,469,469,0.42750533,0.52819237,0.50852878,0.9978678,0.73134328,0.27510917,0.14156627,,,,,,
typed_two_stage,qwen3.8-27b,Mt-Rt-Lv-Gv,all_469,469,469,0.42039801,0.51871594,0.49822317,1,0.73134328,0.25764192,0.15361446,,,,,,
typed_two_stage,qwen3.8-27b,Mt-Rv-Lt-Gt,all_469,469,469,0.32160625,0.44207534,0.43710021,1,0.58208955,0.17030568,0.09939759,,,,,,
typed_two_stage,qwen3.8-27b,Mt-Rv-Lt-Gv,all_469,469,469,0.32587065,0.44408908,0.43461265,1,0.58848614,0.1790393,0.096385542,,,,,,
typed_two_stage,qwen3.8-27b,Mt-Rv-Lv-Gt,all_469,469,469,0.32302772,0.46825397,0.46730633,1,0.57356077,0.18340611,0.087349398,,,,,,
typed_two_stage,qwen3.8-27b,Mt-Rv-Lv-Gv,all_469,469,469,0.34221748,0.47654584,0.47619048,1,0.58208955,0.21179039,0.11445783,,,,,,
typed_two_stage,qwen3.8-27b,Mv-Rt-Lt-Gt,all_469,469,469,0.46410803,0.5505212,0.52700782,1,0.7782516,0.29912664,0.1746988,,,,,,
typed_two_stage,qwen3.8-27b,Mv-Rt-Lt-Gv,all_469,469,469,0.45557925,0.54856669,0.52203269,1,0.76972281,0.29912664,0.16566265,,,,,,
typed_two_stage,qwen3.8-27b,Mv-Rt-Lv-Gt,all_469,469,469,0.45131485,0.55597015,0.52878465,1,0.75479744,0.28820961,0.1626506,,,,,,
typed_two_stage,qwen3.8-27b,Mv-Rt-Lv-Gv,all_469,469,469,0.47050462,0.58167496,0.55614783,1,0.77185501,0.31659389,0.18373494,,,,,,
typed_two_stage,qwen3.8-27b,Mv-Rv-Lt-Gt,all_469,469,469,0.35820896,0.49745321,0.48436389,1,0.63113006,0.18340611,0.13253012,,,,,,
typed_two_stage,qwen3.8-27b,Mv-Rv-Lt-Gv,all_469,469,469,0.36496091,0.49176735,0.47974414,1,0.62260128,0.22489083,0.11746988,,,,,,
typed_two_stage,qwen3.8-27b,Mv-Rv-Lv-Gt,all_469,469,469,0.37455579,0.533819,0.52452026,1,0.63752665,0.22052402,0.11445783,,,,,,
typed_two_stage,qwen3.8-27b,Mv-Rv-Lv-Gv,all_469,469,469,0.37988628,0.53251599,0.52309879,1,0.63113006,0.23799127,0.13253012,,,,,,
typed_two_stage,qwen3.8-27b,P,all_469,469,469,0.42430704,0.49834163,0.45060412,1,0.77398721,0.25982533,0.084337349,,,,,,
typed_two_stage,qwen3.8-27b,V,all_469,469,469,0.39800995,0.53115376,0.51954513,1,0.65458422,0.27510917,0.12349398,,,,,,
typed_two_stage,qwen3.8-27b,H,headline_289,289,289,0.50980392,0.60717032,0.58304498,1,0.78546713,0.31541219,0.23376623,,,,,,
typed_two_stage,qwen3.8-27b,Mt-Rt-Lt-Gt,headline_289,289,289,0.4544406,0.52998847,0.50749712,1,0.74740484,0.26164875,0.13636364,,,,,,
typed_two_stage,qwen3.8-27b,Mt-Rt-Lt-Gv,headline_289,289,289,0.44175317,0.51931949,0.4982699,1,0.73010381,0.25448029,0.15584416,,,,,,
typed_two_stage,qwen3.8-27b,Mt-Rt-Lv-Gt,headline_289,289,289,0.46136101,0.55815071,0.53863899,1,0.73356401,0.29749104,0.12987013,,,,,,
typed_two_stage,qwen3.8-27b,Mt-Rt-Lv-Gv,headline_289,289,289,0.44636678,0.53825452,0.51614764,1,0.7266436,0.26164875,0.16233766,,,,,,
typed_two_stage,qwen3.8-27b,Mt-Rv-Lt-Gt,headline_289,289,289,0.35640138,0.47010765,0.46020761,1,0.61591696,0.17921147,0.084415584,,,,,,
typed_two_stage,qwen3.8-27b,Mt-Rv-Lt-Gv,headline_289,289,289,0.35524798,0.46337947,0.45040369,1,0.61937716,0.17204301,0.084415584,,,,,,
typed_two_stage,qwen3.8-27b,Mt-Rv-Lv-Gt,headline_289,289,289,0.36101499,0.492599,0.48269896,1,0.60899654,0.19354839,0.084415584,,,,,,
typed_two_stage,qwen3.8-27b,Mt-Rv-Lv-Gv,headline_289,289,289,0.39215686,0.51124567,0.50519031,1,0.61937716,0.25089606,0.11688312,,,,,,
typed_two_stage,qwen3.8-27b,Mv-Rt-Lt-Gt,headline_289,289,289,0.49423299,0.57497116,0.5455594,1,0.79584775,0.29032258,0.17532468,,,,,,
typed_two_stage,qwen3.8-27b,Mv-Rt-Lt-Gv,headline_289,289,289,0.48154556,0.56968474,0.54094579,1,0.77854671,0.28315412,0.18181818,,,,,,
typed_two_stage,qwen3.8-27b,Mv-Rt-Lv-Gt,headline_289,289,289,0.49423299,0.58977316,0.55882353,1,0.76816609,0.3046595,0.18831169,,,,,,
typed_two_stage,qwen3.8-27b,Mv-Rt-Lv-Gv,headline_289,289,289,0.50576701,0.6064975,0.58016148,1,0.77854671,0.3297491,0.19480519,,,,,,
typed_two_stage,qwen3.8-27b,Mv-Rv-Lt-Gt,headline_289,289,289,0.40080738,0.52595156,0.50230681,1,0.67820069,0.19713262,0.12337662,,,,,,
typed_two_stage,qwen3.8-27b,Mv-Rv-Lt-Gv,headline_289,289,289,0.40253749,0.51864667,0.49711649,1,0.66782007,0.22939068,0.097402597,,,,,,
typed_two_stage,qwen3.8-27b,Mv-Rv-Lv-Gt,headline_289,289,289,0.42733564,0.56785852,0.544406,1,0.68858131,0.2437276,0.11038961,,,,,,
typed_two_stage,qwen3.8-27b,Mv-Rv-Lv-Gv,headline_289,289,289,0.43252595,0.57227989,0.55017301,1,0.69204152,0.25806452,0.12987013,,,,,,
typed_two_stage,qwen3.8-27b,P,headline_289,289,289,0.45155709,0.52210688,0.47750865,1,0.77854671,0.2437276,0.090909091,,,,,,
typed_two_stage,qwen3.8-27b,V,headline_289,289,289,0.43656286,0.55699731,0.53402537,1,0.69204152,0.27598566,0.11688312,,,,,,
typed_two_stage,qwen3.8-27b,H,re2_ob,90,90,0.44444444,0.56049383,0.53333333,1,0.78888889,0.33333333,0.21111111,,,,,,
typed_two_stage,qwen3.8-27b,Mt-Rt-Lt-Gt,re2_ob,90,90,0.41481481,0.49012346,0.48703704,1,0.77777778,0.31111111,0.15555556,,,,,,
typed_two_stage,qwen3.8-27b,Mt-Rt-Lt-Gv,re2_ob,90,90,0.40740741,0.51296296,0.47592593,1,0.8,0.33333333,0.088888889,,,,,,
typed_two_stage,qwen3.8-27b,Mt-Rt-Lv-Gt,re2_ob,90,90,0.38888889,0.49506173,0.47407407,1,0.75555556,0.24444444,0.16666667,,,,,,
typed_two_stage,qwen3.8-27b,Mt-Rt-Lv-Gv,re2_ob,90,90,0.4,0.51666667,0.49814815,1,0.77777778,0.26666667,0.15555556,,,,,,
typed_two_stage,qwen3.8-27b,Mt-Rv-Lt-Gt,re2_ob,90,90,0.28888889,0.40802469,0.42407407,1,0.5,0.22222222,0.14444444,,,,,,
typed_two_stage,qwen3.8-27b,Mt-Rv-Lt-Gv,re2_ob,90,90,0.3,0.42962963,0.44074074,1,0.52222222,0.25555556,0.12222222,,,,,,
typed_two_stage,qwen3.8-27b,Mt-Rv-Lv-Gt,re2_ob,90,90,0.25925926,0.42283951,0.4462963,1,0.48888889,0.17777778,0.11111111,,,,,,
typed_two_stage,qwen3.8-27b,Mt-Rv-Lv-Gv,re2_ob,90,90,0.26666667,0.42345679,0.4462963,1,0.48888889,0.18888889,0.12222222,,,,,,
typed_two_stage,qwen3.8-27b,Mv-Rt-Lt-Gt,re2_ob,90,90,0.42962963,0.51975309,0.51666667,1,0.75555556,0.33333333,0.2,,,,,,
typed_two_stage,qwen3.8-27b,Mv-Rt-Lt-Gv,re2_ob,90,90,0.42962963,0.52777778,0.50555556,1,0.77777778,0.33333333,0.17777778,,,,,,
typed_two_stage,qwen3.8-27b,Mv-Rt-Lv-Gt,re2_ob,90,90,0.38518519,0.50802469,0.48703704,1,0.76666667,0.22222222,0.16666667,,,,,,
typed_two_stage,qwen3.8-27b,Mv-Rt-Lv-Gv,re2_ob,90,90,0.40740741,0.53333333,0.49259259,1,0.78888889,0.26666667,0.16666667,,,,,,
typed_two_stage,qwen3.8-27b,Mv-Rv-Lt-Gt,re2_ob,90,90,0.30740741,0.45308642,0.47222222,1,0.52222222,0.21111111,0.18888889,,,,,,
typed_two_stage,qwen3.8-27b,Mv-Rv-Lt-Gv,re2_ob,90,90,0.31481481,0.44382716,0.4537037,1,0.53333333,0.26666667,0.14444444,,,,,,
typed_two_stage,qwen3.8-27b,Mv-Rv-Lv-Gt,re2_ob,90,90,0.28518519,0.47037037,0.48703704,1,0.53333333,0.21111111,0.11111111,,,,,,
typed_two_stage,qwen3.8-27b,Mv-Rv-Lv-Gv,re2_ob,90,90,0.29259259,0.44691358,0.4537037,1,0.52222222,0.23333333,0.12222222,,,,,,
typed_two_stage,qwen3.8-27b,P,re2_ob,90,90,0.4037037,0.47901235,0.42037037,1,0.78888889,0.32222222,0.1,,,,,,
typed_two_stage,qwen3.8-27b,V,re2_ob,90,90,0.35555556,0.50185185,0.50740741,1,0.62222222,0.28888889,0.15555556,,,,,,
typed_two_stage,qwen3.8-27b,H,re2_tt,90,90,0.36111111,0.47993827,0.46851852,1,0.66666667,0.24719101,0.14772727,,,,,,
typed_two_stage,qwen3.8-27b,Mt-Rt-Lt-Gt,re2_tt,90,90,0.36481481,0.45277778,0.42777778,1,0.72222222,0.2247191,0.125,,,,,,
typed_two_stage,qwen3.8-27b,Mt-Rt-Lt-Gv,re2_tt,90,90,0.36111111,0.45925926,0.44814815,1,0.72222222,0.21348315,0.14772727,,,,,,
typed_two_stage,qwen3.8-27b,Mt-Rt-Lv-Gt,re2_tt,90,90,0.35740741,0.46512346,0.4462963,0.98888889,0.7,0.23595506,0.13636364,,,,,,
typed_two_stage,qwen3.8-27b,Mt-Rt-Lv-Gv,re2_tt,90,90,0.35740741,0.45802469,0.44074074,1,0.7,0.23595506,0.13636364,,,,,,
typed_two_stage,qwen3.8-27b,Mt-Rv-Lt-Gt,re2_tt,90,90,0.24259259,0.38611111,0.37592593,1,0.55555556,0.08988764,0.079545455,,,,,,
typed_two_stage,qwen3.8-27b,Mt-Rv-Lt-Gv,re2_tt,90,90,0.25740741,0.39660494,0.37777778,1,0.55555556,0.12359551,0.090909091,,,,,,
typed_two_stage,qwen3.8-27b,Mt-Rv-Lv-Gt,re2_tt,90,90,0.26481481,0.43549383,0.43888889,1,0.54444444,0.15730337,0.068181818,,,,,,
typed_two_stage,qwen3.8-27b,Mt-Rv-Lv-Gv,re2_tt,90,90,0.25740741,0.41820988,0.41296296,1,0.55555556,0.11235955,0.10227273,,,,,,
typed_two_stage,qwen3.8-27b,Mv-Rt-Lt-Gt,re2_tt,90,90,0.40185185,0.50277778,0.47777778,1,0.74444444,0.29213483,0.14772727,,,,,,
typed_two_stage,qwen3.8-27b,Mv-Rt-Lt-Gv,re2_tt,90,90,0.39814815,0.50154321,0.47777778,1,0.73333333,0.31460674,0.125,,,,,,
typed_two_stage,qwen3.8-27b,Mv-Rt-Lv-Gt,re2_tt,90,90,0.37962963,0.49537037,0.47407407,1,0.7,0.30337079,0.11363636,,,,,,
typed_two_stage,qwen3.8-27b,Mv-Rt-Lv-Gv,re2_tt,90,90,0.42037037,0.55030864,0.54259259,1,0.73333333,0.3258427,0.18181818,,,,,,
typed_two_stage,qwen3.8-27b,Mv-Rv-Lt-Gt,re2_tt,90,90,0.27222222,0.45030864,0.43888889,1,0.58888889,0.11235955,0.090909091,,,,,,
typed_two_stage,qwen3.8-27b,Mv-Rv-Lt-Gv,re2_tt,90,90,0.29444444,0.45339506,0.45,1,0.56666667,0.16853933,0.125,,,,,,
typed_two_stage,qwen3.8-27b,Mv-Rv-Lv-Gt,re2_tt,90,90,0.29444444,0.48796296,0.49814815,1,0.57777778,0.15730337,0.125,,,,,,
typed_two_stage,qwen3.8-27b,Mv-Rv-Lv-Gv,re2_tt,90,90,0.29814815,0.4904321,0.50555556,1,0.54444444,0.17977528,0.14772727,,,,,,
typed_two_stage,qwen3.8-27b,P,re2_tt,90,90,0.35740741,0.44135802,0.39444444,1,0.74444444,0.24719101,0.056818182,,,,,,
typed_two_stage,qwen3.8-27b,V,re2_tt,90,90,0.31666667,0.47746914,0.48518519,1,0.56666667,0.25842697,0.10227273,,,,,,
visual_counterfactual_rca,gemma-4-26b-a4b,H_factual,aegislab,96,96,,,,,,,,0.44791667,0.51041667,0.53125,0.48611111,0.50416667,0.48263889
visual_counterfactual_rca,gemma-4-26b-a4b,H_neutral,aegislab,96,96,,,,,,,,0.45833333,0.5,0.51041667,0.47916667,0.48958333,0.47777778
visual_counterfactual_rca,gemma-4-26b-a4b,H_placebo,aegislab,96,96,,,,,,,,0.45833333,0.57291667,0.59375,0.52430556,0.55,0.51510417
visual_counterfactual_rca,gemma-4-26b-a4b,H_targeted,aegislab,96,96,,,,,,,,0.40625,0.47916667,0.53125,0.45138889,0.48125,0.45347222
visual_counterfactual_rca,gemma-4-26b-a4b,H_factual,aiops2022,47,47,,,,,,,,0.25531915,0.38297872,0.38297872,0.34042553,0.35744681,0.31914894
visual_counterfactual_rca,gemma-4-26b-a4b,H_neutral,aiops2022,47,47,,,,,,,,0.29787234,0.36170213,0.36170213,0.34042553,0.34893617,0.32978723
visual_counterfactual_rca,gemma-4-26b-a4b,H_placebo,aiops2022,47,47,,,,,,,,0.23404255,0.34042553,0.34042553,0.29787234,0.31489362,0.28368794
visual_counterfactual_rca,gemma-4-26b-a4b,H_targeted,aiops2022,47,47,,,,,,,,0.23404255,0.36170213,0.36170213,0.30496454,0.32765957,0.29078014
visual_counterfactual_rca,gemma-4-26b-a4b,H_factual,aiops2025,93,93,,,,,,,,0.19354839,0.29032258,0.29032258,0.2437276,0.26236559,0.23476703
visual_counterfactual_rca,gemma-4-26b-a4b,H_neutral,aiops2025,93,93,,,,,,,,0.22580645,0.30107527,0.30107527,0.26523297,0.27956989,0.25806452
visual_counterfactual_rca,gemma-4-26b-a4b,H_placebo,aiops2025,93,93,,,,,,,,0.1827957,0.25806452,0.27956989,0.22580645,0.24516129,0.22168459
visual_counterfactual_rca,gemma-4-26b-a4b,H_targeted,aiops2025,93,93,,,,,,,,0.19354839,0.27956989,0.30107527,0.2437276,0.26666667,0.23835125
visual_counterfactual_rca,gemma-4-26b-a4b,H_factual,all_469,416,416,,,,,,,,0.47355769,0.56730769,0.57451923,0.52564103,0.54471154,0.51690705
visual_counterfactual_rca,gemma-4-26b-a4b,H_neutral,all_469,416,416,,,,,,,,0.47596154,0.56009615,0.56730769,0.52163462,0.53942308,0.51450321
visual_counterfactual_rca,gemma-4-26b-a4b,H_placebo,all_469,416,416,,,,,,,,0.46634615,0.56971154,0.58173077,0.52564103,0.54711538,0.51598558
visual_counterfactual_rca,gemma-4-26b-a4b,H_targeted,all_469,416,416,,,,,,,,0.45673077,0.54807692,0.56971154,0.50961538,0.53317308,0.5036859
visual_counterfactual_rca,gemma-4-26b-a4b,H_factual,headline_289,236,236,,,,,,,,0.30932203,0.39830508,0.40677966,0.36158192,0.37966102,0.35240113
visual_counterfactual_rca,gemma-4-26b-a4b,H_neutral,headline_289,236,236,,,,,,,,0.33474576,0.3940678,0.39830508,0.36723164,0.37881356,0.36172316
visual_counterfactual_rca,gemma-4-26b-a4b,H_placebo,headline_289,236,236,,,,,,,,0.30508475,0.40254237,0.41949153,0.36158192,0.38305085,0.35338983
visual_counterfactual_rca,gemma-4-26b-a4b,H_targeted,headline_289,236,236,,,,,,,,0.28813559,0.37711864,0.40677966,0.34039548,0.36610169,0.33629944
visual_counterfactual_rca,gemma-4-26b-a4b,H_factual,re2_ob,90,90,,,,,,,,0.81111111,0.9,0.9,0.85185185,0.87111111,0.8462963
visual_counterfactual_rca,gemma-4-26b-a4b,H_neutral,re2_ob,90,90,,,,,,,,0.77777778,0.86666667,0.88888889,0.82592593,0.85111111,0.82222222
visual_counterfactual_rca,gemma-4-26b-a4b,H_placebo,re2_ob,90,90,,,,,,,,0.78888889,0.91111111,0.91111111,0.85925926,0.88,0.84444444
visual_counterfactual_rca,gemma-4-26b-a4b,H_targeted,re2_ob,90,90,,,,,,,,0.76666667,0.84444444,0.85555556,0.81111111,0.82888889,0.80462963
visual_counterfactual_rca,gemma-4-26b-a4b,H_factual,re2_tt,90,90,,,,,,,,0.56666667,0.67777778,0.68888889,0.62962963,0.65111111,0.61888889
visual_counterfactual_rca,gemma-4-26b-a4b,H_neutral,re2_tt,90,90,,,,,,,,0.54444444,0.68888889,0.68888889,0.62222222,0.64888889,0.60740741
visual_counterfactual_rca,gemma-4-26b-a4b,H_placebo,re2_tt,90,90,,,,,,,,0.56666667,0.66666667,0.67777778,0.62222222,0.64444444,0.61388889
visual_counterfactual_rca,gemma-4-26b-a4b,H_targeted,re2_tt,90,90,,,,,,,,0.58888889,0.7,0.71111111,0.65185185,0.67555556,0.64166667
visual_counterfactual_rca,qwen3.6-27b,H_factual,aegislab,96,96,,,,,,,,0.23958333,0.51041667,0.70833333,0.38194444,0.49791667,0.40173611
visual_counterfactual_rca,qwen3.6-27b,H_neutral,aegislab,96,96,,,,,,,,0.25,0.53125,0.65625,0.40625,0.49791667,0.40416667
visual_counterfactual_rca,qwen3.6-27b,H_placebo,aegislab,96,96,,,,,,,,0.17708333,0.44791667,0.67708333,0.32638889,0.45208333,0.35052083
visual_counterfactual_rca,qwen3.6-27b,H_targeted,aegislab,96,96,,,,,,,,0.21875,0.5,0.61458333,0.36111111,0.45416667,0.36336806
visual_counterfactual_rca,qwen3.6-27b,H_factual,aiops2022,47,47,,,,,,,,0.25531915,0.44680851,0.4893617,0.35460993,0.4,0.34539007
visual_counterfactual_rca,qwen3.6-27b,H_neutral,aiops2022,47,47,,,,,,,,0.27659574,0.53191489,0.55319149,0.43262411,0.48085106,0.40248227
visual_counterfactual_rca,qwen3.6-27b,H_placebo,aiops2022,47,47,,,,,,,,0.29787234,0.44680851,0.55319149,0.36170213,0.42978723,0.37907801
visual_counterfactual_rca,qwen3.6-27b,H_targeted,aiops2022,47,47,,,,,,,,0.23404255,0.4893617,0.55319149,0.39007092,0.45106383,0.36950355
visual_counterfactual_rca,qwen3.6-27b,H_factual,aiops2025,93,93,,,,,,,,0.16129032,0.31182796,0.38709677,0.24014337,0.29247312,0.24301075
visual_counterfactual_rca,qwen3.6-27b,H_neutral,aiops2025,93,93,,,,,,,,0.13978495,0.33333333,0.4516129,0.2437276,0.32258065,0.25250896
visual_counterfactual_rca,qwen3.6-27b,H_placebo,aiops2025,93,93,,,,,,,,0.17204301,0.30107527,0.43010753,0.23655914,0.30537634,0.25591398
visual_counterfactual_rca,qwen3.6-27b,H_targeted,aiops2025,93,93,,,,,,,,0.13978495,0.34408602,0.53763441,0.24014337,0.35268817,0.27078853
visual_counterfactual_rca,qwen3.6-27b,H_factual,all_469,416,416,,,,,,,,0.39663462,0.60576923,0.70192308,0.50641026,0.57836538,0.50885417
visual_counterfactual_rca,qwen3.6-27b,H_neutral,all_469,416,416,,,,,,,,0.41346154,0.64182692,0.71634615,0.53685897,0.60480769,0.53088942
visual_counterfactual_rca,qwen3.6-27b,H_placebo,all_469,416,416,,,,,,,,0.37980769,0.57451923,0.69471154,0.48477564,0.56057692,0.4927484
visual_counterfactual_rca,qwen3.6-27b,H_targeted,all_469,416,416,,,,,,,,0.37019231,0.61538462,0.71634615,0.49599359,0.57884615,0.4978766
visual_counterfactual_rca,qwen3.6-27b,H_factual,headline_289,236,236,,,,,,,,0.21186441,0.41949153,0.53813559,0.32062147,0.39745763,0.3279661
visual_counterfactual_rca,qwen3.6-27b,H_neutral,headline_289,236,236,,,,,,,,0.21186441,0.45338983,0.55508475,0.34745763,0.42542373,0.3440678
visual_counterfactual_rca,qwen3.6-27b,H_placebo,headline_289,236,236,,,,,,,,0.19915254,0.38983051,0.55508475,0.2980226,0.38983051,0.31892655
visual_counterfactual_rca,qwen3.6-27b,H_targeted,headline_289,236,236,,,,,,,,0.19067797,0.43644068,0.5720339,0.31920904,0.41355932,0.32810734
visual_counterfactual_rca,qwen3.6-27b,H_factual,re2_ob,90,90,,,,,,,,0.67777778,0.87777778,0.95555556,0.78518519,0.85333333,0.78425926
visual_counterfactual_rca,qwen3.6-27b,H_neutral,re2_ob,90,90,,,,,,,,0.65555556,0.93333333,0.97777778,0.80740741,0.87333333,0.78833333
visual_counterfactual_rca,qwen3.6-27b,H_placebo,re2_ob,90,90,,,,,,,,0.64444444,0.84444444,0.9,0.75185185,0.80888889,0.74481481
visual_counterfactual_rca,qwen3.6-27b,H_targeted,re2_ob,90,90,,,,,,,,0.61111111,0.86666667,0.95555556,0.74444444,0.82444444,0.74148148
visual_counterfactual_rca,qwen3.6-27b,H_factual,re2_tt,90,90,,,,,,,,0.6,0.82222222,0.87777778,0.71481481,0.77777778,0.70777778
visual_counterfactual_rca,qwen3.6-27b,H_neutral,re2_tt,90,90,,,,,,,,0.7,0.84444444,0.87777778,0.76296296,0.80666667,0.76333333
visual_counterfactual_rca,qwen3.6-27b,H_placebo,re2_tt,90,90,,,,,,,,0.58888889,0.78888889,0.85555556,0.70740741,0.76,0.69648148
visual_counterfactual_rca,qwen3.6-27b,H_targeted,re2_tt,90,90,,,,,,,,0.6,0.83333333,0.85555556,0.71111111,0.76666667,0.69944444
visual_counterfactual_rca,qwen3.8-27b,H_factual,aegislab,96,96,,,,,,,,0.21875,0.5625,0.60416667,0.39930556,0.47708333,0.37569444
visual_counterfactual_rca,qwen3.8-27b,H_neutral,aegislab,96,96,,,,,,,,0.20833333,0.54166667,0.58333333,0.39236111,0.46666667,0.36579861
visual_counterfactual_rca,qwen3.8-27b,H_placebo,aegislab,96,96,,,,,,,,0.1875,0.53125,0.58333333,0.38541667,0.4625,0.35625
visual_counterfactual_rca,qwen3.8-27b,H_targeted,aegislab,96,96,,,,,,,,0.17708333,0.57291667,0.63541667,0.38194444,0.47916667,0.36006944
visual_counterfactual_rca,qwen3.8-27b,H_factual,aiops2022,61,61,,,,,,,,0.14754098,0.40983607,0.42622951,0.30601093,0.35409836,0.27459016
visual_counterfactual_rca,qwen3.8-27b,H_neutral,aiops2022,61,61,,,,,,,,0.1147541,0.44262295,0.45901639,0.31147541,0.3704918,0.27185792
visual_counterfactual_rca,qwen3.8-27b,H_placebo,aiops2022,61,61,,,,,,,,0.16393443,0.42622951,0.44262295,0.30054645,0.35737705,0.28005464
visual_counterfactual_rca,qwen3.8-27b,H_targeted,aiops2022,61,61,,,,,,,,0.13114754,0.36065574,0.39344262,0.25136612,0.30819672,0.23770492
visual_counterfactual_rca,qwen3.8-27b,H_factual,aiops2025,93,93,,,,,,,,0.15053763,0.39784946,0.44086022,0.27598566,0.33978495,0.26469534
visual_counterfactual_rca,qwen3.8-27b,H_neutral,aiops2025,93,93,,,,,,,,0.15053763,0.37634409,0.41935484,0.2688172,0.32903226,0.25806452
visual_counterfactual_rca,qwen3.8-27b,H_placebo,aiops2025,93,93,,,,,,,,0.17204301,0.38709677,0.41935484,0.27598566,0.32688172,0.26630824
visual_counterfactual_rca,qwen3.8-27b,H_targeted,aiops2025,93,93,,,,,,,,0.13978495,0.33333333,0.39784946,0.23655914,0.29247312,0.2344086
visual_counterfactual_rca,qwen3.8-27b,H_factual,all_469,430,430,,,,,,,,0.3255814,0.62093023,0.64651163,0.48294574,0.54697674,0.45953488
visual_counterfactual_rca,qwen3.8-27b,H_neutral,all_469,430,430,,,,,,,,0.32325581,0.62093023,0.65116279,0.48449612,0.55069767,0.46093023
visual_counterfactual_rca,qwen3.8-27b,H_placebo,all_469,430,430,,,,,,,,0.3255814,0.61162791,0.63953488,0.47829457,0.54046512,0.45600775
visual_counterfactual_rca,qwen3.8-27b,H_targeted,all_469,430,430,,,,,,,,0.29302326,0.60465116,0.64883721,0.45736434,0.53116279,0.43748062
visual_counterfactual_rca,qwen3.8-27b,H_factual,headline_289,250,250,,,,,,,,0.176,0.464,0.5,0.33066667,0.396,0.30973333
visual_counterfactual_rca,qwen3.8-27b,H_neutral,headline_289,250,250,,,,,,,,0.164,0.456,0.492,0.32666667,0.392,0.3028
visual_counterfactual_rca,qwen3.8-27b,H_placebo,headline_289,250,250,,,,,,,,0.176,0.452,0.488,0.324,0.3864,0.3042
visual_counterfactual_rca,qwen3.8-27b,H_targeted,headline_289,250,250,,,,,,,,0.152,0.432,0.488,0.296,0.368,0.28346667
visual_counterfactual_rca,qwen3.8-27b,H_factual,re2_ob,90,90,,,,,,,,0.53333333,0.88888889,0.88888889,0.71481481,0.78444444,0.68333333
visual_counterfactual_rca,qwen3.8-27b,H_neutral,re2_ob,90,90,,,,,,,,0.56666667,0.86666667,0.91111111,0.71851852,0.79555556,0.7037037
visual_counterfactual_rca,qwen3.8-27b,H_placebo,re2_ob,90,90,,,,,,,,0.55555556,0.87777778,0.88888889,0.72962963,0.79111111,0.69851852
visual_counterfactual_rca,qwen3.8-27b,H_targeted,re2_ob,90,90,,,,,,,,0.53333333,0.86666667,0.88888889,0.71481481,0.78444444,0.68518519
visual_counterfactual_rca,qwen3.8-27b,H_factual,re2_tt,90,90,,,,,,,,0.53333333,0.78888889,0.81111111,0.67407407,0.72888889,0.65185185
visual_counterfactual_rca,qwen3.8-27b,H_neutral,re2_tt,90,90,,,,,,,,0.52222222,0.83333333,0.83333333,0.68888889,0.74666667,0.65740741
visual_counterfactual_rca,qwen3.8-27b,H_placebo,re2_tt,90,90,,,,,,,,0.51111111,0.78888889,0.81111111,0.65555556,0.71777778,0.63518519
visual_counterfactual_rca,qwen3.8-27b,H_targeted,re2_tt,90,90,,,,,,,,0.44444444,0.82222222,0.85555556,0.64814815,0.73111111,0.61759259
