experiment,model,arm,dataset,top1_prediction,n,correct_n,mrr
direct_rca,gemma-4-26b-a4b,P,aegislab,ts-ui-dashboard,40,7,0.175
direct_rca,gemma-4-26b-a4b,P,re2_tt,ts-inside-payment-service,31,0,0
ledger_handoff_rca,qwen3.6-27b,L_hyb,aegislab,ts-ui-dashboard,30,4,0.4
matched_rca,qwen3.6-27b,R,aegislab,ts-ui-dashboard,30,5,0.43
direct_rca,gemma-4-26b-a4b,P,re2_ob,recommendationservice,29,15,0.51724138
matched_rca,gemma-4-26b-a4b,P,re2_ob,recommendationservice,29,17,0.63505747
matched_rca,qwen3.6-27b,R,re2_ob,recommendationservice,28,16,0.70833333
direct_rca,qwen3.6-27b,H,re2_ob,recommendationservice,28,15,0.70238095
ledger_handoff_rca,qwen3.6-27b,L_vis,aegislab,ts-ui-dashboard,28,5,0.41190476
ledger_handoff_rca,qwen3.8-27b,L_hyb,aegislab,ts-ui-dashboard,28,4,0.45535714
ledger_handoff_rca,qwen3.6-27b,L_hyb,re2_ob,recommendationservice,27,18,0.75740741
ledger_handoff_rca,qwen3.6-27b,L_txt,re2_ob,recommendationservice,27,16,0.72654321
matched_rca,gemma-4-26b-a4b,R,aegislab,ts-ui-dashboard,27,9,0.36419753
ledger_handoff_rca,gemma-4-26b-a4b,L_txt,aegislab,ts-ui-dashboard,27,7,0.30246914
direct_rca,qwen3.6-27b,R,re2_ob,recommendationservice,26,14,0.6474359
matched_rca,gemma-4-26b-a4b,P,aegislab,ts-ui-dashboard,26,4,0.25
direct_rca,qwen3.6-27b,F,re2_ob,recommendationservice,25,15,0.76
direct_rca,qwen3.8-27b,R,aegislab,ts-ui-dashboard,25,5,0.47333333
visual_counterfactual_rca,qwen3.6-27b,H_targeted,re2_ob,recommendationservice,25,17,0.8
matched_rca,qwen3.6-27b,T,re2_ob,recommendationservice,25,14,0.67466667
matched_rca,gemma-4-26b-a4b,P,re2_ob,checkoutservice,25,15,0.66666667
matched_rca,qwen3.6-27b,H,re2_ob,recommendationservice,25,13,0.68466667
direct_rca,qwen3.6-27b,T,re2_ob,recommendationservice,25,15,0.75666667
matched_rca,qwen3.6-27b,V,re2_ob,recommendationservice,25,15,0.78333333
matched_rca,gemma-4-26b-a4b,P,re2_tt,ts-inside-payment-service,25,0,0.14
matched_rca,gemma-4-26b-a4b,V,aegislab,ts-seat-service,24,5,0.21875
matched_rca,qwen3.6-27b,P,re2_ob,recommendationservice,24,13,0.65277778
direct_rca,qwen3.6-27b,R,aegislab,ts-ui-dashboard,24,5,0.36805556
direct_rca,qwen3.6-27b,P,aegislab,ts-ui-dashboard,24,5,0.44930556
direct_rca,gemma-4-26b-a4b,R,re2_ob,recommendationservice,24,16,0.69097222
matched_rca,gemma-4-26b-a4b,V,aegislab,ts-ui-dashboard,24,7,0.34722222
visual_counterfactual_rca,qwen3.6-27b,H_placebo,re2_ob,recommendationservice,24,17,0.78819444
visual_counterfactual_rca,qwen3.6-27b,H_neutral,re2_ob,recommendationservice,24,17,0.82986111
matched_rca,qwen3.6-27b,F,re2_ob,recommendationservice,23,13,0.73188406
direct_rca,gemma-4-26b-a4b,H,re2_ob,recommendationservice,23,14,0.72463768
visual_counterfactual_rca,qwen3.6-27b,H_factual,re2_ob,recommendationservice,23,17,0.8115942
visual_counterfactual_rca,gemma-4-26b-a4b,H_neutral,re2_ob,checkoutservice,23,18,0.85144928
matched_rca,gemma-4-26b-a4b,H,re2_ob,recommendationservice,23,16,0.74275362
visual_counterfactual_rca,gemma-4-26b-a4b,H_neutral,re2_ob,recommendationservice,23,17,0.77173913
ledger_handoff_rca,qwen3.6-27b,L_txt,aegislab,ts-ui-dashboard,23,4,0.44202899
direct_rca,qwen3.8-27b,P,aegislab,ts-ui-dashboard,23,5,0.4615942
ledger_handoff_rca,qwen3.8-27b,L_txt,aegislab,ts-ui-dashboard,23,3,0.43478261
visual_counterfactual_rca,qwen3.6-27b,H_neutral,re2_ob,checkoutservice,22,15,0.8219697
matched_rca,gemma-4-26b-a4b,P,aiops2025,frontend,22,5,0.25757576
matched_rca,gemma-4-26b-a4b,T,re2_ob,recommendationservice,22,17,0.79545455
ledger_handoff_rca,gemma-4-26b-a4b,L_txt,re2_ob,recommendationservice,22,16,0.72727273
visual_counterfactual_rca,gemma-4-26b-a4b,H_placebo,re2_ob,recommendationservice,22,17,0.84848485
direct_rca,qwen3.6-27b,P,re2_ob,recommendationservice,22,11,0.58333333
matched_rca,gemma-4-26b-a4b,R,re2_ob,recommendationservice,22,17,0.8030303
visual_counterfactual_rca,gemma-4-26b-a4b,H_targeted,re2_ob,recommendationservice,22,17,0.83333333
matched_rca,gemma-4-26b-a4b,H,aegislab,ts-ui-dashboard,22,7,0.36363636
visual_counterfactual_rca,qwen3.6-27b,H_targeted,re2_ob,checkoutservice,22,15,0.81439394
direct_rca,qwen3.8-27b,H,re2_ob,recommendationservice,22,9,0.60984848
visual_counterfactual_rca,gemma-4-26b-a4b,H_factual,re2_ob,recommendationservice,22,17,0.8030303
direct_rca,gemma-4-26b-a4b,F,re2_ob,recommendationservice,21,12,0.67857143
direct_rca,gemma-4-26b-a4b,T,re2_ob,checkoutservice,21,17,0.88888889
visual_counterfactual_rca,qwen3.6-27b,H_placebo,re2_ob,checkoutservice,21,15,0.8015873
matched_rca,gemma-4-26b-a4b,V,re2_ob,checkoutservice,21,18,0.88095238
ledger_handoff_rca,qwen3.8-27b,L_hyb,re2_ob,recommendationservice,21,11,0.56746032
direct_rca,gemma-4-26b-a4b,P,re2_ob,checkoutservice,21,13,0.61904762
visual_counterfactual_rca,qwen3.8-27b,H_neutral,re2_ob,recommendationservice,21,12,0.67460317
matched_rca,gemma-4-26b-a4b,F,re2_ob,checkoutservice,21,17,0.84126984
matched_rca,gemma-4-26b-a4b,F,re2_ob,recommendationservice,21,15,0.73015873
matched_rca,gemma-4-26b-a4b,H,re2_ob,checkoutservice,21,18,0.88492063
direct_rca,qwen3.6-27b,P,re2_tt,ts-inside-payment-service,21,0,0.25396825
visual_counterfactual_rca,gemma-4-26b-a4b,H_targeted,re2_ob,checkoutservice,21,15,0.73015873
visual_counterfactual_rca,qwen3.8-27b,H_factual,re2_ob,checkoutservice,21,14,0.72222222
ledger_handoff_rca,qwen3.6-27b,L_vis,re2_ob,recommendationservice,21,13,0.75396825
direct_rca,gemma-4-26b-a4b,T,re2_ob,recommendationservice,21,13,0.73412698
matched_rca,qwen3.6-27b,V,aegislab,ts-ui-dashboard,21,4,0.47619048
matched_rca,qwen3.8-27b,H,re2_ob,checkoutservice,20,14,0.74166667
matched_rca,qwen3.8-27b,T,re2_ob,checkoutservice,20,14,0.80833333
matched_rca,gemma-4-26b-a4b,R,re2_ob,checkoutservice,20,18,0.9
matched_rca,qwen3.8-27b,P,re2_ob,checkoutservice,20,13,0.8
direct_rca,qwen3.8-27b,R,re2_ob,checkoutservice,20,10,0.61666667
ledger_handoff_rca,gemma-4-26b-a4b,L_txt,re2_ob,checkoutservice,20,15,0.75
matched_rca,gemma-4-26b-a4b,F,aegislab,ts-ui-dashboard,20,6,0.325
ledger_handoff_rca,qwen3.8-27b,L_vis,re2_ob,checkoutservice,20,11,0.70833333
matched_rca,qwen3.8-27b,R,re2_ob,recommendationservice,20,12,0.66666667
direct_rca,gemma-4-26b-a4b,V,re2_ob,emailservice,20,18,0.9
matched_rca,qwen3.6-27b,H,re2_ob,checkoutservice,20,15,0.85
matched_rca,gemma-4-26b-a4b,V,re2_ob,recommendationservice,20,15,0.775
matched_rca,qwen3.8-27b,T,re2_ob,recommendationservice,20,12,0.74166667
ledger_handoff_rca,gemma-4-26b-a4b,L_hyb,aegislab,ts-ui-dashboard,20,8,0.4
ledger_handoff_rca,qwen3.8-27b,L_vis,aegislab,ts-ui-dashboard,20,3,0.47083333
matched_rca,qwen3.8-27b,R,aegislab,ts-ui-dashboard,20,2,0.38333333
matched_rca,qwen3.8-27b,F,re2_ob,recommendationservice,20,12,0.74583333
visual_counterfactual_rca,gemma-4-26b-a4b,H_placebo,re2_ob,checkoutservice,19,16,0.86842105
ledger_handoff_rca,qwen3.6-27b,L_hyb,re2_ob,checkoutservice,19,14,0.84649123
direct_rca,qwen3.8-27b,F,re2_ob,recommendationservice,19,9,0.63157895
matched_rca,qwen3.6-27b,F,re2_ob,checkoutservice,19,13,0.8245614
visual_counterfactual_rca,qwen3.6-27b,H_factual,re2_ob,checkoutservice,19,15,0.88596491
ledger_handoff_rca,qwen3.8-27b,L_hyb,re2_ob,checkoutservice,19,14,0.85964912
matched_rca,qwen3.8-27b,P,re2_ob,recommendationservice,19,11,0.71052632
direct_rca,gemma-4-26b-a4b,F,re2_ob,checkoutservice,19,16,0.89473684
direct_rca,qwen3.8-27b,R,re2_ob,recommendationservice,19,9,0.60526316
visual_counterfactual_rca,qwen3.8-27b,H_factual,re2_ob,recommendationservice,19,12,0.74561404
ledger_handoff_rca,gemma-4-26b-a4b,L_hyb,re2_ob,recommendationservice,19,16,0.84210526
ledger_handoff_rca,qwen3.8-27b,L_vis,re2_ob,recommendationservice,19,7,0.44298246
matched_rca,qwen3.6-27b,T,aegislab,ts-ui-dashboard,19,4,0.49122807
matched_rca,gemma-4-26b-a4b,V,re2_tt,ts-inside-payment-service,19,0,0.026315789
visual_counterfactual_rca,qwen3.8-27b,H_placebo,re2_ob,checkoutservice,19,14,0.78070175
matched_rca,qwen3.6-27b,T,re2_ob,checkoutservice,19,13,0.78508772
visual_counterfactual_rca,gemma-4-26b-a4b,H_factual,re2_ob,checkoutservice,19,17,0.9122807
ledger_handoff_rca,qwen3.8-27b,L_txt,re2_ob,recommendationservice,19,11,0.65789474
visual_counterfactual_rca,qwen3.8-27b,H_targeted,re2_ob,recommendationservice,19,11,0.71491228
visual_counterfactual_rca,qwen3.8-27b,H_targeted,re2_ob,checkoutservice,19,13,0.78070175
direct_rca,gemma-4-26b-a4b,R,aiops2022,node-5,19,3,0.21929825
ledger_handoff_rca,qwen3.6-27b,L_vis,re2_tt,ts-inside-payment-service,19,0,0.34122807
ledger_handoff_rca,gemma-4-26b-a4b,L_vis,re2_ob,recommendationservice,18,15,0.83333333
direct_rca,gemma-4-26b-a4b,V,aiops2022,node-5,18,2,0.15740741
direct_rca,gemma-4-26b-a4b,V,re2_ob,recommendationservice,18,12,0.69444444
matched_rca,qwen3.8-27b,F,aegislab,ts-ui-dashboard,18,2,0.38425926
ledger_handoff_rca,qwen3.8-27b,L_txt,re2_ob,checkoutservice,18,14,0.85185185
matched_rca,qwen3.8-27b,R,re2_ob,emailservice,18,15,0.90740741
matched_rca,qwen3.6-27b,P,re2_ob,checkoutservice,18,12,0.80555556
matched_rca,qwen3.6-27b,H,aegislab,ts-ui-dashboard,18,4,0.45833333
matched_rca,gemma-4-26b-a4b,H,re2_ob,emailservice,18,17,0.94444444
ledger_handoff_rca,qwen3.6-27b,L_txt,re2_ob,emailservice,18,16,0.91666667
visual_counterfactual_rca,gemma-4-26b-a4b,H_factual,re2_ob,emailservice,18,17,0.94444444
visual_counterfactual_rca,qwen3.8-27b,H_placebo,aegislab,ts-ui-dashboard,18,2,0.375
direct_rca,gemma-4-26b-a4b,R,re2_ob,emailservice,18,18,1
matched_rca,qwen3.8-27b,H,re2_ob,recommendationservice,18,11,0.73148148
direct_rca,qwen3.8-27b,T,re2_ob,recommendationservice,18,9,0.625
matched_rca,qwen3.6-27b,R,re2_ob,checkoutservice,18,15,0.90740741
matched_rca,qwen3.6-27b,F,aegislab,ts-ui-dashboard,18,2,0.39814815
matched_rca,gemma-4-26b-a4b,T,aegislab,ts-ui-dashboard,18,4,0.25
matched_rca,qwen3.8-27b,V,aegislab,ts-ui-dashboard,18,3,0.45833333
direct_rca,qwen3.6-27b,H,re2_ob,checkoutservice,18,14,0.83333333
ledger_handoff_rca,gemma-4-26b-a4b,L_vis,aegislab,ts-ui-dashboard,18,6,0.33333333
direct_rca,qwen3.6-27b,R,aiops2022,node-5,17,3,0.32058824
direct_rca,qwen3.8-27b,V,aegislab,ts-ui-dashboard,17,4,0.44803922
matched_rca,gemma-4-26b-a4b,P,aegislab,ts-seat-service,17,6,0.35294118
ledger_handoff_rca,gemma-4-26b-a4b,L_hyb,re2_ob,emailservice,17,17,1
matched_rca,gemma-4-26b-a4b,F,re2_ob,emailservice,17,16,0.97058824
matched_rca,gemma-4-26b-a4b,R,re2_ob,emailservice,17,17,1
ledger_handoff_rca,gemma-4-26b-a4b,L_hyb,re2_ob,checkoutservice,17,15,0.88235294
direct_rca,gemma-4-26b-a4b,H,re2_ob,checkoutservice,17,14,0.89215686
matched_rca,qwen3.8-27b,R,re2_ob,checkoutservice,17,14,0.87254902
ledger_handoff_rca,gemma-4-26b-a4b,L_vis,re2_ob,emailservice,17,16,0.94117647
visual_counterfactual_rca,qwen3.8-27b,H_placebo,re2_ob,recommendationservice,17,11,0.7745098
direct_rca,qwen3.6-27b,T,re2_ob,checkoutservice,17,14,0.90196078
ledger_handoff_rca,qwen3.8-27b,L_txt,re2_ob,emailservice,17,15,0.93137255
direct_rca,qwen3.8-27b,H,aegislab,ts-ui-dashboard,17,4,0.43627451
matched_rca,gemma-4-26b-a4b,T,re2_ob,checkoutservice,17,16,0.96078431
direct_rca,qwen3.6-27b,V,aiops2022,node-5,17,1,0.25196078
ledger_handoff_rca,qwen3.8-27b,L_vis,re2_ob,emailservice,17,14,0.89705882
ledger_handoff_rca,qwen3.6-27b,L_vis,re2_ob,emailservice,17,16,0.94117647
direct_rca,qwen3.6-27b,V,aegislab,ts-ui-dashboard,16,5,0.49479167
direct_rca,qwen3.6-27b,T,aegislab,ts-ui-dashboard,16,3,0.49375
matched_rca,gemma-4-26b-a4b,V,re2_ob,emailservice,16,16,1
direct_rca,qwen3.8-27b,P,re2_ob,recommendationservice,16,5,0.51041667
direct_rca,qwen3.6-27b,F,re2_ob,emailservice,16,14,0.9375
direct_rca,gemma-4-26b-a4b,H,aiops2022,node-5,16,2,0.28125
direct_rca,qwen3.8-27b,V,re2_ob,checkoutservice,16,10,0.69479167
visual_counterfactual_rca,qwen3.8-27b,H_placebo,re2_ob,emailservice,16,14,0.875
visual_counterfactual_rca,gemma-4-26b-a4b,H_placebo,re2_ob,emailservice,16,15,0.9375
ledger_handoff_rca,gemma-4-26b-a4b,L_txt,re2_ob,emailservice,16,16,1
matched_rca,gemma-4-26b-a4b,T,re2_ob,emailservice,16,15,0.96875
direct_rca,qwen3.8-27b,F,re2_ob,checkoutservice,16,12,0.875
matched_rca,qwen3.8-27b,F,re2_ob,checkoutservice,16,13,0.84375
ledger_handoff_rca,gemma-4-26b-a4b,L_vis,aiops2022,adservice,16,0,0
matched_rca,qwen3.8-27b,V,re2_ob,recommendationservice,16,10,0.70833333
matched_rca,qwen3.8-27b,H,aegislab,ts-ui-dashboard,16,2,0.41666667
direct_rca,qwen3.6-27b,V,re2_ob,recommendationservice,16,9,0.75
direct_rca,gemma-4-26b-a4b,P,aiops2022,node-5,16,2,0.125
matched_rca,qwen3.6-27b,V,re2_ob,emailservice,16,15,0.96875
visual_counterfactual_rca,gemma-4-26b-a4b,H_targeted,re2_ob,emailservice,16,15,0.96875
direct_rca,qwen3.6-27b,P,re2_ob,checkoutservice,16,12,0.75
direct_rca,gemma-4-26b-a4b,R,aegislab,ts-ui-dashboard,16,3,0.30208333
visual_counterfactual_rca,qwen3.8-27b,H_neutral,aegislab,ts-ui-dashboard,16,2,0.39583333
matched_rca,qwen3.6-27b,V,re2_ob,checkoutservice,16,13,0.86458333
direct_rca,qwen3.8-27b,T,re2_ob,checkoutservice,16,11,0.84375
visual_counterfactual_rca,qwen3.8-27b,H_neutral,re2_ob,checkoutservice,16,13,0.859375
visual_counterfactual_rca,gemma-4-26b-a4b,H_factual,aiops2025,tidb-tikv,16,1,0.10416667
ledger_handoff_rca,qwen3.6-27b,L_txt,re2_ob,checkoutservice,16,15,0.95833333
direct_rca,gemma-4-26b-a4b,F,re2_ob,emailservice,16,16,1
matched_rca,gemma-4-26b-a4b,H,aiops2025,frontend,16,3,0.234375
matched_rca,qwen3.6-27b,P,aegislab,ts-ui-dashboard,15,3,0.42777778
visual_counterfactual_rca,qwen3.8-27b,H_neutral,re2_ob,emailservice,15,13,0.88888889
direct_rca,qwen3.6-27b,R,re2_ob,checkoutservice,15,13,0.88888889
ledger_handoff_rca,gemma-4-26b-a4b,L_vis,re2_ob,checkoutservice,15,10,0.66666667
matched_rca,gemma-4-26b-a4b,V,aiops2025,tidb-tikv,15,3,0.2
matched_rca,qwen3.6-27b,R,re2_ob,emailservice,15,15,1
matched_rca,qwen3.8-27b,T,aiops2025,tidb-tidb,15,1,0.26666667
direct_rca,qwen3.6-27b,F,re2_ob,checkoutservice,15,13,0.92222222
direct_rca,gemma-4-26b-a4b,H,re2_ob,emailservice,15,14,0.93333333
matched_rca,gemma-4-26b-a4b,P,re2_ob,emailservice,15,14,0.93333333
visual_counterfactual_rca,qwen3.6-27b,H_neutral,re2_tt,ts-route-service,15,15,1
ledger_handoff_rca,gemma-4-26b-a4b,L_txt,aegislab,ts-seat-service,15,5,0.33333333
visual_counterfactual_rca,gemma-4-26b-a4b,H_neutral,re2_ob,emailservice,15,15,1
visual_counterfactual_rca,qwen3.8-27b,H_targeted,re2_ob,emailservice,15,14,0.93333333
direct_rca,gemma-4-26b-a4b,R,re2_ob,checkoutservice,15,15,1
ledger_handoff_rca,qwen3.6-27b,L_txt,re2_tt,ts-inside-payment-service,15,0,0.35888889
direct_rca,qwen3.6-27b,T,re2_ob,emailservice,15,14,0.93333333
matched_rca,qwen3.8-27b,H,re2_ob,emailservice,15,14,0.93333333
direct_rca,gemma-4-26b-a4b,T,re2_ob,emailservice,15,15,1
visual_counterfactual_rca,qwen3.6-27b,H_targeted,re2_ob,emailservice,15,14,0.96666667
ledger_handoff_rca,qwen3.8-27b,L_hyb,re2_ob,emailservice,15,14,0.95555556
visual_counterfactual_rca,qwen3.8-27b,H_factual,aegislab,ts-ui-dashboard,15,2,0.41111111
ledger_handoff_rca,qwen3.6-27b,L_hyb,re2_tt,ts-inside-payment-service,15,0,0.23222222
ledger_handoff_rca,qwen3.6-27b,L_hyb,re2_ob,emailservice,15,14,0.95555556
direct_rca,gemma-4-26b-a4b,P,re2_ob,emailservice,15,13,0.86666667
direct_rca,qwen3.6-27b,H,aegislab,ts-ui-dashboard,15,2,0.41333333
matched_rca,qwen3.8-27b,T,re2_ob,emailservice,15,13,0.86666667
ledger_handoff_rca,gemma-4-26b-a4b,L_vis,aiops2022,adservice2,14,0,0
matched_rca,qwen3.8-27b,F,re2_ob,emailservice,14,13,0.92857143
direct_rca,qwen3.8-27b,V,aiops2022,node-5,14,1,0.30595238
matched_rca,qwen3.6-27b,R,re2_tt,ts-inside-payment-service,14,0,0.30238095
matched_rca,qwen3.8-27b,T,aegislab,ts-ui-dashboard,14,3,0.44047619
visual_counterfactual_rca,gemma-4-26b-a4b,H_placebo,aegislab,ts-preserve-service,14,6,0.50238095
direct_rca,qwen3.8-27b,H,re2_ob,checkoutservice,14,11,0.89285714
direct_rca,qwen3.8-27b,V,re2_ob,recommendationservice,14,7,0.68452381
matched_rca,gemma-4-26b-a4b,T,re2_tt,ts-travel-service,14,13,0.92857143
matched_rca,gemma-4-26b-a4b,V,aiops2022,adservice-0,14,2,0.17857143
visual_counterfactual_rca,qwen3.6-27b,H_placebo,re2_tt,ts-route-service,14,14,1
visual_counterfactual_rca,qwen3.6-27b,H_neutral,re2_tt,ts-auth-service,14,14,1
direct_rca,gemma-4-26b-a4b,F,aiops2025,tidb-tikv,14,3,0.29761905
direct_rca,qwen3.6-27b,V,re2_ob,emailservice,14,13,0.94642857
direct_rca,qwen3.6-27b,T,re2_tt,ts-train-service,14,14,1
direct_rca,gemma-4-26b-a4b,T,aiops2022,node-5,14,3,0.29166667
matched_rca,gemma-4-26b-a4b,T,aiops2025,frontend,14,3,0.30952381
ledger_handoff_rca,qwen3.8-27b,L_vis,re2_ob,frontend,14,0,0.38095238
direct_rca,qwen3.8-27b,T,aegislab,ts-ui-dashboard,14,3,0.41309524
ledger_handoff_rca,qwen3.6-27b,L_hyb,aiops2022,node-5,14,3,0.32738095
visual_counterfactual_rca,qwen3.6-27b,H_targeted,re2_tt,ts-route-service,14,14,1
visual_counterfactual_rca,qwen3.6-27b,H_factual,re2_ob,emailservice,14,13,0.96428571
matched_rca,gemma-4-26b-a4b,F,aegislab,ts-seat-service,14,4,0.32142857
visual_counterfactual_rca,gemma-4-26b-a4b,H_placebo,aiops2025,tidb-tikv,14,1,0.071428571
visual_counterfactual_rca,gemma-4-26b-a4b,H_targeted,re2_tt,ts-route-service,14,14,1
direct_rca,qwen3.8-27b,F,aegislab,ts-ui-dashboard,14,3,0.44047619
matched_rca,gemma-4-26b-a4b,H,aegislab,ts-seat-service,14,5,0.35714286
direct_rca,qwen3.6-27b,V,re2_ob,checkoutservice,14,10,0.73809524
matched_rca,qwen3.8-27b,F,aiops2025,tidb-tidb,14,1,0.20833333
visual_counterfactual_rca,gemma-4-26b-a4b,H_neutral,aiops2025,tidb-tikv,14,2,0.16666667
direct_rca,gemma-4-26b-a4b,F,re2_tt,ts-train-service,14,14,1
visual_counterfactual_rca,qwen3.8-27b,H_factual,aiops2025,tidb-tidb,14,0,0.17261905
matched_rca,qwen3.8-27b,V,aiops2025,tidb-tidb,14,1,0.21071429
direct_rca,qwen3.8-27b,R,re2_ob,frontend,14,0,0.24404762
direct_rca,qwen3.8-27b,P,re2_ob,checkoutservice,13,9,0.82307692
ledger_handoff_rca,qwen3.8-27b,L_vis,aiops2022,adservice,13,0,0.12051282
visual_counterfactual_rca,qwen3.6-27b,H_neutral,re2_tt,ts-order-service,13,13,1
visual_counterfactual_rca,qwen3.8-27b,H_placebo,aiops2025,tidb-tidb,13,0,0.11538462
direct_rca,gemma-4-26b-a4b,T,re2_tt,ts-train-service,13,13,1
direct_rca,qwen3.6-27b,R,re2_ob,emailservice,13,13,1
ledger_handoff_rca,qwen3.6-27b,L_hyb,aiops2022,adservice,13,0,0.13461538
direct_rca,qwen3.6-27b,F,re2_tt,ts-train-service,13,13,1
matched_rca,qwen3.6-27b,P,aiops2025,tidb-tidb,13,0,0.11794872
matched_rca,gemma-4-26b-a4b,V,re2_tt,ts-order-service,13,13,1
ledger_handoff_rca,gemma-4-26b-a4b,L_hyb,aiops2022,node-5,13,3,0.23076923
direct_rca,gemma-4-26b-a4b,H,re2_tt,ts-train-service,13,13,1
direct_rca,qwen3.8-27b,H,re2_ob,frontend,13,0,0.32051282
visual_counterfactual_rca,qwen3.8-27b,H_targeted,aegislab,ts-ui-dashboard,13,1,0.43589744
visual_counterfactual_rca,qwen3.6-27b,H_placebo,aegislab,ts-ui-dashboard,13,1,0.32948718
ledger_handoff_rca,qwen3.6-27b,L_vis,aiops2022,adservice,13,0,0.1025641
matched_rca,qwen3.6-27b,H,re2_ob,emailservice,13,12,0.92307692
visual_counterfactual_rca,gemma-4-26b-a4b,H_targeted,re2_tt,ts-inside-payment-service,13,0,0.096153846
visual_counterfactual_rca,gemma-4-26b-a4b,H_targeted,aiops2025,tidb-tikv,13,2,0.15384615
direct_rca,gemma-4-26b-a4b,P,re2_ob,frontend,13,0,0
matched_rca,qwen3.6-27b,R,aiops2022,adservice2,13,0,0.12820513
direct_rca,qwen3.6-27b,P,aiops2022,adservice,13,0,0.083333333
visual_counterfactual_rca,gemma-4-26b-a4b,H_placebo,re2_tt,ts-route-service,13,13,1
matched_rca,qwen3.6-27b,V,aegislab,ts-seat-service,13,3,0.34230769
visual_counterfactual_rca,qwen3.6-27b,H_placebo,re2_ob,emailservice,13,12,0.96153846
direct_rca,qwen3.6-27b,F,aegislab,ts-ui-dashboard,13,2,0.4474359
visual_counterfactual_rca,gemma-4-26b-a4b,H_targeted,re2_tt,ts-train-service,13,12,0.92307692
matched_rca,gemma-4-26b-a4b,R,aiops2025,tidb-tikv,13,2,0.15384615
visual_counterfactual_rca,gemma-4-26b-a4b,H_factual,re2_tt,ts-train-service,13,12,0.92307692
visual_counterfactual_rca,qwen3.6-27b,H_factual,re2_tt,ts-auth-service,13,13,1
direct_rca,qwen3.6-27b,H,re2_tt,ts-train-service,13,13,1
matched_rca,qwen3.8-27b,P,aiops2025,tidb-tidb,13,0,0.16666667
direct_rca,qwen3.6-27b,T,re2_tt,ts-auth-service,13,13,1
ledger_handoff_rca,gemma-4-26b-a4b,L_hyb,aiops2025,tidb-tikv,13,1,0.076923077
ledger_handoff_rca,qwen3.8-27b,L_hyb,aiops2022,adservice,13,0,0.10512821
visual_counterfactual_rca,gemma-4-26b-a4b,H_placebo,re2_ob,currencyservice,13,13,1
matched_rca,qwen3.8-27b,H,aiops2025,tidb-tidb,13,0,0.16025641
direct_rca,gemma-4-26b-a4b,T,aegislab,ts-ui-dashboard,13,2,0.30384615
matched_rca,gemma-4-26b-a4b,T,aiops2025,tidb-tikv,13,3,0.23076923
visual_counterfactual_rca,qwen3.6-27b,H_targeted,re2_tt,ts-auth-service,13,13,1
direct_rca,qwen3.6-27b,H,re2_ob,emailservice,13,12,0.96153846
matched_rca,gemma-4-26b-a4b,H,aiops2022,adservice,13,0,0
ledger_handoff_rca,qwen3.6-27b,L_vis,re2_ob,checkoutservice,13,12,0.94871795
matched_rca,gemma-4-26b-a4b,F,re2_tt,ts-order-service,13,13,1
matched_rca,qwen3.6-27b,T,re2_ob,emailservice,13,13,1
matched_rca,gemma-4-26b-a4b,T,aiops2022,adservice,13,0,0
direct_rca,qwen3.8-27b,R,aiops2022,node-5,13,1,0.25
direct_rca,gemma-4-26b-a4b,V,re2_tt,ts-travel-service,13,11,0.84615385
visual_counterfactual_rca,qwen3.6-27b,H_placebo,aiops2025,tidb-tikv,13,0,0.17564103
direct_rca,gemma-4-26b-a4b,H,aiops2025,tidb-tikv,13,3,0.26538462
matched_rca,qwen3.8-27b,F,re2_tt,ts-admin-travel-service,13,0,0.23974359
visual_counterfactual_rca,gemma-4-26b-a4b,H_factual,re2_tt,ts-travel-service,13,12,0.92307692
visual_counterfactual_rca,qwen3.8-27b,H_factual,re2_ob,emailservice,13,12,0.92307692
visual_counterfactual_rca,qwen3.8-27b,H_targeted,aiops2025,tidb-tidb,12,0,0.15277778
matched_rca,gemma-4-26b-a4b,P,aiops2022,adservice-0,12,0,0.027777778
visual_counterfactual_rca,gemma-4-26b-a4b,H_neutral,re2_tt,ts-route-service,12,12,1
matched_rca,qwen3.6-27b,P,re2_ob,emailservice,12,11,0.93333333
matched_rca,gemma-4-26b-a4b,F,aiops2025,tidb-tikv,12,3,0.25
visual_counterfactual_rca,qwen3.8-27b,H_neutral,aiops2025,tidb-tidb,12,1,0.27083333
visual_counterfactual_rca,gemma-4-26b-a4b,H_factual,re2_ob,currencyservice,12,12,1
direct_rca,gemma-4-26b-a4b,V,re2_ob,currencyservice,12,12,1
direct_rca,qwen3.6-27b,F,re2_tt,ts-order-service,12,11,0.91666667
visual_counterfactual_rca,qwen3.8-27b,H_placebo,re2_tt,ts-auth-service,12,12,1
matched_rca,gemma-4-26b-a4b,H,re2_tt,ts-auth-service,12,12,1
direct_rca,gemma-4-26b-a4b,F,aiops2022,node-5,12,3,0.34027778
visual_counterfactual_rca,qwen3.8-27b,H_placebo,re2_tt,ts-train-service,12,12,1
direct_rca,gemma-4-26b-a4b,F,re2_tt,ts-travel-service,12,12,1
direct_rca,gemma-4-26b-a4b,F,re2_tt,ts-auth-service,12,12,1
direct_rca,qwen3.6-27b,F,re2_tt,ts-travel-service,12,11,0.94444444
visual_counterfactual_rca,qwen3.8-27b,H_targeted,re2_tt,ts-admin-travel-service,12,0,0.22916667
matched_rca,qwen3.8-27b,T,re2_tt,ts-auth-service,12,12,1
visual_counterfactual_rca,gemma-4-26b-a4b,H_neutral,re2_tt,ts-train-service,12,11,0.95833333
visual_counterfactual_rca,qwen3.8-27b,H_neutral,re2_tt,ts-train-service,12,12,1
direct_rca,gemma-4-26b-a4b,V,aiops2022,node-6,12,3,0.31944444
matched_rca,qwen3.8-27b,T,re2_tt,ts-admin-travel-service,12,0,0.33333333
direct_rca,qwen3.6-27b,T,aiops2022,adservice,12,0,0.10694444
direct_rca,qwen3.8-27b,H,re2_ob,emailservice,12,10,0.83333333
direct_rca,gemma-4-26b-a4b,T,re2_tt,ts-auth-service,12,12,1
direct_rca,gemma-4-26b-a4b,V,aiops2022,adservice,12,0,0
matched_rca,gemma-4-26b-a4b,T,re2_tt,ts-order-service,12,12,1
direct_rca,qwen3.6-27b,R,re2_tt,ts-inside-payment-service,12,0,0.13888889
direct_rca,qwen3.6-27b,R,re2_tt,ts-train-service,12,12,1
visual_counterfactual_rca,qwen3.6-27b,H_targeted,aegislab,ts-ui-dashboard,12,1,0.37083333
ledger_handoff_rca,gemma-4-26b-a4b,L_vis,aiops2022,node-5,12,3,0.25
visual_counterfactual_rca,qwen3.6-27b,H_neutral,aiops2025,tidb-tikv,12,0,0.13194444
visual_counterfactual_rca,qwen3.6-27b,H_neutral,re2_tt,ts-train-service,12,12,1
ledger_handoff_rca,qwen3.8-27b,L_txt,aiops2022,adservice,12,0,0.10277778
visual_counterfactual_rca,qwen3.6-27b,H_neutral,re2_ob,emailservice,12,12,1
direct_rca,gemma-4-26b-a4b,H,re2_tt,ts-admin-travel-service,12,0,0.15833333
matched_rca,qwen3.6-27b,T,re2_tt,ts-auth-service,12,12,1
matched_rca,qwen3.8-27b,P,re2_ob,emailservice,12,11,0.91666667
matched_rca,gemma-4-26b-a4b,T,aiops2022,adservice2,12,0,0
matched_rca,qwen3.6-27b,T,re2_tt,ts-train-service,12,12,1
visual_counterfactual_rca,gemma-4-26b-a4b,H_targeted,aegislab,ts-preserve-service,12,6,0.58611111
matched_rca,gemma-4-26b-a4b,F,re2_tt,ts-travel-service,12,12,1
matched_rca,qwen3.6-27b,R,aiops2025,frontend,12,2,0.39166667
direct_rca,qwen3.6-27b,V,aiops2022,adservice,12,0,0.1
direct_rca,qwen3.6-27b,F,re2_tt,ts-auth-service,12,12,1
visual_counterfactual_rca,qwen3.6-27b,H_targeted,aiops2025,tidb-tikv,12,1,0.27083333
matched_rca,qwen3.8-27b,R,aiops2022,adservice,12,0,0.14444444
ledger_handoff_rca,qwen3.8-27b,L_hyb,re2_tt,ts-travel-service,12,12,1
ledger_handoff_rca,gemma-4-26b-a4b,L_hyb,re2_ob,currencyservice,12,12,1
matched_rca,qwen3.8-27b,H,re2_tt,ts-auth-service,12,12,1
matched_rca,qwen3.6-27b,F,re2_tt,ts-auth-service,12,12,1
matched_rca,qwen3.6-27b,F,re2_tt,ts-train-service,12,12,1
matched_rca,qwen3.8-27b,F,re2_tt,ts-auth-service,12,12,1
ledger_handoff_rca,qwen3.6-27b,L_vis,re2_ob,currencyservice,12,11,0.94444444
matched_rca,qwen3.6-27b,F,aiops2022,adservice2,12,0,0.086111111
direct_rca,qwen3.8-27b,F,re2_tt,ts-train-service,12,12,1
direct_rca,qwen3.6-27b,H,re2_tt,ts-auth-service,12,12,1
visual_counterfactual_rca,qwen3.6-27b,H_factual,aiops2025,tidb-tidb,12,0,0.21111111
visual_counterfactual_rca,qwen3.6-27b,H_factual,re2_tt,ts-route-service,12,12,1
direct_rca,qwen3.6-27b,H,aiops2022,node-5,12,1,0.29166667
visual_counterfactual_rca,qwen3.8-27b,H_factual,re2_tt,ts-auth-service,12,12,1
matched_rca,qwen3.8-27b,V,re2_ob,checkoutservice,12,9,0.84722222
ledger_handoff_rca,qwen3.8-27b,L_hyb,aiops2025,frontend,12,4,0.51666667
direct_rca,gemma-4-26b-a4b,R,re2_tt,ts-train-service,12,12,1
direct_rca,qwen3.6-27b,P,aiops2022,node-5,12,1,0.23611111
ledger_handoff_rca,gemma-4-26b-a4b,L_txt,re2_ob,productcatalogservice,12,10,0.91666667
visual_counterfactual_rca,qwen3.6-27b,H_factual,re2_tt,ts-travel-service,12,10,0.83333333
matched_rca,qwen3.6-27b,F,re2_ob,emailservice,12,11,0.95833333
direct_rca,qwen3.6-27b,P,re2_ob,emailservice,12,12,1
ledger_handoff_rca,gemma-4-26b-a4b,L_hyb,re2_tt,ts-order-service,12,12,1
visual_counterfactual_rca,qwen3.8-27b,H_neutral,re2_tt,ts-auth-service,12,12,1
direct_rca,gemma-4-26b-a4b,R,aiops2022,node-6,12,3,0.27777778
matched_rca,qwen3.6-27b,F,aiops2025,tidb-tidb,12,0,0.21805556
matched_rca,qwen3.6-27b,P,re2_tt,ts-train-service,12,12,1
ledger_handoff_rca,qwen3.6-27b,L_txt,aiops2022,node-5,12,3,0.34722222
direct_rca,gemma-4-26b-a4b,R,re2_tt,ts-travel-service,12,11,0.91666667
visual_counterfactual_rca,gemma-4-26b-a4b,H_placebo,re2_tt,ts-train-service,12,12,1
ledger_handoff_rca,gemma-4-26b-a4b,L_hyb,re2_ob,productcatalogservice,12,12,1
visual_counterfactual_rca,gemma-4-26b-a4b,H_neutral,aegislab,ts-preserve-service,12,5,0.475
visual_counterfactual_rca,gemma-4-26b-a4b,H_factual,re2_tt,ts-route-service,12,11,0.91666667
ledger_handoff_rca,qwen3.8-27b,L_txt,re2_tt,ts-inside-payment-service,12,0,0.35
visual_counterfactual_rca,qwen3.8-27b,H_factual,re2_tt,ts-train-service,12,12,1
direct_rca,gemma-4-26b-a4b,V,re2_tt,ts-train-service,12,12,1
matched_rca,gemma-4-26b-a4b,H,re2_tt,ts-travel-service,12,11,0.91666667
matched_rca,qwen3.6-27b,H,re2_tt,ts-auth-service,12,12,1
visual_counterfactual_rca,qwen3.8-27b,H_targeted,re2_tt,ts-auth-service,12,12,1
matched_rca,qwen3.6-27b,H,aiops2025,tidb-tidb,12,0,0.13194444
matched_rca,qwen3.6-27b,R,re2_tt,ts-train-service,12,12,1
matched_rca,gemma-4-26b-a4b,T,re2_tt,ts-train-service,11,11,1
direct_rca,qwen3.8-27b,V,re2_ob,frontend,11,0,0.24545455
ledger_handoff_rca,qwen3.8-27b,L_vis,aiops2025,frontend,11,1,0.34848485
matched_rca,qwen3.6-27b,R,re2_tt,ts-admin-travel-service,11,0,0.34848485
matched_rca,qwen3.8-27b,F,re2_tt,ts-order-service,11,10,0.93181818
matched_rca,gemma-4-26b-a4b,R,aegislab,ts-seat-service,11,4,0.36363636
ledger_handoff_rca,gemma-4-26b-a4b,L_hyb,aiops2022,node-6,11,4,0.36363636
matched_rca,qwen3.8-27b,P,aegislab,ts-ui-dashboard,11,1,0.21969697
matched_rca,gemma-4-26b-a4b,R,re2_tt,ts-order-service,11,11,1
matched_rca,qwen3.8-27b,V,re2_ob,frontend,11,0,0.35606061
direct_rca,gemma-4-26b-a4b,R,re2_ob,currencyservice,11,11,1
matched_rca,qwen3.6-27b,V,aiops2022,adservice,11,0,0.15909091
matched_rca,qwen3.6-27b,V,aiops2022,adservice2,11,0,0.075757576
ledger_handoff_rca,qwen3.8-27b,L_txt,re2_tt,ts-travel-service,11,11,1
matched_rca,qwen3.8-27b,P,aiops2022,node-5,11,3,0.31818182
matched_rca,gemma-4-26b-a4b,F,re2_tt,ts-train-service,11,11,1
direct_rca,gemma-4-26b-a4b,T,re2_tt,ts-travel-service,11,11,1
visual_counterfactual_rca,qwen3.8-27b,H_factual,re2_tt,ts-admin-travel-service,11,0,0.18181818
ledger_handoff_rca,gemma-4-26b-a4b,L_vis,re2_tt,ts-inside-payment-service,11,0,0
matched_rca,qwen3.8-27b,R,re2_tt,ts-travel-service,11,11,1
visual_counterfactual_rca,qwen3.6-27b,H_neutral,re2_ob,frontend,11,0,0.38636364
direct_rca,gemma-4-26b-a4b,T,re2_tt,ts-order-service,11,11,1
matched_rca,qwen3.6-27b,T,aiops2022,adservice2,11,0,0.16212121
matched_rca,qwen3.6-27b,V,re2_tt,ts-order-service,11,10,0.90909091
visual_counterfactual_rca,qwen3.6-27b,H_placebo,re2_ob,frontend,11,0,0.3030303
matched_rca,qwen3.8-27b,R,re2_tt,ts-order-service,11,11,1
visual_counterfactual_rca,qwen3.6-27b,H_placebo,re2_tt,ts-order-service,11,10,0.90909091
matched_rca,gemma-4-26b-a4b,H,re2_tt,ts-order-service,11,11,1
matched_rca,gemma-4-26b-a4b,H,aiops2022,node-5,11,2,0.18181818
direct_rca,qwen3.6-27b,T,re2_tt,ts-order-service,11,11,1
direct_rca,gemma-4-26b-a4b,F,aiops2022,adservice2,11,0,0.040909091
matched_rca,qwen3.6-27b,H,re2_tt,ts-train-service,11,11,1
matched_rca,qwen3.6-27b,H,re2_tt,ts-travel-service,11,10,0.93939394
matched_rca,qwen3.6-27b,H,re2_tt,ts-order-service,11,11,1
direct_rca,gemma-4-26b-a4b,F,re2_tt,ts-order-service,11,11,1
visual_counterfactual_rca,gemma-4-26b-a4b,H_neutral,re2_ob,currencyservice,11,11,1
ledger_handoff_rca,gemma-4-26b-a4b,L_vis,re2_ob,currencyservice,11,11,1
direct_rca,qwen3.8-27b,P,aiops2022,adservice,11,0,0.083333333
direct_rca,gemma-4-26b-a4b,V,aiops2022,adservice2,11,0,0
direct_rca,gemma-4-26b-a4b,P,aiops2022,adservice,11,0,0
direct_rca,gemma-4-26b-a4b,H,aiops2022,node-6,11,4,0.48484848
matched_rca,qwen3.8-27b,T,aiops2022,adservice,11,0,0.1969697
visual_counterfactual_rca,qwen3.8-27b,H_placebo,re2_tt,ts-admin-travel-service,11,0,0.13636364
visual_counterfactual_rca,qwen3.6-27b,H_placebo,aiops2025,frontend,11,2,0.20454545
visual_counterfactual_rca,qwen3.6-27b,H_placebo,re2_tt,ts-travel-service,11,10,0.90909091
direct_rca,qwen3.6-27b,F,aiops2022,adservice,11,0,0.18484848
direct_rca,gemma-4-26b-a4b,H,aegislab,ts-ui-dashboard,11,2,0.33636364
direct_rca,gemma-4-26b-a4b,H,re2_tt,ts-order-service,11,11,1
ledger_handoff_rca,qwen3.8-27b,L_hyb,re2_ob,frontend,11,0,0.32575758
visual_counterfactual_rca,qwen3.6-27b,H_targeted,re2_ob,frontend,11,0,0.35606061
matched_rca,qwen3.6-27b,T,re2_tt,ts-travel-service,11,10,0.90909091
ledger_handoff_rca,gemma-4-26b-a4b,L_txt,re2_ob,currencyservice,11,11,1
visual_counterfactual_rca,gemma-4-26b-a4b,H_factual,re2_tt,ts-inside-payment-service,11,0,0.24545455
direct_rca,gemma-4-26b-a4b,P,aiops2022,adservice2,11,0,0
matched_rca,qwen3.6-27b,H,aiops2022,adservice,11,0,0.098484848
ledger_handoff_rca,qwen3.6-27b,L_hyb,re2_tt,ts-train-service,11,11,1
direct_rca,gemma-4-26b-a4b,R,re2_tt,ts-order-service,11,11,1
visual_counterfactual_rca,qwen3.6-27b,H_neutral,aegislab,ts-ui-dashboard,11,1,0.40909091
matched_rca,qwen3.6-27b,V,re2_ob,currencyservice,11,11,1
direct_rca,qwen3.8-27b,F,re2_ob,emailservice,11,9,0.86363636
matched_rca,qwen3.8-27b,P,re2_tt,ts-auth-service,11,11,1
matched_rca,qwen3.8-27b,P,re2_tt,ts-admin-travel-service,11,0,0.27272727
visual_counterfactual_rca,gemma-4-26b-a4b,H_targeted,re2_ob,productcatalogservice,11,11,1
matched_rca,qwen3.8-27b,R,re2_ob,frontend,11,0,0.21212121
direct_rca,qwen3.8-27b,V,aiops2022,adservice,11,0,0.048484848
ledger_handoff_rca,gemma-4-26b-a4b,L_hyb,aiops2022,adservice,11,0,0
ledger_handoff_rca,gemma-4-26b-a4b,L_hyb,re2_tt,ts-auth-service,11,11,1
direct_rca,gemma-4-26b-a4b,P,aiops2025,tidb-tikv,11,2,0.18181818
visual_counterfactual_rca,gemma-4-26b-a4b,H_targeted,re2_ob,currencyservice,11,11,1
matched_rca,qwen3.6-27b,R,aiops2022,node-5,11,2,0.22272727
matched_rca,qwen3.6-27b,V,aiops2022,node-5,11,2,0.31818182
direct_rca,gemma-4-26b-a4b,R,aiops2022,adservice,11,0,0.045454545
matched_rca,gemma-4-26b-a4b,F,aiops2022,adservice,11,0,0
ledger_handoff_rca,gemma-4-26b-a4b,L_txt,aiops2025,tidb-tikv,11,1,0.090909091
matched_rca,qwen3.8-27b,H,re2_tt,ts-train-service,11,11,1
direct_rca,qwen3.8-27b,T,re2_tt,ts-auth-service,11,11,1
matched_rca,qwen3.6-27b,V,aiops2025,tidb-tidb,11,0,0.068181818
direct_rca,gemma-4-26b-a4b,P,aiops2025,frontend,11,4,0.36363636
matched_rca,qwen3.6-27b,F,re2_tt,ts-order-service,11,11,1
matched_rca,qwen3.6-27b,F,re2_tt,ts-travel-service,11,9,0.86363636
direct_rca,qwen3.8-27b,P,re2_tt,ts-inside-payment-service,11,0,0.19545455
matched_rca,gemma-4-26b-a4b,H,re2_tt,ts-train-service,11,11,1
ledger_handoff_rca,qwen3.8-27b,L_txt,re2_tt,ts-order-service,11,11,1
ledger_handoff_rca,gemma-4-26b-a4b,L_vis,re2_ob,productcatalogservice,11,10,0.90909091
direct_rca,qwen3.6-27b,V,re2_tt,ts-train-service,11,11,1
matched_rca,qwen3.8-27b,H,re2_tt,ts-admin-travel-service,11,0,0.15909091
direct_rca,qwen3.8-27b,F,aiops2025,tidb-tikv,11,1,0.18181818
direct_rca,qwen3.8-27b,F,re2_tt,ts-auth-service,11,11,1
matched_rca,gemma-4-26b-a4b,R,aegislab,ts-preserve-service,11,3,0.31818182
direct_rca,gemma-4-26b-a4b,T,re2_tt,ts-route-service,10,10,1
ledger_handoff_rca,qwen3.6-27b,L_vis,re2_ob,frontend,10,0,0.325
direct_rca,qwen3.8-27b,T,re2_tt,ts-train-service,10,10,1
matched_rca,qwen3.8-27b,V,re2_ob,emailservice,10,10,1
direct_rca,gemma-4-26b-a4b,R,re2_tt,ts-auth-service,10,10,1
matched_rca,qwen3.6-27b,R,re2_tt,ts-order-service,10,10,1
ledger_handoff_rca,qwen3.8-27b,L_txt,aiops2025,frontend,10,3,0.50333333
visual_counterfactual_rca,qwen3.6-27b,H_placebo,re2_tt,ts-auth-service,10,10,1
matched_rca,gemma-4-26b-a4b,T,re2_ob,currencyservice,10,10,1
matched_rca,qwen3.8-27b,V,aiops2022,adservice,10,0,0
matched_rca,qwen3.6-27b,T,aiops2025,tidb-tidb,10,0,0.12
matched_rca,qwen3.8-27b,R,aegislab,ts-seat-service,10,4,0.58666667
visual_counterfactual_rca,qwen3.6-27b,H_targeted,aiops2025,frontend,10,1,0.21666667
direct_rca,gemma-4-26b-a4b,T,aiops2022,node-6,10,5,0.58333333
ledger_handoff_rca,gemma-4-26b-a4b,L_txt,re2_tt,ts-route-service,10,10,1
ledger_handoff_rca,gemma-4-26b-a4b,L_txt,aiops2022,adservice,10,0,0
direct_rca,gemma-4-26b-a4b,V,re2_ob,productcatalogservice,10,9,0.9
matched_rca,qwen3.8-27b,R,re2_tt,ts-inside-payment-service,10,0,0.35833333
matched_rca,qwen3.8-27b,V,re2_tt,ts-order-service,10,9,0.95
ledger_handoff_rca,qwen3.8-27b,L_vis,aegislab,ts-preserve-service,10,3,0.45
matched_rca,qwen3.8-27b,T,re2_tt,ts-train-service,10,10,1
ledger_handoff_rca,gemma-4-26b-a4b,L_txt,re2_tt,ts-order-service,10,10,1
visual_counterfactual_rca,gemma-4-26b-a4b,H_placebo,re2_ob,productcatalogservice,10,10,1
visual_counterfactual_rca,qwen3.6-27b,H_neutral,aiops2025,tidb-tidb,10,0,0.175
ledger_handoff_rca,qwen3.8-27b,L_hyb,aiops2025,tidb-tidb,10,0,0.25333333
matched_rca,gemma-4-26b-a4b,R,re2_tt,ts-inside-payment-service,10,0,0.05
matched_rca,gemma-4-26b-a4b,R,re2_tt,ts-train-service,10,10,1
ledger_handoff_rca,qwen3.6-27b,L_txt,aiops2022,adservice,10,0,0.15666667
matched_rca,gemma-4-26b-a4b,R,aiops2022,adservice,10,0,0
visual_counterfactual_rca,gemma-4-26b-a4b,H_neutral,re2_tt,ts-travel-service,10,9,0.93333333
direct_rca,qwen3.6-27b,T,aiops2022,adservice2,10,0,0.098333333
direct_rca,qwen3.6-27b,R,aiops2025,tidb-tikv,10,2,0.2
matched_rca,gemma-4-26b-a4b,V,aiops2022,adservice,10,0,0
matched_rca,qwen3.8-27b,F,aiops2022,adservice,10,0,0.31666667
ledger_handoff_rca,gemma-4-26b-a4b,L_hyb,aiops2022,adservice2,10,0,0
matched_rca,gemma-4-26b-a4b,T,re2_ob,productcatalogservice,10,10,1
ledger_handoff_rca,gemma-4-26b-a4b,L_txt,re2_tt,ts-inside-payment-service,10,0,0
direct_rca,qwen3.8-27b,H,re2_tt,ts-train-service,10,10,1
visual_counterfactual_rca,gemma-4-26b-a4b,H_neutral,re2_tt,ts-auth-service,10,10,1
visual_counterfactual_rca,qwen3.8-27b,H_placebo,re2_tt,ts-travel-service,10,10,1
visual_counterfactual_rca,qwen3.6-27b,H_factual,aegislab,ts-ui-dashboard,10,1,0.36166667
visual_counterfactual_rca,gemma-4-26b-a4b,H_factual,aegislab,ts-preserve-service,10,6,0.625
matched_rca,qwen3.8-27b,R,aiops2025,frontend,10,3,0.55
direct_rca,gemma-4-26b-a4b,V,re2_ob,checkoutservice,10,10,1
direct_rca,qwen3.6-27b,T,aiops2025,tidb-tidb,10,0,0.125
matched_rca,qwen3.6-27b,V,re2_tt,ts-auth-service,10,10,1
matched_rca,qwen3.6-27b,V,re2_tt,ts-admin-travel-service,10,0,0.30333333
matched_rca,qwen3.6-27b,V,re2_tt,ts-inside-payment-service,10,0,0.28333333
ledger_handoff_rca,qwen3.6-27b,L_txt,re2_tt,ts-train-service,10,10,1
matched_rca,qwen3.6-27b,P,re2_tt,ts-travel-service,10,7,0.75
matched_rca,qwen3.6-27b,R,re2_ob,currencyservice,10,10,1
direct_rca,qwen3.8-27b,T,aiops2022,node-6,10,5,0.58333333
ledger_handoff_rca,gemma-4-26b-a4b,L_hyb,re2_tt,ts-train-service,10,10,1
matched_rca,qwen3.6-27b,F,aiops2022,adservice,10,0,0.15666667
ledger_handoff_rca,gemma-4-26b-a4b,L_txt,re2_tt,ts-travel-service,10,9,0.9
direct_rca,qwen3.6-27b,T,re2_tt,ts-route-service,10,9,0.9
matched_rca,gemma-4-26b-a4b,T,aiops2022,node-5,10,2,0.2
visual_counterfactual_rca,qwen3.6-27b,H_neutral,re2_tt,ts-travel-service,10,9,0.9
matched_rca,gemma-4-26b-a4b,V,re2_ob,currencyservice,10,10,1
direct_rca,gemma-4-26b-a4b,T,aiops2025,tidb-tikv,10,2,0.28333333
visual_counterfactual_rca,qwen3.6-27b,H_targeted,re2_tt,ts-travel-service,10,9,0.95
matched_rca,qwen3.8-27b,H,aiops2022,node-6,10,4,0.48333333
direct_rca,qwen3.6-27b,R,aiops2025,frontend,10,2,0.425
matched_rca,gemma-4-26b-a4b,V,re2_tt,ts-train-service,10,10,1
matched_rca,qwen3.6-27b,F,re2_tt,ts-route-service,10,10,1
direct_rca,qwen3.8-27b,T,aiops2025,tidb-tikv,10,1,0.23333333
ledger_handoff_rca,qwen3.6-27b,L_vis,aiops2025,frontend,10,2,0.38333333
matched_rca,qwen3.6-27b,V,aiops2025,frontend,10,2,0.39166667
matched_rca,gemma-4-26b-a4b,F,re2_ob,currencyservice,10,10,1
matched_rca,qwen3.6-27b,T,re2_tt,ts-order-service,10,10,1
visual_counterfactual_rca,qwen3.6-27b,H_factual,re2_ob,frontend,10,0,0.33333333
direct_rca,qwen3.6-27b,H,re2_tt,ts-travel-service,10,8,0.83333333
visual_counterfactual_rca,qwen3.6-27b,H_factual,re2_tt,ts-train-service,10,10,1
visual_counterfactual_rca,qwen3.6-27b,H_factual,aiops2025,tidb-tikv,10,0,0.10833333
direct_rca,qwen3.6-27b,T,re2_ob,currencyservice,10,10,1
direct_rca,qwen3.6-27b,P,re2_ob,productcatalogservice,10,8,0.83333333
visual_counterfactual_rca,gemma-4-26b-a4b,H_targeted,re2_tt,ts-auth-service,10,10,1
direct_rca,qwen3.8-27b,F,aiops2022,node-6,10,5,0.58333333
direct_rca,qwen3.8-27b,F,aiops2022,node-5,10,3,0.43333333
direct_rca,qwen3.6-27b,H,aiops2025,tidb-tidb,10,0,0.09
matched_rca,gemma-4-26b-a4b,R,re2_ob,currencyservice,10,10,1
direct_rca,qwen3.6-27b,H,re2_tt,ts-order-service,10,10,1
direct_rca,gemma-4-26b-a4b,P,re2_tt,ts-route-service,10,9,0.9
ledger_handoff_rca,qwen3.8-27b,L_vis,re2_tt,ts-inside-payment-service,10,0,0.3
visual_counterfactual_rca,qwen3.8-27b,H_neutral,re2_tt,ts-admin-travel-service,10,0,0.25
direct_rca,gemma-4-26b-a4b,R,aiops2022,adservice2,10,0,0
matched_rca,gemma-4-26b-a4b,F,re2_tt,ts-auth-service,10,10,1
direct_rca,qwen3.6-27b,F,aiops2022,node-5,10,2,0.42
matched_rca,gemma-4-26b-a4b,H,aiops2025,tidb-tikv,10,1,0.1
matched_rca,qwen3.6-27b,P,aiops2022,frontend,10,2,0.25
direct_rca,qwen3.8-27b,H,aiops2025,tidb-tikv,10,2,0.28333333
direct_rca,qwen3.8-27b,H,re2_tt,ts-auth-service,10,10,1
ledger_handoff_rca,qwen3.8-27b,L_txt,aiops2025,tidb-tidb,10,0,0.2
direct_rca,gemma-4-26b-a4b,H,re2_tt,ts-auth-service,10,10,1
matched_rca,qwen3.6-27b,P,re2_tt,ts-admin-travel-service,10,0,0.27
direct_rca,qwen3.8-27b,T,re2_ob,emailservice,10,8,0.85
ledger_handoff_rca,qwen3.6-27b,L_hyb,re2_ob,currencyservice,10,10,1
matched_rca,qwen3.8-27b,P,re2_tt,ts-train-service,10,10,1
ledger_handoff_rca,qwen3.8-27b,L_hyb,aegislab,ts-preserve-service,10,3,0.46666667
matched_rca,qwen3.6-27b,P,re2_tt,ts-auth-service,10,10,1
matched_rca,qwen3.8-27b,T,aiops2022,node-6,10,5,0.63333333
direct_rca,qwen3.6-27b,F,aiops2025,tidb-tikv,10,1,0.24166667
matched_rca,gemma-4-26b-a4b,V,re2_tt,ts-auth-service,10,10,1
visual_counterfactual_rca,qwen3.8-27b,H_targeted,re2_tt,ts-train-service,10,10,1
visual_counterfactual_rca,qwen3.8-27b,H_neutral,re2_tt,ts-order-service,10,9,0.95
ledger_handoff_rca,gemma-4-26b-a4b,L_vis,re2_tt,ts-route-service,10,10,1
matched_rca,qwen3.8-27b,T,aiops2022,adservice2,10,0,0.025
direct_rca,gemma-4-26b-a4b,F,re2_ob,currencyservice,10,10,1
direct_rca,gemma-4-26b-a4b,H,re2_tt,ts-route-service,10,9,0.95
ledger_handoff_rca,gemma-4-26b-a4b,L_hyb,aegislab,ts-travel-plan-service,10,2,0.23333333
matched_rca,qwen3.8-27b,F,aiops2022,node-6,10,5,0.6
matched_rca,qwen3.6-27b,P,aiops2022,adservice,10,0,0.18666667
ledger_handoff_rca,qwen3.6-27b,L_txt,aiops2025,tidb-tikv,10,1,0.2
visual_counterfactual_rca,gemma-4-26b-a4b,H_neutral,re2_tt,ts-inside-payment-service,10,0,0.2
visual_counterfactual_rca,gemma-4-26b-a4b,H_factual,re2_ob,productcatalogservice,10,10,1
ledger_handoff_rca,qwen3.6-27b,L_txt,re2_ob,currencyservice,10,10,1
matched_rca,qwen3.6-27b,H,re2_tt,ts-admin-travel-service,10,0,0.19166667
ledger_handoff_rca,qwen3.6-27b,L_vis,aiops2022,node-5,9,1,0.28703704
direct_rca,gemma-4-26b-a4b,F,aegislab,ts-ui-dashboard,9,1,0.25925926
visual_counterfactual_rca,gemma-4-26b-a4b,H_neutral,re2_ob,productcatalogservice,9,9,1
direct_rca,gemma-4-26b-a4b,F,re2_tt,ts-route-service,9,9,1
matched_rca,gemma-4-26b-a4b,R,aiops2025,frontend,9,1,0.16666667
direct_rca,gemma-4-26b-a4b,H,aiops2025,tidb-tidb,9,1,0.25925926
direct_rca,gemma-4-26b-a4b,H,re2_tt,ts-travel-service,9,9,1
matched_rca,gemma-4-26b-a4b,R,aiops2022,node-5,9,1,0.11111111
visual_counterfactual_rca,qwen3.6-27b,H_placebo,re2_tt,ts-train-service,9,9,1
direct_rca,gemma-4-26b-a4b,F,re2_tt,ts-admin-travel-service,9,0,0.25925926
visual_counterfactual_rca,qwen3.6-27b,H_placebo,re2_tt,ts-admin-travel-service,9,0,0.34259259
visual_counterfactual_rca,qwen3.6-27b,H_placebo,aiops2025,tidb-tidb,9,0,0.17592593
direct_rca,qwen3.6-27b,F,aiops2025,tidb-tidb,9,0,0.13888889
direct_rca,gemma-4-26b-a4b,V,re2_tt,ts-auth-service,9,9,1
direct_rca,qwen3.6-27b,F,aiops2022,adservice2,9,0,0.044444444
matched_rca,qwen3.6-27b,H,aiops2025,tidb-tikv,9,1,0.23148148
direct_rca,qwen3.8-27b,H,aiops2022,node-6,9,4,0.53703704
matched_rca,gemma-4-26b-a4b,H,re2_ob,currencyservice,9,9,1
direct_rca,gemma-4-26b-a4b,F,re2_ob,productcatalogservice,9,9,1
direct_rca,qwen3.6-27b,P,re2_tt,ts-auth-service,9,9,1
matched_rca,qwen3.8-27b,R,aiops2022,node-6,9,3,0.51851852
ledger_handoff_rca,qwen3.8-27b,L_vis,aiops2022,node-6,9,2,0.27777778
direct_rca,gemma-4-26b-a4b,T,aiops2022,adservice,9,0,0.037037037
ledger_handoff_rca,qwen3.6-27b,L_hyb,re2_tt,ts-order-service,9,9,1
visual_counterfactual_rca,qwen3.6-27b,H_factual,re2_tt,ts-order-service,9,9,1
ledger_handoff_rca,qwen3.6-27b,L_hyb,re2_tt,ts-travel-service,9,9,1
ledger_handoff_rca,qwen3.6-27b,L_hyb,aiops2025,tidb-tidb,9,0,0.18518519
direct_rca,gemma-4-26b-a4b,R,re2_ob,productcatalogservice,9,8,0.88888889
visual_counterfactual_rca,qwen3.6-27b,H_targeted,re2_tt,ts-train-service,9,9,1
direct_rca,gemma-4-26b-a4b,T,re2_ob,productcatalogservice,9,9,1
direct_rca,gemma-4-26b-a4b,T,re2_ob,currencyservice,9,9,1
matched_rca,gemma-4-26b-a4b,V,re2_ob,frontend,9,0,0.22222222
matched_rca,qwen3.8-27b,H,aiops2022,frontend,9,0,0.11481481
visual_counterfactual_rca,gemma-4-26b-a4b,H_placebo,re2_tt,ts-travel-service,9,9,1
visual_counterfactual_rca,gemma-4-26b-a4b,H_placebo,re2_tt,ts-inside-payment-service,9,0,0.16666667
matched_rca,gemma-4-26b-a4b,F,aiops2022,node-5,9,2,0.22222222
matched_rca,gemma-4-26b-a4b,F,aiops2025,frontend,9,2,0.33333333
direct_rca,qwen3.8-27b,T,aiops2025,adservice,9,2,0.27777778
direct_rca,qwen3.6-27b,F,re2_ob,productcatalogservice,9,8,0.92592593
visual_counterfactual_rca,gemma-4-26b-a4b,H_factual,re2_tt,ts-auth-service,9,9,1
direct_rca,qwen3.6-27b,R,aiops2022,node-6,9,2,0.41111111
ledger_handoff_rca,qwen3.6-27b,L_vis,re2_tt,ts-train-service,9,9,1
matched_rca,qwen3.6-27b,V,re2_ob,frontend,9,0,0.40740741
matched_rca,qwen3.8-27b,P,re2_ob,frontend,9,0,0.35185185
matched_rca,qwen3.6-27b,F,aiops2022,node-5,9,2,0.38888889
ledger_handoff_rca,qwen3.8-27b,L_vis,re2_tt,ts-travel-service,9,9,1
visual_counterfactual_rca,qwen3.6-27b,H_factual,re2_ob,productcatalogservice,9,9,1
visual_counterfactual_rca,qwen3.6-27b,H_factual,aiops2025,frontend,9,2,0.22222222
matched_rca,qwen3.8-27b,V,aiops2025,frontend,9,3,0.56481481
matched_rca,qwen3.6-27b,R,aegislab,ts-travel-plan-service,9,3,0.49074074
direct_rca,gemma-4-26b-a4b,P,aiops2022,node-6,9,4,0.48148148
matched_rca,qwen3.8-27b,F,re2_ob,frontend,9,0,0.2962963
matched_rca,qwen3.6-27b,H,aiops2022,node-6,9,6,0.77777778
matched_rca,gemma-4-26b-a4b,R,re2_ob,productcatalogservice,9,9,1
direct_rca,gemma-4-26b-a4b,P,re2_tt,ts-train-service,9,9,1
ledger_handoff_rca,gemma-4-26b-a4b,L_vis,aiops2022,node-6,9,2,0.22222222
visual_counterfactual_rca,gemma-4-26b-a4b,H_targeted,re2_tt,ts-order-service,9,9,1
direct_rca,qwen3.8-27b,F,aiops2022,adservice2,9,0,0.077777778
matched_rca,qwen3.6-27b,R,aiops2022,adservice,9,0,0.055555556
direct_rca,qwen3.8-27b,T,aiops2022,node-5,9,3,0.42592593
visual_counterfactual_rca,gemma-4-26b-a4b,H_targeted,aiops2025,frontend-0,9,3,0.4537037
direct_rca,qwen3.6-27b,P,aiops2025,tidb-tidb,9,0,0.092592593
ledger_handoff_rca,gemma-4-26b-a4b,L_hyb,re2_tt,ts-route-service,9,9,1
ledger_handoff_rca,gemma-4-26b-a4b,L_hyb,re2_tt,ts-inside-payment-service,9,0,0
direct_rca,qwen3.8-27b,R,re2_tt,ts-inside-payment-service,9,0,0.21296296
ledger_handoff_rca,qwen3.8-27b,L_hyb,re2_tt,ts-inside-payment-service,9,0,0.37037037
matched_rca,qwen3.8-27b,H,re2_tt,ts-travel-service,9,9,1
matched_rca,qwen3.6-27b,T,re2_tt,ts-admin-travel-service,9,0,0.33703704
ledger_handoff_rca,qwen3.6-27b,L_txt,aiops2025,checkoutservice,9,6,0.71111111
direct_rca,qwen3.6-27b,P,re2_tt,ts-train-service,9,7,0.83333333
direct_rca,qwen3.6-27b,R,aiops2022,adservice,9,0,0.092592593
direct_rca,qwen3.8-27b,T,re2_tt,ts-order-service,9,8,0.91666667
matched_rca,gemma-4-26b-a4b,H,aiops2022,adservice-0,9,0,0.092592593
ledger_handoff_rca,qwen3.8-27b,L_hyb,re2_tt,ts-admin-travel-service,9,0,0.18518519
direct_rca,qwen3.8-27b,F,aiops2025,tidb-tidb,9,0,0.14814815
direct_rca,qwen3.8-27b,F,re2_tt,ts-order-service,9,8,0.91666667
matched_rca,qwen3.8-27b,H,aiops2022,adservice,9,0,0.18888889
direct_rca,qwen3.8-27b,T,aiops2025,tidb-tidb,9,0,0.14814815
matched_rca,qwen3.6-27b,R,aiops2025,tidb-tikv,9,2,0.33333333
visual_counterfactual_rca,qwen3.6-27b,H_neutral,re2_ob,productcatalogservice,9,9,1
visual_counterfactual_rca,qwen3.6-27b,H_targeted,re2_tt,ts-order-service,9,9,1
matched_rca,qwen3.6-27b,T,re2_ob,frontend,9,0,0.31851852
visual_counterfactual_rca,qwen3.8-27b,H_factual,re2_ob,frontend,9,0,0.35185185
visual_counterfactual_rca,qwen3.8-27b,H_factual,re2_tt,ts-travel-service,9,9,1
matched_rca,qwen3.6-27b,P,re2_tt,ts-order-service,9,9,1
matched_rca,qwen3.8-27b,T,re2_tt,ts-order-service,9,9,1
ledger_handoff_rca,qwen3.8-27b,L_txt,aiops2022,node-6,9,3,0.48148148
matched_rca,qwen3.8-27b,R,aiops2025,tidb-tidb,9,0,0.2037037
matched_rca,qwen3.6-27b,R,re2_tt,ts-auth-service,9,9,1
matched_rca,qwen3.6-27b,R,re2_ob,frontend,9,0,0.28703704
matched_rca,qwen3.6-27b,V,re2_tt,ts-travel-service,9,8,0.91666667
ledger_handoff_rca,qwen3.6-27b,L_txt,re2_tt,ts-travel-service,9,8,0.88888889
matched_rca,qwen3.6-27b,V,re2_tt,ts-train-service,9,9,1
matched_rca,qwen3.8-27b,F,re2_tt,ts-train-service,9,9,1
visual_counterfactual_rca,gemma-4-26b-a4b,H_targeted,aegislab,ts-travel-plan-service,9,3,0.36111111
visual_counterfactual_rca,gemma-4-26b-a4b,H_targeted,re2_tt,ts-travel-service,9,8,0.88888889
direct_rca,gemma-4-26b-a4b,R,aiops2025,tidb-tikv,9,2,0.22222222
ledger_handoff_rca,qwen3.8-27b,L_vis,re2_tt,ts-admin-travel-service,9,0,0.2037037
direct_rca,gemma-4-26b-a4b,R,re2_tt,ts-route-service,9,9,1
ledger_handoff_rca,gemma-4-26b-a4b,L_txt,aiops2022,node-5,9,1,0.11111111
matched_rca,qwen3.8-27b,P,aiops2022,adservice,9,0,0
direct_rca,qwen3.6-27b,P,aiops2022,adservice2,9,0,0.037037037
matched_rca,gemma-4-26b-a4b,T,re2_tt,ts-admin-travel-service,9,0,0.059259259
direct_rca,gemma-4-26b-a4b,H,aiops2022,adservice2,9,0,0.037037037
direct_rca,qwen3.8-27b,V,re2_ob,gke-gke-cluster-default-pool-2e1807ce-w819,9,0,0.4537037
visual_counterfactual_rca,gemma-4-26b-a4b,H_placebo,re2_tt,ts-auth-service,9,9,1
direct_rca,qwen3.8-27b,H,aiops2025,frontend,9,3,0.42592593
matched_rca,gemma-4-26b-a4b,P,aiops2022,node-5,9,1,0.11111111
direct_rca,qwen3.6-27b,T,re2_ob,productcatalogservice,9,7,0.85185185
visual_counterfactual_rca,qwen3.8-27b,H_targeted,aiops2025,frontend,9,2,0.42037037
matched_rca,gemma-4-26b-a4b,H,re2_ob,productcatalogservice,9,9,1
ledger_handoff_rca,gemma-4-26b-a4b,L_vis,re2_tt,ts-travel-service,9,8,0.88888889
direct_rca,qwen3.6-27b,T,aiops2022,node-5,9,2,0.38888889
direct_rca,qwen3.6-27b,F,re2_ob,currencyservice,9,9,1
direct_rca,gemma-4-26b-a4b,F,aiops2022,node-6,9,5,0.61111111
matched_rca,qwen3.8-27b,T,aiops2022,frontend,9,0,0.14814815
direct_rca,qwen3.8-27b,H,re2_tt,ts-inside-payment-service,8,0,0.29166667
direct_rca,qwen3.8-27b,H,re2_tt,ts-travel-service,8,7,0.91666667
matched_rca,qwen3.8-27b,T,aiops2025,frontend,8,2,0.46875
direct_rca,gemma-4-26b-a4b,F,aegislab,ts-preserve-service,8,5,0.625
matched_rca,gemma-4-26b-a4b,P,re2_ob,frontend,8,0,0.10416667
matched_rca,gemma-4-26b-a4b,P,aiops2025,checkoutservice,8,3,0.375
matched_rca,qwen3.6-27b,P,aiops2022,node-6,8,5,0.65625
direct_rca,gemma-4-26b-a4b,V,re2_tt,ts-route-service,8,8,1
direct_rca,qwen3.8-27b,H,re2_tt,ts-admin-travel-service,8,0,0.2125
matched_rca,gemma-4-26b-a4b,V,aiops2022,node-5,8,1,0.125
direct_rca,qwen3.8-27b,H,aiops2022,adservice,8,0,0.083333333
visual_counterfactual_rca,qwen3.8-27b,H_targeted,aegislab,loadgenerator,8,0,0.16666667
matched_rca,gemma-4-26b-a4b,H,re2_tt,ts-admin-travel-service,8,0,0.22291667
matched_rca,gemma-4-26b-a4b,H,re2_tt,ts-inside-payment-service,8,0,0.16666667
ledger_handoff_rca,gemma-4-26b-a4b,L_vis,re2_tt,ts-train-service,8,8,1
ledger_handoff_rca,qwen3.8-27b,L_txt,aiops2025,tidb-tikv,8,0,0.0625
ledger_handoff_rca,qwen3.8-27b,L_txt,re2_ob,currencyservice,8,8,1
ledger_handoff_rca,gemma-4-26b-a4b,L_hyb,aegislab,ts-seat-service,8,3,0.375
matched_rca,gemma-4-26b-a4b,T,re2_tt,ts-auth-service,8,8,1
matched_rca,gemma-4-26b-a4b,T,re2_tt,ts-route-service,8,8,1
ledger_handoff_rca,qwen3.6-27b,L_vis,aiops2022,adservice2,8,0,0.20833333
matched_rca,gemma-4-26b-a4b,P,re2_tt,ts-order-service,8,8,1
matched_rca,gemma-4-26b-a4b,P,re2_tt,ts-admin-travel-service,8,0,0.16666667
visual_counterfactual_rca,qwen3.8-27b,H_placebo,re2_ob,frontend,8,0,0.41666667
direct_rca,qwen3.8-27b,V,re2_ob,currencyservice,8,6,0.8125
visual_counterfactual_rca,gemma-4-26b-a4b,H_placebo,aiops2025,frontend-0,8,3,0.5
direct_rca,qwen3.6-27b,T,aiops2025,tidb-tikv,8,1,0.25416667
visual_counterfactual_rca,qwen3.6-27b,H_targeted,aegislab,ts-travel-plan-service,8,2,0.34791667
ledger_handoff_rca,qwen3.8-27b,L_txt,re2_tt,ts-train-service,8,8,1
direct_rca,gemma-4-26b-a4b,V,aiops2025,tidb-tikv,8,2,0.25
ledger_handoff_rca,gemma-4-26b-a4b,L_vis,aegislab,ts-travel-plan-service,8,2,0.25
direct_rca,qwen3.8-27b,P,re2_ob,frontend,8,0,0.31666667
direct_rca,qwen3.8-27b,P,aiops2025,tidb-tikv,8,3,0.4375
ledger_handoff_rca,qwen3.8-27b,L_vis,aiops2022,adservice2,8,0,0.21875
matched_rca,qwen3.8-27b,R,aiops2022,adservice2,8,0,0.17083333
ledger_handoff_rca,gemma-4-26b-a4b,L_txt,re2_tt,ts-admin-travel-service,8,0,0.066666667
matched_rca,qwen3.8-27b,R,aegislab,ts-preserve-service,8,3,0.47916667
direct_rca,qwen3.6-27b,H,aiops2022,adservice2,8,0,0.072916667
ledger_handoff_rca,qwen3.8-27b,L_txt,aegislab,ts-preserve-service,8,3,0.54166667
direct_rca,qwen3.6-27b,H,aiops2022,adservice,8,0,0.22916667
matched_rca,qwen3.6-27b,F,aegislab,ts-preserve-service,8,0,0.16666667
ledger_handoff_rca,qwen3.6-27b,L_hyb,aiops2022,node-6,8,3,0.53125
ledger_handoff_rca,qwen3.6-27b,L_hyb,aiops2025,checkoutservice,8,6,0.78125
visual_counterfactual_rca,qwen3.6-27b,H_neutral,aiops2025,frontend,8,1,0.19791667
visual_counterfactual_rca,qwen3.6-27b,H_neutral,re2_tt,ts-admin-travel-service,8,0,0.31666667
direct_rca,qwen3.6-27b,F,re2_tt,ts-admin-travel-service,8,0,0.3125
direct_rca,gemma-4-26b-a4b,V,aegislab,ts-ui-dashboard,8,0,0.1875
ledger_handoff_rca,qwen3.8-27b,L_vis,aiops2025,checkoutservice,8,2,0.52083333
ledger_handoff_rca,qwen3.8-27b,L_hyb,re2_tt,ts-train-service,8,8,1
matched_rca,qwen3.8-27b,V,aiops2022,node-5,8,1,0.35416667
matched_rca,gemma-4-26b-a4b,F,re2_tt,ts-admin-travel-service,8,0,0.10416667
direct_rca,qwen3.6-27b,V,aiops2025,tidb-tikv,8,2,0.3125
direct_rca,qwen3.6-27b,V,aiops2022,node-6,8,2,0.4375
direct_rca,qwen3.6-27b,V,re2_ob,frontend,8,0,0.23958333
visual_counterfactual_rca,qwen3.8-27b,H_neutral,aiops2025,adservice,8,2,0.33333333
matched_rca,qwen3.8-27b,V,aiops2022,node-6,8,3,0.52083333
direct_rca,qwen3.8-27b,F,re2_ob,currencyservice,8,8,1
matched_rca,qwen3.6-27b,R,aiops2025,checkoutservice,8,5,0.65
ledger_handoff_rca,qwen3.6-27b,L_txt,re2_tt,ts-auth-service,8,8,1
ledger_handoff_rca,qwen3.6-27b,L_vis,re2_tt,ts-order-service,8,8,1
matched_rca,gemma-4-26b-a4b,F,re2_ob,productcatalogservice,8,8,1
matched_rca,qwen3.8-27b,H,aiops2022,node-5,8,2,0.41666667
matched_rca,qwen3.6-27b,P,aiops2025,tidb-tikv,8,1,0.29166667
matched_rca,qwen3.6-27b,P,re2_ob,frontend,8,0,0.36458333
ledger_handoff_rca,qwen3.6-27b,L_vis,re2_ob,productcatalogservice,8,7,0.875
ledger_handoff_rca,qwen3.6-27b,L_vis,aiops2025,tidb-tidb,8,0,0.19791667
matched_rca,gemma-4-26b-a4b,V,re2_ob,productcatalogservice,8,8,1
matched_rca,gemma-4-26b-a4b,V,re2_tt,ts-travel-service,8,8,1
ledger_handoff_rca,qwen3.8-27b,L_txt,aegislab,ts-seat-service,8,4,0.58333333
direct_rca,gemma-4-26b-a4b,R,re2_tt,ts-admin-travel-service,8,0,0.1875
ledger_handoff_rca,qwen3.6-27b,L_hyb,re2_tt,ts-auth-service,8,8,1
ledger_handoff_rca,qwen3.6-27b,L_hyb,aiops2025,tidb-tikv,8,1,0.25
matched_rca,qwen3.8-27b,P,re2_tt,ts-travel-service,8,8,1
matched_rca,qwen3.8-27b,P,re2_tt,ts-order-service,8,7,0.9375
ledger_handoff_rca,gemma-4-26b-a4b,L_txt,re2_tt,ts-train-service,8,8,1
direct_rca,qwen3.8-27b,P,re2_tt,ts-admin-travel-service,8,0,0.20208333
direct_rca,qwen3.6-27b,V,re2_tt,ts-route-service,8,8,1
direct_rca,qwen3.6-27b,V,re2_ob,currencyservice,8,7,0.875
direct_rca,qwen3.6-27b,V,re2_tt,ts-travel-service,8,6,0.75
matched_rca,qwen3.6-27b,F,re2_ob,frontend,8,0,0.4
direct_rca,qwen3.8-27b,T,aiops2022,adservice2,8,0,0.10416667
matched_rca,qwen3.8-27b,H,re2_ob,frontend,8,0,0.41666667
matched_rca,qwen3.8-27b,H,re2_tt,ts-order-service,8,7,0.91666667
ledger_handoff_rca,gemma-4-26b-a4b,L_hyb,aiops2025,frontend-0,8,2,0.3375
direct_rca,qwen3.6-27b,R,re2_tt,ts-travel-service,8,6,0.775
direct_rca,qwen3.8-27b,R,aiops2022,adservice,8,0,0.11458333
matched_rca,gemma-4-26b-a4b,T,aegislab,ts-seat-service,8,4,0.5
ledger_handoff_rca,qwen3.8-27b,L_vis,re2_tt,ts-order-service,8,8,1
ledger_handoff_rca,qwen3.8-27b,L_vis,re2_tt,ts-train-service,8,7,0.875
direct_rca,qwen3.6-27b,H,aiops2022,node-6,8,4,0.60416667
visual_counterfactual_rca,qwen3.6-27b,H_factual,re2_tt,ts-admin-travel-service,8,0,0.375
direct_rca,qwen3.6-27b,H,re2_tt,ts-route-service,8,8,1
ledger_handoff_rca,gemma-4-26b-a4b,L_txt,aiops2025,shippingservice,8,2,0.25
matched_rca,qwen3.6-27b,F,aiops2022,node-6,8,5,0.6875
matched_rca,gemma-4-26b-a4b,F,aiops2022,adservice2,8,0,0
ledger_handoff_rca,qwen3.8-27b,L_hyb,aiops2022,node-6,8,2,0.44791667
matched_rca,qwen3.6-27b,F,re2_ob,currencyservice,8,8,1
direct_rca,gemma-4-26b-a4b,V,aiops2025,node-8,8,2,0.25
matched_rca,qwen3.8-27b,R,re2_tt,ts-admin-travel-service,8,0,0.125
matched_rca,qwen3.8-27b,R,re2_tt,ts-auth-service,8,8,1
matched_rca,qwen3.6-27b,T,aiops2025,adservice,8,1,0.20833333
direct_rca,qwen3.8-27b,H,aiops2022,node-5,8,1,0.20833333
direct_rca,gemma-4-26b-a4b,V,re2_tt,ts-order-service,8,8,1
direct_rca,gemma-4-26b-a4b,V,re2_tt,gke-gke-cluster-tt-default-pool-ca598206-p3ch,8,0,0.16666667
visual_counterfactual_rca,qwen3.6-27b,H_placebo,re2_ob,productcatalogservice,8,8,1
matched_rca,qwen3.6-27b,T,aiops2022,adservice,8,0,0.125
matched_rca,qwen3.6-27b,V,re2_tt,ts-route-service,8,8,1
visual_counterfactual_rca,gemma-4-26b-a4b,H_placebo,re2_tt,ts-order-service,8,8,1
matched_rca,qwen3.6-27b,F,aiops2025,tidb-tikv,8,1,0.28541667
ledger_handoff_rca,qwen3.6-27b,L_txt,aiops2022,adservice2,8,0,0.072916667
direct_rca,qwen3.6-27b,V,re2_tt,ts-auth-service,8,8,1
visual_counterfactual_rca,qwen3.8-27b,H_factual,re2_tt,ts-order-service,8,8,1
matched_rca,qwen3.8-27b,P,aiops2022,node-6,8,4,0.5625
ledger_handoff_rca,qwen3.6-27b,L_txt,aegislab,ts-seat-service,8,4,0.5625
matched_rca,qwen3.8-27b,V,re2_tt,ts-travel-service,8,8,1
ledger_handoff_rca,gemma-4-26b-a4b,L_txt,aiops2022,node-6,8,4,0.5
direct_rca,qwen3.8-27b,R,aiops2025,frontend,8,3,0.525
matched_rca,gemma-4-26b-a4b,R,re2_tt,ts-travel-service,8,8,1
direct_rca,gemma-4-26b-a4b,R,aiops2025,tidb-tidb,8,0,0
matched_rca,gemma-4-26b-a4b,R,re2_tt,ts-route-service,8,8,1
direct_rca,qwen3.8-27b,R,re2_tt,ts-train-service,8,7,0.875
matched_rca,gemma-4-26b-a4b,R,re2_tt,ts-admin-travel-service,8,0,0.17083333
matched_rca,gemma-4-26b-a4b,R,re2_tt,ts-auth-service,8,8,1
ledger_handoff_rca,qwen3.6-27b,L_txt,re2_tt,ts-order-service,8,8,1
matched_rca,gemma-4-26b-a4b,F,re2_tt,ts-route-service,8,8,1
matched_rca,qwen3.8-27b,F,re2_tt,ts-travel-service,8,8,1
matched_rca,gemma-4-26b-a4b,P,re2_tt,ts-train-service,8,8,1
ledger_handoff_rca,gemma-4-26b-a4b,L_vis,re2_tt,ts-order-service,8,8,1
ledger_handoff_rca,gemma-4-26b-a4b,L_vis,re2_tt,ts-auth-service,8,7,0.875
ledger_handoff_rca,qwen3.8-27b,L_txt,re2_ob,productcatalogservice,8,8,1
matched_rca,qwen3.6-27b,H,re2_tt,ts-route-service,8,8,1
matched_rca,gemma-4-26b-a4b,H,re2_tt,ts-route-service,8,8,1
matched_rca,gemma-4-26b-a4b,R,aiops2022,node-6,8,4,0.5
visual_counterfactual_rca,qwen3.8-27b,H_neutral,re2_tt,ts-travel-service,8,8,1
visual_counterfactual_rca,qwen3.8-27b,H_placebo,aiops2022,adservice2,8,0,0.16666667
ledger_handoff_rca,qwen3.6-27b,L_txt,aiops2025,tidb-tidb,8,0,0.20833333
ledger_handoff_rca,qwen3.6-27b,L_txt,re2_ob,frontend,8,0,0.30625
visual_counterfactual_rca,gemma-4-26b-a4b,H_factual,re2_ob,frontend,8,0,0.20833333
ledger_handoff_rca,qwen3.6-27b,L_txt,re2_tt,ts-admin-travel-service,8,0,0.32083333
direct_rca,qwen3.8-27b,V,re2_tt,ts-admin-travel-service,8,0,0.23958333
matched_rca,qwen3.8-27b,F,aiops2022,node-5,8,3,0.47916667
visual_counterfactual_rca,qwen3.8-27b,H_targeted,re2_tt,ts-travel-service,8,8,1
visual_counterfactual_rca,gemma-4-26b-a4b,H_neutral,re2_ob,frontend,8,0,0.14583333
matched_rca,qwen3.6-27b,H,re2_ob,frontend,8,0,0.39583333
matched_rca,gemma-4-26b-a4b,P,aegislab,ts-preserve-service,8,1,0.27083333
matched_rca,gemma-4-26b-a4b,V,aiops2022,adservice2,7,0,0
ledger_handoff_rca,qwen3.8-27b,L_txt,re2_ob,frontend,7,0,0.30952381
direct_rca,qwen3.8-27b,R,aiops2025,tidb-tikv,7,2,0.35714286
matched_rca,gemma-4-26b-a4b,V,aiops2022,node-6,7,4,0.57142857
ledger_handoff_rca,gemma-4-26b-a4b,L_vis,re2_ob,frontend,7,0,0
direct_rca,qwen3.8-27b,P,aiops2022,adservice2,7,0,0.095238095
matched_rca,qwen3.8-27b,T,aegislab,ts-preserve-service,7,1,0.27380952
matched_rca,gemma-4-26b-a4b,P,aiops2022,adservice,7,0,0
direct_rca,qwen3.8-27b,H,re2_tt,ts-route-service,7,6,0.85714286
matched_rca,qwen3.8-27b,F,aiops2025,frontend,7,2,0.46190476
ledger_handoff_rca,gemma-4-26b-a4b,L_hyb,aegislab,ts-preserve-service,7,4,0.61904762
visual_counterfactual_rca,qwen3.8-27b,H_placebo,re2_tt,ts-order-service,7,7,1
visual_counterfactual_rca,qwen3.8-27b,H_targeted,aiops2022,adservice,7,0,0.071428571
visual_counterfactual_rca,qwen3.8-27b,H_targeted,aiops2022,frontend,7,0,0.071428571
visual_counterfactual_rca,qwen3.8-27b,H_targeted,aiops2025,adservice,7,3,0.5047619
direct_rca,gemma-4-26b-a4b,V,re2_tt,ts-admin-travel-service,7,0,0
visual_counterfactual_rca,gemma-4-26b-a4b,H_neutral,re2_tt,ts-admin-travel-service,7,0,0.047619048
visual_counterfactual_rca,gemma-4-26b-a4b,H_neutral,re2_tt,ts-order-service,7,7,1
direct_rca,qwen3.8-27b,V,re2_tt,ts-travel-service,7,5,0.74285714
visual_counterfactual_rca,qwen3.8-27b,H_targeted,aegislab,ts-travel-service,7,1,0.32619048
visual_counterfactual_rca,qwen3.8-27b,H_factual,aiops2025,productcatalogservice,7,2,0.28571429
visual_counterfactual_rca,qwen3.8-27b,H_factual,aiops2025,currencyservice,7,0,0.11904762
visual_counterfactual_rca,qwen3.8-27b,H_factual,aiops2025,frontend,7,2,0.45238095
direct_rca,gemma-4-26b-a4b,P,aiops2025,tidb-tidb,7,0,0
matched_rca,qwen3.8-27b,P,aiops2022,adservice2,7,0,0.22619048
direct_rca,qwen3.6-27b,T,aiops2025,adservice,7,0,0.10714286
direct_rca,qwen3.6-27b,T,aiops2022,node-6,7,4,0.67142857
matched_rca,qwen3.8-27b,V,re2_tt,ts-auth-service,7,7,1
matched_rca,qwen3.8-27b,V,re2_ob,productcatalogservice,7,7,1
matched_rca,qwen3.8-27b,T,re2_tt,ts-travel-service,7,7,1
direct_rca,qwen3.8-27b,H,aiops2025,adservice,7,1,0.19047619
direct_rca,qwen3.8-27b,P,aiops2022,node-5,7,0,0.17142857
ledger_handoff_rca,qwen3.6-27b,L_hyb,aiops2022,adservice2,7,0,0.076190476
ledger_handoff_rca,qwen3.6-27b,L_hyb,aegislab,ts-travel-plan-service,7,3,0.54761905
matched_rca,qwen3.8-27b,R,aiops2025,tidb-tikv,7,0,0.071428571
direct_rca,qwen3.6-27b,P,aegislab,ts-seat-service,7,2,0.42857143
matched_rca,qwen3.8-27b,T,re2_ob,frontend,7,0,0.4047619
ledger_handoff_rca,qwen3.8-27b,L_txt,re2_tt,ts-auth-service,7,7,1
matched_rca,gemma-4-26b-a4b,V,aiops2025,frontend-0,7,2,0.33333333
matched_rca,qwen3.8-27b,T,aiops2025,currencyservice,7,0,0.12857143
direct_rca,qwen3.6-27b,V,re2_tt,ts-admin-travel-service,7,0,0.27380952
visual_counterfactual_rca,gemma-4-26b-a4b,H_factual,aegislab,ts-travel-plan-service,7,4,0.57142857
matched_rca,qwen3.6-27b,T,aiops2025,frontend,7,2,0.28571429
visual_counterfactual_rca,gemma-4-26b-a4b,H_neutral,aegislab,ts-ui-dashboard,7,1,0.14285714
direct_rca,qwen3.6-27b,R,re2_tt,ts-auth-service,7,7,1
direct_rca,qwen3.8-27b,P,re2_tt,ts-train-service,7,5,0.82142857
direct_rca,qwen3.8-27b,V,re2_ob,emailservice,7,5,0.71428571
matched_rca,qwen3.6-27b,H,aiops2025,adservice,7,1,0.33809524
direct_rca,qwen3.6-27b,R,re2_tt,ts-order-service,7,7,1
direct_rca,qwen3.6-27b,R,re2_tt,ts-route-service,7,7,1
ledger_handoff_rca,qwen3.6-27b,L_vis,re2_tt,ts-auth-service,7,7,1
direct_rca,qwen3.6-27b,F,re2_tt,ts-route-service,7,7,1
ledger_handoff_rca,gemma-4-26b-a4b,L_vis,aiops2025,tidb-tikv,7,1,0.14285714
matched_rca,qwen3.8-27b,R,re2_tt,ts-train-service,7,7,1
matched_rca,qwen3.8-27b,T,aegislab,loadgenerator,7,0,0.10714286
direct_rca,qwen3.6-27b,P,aiops2022,adservice-0,7,0,0.035714286
direct_rca,qwen3.8-27b,R,re2_tt,ts-auth-service,7,7,1
matched_rca,qwen3.8-27b,P,aiops2022,frontend,7,0,0.047619048
ledger_handoff_rca,qwen3.6-27b,L_txt,aegislab,ts-travel-plan-service,7,3,0.5952381
matched_rca,qwen3.6-27b,F,re2_tt,ts-admin-travel-service,7,0,0.3452381
matched_rca,qwen3.6-27b,F,re2_ob,productcatalogservice,7,7,1
direct_rca,gemma-4-26b-a4b,R,aegislab,ts-travel-plan-service,7,4,0.57142857
visual_counterfactual_rca,qwen3.8-27b,H_neutral,re2_ob,productcatalogservice,7,7,1
matched_rca,qwen3.8-27b,H,re2_ob,productcatalogservice,7,7,1
matched_rca,gemma-4-26b-a4b,R,re2_ob,frontend,7,0,0.047619048
direct_rca,gemma-4-26b-a4b,R,aegislab,ts-consign-service,7,3,0.42857143
ledger_handoff_rca,qwen3.8-27b,L_hyb,aegislab,ts-seat-service,7,4,0.61904762
ledger_handoff_rca,qwen3.8-27b,L_hyb,aiops2022,adservice2,7,0,0.21904762
direct_rca,gemma-4-26b-a4b,T,aegislab,ts-preserve-service,7,5,0.71428571
matched_rca,qwen3.8-27b,P,aiops2025,frontend,7,3,0.52857143
direct_rca,qwen3.8-27b,R,aiops2022,node-6,7,1,0.4047619
matched_rca,qwen3.6-27b,V,aiops2025,tidb-tikv,7,2,0.28571429
direct_rca,qwen3.8-27b,R,aiops2025,node-8,7,1,0.22619048
ledger_handoff_rca,qwen3.8-27b,L_hyb,re2_tt,ts-order-service,7,7,1
visual_counterfactual_rca,qwen3.8-27b,H_neutral,aiops2025,frontend,7,2,0.4047619
direct_rca,gemma-4-26b-a4b,P,re2_ob,currencyservice,7,7,1
direct_rca,qwen3.8-27b,F,aiops2022,adservice,7,0,0.11904762
matched_rca,qwen3.8-27b,V,re2_tt,ts-admin-travel-service,7,0,0.16666667
matched_rca,qwen3.6-27b,P,re2_ob,currencyservice,7,7,1
matched_rca,qwen3.6-27b,P,aiops2025,productcatalogservice,7,2,0.31428571
direct_rca,qwen3.6-27b,P,re2_tt,ts-travel-service,7,6,0.85714286
direct_rca,qwen3.6-27b,P,re2_ob,frontend,7,0,0.14285714
direct_rca,gemma-4-26b-a4b,T,aiops2025,tidb-tidb,7,0,0.29047619
direct_rca,gemma-4-26b-a4b,R,re2_tt,gke-gke-cluster-tt-default-pool-ca598206-p3ch,7,0,0.36190476
direct_rca,qwen3.8-27b,T,re2_ob,currencyservice,7,7,1
matched_rca,qwen3.8-27b,H,aiops2025,currencyservice,7,0,0.11904762
matched_rca,qwen3.8-27b,V,aegislab,ts-seat-service,7,3,0.5
ledger_handoff_rca,qwen3.6-27b,L_hyb,aiops2025,frontend,7,2,0.57142857
visual_counterfactual_rca,qwen3.6-27b,H_targeted,aiops2025,tidb-tidb,7,0,0.17857143
matched_rca,qwen3.6-27b,T,aiops2025,tidb-tikv,7,1,0.19047619
matched_rca,gemma-4-26b-a4b,R,aiops2022,adservice2,7,0,0
direct_rca,qwen3.6-27b,R,re2_ob,frontend,7,0,0.21428571
matched_rca,qwen3.8-27b,F,re2_tt,ts-route-service,7,7,1
visual_counterfactual_rca,qwen3.8-27b,H_placebo,aiops2025,adservice,7,2,0.40952381
direct_rca,qwen3.8-27b,V,aiops2022,adservice2,7,0,0.095238095
direct_rca,gemma-4-26b-a4b,H,aiops2025,frontend,7,2,0.28571429
direct_rca,qwen3.6-27b,T,re2_tt,ts-travel-service,7,7,1
visual_counterfactual_rca,gemma-4-26b-a4b,H_placebo,re2_ob,frontend,7,0,0.26190476
visual_counterfactual_rca,qwen3.8-27b,H_placebo,aiops2025,frontend,7,2,0.4047619
ledger_handoff_rca,qwen3.8-27b,L_vis,aegislab,ts-seat-service,7,3,0.66666667
matched_rca,qwen3.8-27b,R,re2_ob,productcatalogservice,7,7,1
visual_counterfactual_rca,qwen3.6-27b,H_neutral,aegislab,ts-travel-plan-service,7,2,0.31428571
matched_rca,qwen3.6-27b,F,aiops2025,adservice,7,1,0.23809524
matched_rca,qwen3.6-27b,T,re2_tt,ts-route-service,7,7,1
visual_counterfactual_rca,qwen3.8-27b,H_neutral,re2_ob,frontend,7,0,0.38095238
matched_rca,gemma-4-26b-a4b,F,aiops2025,adservice-2,7,1,0.21428571
visual_counterfactual_rca,qwen3.6-27b,H_factual,re2_ob,currencyservice,7,7,1
matched_rca,gemma-4-26b-a4b,F,aegislab,ts-preserve-service,7,4,0.61904762
direct_rca,qwen3.6-27b,H,aiops2025,adservice,7,1,0.14285714
matched_rca,gemma-4-26b-a4b,F,aiops2022,node-6,7,4,0.57142857
matched_rca,gemma-4-26b-a4b,R,aiops2022,frontend-0,7,1,0.26190476
visual_counterfactual_rca,qwen3.8-27b,H_placebo,aiops2022,adservice,7,0,0.14285714
visual_counterfactual_rca,qwen3.8-27b,H_placebo,aegislab,ts-preserve-service,7,2,0.51666667
matched_rca,qwen3.8-27b,R,aiops2022,node-5,7,2,0.33333333
direct_rca,qwen3.6-27b,H,aiops2025,tidb-tikv,7,2,0.35714286
direct_rca,qwen3.6-27b,H,re2_ob,currencyservice,7,7,1
ledger_handoff_rca,qwen3.8-27b,L_hyb,re2_tt,ts-auth-service,7,7,1
matched_rca,qwen3.8-27b,H,aiops2022,adservice2,7,0,0.14285714
matched_rca,gemma-4-26b-a4b,H,aegislab,ts-preserve-service,7,2,0.4047619
direct_rca,qwen3.8-27b,T,re2_tt,ts-inside-payment-service,7,0,0.23809524
matched_rca,gemma-4-26b-a4b,R,aegislab,ts-route-plan-service,7,1,0.14285714
visual_counterfactual_rca,qwen3.6-27b,H_targeted,aiops2025,currencyservice,7,1,0.29761905
direct_rca,qwen3.8-27b,F,aiops2025,adservice,7,1,0.21428571
matched_rca,gemma-4-26b-a4b,T,re2_ob,frontend,7,0,0.14285714
visual_counterfactual_rca,qwen3.6-27b,H_targeted,re2_tt,ts-admin-travel-service,7,0,0.30952381
direct_rca,gemma-4-26b-a4b,H,re2_ob,frontend,7,0,0.28571429
visual_counterfactual_rca,gemma-4-26b-a4b,H_factual,re2_tt,ts-order-service,7,7,1
ledger_handoff_rca,qwen3.6-27b,L_hyb,re2_ob,productcatalogservice,7,7,1
ledger_handoff_rca,qwen3.8-27b,L_vis,aiops2025,tidb-tidb,7,0,0.16666667
direct_rca,gemma-4-26b-a4b,T,aiops2025,frontend,7,2,0.35714286
direct_rca,qwen3.8-27b,F,re2_tt,ts-route-service,7,7,1
direct_rca,gemma-4-26b-a4b,T,re2_tt,ts-admin-travel-service,7,0,0.20714286
ledger_handoff_rca,qwen3.6-27b,L_hyb,re2_tt,ts-route-service,7,7,1
ledger_handoff_rca,qwen3.6-27b,L_hyb,re2_tt,ts-admin-travel-service,7,0,0.11904762
ledger_handoff_rca,gemma-4-26b-a4b,L_txt,re2_tt,ts-auth-service,7,7,1
direct_rca,qwen3.8-27b,P,re2_ob,gke-gke-cluster-default-pool-2e1807ce-w819,7,0,0.30952381
direct_rca,qwen3.8-27b,P,aiops2025,tidb-tidb,7,0,0.1
visual_counterfactual_rca,gemma-4-26b-a4b,H_neutral,aiops2025,frontend,7,2,0.42857143
ledger_handoff_rca,qwen3.6-27b,L_txt,re2_tt,ts-route-service,7,7,1
matched_rca,gemma-4-26b-a4b,P,re2_tt,ts-auth-service,7,7,1
direct_rca,gemma-4-26b-a4b,H,aegislab,ts-preserve-service,7,5,0.71428571
ledger_handoff_rca,qwen3.6-27b,L_vis,aegislab,ts-seat-service,7,1,0.31428571
ledger_handoff_rca,qwen3.6-27b,L_vis,aegislab,ts-preserve-service,7,3,0.57142857
visual_counterfactual_rca,gemma-4-26b-a4b,H_placebo,re2_tt,ts-admin-travel-service,7,0,0.1547619
matched_rca,qwen3.8-27b,T,aiops2025,adservice,7,2,0.33333333
matched_rca,qwen3.6-27b,H,re2_ob,currencyservice,7,7,1
direct_rca,qwen3.6-27b,F,aiops2025,adservice,7,0,0.035714286
matched_rca,qwen3.6-27b,R,re2_tt,ts-travel-service,7,6,0.85714286
direct_rca,qwen3.8-27b,R,re2_ob,gke-gke-cluster-default-pool-2e1807ce-w819,7,0,0.39285714
ledger_handoff_rca,gemma-4-26b-a4b,L_txt,aegislab,ts-route-plan-service,7,1,0.14285714
ledger_handoff_rca,qwen3.6-27b,L_txt,aiops2022,adservice-0,7,2,0.43333333
direct_rca,qwen3.8-27b,R,re2_tt,ts-route-service,7,7,1
ledger_handoff_rca,qwen3.8-27b,L_hyb,aiops2025,tidb-tikv,7,0,0.035714286
matched_rca,qwen3.6-27b,F,aiops2025,productcatalogservice,7,1,0.17142857
direct_rca,qwen3.6-27b,P,aiops2025,tidb-tikv,7,1,0.14285714
visual_counterfactual_rca,gemma-4-26b-a4b,H_targeted,re2_ob,frontend,7,0,0.17857143
visual_counterfactual_rca,qwen3.8-27b,H_factual,re2_tt,ts-route-service,7,7,1
matched_rca,qwen3.8-27b,F,aiops2022,adservice2,7,0,0.071428571
direct_rca,gemma-4-26b-a4b,F,aiops2022,checkoutservice-0,7,5,0.71428571
matched_rca,qwen3.8-27b,F,aiops2025,currencyservice,7,0,0.16666667
direct_rca,qwen3.8-27b,T,aiops2022,adservice,7,0,0.1547619
ledger_handoff_rca,gemma-4-26b-a4b,L_hyb,re2_tt,ts-travel-service,7,6,0.85714286
ledger_handoff_rca,gemma-4-26b-a4b,L_txt,aegislab,ts-preserve-service,7,4,0.61904762
visual_counterfactual_rca,qwen3.8-27b,H_targeted,re2_ob,frontend,7,0,0.38095238
direct_rca,qwen3.8-27b,V,re2_tt,ts-auth-service,7,7,1
direct_rca,qwen3.8-27b,V,aiops2025,tidb-tidb,7,0,0.11904762
direct_rca,qwen3.8-27b,V,aiops2025,tidb-tikv,7,2,0.42857143
visual_counterfactual_rca,qwen3.8-27b,H_targeted,aiops2025,tidb-tikv,6,0,0.083333333
matched_rca,qwen3.8-27b,F,aiops2022,frontend,6,0,0.13888889
matched_rca,gemma-4-26b-a4b,P,aiops2022,node-6,6,2,0.33333333
direct_rca,qwen3.8-27b,V,aiops2025,node-8,6,1,0.27777778
matched_rca,gemma-4-26b-a4b,P,aiops2022,checkoutservice-0,6,4,0.66666667
direct_rca,qwen3.8-27b,T,aegislab,ts-preserve-service,6,2,0.36666667
ledger_handoff_rca,qwen3.8-27b,L_hyb,aiops2022,node-5,6,2,0.33333333
direct_rca,gemma-4-26b-a4b,R,aiops2022,checkoutservice-0,6,4,0.66666667
visual_counterfactual_rca,gemma-4-26b-a4b,H_targeted,re2_tt,ts-admin-travel-service,6,0,0.13888889
direct_rca,qwen3.8-27b,R,re2_tt,ts-travel-service,6,4,0.7
matched_rca,qwen3.8-27b,P,aegislab,ts-preserve-service,6,0,0.11111111
matched_rca,qwen3.6-27b,V,aiops2022,frontend2-0,6,1,0.31111111
matched_rca,qwen3.6-27b,P,re2_ob,productcatalogservice,6,6,1
visual_counterfactual_rca,qwen3.6-27b,H_placebo,aiops2025,node-3,6,2,0.45833333
direct_rca,qwen3.6-27b,F,aiops2022,node-6,6,3,0.625
visual_counterfactual_rca,qwen3.6-27b,H_placebo,aiops2025,currencyservice,6,1,0.20833333
visual_counterfactual_rca,qwen3.6-27b,H_placebo,re2_ob,currencyservice,6,6,1
matched_rca,qwen3.8-27b,T,aiops2022,node-5,6,2,0.52777778
matched_rca,qwen3.8-27b,T,aiops2022,paymentservice,6,0,0
direct_rca,qwen3.8-27b,H,aiops2025,tidb-tidb,6,0,0.13888889
direct_rca,gemma-4-26b-a4b,F,aegislab,ts-consign-service,6,2,0.33333333
matched_rca,gemma-4-26b-a4b,H,aiops2025,adservice-2,6,1,0.25
matched_rca,gemma-4-26b-a4b,H,aiops2025,checkoutservice,6,1,0.25
matched_rca,gemma-4-26b-a4b,P,aiops2025,adservice-0,6,3,0.5
matched_rca,gemma-4-26b-a4b,P,re2_ob,productcatalogservice,6,5,0.83333333
matched_rca,gemma-4-26b-a4b,P,re2_tt,ts-route-service,6,6,1
matched_rca,qwen3.6-27b,P,aiops2022,node-5,6,1,0.16666667
visual_counterfactual_rca,gemma-4-26b-a4b,H_placebo,aegislab,ts-seat-service,6,4,0.66666667
visual_counterfactual_rca,gemma-4-26b-a4b,H_placebo,aegislab,ts-travel-plan-service,6,4,0.66666667
visual_counterfactual_rca,gemma-4-26b-a4b,H_neutral,aiops2022,node-5,6,2,0.33333333
matched_rca,qwen3.6-27b,P,aiops2025,adservice,6,1,0.30555556
visual_counterfactual_rca,qwen3.8-27b,H_placebo,re2_ob,productcatalogservice,6,6,1
visual_counterfactual_rca,qwen3.8-27b,H_placebo,aiops2025,productcatalogservice,6,2,0.33333333
visual_counterfactual_rca,qwen3.8-27b,H_targeted,aiops2025,node-7,6,0,0.083333333
direct_rca,qwen3.8-27b,F,re2_tt,ts-admin-travel-service,6,0,0.23611111
direct_rca,qwen3.8-27b,F,re2_ob,productcatalogservice,6,5,0.875
matched_rca,qwen3.8-27b,V,aiops2022,adservice2,6,0,0.21388889
matched_rca,qwen3.8-27b,V,aiops2022,frontend,6,0,0.055555556
direct_rca,qwen3.8-27b,F,re2_ob,frontend,6,0,0.34722222
matched_rca,qwen3.6-27b,T,aiops2025,productcatalogservice,6,1,0.20833333
matched_rca,qwen3.6-27b,T,re2_ob,productcatalogservice,6,6,1
direct_rca,gemma-4-26b-a4b,V,aegislab,ts-travel-plan-service,6,3,0.5
visual_counterfactual_rca,qwen3.8-27b,H_factual,aegislab,ts-travel-service,6,0,0.097222222
matched_rca,gemma-4-26b-a4b,T,aiops2022,node-6,6,4,0.75
visual_counterfactual_rca,qwen3.8-27b,H_factual,aiops2022,frontend,6,0,0.16666667
visual_counterfactual_rca,qwen3.8-27b,H_factual,aiops2022,adservice2,6,0,0.16666667
direct_rca,qwen3.6-27b,H,re2_ob,productcatalogservice,6,4,0.77777778
ledger_handoff_rca,qwen3.8-27b,L_hyb,re2_ob,productcatalogservice,6,6,1
direct_rca,gemma-4-26b-a4b,H,re2_ob,gke-gke-cluster-default-pool-2e1807ce-0e4z,6,0,0.43055556
visual_counterfactual_rca,qwen3.8-27b,H_neutral,re2_tt,ts-route-service,6,6,1
direct_rca,gemma-4-26b-a4b,P,aegislab,ts-seat-service,6,2,0.33333333
matched_rca,qwen3.6-27b,R,aiops2025,tidb-tidb,6,0,0.19444444
matched_rca,qwen3.8-27b,V,aegislab,ts-preserve-service,6,1,0.16666667
direct_rca,qwen3.8-27b,H,aiops2022,adservice2,6,0,0.075
visual_counterfactual_rca,qwen3.6-27b,H_targeted,aiops2025,node-3,6,2,0.5
visual_counterfactual_rca,qwen3.6-27b,H_targeted,aiops2022,node-5,6,2,0.66666667
visual_counterfactual_rca,qwen3.6-27b,H_targeted,aiops2025,adservice,6,1,0.25555556
direct_rca,gemma-4-26b-a4b,V,aiops2025,tidb-tidb,6,0,0
ledger_handoff_rca,qwen3.8-27b,L_vis,aegislab,ts-travel-plan-service,6,1,0.20833333
matched_rca,qwen3.6-27b,H,aiops2022,adservice2,6,0,0.13888889
matched_rca,qwen3.6-27b,H,aegislab,ts-travel-plan-service,6,3,0.54166667
direct_rca,qwen3.6-27b,R,re2_ob,currencyservice,6,6,1
matched_rca,gemma-4-26b-a4b,P,re2_tt,ts-travel-service,6,6,1
matched_rca,qwen3.6-27b,P,aiops2025,frontend,6,1,0.28333333
matched_rca,qwen3.6-27b,H,aiops2022,checkoutservice,6,2,0.5
matched_rca,qwen3.6-27b,H,aegislab,ts-preserve-service,6,1,0.27777778
direct_rca,qwen3.8-27b,T,re2_tt,ts-route-service,6,6,1
direct_rca,qwen3.8-27b,V,aegislab,ts-travel-plan-service,6,2,0.33333333
direct_rca,qwen3.8-27b,T,re2_ob,gke-gke-cluster-default-pool-2e1807ce-w819,6,0,0.44444444
direct_rca,gemma-4-26b-a4b,P,aiops2025,k8s-master2,6,0,0
matched_rca,qwen3.6-27b,T,re2_tt,ts-inside-payment-service,6,0,0.45833333
matched_rca,qwen3.8-27b,R,aiops2022,checkoutservice-0,6,4,0.72222222
direct_rca,qwen3.8-27b,F,re2_ob,gke-gke-cluster-default-pool-2e1807ce-w819,6,0,0.44444444
ledger_handoff_rca,qwen3.8-27b,L_vis,aiops2025,tidb-tikv,6,0,0.055555556
visual_counterfactual_rca,gemma-4-26b-a4b,H_factual,re2_tt,ts-admin-travel-service,6,0,0.19444444
ledger_handoff_rca,qwen3.6-27b,L_txt,re2_ob,productcatalogservice,6,6,1
matched_rca,gemma-4-26b-a4b,R,aiops2022,checkoutservice-0,6,4,0.66666667
direct_rca,gemma-4-26b-a4b,H,re2_ob,currencyservice,6,6,1
visual_counterfactual_rca,qwen3.8-27b,H_neutral,aiops2025,tidb-tikv,6,0,0.083333333
matched_rca,gemma-4-26b-a4b,F,re2_ob,frontend,6,0,0.13888889
visual_counterfactual_rca,gemma-4-26b-a4b,H_targeted,aiops2025,adservice-2,6,2,0.33333333
ledger_handoff_rca,qwen3.6-27b,L_vis,re2_tt,ts-seat-service,6,0,0.22222222
ledger_handoff_rca,qwen3.6-27b,L_vis,re2_tt,ts-travel-service,6,6,1
matched_rca,qwen3.8-27b,H,aiops2025,frontend,6,2,0.55555556
direct_rca,gemma-4-26b-a4b,P,re2_tt,ts-admin-travel-service,6,0,0
visual_counterfactual_rca,qwen3.8-27b,H_neutral,re2_ob,currencyservice,6,6,1
matched_rca,gemma-4-26b-a4b,F,aiops2025,frontend-0,6,1,0.22222222
direct_rca,qwen3.6-27b,H,re2_ob,frontend,6,0,0.42222222
visual_counterfactual_rca,qwen3.6-27b,H_factual,re2_tt,ts-inside-payment-service,6,0,0.45
direct_rca,qwen3.6-27b,H,re2_tt,ts-inside-payment-service,6,0,0.34722222
direct_rca,qwen3.6-27b,H,re2_tt,ts-admin-travel-service,6,0,0.27777778
matched_rca,qwen3.8-27b,P,re2_ob,productcatalogservice,6,6,1
matched_rca,qwen3.6-27b,V,aegislab,ts-basic-service,6,3,0.66666667
visual_counterfactual_rca,qwen3.8-27b,H_factual,aegislab,loadgenerator,6,0,0.13888889
direct_rca,gemma-4-26b-a4b,V,aiops2025,frontend-0,6,2,0.33333333
direct_rca,gemma-4-26b-a4b,V,aiops2025,node-5,6,1,0.20833333
direct_rca,qwen3.6-27b,H,aegislab,ts-preserve-service,6,2,0.36666667
visual_counterfactual_rca,qwen3.6-27b,H_neutral,re2_ob,currencyservice,6,6,1
matched_rca,qwen3.8-27b,R,re2_ob,currencyservice,6,6,1
matched_rca,qwen3.6-27b,T,aiops2022,frontend,6,1,0.16666667
matched_rca,qwen3.8-27b,F,aiops2025,tidb-tikv,6,1,0.30555556
matched_rca,qwen3.8-27b,F,re2_ob,productcatalogservice,6,6,1
matched_rca,qwen3.6-27b,H,aiops2022,node-5,6,1,0.41666667
matched_rca,gemma-4-26b-a4b,H,aiops2022,adservice2,6,0,0
matched_rca,qwen3.8-27b,H,aegislab,loadgenerator,6,0,0.13888889
ledger_handoff_rca,gemma-4-26b-a4b,L_hyb,re2_ob,frontend,6,0,0
ledger_handoff_rca,gemma-4-26b-a4b,L_hyb,re2_tt,gke-gke-cluster-tt-default-pool-ca598206-p3ch,6,0,0
visual_counterfactual_rca,qwen3.8-27b,H_placebo,aiops2025,currencyservice,6,0,0.13888889
visual_counterfactual_rca,qwen3.8-27b,H_factual,aegislab,ts-preserve-service,6,1,0.39444444
matched_rca,qwen3.6-27b,T,re2_ob,currencyservice,6,6,1
direct_rca,qwen3.8-27b,F,re2_tt,ts-travel-service,6,5,0.88888889
matched_rca,gemma-4-26b-a4b,T,aiops2022,adservice-0,6,1,0.16666667
matched_rca,gemma-4-26b-a4b,T,aegislab,ts-travel-plan-service,6,3,0.55555556
direct_rca,qwen3.6-27b,R,aegislab,ts-travel-plan-service,6,3,0.66666667
matched_rca,qwen3.8-27b,H,aiops2025,productcatalogservice,6,1,0.16666667
direct_rca,qwen3.6-27b,V,re2_ob,gke-gke-cluster-default-pool-2e1807ce-0e4z,6,0,0.325
direct_rca,qwen3.6-27b,V,aiops2025,shippingservice,6,1,0.20833333
visual_counterfactual_rca,qwen3.8-27b,H_neutral,aiops2025,currencyservice,6,0,0.18055556
direct_rca,qwen3.6-27b,V,aiops2025,tidb-tidb,6,0,0.13888889
direct_rca,gemma-4-26b-a4b,P,aiops2025,node-7,6,1,0.25
direct_rca,gemma-4-26b-a4b,P,aiops2025,productcatalogservice,6,1,0.16666667
visual_counterfactual_rca,qwen3.8-27b,H_neutral,aiops2025,paymentservice,6,0,0.041666667
direct_rca,qwen3.8-27b,R,re2_ob,emailservice,6,5,0.83333333
direct_rca,qwen3.8-27b,R,re2_tt,ts-order-service,6,6,1
direct_rca,qwen3.8-27b,R,re2_tt,ts-admin-travel-service,6,0,0.19444444
visual_counterfactual_rca,qwen3.6-27b,H_factual,aiops2025,currencyservice,6,1,0.22222222
matched_rca,qwen3.6-27b,R,aegislab,ts-seat-service,6,3,0.5
matched_rca,qwen3.6-27b,R,aiops2022,checkoutservice-0,6,4,0.75
direct_rca,gemma-4-26b-a4b,T,aegislab,ts-travel-plan-service,6,4,0.66666667
direct_rca,qwen3.8-27b,F,aiops2025,frontend,6,3,0.55555556
visual_counterfactual_rca,qwen3.6-27b,H_factual,aiops2025,adservice,6,1,0.25
matched_rca,qwen3.8-27b,P,aiops2025,adservice,6,2,0.33333333
direct_rca,qwen3.8-27b,R,aegislab,ts-travel-plan-service,6,3,0.59722222
ledger_handoff_rca,qwen3.6-27b,L_txt,aiops2025,frontend,6,2,0.55555556
direct_rca,qwen3.6-27b,V,re2_tt,ts-order-service,6,6,1
direct_rca,qwen3.6-27b,V,aiops2025,frontend,6,2,0.41666667
matched_rca,qwen3.6-27b,F,re2_tt,ts-inside-payment-service,6,0,0.375
matched_rca,qwen3.8-27b,P,aegislab,loadgenerator,6,0,0.13888889
matched_rca,qwen3.8-27b,H,aiops2025,tidb-tikv,6,0,0.11666667
matched_rca,qwen3.8-27b,H,re2_tt,ts-route-service,6,6,1
ledger_handoff_rca,qwen3.6-27b,L_txt,aegislab,ts-preserve-service,6,2,0.43055556
ledger_handoff_rca,qwen3.6-27b,L_txt,aiops2022,node-6,6,3,0.63888889
ledger_handoff_rca,gemma-4-26b-a4b,L_txt,aiops2025,adservice-0,6,2,0.33333333
matched_rca,qwen3.8-27b,V,re2_tt,ts-route-service,6,6,1
visual_counterfactual_rca,qwen3.6-27b,H_targeted,aegislab,ts-basic-service,6,2,0.42222222
direct_rca,qwen3.8-27b,V,aiops2025,frontend,6,1,0.25
direct_rca,qwen3.8-27b,V,aiops2025,k8s-master1,6,0,0.18055556
direct_rca,qwen3.8-27b,V,aiops2022,node-6,6,2,0.47222222
matched_rca,qwen3.6-27b,H,aiops2025,frontend,6,2,0.45
direct_rca,qwen3.6-27b,T,aegislab,ts-preserve-service,6,2,0.36666667
visual_counterfactual_rca,gemma-4-26b-a4b,H_neutral,aegislab,ts-route-plan-service,6,1,0.22222222
direct_rca,qwen3.6-27b,T,re2_tt,ts-admin-travel-service,6,0,0.31944444
direct_rca,qwen3.6-27b,R,re2_tt,ts-admin-travel-service,6,0,0.13888889
direct_rca,gemma-4-26b-a4b,H,aiops2025,adservice,6,2,0.33333333
direct_rca,gemma-4-26b-a4b,H,aiops2025,node-8,6,2,0.38888889
matched_rca,gemma-4-26b-a4b,R,aegislab,ts-travel-plan-service,6,4,0.66666667
direct_rca,qwen3.8-27b,P,re2_ob,currencyservice,6,4,0.70833333
ledger_handoff_rca,gemma-4-26b-a4b,L_vis,aegislab,ts-preserve-service,6,3,0.5
ledger_handoff_rca,qwen3.8-27b,L_txt,aiops2022,adservice2,6,0,0.055555556
direct_rca,qwen3.6-27b,H,aegislab,ts-travel-plan-service,6,3,0.66666667
ledger_handoff_rca,qwen3.8-27b,L_txt,aiops2022,adservice-0,6,1,0.33333333
matched_rca,gemma-4-26b-a4b,V,re2_tt,ts-route-service,6,6,1
direct_rca,qwen3.8-27b,P,re2_ob,gke-gke-cluster-default-pool-2e1807ce-0e4z,6,0,0.36111111
matched_rca,qwen3.6-27b,P,re2_tt,ts-route-service,6,6,1
matched_rca,qwen3.6-27b,P,re2_tt,ts-inside-payment-service,6,0,0.41666667
direct_rca,qwen3.6-27b,P,aiops2025,adservice,6,1,0.25
visual_counterfactual_rca,qwen3.8-27b,H_factual,re2_ob,productcatalogservice,6,6,1
visual_counterfactual_rca,qwen3.8-27b,H_neutral,aegislab,ts-preserve-service,6,2,0.44444444
visual_counterfactual_rca,qwen3.6-27b,H_factual,aegislab,ts-preserve-service,6,1,0.22222222
direct_rca,qwen3.6-27b,P,aegislab,ts-travel-plan-service,6,3,0.66666667
matched_rca,qwen3.8-27b,P,aiops2022,paymentservice,6,0,0.041666667
matched_rca,qwen3.6-27b,P,aiops2022,adservice2,6,0,0
matched_rca,qwen3.6-27b,R,re2_tt,ts-route-service,6,6,1
matched_rca,qwen3.6-27b,R,re2_ob,productcatalogservice,6,6,1
ledger_handoff_rca,gemma-4-26b-a4b,L_vis,aegislab,ts-seat-service,6,3,0.5
direct_rca,qwen3.8-27b,P,aiops2025,adservice,6,0,0.033333333
ledger_handoff_rca,qwen3.8-27b,L_txt,aiops2022,node-5,6,1,0.25
matched_rca,qwen3.8-27b,T,re2_tt,ts-route-service,6,6,1
ledger_handoff_rca,qwen3.6-27b,L_hyb,aegislab,ts-seat-service,6,4,0.75
matched_rca,qwen3.8-27b,R,re2_tt,ts-route-service,6,6,1
matched_rca,qwen3.6-27b,T,aegislab,ts-travel-plan-service,6,3,0.63888889
visual_counterfactual_rca,qwen3.6-27b,H_placebo,re2_tt,ts-inside-payment-service,6,0,0.45
matched_rca,qwen3.8-27b,V,re2_tt,ts-inside-payment-service,6,0,0.19444444
matched_rca,qwen3.8-27b,V,re2_tt,ts-train-service,6,6,1
matched_rca,qwen3.8-27b,V,re2_ob,gke-gke-cluster-default-pool-2e1807ce-0e4z,6,0,0.39444444
direct_rca,qwen3.8-27b,F,aegislab,ts-preserve-service,6,2,0.4
ledger_handoff_rca,gemma-4-26b-a4b,L_txt,aiops2025,checkoutservice,6,3,0.5
matched_rca,qwen3.6-27b,V,aegislab,ts-travel-plan-service,6,3,0.66666667
visual_counterfactual_rca,gemma-4-26b-a4b,H_neutral,aiops2025,node-8,6,2,0.33333333
direct_rca,gemma-4-26b-a4b,H,aiops2022,adservice,6,0,0.083333333
matched_rca,qwen3.6-27b,H,aiops2025,productcatalogservice,6,1,0.2
direct_rca,qwen3.8-27b,V,re2_tt,ts-route-service,6,6,1
direct_rca,qwen3.8-27b,V,re2_tt,ts-seat-service,6,0,0.21388889
direct_rca,gemma-4-26b-a4b,F,aiops2025,adservice-2,6,0,0.083333333
matched_rca,gemma-4-26b-a4b,P,aegislab,ts-travel-plan-service,6,3,0.58333333
direct_rca,gemma-4-26b-a4b,F,aiops2022,adservice,6,0,0.055555556
visual_counterfactual_rca,qwen3.8-27b,H_targeted,aiops2025,productcatalogservice,6,1,0.16666667
direct_rca,qwen3.8-27b,P,aegislab,ts-travel-plan-service,6,3,0.61666667
direct_rca,qwen3.6-27b,F,re2_tt,ts-inside-payment-service,6,0,0.30555556
direct_rca,qwen3.8-27b,V,re2_tt,ts-train-service,6,5,0.91666667
ledger_handoff_rca,qwen3.6-27b,L_vis,aegislab,ts-travel-plan-service,6,2,0.47222222
direct_rca,gemma-4-26b-a4b,H,aegislab,ts-travel-plan-service,6,4,0.66666667
direct_rca,qwen3.6-27b,F,aegislab,ts-travel-plan-service,6,3,0.63888889
matched_rca,qwen3.8-27b,T,re2_ob,productcatalogservice,6,6,1
ledger_handoff_rca,qwen3.6-27b,L_hyb,aiops2022,checkoutservice-0,6,4,0.75
matched_rca,qwen3.8-27b,T,re2_ob,currencyservice,6,6,1
direct_rca,gemma-4-26b-a4b,F,aegislab,ts-food-service,5,2,0.4
visual_counterfactual_rca,qwen3.8-27b,H_targeted,re2_tt,ts-order-service,5,5,1
visual_counterfactual_rca,qwen3.8-27b,H_targeted,re2_tt,ts-route-service,5,5,1
direct_rca,qwen3.8-27b,V,re2_tt,ts-order-service,5,5,1
matched_rca,gemma-4-26b-a4b,H,re2_ob,frontend,5,0,0.23333333
visual_counterfactual_rca,qwen3.8-27b,H_targeted,aiops2022,checkoutservice,5,1,0.38333333
direct_rca,gemma-4-26b-a4b,F,re2_ob,frontend,5,0,0.33333333
visual_counterfactual_rca,qwen3.8-27b,H_targeted,aiops2022,node-5,5,2,0.5
matched_rca,gemma-4-26b-a4b,H,aiops2025,tidb-tidb,5,0,0.1
matched_rca,gemma-4-26b-a4b,P,aiops2022,adservice2,5,0,0
matched_rca,qwen3.8-27b,V,aegislab,loadgenerator,5,0,0.26666667
matched_rca,qwen3.8-27b,R,aiops2025,adservice,5,2,0.46666667
ledger_handoff_rca,qwen3.8-27b,L_txt,re2_tt,gke-gke-cluster-tt-default-pool-ca598206-g5tp,5,0,0.2
matched_rca,gemma-4-26b-a4b,V,aiops2025,frontend,5,1,0.2
matched_rca,qwen3.6-27b,T,aegislab,ts-preserve-service,5,1,0.35
visual_counterfactual_rca,qwen3.6-27b,H_placebo,aegislab,ts-travel-plan-service,5,1,0.3
visual_counterfactual_rca,qwen3.6-27b,H_placebo,aegislab,ts-preserve-service,5,0,0.10666667
direct_rca,qwen3.6-27b,F,aegislab,ts-train-food-service,5,0,0.18333333
visual_counterfactual_rca,qwen3.6-27b,H_targeted,aegislab,ts-preserve-service,5,0,0.066666667
direct_rca,gemma-4-26b-a4b,V,aiops2025,k8s-master2,5,0,0.1
visual_counterfactual_rca,qwen3.6-27b,H_targeted,aegislab,ts-payment-service,5,0,0.16666667
direct_rca,qwen3.8-27b,P,aiops2022,node-6,5,1,0.36666667
ledger_handoff_rca,gemma-4-26b-a4b,L_vis,aiops2025,frontend-0,5,1,0.2
direct_rca,qwen3.6-27b,F,aiops2025,frontend,5,2,0.4
ledger_handoff_rca,qwen3.8-27b,L_txt,aiops2022,frontend,5,1,0.2
direct_rca,qwen3.8-27b,H,aegislab,ts-travel-plan-service,5,3,0.7
matched_rca,qwen3.6-27b,H,aiops2025,node-3,5,2,0.5
visual_counterfactual_rca,gemma-4-26b-a4b,H_placebo,aiops2022,node-5,5,2,0.4
direct_rca,qwen3.6-27b,T,aegislab,ts-travel-plan-service,5,3,0.69
matched_rca,qwen3.8-27b,F,re2_ob,currencyservice,5,5,1
direct_rca,qwen3.8-27b,V,re2_ob,productcatalogservice,5,3,0.76666667
direct_rca,qwen3.8-27b,V,re2_ob,cartservice,5,0,0.30666667
direct_rca,gemma-4-26b-a4b,H,aiops2022,checkoutservice-0,5,3,0.6
ledger_handoff_rca,gemma-4-26b-a4b,L_vis,re2_tt,ts-admin-travel-service,5,0,0
direct_rca,gemma-4-26b-a4b,V,aiops2022,checkoutservice-0,5,3,0.6
matched_rca,gemma-4-26b-a4b,H,aegislab,ts-route-plan-service,5,1,0.2
matched_rca,gemma-4-26b-a4b,H,aiops2022,node-6,5,4,0.8
ledger_handoff_rca,qwen3.6-27b,L_vis,aiops2025,checkoutservice,5,2,0.4
matched_rca,qwen3.6-27b,H,aiops2022,checkoutservice-0,5,4,0.8
ledger_handoff_rca,qwen3.6-27b,L_vis,re2_tt,ts-admin-travel-service,5,0,0.13333333
direct_rca,qwen3.6-27b,T,re2_tt,ts-inside-payment-service,5,0,0.26666667
visual_counterfactual_rca,gemma-4-26b-a4b,H_neutral,aiops2025,adservice-2,5,2,0.4
visual_counterfactual_rca,qwen3.8-27b,H_factual,aiops2025,adservice,5,2,0.4
visual_counterfactual_rca,qwen3.8-27b,H_factual,aiops2025,node-3,5,2,0.46666667
matched_rca,qwen3.8-27b,V,re2_ob,currencyservice,5,5,1
matched_rca,qwen3.8-27b,V,re2_tt,gke-gke-cluster-tt-default-pool-ca598206-g5tp,5,0,0.3
matched_rca,qwen3.8-27b,V,re2_ob,gke-gke-cluster-default-pool-2e1807ce-w819,5,0,0.21666667
matched_rca,qwen3.8-27b,V,aiops2025,tidb-tikv,5,1,0.26666667
matched_rca,qwen3.8-27b,V,re2_tt,ts-travel2-service,5,0,0.26666667
direct_rca,qwen3.8-27b,F,aegislab,ts-basic-service,5,3,0.66666667
ledger_handoff_rca,qwen3.8-27b,L_hyb,aiops2025,adservice,5,1,0.24
direct_rca,qwen3.6-27b,P,aiops2025,productcatalogservice,5,1,0.2
direct_rca,qwen3.6-27b,P,re2_ob,currencyservice,5,4,0.8
visual_counterfactual_rca,qwen3.8-27b,H_neutral,aiops2022,adservice,5,0,0.2
direct_rca,qwen3.8-27b,T,aegislab,ts-travel-plan-service,5,3,0.7
ledger_handoff_rca,gemma-4-26b-a4b,L_txt,aiops2022,node-1,5,0,0.1
visual_counterfactual_rca,qwen3.8-27b,H_factual,aiops2025,paymentservice,5,0,0.15
visual_counterfactual_rca,qwen3.8-27b,H_factual,aiops2025,tidb-tikv,5,0,0.2
matched_rca,qwen3.8-27b,P,aegislab,ts-config-service,5,0,0.11666667
ledger_handoff_rca,gemma-4-26b-a4b,L_txt,aiops2022,adservice-0,5,0,0
ledger_handoff_rca,gemma-4-26b-a4b,L_txt,aiops2022,adservice2,5,0,0
ledger_handoff_rca,gemma-4-26b-a4b,L_txt,aiops2022,frontend-0,5,0,0.14
direct_rca,gemma-4-26b-a4b,R,aiops2025,paymentservice-2,5,0,0
matched_rca,gemma-4-26b-a4b,F,aiops2022,frontend-0,5,1,0.2
direct_rca,qwen3.6-27b,P,aiops2025,frontend,5,2,0.6
visual_counterfactual_rca,qwen3.6-27b,H_factual,aegislab,ts-assurance-service,5,3,0.70666667
visual_counterfactual_rca,gemma-4-26b-a4b,H_factual,aiops2022,node-1,5,0,0.2
visual_counterfactual_rca,gemma-4-26b-a4b,H_factual,aiops2022,node-5,5,1,0.2
visual_counterfactual_rca,gemma-4-26b-a4b,H_factual,aegislab,ts-assurance-service,5,5,1
visual_counterfactual_rca,gemma-4-26b-a4b,H_factual,aegislab,ts-seat-service,5,2,0.4
visual_counterfactual_rca,gemma-4-26b-a4b,H_factual,aegislab,ts-inside-payment-service,5,2,0.4
ledger_handoff_rca,qwen3.6-27b,L_txt,aiops2022,checkoutservice-0,5,3,0.7
direct_rca,qwen3.6-27b,P,aiops2025,k8s-master1,5,0,0.16666667
direct_rca,qwen3.8-27b,T,aegislab,ts-basic-service,5,3,0.71666667
visual_counterfactual_rca,qwen3.6-27b,H_factual,aiops2022,node-5,5,3,0.76666667
matched_rca,qwen3.6-27b,F,aiops2025,frontend,5,1,0.2
matched_rca,qwen3.6-27b,F,aiops2025,node-3,5,2,0.5
matched_rca,qwen3.6-27b,R,aegislab,ts-route-plan-service,5,0,0.11666667
direct_rca,qwen3.8-27b,F,aegislab,ts-travel-plan-service,5,3,0.6
direct_rca,qwen3.8-27b,R,aiops2025,node-3,5,3,0.8
direct_rca,qwen3.8-27b,R,aiops2025,node-4,5,1,0.2
visual_counterfactual_rca,qwen3.8-27b,H_neutral,aiops2025,node-3,5,2,0.5
matched_rca,qwen3.6-27b,V,aiops2025,node-3,5,2,0.5
ledger_handoff_rca,gemma-4-26b-a4b,L_txt,re2_ob,frontend,5,0,0
matched_rca,qwen3.8-27b,P,aiops2025,paymentservice,5,0,0.1
matched_rca,qwen3.8-27b,P,aiops2025,node-3,5,2,0.4
matched_rca,qwen3.8-27b,P,aiops2025,checkoutservice,5,3,0.66666667
matched_rca,gemma-4-26b-a4b,T,aiops2022,checkoutservice-0,5,4,0.8
visual_counterfactual_rca,qwen3.6-27b,H_factual,aiops2025,node-3,5,2,0.5
matched_rca,qwen3.6-27b,R,aiops2022,frontend2-0,5,1,0.36666667
direct_rca,qwen3.6-27b,V,aiops2025,node-8,5,1,0.30666667
direct_rca,qwen3.6-27b,V,aiops2025,adservice-0,5,3,0.6
matched_rca,qwen3.6-27b,H,aegislab,ts-food-service,5,1,0.36666667
direct_rca,qwen3.6-27b,P,re2_tt,ts-admin-travel-service,5,0,0.23333333
direct_rca,qwen3.6-27b,P,re2_tt,ts-route-service,5,5,1
direct_rca,qwen3.8-27b,T,aiops2025,frontend,5,3,0.7
ledger_handoff_rca,gemma-4-26b-a4b,L_hyb,aiops2025,paymentservice-2,5,0,0
matched_rca,qwen3.6-27b,V,aiops2025,productcatalogservice,5,1,0.3
ledger_handoff_rca,qwen3.8-27b,L_hyb,aiops2022,frontend,5,1,0.24
visual_counterfactual_rca,qwen3.6-27b,H_factual,aegislab,ts-travel-service,5,1,0.44
visual_counterfactual_rca,qwen3.8-27b,H_neutral,aegislab,ts-travel-plan-service,5,2,0.53333333
matched_rca,qwen3.8-27b,P,aegislab,ts-basic-service,5,2,0.5
matched_rca,qwen3.8-27b,H,re2_ob,currencyservice,5,5,1
visual_counterfactual_rca,qwen3.8-27b,H_neutral,aiops2022,paymentservice,5,0,0
direct_rca,qwen3.6-27b,V,re2_tt,ts-travel2-service,5,0,0.25666667
visual_counterfactual_rca,gemma-4-26b-a4b,H_factual,aiops2025,frontend-0,5,1,0.36666667
ledger_handoff_rca,qwen3.8-27b,L_vis,re2_tt,gke-gke-cluster-tt-default-pool-ca598206-g5tp,5,0,0.2
matched_rca,gemma-4-26b-a4b,T,aegislab,ts-preserve-service,5,4,0.8
ledger_handoff_rca,qwen3.8-27b,L_vis,re2_ob,productcatalogservice,5,5,1
matched_rca,gemma-4-26b-a4b,F,aegislab,ts-route-plan-service,5,1,0.2
direct_rca,qwen3.8-27b,R,aiops2025,adservice,5,0,0
direct_rca,qwen3.8-27b,T,aiops2025,node-3,5,2,0.5
direct_rca,gemma-4-26b-a4b,P,re2_tt,ts-auth-service,5,5,1
visual_counterfactual_rca,gemma-4-26b-a4b,H_targeted,aiops2022,node-1,5,0,0.1
matched_rca,qwen3.8-27b,P,aiops2025,tidb-tikv,5,0,0.1
direct_rca,qwen3.8-27b,R,aiops2022,adservice2,5,0,0.066666667
ledger_handoff_rca,gemma-4-26b-a4b,L_txt,aiops2025,paymentservice-2,5,0,0
matched_rca,qwen3.8-27b,P,re2_ob,gke-gke-cluster-default-pool-2e1807ce-0e4z,5,0,0.31666667
visual_counterfactual_rca,qwen3.8-27b,H_factual,aiops2022,node-5,5,1,0.4
visual_counterfactual_rca,qwen3.6-27b,H_neutral,aegislab,ts-assurance-service,5,4,0.8
direct_rca,qwen3.6-27b,H,aiops2025,productcatalogservice,5,0,0.1
ledger_handoff_rca,qwen3.8-27b,L_vis,re2_tt,ts-auth-service,5,5,1
matched_rca,qwen3.6-27b,P,aiops2025,node-3,5,2,0.54
matched_rca,qwen3.6-27b,P,aiops2025,currencyservice,5,0,0.1
visual_counterfactual_rca,gemma-4-26b-a4b,H_targeted,aiops2022,node-5,5,1,0.2
ledger_handoff_rca,qwen3.8-27b,L_hyb,aegislab,loadgenerator,5,0,0.31666667
matched_rca,qwen3.8-27b,H,aiops2025,adservice,5,2,0.4
matched_rca,qwen3.8-27b,H,aiops2025,paymentservice,5,0,0.09
matched_rca,gemma-4-26b-a4b,T,aiops2025,productcatalogservice,5,1,0.2
direct_rca,gemma-4-26b-a4b,T,aiops2022,checkoutservice-0,5,4,0.8
visual_counterfactual_rca,qwen3.8-27b,H_neutral,aiops2025,cartservice,5,2,0.46666667
visual_counterfactual_rca,qwen3.8-27b,H_neutral,aiops2022,node-5,5,1,0.4
visual_counterfactual_rca,qwen3.8-27b,H_neutral,aiops2025,productcatalogservice,5,1,0.2
direct_rca,gemma-4-26b-a4b,P,aiops2025,adservice,5,0,0
direct_rca,qwen3.6-27b,P,re2_ob,gke-gke-cluster-default-pool-2e1807ce-w819,5,0,0.43333333
direct_rca,qwen3.6-27b,P,re2_tt,ts-order-service,5,5,1
ledger_handoff_rca,qwen3.6-27b,L_txt,aiops2025,adservice,5,1,0.26666667
direct_rca,qwen3.6-27b,V,re2_ob,gke-gke-cluster-default-pool-2e1807ce-w819,5,0,0.46666667
direct_rca,qwen3.8-27b,F,re2_tt,ts-inside-payment-service,5,0,0.38333333
direct_rca,qwen3.8-27b,H,aegislab,ts-preserve-service,5,2,0.4
direct_rca,qwen3.8-27b,F,re2_ob,gke-gke-cluster-default-pool-2e1807ce-cx8g,5,0,0.36666667
visual_counterfactual_rca,qwen3.6-27b,H_neutral,aegislab,ts-payment-service,5,0,0.2
matched_rca,gemma-4-26b-a4b,T,aiops2025,tidb-tidb,5,0,0.1
direct_rca,qwen3.8-27b,R,aegislab,ts-seat-service,5,1,0.25
matched_rca,qwen3.8-27b,P,re2_tt,ts-route-service,5,5,1
matched_rca,qwen3.8-27b,R,aegislab,ts-travel-plan-service,5,2,0.4
direct_rca,gemma-4-26b-a4b,T,aiops2025,adservice,5,2,0.4
direct_rca,gemma-4-26b-a4b,T,aiops2025,adservice-1,5,1,0.25
visual_counterfactual_rca,qwen3.8-27b,H_factual,aegislab,ts-user-service,5,1,0.53333333
ledger_handoff_rca,qwen3.8-27b,L_vis,aiops2025,node-7,5,1,0.4
ledger_handoff_rca,qwen3.8-27b,L_vis,aiops2025,node-3,5,2,0.4
matched_rca,gemma-4-26b-a4b,T,aiops2025,adservice-2,5,2,0.46666667
matched_rca,qwen3.6-27b,T,aiops2025,node-3,5,2,0.5
matched_rca,qwen3.6-27b,F,aegislab,ts-cancel-service,5,0,0.3
visual_counterfactual_rca,qwen3.6-27b,H_targeted,re2_tt,ts-inside-payment-service,5,0,0.40666667
ledger_handoff_rca,qwen3.8-27b,L_hyb,re2_tt,gke-gke-cluster-tt-default-pool-ca598206-g5tp,5,0,0.2
ledger_handoff_rca,qwen3.8-27b,L_hyb,re2_tt,gke-gke-cluster-tt-default-pool-ca598206-p3ch,5,0,0.33333333
ledger_handoff_rca,qwen3.8-27b,L_hyb,re2_ob,currencyservice,5,5,1
ledger_handoff_rca,qwen3.8-27b,L_hyb,re2_ob,gke-gke-cluster-default-pool-2e1807ce-cx8g,5,0,0.37333333
direct_rca,qwen3.8-27b,F,aiops2025,productcatalogservice,5,0,0.1
ledger_handoff_rca,qwen3.6-27b,L_hyb,re2_ob,frontend,5,0,0.13333333
visual_counterfactual_rca,qwen3.8-27b,H_factual,aiops2022,adservice,5,0,0.2
ledger_handoff_rca,qwen3.6-27b,L_vis,re2_tt,ts-route-service,5,5,1
direct_rca,gemma-4-26b-a4b,P,aegislab,ts-travel-plan-service,5,2,0.4
direct_rca,gemma-4-26b-a4b,P,aiops2022,adservice-0,5,0,0
visual_counterfactual_rca,qwen3.8-27b,H_placebo,aegislab,loadgenerator,5,0,0.2
matched_rca,gemma-4-26b-a4b,R,aiops2025,adservice-2,5,2,0.5
direct_rca,gemma-4-26b-a4b,T,aiops2025,node-8,5,2,0.46666667
direct_rca,gemma-4-26b-a4b,T,aiops2025,paymentservice-2,5,0,0
visual_counterfactual_rca,qwen3.6-27b,H_targeted,re2_ob,productcatalogservice,5,5,1
matched_rca,gemma-4-26b-a4b,T,re2_tt,ts-inside-payment-service,5,0,0.15
visual_counterfactual_rca,qwen3.6-27b,H_targeted,aiops2025,paymentservice,5,0,0.15
direct_rca,gemma-4-26b-a4b,V,aegislab,ts-preserve-service,5,3,0.6
visual_counterfactual_rca,qwen3.6-27b,H_targeted,aiops2025,node-7,5,0,0.16666667
visual_counterfactual_rca,qwen3.6-27b,H_neutral,aiops2025,adservice,5,1,0.3
direct_rca,qwen3.6-27b,F,re2_ob,gke-gke-cluster-default-pool-2e1807ce-w819,5,0,0.5
matched_rca,qwen3.8-27b,V,aegislab,ts-travel-plan-service,5,2,0.46666667
matched_rca,qwen3.8-27b,V,aegislab,ts-travel-service,5,1,0.35
direct_rca,qwen3.6-27b,R,aiops2025,k8s-master2,5,0,0.19666667
direct_rca,qwen3.6-27b,R,aiops2025,checkoutservice,5,4,0.8
visual_counterfactual_rca,gemma-4-26b-a4b,H_targeted,aegislab,ts-assurance-service,5,5,1
matched_rca,gemma-4-26b-a4b,V,aegislab,ts-preserve-service,5,3,0.6
ledger_handoff_rca,qwen3.8-27b,L_vis,aegislab,loadgenerator,5,0,0.26666667
matched_rca,qwen3.6-27b,T,aiops2022,node-5,5,2,0.6
ledger_handoff_rca,qwen3.8-27b,L_vis,aiops2022,adservice-0,5,1,0.36666667
ledger_handoff_rca,qwen3.8-27b,L_vis,aiops2025,adservice,5,1,0.2
direct_rca,qwen3.8-27b,T,re2_ob,gke-gke-cluster-default-pool-2e1807ce-cx8g,5,0,0.4
matched_rca,qwen3.8-27b,H,aegislab,ts-travel-service,5,0,0.26666667
matched_rca,qwen3.8-27b,H,aegislab,ts-preserve-service,5,0,0.20666667
visual_counterfactual_rca,gemma-4-26b-a4b,H_targeted,aegislab,ts-seat-service,5,2,0.4
visual_counterfactual_rca,gemma-4-26b-a4b,H_targeted,aegislab,ts-route-plan-service,5,1,0.2
direct_rca,qwen3.6-27b,R,aiops2022,checkoutservice-0,5,3,0.6
ledger_handoff_rca,qwen3.6-27b,L_vis,re2_ob,gke-gke-cluster-default-pool-2e1807ce-0e4z,5,0,0.4
ledger_handoff_rca,qwen3.6-27b,L_vis,aiops2025,tidb-tikv,5,0,0.1
matched_rca,qwen3.8-27b,R,aiops2022,frontend,5,1,0.2
direct_rca,gemma-4-26b-a4b,T,re2_ob,frontend,5,0,0.22333333
matched_rca,gemma-4-26b-a4b,R,aiops2022,node-1,5,0,0.1
matched_rca,gemma-4-26b-a4b,F,re2_tt,ts-inside-payment-service,5,0,0.16666667
matched_rca,gemma-4-26b-a4b,H,aegislab,ts-travel-plan-service,5,3,0.6
direct_rca,qwen3.8-27b,T,re2_tt,ts-travel-service,5,4,0.84
ledger_handoff_rca,gemma-4-26b-a4b,L_hyb,re2_tt,ts-admin-travel-service,5,0,0.066666667
matched_rca,qwen3.8-27b,H,aegislab,ts-travel-plan-service,5,2,0.45
direct_rca,gemma-4-26b-a4b,V,aiops2025,node-7,5,1,0.2
ledger_handoff_rca,qwen3.8-27b,L_txt,aiops2022,checkoutservice-0,5,4,0.86666667
ledger_handoff_rca,qwen3.8-27b,L_txt,aegislab,ts-travel-plan-service,5,2,0.4
visual_counterfactual_rca,qwen3.6-27b,H_neutral,aiops2025,currencyservice,5,1,0.26666667
direct_rca,qwen3.8-27b,P,aiops2025,productcatalogservice,5,1,0.2
direct_rca,qwen3.8-27b,P,re2_tt,ts-travel-service,5,3,0.64
direct_rca,qwen3.8-27b,P,re2_tt,ts-travel2-service,5,0,0.27333333
direct_rca,qwen3.8-27b,P,aiops2025,shippingservice,5,2,0.4
visual_counterfactual_rca,qwen3.8-27b,H_placebo,aiops2025,paymentservice,5,0,0.14666667
direct_rca,gemma-4-26b-a4b,H,re2_ob,productcatalogservice,5,5,1
direct_rca,qwen3.8-27b,P,aiops2025,frontend,5,2,0.6
ledger_handoff_rca,gemma-4-26b-a4b,L_vis,aiops2025,adservice-2,5,1,0.2
matched_rca,qwen3.6-27b,T,aiops2022,checkoutservice,5,2,0.54
matched_rca,qwen3.6-27b,T,aiops2022,checkoutservice-0,5,4,0.8
direct_rca,gemma-4-26b-a4b,V,aiops2025,paymentservice-2,5,0,0.05
direct_rca,gemma-4-26b-a4b,V,aiops2025,node-2,5,0,0.066666667
ledger_handoff_rca,qwen3.6-27b,L_txt,aiops2025,productcatalogservice,5,0,0.16666667
visual_counterfactual_rca,gemma-4-26b-a4b,H_neutral,aegislab,loadgenerator,5,0,0.1
visual_counterfactual_rca,gemma-4-26b-a4b,H_neutral,aegislab,ts-assurance-service,5,4,0.8
visual_counterfactual_rca,gemma-4-26b-a4b,H_neutral,aiops2022,adservice,5,0,0
visual_counterfactual_rca,gemma-4-26b-a4b,H_placebo,aiops2025,node-8,5,2,0.4
ledger_handoff_rca,qwen3.6-27b,L_vis,aiops2025,productcatalogservice,5,1,0.24
matched_rca,gemma-4-26b-a4b,H,aiops2022,checkoutservice-0,5,5,1
visual_counterfactual_rca,qwen3.8-27b,H_placebo,aiops2025,node-7,5,0,0.16666667
ledger_handoff_rca,qwen3.6-27b,L_hyb,aiops2025,adservice-1,5,0,0.1
ledger_handoff_rca,qwen3.8-27b,L_txt,aegislab,ts-cancel-service,5,0,0.36666667
direct_rca,qwen3.6-27b,H,aiops2025,frontend,5,1,0.30666667
matched_rca,qwen3.8-27b,H,aegislab,ts-basic-service,5,2,0.46666667
visual_counterfactual_rca,qwen3.8-27b,H_placebo,aiops2022,node-5,5,1,0.3
direct_rca,qwen3.6-27b,R,re2_ob,gke-gke-cluster-default-pool-2e1807ce-0e4z,5,0,0.4
direct_rca,qwen3.6-27b,R,re2_ob,gke-gke-cluster-default-pool-2e1807ce-w819,5,0,0.46666667
direct_rca,qwen3.6-27b,R,aiops2022,adservice2,5,0,0
matched_rca,qwen3.8-27b,F,aiops2025,node-3,5,2,0.4
matched_rca,qwen3.8-27b,F,aegislab,ts-travel-service,5,0,0.26666667
visual_counterfactual_rca,qwen3.8-27b,H_targeted,re2_ob,currencyservice,5,5,1
visual_counterfactual_rca,qwen3.8-27b,H_targeted,re2_ob,productcatalogservice,5,5,1
visual_counterfactual_rca,qwen3.8-27b,H_targeted,aiops2025,paymentservice,5,0,0.066666667
visual_counterfactual_rca,qwen3.8-27b,H_targeted,re2_ob,gke-gke-cluster-default-pool-2e1807ce-cx8g,5,0,0.23333333
direct_rca,gemma-4-26b-a4b,F,aegislab,ts-basic-service,5,3,0.7
direct_rca,qwen3.8-27b,H,aiops2025,shippingservice,5,0,0.15
matched_rca,qwen3.6-27b,P,aiops2022,node-1,5,0,0.2
matched_rca,qwen3.6-27b,P,aiops2022,checkoutservice-0,5,3,0.6
ledger_handoff_rca,qwen3.6-27b,L_vis,aiops2022,checkoutservice-0,5,3,0.7
ledger_handoff_rca,qwen3.6-27b,L_vis,aiops2022,checkoutservice-2,5,2,0.5
direct_rca,gemma-4-26b-a4b,H,aegislab,ts-basic-service,5,2,0.5
direct_rca,gemma-4-26b-a4b,F,aiops2025,frontend,5,1,0.2
direct_rca,qwen3.6-27b,T,aiops2025,frontend,5,2,0.4
matched_rca,qwen3.8-27b,F,aiops2025,paymentservice,5,0,0.14
direct_rca,qwen3.8-27b,P,aegislab,ts-train-food-service,5,0,0.13333333
visual_counterfactual_rca,qwen3.8-27b,H_placebo,re2_ob,currencyservice,5,5,1
visual_counterfactual_rca,qwen3.8-27b,H_placebo,re2_ob,gke-gke-cluster-default-pool-2e1807ce-cx8g,5,0,0.16666667
visual_counterfactual_rca,qwen3.8-27b,H_placebo,aiops2025,tidb-tikv,5,0,0.16666667
visual_counterfactual_rca,qwen3.8-27b,H_placebo,aiops2025,node-3,5,2,0.46666667
direct_rca,qwen3.6-27b,R,aiops2025,tidb-tidb,5,0,0.16666667
visual_counterfactual_rca,gemma-4-26b-a4b,H_neutral,aiops2022,node-1,5,0,0
visual_counterfactual_rca,gemma-4-26b-a4b,H_neutral,aiops2025,frontend-0,5,2,0.46666667
matched_rca,qwen3.8-27b,T,aiops2025,tidb-tikv,5,0,0.16666667
matched_rca,qwen3.8-27b,T,aiops2025,productcatalogservice,5,1,0.2
direct_rca,qwen3.8-27b,H,aegislab,ts-seat-service,5,2,0.5
matched_rca,qwen3.8-27b,T,aiops2025,node-3,5,2,0.46666667
direct_rca,qwen3.6-27b,F,re2_ob,frontend,5,0,0.31666667
matched_rca,gemma-4-26b-a4b,V,aiops2022,node-1,5,0,0.1
matched_rca,qwen3.8-27b,T,aegislab,ts-seat-service,5,2,0.5
matched_rca,qwen3.8-27b,T,aegislab,ts-travel-service,5,0,0
matched_rca,qwen3.8-27b,P,aiops2025,currencyservice,5,0,0.10666667
direct_rca,qwen3.8-27b,R,aiops2025,tidb-tidb,5,0,0.11666667
direct_rca,gemma-4-26b-a4b,R,aiops2025,node-7,5,1,0.3
direct_rca,gemma-4-26b-a4b,R,aiops2025,node-8,5,1,0.2
direct_rca,gemma-4-26b-a4b,R,aiops2025,frontend,5,2,0.4
direct_rca,gemma-4-26b-a4b,R,aiops2025,frontend-0,5,1,0.26666667
visual_counterfactual_rca,qwen3.8-27b,H_neutral,aegislab,loadgenerator,5,0,0.2
direct_rca,qwen3.6-27b,V,re2_tt,ts-inside-payment-service,5,0,0.066666667
matched_rca,qwen3.8-27b,F,aiops2022,paymentservice,5,0,0
ledger_handoff_rca,gemma-4-26b-a4b,L_hyb,aegislab,ts-security-service,5,2,0.4
matched_rca,qwen3.8-27b,F,aegislab,ts-preserve-service,5,1,0.33333333
matched_rca,qwen3.6-27b,H,aiops2025,cartservice,5,1,0.26666667
visual_counterfactual_rca,gemma-4-26b-a4b,H_placebo,aegislab,ts-cancel-service,5,0,0.16666667
visual_counterfactual_rca,gemma-4-26b-a4b,H_placebo,aegislab,ts-assurance-service,5,5,1
direct_rca,gemma-4-26b-a4b,F,aiops2025,adservice,5,2,0.4
matched_rca,qwen3.8-27b,P,aiops2022,node-2,5,2,0.5
matched_rca,gemma-4-26b-a4b,V,aiops2025,adservice-2,5,0,0.1
visual_counterfactual_rca,qwen3.8-27b,H_placebo,re2_tt,ts-route-service,5,5,1
visual_counterfactual_rca,qwen3.8-27b,H_targeted,aegislab,ts-config-service,5,1,0.43333333
visual_counterfactual_rca,qwen3.8-27b,H_targeted,aegislab,ts-basic-service,5,3,0.6
visual_counterfactual_rca,qwen3.8-27b,H_targeted,aiops2025,cartservice,5,1,0.25
direct_rca,gemma-4-26b-a4b,F,aiops2025,adservice-1,5,1,0.3
matched_rca,qwen3.8-27b,F,aiops2025,adservice,5,1,0.3
ledger_handoff_rca,gemma-4-26b-a4b,L_hyb,aegislab,ts-route-plan-service,5,1,0.2
direct_rca,qwen3.8-27b,H,aiops2025,paymentservice,5,0,0.05
direct_rca,qwen3.8-27b,H,re2_ob,productcatalogservice,5,4,0.86666667
direct_rca,qwen3.8-27b,H,re2_ob,currencyservice,5,5,1
direct_rca,qwen3.8-27b,H,aiops2025,currencyservice,5,0,0.10666667
direct_rca,qwen3.6-27b,F,aegislab,ts-preserve-service,5,1,0.2
direct_rca,qwen3.6-27b,F,aiops2022,checkoutservice-2,5,1,0.2
direct_rca,gemma-4-26b-a4b,V,re2_ob,gke-gke-cluster-default-pool-2e1807ce-w819,5,0,0.21666667
visual_counterfactual_rca,qwen3.6-27b,H_placebo,aiops2025,adservice,5,1,0.3
direct_rca,gemma-4-26b-a4b,F,aegislab,loadgenerator,4,0,0.25
matched_rca,gemma-4-26b-a4b,P,aegislab,ts-travel2-service,4,2,0.58333333
visual_counterfactual_rca,qwen3.8-27b,H_targeted,re2_ob,gke-gke-cluster-default-pool-2e1807ce-0e4z,4,0,0.3125
matched_rca,gemma-4-26b-a4b,P,aiops2022,cartservice2-0,4,0,0.125
visual_counterfactual_rca,qwen3.8-27b,H_targeted,aiops2022,adservice2,4,0,0.25
visual_counterfactual_rca,qwen3.8-27b,H_targeted,aiops2025,currencyservice,4,0,0.083333333
matched_rca,qwen3.8-27b,F,aegislab,ts-gateway-service,4,0,0
direct_rca,qwen3.8-27b,V,re2_tt,ts-travel2-service,4,0,0.21666667
matched_rca,qwen3.8-27b,F,aegislab,ts-seat-service,4,2,0.5
matched_rca,qwen3.8-27b,F,aegislab,ts-cancel-service,4,0,0.083333333
matched_rca,qwen3.8-27b,F,aegislab,loadgenerator,4,0,0.27083333
matched_rca,gemma-4-26b-a4b,P,aiops2025,adservice-1,4,0,0.125
matched_rca,gemma-4-26b-a4b,P,aiops2025,currencyservice-2,4,0,0
matched_rca,qwen3.6-27b,H,aiops2025,paymentservice,4,0,0.21666667
matched_rca,qwen3.6-27b,H,aiops2025,shippingservice,4,0,0.083333333
ledger_handoff_rca,qwen3.6-27b,L_vis,aiops2022,emailservice-1,4,2,0.5
direct_rca,qwen3.6-27b,T,aiops2025,adservice-0,4,2,0.5
matched_rca,qwen3.6-27b,H,aiops2025,adservice-0,4,2,0.5
visual_counterfactual_rca,gemma-4-26b-a4b,H_placebo,aegislab,ts-food-service,4,2,0.625
visual_counterfactual_rca,gemma-4-26b-a4b,H_placebo,aegislab,ts-order-service,4,3,0.875
visual_counterfactual_rca,gemma-4-26b-a4b,H_placebo,aegislab,ts-route-plan-service,4,1,0.25
direct_rca,qwen3.6-27b,T,aiops2022,shippingservice,4,1,0.25
visual_counterfactual_rca,gemma-4-26b-a4b,H_neutral,re2_tt,ts-preserve-service,4,0,0
visual_counterfactual_rca,gemma-4-26b-a4b,H_placebo,aegislab,ts-config-service,4,2,0.5
matched_rca,gemma-4-26b-a4b,H,aiops2025,node-8,4,2,0.5
matched_rca,gemma-4-26b-a4b,P,aiops2025,tidb-tikv,4,0,0
direct_rca,qwen3.8-27b,V,aiops2025,node-3,4,2,0.58333333
direct_rca,gemma-4-26b-a4b,H,aegislab,ts-food-service,4,1,0.25
direct_rca,qwen3.8-27b,V,aiops2022,node-1,4,0,0.3125
direct_rca,qwen3.8-27b,V,aiops2025,adservice,4,1,0.25
matched_rca,gemma-4-26b-a4b,H,aiops2022,node-1,4,0,0
ledger_handoff_rca,gemma-4-26b-a4b,L_hyb,aiops2022,cartservice-0,4,1,0.25
ledger_handoff_rca,gemma-4-26b-a4b,L_hyb,aiops2022,checkoutservice-0,4,4,1
ledger_handoff_rca,gemma-4-26b-a4b,L_hyb,aiops2022,frontend-0,4,1,0.25
visual_counterfactual_rca,qwen3.8-27b,H_placebo,re2_tt,gke-gke-cluster-tt-default-pool-ca598206-g5tp,4,0,0.25
visual_counterfactual_rca,qwen3.8-27b,H_placebo,re2_ob,gke-gke-cluster-default-pool-2e1807ce-0e4z,4,0,0.33333333
matched_rca,gemma-4-26b-a4b,P,re2_ob,currencyservice,4,4,1
matched_rca,gemma-4-26b-a4b,H,aiops2022,frontend-0,4,2,0.5
matched_rca,qwen3.8-27b,F,re2_ob,gke-gke-cluster-default-pool-2e1807ce-0e4z,4,0,0.33333333
matched_rca,qwen3.8-27b,F,re2_ob,gke-gke-cluster-default-pool-2e1807ce-cx8g,4,0,0.175
direct_rca,gemma-4-26b-a4b,H,aiops2025,node-5,4,1,0.425
direct_rca,qwen3.8-27b,V,aegislab,ts-preserve-service,4,2,0.5
visual_counterfactual_rca,gemma-4-26b-a4b,H_placebo,aiops2025,adservice,4,1,0.25
visual_counterfactual_rca,gemma-4-26b-a4b,H_placebo,aiops2025,adservice-1,4,1,0.375
visual_counterfactual_rca,gemma-4-26b-a4b,H_placebo,aiops2025,adservice-2,4,2,0.5
visual_counterfactual_rca,gemma-4-26b-a4b,H_placebo,aiops2022,node-1,4,0,0.125
direct_rca,qwen3.6-27b,V,aegislab,rabbitmq,4,0,0.125
visual_counterfactual_rca,gemma-4-26b-a4b,H_neutral,aiops2025,k8s-master2,4,0,0.083333333
direct_rca,qwen3.6-27b,T,aegislab,ts-food-service,4,2,0.75
matched_rca,qwen3.6-27b,H,re2_ob,productcatalogservice,4,4,1
matched_rca,qwen3.6-27b,P,aiops2022,paymentservice,4,0,0
direct_rca,qwen3.6-27b,T,aiops2022,checkoutservice-2,4,1,0.25
direct_rca,qwen3.6-27b,T,aegislab,ts-basic-service,4,3,0.83333333
direct_rca,gemma-4-26b-a4b,H,re2_tt,gke-gke-cluster-tt-default-pool-ca598206-p3ch,4,0,0.5
direct_rca,gemma-4-26b-a4b,H,re2_tt,gke-gke-cluster-tt-default-pool-ca598206-g5tp,4,0,0.175
direct_rca,gemma-4-26b-a4b,H,aiops2025,node-3,4,1,0.375
direct_rca,qwen3.8-27b,V,aegislab,ts-inside-payment-service,4,2,0.58333333
matched_rca,qwen3.8-27b,H,aegislab,ts-gateway-service,4,0,0
matched_rca,qwen3.8-27b,H,aegislab,ts-avatar-service,4,0,0.083333333
direct_rca,qwen3.8-27b,V,aegislab,ts-security-service,4,0,0.14583333
matched_rca,gemma-4-26b-a4b,R,aegislab,ts-consign-service,4,1,0.25
visual_counterfactual_rca,qwen3.8-27b,H_placebo,aiops2025,cartservice,4,1,0.25
matched_rca,qwen3.6-27b,V,re2_ob,productcatalogservice,4,4,1
matched_rca,gemma-4-26b-a4b,R,aiops2022,adservice-0,4,0,0.125
visual_counterfactual_rca,qwen3.8-27b,H_placebo,aiops2022,frontend,4,0,0
direct_rca,gemma-4-26b-a4b,P,aegislab,ts-delivery-service,4,0,0
direct_rca,qwen3.8-27b,T,re2_tt,ts-admin-travel-service,4,0,0.27083333
matched_rca,qwen3.8-27b,H,aiops2022,checkoutservice,4,2,0.5625
matched_rca,gemma-4-26b-a4b,H,aiops2022,cartservice-1,4,1,0.25
matched_rca,gemma-4-26b-a4b,F,re2_tt,ts-travel2-service,4,0,0.20833333
direct_rca,qwen3.8-27b,T,aiops2025,shippingservice,4,1,0.33333333
matched_rca,qwen3.8-27b,H,aegislab,ts-user-service,4,1,0.58333333
visual_counterfactual_rca,qwen3.8-27b,H_placebo,aegislab,ts-route-plan-service,4,1,0.25
visual_counterfactual_rca,qwen3.8-27b,H_placebo,aegislab,ts-travel-plan-service,4,2,0.6875
visual_counterfactual_rca,qwen3.8-27b,H_placebo,aegislab,ts-travel-service,4,0,0.20833333
visual_counterfactual_rca,qwen3.8-27b,H_placebo,aegislab,ts-gateway-service,4,0,0
direct_rca,gemma-4-26b-a4b,P,aiops2022,frontend-0,4,1,0.3625
ledger_handoff_rca,qwen3.6-27b,L_vis,aiops2025,adservice-0,4,2,0.6875
direct_rca,qwen3.6-27b,V,aegislab,ts-seat-service,4,2,0.625
visual_counterfactual_rca,gemma-4-26b-a4b,H_neutral,aegislab,ts-travel-plan-service,4,2,0.5
direct_rca,qwen3.6-27b,V,aegislab,ts-train-food-service,4,0,0.20833333
visual_counterfactual_rca,gemma-4-26b-a4b,H_neutral,aiops2022,checkoutservice-0,4,2,0.5
direct_rca,qwen3.6-27b,T,re2_ob,frontend,4,0,0.25833333
direct_rca,qwen3.6-27b,T,aiops2025,productcatalogservice,4,0,0
direct_rca,qwen3.6-27b,V,aegislab,ts-travel-plan-service,4,3,0.875
direct_rca,qwen3.6-27b,V,aegislab,ts-route-plan-service,4,1,0.5
visual_counterfactual_rca,gemma-4-26b-a4b,H_placebo,aiops2025,k8s-master1,4,0,0
matched_rca,qwen3.6-27b,H,aiops2025,k8s-master1,4,0,0.3125
direct_rca,qwen3.6-27b,T,aiops2025,shippingservice,4,1,0.25
visual_counterfactual_rca,qwen3.8-27b,H_placebo,aegislab,ts-config-service,4,0,0.22916667
direct_rca,gemma-4-26b-a4b,P,aegislab,ts-route-plan-service,4,1,0.25
direct_rca,qwen3.8-27b,T,re2_ob,frontend-external,4,0,0.083333333
direct_rca,qwen3.8-27b,T,re2_ob,gke-gke-cluster-default-pool-2e1807ce-0e4z,4,0,0.375
matched_rca,gemma-4-26b-a4b,R,aiops2025,frontend-0,4,1,0.4375
matched_rca,gemma-4-26b-a4b,R,aiops2025,adservice-0,4,1,0.25
matched_rca,gemma-4-26b-a4b,R,aiops2025,checkoutservice,4,2,0.5
matched_rca,gemma-4-26b-a4b,F,aiops2025,node-5,4,1,0.375
matched_rca,qwen3.8-27b,H,aiops2022,paymentservice,4,0,0
matched_rca,qwen3.8-27b,H,aiops2022,node-2,4,3,0.75
matched_rca,qwen3.8-27b,H,aiops2025,cartservice,4,1,0.33333333
direct_rca,qwen3.8-27b,T,re2_ob,frontend,4,0,0.41666667
direct_rca,qwen3.8-27b,T,aiops2025,paymentservice,4,0,0.125
direct_rca,qwen3.8-27b,T,aiops2025,productcatalogservice,4,0,0
visual_counterfactual_rca,gemma-4-26b-a4b,H_targeted,aegislab,ts-travel-service,4,3,0.75
direct_rca,qwen3.6-27b,R,aiops2022,node-2,4,1,0.25
direct_rca,qwen3.6-27b,R,aiops2022,checkoutservice-2,4,1,0.25
visual_counterfactual_rca,gemma-4-26b-a4b,H_placebo,re2_tt,ts-preserve-service,4,0,0
direct_rca,qwen3.6-27b,R,re2_ob,productcatalogservice,4,3,0.83333333
ledger_handoff_rca,qwen3.6-27b,L_vis,aegislab,ts-food-service,4,2,0.5
direct_rca,qwen3.6-27b,V,aegislab,ts-assurance-service,4,3,0.83333333
direct_rca,qwen3.6-27b,V,aiops2022,node-2,4,1,0.25
visual_counterfactual_rca,gemma-4-26b-a4b,H_neutral,aegislab,ts-consign-service,4,2,0.5
matched_rca,qwen3.6-27b,H,aiops2025,currencyservice,4,0,0.13333333
ledger_handoff_rca,qwen3.6-27b,L_vis,aiops2025,node-8,4,1,0.425
direct_rca,qwen3.6-27b,T,aegislab,ts-assurance-service,4,3,0.83333333
matched_rca,gemma-4-26b-a4b,F,aiops2025,adservice-1,4,2,0.625
matched_rca,gemma-4-26b-a4b,F,aiops2025,checkoutservice,4,1,0.25
matched_rca,gemma-4-26b-a4b,F,aiops2025,k8s-master1,4,0,0.125
visual_counterfactual_rca,qwen3.8-27b,H_neutral,re2_ob,gke-gke-cluster-default-pool-2e1807ce-0e4z,4,0,0.3125
direct_rca,qwen3.8-27b,T,re2_tt,gke-gke-cluster-tt-default-pool-ca598206-p3ch,4,0,0.375
direct_rca,qwen3.8-27b,T,re2_ob,productcatalogservice,4,3,0.875
direct_rca,qwen3.8-27b,T,re2_ob,shippingservice,4,0,0.20833333
direct_rca,qwen3.8-27b,T,aiops2025,node-7,4,0,0.083333333
ledger_handoff_rca,gemma-4-26b-a4b,L_hyb,aiops2025,node-7,4,1,0.25
ledger_handoff_rca,gemma-4-26b-a4b,L_hyb,aiops2025,node-8,4,1,0.33333333
direct_rca,qwen3.8-27b,T,re2_tt,gke-gke-cluster-tt-default-pool-ca598206-g5tp,4,0,0.175
matched_rca,qwen3.6-27b,V,aiops2025,paymentservice,4,0,0.125
matched_rca,qwen3.6-27b,V,aiops2025,shippingservice,4,0,0
direct_rca,gemma-4-26b-a4b,P,aiops2025,node-4,4,1,0.25
direct_rca,gemma-4-26b-a4b,P,aiops2025,hipstershop,4,0,0
direct_rca,gemma-4-26b-a4b,P,aiops2022,node-4,4,1,0.25
visual_counterfactual_rca,qwen3.8-27b,H_neutral,aiops2025,node-7,4,0,0.083333333
matched_rca,qwen3.8-27b,H,re2_tt,gke-gke-cluster-tt-default-pool-ca598206-g5tp,4,0,0.25
matched_rca,qwen3.8-27b,H,re2_ob,gke-gke-cluster-default-pool-2e1807ce-0e4z,4,0,0.33333333
matched_rca,qwen3.6-27b,V,aiops2025,cartservice,4,2,0.5
visual_counterfactual_rca,qwen3.8-27b,H_neutral,re2_ob,gke-gke-cluster-default-pool-2e1807ce-cx8g,4,0,0.1875
matched_rca,gemma-4-26b-a4b,R,aiops2025,productcatalogservice,4,2,0.55
matched_rca,qwen3.8-27b,P,aegislab,ts-cancel-service,4,0,0.29166667
matched_rca,qwen3.8-27b,H,aiops2025,node-3,4,2,0.58333333
matched_rca,qwen3.8-27b,H,aiops2025,node-7,4,0,0.20833333
matched_rca,qwen3.8-27b,H,re2_ob,gke-gke-cluster-default-pool-2e1807ce-cx8g,4,0,0.20833333
direct_rca,gemma-4-26b-a4b,R,aegislab,rabbitmq,4,0,0
direct_rca,gemma-4-26b-a4b,P,re2_tt,ts-order-service,4,4,1
matched_rca,gemma-4-26b-a4b,R,aiops2025,paymentservice-2,4,0,0.125
direct_rca,qwen3.6-27b,V,aiops2022,adservice-2,4,2,0.70833333
direct_rca,qwen3.6-27b,V,aiops2022,adservice2,4,0,0
direct_rca,qwen3.6-27b,R,aiops2025,node-8,4,1,0.33333333
matched_rca,qwen3.6-27b,P,aiops2025,k8s-master1,4,0,0.125
visual_counterfactual_rca,gemma-4-26b-a4b,H_factual,aiops2025,node-8,4,2,0.5
matched_rca,qwen3.6-27b,H,aegislab,ts-seat-service,4,3,0.875
matched_rca,qwen3.6-27b,H,aegislab,ts-security-service,4,1,0.58333333
direct_rca,qwen3.6-27b,R,aiops2025,k8s-master1,4,0,0.125
visual_counterfactual_rca,gemma-4-26b-a4b,H_placebo,re2_tt,ts-ui-dashboard,4,0,0.125
visual_counterfactual_rca,gemma-4-26b-a4b,H_targeted,aegislab,loadgenerator,4,0,0
direct_rca,qwen3.6-27b,R,aiops2025,adservice,4,0,0.175
visual_counterfactual_rca,qwen3.8-27b,H_neutral,aegislab,ts-user-service,4,1,0.5
visual_counterfactual_rca,qwen3.8-27b,H_neutral,aiops2022,frontend,4,0,0.25
visual_counterfactual_rca,qwen3.8-27b,H_neutral,aegislab,ts-travel-service,4,0,0.20833333
ledger_handoff_rca,gemma-4-26b-a4b,L_txt,aegislab,ts-basic-service,4,2,0.5
direct_rca,qwen3.8-27b,T,aegislab,ts-seat-service,4,2,0.5
direct_rca,qwen3.8-27b,T,aegislab,ts-train-food-service,4,0,0.14583333
ledger_handoff_rca,gemma-4-26b-a4b,L_txt,aegislab,ts-order-service,4,2,0.5
direct_rca,gemma-4-26b-a4b,R,aegislab,ts-preserve-service,4,3,0.75
direct_rca,gemma-4-26b-a4b,R,aegislab,ts-route-plan-service,4,1,0.3
matched_rca,qwen3.6-27b,V,aiops2022,node-6,4,3,0.8125
direct_rca,qwen3.6-27b,V,re2_ob,productcatalogservice,4,3,0.83333333
visual_counterfactual_rca,gemma-4-26b-a4b,H_targeted,aiops2025,adservice-1,4,1,0.375
direct_rca,qwen3.6-27b,R,aegislab,ts-preserve-service,4,2,0.5
direct_rca,qwen3.6-27b,R,aegislab,ts-seat-service,4,2,0.5
ledger_handoff_rca,qwen3.8-27b,L_hyb,aegislab,ts-cancel-service,4,0,0.375
matched_rca,gemma-4-26b-a4b,F,aiops2022,adservice-0,4,1,0.375
direct_rca,gemma-4-26b-a4b,R,aiops2022,frontend-0,4,1,0.25
visual_counterfactual_rca,qwen3.8-27b,H_neutral,aegislab,ts-food-service,4,0,0.33333333
matched_rca,qwen3.8-27b,P,aegislab,ts-travel2-service,4,1,0.33333333
matched_rca,qwen3.8-27b,P,aegislab,ts-food-service,4,0,0.175
matched_rca,qwen3.8-27b,P,aegislab,ts-seat-service,4,1,0.5
ledger_handoff_rca,gemma-4-26b-a4b,L_txt,aiops2022,frontend-1,4,2,0.5
ledger_handoff_rca,gemma-4-26b-a4b,L_txt,aiops2022,checkoutservice-0,4,3,0.83333333
matched_rca,qwen3.6-27b,V,aiops2022,checkoutservice,4,2,0.6875
matched_rca,gemma-4-26b-a4b,T,aegislab,ts-consign-service,4,2,0.5
matched_rca,gemma-4-26b-a4b,T,aegislab,ts-food-service,4,2,0.5
direct_rca,gemma-4-26b-a4b,R,re2_ob,frontend,4,0,0.29166667
direct_rca,gemma-4-26b-a4b,R,aiops2025,node-3,4,2,0.625
direct_rca,gemma-4-26b-a4b,R,aiops2025,node-5,4,1,0.33333333
matched_rca,gemma-4-26b-a4b,F,aiops2022,checkoutservice-0,4,3,0.75
matched_rca,gemma-4-26b-a4b,F,aiops2022,checkoutservice-2,4,1,0.25
matched_rca,gemma-4-26b-a4b,R,re2_tt,ts-preserve-other-service,4,0,0
ledger_handoff_rca,qwen3.8-27b,L_vis,re2_tt,ts-travel2-service,4,0,0.20833333
direct_rca,qwen3.8-27b,R,re2_ob,gke-gke-cluster-default-pool-2e1807ce-cx8g,4,0,0.45833333
ledger_handoff_rca,gemma-4-26b-a4b,L_txt,aegislab,ts-travel-plan-service,4,1,0.25
ledger_handoff_rca,gemma-4-26b-a4b,L_txt,aiops2025,frontend-0,4,0,0.16666667
direct_rca,qwen3.8-27b,T,aegislab,ts-food-service,4,2,0.625
visual_counterfactual_rca,qwen3.8-27b,H_factual,re2_tt,gke-gke-cluster-tt-default-pool-ca598206-g5tp,4,0,0.25
visual_counterfactual_rca,qwen3.8-27b,H_factual,re2_ob,currencyservice,4,4,1
visual_counterfactual_rca,qwen3.8-27b,H_factual,re2_ob,gke-gke-cluster-default-pool-2e1807ce-0e4z,4,0,0.33333333
direct_rca,gemma-4-26b-a4b,R,aiops2025,k8s-master1,4,0,0.125
direct_rca,qwen3.8-27b,R,aiops2025,k8s-master1,4,0,0.33333333
direct_rca,qwen3.8-27b,R,re2_ob,currencyservice,4,4,1
visual_counterfactual_rca,qwen3.8-27b,H_neutral,aegislab,ts-basic-service,4,2,0.5625
direct_rca,gemma-4-26b-a4b,R,re2_tt,ts-inside-payment-service,4,0,0
matched_rca,qwen3.6-27b,V,aegislab,ts-security-service,4,2,0.70833333
ledger_handoff_rca,gemma-4-26b-a4b,L_txt,aiops2025,adservice-2,4,1,0.25
matched_rca,gemma-4-26b-a4b,T,aegislab,ts-route-plan-service,4,1,0.25
visual_counterfactual_rca,qwen3.8-27b,H_factual,aiops2025,cartservice,4,1,0.33333333
direct_rca,gemma-4-26b-a4b,T,aegislab,ts-route-plan-service,4,1,0.5
visual_counterfactual_rca,qwen3.8-27b,H_factual,aiops2025,node-7,4,0,0.20833333
visual_counterfactual_rca,qwen3.8-27b,H_factual,aiops2025,redis-cart,4,0,0.20833333
ledger_handoff_rca,qwen3.8-27b,L_hyb,aiops2022,adservice-0,4,1,0.375
visual_counterfactual_rca,gemma-4-26b-a4b,H_factual,aiops2025,adservice-0,4,1,0.25
visual_counterfactual_rca,gemma-4-26b-a4b,H_factual,aiops2025,adservice-2,4,2,0.5
visual_counterfactual_rca,gemma-4-26b-a4b,H_factual,aiops2025,k8s-master1,4,0,0.125
direct_rca,qwen3.6-27b,V,aiops2025,frontend-0,4,1,0.5
direct_rca,qwen3.6-27b,V,aiops2025,k8s-master1,4,0,0.125
direct_rca,qwen3.6-27b,V,aiops2025,adservice,4,0,0.083333333
direct_rca,qwen3.6-27b,V,aiops2025,node-4,4,1,0.25
direct_rca,qwen3.6-27b,R,aegislab,ts-basic-service,4,1,0.45833333
ledger_handoff_rca,qwen3.8-27b,L_hyb,aiops2022,checkoutservice-1,4,3,0.75
direct_rca,qwen3.8-27b,R,aiops2025,checkoutservice,4,2,0.5
direct_rca,qwen3.8-27b,R,aiops2022,node-2,4,1,0.3125
matched_rca,gemma-4-26b-a4b,F,aegislab,ts-consign-service,4,1,0.25
matched_rca,qwen3.8-27b,P,aiops2025,cartservice,4,1,0.25
matched_rca,qwen3.8-27b,P,aiops2025,node-7,4,0,0.0625
matched_rca,qwen3.8-27b,P,aiops2025,productcatalogservice,4,0,0.083333333
matched_rca,gemma-4-26b-a4b,T,aiops2022,frontend-1,4,2,0.5
direct_rca,qwen3.8-27b,R,aiops2022,checkoutservice,4,0,0.25833333
matched_rca,gemma-4-26b-a4b,T,aegislab,ts-security-service,4,3,0.75
matched_rca,qwen3.8-27b,P,re2_tt,gke-gke-cluster-tt-default-pool-ca598206-g5tp,4,0,0.125
direct_rca,gemma-4-26b-a4b,T,aiops2022,adservice2,4,0,0
matched_rca,qwen3.6-27b,T,re2_tt,ts-travel2-service,4,0,0.375
ledger_handoff_rca,gemma-4-26b-a4b,L_txt,aiops2025,node-8,4,1,0.33333333
matched_rca,qwen3.6-27b,V,aegislab,ts-assurance-service,4,3,0.75
ledger_handoff_rca,gemma-4-26b-a4b,L_txt,aiops2025,productcatalogservice,4,2,0.5
matched_rca,qwen3.8-27b,P,re2_ob,gke-gke-cluster-default-pool-2e1807ce-cx8g,4,0,0.125
matched_rca,qwen3.8-27b,P,re2_ob,gke-gke-cluster-default-pool-2e1807ce-w819,4,0,0.3125
direct_rca,gemma-4-26b-a4b,T,aiops2025,adservice-2,4,0,0
visual_counterfactual_rca,qwen3.8-27b,H_factual,aegislab,ts-travel-plan-service,4,2,0.5625
direct_rca,gemma-4-26b-a4b,T,aiops2025,currencyservice-2,4,0,0
visual_counterfactual_rca,qwen3.8-27b,H_factual,aiops2022,node-2,4,3,0.75
visual_counterfactual_rca,qwen3.8-27b,H_factual,aegislab,ts-basic-service,4,2,0.5
direct_rca,qwen3.6-27b,P,aegislab,ts-train-food-service,4,0,0.16666667
direct_rca,qwen3.6-27b,P,aiops2025,node-4,4,1,0.25
direct_rca,qwen3.6-27b,P,aiops2025,currencyservice,4,0,0.125
visual_counterfactual_rca,qwen3.6-27b,H_factual,aegislab,ts-order-service,4,2,0.58333333
visual_counterfactual_rca,qwen3.6-27b,H_factual,aegislab,ts-payment-service,4,0,0.20833333
visual_counterfactual_rca,gemma-4-26b-a4b,H_factual,aegislab,ts-ui-dashboard,4,0,0
visual_counterfactual_rca,gemma-4-26b-a4b,H_factual,aiops2022,adservice,4,0,0
direct_rca,qwen3.6-27b,P,aiops2025,checkoutservice,4,3,0.75
matched_rca,qwen3.6-27b,P,re2_ob,gke-gke-cluster-default-pool-2e1807ce-w819,4,0,0.3625
matched_rca,qwen3.6-27b,P,re2_tt,ts-travel2-service,4,0,0.27083333
visual_counterfactual_rca,gemma-4-26b-a4b,H_factual,aegislab,ts-route-plan-service,4,1,0.25
ledger_handoff_rca,qwen3.8-27b,L_hyb,aiops2022,cartservice-0,4,1,0.5
visual_counterfactual_rca,gemma-4-26b-a4b,H_targeted,aiops2025,node-5,4,1,0.25
visual_counterfactual_rca,gemma-4-26b-a4b,H_targeted,aiops2025,tidb-tidb,4,0,0.25
direct_rca,qwen3.6-27b,P,aiops2025,shippingservice,4,2,0.5
ledger_handoff_rca,qwen3.8-27b,L_hyb,aiops2025,checkoutservice,4,2,0.625
matched_rca,qwen3.6-27b,F,aiops2025,paymentservice,4,0,0.0625
ledger_handoff_rca,qwen3.8-27b,L_vis,aiops2022,node-5,4,0,0.083333333
matched_rca,qwen3.8-27b,R,aegislab,ts-food-service,4,1,0.41666667
ledger_handoff_rca,gemma-4-26b-a4b,L_vis,aegislab,rabbitmq,4,0,0
ledger_handoff_rca,gemma-4-26b-a4b,L_vis,aegislab,ts-auth-service,4,3,0.75
matched_rca,gemma-4-26b-a4b,T,aiops2025,frontend-0,4,2,0.58333333
direct_rca,qwen3.8-27b,P,re2_tt,ts-admin-user-service,4,0,0.21666667
direct_rca,qwen3.8-27b,R,aegislab,rabbitmq,4,0,0.1875
direct_rca,qwen3.8-27b,R,aegislab,ts-preserve-service,4,2,0.5
direct_rca,gemma-4-26b-a4b,T,aiops2025,k8s-master1,4,0,0.125
matched_rca,qwen3.8-27b,R,aiops2022,cartservice-0,4,1,0.375
direct_rca,qwen3.8-27b,F,aegislab,ts-food-service,4,2,0.625
direct_rca,qwen3.8-27b,F,aegislab,ts-train-food-service,4,0,0.13333333
matched_rca,qwen3.8-27b,V,re2_ob,gke-gke-cluster-default-pool-2e1807ce-cx8g,4,0,0.29166667
matched_rca,qwen3.6-27b,R,aegislab,ts-food-service,4,2,0.6875
direct_rca,qwen3.6-27b,P,aiops2022,checkoutservice-2,4,1,0.25
ledger_handoff_rca,qwen3.6-27b,L_txt,aiops2022,frontend,4,1,0.25
ledger_handoff_rca,qwen3.6-27b,L_txt,aiops2022,frontend-0,4,1,0.4375
ledger_handoff_rca,qwen3.6-27b,L_txt,aegislab,ts-food-service,4,1,0.39583333
visual_counterfactual_rca,qwen3.6-27b,H_factual,aegislab,ts-contacts-service,4,0,0.3125
visual_counterfactual_rca,qwen3.6-27b,H_factual,aegislab,ts-travel-plan-service,4,1,0.35
visual_counterfactual_rca,qwen3.8-27b,H_factual,aegislab,ts-config-service,4,1,0.41666667
visual_counterfactual_rca,qwen3.6-27b,H_targeted,re2_ob,currencyservice,4,4,1
matched_rca,qwen3.6-27b,T,aiops2025,node-8,4,1,0.5
matched_rca,qwen3.6-27b,T,aiops2025,paymentservice,4,0,0.125
ledger_handoff_rca,gemma-4-26b-a4b,L_txt,re2_tt,ts-preserve-other-service,4,0,0
matched_rca,qwen3.8-27b,R,aegislab,ts-route-plan-service,4,1,0.4375
matched_rca,qwen3.8-27b,R,aiops2022,adservice-0,4,1,0.375
direct_rca,gemma-4-26b-a4b,V,aegislab,ts-order-service,4,3,0.75
ledger_handoff_rca,qwen3.8-27b,L_vis,aiops2022,frontend,4,1,0.25
matched_rca,gemma-4-26b-a4b,T,re2_ob,gke-gke-cluster-default-pool-2e1807ce-w819,4,0,0.27083333
visual_counterfactual_rca,qwen3.6-27b,H_targeted,aiops2025,productcatalogservice,4,2,0.5625
direct_rca,gemma-4-26b-a4b,V,aegislab,ts-consign-service,4,0,0.0625
direct_rca,qwen3.8-27b,P,re2_ob,gke-gke-cluster-default-pool-2e1807ce-cx8g,4,0,0.33333333
direct_rca,gemma-4-26b-a4b,V,aegislab,rabbitmq,4,0,0
direct_rca,qwen3.8-27b,P,re2_tt,ts-route-service,4,3,0.75
direct_rca,qwen3.8-27b,P,re2_ob,emailservice,4,3,0.75
direct_rca,qwen3.8-27b,P,re2_ob,redis,4,0,0.1875
ledger_handoff_rca,gemma-4-26b-a4b,L_vis,aegislab,ts-order-service,4,2,0.5
direct_rca,qwen3.8-27b,P,re2_tt,ts-order-service,4,4,1
direct_rca,qwen3.8-27b,P,re2_tt,ts-auth-service,4,4,1
direct_rca,qwen3.6-27b,P,aegislab,ts-preserve-service,4,0,0.05
matched_rca,qwen3.6-27b,R,aegislab,ts-security-service,4,1,0.45833333
ledger_handoff_rca,qwen3.8-27b,L_hyb,aiops2025,node-1,4,0,0
matched_rca,qwen3.6-27b,F,aiops2025,k8s-master1,4,0,0.0625
direct_rca,qwen3.6-27b,P,aiops2022,node-2,4,1,0.25
visual_counterfactual_rca,qwen3.6-27b,H_factual,aiops2025,cartservice,4,2,0.58333333
matched_rca,qwen3.6-27b,R,aegislab,ts-consign-service,4,1,0.25
matched_rca,qwen3.8-27b,V,re2_ob,cartservice,4,0,0.39583333
direct_rca,qwen3.8-27b,F,aegislab,ts-travel-service,4,0,0.39583333
direct_rca,qwen3.8-27b,F,aiops2022,emailservice,4,0,0
ledger_handoff_rca,qwen3.8-27b,L_vis,aegislab,ts-security-service,4,1,0.47916667
visual_counterfactual_rca,qwen3.6-27b,H_targeted,aegislab,ts-travel-service,4,0,0.3125
matched_rca,gemma-4-26b-a4b,V,aegislab,ts-route-plan-service,4,1,0.3
matched_rca,qwen3.6-27b,T,aiops2025,currencyservice,4,0,0.13333333
matched_rca,qwen3.6-27b,T,aiops2022,node-6,4,3,0.875
matched_rca,qwen3.8-27b,R,aiops2025,frontend-0,4,1,0.58333333
matched_rca,qwen3.8-27b,R,aiops2025,paymentservice,4,0,0.125
direct_rca,qwen3.8-27b,P,aiops2025,k8s-master1,4,0,0.125
direct_rca,qwen3.8-27b,P,aiops2022,frontend2-0,4,0,0.14583333
matched_rca,qwen3.8-27b,R,aiops2025,currencyservice,4,0,0
direct_rca,qwen3.8-27b,P,re2_ob,productcatalogservice,4,2,0.64583333
matched_rca,qwen3.8-27b,R,aiops2025,node-3,4,2,0.5
ledger_handoff_rca,gemma-4-26b-a4b,L_vis,aiops2022,checkoutservice-0,4,3,0.75
ledger_handoff_rca,gemma-4-26b-a4b,L_vis,aiops2025,adservice-0,4,3,0.75
ledger_handoff_rca,gemma-4-26b-a4b,L_vis,aiops2025,cartservice,4,1,0.25
matched_rca,qwen3.8-27b,R,re2_tt,gke-gke-cluster-tt-default-pool-ca598206-g5tp,4,0,0.25
matched_rca,gemma-4-26b-a4b,V,aiops2022,checkoutservice-0,4,4,1
matched_rca,qwen3.6-27b,T,aiops2022,frontend-0,4,1,0.375
ledger_handoff_rca,gemma-4-26b-a4b,L_vis,aiops2022,frontend-0,4,1,0.25
ledger_handoff_rca,gemma-4-26b-a4b,L_vis,aiops2022,cartservice2-0,4,0,0.083333333
direct_rca,gemma-4-26b-a4b,V,aiops2025,k8s-master3,4,0,0
direct_rca,gemma-4-26b-a4b,V,aiops2025,node-3,4,2,0.5
visual_counterfactual_rca,qwen3.6-27b,H_factual,aiops2025,node-7,4,0,0.0625
visual_counterfactual_rca,qwen3.6-27b,H_factual,aiops2025,redis-cart,4,0,0.083333333
direct_rca,qwen3.8-27b,F,aiops2025,currencyservice,4,0,0.25833333
direct_rca,qwen3.8-27b,F,aiops2022,shippingservice,4,1,0.375
direct_rca,qwen3.6-27b,H,aiops2025,shippingservice,4,1,0.375
direct_rca,qwen3.6-27b,H,aiops2025,node-3,4,2,0.5
matched_rca,qwen3.8-27b,V,aiops2025,adservice,4,2,0.5
matched_rca,qwen3.8-27b,V,aiops2025,node-1,4,0,0.125
matched_rca,qwen3.8-27b,V,aiops2025,node-3,4,2,0.625
matched_rca,qwen3.8-27b,V,aiops2025,node-5,4,1,0.3125
matched_rca,qwen3.8-27b,V,aiops2025,paymentservice,4,0,0.083333333
matched_rca,qwen3.6-27b,R,aiops2022,checkoutservice-2,4,2,0.5
matched_rca,qwen3.6-27b,R,aiops2022,node-6,4,3,0.75
matched_rca,qwen3.6-27b,R,aiops2022,frontend-0,4,1,0.375
matched_rca,qwen3.8-27b,V,aiops2025,currencyservice,4,0,0.125
matched_rca,qwen3.8-27b,V,aiops2022,shippingservice,4,1,0.33333333
visual_counterfactual_rca,qwen3.6-27b,H_targeted,aegislab,ts-assurance-service,4,3,0.75
direct_rca,qwen3.8-27b,P,aiops2022,node-1,4,0,0.22916667
direct_rca,qwen3.8-27b,P,aiops2022,node-2,4,1,0.3125
matched_rca,qwen3.8-27b,T,aegislab,ts-food-service,4,1,0.33333333
matched_rca,qwen3.8-27b,T,aegislab,ts-gateway-service,4,0,0
ledger_handoff_rca,gemma-4-26b-a4b,L_vis,aiops2025,currencyservice-2,4,0,0
ledger_handoff_rca,gemma-4-26b-a4b,L_vis,aiops2025,node-8,4,1,0.25
matched_rca,gemma-4-26b-a4b,V,aiops2022,frontend-0,4,1,0.25
ledger_handoff_rca,qwen3.8-27b,L_txt,re2_ob,gke-gke-cluster-default-pool-2e1807ce-cx8g,4,0,0.33333333
direct_rca,qwen3.8-27b,H,re2_tt,ts-order-service,4,4,1
matched_rca,gemma-4-26b-a4b,V,aiops2022,emailservice-1,4,2,0.5
matched_rca,gemma-4-26b-a4b,V,aiops2025,adservice-0,4,1,0.25
ledger_handoff_rca,gemma-4-26b-a4b,L_vis,aiops2025,tidb-tidb,4,0,0
matched_rca,qwen3.8-27b,T,aegislab,ts-travel-plan-service,4,2,0.5625
direct_rca,qwen3.6-27b,F,aegislab,ts-food-service,4,2,0.675
direct_rca,qwen3.6-27b,F,aegislab,ts-assurance-service,4,3,0.83333333
direct_rca,qwen3.6-27b,F,aegislab,ts-basic-service,4,3,0.83333333
direct_rca,gemma-4-26b-a4b,V,re2_ob,gke-gke-cluster-default-pool-2e1807ce-0e4z,4,0,0.45833333
direct_rca,qwen3.6-27b,F,aiops2022,emailservice,4,0,0.0625
direct_rca,qwen3.8-27b,F,aiops2025,k8s-master1,4,0,0.1875
direct_rca,qwen3.6-27b,H,aiops2022,checkoutservice-2,4,1,0.25
matched_rca,qwen3.6-27b,F,aiops2022,checkoutservice-0,4,4,1
ledger_handoff_rca,qwen3.6-27b,L_hyb,re2_tt,ts-preserve-service,4,0,0.375
ledger_handoff_rca,qwen3.6-27b,L_hyb,aiops2025,productcatalogservice,4,0,0
direct_rca,qwen3.8-27b,F,aiops2025,node-3,4,1,0.375
visual_counterfactual_rca,qwen3.6-27b,H_neutral,aegislab,ts-seat-service,4,3,0.75
direct_rca,qwen3.6-27b,H,aiops2025,paymentservice,4,0,0.125
matched_rca,qwen3.6-27b,F,aiops2022,node-1,4,0,0.125
visual_counterfactual_rca,qwen3.6-27b,H_neutral,aegislab,ts-consign-service,4,1,0.425
visual_counterfactual_rca,qwen3.6-27b,H_neutral,aegislab,ts-travel-service,4,0,0.25833333
visual_counterfactual_rca,qwen3.6-27b,H_neutral,aegislab,ts-preserve-service,4,0,0.05
ledger_handoff_rca,qwen3.8-27b,L_txt,aiops2025,frontend-0,4,1,0.375
visual_counterfactual_rca,qwen3.6-27b,H_placebo,aiops2025,cartservice,4,2,0.5625
direct_rca,qwen3.6-27b,F,aiops2025,adservice-0,4,3,0.75
ledger_handoff_rca,qwen3.8-27b,L_txt,re2_tt,ts-admin-travel-service,4,0,0.16666667
matched_rca,gemma-4-26b-a4b,V,aiops2025,paymentservice-2,4,0,0.125
direct_rca,qwen3.8-27b,H,re2_ob,gke-gke-cluster-default-pool-2e1807ce-w819,4,0,0.45833333
matched_rca,qwen3.8-27b,T,aiops2025,cartservice,4,2,0.58333333
matched_rca,qwen3.6-27b,T,aegislab,ts-seat-service,4,2,0.5
direct_rca,qwen3.8-27b,H,re2_ob,gke-gke-cluster-default-pool-2e1807ce-cx8g,4,0,0.33333333
direct_rca,qwen3.8-27b,H,aiops2025,productcatalogservice,4,0,0
direct_rca,qwen3.8-27b,H,aiops2025,k8s-master1,4,0,0.125
direct_rca,qwen3.8-27b,H,aiops2025,node-3,4,2,0.55
ledger_handoff_rca,qwen3.6-27b,L_hyb,aegislab,ts-preserve-service,4,0,0.05
ledger_handoff_rca,qwen3.6-27b,L_hyb,aegislab,ts-consign-service,4,2,0.5
ledger_handoff_rca,gemma-4-26b-a4b,L_vis,re2_tt,ts-travel2-service,4,0,0
matched_rca,qwen3.6-27b,T,aegislab,ts-basic-service,4,1,0.55
visual_counterfactual_rca,qwen3.6-27b,H_placebo,aiops2022,node-5,4,2,0.55
visual_counterfactual_rca,qwen3.6-27b,H_placebo,aiops2022,frontend,4,2,0.5
ledger_handoff_rca,qwen3.8-27b,L_txt,aiops2025,productcatalogservice,4,0,0.125
ledger_handoff_rca,qwen3.8-27b,L_txt,aiops2025,adservice,4,1,0.25
ledger_handoff_rca,qwen3.8-27b,L_txt,aiops2022,frontend2-0,4,0,0.20833333
ledger_handoff_rca,gemma-4-26b-a4b,L_vis,re2_tt,ts-preserve-other-service,4,0,0
visual_counterfactual_rca,qwen3.6-27b,H_placebo,aegislab,ts-assurance-service,4,3,0.83333333
visual_counterfactual_rca,qwen3.6-27b,H_placebo,aegislab,ts-inside-payment-service,4,1,0.3
visual_counterfactual_rca,qwen3.6-27b,H_placebo,aegislab,ts-payment-service,4,0,0.27083333
visual_counterfactual_rca,qwen3.6-27b,H_placebo,aegislab,ts-travel-service,4,0,0.3125
direct_rca,qwen3.6-27b,F,aiops2022,frontend2-0,4,1,0.45833333
matched_rca,qwen3.6-27b,F,aegislab,ts-travel-plan-service,4,1,0.45833333
matched_rca,qwen3.6-27b,F,aegislab,ts-basic-service,4,1,0.5
ledger_handoff_rca,qwen3.8-27b,L_hyb,re2_tt,ts-travel2-service,4,0,0.33333333
matched_rca,qwen3.8-27b,V,aiops2022,frontend-0,4,1,0.25
direct_rca,qwen3.8-27b,F,re2_tt,gke-gke-cluster-tt-default-pool-ca598206-g5tp,4,0,0.20833333
direct_rca,qwen3.8-27b,F,re2_tt,gke-gke-cluster-tt-default-pool-ca598206-p3ch,4,0,0.375
direct_rca,qwen3.8-27b,F,aiops2025,redis-cart,4,0,0.19583333
matched_rca,qwen3.8-27b,V,aiops2022,paymentservice,4,0,0.083333333
matched_rca,qwen3.8-27b,V,aiops2022,checkoutservice,4,0,0.14583333
matched_rca,qwen3.8-27b,V,aiops2022,node-2,4,2,0.5
visual_counterfactual_rca,qwen3.6-27b,H_neutral,aegislab,ts-inside-payment-service,4,2,0.58333333
visual_counterfactual_rca,qwen3.6-27b,H_placebo,aiops2025,node-7,4,0,0.0625
visual_counterfactual_rca,qwen3.6-27b,H_placebo,aiops2025,node-8,4,1,0.375
visual_counterfactual_rca,qwen3.6-27b,H_placebo,aegislab,ts-contacts-service,4,0,0.25
matched_rca,qwen3.8-27b,T,re2_tt,gke-gke-cluster-tt-default-pool-ca598206-g5tp,4,0,0.1875
direct_rca,qwen3.8-27b,H,aiops2022,emailservice,4,0,0
matched_rca,qwen3.8-27b,T,re2_ob,gke-gke-cluster-default-pool-2e1807ce-cx8g,4,0,0.25
matched_rca,qwen3.8-27b,T,aiops2025,paymentservice,4,0,0.083333333
direct_rca,qwen3.6-27b,F,aiops2025,shippingservice,4,1,0.25
direct_rca,qwen3.6-27b,F,aiops2025,node-3,4,2,0.5
direct_rca,qwen3.6-27b,F,aiops2025,node-7,4,0,0.083333333
visual_counterfactual_rca,qwen3.6-27b,H_placebo,aegislab,ts-basic-service,4,1,0.44583333
direct_rca,qwen3.8-27b,H,aegislab,ts-basic-service,4,3,0.83333333
direct_rca,qwen3.6-27b,H,aiops2022,emailservice,4,0,0
matched_rca,qwen3.6-27b,R,aiops2025,node-8,4,1,0.375
ledger_handoff_rca,qwen3.6-27b,L_hyb,aiops2025,adservice,4,1,0.33333333
matched_rca,qwen3.8-27b,V,aegislab,ts-inside-payment-service,4,2,0.625
matched_rca,qwen3.6-27b,R,aiops2025,productcatalogservice,4,0,0
matched_rca,qwen3.6-27b,F,aegislab,ts-security-service,4,1,0.45833333
direct_rca,qwen3.6-27b,H,aiops2025,k8s-master1,4,0,0.25
visual_counterfactual_rca,qwen3.6-27b,H_neutral,aiops2022,node-2,4,2,0.625
visual_counterfactual_rca,qwen3.6-27b,H_neutral,aiops2022,node-5,4,2,0.625
matched_rca,gemma-4-26b-a4b,V,re2_ob,cartservice,4,0,0.25
direct_rca,qwen3.6-27b,F,aiops2025,k8s-master1,4,0,0.25
direct_rca,qwen3.6-27b,H,aegislab,ts-consign-service,4,1,0.33333333
matched_rca,qwen3.6-27b,R,re2_tt,ts-seat-service,4,0,0.175
ledger_handoff_rca,qwen3.6-27b,L_hyb,aiops2022,adservice-0,4,1,0.45833333
direct_rca,qwen3.6-27b,H,aegislab,ts-food-service,4,2,0.55
matched_rca,gemma-4-26b-a4b,V,re2_tt,ts-admin-travel-service,4,0,0.05
ledger_handoff_rca,qwen3.8-27b,L_txt,aiops2022,cartservice-0,4,1,0.375
visual_counterfactual_rca,qwen3.6-27b,H_neutral,aiops2025,cartservice,4,2,0.5
direct_rca,qwen3.6-27b,H,aegislab,ts-cancel-service,4,0,0.20833333
visual_counterfactual_rca,qwen3.6-27b,H_neutral,aiops2025,node-7,4,0,0.0625
visual_counterfactual_rca,qwen3.6-27b,H_neutral,aiops2025,paymentservice,4,0,0.125
visual_counterfactual_rca,qwen3.6-27b,H_neutral,aiops2025,productcatalogservice,4,1,0.3
matched_rca,qwen3.8-27b,F,aiops2022,emailservice,4,0,0
matched_rca,qwen3.8-27b,F,aiops2025,productcatalogservice,4,0,0
direct_rca,qwen3.8-27b,V,aiops2025,shippingservice,4,2,0.5
matched_rca,qwen3.8-27b,F,aiops2022,checkoutservice,4,1,0.375
visual_counterfactual_rca,qwen3.8-27b,H_targeted,aegislab,ts-travel-plan-service,4,2,0.6875
matched_rca,qwen3.8-27b,F,aiops2025,cartservice,4,1,0.33333333
visual_counterfactual_rca,qwen3.8-27b,H_targeted,aegislab,ts-preserve-service,4,0,0.16666667
ledger_handoff_rca,qwen3.6-27b,L_vis,aiops2025,adservice,4,0,0.083333333
matched_rca,qwen3.6-27b,P,aegislab,ts-travel-plan-service,4,1,0.5
direct_rca,qwen3.6-27b,T,aiops2025,k8s-master1,4,0,0.25
direct_rca,qwen3.6-27b,T,aiops2025,currencyservice,4,0,0.20833333
direct_rca,gemma-4-26b-a4b,F,aiops2025,currencyservice-2,4,0,0
direct_rca,gemma-4-26b-a4b,F,aiops2025,k8s-master1,4,0,0.125
visual_counterfactual_rca,qwen3.8-27b,H_targeted,re2_tt,gke-gke-cluster-tt-default-pool-ca598206-g5tp,4,0,0.25
direct_rca,gemma-4-26b-a4b,F,aegislab,ts-travel-plan-service,4,3,0.75
matched_rca,gemma-4-26b-a4b,P,aiops2022,paymentservice-2,4,0,0
matched_rca,gemma-4-26b-a4b,P,aiops2022,frontend-0,4,1,0.33333333
visual_counterfactual_rca,qwen3.8-27b,H_targeted,aiops2022,paymentservice,4,0,0.0625
direct_rca,qwen3.8-27b,V,re2_tt,ts-inside-payment-service,4,0,0.39583333
visual_counterfactual_rca,qwen3.8-27b,H_targeted,aiops2025,node-3,3,1,0.33333333
matched_rca,gemma-4-26b-a4b,H,re2_tt,gke-gke-cluster-tt-default-pool-ca598206-p3ch,3,0,0.16666667
direct_rca,gemma-4-26b-a4b,F,aiops2025,tidb-tidb,3,0,0.16666667
visual_counterfactual_rca,qwen3.8-27b,H_targeted,aiops2022,shippingservice,3,1,0.33333333
direct_rca,qwen3.8-27b,V,re2_tt,ts-payment-service,3,0,0.11111111
direct_rca,qwen3.8-27b,V,re2_tt,ts-preserve-service,3,0,0.066666667
direct_rca,qwen3.8-27b,V,re2_tt,gke-gke-cluster-tt-default-pool-ca598206-p3ch,3,0,0.41666667
direct_rca,gemma-4-26b-a4b,F,aegislab,ts-order-service,3,2,0.73333333
visual_counterfactual_rca,qwen3.8-27b,H_targeted,aiops2025,node-8,3,1,0.5
visual_counterfactual_rca,qwen3.8-27b,H_targeted,re2_tt,ts-inside-payment-service,3,0,0.44444444
direct_rca,gemma-4-26b-a4b,F,aegislab,ts-security-service,3,2,0.66666667
matched_rca,gemma-4-26b-a4b,P,aegislab,mysql,3,1,0.33333333
visual_counterfactual_rca,qwen3.8-27b,H_targeted,re2_tt,ts-payment-service,3,0,0.27777778
matched_rca,gemma-4-26b-a4b,P,aegislab,ts-consign-service,3,2,0.66666667
matched_rca,gemma-4-26b-a4b,H,re2_tt,ts-travel2-service,3,0,0
direct_rca,gemma-4-26b-a4b,F,aiops2025,currencyservice-0,3,0,0.27777778
direct_rca,gemma-4-26b-a4b,F,aiops2025,frontend-0,3,1,0.33333333
direct_rca,gemma-4-26b-a4b,F,aiops2022,shippingservice2-0,3,1,0.5
matched_rca,qwen3.6-27b,H,re2_tt,ts-inside-payment-service,3,0,0.5
matched_rca,qwen3.6-27b,H,re2_tt,gke-gke-cluster-tt-default-pool-ca598206-g5tp,3,0,0.11111111
direct_rca,qwen3.6-27b,T,aiops2025,cartservice,3,0,0.066666667
direct_rca,gemma-4-26b-a4b,F,aiops2022,productcatalogservice-2,3,2,0.66666667
direct_rca,gemma-4-26b-a4b,F,aiops2022,node-1,3,1,0.33333333
visual_counterfactual_rca,qwen3.8-27b,H_targeted,aegislab,ts-gateway-service,3,0,0
visual_counterfactual_rca,qwen3.8-27b,H_targeted,aegislab,ts-auth-service,3,2,0.77777778
visual_counterfactual_rca,gemma-4-26b-a4b,H_neutral,aiops2025,tidb-tidb,3,0,0.16666667
visual_counterfactual_rca,gemma-4-26b-a4b,H_neutral,aiops2025,node-1,3,0,0
visual_counterfactual_rca,gemma-4-26b-a4b,H_neutral,aiops2025,node-2,3,0,0
visual_counterfactual_rca,gemma-4-26b-a4b,H_neutral,aiops2025,node-3,3,1,0.5
matched_rca,qwen3.6-27b,H,aiops2025,node-5,3,1,0.33333333
matched_rca,qwen3.6-27b,H,aiops2025,node-7,3,0,0.083333333
matched_rca,qwen3.6-27b,H,aiops2025,node-8,3,1,0.5
ledger_handoff_rca,qwen3.6-27b,L_vis,aiops2022,node-6,3,1,0.5
visual_counterfactual_rca,gemma-4-26b-a4b,H_placebo,aegislab,ts-auth-service,3,3,1
visual_counterfactual_rca,gemma-4-26b-a4b,H_placebo,aegislab,ts-avatar-service,3,0,0
visual_counterfactual_rca,gemma-4-26b-a4b,H_placebo,aegislab,ts-consign-service,3,2,0.66666667
direct_rca,qwen3.6-27b,T,aiops2022,adservice-2,3,1,0.33333333
visual_counterfactual_rca,gemma-4-26b-a4b,H_placebo,aegislab,ts-price-service,3,2,0.83333333
visual_counterfactual_rca,gemma-4-26b-a4b,H_neutral,aiops2025,node-5,3,1,0.33333333
visual_counterfactual_rca,gemma-4-26b-a4b,H_neutral,aiops2025,paymentservice-2,3,0,0
direct_rca,qwen3.6-27b,T,re2_ob,gke-gke-cluster-default-pool-2e1807ce-w819,3,0,0.5
direct_rca,gemma-4-26b-a4b,H,aegislab,ts-avatar-service,3,0,0
matched_rca,gemma-4-26b-a4b,H,aiops2025,frontend-0,3,2,0.66666667
matched_rca,gemma-4-26b-a4b,P,aiops2025,tidb-tidb,3,0,0.33333333
matched_rca,gemma-4-26b-a4b,H,aiops2025,node-5,3,1,0.33333333
matched_rca,gemma-4-26b-a4b,P,aiops2025,adservice,3,0,0
visual_counterfactual_rca,gemma-4-26b-a4b,H_neutral,re2_tt,ts-ui-dashboard,3,0,0.16666667
visual_counterfactual_rca,gemma-4-26b-a4b,H_placebo,aegislab,loadgenerator,3,0,0.27777778
visual_counterfactual_rca,gemma-4-26b-a4b,H_placebo,aegislab,rabbitmq,3,0,0
direct_rca,qwen3.8-27b,V,aiops2025,hipstershop,3,0,0
direct_rca,qwen3.8-27b,V,aiops2025,k8s-master2,3,0,0.083333333
direct_rca,gemma-4-26b-a4b,H,aegislab,loadgenerator,3,0,0
direct_rca,gemma-4-26b-a4b,H,aegislab,ts-assurance-service,3,2,0.66666667
visual_counterfactual_rca,qwen3.8-27b,H_placebo,re2_tt,ts-inside-payment-service,3,0,0.25
direct_rca,gemma-4-26b-a4b,H,aegislab,ts-cancel-service,3,0,0
direct_rca,gemma-4-26b-a4b,H,aegislab,ts-delivery-service,3,0,0.11111111
direct_rca,gemma-4-26b-a4b,H,aegislab,ts-inside-payment-service,3,1,0.33333333
direct_rca,qwen3.8-27b,H,aegislab,ts-cancel-service,3,0,0.34444444
direct_rca,qwen3.8-27b,H,aegislab,mysql,3,1,0.33333333
visual_counterfactual_rca,qwen3.6-27b,H_neutral,aiops2025,adservice-0,3,1,0.56666667
visual_counterfactual_rca,qwen3.6-27b,H_neutral,aiops2025,k8s-master1,3,0,0.27777778
visual_counterfactual_rca,qwen3.6-27b,H_neutral,aiops2025,node-3,3,1,0.41666667
direct_rca,qwen3.6-27b,F,aiops2025,redis-cart,3,0,0.22222222
direct_rca,qwen3.6-27b,F,aiops2025,node-4,3,1,0.33333333
direct_rca,qwen3.6-27b,F,aiops2025,productcatalogservice,3,0,0
ledger_handoff_rca,qwen3.6-27b,L_hyb,aiops2022,frontend2-0,3,1,0.4
matched_rca,qwen3.6-27b,R,aiops2025,node-4,3,1,0.33333333
ledger_handoff_rca,qwen3.6-27b,L_hyb,aiops2025,adservice-2,3,3,1
direct_rca,qwen3.8-27b,H,aiops2022,checkoutservice,3,0,0.30555556
direct_rca,qwen3.8-27b,H,aiops2022,adservice-0,3,1,0.33333333
matched_rca,qwen3.8-27b,V,aegislab,ts-config-service,3,1,0.44444444
matched_rca,qwen3.8-27b,V,aegislab,ts-gateway-service,3,0,0.066666667
matched_rca,qwen3.8-27b,V,aegislab,ts-user-service,3,0,0.11111111
direct_rca,qwen3.6-27b,H,aiops2025,frontend-0,3,0,0.33333333
direct_rca,qwen3.6-27b,H,aiops2025,adservice-1,3,2,0.66666667
direct_rca,qwen3.6-27b,H,aiops2022,adservice-2,3,1,0.33333333
direct_rca,qwen3.6-27b,H,aiops2022,cartservice-0,3,1,0.33333333
direct_rca,qwen3.6-27b,H,aiops2022,frontend-0,3,1,0.33333333
direct_rca,qwen3.6-27b,H,aiops2022,checkoutservice,3,1,0.44444444
matched_rca,qwen3.6-27b,R,aiops2025,adservice-0,3,2,0.66666667
matched_rca,qwen3.6-27b,R,aiops2025,node-3,3,2,0.66666667
direct_rca,qwen3.8-27b,H,aiops2022,node-2,3,1,0.33333333
direct_rca,qwen3.8-27b,H,aegislab,ts-travel2-service,3,1,0.33333333
ledger_handoff_rca,qwen3.8-27b,L_txt,aiops2025,emailservice,3,1,0.33333333
ledger_handoff_rca,qwen3.8-27b,L_txt,aiops2022,shippingservice,3,1,0.33333333
matched_rca,gemma-4-26b-a4b,V,aiops2025,redis-cart-0,3,0,0
ledger_handoff_rca,qwen3.8-27b,L_txt,aiops2025,checkoutservice,3,2,0.66666667
direct_rca,qwen3.6-27b,F,aiops2025,frontend-0,3,1,0.5
matched_rca,qwen3.6-27b,F,aegislab,ts-seat-service,3,2,0.66666667
visual_counterfactual_rca,qwen3.6-27b,H_neutral,aegislab,ts-food-service,3,1,0.5
direct_rca,qwen3.8-27b,F,re2_ob,frontend-external,3,0,0.27777778
matched_rca,qwen3.8-27b,V,aiops2025,checkoutservice,3,2,0.66666667
direct_rca,qwen3.8-27b,H,aegislab,ts-food-service,3,2,0.66666667
direct_rca,qwen3.8-27b,H,aegislab,ts-assurance-service,3,2,0.66666667
matched_rca,qwen3.6-27b,R,aiops2025,adservice,3,0,0.27777778
direct_rca,qwen3.6-27b,H,aegislab,ts-basic-service,3,3,1
matched_rca,qwen3.6-27b,F,aegislab,ts-config-service,3,0,0.17777778
visual_counterfactual_rca,qwen3.6-27b,H_placebo,aegislab,ts-config-service,3,0,0.16666667
visual_counterfactual_rca,qwen3.6-27b,H_placebo,aegislab,ts-consign-service,3,1,0.5
matched_rca,qwen3.6-27b,F,aegislab,ts-travel-service,3,0,0.19444444
matched_rca,qwen3.6-27b,F,aiops2022,frontend-0,3,1,0.33333333
matched_rca,qwen3.6-27b,F,aiops2022,emailservice,3,1,0.41666667
ledger_handoff_rca,qwen3.8-27b,L_hyb,re2_tt,gke-gke-cluster-tt-default-pool-ca598206-tj63,3,0,0.5
matched_rca,qwen3.6-27b,F,aiops2022,frontend,3,1,0.33333333
direct_rca,qwen3.6-27b,H,re2_ob,gke-gke-cluster-default-pool-2e1807ce-w819,3,0,0.5
direct_rca,qwen3.8-27b,H,aiops2022,frontend2,3,0,0.16666667
matched_rca,qwen3.8-27b,T,re2_ob,gke-gke-cluster-default-pool-2e1807ce-w819,3,0,0.41666667
ledger_handoff_rca,qwen3.6-27b,L_hyb,aiops2022,frontend-0,3,1,0.5
ledger_handoff_rca,qwen3.6-27b,L_hyb,aegislab,ts-assurance-service,3,3,1
ledger_handoff_rca,qwen3.6-27b,L_hyb,aegislab,ts-auth-service,3,3,1
direct_rca,qwen3.6-27b,F,aiops2022,adservice-2,3,1,0.33333333
direct_rca,qwen3.6-27b,F,aegislab,ts-travel-service,3,0,0.083333333
visual_counterfactual_rca,qwen3.6-27b,H_placebo,aegislab,ts-cancel-service,3,0,0.23333333
direct_rca,qwen3.8-27b,H,aegislab,ts-security-service,3,0,0.11111111
matched_rca,qwen3.8-27b,T,aiops2025,k8s-master1,3,0,0.33333333
matched_rca,qwen3.8-27b,T,aiops2025,k8s-master3,3,0,0.083333333
matched_rca,qwen3.8-27b,T,re2_ob,gke-gke-cluster-default-pool-2e1807ce-0e4z,3,0,0.33333333
matched_rca,qwen3.8-27b,T,aiops2025,node-7,3,0,0.16666667
matched_rca,qwen3.8-27b,T,aiops2025,node-8,3,1,0.5
matched_rca,qwen3.8-27b,T,aiops2025,redis-cart,3,0,0.16666667
matched_rca,qwen3.8-27b,T,re2_ob,shippingservice,3,0,0.5
direct_rca,qwen3.8-27b,P,aegislab,ts-basic-service,3,1,0.66666667
direct_rca,qwen3.8-27b,H,re2_tt,ts-travel2-service,3,0,0.27777778
direct_rca,qwen3.8-27b,P,aegislab,ts-food-service,3,2,0.66666667
direct_rca,qwen3.8-27b,H,re2_ob,gke-gke-cluster-default-pool-2e1807ce-0e4z,3,0,0.16666667
matched_rca,qwen3.8-27b,T,aiops2022,shippingservice,3,1,0.33333333
matched_rca,qwen3.8-27b,T,aiops2025,checkoutservice,3,2,0.77777778
matched_rca,qwen3.6-27b,T,aegislab,ts-route-plan-service,3,0,0.23333333
matched_rca,qwen3.6-27b,T,aegislab,ts-station-food-service,3,0,0
direct_rca,qwen3.8-27b,H,re2_tt,gke-gke-cluster-tt-default-pool-ca598206-g5tp,3,0,0.16666667
direct_rca,qwen3.8-27b,H,re2_tt,gke-gke-cluster-tt-default-pool-ca598206-p3ch,3,0,0.5
direct_rca,qwen3.8-27b,H,aiops2025,k8s-master2,3,0,0.25
matched_rca,qwen3.8-27b,T,aiops2025,node-5,3,1,0.33333333
direct_rca,qwen3.8-27b,H,aiops2025,redis-cart,3,0,0.22222222
direct_rca,qwen3.8-27b,H,aiops2025,node-5,3,1,0.33333333
direct_rca,qwen3.8-27b,H,aiops2025,node-7,3,0,0.21666667
direct_rca,qwen3.8-27b,P,aegislab,ts-avatar-service,3,0,0
visual_counterfactual_rca,qwen3.6-27b,H_placebo,aiops2022,checkoutservice,3,0,0.19444444
direct_rca,qwen3.6-27b,F,aiops2022,frontend-0,3,0,0.16666667
ledger_handoff_rca,qwen3.8-27b,L_txt,aiops2025,adservice-2,3,1,0.33333333
ledger_handoff_rca,gemma-4-26b-a4b,L_vis,re2_tt,ts-preserve-service,3,0,0
matched_rca,qwen3.6-27b,T,aegislab,ts-cancel-service,3,0,0.25
matched_rca,qwen3.6-27b,R,re2_tt,ts-travel2-service,3,0,0.33333333
matched_rca,qwen3.6-27b,T,aegislab,mysql,3,1,0.44444444
ledger_handoff_rca,qwen3.6-27b,L_hyb,aegislab,ts-food-service,3,1,0.41666667
matched_rca,qwen3.6-27b,F,aegislab,ts-contacts-service,3,0,0.33333333
matched_rca,gemma-4-26b-a4b,V,re2_tt,ts-travel2-service,3,0,0
matched_rca,qwen3.6-27b,F,aegislab,mysql,3,1,0.33333333
matched_rca,qwen3.6-27b,F,aegislab,ts-food-service,3,1,0.33333333
matched_rca,qwen3.6-27b,F,aegislab,ts-gateway-service,3,0,0
ledger_handoff_rca,qwen3.8-27b,L_txt,aegislab,ts-auth-service,3,1,0.33333333
ledger_handoff_rca,qwen3.8-27b,L_txt,aegislab,loadgenerator,3,0,0.38888889
visual_counterfactual_rca,qwen3.6-27b,H_placebo,aegislab,ts-verification-code-service,3,0,0.19444444
matched_rca,qwen3.6-27b,R,aiops2025,adservice-1,3,1,0.33333333
direct_rca,qwen3.8-27b,F,aiops2025,node-4,3,1,0.33333333
direct_rca,qwen3.8-27b,F,aiops2025,node-5,3,1,0.4
direct_rca,qwen3.8-27b,F,re2_tt,ts-payment-service,3,0,0.23333333
direct_rca,qwen3.8-27b,F,re2_tt,ts-seat-service,3,0,0.38888889
direct_rca,qwen3.8-27b,F,aiops2025,node-7,3,0,0.083333333
direct_rca,qwen3.8-27b,F,aiops2025,k8s-master2,3,0,0.23333333
direct_rca,qwen3.6-27b,H,aiops2022,checkoutservice-0,3,2,0.66666667
direct_rca,qwen3.6-27b,H,aiops2025,currencyservice,3,0,0.16666667
direct_rca,qwen3.6-27b,H,aiops2022,frontend2,3,0,0.16666667
direct_rca,qwen3.6-27b,H,aiops2022,node-2,3,1,0.33333333
direct_rca,qwen3.6-27b,P,aegislab,mysql,3,1,0.33333333
direct_rca,qwen3.6-27b,H,re2_tt,ts-seat-service,3,0,0.38888889
direct_rca,qwen3.6-27b,H,aiops2025,node-7,3,0,0.083333333
visual_counterfactual_rca,qwen3.6-27b,H_factual,re2_tt,ts-ui-dashboard,3,0,0.27777778
ledger_handoff_rca,qwen3.6-27b,L_txt,aegislab,ts-admin-order-service,3,0,0.27777778
direct_rca,qwen3.6-27b,F,aiops2022,shippingservice,3,0,0.11111111
visual_counterfactual_rca,qwen3.6-27b,H_placebo,aiops2025,paymentservice,3,0,0
visual_counterfactual_rca,qwen3.6-27b,H_placebo,aiops2025,productcatalogservice,3,2,0.66666667
visual_counterfactual_rca,qwen3.6-27b,H_placebo,aiops2025,redis-cart,3,0,0.11111111
direct_rca,qwen3.6-27b,H,re2_tt,ts-travel2-service,3,0,0.33333333
visual_counterfactual_rca,qwen3.6-27b,H_neutral,aegislab,ts-basic-service,3,1,0.61111111
visual_counterfactual_rca,qwen3.6-27b,H_neutral,aegislab,ts-contacts-service,3,0,0.16666667
visual_counterfactual_rca,qwen3.6-27b,H_neutral,aegislab,ts-train-service,3,1,0.41666667
ledger_handoff_rca,qwen3.8-27b,L_txt,re2_tt,ts-route-service,3,3,1
matched_rca,gemma-4-26b-a4b,V,aiops2025,currencyservice-0,3,0,0
ledger_handoff_rca,qwen3.8-27b,L_txt,aiops2025,node-1,3,0,0
matched_rca,gemma-4-26b-a4b,V,aiops2025,productcatalogservice-2,3,0,0
ledger_handoff_rca,qwen3.8-27b,L_txt,aiops2025,node-5,3,1,0.33333333
ledger_handoff_rca,qwen3.8-27b,L_txt,aiops2025,node-7,3,1,0.5
ledger_handoff_rca,qwen3.8-27b,L_txt,aiops2025,paymentservice,3,0,0.16666667
direct_rca,qwen3.6-27b,F,aiops2025,currencyservice,3,0,0.33333333
ledger_handoff_rca,qwen3.8-27b,L_txt,re2_tt,gke-gke-cluster-tt-default-pool-ca598206-p3ch,3,0,0.33333333
ledger_handoff_rca,qwen3.8-27b,L_txt,re2_tt,gke-gke-cluster-tt-default-pool-ca598206-tj63,3,0,0.5
matched_rca,gemma-4-26b-a4b,V,aiops2022,shippingservice2-0,3,1,0.33333333
ledger_handoff_rca,gemma-4-26b-a4b,L_vis,aiops2025,k8s-master2,3,0,0
ledger_handoff_rca,gemma-4-26b-a4b,L_vis,aiops2025,checkoutservice,3,0,0
ledger_handoff_rca,gemma-4-26b-a4b,L_vis,aiops2025,emailservice,3,0,0
ledger_handoff_rca,gemma-4-26b-a4b,L_vis,aiops2025,frontend,3,0,0
ledger_handoff_rca,gemma-4-26b-a4b,L_vis,aiops2025,paymentservice-2,3,0,0
matched_rca,qwen3.8-27b,T,aegislab,ts-route-plan-service,3,1,0.44444444
matched_rca,qwen3.8-27b,T,aegislab,ts-user-service,3,0,0.44444444
direct_rca,qwen3.8-27b,P,aegislab,loadgenerator,3,0,0.11111111
direct_rca,qwen3.8-27b,P,aegislab,mysql,3,1,0.4
direct_rca,qwen3.8-27b,H,re2_tt,ts-seat-service,3,0,0.44444444
matched_rca,gemma-4-26b-a4b,V,aiops2022,adservice2-0,3,1,0.5
matched_rca,gemma-4-26b-a4b,V,aiops2025,adservice-1,3,0,0.33333333
matched_rca,gemma-4-26b-a4b,V,aiops2022,frontend-1,3,1,0.33333333
direct_rca,qwen3.6-27b,F,aegislab,ts-inside-payment-service,3,2,0.77777778
direct_rca,qwen3.6-27b,F,aegislab,ts-avatar-service,3,0,0
visual_counterfactual_rca,qwen3.6-27b,H_placebo,re2_ob,adservice,3,0,0.41666667
direct_rca,qwen3.6-27b,F,aegislab,ts-seat-service,3,3,1
direct_rca,qwen3.6-27b,F,aegislab,ts-security-service,3,0,0.27777778
ledger_handoff_rca,gemma-4-26b-a4b,L_vis,re2_tt,ts-admin-user-service,3,0,0
ledger_handoff_rca,gemma-4-26b-a4b,L_vis,re2_ob,paymentservice,3,0,0
matched_rca,qwen3.8-27b,T,aegislab,ts-inside-payment-service,3,2,0.75
visual_counterfactual_rca,qwen3.6-27b,H_placebo,aiops2025,k8s-master3,3,0,0.066666667
direct_rca,gemma-4-26b-a4b,V,re2_tt,gke-gke-cluster-tt-default-pool-ca598206-tj63,3,0,0.11111111
direct_rca,gemma-4-26b-a4b,V,re2_ob,gke-gke-cluster-default-pool-2e1807ce-cx8g,3,0,0.33333333
visual_counterfactual_rca,qwen3.6-27b,H_placebo,re2_tt,ts-ui-dashboard,3,0,0.44444444
visual_counterfactual_rca,qwen3.6-27b,H_targeted,aegislab,loadgenerator,3,0,0.083333333
direct_rca,gemma-4-26b-a4b,V,re2_tt,ts-inside-payment-service,3,0,0
direct_rca,qwen3.6-27b,F,aegislab,ts-consign-service,3,1,0.33333333
direct_rca,qwen3.6-27b,F,aegislab,ts-contacts-service,3,0,0.11111111
visual_counterfactual_rca,qwen3.6-27b,H_factual,aiops2025,paymentservice,3,0,0
visual_counterfactual_rca,qwen3.6-27b,H_factual,aiops2025,productcatalogservice,3,2,0.73333333
visual_counterfactual_rca,qwen3.6-27b,H_factual,re2_ob,adservice,3,0,0.41666667
visual_counterfactual_rca,qwen3.6-27b,H_factual,aiops2025,k8s-master3,3,0,0.066666667
visual_counterfactual_rca,qwen3.6-27b,H_factual,re2_ob,cartservice,3,0,0.33333333
visual_counterfactual_rca,qwen3.6-27b,H_targeted,aegislab,ts-inside-payment-service,3,1,0.33333333
direct_rca,gemma-4-26b-a4b,V,aiops2025,k8s-master1,3,0,0
direct_rca,gemma-4-26b-a4b,V,re2_ob,frontend,3,0,0.16666667
matched_rca,qwen3.8-27b,V,aiops2025,k8s-master3,3,0,0
direct_rca,qwen3.8-27b,F,aiops2022,frontend2,3,0,0.16666667
direct_rca,qwen3.8-27b,F,aiops2022,node-2,3,1,0.33333333
matched_rca,qwen3.8-27b,V,aiops2025,productcatalogservice,3,0,0
matched_rca,qwen3.8-27b,V,aiops2025,shippingservice,3,0,0.11111111
direct_rca,qwen3.6-27b,H,aiops2025,node-4,3,1,0.44444444
visual_counterfactual_rca,qwen3.6-27b,H_factual,aiops2025,node-5,3,1,0.33333333
visual_counterfactual_rca,qwen3.6-27b,H_factual,aiops2025,node-8,3,1,0.5
direct_rca,gemma-4-26b-a4b,V,aiops2022,node-2,3,0,0.33333333
direct_rca,gemma-4-26b-a4b,V,aiops2022,frontend-0,3,1,0.33333333
direct_rca,gemma-4-26b-a4b,V,aiops2022,adservice2-0,3,1,0.33333333
visual_counterfactual_rca,qwen3.6-27b,H_targeted,aegislab,ts-seat-service,3,2,0.66666667
visual_counterfactual_rca,qwen3.6-27b,H_targeted,aegislab,ts-food-service,3,0,0.25
ledger_handoff_rca,qwen3.6-27b,L_hyb,re2_tt,gke-gke-cluster-tt-default-pool-ca598206-g5tp,3,0,0.11111111
matched_rca,qwen3.6-27b,R,aiops2022,node-2,3,1,0.5
matched_rca,qwen3.8-27b,V,aiops2025,frontend-0,3,0,0.41666667
ledger_handoff_rca,gemma-4-26b-a4b,L_vis,aiops2025,node-1,3,0,0
matched_rca,qwen3.6-27b,T,aegislab,ts-train-food-service,3,0,0.25
matched_rca,qwen3.6-27b,T,aegislab,ts-travel-service,3,1,0.5
matched_rca,qwen3.6-27b,T,aegislab,ts-user-service,3,1,0.52777778
matched_rca,qwen3.8-27b,T,aegislab,ts-avatar-service,3,0,0.11111111
matched_rca,qwen3.8-27b,T,aegislab,ts-config-service,3,0,0.22222222
direct_rca,qwen3.8-27b,P,aegislab,ts-order-service,3,2,0.66666667
direct_rca,qwen3.8-27b,P,aegislab,ts-preserve-service,3,0,0
matched_rca,qwen3.6-27b,T,aiops2025,cartservice,3,1,0.44444444
matched_rca,qwen3.6-27b,T,aiops2025,checkoutservice,3,2,0.83333333
ledger_handoff_rca,gemma-4-26b-a4b,L_vis,aegislab,ts-route-service,3,2,0.66666667
matched_rca,gemma-4-26b-a4b,V,aegislab,ts-basic-service,3,2,0.66666667
matched_rca,gemma-4-26b-a4b,V,aegislab,ts-food-service,3,2,0.66666667
ledger_handoff_rca,qwen3.8-27b,L_txt,re2_tt,ts-travel2-service,3,0,0.27777778
matched_rca,gemma-4-26b-a4b,V,aegislab,ts-travel-plan-service,3,2,0.66666667
matched_rca,gemma-4-26b-a4b,V,aegislab,ts-travel2-service,3,1,0.5
matched_rca,qwen3.8-27b,R,aiops2025,node-8,3,1,0.5
matched_rca,qwen3.8-27b,R,aiops2025,productcatalogservice,3,0,0.16666667
matched_rca,qwen3.8-27b,R,aiops2025,node-1,3,0,0
direct_rca,qwen3.8-27b,P,aiops2025,node-3,3,2,0.66666667
direct_rca,qwen3.8-27b,P,aiops2025,emailservice,3,0,0.083333333
matched_rca,qwen3.6-27b,T,aiops2022,productcatalogservice,3,0,0.17777778
matched_rca,qwen3.6-27b,T,aiops2022,node-1,3,1,0.33333333
matched_rca,qwen3.6-27b,T,aiops2025,k8s-master1,3,0,0.066666667
direct_rca,qwen3.8-27b,P,aiops2025,node-8,3,0,0
direct_rca,qwen3.8-27b,P,aiops2025,paymentservice,3,0,0.11111111
matched_rca,qwen3.8-27b,R,re2_ob,gke-gke-cluster-default-pool-2e1807ce-cx8g,3,0,0.33333333
direct_rca,qwen3.8-27b,P,aiops2022,frontend,3,1,0.4
direct_rca,qwen3.8-27b,P,aiops2022,checkoutservice-2,3,1,0.33333333
matched_rca,qwen3.8-27b,R,aiops2025,cartservice,3,1,0.33333333
matched_rca,qwen3.8-27b,R,aiops2025,node-5,3,1,0.33333333
matched_rca,qwen3.8-27b,R,aiops2025,node-7,3,1,0.5
direct_rca,gemma-4-26b-a4b,V,aiops2025,node-6,3,1,0.41666667
matched_rca,gemma-4-26b-a4b,V,aiops2022,cartservice-0,3,1,0.33333333
matched_rca,gemma-4-26b-a4b,V,aiops2022,cartservice-1,3,1,0.33333333
ledger_handoff_rca,qwen3.8-27b,L_vis,aegislab,ts-route-plan-service,3,1,0.44444444
matched_rca,qwen3.6-27b,T,aiops2022,cartservice-0,3,1,0.5
matched_rca,qwen3.6-27b,T,aiops2022,emailservice,3,1,0.52777778
ledger_handoff_rca,gemma-4-26b-a4b,L_vis,aiops2022,cartservice-0,3,0,0
direct_rca,qwen3.8-27b,P,aiops2025,node-4,3,0,0
visual_counterfactual_rca,qwen3.6-27b,H_factual,aiops2022,node-6,3,0,0.16666667
visual_counterfactual_rca,qwen3.6-27b,H_factual,aiops2022,paymentservice2,3,0,0
visual_counterfactual_rca,qwen3.6-27b,H_factual,aiops2022,frontend,3,1,0.33333333
direct_rca,qwen3.6-27b,P,aegislab,ts-basic-service,3,1,0.61111111
direct_rca,qwen3.6-27b,P,aegislab,ts-food-delivery-service,3,0,0.16666667
visual_counterfactual_rca,qwen3.6-27b,H_targeted,aiops2022,frontend,3,1,0.5
ledger_handoff_rca,gemma-4-26b-a4b,L_vis,aegislab,ts-consign-service,3,0,0
ledger_handoff_rca,gemma-4-26b-a4b,L_vis,aiops2022,adservice2-0,3,1,0.33333333
ledger_handoff_rca,qwen3.8-27b,L_hyb,aiops2025,node-7,3,1,0.5
ledger_handoff_rca,qwen3.8-27b,L_hyb,aiops2025,node-8,3,1,0.5
ledger_handoff_rca,qwen3.8-27b,L_hyb,aiops2025,paymentservice,3,0,0.16666667
ledger_handoff_rca,qwen3.8-27b,L_hyb,aiops2025,frontend-0,3,1,0.66666667
visual_counterfactual_rca,qwen3.6-27b,H_factual,aiops2022,frontend2-0,3,0,0.16666667
visual_counterfactual_rca,qwen3.6-27b,H_factual,aiops2022,checkoutservice,3,0,0.066666667
direct_rca,qwen3.6-27b,P,aiops2022,node-6,3,1,0.33333333
visual_counterfactual_rca,qwen3.6-27b,H_factual,aiops2022,node-2,3,2,0.83333333
direct_rca,qwen3.8-27b,F,aegislab,ts-user-service,3,1,0.33333333
direct_rca,qwen3.8-27b,F,aiops2022,frontend,3,1,0.33333333
direct_rca,qwen3.8-27b,F,aiops2022,currencyservice,3,0,0
matched_rca,qwen3.6-27b,R,aegislab,ts-preserve-service,3,0,0.11111111
ledger_handoff_rca,qwen3.8-27b,L_hyb,re2_tt,ts-preserve-service,3,0,0.22222222
matched_rca,qwen3.6-27b,F,aiops2025,cartservice,3,1,0.44444444
matched_rca,qwen3.6-27b,F,aiops2025,currencyservice,3,0,0.17777778
matched_rca,qwen3.6-27b,F,aiops2025,node-5,3,1,0.33333333
matched_rca,gemma-4-26b-a4b,V,aegislab,ts-order-service,3,2,0.66666667
ledger_handoff_rca,qwen3.8-27b,L_vis,aegislab,ts-food-service,3,0,0.11111111
ledger_handoff_rca,qwen3.8-27b,L_vis,aegislab,ts-auth-service,3,1,0.5
ledger_handoff_rca,qwen3.8-27b,L_vis,aegislab,ts-cancel-service,3,0,0.25
visual_counterfactual_rca,qwen3.6-27b,H_targeted,aiops2022,checkoutservice,3,0,0
visual_counterfactual_rca,qwen3.6-27b,H_targeted,aiops2022,adservice,3,0,0.23333333
direct_rca,gemma-4-26b-a4b,V,aiops2022,cartservice-0,3,0,0.16666667
direct_rca,qwen3.8-27b,F,aiops2022,cartservice,3,1,0.33333333
matched_rca,gemma-4-26b-a4b,T,re2_tt,ts-preserve-service,3,0,0
ledger_handoff_rca,qwen3.8-27b,L_vis,aiops2022,checkoutservice-0,3,2,0.66666667
ledger_handoff_rca,qwen3.8-27b,L_vis,aiops2022,checkoutservice-1,3,2,0.66666667
direct_rca,gemma-4-26b-a4b,V,aegislab,ts-seat-service,3,1,0.33333333
direct_rca,gemma-4-26b-a4b,V,aegislab,ts-security-service,3,1,0.33333333
direct_rca,gemma-4-26b-a4b,V,aegislab,ts-payment-service,3,0,0.16666667
direct_rca,gemma-4-26b-a4b,T,re2_tt,gke-gke-cluster-tt-default-pool-ca598206-tj63,3,0,0.5
matched_rca,qwen3.6-27b,T,aiops2025,node-7,3,0,0.11111111
direct_rca,gemma-4-26b-a4b,V,aegislab,ts-inside-payment-service,3,2,0.66666667
visual_counterfactual_rca,qwen3.6-27b,H_targeted,aiops2025,node-8,3,1,0.5
visual_counterfactual_rca,qwen3.6-27b,H_targeted,aiops2025,redis-cart,3,0,0.11111111
direct_rca,gemma-4-26b-a4b,V,aegislab,ts-food-service,3,1,0.5
ledger_handoff_rca,qwen3.8-27b,L_vis,aiops2025,frontend-0,3,2,0.83333333
matched_rca,gemma-4-26b-a4b,T,re2_tt,gke-gke-cluster-tt-default-pool-ca598206-p3ch,3,0,0.33333333
ledger_handoff_rca,qwen3.8-27b,L_vis,aiops2022,cartservice-0,3,1,0.5
ledger_handoff_rca,qwen3.8-27b,L_vis,aegislab,ts-travel2-service,3,0,0.11111111
direct_rca,gemma-4-26b-a4b,V,aegislab,ts-admin-order-service,3,0,0
direct_rca,gemma-4-26b-a4b,V,aegislab,ts-admin-route-service,3,0,0
direct_rca,gemma-4-26b-a4b,V,aegislab,ts-auth-service,3,3,1
direct_rca,gemma-4-26b-a4b,V,aegislab,ts-basic-service,3,1,0.33333333
visual_counterfactual_rca,qwen3.6-27b,H_targeted,aiops2022,node-6,3,0,0.25
direct_rca,gemma-4-26b-a4b,V,aiops2022,node-1,3,0,0
visual_counterfactual_rca,qwen3.6-27b,H_targeted,aiops2025,node-5,3,1,0.33333333
visual_counterfactual_rca,qwen3.6-27b,H_targeted,aiops2025,cartservice,3,1,0.44444444
ledger_handoff_rca,gemma-4-26b-a4b,L_vis,aegislab,ts-travel-service,3,1,0.33333333
direct_rca,qwen3.8-27b,P,re2_tt,ts-ui-dashboard,3,0,0.066666667
direct_rca,qwen3.8-27b,P,aiops2025,redis-cart,3,0,0.19444444
direct_rca,qwen3.8-27b,P,re2_tt,ts-seat-service,3,0,0.23333333
direct_rca,qwen3.8-27b,P,re2_ob,adservice,3,0,0.22222222
direct_rca,qwen3.8-27b,P,re2_ob,cartservice,3,0,0.44444444
direct_rca,qwen3.8-27b,P,re2_ob,shippingservice,3,0,0.30555556
direct_rca,qwen3.8-27b,P,re2_ob,frontend-external,3,0,0.21666667
ledger_handoff_rca,qwen3.6-27b,L_txt,aegislab,ts-security-service,3,1,0.44444444
matched_rca,qwen3.8-27b,V,re2_tt,gke-gke-cluster-tt-default-pool-ca598206-tj63,3,0,0.5
direct_rca,qwen3.8-27b,F,aegislab,ts-avatar-service,3,0,0
visual_counterfactual_rca,gemma-4-26b-a4b,H_factual,aegislab,loadgenerator,3,0,0.16666667
direct_rca,qwen3.8-27b,F,aegislab,ts-assurance-service,3,2,0.77777778
visual_counterfactual_rca,gemma-4-26b-a4b,H_factual,aegislab,ts-auth-service,3,3,1
direct_rca,qwen3.8-27b,F,aegislab,ts-seat-service,3,2,0.66666667
direct_rca,gemma-4-26b-a4b,T,aiops2025,node-3,3,1,0.33333333
ledger_handoff_rca,qwen3.8-27b,L_hyb,aiops2025,node-3,3,2,0.66666667
ledger_handoff_rca,qwen3.8-27b,L_hyb,aiops2025,node-5,3,1,0.33333333
ledger_handoff_rca,qwen3.6-27b,L_txt,aegislab,ts-assurance-service,3,3,1
ledger_handoff_rca,qwen3.6-27b,L_txt,aegislab,ts-basic-service,3,1,0.66666667
ledger_handoff_rca,qwen3.6-27b,L_txt,aegislab,ts-travel2-service,3,0,0.22222222
ledger_handoff_rca,qwen3.6-27b,L_txt,aegislab,ts-consign-service,3,1,0.33333333
matched_rca,qwen3.6-27b,R,aegislab,ts-contacts-service,3,0,0.33333333
matched_rca,qwen3.6-27b,R,aegislab,ts-auth-service,3,3,1
direct_rca,gemma-4-26b-a4b,T,aiops2025,node-1,3,0,0
visual_counterfactual_rca,qwen3.6-27b,H_factual,aegislab,ts-route-plan-service,3,1,0.66666667
visual_counterfactual_rca,qwen3.6-27b,H_factual,aegislab,ts-food-service,3,0,0.41666667
direct_rca,qwen3.6-27b,P,aiops2022,cartservice,3,0,0
visual_counterfactual_rca,qwen3.6-27b,H_factual,aiops2022,adservice,3,0,0
visual_counterfactual_rca,qwen3.6-27b,H_factual,aegislab,ts-train-food-service,3,0,0.17777778
direct_rca,qwen3.6-27b,P,aiops2022,frontend-0,3,0,0.33333333
direct_rca,qwen3.6-27b,P,aiops2022,emailservice,3,0,0.11111111
matched_rca,qwen3.6-27b,T,re2_ob,gke-gke-cluster-default-pool-2e1807ce-cx8g,3,0,0.25
ledger_handoff_rca,gemma-4-26b-a4b,L_txt,re2_tt,ts-travel2-service,3,0,0
matched_rca,qwen3.8-27b,R,aiops2022,checkoutservice-2,3,0,0
visual_counterfactual_rca,qwen3.8-27b,H_factual,aegislab,ts-route-plan-service,3,1,0.33333333
visual_counterfactual_rca,qwen3.8-27b,H_factual,aegislab,ts-seat-service,3,2,0.66666667
visual_counterfactual_rca,qwen3.6-27b,H_targeted,re2_ob,adservice,3,0,0.13333333
visual_counterfactual_rca,qwen3.6-27b,H_targeted,re2_ob,cartservice,3,0,0.33333333
direct_rca,gemma-4-26b-a4b,T,aiops2025,k8s-master3,3,0,0
visual_counterfactual_rca,qwen3.6-27b,H_factual,aegislab,ts-basic-service,3,1,0.52777778
visual_counterfactual_rca,gemma-4-26b-a4b,H_targeted,re2_tt,ts-ui-dashboard,3,0,0.27777778
ledger_handoff_rca,qwen3.6-27b,L_txt,aiops2022,frontend2-0,3,1,0.5
visual_counterfactual_rca,gemma-4-26b-a4b,H_factual,aegislab,ts-basic-service,3,0,0
visual_counterfactual_rca,gemma-4-26b-a4b,H_factual,aegislab,ts-config-service,3,2,0.66666667
visual_counterfactual_rca,gemma-4-26b-a4b,H_factual,aegislab,ts-food-service,3,2,0.66666667
visual_counterfactual_rca,gemma-4-26b-a4b,H_factual,aiops2022,adservice-0,3,0,0
visual_counterfactual_rca,gemma-4-26b-a4b,H_factual,aegislab,ts-travel-service,3,1,0.66666667
ledger_handoff_rca,qwen3.8-27b,L_vis,aiops2022,paymentservice,3,0,0
ledger_handoff_rca,qwen3.8-27b,L_vis,aiops2022,node-1,3,0,0.33333333
direct_rca,gemma-4-26b-a4b,T,re2_tt,gke-gke-cluster-tt-default-pool-ca598206-g5tp,3,0,0.066666667
visual_counterfactual_rca,qwen3.6-27b,H_targeted,re2_tt,ts-ui-dashboard,3,0,0.27777778
direct_rca,gemma-4-26b-a4b,T,re2_ob,gke-gke-cluster-default-pool-2e1807ce-xte3,3,0,0.38888889
visual_counterfactual_rca,gemma-4-26b-a4b,H_targeted,aiops2025,paymentservice-2,3,0,0
visual_counterfactual_rca,gemma-4-26b-a4b,H_targeted,aiops2025,productcatalogservice,3,1,0.5
visual_counterfactual_rca,gemma-4-26b-a4b,H_targeted,re2_tt,ts-preserve-service,3,0,0
matched_rca,qwen3.8-27b,P,re2_tt,ts-travel2-service,3,0,0.44444444
direct_rca,qwen3.8-27b,R,aegislab,ts-consign-service,3,2,0.66666667
ledger_handoff_rca,gemma-4-26b-a4b,L_vis,aegislab,ts-assurance-service,3,2,0.66666667
ledger_handoff_rca,gemma-4-26b-a4b,L_vis,aegislab,ts-basic-service,3,1,0.33333333
matched_rca,gemma-4-26b-a4b,T,aiops2025,k8s-master3,3,0,0
matched_rca,gemma-4-26b-a4b,T,aiops2025,node-1,3,0,0
matched_rca,gemma-4-26b-a4b,T,aiops2025,node-8,3,1,0.33333333
ledger_handoff_rca,qwen3.8-27b,L_vis,aiops2025,cartservice,3,0,0
direct_rca,gemma-4-26b-a4b,T,aiops2025,node-5,3,1,0.33333333
direct_rca,gemma-4-26b-a4b,T,aiops2025,node-7,3,0,0
matched_rca,qwen3.8-27b,R,aiops2022,cartservice-1,3,0,0.27777778
matched_rca,qwen3.8-27b,R,aiops2022,emailservice-1,3,1,0.5
direct_rca,qwen3.8-27b,P,re2_tt,gke-gke-cluster-tt-default-pool-ca598206-p3ch,3,0,0.5
matched_rca,qwen3.8-27b,P,re2_tt,ts-payment-service,3,0,0.27777778
direct_rca,qwen3.8-27b,R,aegislab,mysql,3,1,0.33333333
matched_rca,qwen3.8-27b,R,aegislab,ts-auth-service,3,1,0.33333333
direct_rca,gemma-4-26b-a4b,T,aegislab,ts-consign-service,3,1,0.33333333
direct_rca,gemma-4-26b-a4b,T,aegislab,ts-food-service,3,1,0.33333333
direct_rca,gemma-4-26b-a4b,T,aegislab,ts-admin-travel-service,3,0,0.27777778
direct_rca,gemma-4-26b-a4b,T,aegislab,ts-seat-service,3,2,0.66666667
matched_rca,gemma-4-26b-a4b,T,aiops2022,adservice2-0,3,1,0.5
matched_rca,gemma-4-26b-a4b,T,aegislab,ts-travel-service,3,1,0.5
matched_rca,gemma-4-26b-a4b,T,aiops2022,emailservice-1,3,2,0.66666667
matched_rca,gemma-4-26b-a4b,T,aiops2022,frontend-0,3,1,0.5
ledger_handoff_rca,gemma-4-26b-a4b,L_txt,aiops2025,tidb-tidb,3,0,0
matched_rca,qwen3.8-27b,P,re2_tt,ts-food-map-mongo,3,0,0.16666667
direct_rca,gemma-4-26b-a4b,R,re2_tt,gke-gke-cluster-tt-default-pool-ca598206-g5tp,3,0,0
direct_rca,gemma-4-26b-a4b,T,aiops2022,adservice2-0,3,1,0.5
direct_rca,gemma-4-26b-a4b,T,aegislab,ts-assurance-service,3,2,0.73333333
direct_rca,gemma-4-26b-a4b,T,aegislab,ts-avatar-service,3,0,0
direct_rca,gemma-4-26b-a4b,T,aegislab,ts-basic-service,3,1,0.5
direct_rca,gemma-4-26b-a4b,T,aiops2022,frontend,3,0,0.16666667
ledger_handoff_rca,qwen3.8-27b,L_vis,aiops2025,node-5,3,1,0.33333333
ledger_handoff_rca,qwen3.8-27b,L_vis,aiops2025,node-6,3,0,0.23333333
ledger_handoff_rca,qwen3.8-27b,L_vis,aiops2025,paymentservice,3,0,0
visual_counterfactual_rca,qwen3.8-27b,H_factual,aiops2022,checkoutservice,3,1,0.41666667
visual_counterfactual_rca,qwen3.8-27b,H_factual,aiops2022,paymentservice,3,0,0
ledger_handoff_rca,qwen3.8-27b,L_vis,re2_ob,currencyservice,3,3,1
ledger_handoff_rca,qwen3.8-27b,L_vis,aiops2025,shippingservice,3,0,0
matched_rca,qwen3.6-27b,V,aegislab,ts-cancel-service,3,0,0.33333333
direct_rca,qwen3.6-27b,V,re2_tt,gke-gke-cluster-tt-default-pool-ca598206-p3ch,3,0,0.33333333
direct_rca,qwen3.6-27b,P,aegislab,ts-food-service,3,2,0.83333333
visual_counterfactual_rca,qwen3.6-27b,H_factual,aegislab,ts-inside-payment-service,3,1,0.33333333
direct_rca,qwen3.6-27b,P,aiops2025,node-3,3,2,0.77777778
visual_counterfactual_rca,qwen3.8-27b,H_factual,aegislab,ts-gateway-service,3,0,0
visual_counterfactual_rca,qwen3.8-27b,H_factual,aegislab,ts-auth-service,3,2,0.66666667
visual_counterfactual_rca,qwen3.8-27b,H_factual,aegislab,ts-avatar-service,3,0,0.11111111
visual_counterfactual_rca,qwen3.8-27b,H_factual,aegislab,ts-cancel-service,3,0,0.33333333
direct_rca,qwen3.8-27b,F,aegislab,mysql,3,1,0.33333333
direct_rca,qwen3.6-27b,V,re2_tt,ts-preserve-other-service,3,0,0.11111111
direct_rca,qwen3.6-27b,V,re2_tt,ts-seat-service,3,0,0.17777778
visual_counterfactual_rca,gemma-4-26b-a4b,H_factual,aiops2025,adservice-1,3,1,0.5
ledger_handoff_rca,qwen3.6-27b,L_txt,aiops2025,node-3,3,2,0.73333333
ledger_handoff_rca,qwen3.6-27b,L_txt,aiops2025,node-5,3,1,0.56666667
ledger_handoff_rca,qwen3.6-27b,L_txt,aiops2025,node-8,3,1,0.4
matched_rca,qwen3.6-27b,F,aiops2025,node-7,3,0,0.066666667
direct_rca,qwen3.6-27b,R,aegislab,rabbitmq,3,0,0.16666667
direct_rca,qwen3.6-27b,R,aegislab,ts-assurance-service,3,3,1
matched_rca,qwen3.6-27b,F,re2_tt,ts-travel2-service,3,0,0.44444444
ledger_handoff_rca,qwen3.8-27b,L_hyb,aiops2022,checkoutservice-0,3,2,0.77777778
matched_rca,qwen3.6-27b,H,aegislab,ts-contacts-service,3,0,0.44444444
direct_rca,qwen3.6-27b,V,aiops2025,hipstershop,3,0,0
visual_counterfactual_rca,gemma-4-26b-a4b,H_factual,aiops2025,paymentservice-2,3,0,0
direct_rca,qwen3.6-27b,V,aiops2025,node-3,3,3,1
matched_rca,qwen3.8-27b,P,aiops2025,k8s-master1,3,0,0.5
direct_rca,qwen3.8-27b,R,aiops2022,node-4,3,0,0.083333333
direct_rca,qwen3.8-27b,R,aiops2022,frontend2,3,0,0.16666667
direct_rca,qwen3.8-27b,R,aiops2022,frontend2-0,3,1,0.44444444
direct_rca,qwen3.8-27b,R,aiops2025,adservice-0,3,2,0.75
ledger_handoff_rca,qwen3.8-27b,L_vis,re2_tt,ts-route-service,3,3,1
visual_counterfactual_rca,gemma-4-26b-a4b,H_targeted,aiops2025,k8s-master3,3,0,0
direct_rca,qwen3.6-27b,R,aegislab,mysql,3,1,0.33333333
matched_rca,gemma-4-26b-a4b,T,aiops2022,cartservice-1,3,1,0.33333333
matched_rca,gemma-4-26b-a4b,T,aiops2022,node-1,3,0,0
direct_rca,qwen3.8-27b,R,aiops2022,checkoutservice-0,3,1,0.5
direct_rca,qwen3.8-27b,R,aiops2022,checkoutservice-2,3,1,0.33333333
direct_rca,qwen3.8-27b,R,aiops2022,adservice-0,3,0,0
matched_rca,qwen3.8-27b,P,aiops2025,node-5,3,1,0.41666667
matched_rca,qwen3.8-27b,P,aiops2025,node-8,3,1,0.5
matched_rca,qwen3.8-27b,P,aiops2025,redis-cart,3,0,0.066666667
direct_rca,qwen3.8-27b,T,aegislab,ts-inside-payment-service,3,2,0.83333333
direct_rca,qwen3.8-27b,T,aegislab,ts-assurance-service,3,2,0.77777778
direct_rca,qwen3.8-27b,R,re2_ob,productcatalogservice,3,2,0.77777778
matched_rca,qwen3.8-27b,P,aiops2022,paymentservice2,3,0,0
matched_rca,qwen3.8-27b,P,aiops2022,emailservice,3,0,0.11111111
direct_rca,qwen3.8-27b,R,re2_tt,gke-gke-cluster-tt-default-pool-ca598206-g5tp,3,0,0.33333333
direct_rca,qwen3.8-27b,R,re2_ob,frontend-external,3,0,0.066666667
direct_rca,qwen3.8-27b,R,re2_ob,gke-gke-cluster-default-pool-2e1807ce-0e4z,3,0,0.4
visual_counterfactual_rca,qwen3.8-27b,H_neutral,aegislab,ts-auth-service,3,2,0.66666667
visual_counterfactual_rca,qwen3.8-27b,H_factual,re2_ob,gke-gke-cluster-default-pool-2e1807ce-cx8g,3,0,0.27777778
visual_counterfactual_rca,qwen3.8-27b,H_factual,re2_tt,ts-payment-service,3,0,0.27777778
visual_counterfactual_rca,qwen3.8-27b,H_factual,re2_ob,gke-gke-cluster-default-pool-2e1807ce-w819,3,0,0.44444444
direct_rca,gemma-4-26b-a4b,R,aiops2025,node-6,3,1,0.33333333
direct_rca,gemma-4-26b-a4b,R,aiops2025,k8s-master3,3,0,0
direct_rca,qwen3.8-27b,R,aiops2025,shippingservice,3,1,0.33333333
matched_rca,qwen3.8-27b,P,aiops2022,shippingservice,3,1,0.33333333
matched_rca,qwen3.6-27b,V,aegislab,ts-travel2-service,3,1,0.5
matched_rca,qwen3.6-27b,V,aegislab,ts-preserve-service,3,0,0.11111111
ledger_handoff_rca,gemma-4-26b-a4b,L_txt,aiops2025,checkoutservice-2,3,1,0.33333333
ledger_handoff_rca,gemma-4-26b-a4b,L_txt,aiops2022,shippingservice2-0,3,1,0.33333333
direct_rca,qwen3.8-27b,R,aiops2025,k8s-master2,3,0,0.15
direct_rca,qwen3.8-27b,R,aiops2025,hipstershop,3,0,0.11111111
direct_rca,qwen3.8-27b,R,aiops2025,productcatalogservice,3,0,0.11111111
visual_counterfactual_rca,qwen3.8-27b,H_neutral,aegislab,ts-gateway-service,3,0,0
matched_rca,qwen3.6-27b,F,aiops2025,node-8,3,1,0.5
matched_rca,qwen3.6-27b,F,re2_tt,gke-gke-cluster-tt-default-pool-ca598206-g5tp,3,0,0.11111111
matched_rca,qwen3.6-27b,F,re2_ob,gke-gke-cluster-default-pool-2e1807ce-0e4z,3,0,0.23333333
ledger_handoff_rca,qwen3.8-27b,L_hyb,aegislab,ts-security-service,3,0,0.25
visual_counterfactual_rca,qwen3.8-27b,H_factual,aiops2025,k8s-master1,3,0,0.27777778
visual_counterfactual_rca,qwen3.8-27b,H_factual,aiops2025,node-5,3,1,0.33333333
visual_counterfactual_rca,qwen3.8-27b,H_factual,aiops2025,node-8,3,1,0.5
ledger_handoff_rca,gemma-4-26b-a4b,L_txt,re2_tt,gke-gke-cluster-tt-default-pool-ca598206-p3ch,3,0,0
matched_rca,gemma-4-26b-a4b,F,aegislab,ts-security-service,3,2,0.66666667
matched_rca,gemma-4-26b-a4b,F,aegislab,ts-travel-plan-service,3,3,1
matched_rca,gemma-4-26b-a4b,F,aegislab,ts-travel2-service,3,2,0.66666667
direct_rca,gemma-4-26b-a4b,R,aiops2022,node-1,3,0,0.16666667
direct_rca,gemma-4-26b-a4b,R,aegislab,ts-seat-service,3,2,0.83333333
direct_rca,gemma-4-26b-a4b,R,aegislab,ts-security-service,3,1,0.44444444
direct_rca,gemma-4-26b-a4b,R,aegislab,ts-inside-payment-service,3,2,0.66666667
matched_rca,qwen3.6-27b,H,aegislab,ts-basic-service,3,1,0.5
matched_rca,qwen3.8-27b,P,aegislab,ts-assurance-service,3,1,0.41666667
matched_rca,qwen3.8-27b,P,aegislab,ts-route-plan-service,3,1,0.5
direct_rca,qwen3.8-27b,R,re2_tt,ts-seat-service,3,0,0.15
matched_rca,qwen3.8-27b,P,aegislab,ts-travel-plan-service,3,2,0.66666667
matched_rca,qwen3.8-27b,P,aegislab,ts-travel-service,3,0,0
direct_rca,qwen3.8-27b,T,aegislab,ts-cancel-service,3,0,0.34444444
direct_rca,qwen3.8-27b,R,re2_tt,ts-travel2-service,3,0,0.17777778
direct_rca,qwen3.8-27b,R,re2_tt,ts-preserve-service,3,0,0.11111111
visual_counterfactual_rca,qwen3.8-27b,H_neutral,aegislab,ts-config-service,3,0,0.22222222
ledger_handoff_rca,gemma-4-26b-a4b,L_txt,aiops2022,emailservice-1,3,2,0.66666667
ledger_handoff_rca,gemma-4-26b-a4b,L_txt,aiops2022,adservice2-0,3,1,0.4
ledger_handoff_rca,gemma-4-26b-a4b,L_txt,aiops2022,cartservice-0,3,1,0.33333333
ledger_handoff_rca,gemma-4-26b-a4b,L_txt,aiops2022,cartservice-1,3,1,0.33333333
matched_rca,qwen3.6-27b,V,aiops2022,checkoutservice-0,3,2,0.83333333
matched_rca,qwen3.8-27b,P,aegislab,ts-delivery-service,3,0,0
matched_rca,qwen3.8-27b,P,aegislab,ts-gateway-service,3,0,0.11111111
ledger_handoff_rca,gemma-4-26b-a4b,L_txt,aiops2025,frontend,3,1,0.33333333
direct_rca,gemma-4-26b-a4b,R,aiops2022,cartservice2-0,3,0,0.16666667
matched_rca,gemma-4-26b-a4b,F,aiops2022,cartservice-1,3,1,0.33333333
matched_rca,gemma-4-26b-a4b,R,re2_tt,ts-travel2-service,3,0,0
matched_rca,gemma-4-26b-a4b,T,aegislab,loadgenerator,3,0,0
matched_rca,gemma-4-26b-a4b,T,aegislab,ts-config-service,3,2,0.66666667
direct_rca,gemma-4-26b-a4b,R,aiops2025,node-2,3,0,0
visual_counterfactual_rca,qwen3.8-27b,H_neutral,aegislab,ts-cancel-service,3,0,0.16666667
visual_counterfactual_rca,gemma-4-26b-a4b,H_targeted,aiops2025,k8s-master1,3,0,0
visual_counterfactual_rca,gemma-4-26b-a4b,H_targeted,aiops2025,k8s-master2,3,0,0.083333333
direct_rca,gemma-4-26b-a4b,R,aegislab,ts-order-service,3,2,0.66666667
direct_rca,gemma-4-26b-a4b,R,aiops2025,checkoutservice,3,3,1
direct_rca,gemma-4-26b-a4b,R,aiops2025,currencyservice-0,3,0,0
direct_rca,gemma-4-26b-a4b,R,aegislab,ts-train-food-service,3,0,0
direct_rca,gemma-4-26b-a4b,R,aiops2022,cartservice-0,3,0,0.27777778
matched_rca,qwen3.6-27b,V,aiops2022,paymentservice,3,0,0
ledger_handoff_rca,qwen3.6-27b,L_txt,aiops2025,adservice-1,3,0,0.16666667
direct_rca,qwen3.6-27b,V,re2_ob,cartservice,3,0,0.27777778
direct_rca,qwen3.6-27b,V,aiops2025,checkoutservice,3,1,0.33333333
direct_rca,qwen3.6-27b,V,re2_ob,redis,3,0,0.16666667
direct_rca,qwen3.6-27b,P,re2_ob,gke-gke-cluster-default-pool-2e1807ce-0e4z,3,0,0.25
direct_rca,qwen3.6-27b,P,re2_tt,ts-payment-service,3,0,0.27777778
direct_rca,qwen3.6-27b,P,re2_tt,ts-seat-service,3,0,0.16666667
direct_rca,qwen3.6-27b,P,re2_tt,ts-travel2-service,3,0,0.33333333
direct_rca,qwen3.6-27b,R,aegislab,ts-order-service,3,3,1
direct_rca,qwen3.6-27b,V,aiops2022,checkoutservice-0,3,2,0.66666667
matched_rca,qwen3.6-27b,P,aiops2025,node-5,3,1,0.4
matched_rca,qwen3.6-27b,P,aiops2025,shippingservice,3,0,0
matched_rca,qwen3.6-27b,P,aiops2025,k8s-master2,3,0,0.19444444
matched_rca,qwen3.6-27b,P,aiops2025,node-1,3,0,0.17777778
ledger_handoff_rca,qwen3.6-27b,L_txt,aiops2025,adservice-0,3,2,0.83333333
matched_rca,qwen3.6-27b,P,aiops2025,paymentservice,3,0,0.066666667
ledger_handoff_rca,qwen3.8-27b,L_hyb,aegislab,ts-admin-travel-service,3,0,0.27777778
ledger_handoff_rca,qwen3.6-27b,L_vis,re2_tt,ts-preserve-other-service,3,0,0.16666667
matched_rca,qwen3.6-27b,H,aegislab,ts-cancel-service,3,0,0.11111111
ledger_handoff_rca,qwen3.8-27b,L_hyb,aegislab,ts-auth-service,3,1,0.5
direct_rca,qwen3.6-27b,R,aiops2022,frontend2-0,3,1,0.5
direct_rca,qwen3.6-27b,R,aiops2022,node-1,3,0,0
direct_rca,qwen3.6-27b,R,aegislab,ts-food-service,3,2,0.77777778
visual_counterfactual_rca,gemma-4-26b-a4b,H_targeted,aiops2025,adservice,3,1,0.33333333
direct_rca,qwen3.6-27b,R,aiops2025,node-4,3,1,0.33333333
visual_counterfactual_rca,gemma-4-26b-a4b,H_targeted,aegislab,ts-order-service,3,3,1
visual_counterfactual_rca,gemma-4-26b-a4b,H_targeted,aegislab,ts-price-service,3,2,0.75
visual_counterfactual_rca,gemma-4-26b-a4b,H_targeted,aiops2022,adservice,3,0,0
matched_rca,qwen3.6-27b,P,aiops2025,frontend-0,3,1,0.4
visual_counterfactual_rca,gemma-4-26b-a4b,H_factual,aiops2025,tidb-tidb,3,0,0.16666667
visual_counterfactual_rca,gemma-4-26b-a4b,H_factual,re2_tt,ts-preserve-service,3,0,0
direct_rca,qwen3.6-27b,V,aiops2022,adservice-0,3,0,0.16666667
visual_counterfactual_rca,gemma-4-26b-a4b,H_targeted,aegislab,ts-avatar-service,3,0,0
direct_rca,qwen3.6-27b,R,aiops2025,adservice-0,3,2,0.66666667
direct_rca,qwen3.6-27b,R,aiops2025,adservice-1,3,0,0.16666667
matched_rca,qwen3.6-27b,H,aegislab,ts-inside-payment-service,3,1,0.44444444
matched_rca,qwen3.6-27b,H,aegislab,ts-route-plan-service,3,1,0.5
matched_rca,qwen3.6-27b,H,aegislab,ts-travel-service,3,0,0.33333333
ledger_handoff_rca,qwen3.6-27b,L_vis,aiops2025,shippingservice,3,1,0.33333333
direct_rca,qwen3.6-27b,R,aiops2025,node-3,3,3,1
direct_rca,qwen3.8-27b,T,aiops2022,frontend2,3,0,0.16666667
direct_rca,qwen3.8-27b,T,aiops2022,productcatalogservice,3,0,0
direct_rca,qwen3.8-27b,T,aiops2022,node-2,3,1,0.41666667
direct_rca,qwen3.8-27b,T,aegislab,ts-travel-service,3,0,0.19444444
visual_counterfactual_rca,qwen3.8-27b,H_neutral,aiops2022,adservice2,3,0,0.11111111
visual_counterfactual_rca,qwen3.8-27b,H_neutral,aegislab,ts-route-plan-service,3,1,0.33333333
visual_counterfactual_rca,qwen3.8-27b,H_neutral,aegislab,ts-security-service,3,1,0.5
visual_counterfactual_rca,qwen3.8-27b,H_neutral,aiops2022,checkoutservice,3,1,0.44444444
matched_rca,qwen3.6-27b,V,aiops2025,adservice,3,0,0.22222222
matched_rca,qwen3.6-27b,V,aiops2022,node-2,3,2,0.66666667
ledger_handoff_rca,gemma-4-26b-a4b,L_hyb,re2_tt,ts-travel2-service,3,0,0
ledger_handoff_rca,gemma-4-26b-a4b,L_txt,aegislab,ts-food-service,3,1,0.33333333
ledger_handoff_rca,gemma-4-26b-a4b,L_txt,aegislab,mysql,3,1,0.33333333
ledger_handoff_rca,gemma-4-26b-a4b,L_txt,aegislab,ts-avatar-service,3,0,0
direct_rca,qwen3.8-27b,T,aiops2022,paymentservice,3,0,0.11111111
direct_rca,qwen3.8-27b,T,aiops2022,frontend,3,1,0.33333333
matched_rca,qwen3.6-27b,V,aiops2025,emailservice,3,0,0.11111111
matched_rca,qwen3.6-27b,V,aiops2025,frontend-0,3,2,0.66666667
matched_rca,qwen3.6-27b,V,aiops2025,k8s-master1,3,0,0.16666667
matched_rca,qwen3.6-27b,V,aiops2025,node-8,3,1,0.5
ledger_handoff_rca,gemma-4-26b-a4b,L_hyb,aiops2025,shippingservice,3,1,0.33333333
ledger_handoff_rca,gemma-4-26b-a4b,L_hyb,aiops2025,tidb-tidb,3,0,0
ledger_handoff_rca,gemma-4-26b-a4b,L_hyb,aiops2025,productcatalogservice,3,1,0.33333333
ledger_handoff_rca,gemma-4-26b-a4b,L_hyb,aiops2025,productcatalogservice-2,3,0,0
matched_rca,qwen3.6-27b,V,aiops2025,currencyservice,3,0,0.16666667
visual_counterfactual_rca,qwen3.8-27b,H_neutral,aiops2025,redis-cart,3,0,0.11111111
visual_counterfactual_rca,qwen3.8-27b,H_neutral,re2_tt,gke-gke-cluster-tt-default-pool-ca598206-g5tp,3,0,0.16666667
visual_counterfactual_rca,qwen3.8-27b,H_neutral,aiops2025,k8s-master3,3,0,0.083333333
visual_counterfactual_rca,qwen3.8-27b,H_neutral,aiops2022,shippingservice,3,1,0.33333333
visual_counterfactual_rca,qwen3.8-27b,H_neutral,aiops2025,node-8,3,1,0.5
visual_counterfactual_rca,qwen3.8-27b,H_neutral,aiops2025,k8s-master1,3,0,0.5
visual_counterfactual_rca,qwen3.8-27b,H_neutral,aiops2025,node-5,3,1,0.33333333
direct_rca,gemma-4-26b-a4b,R,aegislab,ts-cancel-service,3,0,0.22222222
direct_rca,gemma-4-26b-a4b,R,aegislab,ts-food-service,3,1,0.33333333
direct_rca,qwen3.8-27b,T,aiops2022,cartservice,3,2,0.66666667
matched_rca,qwen3.8-27b,H,aiops2025,node-5,3,1,0.33333333
matched_rca,qwen3.8-27b,H,re2_ob,gke-gke-cluster-default-pool-2e1807ce-w819,3,0,0.44444444
direct_rca,qwen3.8-27b,T,aiops2022,emailservice,3,0,0
matched_rca,qwen3.8-27b,H,re2_tt,ts-payment-service,3,0,0.27777778
matched_rca,qwen3.6-27b,V,aiops2025,adservice-1,3,0,0.16666667
direct_rca,qwen3.6-27b,V,aiops2022,adservice2-0,3,1,0.33333333
direct_rca,qwen3.6-27b,V,aiops2022,frontend-0,3,1,0.33333333
matched_rca,qwen3.6-27b,H,aegislab,ts-gateway-service,3,0,0
matched_rca,qwen3.6-27b,H,aegislab,loadgenerator,3,0,0.16666667
matched_rca,qwen3.6-27b,H,aegislab,ts-auth-service,3,2,0.66666667
direct_rca,gemma-4-26b-a4b,R,aegislab,ts-assurance-service,3,3,1
direct_rca,gemma-4-26b-a4b,P,re2_tt,ts-travel-service,3,3,1
visual_counterfactual_rca,qwen3.8-27b,H_neutral,aiops2022,node-6,3,1,0.5
visual_counterfactual_rca,gemma-4-26b-a4b,H_targeted,aiops2022,adservice-0,3,1,0.44444444
direct_rca,qwen3.6-27b,R,aiops2022,frontend-0,3,1,0.33333333
direct_rca,qwen3.6-27b,R,aiops2022,cartservice-0,3,1,0.33333333
direct_rca,qwen3.6-27b,R,aiops2022,cartservice2-0,3,0,0.27777778
direct_rca,qwen3.8-27b,T,aiops2025,redis-cart,3,0,0.19444444
direct_rca,qwen3.8-27b,T,aiops2025,k8s-master1,3,0,0.16666667
direct_rca,qwen3.8-27b,T,aiops2025,node-4,3,1,0.33333333
matched_rca,qwen3.8-27b,H,aiops2025,redis-cart,3,0,0.11111111
visual_counterfactual_rca,gemma-4-26b-a4b,H_neutral,aegislab,ts-basic-service,3,2,0.66666667
direct_rca,qwen3.6-27b,V,aegislab,ts-news-service,3,0,0
direct_rca,qwen3.6-27b,V,aegislab,ts-order-service,3,3,1
ledger_handoff_rca,qwen3.6-27b,L_vis,aegislab,ts-assurance-service,3,3,1
ledger_handoff_rca,qwen3.6-27b,L_vis,aegislab,ts-consign-service,3,1,0.33333333
ledger_handoff_rca,qwen3.6-27b,L_txt,aiops2025,shippingservice,3,1,0.44444444
ledger_handoff_rca,qwen3.6-27b,L_vis,aegislab,ts-order-other-service,3,1,0.33333333
ledger_handoff_rca,qwen3.6-27b,L_txt,re2_tt,gke-gke-cluster-tt-default-pool-ca598206-g5tp,3,0,0.11111111
ledger_handoff_rca,qwen3.6-27b,L_vis,aiops2025,k8s-master2,3,0,0.41666667
ledger_handoff_rca,qwen3.6-27b,L_vis,aiops2025,node-3,3,3,1
visual_counterfactual_rca,gemma-4-26b-a4b,H_placebo,aiops2025,node-5,3,1,0.33333333
visual_counterfactual_rca,gemma-4-26b-a4b,H_placebo,aiops2025,tidb-tidb,3,0,0.16666667
visual_counterfactual_rca,gemma-4-26b-a4b,H_placebo,re2_ob,adservice,3,0,0.33333333
visual_counterfactual_rca,gemma-4-26b-a4b,H_neutral,aegislab,ts-food-service,3,1,0.33333333
visual_counterfactual_rca,gemma-4-26b-a4b,H_neutral,aegislab,ts-order-other-service,3,2,0.66666667
visual_counterfactual_rca,gemma-4-26b-a4b,H_neutral,aegislab,ts-order-service,3,2,0.66666667
direct_rca,qwen3.8-27b,T,aiops2025,node-8,3,0,0.083333333
matched_rca,gemma-4-26b-a4b,F,aiops2025,shippingservice,3,1,0.33333333
matched_rca,gemma-4-26b-a4b,F,aiops2025,node-1,3,0,0
matched_rca,gemma-4-26b-a4b,F,aiops2022,node-1,3,0,0.16666667
matched_rca,gemma-4-26b-a4b,F,re2_ob,gke-gke-cluster-default-pool-2e1807ce-w819,3,0,0.44444444
matched_rca,gemma-4-26b-a4b,F,aiops2025,adservice-0,3,1,0.33333333
matched_rca,gemma-4-26b-a4b,R,aiops2025,shippingservice,3,1,0.33333333
direct_rca,qwen3.8-27b,T,aiops2022,shippingservice,3,1,0.33333333
visual_counterfactual_rca,gemma-4-26b-a4b,H_neutral,aegislab,ts-seat-service,3,2,0.66666667
visual_counterfactual_rca,gemma-4-26b-a4b,H_neutral,aiops2022,cartservice-0,3,1,0.33333333
visual_counterfactual_rca,gemma-4-26b-a4b,H_targeted,aegislab,ts-consign-service,3,1,0.33333333
matched_rca,qwen3.6-27b,H,aiops2022,frontend2,3,0,0.16666667
matched_rca,qwen3.6-27b,H,aiops2022,emailservice,3,0,0.066666667
ledger_handoff_rca,qwen3.6-27b,L_vis,re2_tt,gke-gke-cluster-tt-default-pool-ca598206-tj63,3,0,0.41666667
matched_rca,qwen3.6-27b,H,aiops2022,node-1,3,0,0.16666667
matched_rca,qwen3.6-27b,H,aiops2022,node-2,3,2,0.75
direct_rca,qwen3.6-27b,T,aiops2025,redis-cart,3,0,0.22222222
direct_rca,qwen3.6-27b,T,aiops2025,node-3,3,1,0.33333333
direct_rca,qwen3.6-27b,T,aiops2025,node-4,3,1,0.33333333
direct_rca,qwen3.6-27b,T,aiops2025,node-7,3,0,0.083333333
direct_rca,qwen3.6-27b,V,aegislab,ts-train-service,3,1,0.55555556
direct_rca,qwen3.6-27b,V,aegislab,ts-travel-service,3,1,0.52777778
direct_rca,qwen3.6-27b,V,aegislab,ts-preserve-service,3,1,0.33333333
direct_rca,qwen3.6-27b,V,aegislab,ts-security-service,3,0,0.17777778
matched_rca,gemma-4-26b-a4b,R,aiops2025,k8s-master1,3,0,0
matched_rca,gemma-4-26b-a4b,R,aiops2025,node-8,3,1,0.33333333
direct_rca,gemma-4-26b-a4b,P,aiops2025,k8s-master3,3,0,0
visual_counterfactual_rca,qwen3.8-27b,H_placebo,aegislab,ts-cancel-service,3,0,0.16666667
visual_counterfactual_rca,qwen3.8-27b,H_placebo,aegislab,ts-avatar-service,3,0,0.11111111
direct_rca,gemma-4-26b-a4b,P,aiops2022,node-3,3,1,0.33333333
visual_counterfactual_rca,gemma-4-26b-a4b,H_placebo,aiops2025,k8s-master2,3,0,0.083333333
visual_counterfactual_rca,gemma-4-26b-a4b,H_neutral,aiops2025,cartservice,3,1,0.33333333
matched_rca,qwen3.8-27b,H,aiops2025,k8s-master1,3,0,0.27777778
matched_rca,qwen3.8-27b,H,aiops2025,node-1,3,0,0
direct_rca,qwen3.8-27b,V,aegislab,rabbitmq,3,0,0.16666667
matched_rca,qwen3.8-27b,H,aiops2025,checkoutservice,3,2,0.77777778
matched_rca,qwen3.8-27b,H,aiops2022,frontend2,3,0,0.16666667
matched_rca,qwen3.8-27b,H,aiops2022,node-1,3,1,0.33333333
matched_rca,gemma-4-26b-a4b,R,aiops2022,shippingservice2-0,3,1,0.33333333
matched_rca,gemma-4-26b-a4b,R,aiops2022,emailservice-1,3,2,0.66666667
matched_rca,gemma-4-26b-a4b,H,aegislab,ts-assurance-service,3,2,0.77777778
visual_counterfactual_rca,qwen3.8-27b,H_placebo,aiops2022,emailservice,3,1,0.44444444
direct_rca,gemma-4-26b-a4b,P,aegislab,ts-food-service,3,1,0.33333333
visual_counterfactual_rca,qwen3.8-27b,H_placebo,aiops2025,adservice-2,3,2,0.66666667
ledger_handoff_rca,gemma-4-26b-a4b,L_hyb,re2_ob,gke-gke-cluster-default-pool-2e1807ce-w819,3,0,0.5
matched_rca,qwen3.6-27b,V,re2_tt,ts-preserve-other-service,3,0,0.066666667
ledger_handoff_rca,gemma-4-26b-a4b,L_hyb,aiops2025,adservice-2,3,1,0.33333333
direct_rca,qwen3.8-27b,V,aiops2022,frontend2-0,3,1,0.44444444
matched_rca,qwen3.8-27b,H,aegislab,ts-route-plan-service,3,1,0.33333333
direct_rca,qwen3.8-27b,V,aegislab,ts-travel-service,3,0,0.27777778
matched_rca,qwen3.8-27b,H,aiops2022,adservice-0,3,0,0.16666667
matched_rca,qwen3.8-27b,H,aiops2022,checkoutservice-0,3,2,0.66666667
matched_rca,qwen3.8-27b,H,aiops2022,checkoutservice-1,3,2,0.66666667
direct_rca,qwen3.8-27b,V,aegislab,ts-assurance-service,3,3,1
direct_rca,qwen3.8-27b,T,re2_tt,ts-seat-service,3,0,0.38888889
matched_rca,gemma-4-26b-a4b,F,re2_tt,ts-preserve-other-service,3,0,0
direct_rca,gemma-4-26b-a4b,P,aiops2022,node-2,3,1,0.33333333
visual_counterfactual_rca,qwen3.8-27b,H_placebo,aegislab,ts-user-service,3,1,0.66666667
visual_counterfactual_rca,qwen3.8-27b,H_placebo,aegislab,ts-food-service,3,0,0.27777778
matched_rca,gemma-4-26b-a4b,R,aiops2022,frontend-1,3,1,0.33333333
matched_rca,gemma-4-26b-a4b,R,aiops2022,adservice2-0,3,1,0.5
matched_rca,gemma-4-26b-a4b,R,aiops2022,cartservice-0,3,1,0.33333333
matched_rca,gemma-4-26b-a4b,R,aiops2022,cartservice-1,3,1,0.33333333
matched_rca,qwen3.8-27b,H,aegislab,ts-order-service,3,1,0.66666667
matched_rca,qwen3.6-27b,H,aiops2022,frontend,3,1,0.61111111
ledger_handoff_rca,qwen3.6-27b,L_vis,aiops2025,adservice-1,3,0,0
direct_rca,gemma-4-26b-a4b,P,aiops2022,checkoutservice-0,3,3,1
direct_rca,gemma-4-26b-a4b,P,aiops2022,checkoutservice-2,3,1,0.33333333
visual_counterfactual_rca,qwen3.8-27b,H_placebo,aiops2025,k8s-master1,3,0,0.27777778
visual_counterfactual_rca,qwen3.8-27b,H_placebo,aiops2022,paymentservice,3,0,0
direct_rca,gemma-4-26b-a4b,H,re2_ob,gke-gke-cluster-default-pool-2e1807ce-w819,3,0,0.44444444
direct_rca,gemma-4-26b-a4b,P,aiops2022,frontend-1,3,1,0.33333333
direct_rca,qwen3.6-27b,V,aegislab,mysql,3,1,0.33333333
visual_counterfactual_rca,gemma-4-26b-a4b,H_neutral,aiops2025,k8s-master1,3,0,0
direct_rca,qwen3.6-27b,R,aiops2025,shippingservice,3,1,0.33333333
direct_rca,qwen3.6-27b,T,aegislab,ts-train-food-service,3,0,0.17777778
direct_rca,qwen3.6-27b,T,aegislab,ts-seat-service,3,3,1
visual_counterfactual_rca,gemma-4-26b-a4b,H_placebo,aiops2025,adservice-0,3,0,0
visual_counterfactual_rca,gemma-4-26b-a4b,H_placebo,aiops2025,hipstershop,3,0,0.16666667
visual_counterfactual_rca,qwen3.8-27b,H_placebo,aiops2025,node-5,3,1,0.33333333
visual_counterfactual_rca,gemma-4-26b-a4b,H_neutral,re2_tt,ts-basic-service,3,0,0.27777778
ledger_handoff_rca,qwen3.6-27b,L_vis,aiops2022,adservice-0,3,1,0.44444444
ledger_handoff_rca,qwen3.6-27b,L_vis,aegislab,ts-travel2-service,3,1,0.48333333
matched_rca,qwen3.6-27b,P,aiops2022,checkoutservice-2,3,1,0.33333333
matched_rca,qwen3.6-27b,P,aiops2022,frontend2-0,3,0,0.22222222
ledger_handoff_rca,qwen3.6-27b,L_txt,re2_tt,ts-seat-service,3,0,0.11111111
matched_rca,qwen3.6-27b,P,aiops2025,adservice-0,3,1,0.5
visual_counterfactual_rca,gemma-4-26b-a4b,H_neutral,aiops2025,currencyservice,3,0,0
direct_rca,gemma-4-26b-a4b,H,aiops2025,paymentservice-2,3,0,0
direct_rca,gemma-4-26b-a4b,H,aiops2025,k8s-master1,3,0,0
direct_rca,qwen3.6-27b,T,aiops2022,emailservice,3,0,0
direct_rca,qwen3.6-27b,T,aiops2022,frontend2-0,3,1,0.5
visual_counterfactual_rca,gemma-4-26b-a4b,H_placebo,aiops2022,adservice,3,0,0
direct_rca,qwen3.6-27b,T,aegislab,ts-inside-payment-service,3,2,0.83333333
direct_rca,qwen3.6-27b,T,aegislab,ts-consign-service,3,1,0.33333333
direct_rca,qwen3.6-27b,T,aegislab,ts-contacts-service,3,0,0.11111111
direct_rca,qwen3.8-27b,V,aiops2022,checkoutservice-2,3,1,0.33333333
matched_rca,qwen3.8-27b,H,aegislab,ts-cancel-service,3,0,0.41666667
matched_rca,qwen3.8-27b,H,aegislab,ts-config-service,3,0,0.22222222
direct_rca,qwen3.8-27b,V,aegislab,ts-order-service,3,2,0.77777778
matched_rca,gemma-4-26b-a4b,H,aiops2022,emailservice-1,3,2,0.66666667
matched_rca,gemma-4-26b-a4b,H,aegislab,ts-config-service,3,2,0.66666667
direct_rca,gemma-4-26b-a4b,H,aiops2025,k8s-master2,3,0,0
direct_rca,gemma-4-26b-a4b,H,aiops2025,node-7,3,0,0.11111111
ledger_handoff_rca,gemma-4-26b-a4b,L_hyb,aiops2025,k8s-master1,3,0,0
ledger_handoff_rca,gemma-4-26b-a4b,L_hyb,aiops2022,adservice2-0,3,1,0.33333333
ledger_handoff_rca,gemma-4-26b-a4b,L_hyb,aiops2022,cartservice2-0,3,0,0
direct_rca,qwen3.8-27b,V,aiops2022,node-2,3,1,0.33333333
direct_rca,qwen3.8-27b,V,aiops2022,node-4,3,0,0.25
direct_rca,qwen3.8-27b,V,re2_ob,gke-gke-cluster-default-pool-2e1807ce-cx8g,3,0,0.5
direct_rca,qwen3.8-27b,V,aiops2025,node-4,3,1,0.33333333
direct_rca,qwen3.8-27b,V,aiops2025,checkoutservice,3,1,0.33333333
matched_rca,gemma-4-26b-a4b,P,re2_tt,ts-preserve-other-service,3,0,0
visual_counterfactual_rca,qwen3.8-27b,H_placebo,re2_ob,gke-gke-cluster-default-pool-2e1807ce-w819,3,0,0.44444444
visual_counterfactual_rca,qwen3.8-27b,H_placebo,aiops2025,redis-cart,3,0,0.11111111
direct_rca,gemma-4-26b-a4b,H,aiops2022,cartservice-0,3,0,0.15
direct_rca,gemma-4-26b-a4b,H,aiops2022,node-1,3,0,0
direct_rca,gemma-4-26b-a4b,H,aiops2022,adservice2-0,3,1,0.5
matched_rca,gemma-4-26b-a4b,H,aiops2022,shippingservice2-0,3,1,0.5
ledger_handoff_rca,gemma-4-26b-a4b,L_hyb,aiops2022,adservice-0,3,1,0.33333333
direct_rca,qwen3.8-27b,V,aiops2022,emailservice,3,0,0
direct_rca,qwen3.8-27b,V,aiops2022,checkoutservice,3,0,0.34444444
direct_rca,qwen3.8-27b,V,aiops2022,checkoutservice-0,3,1,0.5
ledger_handoff_rca,gemma-4-26b-a4b,L_hyb,aiops2025,node-1,3,0,0
ledger_handoff_rca,gemma-4-26b-a4b,L_hyb,aiops2025,node-2,3,0,0
ledger_handoff_rca,gemma-4-26b-a4b,L_hyb,aiops2025,currencyservice-2,3,0,0
ledger_handoff_rca,gemma-4-26b-a4b,L_hyb,aegislab,ts-travel-service,3,1,0.33333333
ledger_handoff_rca,gemma-4-26b-a4b,L_hyb,aegislab,ts-travel2-service,3,1,0.33333333
visual_counterfactual_rca,qwen3.8-27b,H_placebo,aiops2025,node-8,3,1,0.5
direct_rca,qwen3.8-27b,V,aegislab,ts-consign-service,3,1,0.33333333
direct_rca,qwen3.8-27b,V,aegislab,ts-contacts-service,3,0,0.16666667
direct_rca,qwen3.8-27b,V,aegislab,ts-gateway-service,3,0,0
matched_rca,qwen3.8-27b,F,aiops2025,redis-cart,3,0,0.11111111
matched_rca,qwen3.8-27b,F,re2_tt,gke-gke-cluster-tt-default-pool-ca598206-g5tp,3,0,0.16666667
matched_rca,qwen3.8-27b,F,re2_ob,gke-gke-cluster-default-pool-2e1807ce-w819,3,0,0.44444444
matched_rca,qwen3.8-27b,F,re2_ob,shippingservice,3,0,0.33333333
matched_rca,qwen3.8-27b,F,aiops2022,shippingservice,3,0,0
visual_counterfactual_rca,qwen3.8-27b,H_targeted,aiops2025,node-5,3,1,0.33333333
direct_rca,gemma-4-26b-a4b,F,aegislab,ts-assurance-service,3,3,1
matched_rca,gemma-4-26b-a4b,P,aegislab,ts-route-plan-service,3,0,0
direct_rca,gemma-4-26b-a4b,F,aegislab,ts-auth-service,3,3,1
visual_counterfactual_rca,qwen3.8-27b,H_targeted,aiops2025,redis-cart,3,0,0.11111111
visual_counterfactual_rca,qwen3.8-27b,H_targeted,aiops2025,k8s-master1,3,0,0.27777778
visual_counterfactual_rca,qwen3.8-27b,H_targeted,aegislab,ts-cancel-service,3,0,0.33333333
matched_rca,qwen3.8-27b,F,aegislab,ts-security-service,3,1,0.5
ledger_handoff_rca,gemma-4-26b-a4b,L_hyb,aegislab,ts-order-service,3,2,0.66666667
ledger_handoff_rca,gemma-4-26b-a4b,L_hyb,aegislab,ts-assurance-service,3,2,0.66666667
ledger_handoff_rca,gemma-4-26b-a4b,L_hyb,aegislab,ts-auth-service,3,3,1
matched_rca,qwen3.8-27b,F,aiops2025,checkoutservice,3,2,0.77777778
matched_rca,qwen3.8-27b,F,aiops2025,k8s-master1,3,0,0.16666667
matched_rca,qwen3.8-27b,F,aiops2025,k8s-master3,3,0,0
matched_rca,qwen3.8-27b,F,aiops2025,node-1,3,0,0.19444444
direct_rca,gemma-4-26b-a4b,F,re2_tt,gke-gke-cluster-tt-default-pool-ca598206-p3ch,3,0,0.33333333
direct_rca,gemma-4-26b-a4b,F,re2_tt,gke-gke-cluster-tt-default-pool-ca598206-tj63,3,0,0.41666667
direct_rca,gemma-4-26b-a4b,H,aegislab,ts-auth-service,3,3,1
matched_rca,qwen3.8-27b,F,aegislab,ts-config-service,3,1,0.44444444
matched_rca,qwen3.8-27b,F,aegislab,ts-consign-service,3,1,0.33333333
matched_rca,qwen3.8-27b,F,aegislab,ts-travel-plan-service,3,2,0.75
matched_rca,qwen3.8-27b,F,aegislab,ts-food-service,3,0,0.27777778
matched_rca,qwen3.8-27b,F,aegislab,ts-basic-service,3,2,0.66666667
ledger_handoff_rca,qwen3.6-27b,L_vis,aiops2022,frontend-0,3,1,0.5
ledger_handoff_rca,qwen3.6-27b,L_vis,aiops2022,frontend2-0,3,1,0.5
matched_rca,gemma-4-26b-a4b,P,aiops2025,frontend-0,3,1,0.33333333
matched_rca,gemma-4-26b-a4b,H,aiops2025,adservice-1,3,1,0.66666667
matched_rca,gemma-4-26b-a4b,P,aiops2025,productcatalogservice,3,1,0.33333333
direct_rca,gemma-4-26b-a4b,H,aegislab,ts-route-plan-service,3,1,0.33333333
direct_rca,gemma-4-26b-a4b,H,aegislab,ts-station-food-service,3,1,0.44444444
direct_rca,gemma-4-26b-a4b,F,re2_tt,gke-gke-cluster-tt-default-pool-ca598206-g5tp,3,0,0
direct_rca,qwen3.6-27b,H,aegislab,ts-assurance-service,3,2,0.66666667
ledger_handoff_rca,qwen3.8-27b,L_txt,aiops2022,checkoutservice-1,3,2,0.66666667
direct_rca,qwen3.6-27b,H,aegislab,ts-security-service,3,0,0.27777778
direct_rca,qwen3.6-27b,H,aegislab,ts-train-food-service,3,0,0.11111111
visual_counterfactual_rca,qwen3.6-27b,H_neutral,re2_ob,adservice,3,0,0.5
ledger_handoff_rca,qwen3.6-27b,L_hyb,aegislab,ts-security-service,3,0,0.36111111
direct_rca,qwen3.8-27b,H,aiops2022,shippingservice,3,0,0.066666667
direct_rca,qwen3.8-27b,H,aiops2022,node-1,3,0,0.16666667
direct_rca,qwen3.8-27b,V,re2_tt,gke-gke-cluster-tt-default-pool-ca598206-g5tp,3,0,0.27777778
matched_rca,qwen3.8-27b,F,aiops2022,frontend2-0,3,1,0.5
visual_counterfactual_rca,qwen3.8-27b,H_targeted,re2_ob,gke-gke-cluster-default-pool-2e1807ce-w819,3,0,0.44444444
matched_rca,gemma-4-26b-a4b,P,aiops2022,checkoutservice-2,3,0,0.16666667
visual_counterfactual_rca,qwen3.6-27b,H_neutral,aiops2025,node-5,3,1,0.33333333
visual_counterfactual_rca,qwen3.6-27b,H_neutral,aiops2025,node-8,3,1,0.5
visual_counterfactual_rca,qwen3.6-27b,H_neutral,aiops2025,redis-cart,3,0,0
direct_rca,qwen3.6-27b,H,aegislab,ts-inside-payment-service,3,2,0.77777778
matched_rca,qwen3.8-27b,F,aiops2025,node-8,3,1,0.5
direct_rca,qwen3.8-27b,V,re2_ob,gke-gke-cluster-default-pool-2e1807ce-0e4z,3,0,0.41666667
direct_rca,qwen3.8-27b,V,aiops2025,redis-cart,3,0,0.066666667
direct_rca,qwen3.8-27b,V,aiops2025,paymentservice,3,0,0.33333333
matched_rca,qwen3.8-27b,F,aiops2022,adservice-0,3,0,0.16666667
matched_rca,qwen3.8-27b,F,aiops2022,node-2,3,2,0.66666667
matched_rca,qwen3.8-27b,F,aiops2022,node-4,3,2,0.66666667
matched_rca,qwen3.8-27b,F,aiops2022,checkoutservice-0,3,2,0.77777778
visual_counterfactual_rca,qwen3.8-27b,H_targeted,aegislab,ts-user-service,3,1,0.61111111
visual_counterfactual_rca,qwen3.8-27b,H_targeted,aegislab,ts-route-plan-service,3,1,0.33333333
direct_rca,gemma-4-26b-a4b,F,aiops2025,node-1,3,0,0.066666667
direct_rca,gemma-4-26b-a4b,F,aiops2025,node-7,3,0,0.11111111
direct_rca,gemma-4-26b-a4b,F,aiops2025,node-8,3,1,0.44444444
direct_rca,gemma-4-26b-a4b,F,aiops2025,paymentservice-2,3,0,0
matched_rca,qwen3.8-27b,F,aiops2025,node-5,3,1,0.33333333
matched_rca,qwen3.8-27b,F,aiops2025,node-7,3,0,0
direct_rca,gemma-4-26b-a4b,F,aiops2025,node-2,2,0,0.1
direct_rca,gemma-4-26b-a4b,F,aiops2025,node-3,2,0,0
direct_rca,gemma-4-26b-a4b,F,aiops2025,node-4,2,1,0.5
direct_rca,gemma-4-26b-a4b,F,aiops2025,node-5,2,1,0.5
visual_counterfactual_rca,qwen3.8-27b,H_targeted,aegislab,ts-travel2-service,2,0,0.16666667
visual_counterfactual_rca,qwen3.8-27b,H_targeted,aegislab,ts-seat-service,2,1,0.5
visual_counterfactual_rca,qwen3.8-27b,H_targeted,aegislab,ts-security-service,2,0,0.25
visual_counterfactual_rca,qwen3.8-27b,H_targeted,aegislab,ts-train-food-service,2,0,0.16666667
matched_rca,gemma-4-26b-a4b,P,aiops2025,emailservice-0,2,0,0
matched_rca,gemma-4-26b-a4b,P,aiops2022,recommendationservice2-0,2,0,0
matched_rca,gemma-4-26b-a4b,H,re2_tt,ts-preserve-other-service,2,0,0
matched_rca,gemma-4-26b-a4b,H,re2_tt,ts-preserve-service,2,0,0
matched_rca,gemma-4-26b-a4b,H,re2_tt,ts-auth-mongo,2,0,0.25
direct_rca,gemma-4-26b-a4b,F,aiops2025,paymentservice-1,2,0,0.25
direct_rca,gemma-4-26b-a4b,F,aiops2025,productcatalogservice,2,2,1
direct_rca,gemma-4-26b-a4b,F,aiops2025,k8s-master3,2,0,0
direct_rca,gemma-4-26b-a4b,H,aegislab,ts-security-service,2,1,0.66666667
matched_rca,gemma-4-26b-a4b,H,aiops2025,currencyservice-2,2,0,0
matched_rca,gemma-4-26b-a4b,P,aiops2025,node-8,2,0,0
matched_rca,gemma-4-26b-a4b,P,aiops2025,paymentservice-0,2,0,0
matched_rca,gemma-4-26b-a4b,P,aiops2025,k8s-master1,2,0,0
matched_rca,gemma-4-26b-a4b,P,aiops2025,k8s-master3,2,0,0
matched_rca,gemma-4-26b-a4b,P,aiops2025,adservice-2,2,2,1
matched_rca,gemma-4-26b-a4b,P,aiops2025,emailservice,2,0,0
direct_rca,gemma-4-26b-a4b,H,aegislab,ts-admin-route-service,2,0,0.16666667
direct_rca,gemma-4-26b-a4b,H,aegislab,ts-admin-travel-service,2,0,0
direct_rca,gemma-4-26b-a4b,F,re2_tt,ts-inside-payment-service,2,0,0.25
direct_rca,gemma-4-26b-a4b,H,aegislab,ts-travel2-service,2,1,0.5
direct_rca,gemma-4-26b-a4b,H,aegislab,ts-user-service,2,1,0.66666667
direct_rca,gemma-4-26b-a4b,H,aiops2022,adservice-0,2,1,0.5
direct_rca,gemma-4-26b-a4b,H,aiops2022,adservice-1,2,2,1
direct_rca,gemma-4-26b-a4b,H,aegislab,ts-seat-service,2,1,0.5
direct_rca,qwen3.8-27b,V,aiops2025,cartservice,2,1,0.5
direct_rca,qwen3.8-27b,V,aiops2025,emailservice,2,0,0.125
direct_rca,qwen3.8-27b,V,aiops2022,productcatalogservice,2,1,0.625
direct_rca,qwen3.8-27b,V,aiops2025,__UNKNOWN_ID_AT_RANK_1__,2,0,0
direct_rca,qwen3.8-27b,V,aiops2025,adservice-0,2,1,0.625
direct_rca,qwen3.8-27b,V,aiops2025,adservice-1,2,0,0.125
direct_rca,qwen3.8-27b,V,aiops2025,,2,0,0
direct_rca,qwen3.8-27b,V,re2_ob,adservice,2,0,0.16666667
matched_rca,qwen3.8-27b,F,aegislab,ts-station-food-service,2,0,0.25
matched_rca,qwen3.8-27b,F,aegislab,ts-station-service,2,1,0.6
matched_rca,qwen3.8-27b,F,aegislab,ts-train-food-service,2,0,0
matched_rca,qwen3.8-27b,F,aegislab,ts-contacts-service,2,0,0.41666667
matched_rca,qwen3.8-27b,F,aegislab,ts-delivery-service,2,0,0
matched_rca,qwen3.8-27b,F,aegislab,mysql,2,1,0.5
matched_rca,qwen3.8-27b,F,aegislab,rabbitmq,2,0,0
direct_rca,qwen3.8-27b,V,aiops2025,frontend-1,2,1,0.66666667
matched_rca,qwen3.8-27b,F,aiops2025,k8s-master2,2,0,0
matched_rca,qwen3.8-27b,F,aiops2022,paymentservice2,2,0,0
direct_rca,qwen3.8-27b,V,re2_tt,ts-ticketinfo-service,2,0,0
ledger_handoff_rca,gemma-4-26b-a4b,L_hyb,aegislab,ts-order-other-service,2,2,1
ledger_handoff_rca,gemma-4-26b-a4b,L_hyb,aegislab,ts-basic-service,2,1,0.5
ledger_handoff_rca,gemma-4-26b-a4b,L_hyb,aegislab,ts-consign-service,2,0,0
ledger_handoff_rca,gemma-4-26b-a4b,L_hyb,aegislab,ts-delivery-service,2,0,0
matched_rca,qwen3.8-27b,F,aegislab,ts-route-plan-service,2,0,0
direct_rca,qwen3.8-27b,V,re2_ob,redis,2,0,0.35
matched_rca,qwen3.8-27b,F,aiops2022,frontend2,2,0,0
matched_rca,qwen3.8-27b,F,aiops2022,checkoutservice-1,2,2,1
matched_rca,qwen3.8-27b,F,aiops2022,currencyservice2,2,0,0
matched_rca,qwen3.8-27b,F,aiops2022,emailservice2,2,0,0
matched_rca,qwen3.8-27b,F,aegislab,ts-user-service,2,1,0.75
direct_rca,qwen3.8-27b,V,aiops2025,tidb-pd,2,0,0
matched_rca,qwen3.8-27b,F,aiops2025,node-4,2,1,0.5
matched_rca,qwen3.8-27b,F,re2_ob,frontend-external,2,0,0.29166667
matched_rca,qwen3.8-27b,F,aiops2025,shippingservice,2,0,0
matched_rca,qwen3.8-27b,F,re2_ob,adservice,2,0,0.5
direct_rca,qwen3.8-27b,V,aegislab,ts-seat-service,2,1,0.5
direct_rca,qwen3.8-27b,V,aegislab,ts-station-food-service,2,0,0
matched_rca,qwen3.8-27b,H,aegislab,ts-consign-price-service,2,0,0.375
matched_rca,qwen3.8-27b,H,aegislab,ts-contacts-service,2,0,0.41666667
matched_rca,qwen3.8-27b,H,aegislab,ts-food-service,2,0,0.41666667
direct_rca,qwen3.8-27b,V,aiops2022,cartservice-1,2,0,0.25
direct_rca,qwen3.8-27b,V,aiops2022,cartservice2-0,2,0,0.35
direct_rca,qwen3.8-27b,V,aegislab,ts-user-service,2,1,0.5
direct_rca,qwen3.8-27b,V,aegislab,,2,0,0
direct_rca,qwen3.8-27b,V,aiops2022,adservice-2,2,1,0.75
matched_rca,qwen3.8-27b,F,re2_tt,ts-food-map-mongo,2,0,0.25
matched_rca,qwen3.8-27b,F,re2_tt,gke-gke-cluster-tt-default-pool-ca598206-tj63,2,0,0.5
matched_rca,qwen3.8-27b,F,re2_tt,gke-gke-cluster-tt-default-pool-ca598206-xvr3,2,0,0.41666667
ledger_handoff_rca,gemma-4-26b-a4b,L_hyb,aiops2022,cartservice-1,2,1,0.5
ledger_handoff_rca,gemma-4-26b-a4b,L_hyb,aiops2025,hipstershop,2,0,0
ledger_handoff_rca,gemma-4-26b-a4b,L_hyb,aiops2025,k8s-master2,2,0,0
ledger_handoff_rca,gemma-4-26b-a4b,L_hyb,aiops2025,checkoutservice-2,2,1,0.5
ledger_handoff_rca,gemma-4-26b-a4b,L_hyb,aiops2025,currencyservice-0,2,0,0
ledger_handoff_rca,gemma-4-26b-a4b,L_hyb,aiops2025,frontend,2,1,0.5
ledger_handoff_rca,gemma-4-26b-a4b,L_hyb,aiops2022,shippingservice2-0,2,0,0
direct_rca,qwen3.8-27b,V,aiops2022,emailservice-0,2,0,0.25
matched_rca,qwen3.8-27b,F,aegislab,ts-assurance-service,2,1,0.5
matched_rca,qwen3.8-27b,F,aegislab,ts-auth-service,2,2,1
matched_rca,qwen3.8-27b,F,aegislab,ts-avatar-service,2,0,0.16666667
ledger_handoff_rca,gemma-4-26b-a4b,L_hyb,aiops2022,node-1,2,0,0
ledger_handoff_rca,gemma-4-26b-a4b,L_hyb,aiops2022,emailservice-0,2,0,0
ledger_handoff_rca,gemma-4-26b-a4b,L_hyb,aiops2022,emailservice-1,2,1,0.5
ledger_handoff_rca,gemma-4-26b-a4b,L_hyb,aiops2022,frontend-1,2,1,0.5
ledger_handoff_rca,gemma-4-26b-a4b,L_hyb,aiops2022,adservice-2,2,0,0
matched_rca,qwen3.8-27b,H,aegislab,ts-train-food-service,2,0,0.16666667
matched_rca,qwen3.8-27b,H,aegislab,ts-inside-payment-service,2,2,1
direct_rca,qwen3.8-27b,V,aegislab,ts-train-food-service,2,0,0.16666667
direct_rca,qwen3.8-27b,T,aiops2025,shippingservice-2,2,0,0.1
direct_rca,qwen3.8-27b,T,re2_ob,cartservice,2,0,0.41666667
matched_rca,qwen3.8-27b,H,aiops2025,adservice-1,2,1,0.5
matched_rca,qwen3.8-27b,H,aiops2025,adservice-2,2,1,0.5
matched_rca,qwen3.8-27b,H,aiops2022,productcatalogservice,2,0,0
matched_rca,qwen3.6-27b,V,re2_ob,shippingservice,2,0,0.41666667
ledger_handoff_rca,gemma-4-26b-a4b,L_hyb,re2_tt,gke-gke-cluster-tt-default-pool-ca598206-tj63,2,0,0
ledger_handoff_rca,gemma-4-26b-a4b,L_hyb,aiops2025,redis-cart-0,2,0,0
direct_rca,qwen3.8-27b,T,re2_tt,ts-ticketinfo-service,2,0,0.16666667
direct_rca,qwen3.8-27b,T,re2_tt,ts-travel2-service,2,0,0.5
direct_rca,qwen3.8-27b,T,re2_tt,gke-gke-cluster-tt-default-pool-ca598206-xvr3,2,0,0.25
matched_rca,qwen3.8-27b,H,aiops2022,checkoutservice2,2,0,0.25
matched_rca,qwen3.8-27b,H,aegislab,ts-security-service,2,0,0.25
ledger_handoff_rca,gemma-4-26b-a4b,L_hyb,aiops2025,adservice-0,2,1,0.5
ledger_handoff_rca,gemma-4-26b-a4b,L_hyb,aiops2025,adservice-1,2,1,0.5
ledger_handoff_rca,gemma-4-26b-a4b,L_hyb,aiops2025,checkoutservice,2,0,0
ledger_handoff_rca,gemma-4-26b-a4b,L_hyb,aiops2022,paymentservice-0,2,0,0
matched_rca,qwen3.6-27b,V,re2_tt,ts-seat-service,2,0,0.33333333
matched_rca,qwen3.6-27b,V,re2_tt,ts-payment-service,2,0,0.16666667
matched_rca,qwen3.6-27b,V,re2_ob,gke-gke-cluster-default-pool-2e1807ce-0e4z,2,0,0.375
matched_rca,qwen3.6-27b,V,re2_ob,gke-gke-cluster-default-pool-2e1807ce-w819,2,0,0.25
matched_rca,qwen3.8-27b,H,aegislab,ts-auth-service,2,2,1
matched_rca,qwen3.8-27b,F,re2_tt,ts-travel2-service,2,0,0.5
matched_rca,qwen3.8-27b,F,re2_tt,ts-ui-dashboard,2,0,0
direct_rca,qwen3.8-27b,V,aiops2022,emailservice2-0,2,0,0
direct_rca,qwen3.8-27b,V,aiops2022,frontend,2,0,0
direct_rca,qwen3.8-27b,V,aiops2022,frontend2,2,0,0.25
direct_rca,qwen3.8-27b,V,aiops2022,istio-egressgateway-7bfdcc9d86-22q7z,2,0,0.25
direct_rca,qwen3.8-27b,V,aiops2022,checkoutservice2,2,0,0.1
matched_rca,qwen3.8-27b,H,re2_ob,frontend-external,2,0,0.41666667
matched_rca,qwen3.8-27b,H,aiops2025,shippingservice,2,0,0
matched_rca,qwen3.8-27b,H,aiops2025,node-4,2,1,0.5
matched_rca,qwen3.8-27b,H,aiops2025,node-8,2,1,0.75
direct_rca,qwen3.8-27b,T,aiops2022,cartservice-0,2,0,0.1
direct_rca,qwen3.8-27b,T,aegislab,ts-user-service,2,1,0.5
direct_rca,qwen3.8-27b,T,aegislab,ts-verification-code-service,2,0,0.16666667
direct_rca,qwen3.8-27b,T,aiops2022,adservice-0,2,1,0.625
matched_rca,qwen3.6-27b,V,aiops2025,node-1,2,0,0.16666667
matched_rca,qwen3.6-27b,V,aiops2025,node-4,2,1,0.5
matched_rca,qwen3.6-27b,V,aiops2025,node-5,2,1,0.5
matched_rca,qwen3.6-27b,V,aiops2025,cartservice-2,2,1,0.66666667
matched_rca,qwen3.8-27b,H,re2_tt,ts-ui-dashboard,2,0,0.33333333
matched_rca,qwen3.8-27b,H,re2_tt,ts-preserve-service,2,0,0.29166667
matched_rca,qwen3.8-27b,H,re2_tt,ts-seat-service,2,0,0.5
matched_rca,qwen3.8-27b,H,re2_tt,ts-food-map-mongo,2,0,0.25
direct_rca,qwen3.8-27b,T,aiops2025,k8s-master2,2,0,0.1
direct_rca,qwen3.8-27b,T,aiops2025,node-5,2,1,0.5
direct_rca,qwen3.8-27b,T,aiops2025,currencyservice,2,0,0.41666667
direct_rca,qwen3.8-27b,T,aiops2025,adservice-0,2,0,0
direct_rca,qwen3.8-27b,T,aiops2025,adservice-1,2,0,0.25
direct_rca,qwen3.8-27b,T,re2_tt,gke-gke-cluster-tt-default-pool-ca598206-tj63,2,0,0.375
matched_rca,qwen3.6-27b,V,aiops2025,paymentservice-2,2,0,0
matched_rca,qwen3.6-27b,V,aiops2025,k8s-master2,2,0,0.16666667
matched_rca,qwen3.8-27b,H,aiops2022,frontend-1,2,1,0.66666667
matched_rca,qwen3.8-27b,H,aiops2022,node-4,2,1,0.5
matched_rca,qwen3.8-27b,H,aiops2022,emailservice,2,0,0
direct_rca,qwen3.8-27b,V,aegislab,loadgenerator,2,0,0.29166667
direct_rca,qwen3.8-27b,V,aegislab,mysql,2,1,0.5
matched_rca,qwen3.8-27b,H,aiops2025,k8s-master2,2,0,0
matched_rca,qwen3.8-27b,H,aiops2025,k8s-master3,2,0,0.125
direct_rca,qwen3.8-27b,T,aiops2025,paymentservice-2,2,0,0
direct_rca,qwen3.8-27b,T,aegislab,ts-avatar-service,2,0,0
direct_rca,qwen3.8-27b,T,aegislab,mysql,2,1,0.5
direct_rca,qwen3.8-27b,R,re2_tt,ts-ticketinfo-service,2,0,0
matched_rca,qwen3.8-27b,P,aegislab,ts-train-food-service,2,0,0
matched_rca,qwen3.8-27b,P,aegislab,ts-user-service,2,0,0.33333333
matched_rca,qwen3.8-27b,P,aegislab,ts-order-service,2,1,0.75
matched_rca,qwen3.8-27b,P,aegislab,ts-price-service,2,2,1
matched_rca,qwen3.8-27b,P,aegislab,ts-security-service,2,0,0.5
matched_rca,qwen3.6-27b,V,aiops2022,shippingservice,2,1,0.66666667
matched_rca,qwen3.6-27b,V,aiops2022,shippingservice2-0,2,1,0.5
matched_rca,qwen3.6-27b,V,aiops2025,adservice-0,2,2,1
matched_rca,qwen3.6-27b,V,aiops2022,paymentservice-0,2,0,0.16666667
matched_rca,qwen3.6-27b,V,aiops2022,paymentservice-2,2,0,0.25
matched_rca,qwen3.6-27b,V,aiops2022,emailservice-1,2,1,0.5
matched_rca,qwen3.6-27b,V,aiops2022,frontend,2,0,0
matched_rca,qwen3.6-27b,V,aiops2022,frontend-0,2,1,0.5
direct_rca,qwen3.8-27b,T,aiops2022,currencyservice,2,0,0
direct_rca,qwen3.8-27b,T,aiops2022,currencyservice-2,2,2,1
ledger_handoff_rca,gemma-4-26b-a4b,L_txt,aegislab,ts-order-other-service,2,2,1
ledger_handoff_rca,gemma-4-26b-a4b,L_txt,aegislab,ts-assurance-service,2,2,1
ledger_handoff_rca,gemma-4-26b-a4b,L_txt,aegislab,ts-consign-service,2,0,0
ledger_handoff_rca,gemma-4-26b-a4b,L_hyb,re2_tt,ts-preserve-other-service,2,0,0
ledger_handoff_rca,gemma-4-26b-a4b,L_hyb,re2_tt,ts-notification-mongo,2,0,0
matched_rca,qwen3.6-27b,V,aiops2022,productcatalogservice-2,2,2,1
direct_rca,qwen3.8-27b,T,aegislab,ts-security-service,2,0,0.16666667
direct_rca,qwen3.8-27b,T,aegislab,ts-station-food-service,2,0,0
direct_rca,qwen3.8-27b,T,aegislab,ts-notification-service,2,0,0.1
direct_rca,qwen3.8-27b,T,aegislab,ts-order-service,2,2,1
direct_rca,qwen3.8-27b,T,aegislab,ts-payment-service,2,0,0
direct_rca,qwen3.8-27b,T,aiops2022,productcatalogservice-1,2,1,0.66666667
direct_rca,qwen3.8-27b,T,aiops2022,istio-ingressgateway,2,0,0
direct_rca,qwen3.8-27b,T,aiops2022,node-1,2,0,0
matched_rca,qwen3.8-27b,P,aiops2022,adservice-0,2,0,0.1
matched_rca,qwen3.8-27b,P,aiops2022,cartservice,2,0,0
direct_rca,qwen3.8-27b,T,aegislab,ts-contacts-service,2,0,0.25
direct_rca,qwen3.8-27b,T,aegislab,ts-auth-service,2,2,1
matched_rca,qwen3.8-27b,P,aiops2025,emailservice,2,0,0
matched_rca,qwen3.8-27b,P,aiops2022,,2,0,0
direct_rca,qwen3.8-27b,R,aiops2025,tidb-pd,2,0,0
direct_rca,qwen3.8-27b,R,re2_ob,cartservice,2,0,0.16666667
direct_rca,qwen3.8-27b,R,re2_ob,redis,2,0,0.25
matched_rca,qwen3.8-27b,P,aiops2022,node-1,2,1,0.5
matched_rca,qwen3.8-27b,P,aiops2022,emailservice2,2,0,0
matched_rca,qwen3.8-27b,P,aiops2022,frontend-1,2,2,1
matched_rca,qwen3.8-27b,P,aiops2022,frontend2-0,2,1,0.75
matched_rca,qwen3.8-27b,P,aiops2022,checkoutservice,2,2,1
matched_rca,qwen3.8-27b,P,aiops2022,checkoutservice-0,2,1,0.5
matched_rca,qwen3.8-27b,P,aiops2022,currencyservice2,2,0,0
ledger_handoff_rca,gemma-4-26b-a4b,L_txt,aiops2022,emailservice-0,2,0,0
ledger_handoff_rca,gemma-4-26b-a4b,L_txt,aiops2022,cartservice2-0,2,0,0
ledger_handoff_rca,gemma-4-26b-a4b,L_txt,aiops2022,checkoutservice-2,2,1,0.5
ledger_handoff_rca,gemma-4-26b-a4b,L_txt,aiops2022,adservice-1,2,2,1
ledger_handoff_rca,gemma-4-26b-a4b,L_txt,aiops2022,adservice-2,2,0,0
ledger_handoff_rca,gemma-4-26b-a4b,L_txt,aiops2025,currencyservice-0,2,0,0
ledger_handoff_rca,gemma-4-26b-a4b,L_txt,aiops2025,hipstershop,2,0,0
ledger_handoff_rca,gemma-4-26b-a4b,L_txt,aiops2025,adservice-1,2,1,0.5
matched_rca,qwen3.8-27b,P,aegislab,ts-consign-price-service,2,0,0.25
matched_rca,qwen3.8-27b,P,aegislab,ts-contacts-service,2,0,0.41666667
matched_rca,qwen3.8-27b,P,aegislab,ts-inside-payment-service,2,1,0.5
matched_rca,qwen3.8-27b,P,aegislab,ts-avatar-service,2,0,0
matched_rca,qwen3.6-27b,V,aiops2022,frontend-1,2,0,0
matched_rca,qwen3.6-27b,V,aiops2022,frontend2,2,0,0.25
matched_rca,qwen3.6-27b,V,aiops2022,cartservice2-0,2,0,0.5
matched_rca,qwen3.6-27b,V,aiops2022,checkoutservice-2,2,0,0
direct_rca,qwen3.8-27b,R,aiops2022,shippingservice2-0,2,0,0.25
direct_rca,qwen3.8-27b,R,aiops2022,productcatalogservice,2,1,0.5
direct_rca,qwen3.8-27b,R,aiops2022,frontend-0,2,0,0
direct_rca,qwen3.8-27b,R,aiops2022,node-1,2,0,0
matched_rca,qwen3.8-27b,P,aiops2025,k8s-master2,2,0,0.1
matched_rca,qwen3.8-27b,P,aiops2025,k8s-master3,2,0,0.125
matched_rca,qwen3.8-27b,P,aiops2025,node-1,2,0,0.1
matched_rca,qwen3.8-27b,P,aiops2025,node-4,2,1,0.5
matched_rca,qwen3.6-27b,V,aegislab,ts-route-plan-service,2,0,0
matched_rca,qwen3.6-27b,V,aegislab,ts-station-service,2,1,0.66666667
matched_rca,qwen3.6-27b,V,aegislab,ts-consign-price-service,2,0,0.41666667
matched_rca,qwen3.6-27b,V,aegislab,ts-consign-service,2,0,0
matched_rca,qwen3.6-27b,V,aegislab,ts-order-service,2,2,1
matched_rca,qwen3.8-27b,P,re2_ob,currencyservice,2,2,1
direct_rca,qwen3.8-27b,R,aiops2025,adservice-1,2,0,0.25
direct_rca,qwen3.8-27b,R,aiops2025,adservice-2,2,1,0.5
ledger_handoff_rca,gemma-4-26b-a4b,L_txt,aiops2025,cartservice,2,0,0
ledger_handoff_rca,gemma-4-26b-a4b,L_txt,aiops2022,recommendationservice-0,2,1,0.5
ledger_handoff_rca,gemma-4-26b-a4b,L_txt,aiops2022,paymentservice2-0,2,0,0.25
matched_rca,qwen3.6-27b,V,aiops2022,adservice-1,2,2,1
matched_rca,qwen3.6-27b,V,aiops2022,cartservice-1,2,0,0
matched_rca,qwen3.6-27b,V,aiops2022,cartservice-2,2,0,0
matched_rca,qwen3.6-27b,V,aegislab,ts-train-food-service,2,0,0.25
matched_rca,qwen3.6-27b,V,aegislab,ts-user-service,2,1,0.75
direct_rca,qwen3.8-27b,R,aiops2025,redis-cart,2,0,0.25
direct_rca,qwen3.8-27b,R,aiops2025,redis-cart-0,2,0,0.16666667
direct_rca,qwen3.8-27b,R,re2_tt,ts-food-map-mongo,2,0,0.25
direct_rca,qwen3.8-27b,R,re2_tt,ts-payment-service,2,0,0
direct_rca,qwen3.8-27b,R,re2_tt,ts-preserve-other-service,2,0,0.25
direct_rca,qwen3.8-27b,R,re2_tt,gke-gke-cluster-tt-default-pool-ca598206-p3ch,2,0,0.41666667
direct_rca,qwen3.8-27b,R,re2_tt,gke-gke-cluster-tt-default-pool-ca598206-tj63,2,0,0.375
direct_rca,qwen3.8-27b,R,re2_tt,ts-admin-user-service,2,0,0.125
direct_rca,qwen3.8-27b,R,aegislab,ts-delivery-service,2,0,0
direct_rca,qwen3.8-27b,R,aegislab,ts-food-delivery-service,2,0,0.125
direct_rca,qwen3.8-27b,R,aegislab,ts-food-service,2,1,0.625
direct_rca,qwen3.8-27b,R,aegislab,loadgenerator,2,0,0.16666667
matched_rca,qwen3.8-27b,R,aegislab,ts-assurance-service,2,2,1
matched_rca,qwen3.8-27b,R,aegislab,ts-cancel-service,2,0,0.25
matched_rca,qwen3.8-27b,R,aegislab,loadgenerator,2,0,0.25
matched_rca,qwen3.8-27b,R,aegislab,ts-admin-order-service,2,0,0.41666667
matched_rca,qwen3.8-27b,R,aegislab,ts-consign-service,2,2,1
matched_rca,qwen3.8-27b,R,aegislab,ts-inside-payment-service,2,2,1
direct_rca,qwen3.8-27b,R,aegislab,ts-security-service,2,0,0.125
direct_rca,qwen3.8-27b,R,aegislab,ts-station-food-service,2,0,0
direct_rca,qwen3.8-27b,R,aegislab,ts-train-food-service,2,0,0.16666667
direct_rca,qwen3.8-27b,R,aegislab,ts-inside-payment-service,2,2,1
direct_rca,qwen3.8-27b,R,aegislab,ts-notification-service,2,0,0.1
direct_rca,qwen3.8-27b,R,aegislab,ts-order-service,2,2,1
matched_rca,qwen3.8-27b,P,re2_ob,frontend-external,2,0,0.375
matched_rca,qwen3.8-27b,P,re2_ob,adservice,2,0,0.375
ledger_handoff_rca,gemma-4-26b-a4b,L_txt,aiops2025,productcatalogservice-2,2,0,0
ledger_handoff_rca,gemma-4-26b-a4b,L_txt,aiops2025,recommendationservice,2,0,0.25
ledger_handoff_rca,gemma-4-26b-a4b,L_txt,aiops2025,k8s-master1,2,0,0
ledger_handoff_rca,gemma-4-26b-a4b,L_txt,aiops2025,k8s-master2,2,0,0
ledger_handoff_rca,gemma-4-26b-a4b,L_txt,aiops2025,node-1,2,0,0
ledger_handoff_rca,gemma-4-26b-a4b,L_vis,aegislab,ts-config-service,2,2,1
direct_rca,qwen3.8-27b,R,aiops2022,emailservice-1,2,2,1
direct_rca,qwen3.8-27b,R,aiops2022,emailservice2-0,2,0,0
direct_rca,qwen3.8-27b,R,aiops2022,cartservice2-0,2,0,0.25
direct_rca,qwen3.8-27b,R,aegislab,ts-travel-service,2,0,0.29166667
direct_rca,qwen3.8-27b,R,aegislab,ts-travel2-service,2,1,0.5
direct_rca,qwen3.8-27b,R,aegislab,ts-user-service,2,1,0.5
matched_rca,qwen3.8-27b,P,re2_ob,redis,2,0,0.5
matched_rca,qwen3.8-27b,P,re2_tt,gke-gke-cluster-tt-default-pool-ca598206-tj63,2,0,0.33333333
ledger_handoff_rca,gemma-4-26b-a4b,L_vis,aegislab,ts-user-service,2,1,0.5
direct_rca,qwen3.8-27b,P,re2_ob,gke-gke-cluster-default-pool-2e1807ce-xte3,2,0,0.375
direct_rca,qwen3.8-27b,P,aiops2025,tidb-pd,2,0,0
direct_rca,qwen3.8-27b,P,re2_tt,ts-security-service,2,0,0.375
direct_rca,qwen3.8-27b,P,re2_tt,ts-payment-service,2,0,0.16666667
direct_rca,qwen3.8-27b,P,re2_tt,ts-preserve-other-service,2,0,0.16666667
direct_rca,qwen3.8-27b,P,re2_tt,ts-preserve-service,2,0,0.16666667
direct_rca,qwen3.8-27b,P,re2_tt,ts-food-map-mongo,2,0,0.1
ledger_handoff_rca,gemma-4-26b-a4b,L_txt,re2_tt,ts-preserve-other-mongo,2,0,0
matched_rca,qwen3.6-27b,T,re2_ob,shippingservice,2,0,0.5
matched_rca,qwen3.6-27b,T,re2_tt,gke-gke-cluster-tt-default-pool-ca598206-g5tp,2,0,0
matched_rca,qwen3.6-27b,T,re2_ob,frontend-external,2,0,0.35
matched_rca,qwen3.6-27b,T,re2_ob,gke-gke-cluster-default-pool-2e1807ce-0e4z,2,0,0.26666667
matched_rca,qwen3.6-27b,T,aiops2025,shippingservice,2,0,0
matched_rca,qwen3.6-27b,T,aiops2025,node-4,2,1,0.5
matched_rca,qwen3.6-27b,T,aiops2025,node-5,2,1,0.5
matched_rca,qwen3.8-27b,R,aiops2022,frontend-0,2,1,0.6
matched_rca,qwen3.8-27b,R,aiops2022,checkoutservice-1,2,2,1
matched_rca,qwen3.8-27b,R,aegislab,ts-travel-service,2,0,0.16666667
matched_rca,qwen3.8-27b,R,aegislab,ts-travel2-service,2,0,0.16666667
matched_rca,qwen3.8-27b,R,aegislab,ts-user-service,2,0,0.25
matched_rca,qwen3.8-27b,R,aegislab,ts-payment-service,2,0,0
matched_rca,qwen3.8-27b,R,aegislab,ts-security-service,2,0,0.25
ledger_handoff_rca,gemma-4-26b-a4b,L_vis,aegislab,mysql,2,2,1
matched_rca,qwen3.8-27b,R,aegislab,ts-admin-travel-service,2,0,0.41666667
matched_rca,qwen3.8-27b,P,re2_tt,ts-seat-service,2,0,0.33333333
direct_rca,qwen3.8-27b,R,aiops2022,emailservice-0,2,0,0.16666667
matched_rca,qwen3.8-27b,R,aiops2022,paymentservice,2,0,0
matched_rca,qwen3.8-27b,R,aiops2022,paymentservice-1,2,0,0.25
matched_rca,qwen3.8-27b,R,aiops2022,productcatalogservice-0,2,2,1
matched_rca,qwen3.8-27b,R,aiops2022,productcatalogservice-2,2,1,0.5
matched_rca,qwen3.8-27b,R,aiops2022,node-2,2,1,0.75
matched_rca,qwen3.8-27b,R,aiops2025,adservice-2,2,1,0.5
matched_rca,qwen3.8-27b,R,aiops2025,checkoutservice,2,2,1
direct_rca,qwen3.8-27b,P,aiops2022,paymentservice-1,2,0,0
direct_rca,qwen3.8-27b,P,aiops2022,frontend-0,2,0,0
direct_rca,qwen3.8-27b,P,aiops2022,frontend2,2,0,0.25
direct_rca,qwen3.8-27b,P,aiops2022,checkoutservice2,2,0,0
direct_rca,qwen3.8-27b,P,aiops2022,emailservice,2,0,0.26666667
direct_rca,qwen3.8-27b,P,aiops2022,emailservice-0,2,0,0.25
direct_rca,qwen3.8-27b,P,aiops2022,shippingservice2-0,2,0,0.25
direct_rca,qwen3.8-27b,P,aiops2022,,2,0,0
direct_rca,qwen3.8-27b,P,aiops2025,cartservice,2,0,0
matched_rca,qwen3.8-27b,R,aiops2025,paymentservice-0,2,1,0.6
matched_rca,qwen3.8-27b,R,aiops2025,shippingservice,2,0,0
matched_rca,qwen3.8-27b,R,aiops2025,node-4,2,1,0.5
matched_rca,qwen3.8-27b,R,aiops2025,emailservice,2,1,0.5
matched_rca,qwen3.8-27b,R,aiops2025,k8s-master2,2,0,0
matched_rca,qwen3.6-27b,T,aiops2025,node-1,2,0,0
matched_rca,qwen3.6-27b,T,aiops2025,adservice-0,2,1,0.5
matched_rca,qwen3.6-27b,T,aiops2022,frontend2-0,2,0,0.16666667
matched_rca,qwen3.6-27b,T,aiops2022,node-2,2,2,1
direct_rca,qwen3.8-27b,P,aiops2025,hipstershop,2,0,0.25
direct_rca,qwen3.8-27b,P,aiops2025,k8s-master2,2,0,0.125
direct_rca,qwen3.8-27b,P,aiops2025,checkoutservice,2,1,0.5
direct_rca,qwen3.8-27b,P,aiops2025,checkoutservice-2,2,0,0.16666667
ledger_handoff_rca,gemma-4-26b-a4b,L_vis,aegislab,ts-train-food-service,2,0,0
ledger_handoff_rca,gemma-4-26b-a4b,L_vis,aegislab,ts-route-plan-service,2,1,0.5
ledger_handoff_rca,gemma-4-26b-a4b,L_vis,aegislab,ts-security-service,2,1,0.5
ledger_handoff_rca,gemma-4-26b-a4b,L_vis,aegislab,ts-food-service,2,1,0.5
ledger_handoff_rca,gemma-4-26b-a4b,L_vis,aegislab,ts-gateway-service,2,0,0
matched_rca,qwen3.6-27b,T,aiops2025,frontend-0,2,1,0.75
matched_rca,qwen3.6-27b,T,aiops2025,k8s-master2,2,0,0.125
matched_rca,qwen3.6-27b,T,aiops2025,k8s-master3,2,0,0.1
direct_rca,qwen3.8-27b,P,aegislab,ts-payment-service,2,0,0
direct_rca,qwen3.8-27b,P,aegislab,ts-seat-service,2,1,0.625
direct_rca,qwen3.8-27b,P,aegislab,ts-security-service,2,0,0.1
direct_rca,qwen3.8-27b,P,aegislab,ts-station-food-service,2,0,0.16666667
matched_rca,qwen3.8-27b,T,aegislab,ts-cancel-service,2,0,0
matched_rca,qwen3.8-27b,T,aegislab,ts-consign-price-service,2,0,0.1
matched_rca,qwen3.8-27b,T,aegislab,ts-consign-service,2,1,0.5
matched_rca,qwen3.8-27b,T,aegislab,ts-contacts-service,2,0,0.375
matched_rca,qwen3.6-27b,T,aiops2022,emailservice2,2,0,0.16666667
matched_rca,qwen3.6-27b,T,aiops2022,emailservice2-0,2,0,0
matched_rca,qwen3.6-27b,T,aiops2022,frontend2,2,0,0
matched_rca,qwen3.6-27b,T,aiops2022,checkoutservice-2,2,0,0
matched_rca,qwen3.6-27b,T,aiops2022,currencyservice,2,0,0.16666667
matched_rca,qwen3.6-27b,T,aiops2022,adservice-0,2,0,0
matched_rca,qwen3.6-27b,T,aiops2022,adservice-2,2,1,0.66666667
direct_rca,qwen3.8-27b,P,aegislab,ts-travel2-service,2,1,0.5
ledger_handoff_rca,gemma-4-26b-a4b,L_vis,aiops2022,shippingservice-0,2,1,0.5
ledger_handoff_rca,gemma-4-26b-a4b,L_vis,aiops2022,istio-ingressgateway-565bffd4d-4nr6v,2,0,0
ledger_handoff_rca,gemma-4-26b-a4b,L_vis,aiops2022,node-1,2,0,0
ledger_handoff_rca,gemma-4-26b-a4b,L_vis,aiops2022,emailservice-0,2,0,0
ledger_handoff_rca,gemma-4-26b-a4b,L_vis,aiops2022,frontend2-0,2,1,0.5
ledger_handoff_rca,gemma-4-26b-a4b,L_vis,aiops2022,cartservice-1,2,1,0.5
ledger_handoff_rca,gemma-4-26b-a4b,L_vis,aiops2022,checkoutservice-1,2,2,1
matched_rca,qwen3.6-27b,T,aiops2022,emailservice-1,2,1,0.5
direct_rca,qwen3.8-27b,P,aiops2022,emailservice-1,2,2,1
direct_rca,qwen3.8-27b,P,aiops2022,emailservice2-0,2,0,0
matched_rca,qwen3.8-27b,R,re2_tt,ts-admin-order-service,2,0,0.41666667
matched_rca,qwen3.8-27b,R,re2_tt,gke-gke-cluster-tt-default-pool-ca598206-p3ch,2,0,0.25
direct_rca,qwen3.8-27b,P,aiops2025,node-5,2,1,0.66666667
direct_rca,qwen3.8-27b,P,aiops2025,paymentservice-2,2,0,0
direct_rca,qwen3.8-27b,P,aiops2025,frontend-1,2,1,0.66666667
matched_rca,qwen3.6-27b,T,aiops2022,paymentservice,2,0,0
matched_rca,qwen3.8-27b,T,aiops2022,checkoutservice,2,1,0.5
matched_rca,qwen3.8-27b,T,aiops2022,checkoutservice-0,2,2,1
matched_rca,qwen3.8-27b,T,aiops2022,checkoutservice-1,2,2,1
matched_rca,qwen3.8-27b,T,aiops2022,adservice-0,2,0,0
matched_rca,qwen3.8-27b,T,aiops2022,adservice-2,2,0,0.375
matched_rca,qwen3.8-27b,T,aegislab,ts-train-food-service,2,0,0
direct_rca,qwen3.8-27b,P,aiops2022,cartservice-1,2,0,0
direct_rca,qwen3.8-27b,P,aiops2022,cartservice2-0,2,0,0.41666667
ledger_handoff_rca,gemma-4-26b-a4b,L_vis,aiops2025,node-7,2,0,0
ledger_handoff_rca,gemma-4-26b-a4b,L_vis,aiops2025,paymentservice-0,2,1,0.5
ledger_handoff_rca,gemma-4-26b-a4b,L_vis,aiops2025,frontend-1,2,1,0.5
ledger_handoff_rca,gemma-4-26b-a4b,L_vis,aiops2025,frontend-2,2,1,0.5
ledger_handoff_rca,gemma-4-26b-a4b,L_vis,aiops2025,k8s-master1,2,0,0
ledger_handoff_rca,gemma-4-26b-a4b,L_vis,re2_tt,ts-config-service,2,0,0
ledger_handoff_rca,gemma-4-26b-a4b,L_vis,re2_tt,ts-inside-payment-mongo,2,0,0
direct_rca,qwen3.8-27b,P,aegislab,rabbitmq,2,0,0
matched_rca,qwen3.6-27b,T,aegislab,ts-travel2-service,2,1,0.66666667
matched_rca,qwen3.6-27b,T,aegislab,ts-verification-code-service,2,0,0.41666667
ledger_handoff_rca,gemma-4-26b-a4b,L_vis,aiops2025,productcatalogservice,2,0,0
ledger_handoff_rca,gemma-4-26b-a4b,L_vis,aiops2025,productcatalogservice-2,2,0,0
ledger_handoff_rca,gemma-4-26b-a4b,L_vis,aiops2025,shippingservice,2,1,0.5
ledger_handoff_rca,gemma-4-26b-a4b,L_vis,aiops2025,node-2,2,0,0
ledger_handoff_rca,gemma-4-26b-a4b,L_vis,aiops2025,node-3,2,1,0.5
ledger_handoff_rca,gemma-4-26b-a4b,L_vis,aiops2025,node-6,2,0,0
matched_rca,qwen3.8-27b,T,aegislab,rabbitmq,2,0,0.33333333
matched_rca,qwen3.8-27b,T,aegislab,ts-assurance-service,2,1,0.5
matched_rca,qwen3.8-27b,T,aegislab,ts-auth-service,2,2,1
matched_rca,qwen3.8-27b,T,aegislab,ts-basic-service,2,1,0.5
matched_rca,qwen3.8-27b,R,re2_tt,ts-travel2-service,2,0,0.41666667
matched_rca,qwen3.8-27b,R,re2_tt,ts-user-mongo,2,0,0
direct_rca,qwen3.8-27b,P,aiops2022,istio-ingressgateway,2,0,0
matched_rca,qwen3.6-27b,T,aiops2022,cartservice-1,2,0,0
matched_rca,qwen3.8-27b,T,aiops2022,emailservice,2,1,0.5
matched_rca,qwen3.8-27b,T,aiops2022,emailservice2,2,0,0
direct_rca,qwen3.8-27b,P,aegislab,ts-food-delivery-service,2,0,0.1
direct_rca,qwen3.8-27b,P,aegislab,ts-inside-payment-service,2,2,1
direct_rca,qwen3.8-27b,P,aegislab,ts-notification-service,2,0,0
direct_rca,qwen3.8-27b,P,aegislab,ts-auth-service,2,1,0.5
direct_rca,qwen3.8-27b,H,re2_tt,ts-ui-dashboard,2,0,0.25
direct_rca,qwen3.8-27b,H,re2_ob,cartservice,2,0,0.5
matched_rca,qwen3.6-27b,T,aegislab,ts-assurance-service,2,2,1
matched_rca,qwen3.6-27b,T,aegislab,ts-auth-service,2,2,1
matched_rca,qwen3.8-27b,T,aiops2022,redis-cart,2,0,0
matched_rca,qwen3.8-27b,T,aiops2022,frontend2,2,0,0.16666667
matched_rca,qwen3.8-27b,T,aiops2022,node-1,2,0,0.25
matched_rca,qwen3.8-27b,T,aiops2022,node-2,2,2,1
matched_rca,qwen3.8-27b,T,aiops2022,currencyservice,2,0,0.16666667
matched_rca,qwen3.8-27b,T,aiops2022,currencyservice2,2,0,0.16666667
matched_rca,qwen3.6-27b,T,aegislab,ts-config-service,2,0,0.16666667
matched_rca,qwen3.6-27b,T,aegislab,ts-contacts-service,2,0,0.35
matched_rca,qwen3.6-27b,T,aegislab,ts-food-service,2,0,0.25
matched_rca,qwen3.6-27b,T,aegislab,ts-gateway-service,2,0,0
matched_rca,qwen3.6-27b,T,aegislab,ts-inside-payment-service,2,2,1
matched_rca,qwen3.6-27b,T,aegislab,ts-order-service,2,1,0.625
matched_rca,qwen3.6-27b,T,aegislab,ts-admin-travel-service,2,0,0.25
matched_rca,qwen3.6-27b,T,aegislab,ts-admin-user-service,2,0,0.25
direct_rca,qwen3.8-27b,P,aiops2022,checkoutservice,2,0,0.16666667
direct_rca,qwen3.8-27b,P,aiops2022,checkoutservice-0,2,0,0.41666667
direct_rca,qwen3.8-27b,P,aiops2022,checkoutservice-1,2,0,0.16666667
ledger_handoff_rca,gemma-4-26b-a4b,L_vis,re2_tt,ts-preserve-other-mongo,2,0,0
ledger_handoff_rca,gemma-4-26b-a4b,L_vis,re2_ob,gke-gke-cluster-default-pool-2e1807ce-w819,2,0,0
ledger_handoff_rca,gemma-4-26b-a4b,L_vis,re2_ob,adservice,2,0,0
matched_rca,qwen3.6-27b,T,aegislab,ts-payment-service,2,0,0
matched_rca,qwen3.6-27b,T,aegislab,ts-security-service,2,0,0.29166667
matched_rca,qwen3.8-27b,T,aiops2025,k8s-master2,2,0,0.1
matched_rca,qwen3.8-27b,T,aiops2025,node-1,2,0,0
matched_rca,qwen3.8-27b,T,aiops2025,node-4,2,1,0.5
direct_rca,qwen3.8-27b,H,aiops2022,cartservice-0,2,1,0.6
direct_rca,qwen3.8-27b,H,aegislab,ts-travel-service,2,0,0.29166667
direct_rca,qwen3.8-27b,H,aegislab,ts-user-service,2,1,0.5
direct_rca,qwen3.8-27b,H,aegislab,ts-train-food-service,2,0,0.1
direct_rca,qwen3.8-27b,H,aegislab,ts-train-service,2,0,0.25
ledger_handoff_rca,qwen3.6-27b,L_hyb,aiops2022,cartservice,2,1,0.5
ledger_handoff_rca,qwen3.6-27b,L_hyb,aiops2022,cartservice-0,2,0,0.25
ledger_handoff_rca,qwen3.6-27b,L_hyb,aiops2022,checkoutservice,2,0,0.25
direct_rca,qwen3.8-27b,H,aiops2022,paymentservice,2,0,0
direct_rca,qwen3.8-27b,H,aiops2022,emailservice-1,2,2,1
direct_rca,qwen3.8-27b,H,aiops2022,frontend,2,1,0.5
matched_rca,qwen3.8-27b,T,re2_ob,frontend-external,2,0,0.29166667
matched_rca,qwen3.8-27b,T,aiops2025,shippingservice,2,0,0
ledger_handoff_rca,qwen3.6-27b,L_hyb,aegislab,ts-inside-payment-service,2,2,1
ledger_handoff_rca,qwen3.6-27b,L_hyb,aegislab,ts-basic-service,2,0,0.25
ledger_handoff_rca,qwen3.6-27b,L_hyb,aegislab,ts-config-service,2,1,0.66666667
ledger_handoff_rca,qwen3.6-27b,L_hyb,aegislab,ts-admin-order-service,2,0,0.25
ledger_handoff_rca,qwen3.6-27b,L_hyb,aiops2022,emailservice-1,2,1,0.5
ledger_handoff_rca,qwen3.6-27b,L_hyb,aiops2022,frontend,2,1,0.5
ledger_handoff_rca,qwen3.6-27b,L_hyb,aiops2022,frontend-1,2,1,0.5
ledger_handoff_rca,qwen3.6-27b,L_hyb,aiops2022,adservice2-0,2,1,0.5
direct_rca,qwen3.8-27b,H,aiops2025,node-8,2,0,0
direct_rca,qwen3.8-27b,H,aiops2025,hipstershop,2,0,0.25
direct_rca,qwen3.8-27b,H,aiops2025,node-4,2,1,0.5
direct_rca,qwen3.8-27b,H,aiops2025,checkoutservice,2,2,1
direct_rca,qwen3.8-27b,H,re2_tt,ts-food-map-mongo,2,0,0.25
direct_rca,qwen3.8-27b,H,re2_tt,gke-gke-cluster-tt-default-pool-ca598206-tj63,2,0,0.375
matched_rca,qwen3.6-27b,T,aegislab,ts-avatar-service,2,0,0
ledger_handoff_rca,qwen3.6-27b,L_hyb,aegislab,ts-gateway-service,2,0,0
matched_rca,qwen3.8-27b,V,aegislab,ts-payment-service,2,0,0
matched_rca,qwen3.8-27b,V,aegislab,ts-price-service,2,2,1
matched_rca,qwen3.8-27b,V,aegislab,ts-route-plan-service,2,0,0.16666667
matched_rca,qwen3.8-27b,V,aegislab,ts-delivery-service,2,0,0.16666667
matched_rca,qwen3.8-27b,V,aegislab,ts-food-service,2,0,0
matched_rca,qwen3.8-27b,V,aegislab,ts-notification-service,2,0,0.1
matched_rca,qwen3.8-27b,V,aegislab,ts-auth-service,2,2,1
direct_rca,qwen3.8-27b,H,aiops2022,checkoutservice-2,2,1,0.5
ledger_handoff_rca,qwen3.6-27b,L_hyb,aiops2025,checkoutservice-2,2,0,0
ledger_handoff_rca,qwen3.6-27b,L_hyb,aiops2025,currencyservice,2,0,0
ledger_handoff_rca,qwen3.6-27b,L_hyb,aiops2025,currencyservice-0,2,0,0.29166667
direct_rca,qwen3.8-27b,F,re2_tt,ts-ui-dashboard,2,0,0.16666667
direct_rca,qwen3.8-27b,H,aegislab,loadgenerator,2,0,0
matched_rca,qwen3.8-27b,V,aegislab,ts-station-food-service,2,1,0.5
matched_rca,qwen3.8-27b,V,aegislab,ts-travel2-service,2,0,0.16666667
matched_rca,qwen3.8-27b,V,aegislab,ts-order-service,2,1,0.5
direct_rca,qwen3.8-27b,H,aiops2022,,2,0,0
ledger_handoff_rca,qwen3.6-27b,L_hyb,aegislab,ts-user-service,2,1,0.6
ledger_handoff_rca,qwen3.6-27b,L_hyb,aegislab,ts-route-plan-service,2,0,0
ledger_handoff_rca,qwen3.6-27b,L_hyb,aegislab,ts-station-food-service,2,0,0
matched_rca,qwen3.6-27b,R,re2_tt,ts-preserve-service,2,0,0.25
matched_rca,qwen3.6-27b,R,re2_tt,gke-gke-cluster-tt-default-pool-ca598206-g5tp,2,0,0
matched_rca,qwen3.6-27b,R,re2_ob,gke-gke-cluster-default-pool-2e1807ce-0e4z,2,0,0.375
matched_rca,qwen3.6-27b,R,aiops2025,shippingservice,2,1,0.5
matched_rca,qwen3.8-27b,T,re2_tt,ts-travel2-service,2,0,0.375
matched_rca,qwen3.8-27b,T,re2_tt,ts-ui-dashboard,2,0,0.33333333
matched_rca,qwen3.8-27b,T,re2_tt,ts-seat-service,2,0,0.41666667
matched_rca,qwen3.8-27b,T,re2_tt,ts-inside-payment-service,2,0,0
matched_rca,qwen3.8-27b,T,re2_tt,ts-payment-service,2,0,0.25
matched_rca,qwen3.8-27b,T,re2_tt,ts-food-map-mongo,2,0,0.25
direct_rca,qwen3.8-27b,H,aiops2022,recommendationservice2,2,0,0
direct_rca,qwen3.8-27b,H,aiops2022,shippingservice2-0,2,0,0.25
matched_rca,qwen3.8-27b,V,aiops2022,node-1,2,0,0.25
matched_rca,qwen3.8-27b,V,aiops2022,emailservice2,2,0,0
matched_rca,qwen3.8-27b,V,aiops2022,cartservice-0,2,1,0.5
matched_rca,qwen3.8-27b,V,aiops2022,checkoutservice-0,2,2,1
matched_rca,qwen3.8-27b,V,aiops2022,checkoutservice-1,2,0,0.25
matched_rca,qwen3.8-27b,V,aiops2022,checkoutservice2,2,0,0.5
matched_rca,qwen3.8-27b,V,aiops2022,adservice-0,2,1,0.5
direct_rca,qwen3.8-27b,H,aegislab,ts-inside-payment-service,2,1,0.75
matched_rca,qwen3.6-27b,R,aiops2025,checkoutservice-2,2,0,0.25
matched_rca,qwen3.6-27b,R,aiops2025,currencyservice,2,0,0
matched_rca,qwen3.6-27b,R,aiops2025,emailservice,2,0,0
matched_rca,qwen3.6-27b,R,aiops2022,productcatalogservice-2,2,1,0.5
direct_rca,qwen3.8-27b,F,re2_tt,gke-gke-cluster-tt-default-pool-ca598206-tj63,2,0,0.25
direct_rca,qwen3.8-27b,F,re2_ob,shippingservice,2,0,0.25
matched_rca,qwen3.8-27b,V,aiops2022,frontend-2,2,1,0.5
matched_rca,qwen3.8-27b,V,aiops2022,istio-ingressgateway-565bffd4d-4nr6v,2,0,0.16666667
ledger_handoff_rca,qwen3.6-27b,L_hyb,aiops2022,node-2,2,1,0.625
matched_rca,qwen3.6-27b,R,aiops2025,node-5,2,1,0.5
matched_rca,qwen3.6-27b,R,aiops2025,paymentservice,2,0,0
matched_rca,qwen3.6-27b,R,aiops2025,paymentservice-2,2,0,0
matched_rca,qwen3.6-27b,R,aiops2025,k8s-master1,2,0,0.25
matched_rca,qwen3.6-27b,R,aiops2025,k8s-master2,2,0,0.25
matched_rca,qwen3.6-27b,R,aiops2025,node-1,2,0,0
matched_rca,qwen3.6-27b,R,aiops2025,cartservice,2,0,0.16666667
direct_rca,qwen3.8-27b,H,aiops2022,currencyservice,2,0,0.1
direct_rca,qwen3.8-27b,H,aiops2022,currencyservice-2,2,2,1
direct_rca,qwen3.8-27b,H,aiops2022,cartservice,2,1,0.5
ledger_handoff_rca,qwen3.6-27b,L_hyb,aiops2025,emailservice,2,0,0
ledger_handoff_rca,qwen3.6-27b,L_hyb,aiops2022,shippingservice,2,0,0.16666667
ledger_handoff_rca,qwen3.6-27b,L_hyb,aiops2025,adservice-0,2,1,0.75
ledger_handoff_rca,qwen3.6-27b,L_hyb,aiops2022,paymentservice-0,2,0,0.16666667
ledger_handoff_rca,qwen3.6-27b,L_hyb,aiops2022,productcatalogservice-2,2,1,0.5
matched_rca,qwen3.8-27b,V,aiops2025,redis-cart,2,0,0
direct_rca,qwen3.8-27b,F,aiops2025,adservice-0,2,1,0.5
direct_rca,qwen3.8-27b,F,aiops2025,adservice-1,2,0,0.25
direct_rca,qwen3.8-27b,F,aiops2022,paymentservice,2,0,0.16666667
direct_rca,qwen3.8-27b,F,aiops2022,productcatalogservice-1,2,1,0.66666667
direct_rca,qwen3.8-27b,F,aiops2022,istio-ingressgateway,2,0,0
matched_rca,qwen3.8-27b,V,aiops2025,k8s-master1,2,0,0
matched_rca,qwen3.8-27b,V,aiops2025,node-7,2,1,0.66666667
ledger_handoff_rca,qwen3.6-27b,L_hyb,aiops2025,paymentservice-2,2,0,0
ledger_handoff_rca,qwen3.6-27b,L_hyb,aiops2025,frontend-1,2,0,0.25
ledger_handoff_rca,qwen3.6-27b,L_hyb,aiops2025,k8s-master1,2,0,0.5
ledger_handoff_rca,qwen3.6-27b,L_hyb,aiops2025,k8s-master2,2,0,0.25
ledger_handoff_rca,qwen3.6-27b,L_hyb,aiops2025,node-1,2,0,0.125
ledger_handoff_rca,qwen3.6-27b,L_hyb,aiops2025,node-3,2,2,1
ledger_handoff_rca,qwen3.6-27b,L_txt,aegislab,rabbitmq,2,0,0.25
ledger_handoff_rca,qwen3.6-27b,L_hyb,re2_tt,gke-gke-cluster-tt-default-pool-ca598206-xvr3,2,0,0.25
direct_rca,qwen3.8-27b,F,aiops2025,paymentservice,2,0,0.25
direct_rca,qwen3.8-27b,F,aiops2025,productcatalogservice-1,2,2,1
ledger_handoff_rca,qwen3.6-27b,L_hyb,re2_ob,gke-gke-cluster-default-pool-2e1807ce-0e4z,2,0,0.25
ledger_handoff_rca,qwen3.6-27b,L_hyb,re2_ob,gke-gke-cluster-default-pool-2e1807ce-w819,2,0,0.41666667
ledger_handoff_rca,qwen3.6-27b,L_hyb,aiops2025,shippingservice,2,1,0.66666667
ledger_handoff_rca,qwen3.6-27b,L_hyb,aiops2025,node-5,2,1,0.5
ledger_handoff_rca,qwen3.6-27b,L_hyb,aiops2025,node-8,2,1,0.75
ledger_handoff_rca,qwen3.6-27b,L_hyb,aiops2025,paymentservice-0,2,1,0.5
direct_rca,qwen3.8-27b,H,aegislab,ts-order-service,2,2,1
direct_rca,qwen3.8-27b,H,aegislab,ts-gateway-service,2,0,0.1
direct_rca,qwen3.8-27b,H,aegislab,ts-auth-service,2,2,1
direct_rca,qwen3.8-27b,H,aegislab,ts-avatar-service,2,0,0
matched_rca,qwen3.8-27b,V,aiops2022,node-4,2,0,0
direct_rca,qwen3.8-27b,F,re2_ob,gke-gke-cluster-default-pool-2e1807ce-0e4z,2,0,0.25
direct_rca,qwen3.8-27b,F,aiops2025,shippingservice,2,0,0.16666667
direct_rca,qwen3.8-27b,F,re2_ob,cartservice,2,0,0.5
matched_rca,qwen3.8-27b,V,re2_ob,frontend-external,2,0,0.35
matched_rca,qwen3.8-27b,V,re2_ob,adservice,2,0,0.41666667
visual_counterfactual_rca,gemma-4-26b-a4b,H_factual,aegislab,ts-avatar-service,2,0,0
direct_rca,qwen3.8-27b,F,aegislab,ts-security-service,2,0,0.125
direct_rca,qwen3.8-27b,F,aegislab,ts-station-food-service,2,0,0
direct_rca,qwen3.8-27b,F,aegislab,ts-train-service,2,0,0.25
direct_rca,qwen3.8-27b,F,aegislab,ts-inside-payment-service,2,1,0.75
direct_rca,qwen3.8-27b,F,aegislab,ts-payment-service,2,0,0
matched_rca,qwen3.6-27b,R,aegislab,ts-order-other-service,2,2,1
matched_rca,qwen3.6-27b,R,aegislab,ts-order-service,2,0,0.25
direct_rca,qwen3.8-27b,F,aiops2022,currencyservice-2,2,2,1
direct_rca,qwen3.8-27b,F,aiops2022,adservice-0,2,1,0.5
direct_rca,qwen3.8-27b,F,aiops2022,adservice-2,2,1,0.625
direct_rca,qwen3.8-27b,F,aiops2022,cartservice-0,2,0,0
direct_rca,qwen3.8-27b,F,aegislab,ts-verification-code-service,2,0,0.16666667
matched_rca,qwen3.8-27b,V,re2_ob,shippingservice,2,0,0.41666667
matched_rca,qwen3.6-27b,R,aiops2022,emailservice2,2,0,0
matched_rca,qwen3.6-27b,R,aiops2022,adservice-2,2,0,0
matched_rca,qwen3.6-27b,R,aiops2022,cartservice-1,2,0,0
matched_rca,qwen3.6-27b,R,aiops2022,checkoutservice,2,0,0.25
matched_rca,qwen3.6-27b,R,aegislab,ts-station-food-service,2,0,0
matched_rca,qwen3.6-27b,R,aegislab,ts-user-service,2,1,0.66666667
matched_rca,qwen3.6-27b,R,aiops2022,adservice-0,2,0,0.41666667
matched_rca,qwen3.6-27b,R,aiops2022,adservice-1,2,2,1
matched_rca,qwen3.8-27b,V,aiops2025,node-8,2,1,0.5
matched_rca,qwen3.8-27b,V,aiops2025,emailservice,2,0,0.41666667
matched_rca,qwen3.8-27b,V,aiops2025,adservice-1,2,1,0.5
matched_rca,qwen3.8-27b,V,aiops2025,cartservice,2,0,0
matched_rca,qwen3.6-27b,R,aiops2022,paymentservice-0,2,0,0
matched_rca,qwen3.6-27b,R,aiops2022,frontend,2,1,0.5
matched_rca,qwen3.6-27b,R,aiops2022,frontend-2,2,1,0.5
matched_rca,qwen3.6-27b,R,aiops2022,emailservice-0,2,0,0
visual_counterfactual_rca,gemma-4-26b-a4b,H_factual,aiops2022,checkoutservice2-0,2,0,0.5
visual_counterfactual_rca,gemma-4-26b-a4b,H_factual,aiops2022,emailservice-0,2,0,0
visual_counterfactual_rca,gemma-4-26b-a4b,H_factual,aiops2022,frontend,2,0,0
visual_counterfactual_rca,gemma-4-26b-a4b,H_factual,aiops2022,cartservice2-0,2,0,0
visual_counterfactual_rca,gemma-4-26b-a4b,H_factual,aegislab,ts-travel2-service,2,1,0.5
visual_counterfactual_rca,gemma-4-26b-a4b,H_factual,aegislab,ts-security-service,2,1,0.75
visual_counterfactual_rca,gemma-4-26b-a4b,H_factual,aegislab,ts-station-food-service,2,1,0.5
visual_counterfactual_rca,gemma-4-26b-a4b,H_factual,aegislab,ts-train-food-service,2,0,0
ledger_handoff_rca,qwen3.6-27b,L_txt,aegislab,ts-avatar-service,2,0,0
ledger_handoff_rca,qwen3.6-27b,L_txt,aegislab,ts-cancel-service,2,0,0.375
ledger_handoff_rca,qwen3.6-27b,L_txt,aiops2022,node-2,2,1,0.625
ledger_handoff_rca,qwen3.6-27b,L_txt,aiops2022,node-4,2,2,1
ledger_handoff_rca,qwen3.6-27b,L_txt,aiops2022,paymentservice-0,2,0,0
ledger_handoff_rca,qwen3.6-27b,L_txt,aiops2022,emailservice-1,2,1,0.5
ledger_handoff_rca,qwen3.6-27b,L_txt,aiops2022,frontend-2,2,1,0.5
visual_counterfactual_rca,gemma-4-26b-a4b,H_factual,aiops2022,node-2,2,1,0.5
matched_rca,qwen3.8-27b,V,re2_tt,ts-admin-order-service,2,0,0.16666667
matched_rca,qwen3.6-27b,R,aegislab,rabbitmq,2,0,0.25
matched_rca,qwen3.6-27b,R,aegislab,ts-assurance-service,2,2,1
matched_rca,qwen3.6-27b,R,aegislab,ts-basic-service,2,0,0.25
ledger_handoff_rca,qwen3.6-27b,L_txt,aegislab,ts-user-service,2,1,0.6
ledger_handoff_rca,qwen3.6-27b,L_txt,aegislab,ts-order-other-service,2,2,1
ledger_handoff_rca,qwen3.6-27b,L_txt,aegislab,ts-contacts-service,2,0,0.5
ledger_handoff_rca,qwen3.6-27b,L_txt,aegislab,ts-inside-payment-service,2,2,1
direct_rca,qwen3.8-27b,F,aegislab,ts-cancel-service,2,0,0.41666667
direct_rca,qwen3.8-27b,F,aegislab,ts-consign-service,2,2,1
direct_rca,qwen3.8-27b,F,aegislab,ts-contacts-service,2,0,0.25
direct_rca,qwen3.8-27b,F,aegislab,ts-auth-service,2,2,1
matched_rca,qwen3.8-27b,V,re2_tt,ts-preserve-other-service,2,0,0
matched_rca,qwen3.8-27b,V,re2_tt,ts-basic-service,2,0,0.41666667
matched_rca,qwen3.8-27b,V,re2_tt,ts-contacts-mongo,2,0,0
matched_rca,qwen3.8-27b,V,re2_tt,gke-gke-cluster-tt-default-pool-ca598206-p3ch,2,0,0.5
visual_counterfactual_rca,gemma-4-26b-a4b,H_factual,aiops2025,hipstershop,2,0,0.25
visual_counterfactual_rca,gemma-4-26b-a4b,H_factual,aiops2025,k8s-master2,2,0,0
visual_counterfactual_rca,gemma-4-26b-a4b,H_factual,aiops2025,checkoutservice-0,2,1,0.5
visual_counterfactual_rca,gemma-4-26b-a4b,H_factual,aiops2025,currencyservice-0,2,0,0
visual_counterfactual_rca,gemma-4-26b-a4b,H_factual,aiops2025,emailservice,2,0,0
visual_counterfactual_rca,gemma-4-26b-a4b,H_factual,aiops2022,shippingservice2-0,2,1,0.5
visual_counterfactual_rca,gemma-4-26b-a4b,H_factual,aiops2025,adservice,2,1,0.5
direct_rca,qwen3.6-27b,V,re2_tt,ts-payment-service,2,0,0.16666667
ledger_handoff_rca,qwen3.6-27b,L_txt,aiops2025,frontend-1,2,0,0.25
direct_rca,qwen3.6-27b,V,aiops2025,productcatalogservice,2,0,0
direct_rca,qwen3.6-27b,V,aiops2025,redis-cart-0,2,0,0.41666667
visual_counterfactual_rca,gemma-4-26b-a4b,H_factual,aiops2025,k8s-master3,2,0,0
visual_counterfactual_rca,gemma-4-26b-a4b,H_factual,aiops2025,node-5,2,1,0.5
visual_counterfactual_rca,gemma-4-26b-a4b,H_factual,aiops2025,node-7,2,0,0.16666667
visual_counterfactual_rca,gemma-4-26b-a4b,H_factual,aiops2025,frontend,2,0,0
visual_counterfactual_rca,gemma-4-26b-a4b,H_factual,aiops2025,frontend-1,2,1,0.5
matched_rca,qwen3.6-27b,P,re2_tt,ts-seat-service,2,0,0.16666667
matched_rca,qwen3.6-27b,P,re2_tt,ts-food-map-mongo,2,0,0
matched_rca,qwen3.6-27b,P,re2_tt,ts-payment-service,2,0,0
matched_rca,qwen3.6-27b,P,re2_ob,redis,2,0,0.5
matched_rca,qwen3.6-27b,P,re2_ob,shippingservice,2,0,0.35
matched_rca,qwen3.6-27b,P,re2_tt,gke-gke-cluster-tt-default-pool-ca598206-g5tp,2,0,0
ledger_handoff_rca,qwen3.6-27b,L_txt,aiops2025,node-1,2,0,0.125
ledger_handoff_rca,qwen3.6-27b,L_txt,aiops2025,frontend-0,2,0,0.35
visual_counterfactual_rca,gemma-4-26b-a4b,H_factual,aegislab,ts-order-other-service,2,2,1
visual_counterfactual_rca,gemma-4-26b-a4b,H_factual,aegislab,ts-order-service,2,2,1
visual_counterfactual_rca,gemma-4-26b-a4b,H_factual,aegislab,ts-cancel-service,2,0,0
visual_counterfactual_rca,gemma-4-26b-a4b,H_factual,aegislab,ts-consign-service,2,1,0.5
ledger_handoff_rca,qwen3.6-27b,L_txt,aiops2022,checkoutservice,2,0,0.25
ledger_handoff_rca,qwen3.6-27b,L_txt,aiops2022,adservice2-0,2,1,0.5
ledger_handoff_rca,qwen3.6-27b,L_txt,aiops2022,cartservice-0,2,0,0.35
ledger_handoff_rca,qwen3.6-27b,L_txt,aiops2022,cartservice-1,2,0,0
matched_rca,qwen3.6-27b,P,aiops2025,checkoutservice,2,1,0.75
direct_rca,qwen3.6-27b,V,aiops2022,frontend-1,2,0,0
direct_rca,qwen3.6-27b,V,aiops2022,cartservice2-0,2,0,0.41666667
direct_rca,qwen3.6-27b,V,aiops2022,checkoutservice,2,0,0.41666667
direct_rca,qwen3.6-27b,V,aiops2022,checkoutservice-2,2,0,0
direct_rca,qwen3.6-27b,V,aegislab,ts-user-service,2,1,0.5
direct_rca,qwen3.6-27b,V,aiops2022,adservice-1,2,2,1
visual_counterfactual_rca,gemma-4-26b-a4b,H_factual,re2_tt,ts-food-service,2,0,0
matched_rca,qwen3.6-27b,P,re2_ob,frontend-external,2,0,0.25
matched_rca,qwen3.6-27b,P,re2_ob,gke-gke-cluster-default-pool-2e1807ce-0e4z,2,0,0.5
matched_rca,qwen3.6-27b,P,aiops2025,redis-cart,2,0,0.16666667
matched_rca,qwen3.6-27b,P,aiops2025,k8s-master3,2,0,0.25
matched_rca,qwen3.6-27b,P,aiops2025,node-4,2,1,0.5
matched_rca,qwen3.6-27b,P,aiops2025,node-7,2,0,0.125
matched_rca,qwen3.6-27b,P,aiops2025,node-8,2,1,0.5
matched_rca,qwen3.6-27b,P,aiops2025,cartservice,2,0,0.16666667
direct_rca,qwen3.6-27b,V,aiops2025,currencyservice-1,2,0,0.1
direct_rca,qwen3.6-27b,V,aiops2022,paymentservice-0,2,0,0
direct_rca,qwen3.6-27b,V,aiops2025,tidb-pd,2,0,0
ledger_handoff_rca,qwen3.6-27b,L_txt,aiops2025,k8s-master1,2,0,0.5
ledger_handoff_rca,qwen3.6-27b,L_txt,aiops2025,cartservice-0,2,1,0.5
ledger_handoff_rca,qwen3.6-27b,L_txt,aiops2025,currencyservice,2,0,0
ledger_handoff_rca,qwen3.6-27b,L_txt,aiops2022,productcatalogservice-2,2,1,0.5
ledger_handoff_rca,qwen3.6-27b,L_txt,aiops2022,shippingservice,2,0,0.16666667
direct_rca,qwen3.6-27b,V,re2_tt,ts-preserve-service,2,0,0.1
direct_rca,qwen3.6-27b,V,re2_tt,ts-security-service,2,0,0
visual_counterfactual_rca,gemma-4-26b-a4b,H_factual,aiops2025,productcatalogservice-1,2,0,0
direct_rca,qwen3.6-27b,V,aiops2025,k8s-master2,2,0,0.375
direct_rca,qwen3.6-27b,V,aiops2025,node-2,2,0,0.16666667
direct_rca,qwen3.6-27b,V,aiops2025,node-6,2,1,0.5
direct_rca,qwen3.6-27b,V,aiops2025,emailservice,2,0,0
direct_rca,qwen3.6-27b,V,aiops2025,frontend-1,2,1,0.66666667
direct_rca,qwen3.6-27b,V,aiops2022,frontend2,2,0,0.25
direct_rca,qwen3.6-27b,V,aiops2022,istio-egressgateway-7bfdcc9d86-22q7z,2,0,0.25
direct_rca,qwen3.6-27b,V,aiops2022,node-4,2,0,0.16666667
direct_rca,qwen3.6-27b,V,aiops2022,emailservice-1,2,1,0.5
direct_rca,qwen3.6-27b,V,aiops2022,emailservice2-0,2,0,0
direct_rca,qwen3.6-27b,V,aegislab,ts-admin-order-service,2,0,0.41666667
direct_rca,qwen3.6-27b,T,re2_tt,ts-preserve-other-service,2,0,0
direct_rca,qwen3.6-27b,T,re2_tt,ts-seat-service,2,0,0.33333333
direct_rca,qwen3.6-27b,V,aegislab,ts-payment-service,2,0,0
direct_rca,qwen3.6-27b,V,aegislab,ts-config-service,2,2,1
direct_rca,qwen3.6-27b,V,aegislab,ts-consign-service,2,1,0.5
direct_rca,qwen3.6-27b,V,aegislab,ts-food-delivery-service,2,0,0.41666667
visual_counterfactual_rca,gemma-4-26b-a4b,H_neutral,aegislab,ts-inside-payment-service,2,2,1
visual_counterfactual_rca,gemma-4-26b-a4b,H_neutral,aegislab,ts-auth-service,2,2,1
visual_counterfactual_rca,gemma-4-26b-a4b,H_neutral,aegislab,ts-avatar-service,2,0,0
visual_counterfactual_rca,gemma-4-26b-a4b,H_factual,re2_tt,ts-seat-service,2,0,0
ledger_handoff_rca,qwen3.6-27b,L_vis,aegislab,ts-inside-payment-service,2,2,1
ledger_handoff_rca,qwen3.6-27b,L_vis,aegislab,ts-notification-service,2,0,0.25
ledger_handoff_rca,qwen3.6-27b,L_vis,aegislab,rabbitmq,2,0,0.25
ledger_handoff_rca,qwen3.6-27b,L_txt,re2_tt,ts-preserve-other-service,2,0,0.35
direct_rca,qwen3.6-27b,V,aegislab,ts-station-food-service,2,0,0
direct_rca,qwen3.6-27b,V,aegislab,ts-food-service,2,2,1
direct_rca,qwen3.6-27b,V,aegislab,ts-gateway-service,2,0,0
direct_rca,qwen3.6-27b,V,aegislab,ts-order-other-service,2,1,0.5
visual_counterfactual_rca,gemma-4-26b-a4b,H_factual,re2_tt,ts-preserve-other-service,2,0,0
visual_counterfactual_rca,gemma-4-26b-a4b,H_factual,re2_tt,ts-basic-service,2,0,0
visual_counterfactual_rca,gemma-4-26b-a4b,H_factual,aiops2025,shippingservice-0,2,0,0
visual_counterfactual_rca,gemma-4-26b-a4b,H_factual,aiops2025,tidb-pd,2,0,0
ledger_handoff_rca,qwen3.6-27b,L_txt,re2_tt,gke-gke-cluster-tt-default-pool-ca598206-xvr3,2,0,0.375
ledger_handoff_rca,qwen3.6-27b,L_txt,re2_ob,gke-gke-cluster-default-pool-2e1807ce-0e4z,2,0,0.375
ledger_handoff_rca,qwen3.6-27b,L_txt,aiops2025,paymentservice,2,0,0
ledger_handoff_rca,qwen3.6-27b,L_txt,aiops2025,paymentservice-2,2,0,0
ledger_handoff_rca,qwen3.6-27b,L_vis,aiops2022,adservice2-0,2,1,0.5
direct_rca,qwen3.6-27b,T,aiops2022,paymentservice-0,2,0,0
visual_counterfactual_rca,gemma-4-26b-a4b,H_neutral,re2_tt,ts-admin-user-service,2,0,0.16666667
visual_counterfactual_rca,gemma-4-26b-a4b,H_neutral,re2_tt,ts-food-service,2,0,0.25
visual_counterfactual_rca,gemma-4-26b-a4b,H_neutral,aiops2025,productcatalogservice-0,2,1,0.5
visual_counterfactual_rca,gemma-4-26b-a4b,H_neutral,aiops2025,tidb-pd,2,0,0
visual_counterfactual_rca,gemma-4-26b-a4b,H_neutral,aiops2025,node-7,2,1,0.5
direct_rca,qwen3.6-27b,T,re2_ob,frontend-external,2,0,0.16666667
matched_rca,qwen3.6-27b,P,aiops2022,productcatalogservice,2,0,0
matched_rca,qwen3.6-27b,P,aiops2022,emailservice,2,0,0
matched_rca,qwen3.6-27b,P,aiops2022,frontend-0,2,1,0.5
matched_rca,qwen3.6-27b,P,aiops2022,frontend-1,2,0,0
matched_rca,qwen3.6-27b,P,aiops2022,cartservice2-0,2,0,0.25
matched_rca,qwen3.6-27b,P,aiops2022,checkoutservice,2,2,1
ledger_handoff_rca,qwen3.6-27b,L_vis,aiops2022,checkoutservice-1,2,1,0.75
ledger_handoff_rca,qwen3.6-27b,L_vis,aiops2022,adservice-2,2,1,0.5
visual_counterfactual_rca,gemma-4-26b-a4b,H_neutral,aiops2025,emailservice,2,0,0
visual_counterfactual_rca,gemma-4-26b-a4b,H_neutral,aiops2025,hipstershop,2,0,0
visual_counterfactual_rca,gemma-4-26b-a4b,H_neutral,aiops2025,k8s-master3,2,0,0
visual_counterfactual_rca,gemma-4-26b-a4b,H_neutral,aiops2022,node-6,2,0,0
visual_counterfactual_rca,gemma-4-26b-a4b,H_neutral,aiops2025,adservice,2,0,0
direct_rca,qwen3.6-27b,T,re2_tt,ts-travel2-service,2,0,0.5
ledger_handoff_rca,qwen3.6-27b,L_txt,re2_tt,ts-preserve-service,2,0,0.25
matched_rca,qwen3.6-27b,P,aiops2022,node-2,2,1,0.5
direct_rca,qwen3.6-27b,T,re2_tt,gke-gke-cluster-tt-default-pool-ca598206-p3ch,2,0,0.5
visual_counterfactual_rca,gemma-4-26b-a4b,H_neutral,aiops2022,cartservice-1,2,1,0.5
visual_counterfactual_rca,gemma-4-26b-a4b,H_neutral,aegislab,ts-travel2-service,2,2,1
visual_counterfactual_rca,gemma-4-26b-a4b,H_neutral,aegislab,ts-security-service,2,2,1
visual_counterfactual_rca,gemma-4-26b-a4b,H_neutral,aegislab,ts-station-food-service,2,1,0.5
direct_rca,qwen3.6-27b,T,aiops2025,paymentservice-2,2,0,0
direct_rca,qwen3.6-27b,T,aiops2025,productcatalogservice-1,2,2,1
direct_rca,qwen3.6-27b,T,aiops2025,node-5,2,1,0.5
visual_counterfactual_rca,gemma-4-26b-a4b,H_placebo,aiops2022,emailservice-0,2,0,0
visual_counterfactual_rca,gemma-4-26b-a4b,H_placebo,aiops2022,frontend,2,0,0
visual_counterfactual_rca,gemma-4-26b-a4b,H_placebo,aiops2022,frontend-1,2,0,0
visual_counterfactual_rca,gemma-4-26b-a4b,H_placebo,aiops2022,cartservice-0,2,0,0
visual_counterfactual_rca,gemma-4-26b-a4b,H_placebo,aegislab,ts-travel-service,2,2,1
visual_counterfactual_rca,gemma-4-26b-a4b,H_placebo,aegislab,ts-travel2-service,2,1,0.5
visual_counterfactual_rca,gemma-4-26b-a4b,H_placebo,aegislab,ts-ui-dashboard,2,0,0
visual_counterfactual_rca,gemma-4-26b-a4b,H_placebo,aiops2022,adservice-0,2,1,0.5
matched_rca,qwen3.6-27b,H,re2_tt,ts-payment-service,2,0,0.16666667
matched_rca,qwen3.6-27b,H,re2_ob,gke-gke-cluster-default-pool-2e1807ce-0e4z,2,0,0.125
matched_rca,qwen3.6-27b,H,re2_ob,gke-gke-cluster-default-pool-2e1807ce-cx8g,2,0,0.375
matched_rca,qwen3.6-27b,H,re2_ob,gke-gke-cluster-default-pool-2e1807ce-w819,2,0,0.5
matched_rca,qwen3.6-27b,H,re2_ob,redis,2,0,0.5
direct_rca,qwen3.6-27b,T,aegislab,ts-security-service,2,0,0.41666667
direct_rca,qwen3.6-27b,T,aegislab,ts-station-food-service,2,0,0
direct_rca,qwen3.6-27b,T,aegislab,ts-order-service,2,2,1
matched_rca,qwen3.6-27b,P,aiops2022,cartservice,2,1,0.75
matched_rca,qwen3.6-27b,P,aiops2022,cartservice-1,2,0,0
matched_rca,qwen3.6-27b,P,aegislab,ts-train-food-service,2,0,0.16666667
matched_rca,qwen3.6-27b,P,aegislab,ts-travel2-service,2,0,0.26666667
matched_rca,qwen3.6-27b,P,aegislab,ts-seat-service,2,1,0.75
matched_rca,qwen3.6-27b,H,re2_tt,ts-travel2-service,2,0,0.375
matched_rca,qwen3.6-27b,H,re2_tt,ts-ui-dashboard,2,0,0.26666667
matched_rca,qwen3.6-27b,P,aegislab,ts-basic-service,2,1,0.5
direct_rca,qwen3.6-27b,T,aiops2022,adservice-0,2,1,0.625
visual_counterfactual_rca,gemma-4-26b-a4b,H_placebo,aegislab,ts-inside-payment-service,2,2,1
visual_counterfactual_rca,gemma-4-26b-a4b,H_neutral,re2_tt,ts-seat-service,2,0,0
direct_rca,qwen3.6-27b,T,aiops2025,frontend-0,2,0,0.16666667
direct_rca,qwen3.6-27b,T,aiops2025,k8s-master2,2,0,0.1
ledger_handoff_rca,qwen3.6-27b,L_vis,aegislab,ts-security-service,2,0,0.41666667
ledger_handoff_rca,qwen3.6-27b,L_vis,aegislab,ts-station-food-service,2,0,0
matched_rca,qwen3.6-27b,P,aiops2022,adservice-2,2,1,0.5
visual_counterfactual_rca,gemma-4-26b-a4b,H_placebo,aiops2025,frontend,2,0,0.1
visual_counterfactual_rca,gemma-4-26b-a4b,H_placebo,aiops2022,shippingservice2-0,2,0,0
visual_counterfactual_rca,gemma-4-26b-a4b,H_placebo,aiops2022,node-2,2,1,0.5
visual_counterfactual_rca,gemma-4-26b-a4b,H_placebo,aiops2022,node-6,2,0,0
direct_rca,qwen3.6-27b,T,aegislab,ts-travel-service,2,0,0.41666667
direct_rca,qwen3.6-27b,T,aegislab,ts-price-service,2,2,1
direct_rca,qwen3.6-27b,R,aiops2025,tidb-pd,2,0,0
visual_counterfactual_rca,gemma-4-26b-a4b,H_placebo,re2_tt,ts-basic-service,2,0,0
matched_rca,qwen3.6-27b,H,aiops2025,redis-cart,2,0,0.16666667
matched_rca,qwen3.6-27b,H,aiops2025,node-1,2,0,0
matched_rca,qwen3.6-27b,H,aiops2025,node-4,2,1,0.5
direct_rca,qwen3.6-27b,R,re2_tt,ts-seat-service,2,0,0.26666667
direct_rca,qwen3.6-27b,R,re2_tt,ts-security-service,2,0,0.125
direct_rca,qwen3.6-27b,R,re2_tt,ts-basic-service,2,0,0.25
visual_counterfactual_rca,gemma-4-26b-a4b,H_placebo,aiops2025,node-1,2,0,0
visual_counterfactual_rca,gemma-4-26b-a4b,H_placebo,aiops2025,cartservice-1,2,1,0.5
direct_rca,qwen3.6-27b,T,aiops2022,checkoutservice-0,2,2,1
direct_rca,qwen3.6-27b,T,aegislab,ts-user-service,2,1,0.5
ledger_handoff_rca,qwen3.6-27b,L_vis,aiops2022,node-1,2,0,0.125
ledger_handoff_rca,qwen3.6-27b,L_vis,aiops2022,node-2,2,1,0.66666667
ledger_handoff_rca,qwen3.6-27b,L_vis,aiops2022,paymentservice-0,2,0,0.16666667
ledger_handoff_rca,qwen3.6-27b,L_vis,aiops2022,frontend-2,2,1,0.5
ledger_handoff_rca,qwen3.6-27b,L_vis,aiops2022,emailservice,2,0,0
matched_rca,qwen3.6-27b,H,re2_ob,cartservice,2,0,0.41666667
visual_counterfactual_rca,gemma-4-26b-a4b,H_placebo,aegislab,ts-station-food-service,2,1,0.5
visual_counterfactual_rca,gemma-4-26b-a4b,H_placebo,aegislab,ts-train-food-service,2,0,0
direct_rca,qwen3.6-27b,T,aiops2022,frontend-0,2,0,0.16666667
direct_rca,qwen3.6-27b,T,aiops2022,node-2,2,1,0.5
direct_rca,qwen3.6-27b,T,aiops2022,currencyservice-2,2,2,1
direct_rca,qwen3.6-27b,T,aiops2022,currencyservice2,2,0,0.1
direct_rca,qwen3.6-27b,T,aiops2022,frontend,2,1,0.5
direct_rca,qwen3.6-27b,T,aiops2022,cartservice2-0,2,0,0.25
visual_counterfactual_rca,gemma-4-26b-a4b,H_targeted,aegislab,ts-cancel-service,2,0,0
visual_counterfactual_rca,gemma-4-26b-a4b,H_targeted,aegislab,ts-inside-payment-service,2,2,1
visual_counterfactual_rca,gemma-4-26b-a4b,H_targeted,aegislab,ts-admin-order-service,2,0,0
visual_counterfactual_rca,gemma-4-26b-a4b,H_targeted,aegislab,ts-basic-service,2,0,0.5
visual_counterfactual_rca,gemma-4-26b-a4b,H_targeted,aegislab,rabbitmq,2,0,0.25
visual_counterfactual_rca,gemma-4-26b-a4b,H_placebo,re2_tt,ts-preserve-other-service,2,0,0
visual_counterfactual_rca,gemma-4-26b-a4b,H_placebo,re2_tt,ts-seat-service,2,0,0.16666667
direct_rca,qwen3.6-27b,R,re2_ob,gke-gke-cluster-default-pool-2e1807ce-cx8g,2,0,0.41666667
ledger_handoff_rca,qwen3.6-27b,L_vis,aiops2025,frontend-0,2,1,0.66666667
ledger_handoff_rca,qwen3.6-27b,L_vis,aiops2025,frontend-1,2,1,0.75
matched_rca,qwen3.6-27b,H,aiops2022,productcatalogservice,2,0,0
matched_rca,qwen3.6-27b,H,aiops2022,shippingservice,2,0,0.1
matched_rca,qwen3.6-27b,H,aiops2022,frontend-0,2,0,0.25
matched_rca,qwen3.6-27b,H,aiops2022,frontend-2,2,1,0.5
matched_rca,qwen3.6-27b,H,aiops2022,frontend2-0,2,0,0.16666667
matched_rca,qwen3.6-27b,H,aiops2022,checkoutservice-2,2,0,0
direct_rca,qwen3.6-27b,T,aegislab,rabbitmq,2,0,0.25
direct_rca,qwen3.6-27b,R,re2_tt,ts-payment-service,2,0,0.25
direct_rca,qwen3.6-27b,R,re2_tt,ts-preserve-other-service,2,0,0.125
direct_rca,qwen3.6-27b,R,re2_tt,ts-preserve-service,2,0,0
ledger_handoff_rca,qwen3.6-27b,L_vis,aiops2025,node-5,2,1,0.5
ledger_handoff_rca,qwen3.6-27b,L_vis,aiops2025,k8s-master1,2,0,0.25
ledger_handoff_rca,qwen3.6-27b,L_vis,aiops2025,currencyservice-0,2,0,0
ledger_handoff_rca,qwen3.6-27b,L_vis,aiops2025,emailservice,2,0,0
visual_counterfactual_rca,gemma-4-26b-a4b,H_placebo,aiops2025,paymentservice-2,2,0,0
visual_counterfactual_rca,gemma-4-26b-a4b,H_placebo,aiops2025,productcatalogservice-0,2,1,0.5
visual_counterfactual_rca,gemma-4-26b-a4b,H_placebo,aiops2025,recommendationservice-2,2,0,0
visual_counterfactual_rca,gemma-4-26b-a4b,H_placebo,aiops2025,shippingservice-0,2,0,0
visual_counterfactual_rca,gemma-4-26b-a4b,H_placebo,aiops2025,node-7,2,0,0.16666667
direct_rca,qwen3.6-27b,T,aegislab,ts-admin-travel-service,2,0,0.26666667
direct_rca,qwen3.6-27b,R,re2_tt,ts-travel2-service,2,0,0.35
direct_rca,qwen3.6-27b,T,aegislab,mysql,2,1,0.6
direct_rca,qwen3.6-27b,R,aegislab,ts-payment-service,2,0,0.1
direct_rca,qwen3.6-27b,R,aegislab,ts-consign-service,2,1,0.5
direct_rca,qwen3.6-27b,R,aegislab,ts-delivery-service,2,0,0.1
direct_rca,qwen3.6-27b,R,aegislab,ts-inside-payment-service,2,2,1
visual_counterfactual_rca,gemma-4-26b-a4b,H_targeted,aiops2025,cartservice-1,2,1,0.5
visual_counterfactual_rca,gemma-4-26b-a4b,H_targeted,aiops2025,checkoutservice-2,2,1,0.5
visual_counterfactual_rca,gemma-4-26b-a4b,H_targeted,aiops2025,currencyservice-0,2,0,0.25
visual_counterfactual_rca,gemma-4-26b-a4b,H_targeted,aiops2022,shippingservice2-0,2,0,0
matched_rca,qwen3.6-27b,H,aiops2022,adservice-0,2,0,0.1
matched_rca,qwen3.6-27b,H,aiops2022,adservice-2,2,1,0.5
matched_rca,qwen3.6-27b,H,aegislab,ts-station-food-service,2,0,0.25
matched_rca,qwen3.6-27b,H,aegislab,ts-train-food-service,2,0,0.16666667
matched_rca,qwen3.6-27b,H,aegislab,ts-order-service,2,2,1
ledger_handoff_rca,qwen3.8-27b,L_hyb,aegislab,ts-consign-service,2,2,1
direct_rca,qwen3.6-27b,R,aegislab,ts-train-food-service,2,0,0.16666667
direct_rca,qwen3.6-27b,R,aegislab,ts-travel-service,2,0,0.375
direct_rca,qwen3.6-27b,R,aiops2025,productcatalogservice-2,2,0,0
direct_rca,qwen3.6-27b,R,aiops2025,node-5,2,1,0.5
direct_rca,qwen3.6-27b,R,aiops2025,node-6,2,1,0.5
ledger_handoff_rca,qwen3.6-27b,L_vis,re2_tt,__UNKNOWN_ID_AT_RANK_1__,2,0,0
ledger_handoff_rca,qwen3.6-27b,L_vis,re2_tt,gke-gke-cluster-tt-default-pool-ca598206-g5tp,2,0,0.16666667
ledger_handoff_rca,qwen3.6-27b,L_vis,re2_ob,gke-gke-cluster-default-pool-2e1807ce-w819,2,0,0.5
ledger_handoff_rca,qwen3.6-27b,L_vis,aiops2025,redis-cart-0,2,0,0.16666667
matched_rca,qwen3.6-27b,H,aegislab,ts-user-service,2,1,0.66666667
direct_rca,qwen3.6-27b,R,aiops2022,emailservice2-0,2,0,0
direct_rca,qwen3.6-27b,R,aiops2022,adservice2-0,2,1,0.5
visual_counterfactual_rca,gemma-4-26b-a4b,H_targeted,aiops2022,cartservice-0,2,1,0.5
visual_counterfactual_rca,gemma-4-26b-a4b,H_targeted,aiops2022,cartservice2-0,2,0,0.16666667
visual_counterfactual_rca,gemma-4-26b-a4b,H_targeted,aegislab,ts-travel2-service,2,1,0.5
visual_counterfactual_rca,gemma-4-26b-a4b,H_targeted,aegislab,ts-ui-dashboard,2,0,0.25
direct_rca,qwen3.6-27b,R,aiops2025,paymentservice-2,2,0,0
direct_rca,qwen3.6-27b,R,aiops2025,productcatalogservice,2,0,0
direct_rca,qwen3.6-27b,R,aegislab,ts-security-service,2,0,0
direct_rca,qwen3.6-27b,R,aegislab,ts-station-food-service,2,0,0
direct_rca,qwen3.6-27b,P,re2_ob,shippingservice,2,0,0.16666667
direct_rca,qwen3.6-27b,P,re2_ob,frontend-external,2,0,0
direct_rca,qwen3.6-27b,P,aiops2025,redis-cart,2,0,0.29166667
direct_rca,qwen3.6-27b,P,aiops2025,tidb-pd,2,0,0
direct_rca,qwen3.6-27b,P,aiops2025,redis,2,0,0
visual_counterfactual_rca,gemma-4-26b-a4b,H_targeted,aiops2025,tidb-pd,2,0,0
direct_rca,qwen3.6-27b,R,aegislab,loadgenerator,2,0,0.25
direct_rca,qwen3.6-27b,P,re2_tt,ts-preserve-service,2,0,0
direct_rca,qwen3.6-27b,P,re2_tt,ts-price-mongo,2,0,0
direct_rca,qwen3.6-27b,P,re2_tt,ts-admin-user-service,2,0,0.16666667
direct_rca,qwen3.6-27b,R,aegislab,ts-user-service,2,1,0.5
direct_rca,qwen3.6-27b,R,aiops2022,adservice-0,2,0,0
direct_rca,qwen3.6-27b,R,aiops2022,adservice-1,2,2,1
direct_rca,qwen3.6-27b,R,aiops2022,adservice-2,2,1,0.5
ledger_handoff_rca,qwen3.8-27b,L_hyb,aegislab,ts-order-service,2,1,0.75
ledger_handoff_rca,qwen3.6-27b,L_vis,re2_tt,ts-travel2-service,2,0,0.16666667
ledger_handoff_rca,qwen3.8-27b,L_hyb,aegislab,ts-admin-order-service,2,0,0.41666667
matched_rca,qwen3.6-27b,H,aegislab,ts-config-service,2,1,0.5
matched_rca,qwen3.6-27b,H,aegislab,ts-assurance-service,2,1,0.66666667
direct_rca,qwen3.6-27b,R,aegislab,ts-auth-service,2,2,1
direct_rca,qwen3.6-27b,R,aegislab,ts-cancel-service,2,0,0.33333333
direct_rca,qwen3.6-27b,P,re2_tt,ts-ui-dashboard,2,0,0.16666667
visual_counterfactual_rca,gemma-4-26b-a4b,H_targeted,aiops2022,node-6,2,0,0
visual_counterfactual_rca,gemma-4-26b-a4b,H_targeted,aiops2022,checkoutservice-0,2,2,1
visual_counterfactual_rca,gemma-4-26b-a4b,H_targeted,aiops2022,emailservice-0,2,0,0
visual_counterfactual_rca,gemma-4-26b-a4b,H_targeted,aiops2022,emailservice-1,2,1,0.5
visual_counterfactual_rca,gemma-4-26b-a4b,H_targeted,aiops2022,frontend,2,0,0
direct_rca,qwen3.6-27b,R,aiops2022,paymentservice-0,2,0,0
direct_rca,qwen3.6-27b,R,aiops2022,frontend-1,2,0,0
direct_rca,qwen3.6-27b,R,aiops2022,frontend2,2,0,0
visual_counterfactual_rca,qwen3.6-27b,H_factual,aegislab,ts-config-service,2,0,0.25
visual_counterfactual_rca,qwen3.6-27b,H_factual,aegislab,ts-consign-service,2,1,0.5
visual_counterfactual_rca,qwen3.6-27b,H_factual,aegislab,loadgenerator,2,0,0.125
visual_counterfactual_rca,qwen3.6-27b,H_factual,aegislab,rabbitmq,2,0,0
visual_counterfactual_rca,gemma-4-26b-a4b,H_targeted,re2_tt,ts-basic-service,2,0,0
direct_rca,qwen3.6-27b,P,re2_ob,redis,2,0,0.16666667
matched_rca,qwen3.6-27b,F,aiops2025,redis-cart,2,0,0.16666667
matched_rca,qwen3.6-27b,F,aiops2025,shippingservice,2,0,0
matched_rca,qwen3.6-27b,F,re2_ob,gke-gke-cluster-default-pool-2e1807ce-w819,2,0,0.375
direct_rca,qwen3.6-27b,P,aiops2025,frontend-0,2,1,0.75
direct_rca,qwen3.6-27b,P,aiops2025,hipstershop,2,0,0.16666667
direct_rca,qwen3.6-27b,P,aiops2025,k8s-master2,2,0,0.125
direct_rca,qwen3.6-27b,P,aiops2025,cartservice,2,1,0.5
direct_rca,qwen3.6-27b,P,aiops2025,cartservice-0,2,1,0.5
direct_rca,qwen3.6-27b,P,aiops2022,productcatalogservice,2,0,0.16666667
visual_counterfactual_rca,qwen3.6-27b,H_factual,aegislab,ts-avatar-service,2,0,0.16666667
ledger_handoff_rca,qwen3.8-27b,L_hyb,aiops2022,cartservice-1,2,0,0.25
ledger_handoff_rca,qwen3.8-27b,L_hyb,aegislab,ts-travel2-service,2,0,0
ledger_handoff_rca,qwen3.8-27b,L_hyb,aegislab,ts-payment-service,2,0,0
ledger_handoff_rca,qwen3.8-27b,L_hyb,aegislab,ts-route-plan-service,2,1,0.75
ledger_handoff_rca,qwen3.8-27b,L_hyb,aegislab,ts-travel-plan-service,2,1,0.5
matched_rca,qwen3.6-27b,F,re2_ob,shippingservice,2,0,0.5
matched_rca,qwen3.6-27b,F,re2_tt,gke-gke-cluster-tt-default-pool-ca598206-p3ch,2,0,0.5
matched_rca,qwen3.6-27b,F,re2_ob,frontend-external,2,0,0.25
visual_counterfactual_rca,gemma-4-26b-a4b,H_targeted,re2_ob,adservice,2,0,0
visual_counterfactual_rca,gemma-4-26b-a4b,H_targeted,aiops2025,recommendationservice-2,2,0,0
visual_counterfactual_rca,gemma-4-26b-a4b,H_targeted,aiops2025,node-8,2,1,0.5
visual_counterfactual_rca,gemma-4-26b-a4b,H_targeted,aiops2025,emailservice,2,0,0
visual_counterfactual_rca,gemma-4-26b-a4b,H_targeted,aiops2025,frontend-1,2,0,0
visual_counterfactual_rca,gemma-4-26b-a4b,H_targeted,aiops2025,hipstershop,2,0,0
ledger_handoff_rca,qwen3.8-27b,L_hyb,aiops2022,checkoutservice-2,2,0,0
ledger_handoff_rca,qwen3.8-27b,L_hyb,aiops2022,currencyservice-2,2,2,1
visual_counterfactual_rca,qwen3.6-27b,H_factual,aegislab,ts-food-delivery-service,2,0,0.25
visual_counterfactual_rca,qwen3.6-27b,H_factual,aegislab,ts-notification-service,2,0,0
visual_counterfactual_rca,qwen3.6-27b,H_factual,aegislab,ts-order-other-service,2,2,1
direct_rca,qwen3.6-27b,P,aiops2025,node-5,2,1,0.5
direct_rca,qwen3.6-27b,P,aiops2025,node-7,2,0,0
direct_rca,qwen3.6-27b,P,aegislab,ts-gateway-service,2,0,0
direct_rca,qwen3.6-27b,P,aegislab,ts-inside-payment-service,2,2,1
direct_rca,qwen3.6-27b,P,aegislab,ts-order-other-service,2,1,0.66666667
ledger_handoff_rca,qwen3.8-27b,L_hyb,aiops2025,node-4,2,1,0.625
ledger_handoff_rca,qwen3.8-27b,L_hyb,aiops2025,node-6,2,0,0.25
direct_rca,qwen3.6-27b,P,aiops2022,frontend,2,1,0.5
direct_rca,qwen3.6-27b,P,aiops2022,frontend2,2,0,0.25
direct_rca,qwen3.6-27b,P,aiops2022,frontend2-0,2,0,0.25
direct_rca,qwen3.6-27b,P,aiops2022,cartservice2-0,2,0,0.25
visual_counterfactual_rca,qwen3.6-27b,H_factual,aegislab,ts-user-service,2,1,0.625
visual_counterfactual_rca,qwen3.6-27b,H_factual,aegislab,ts-seat-service,2,2,1
ledger_handoff_rca,qwen3.8-27b,L_hyb,aiops2022,istio-ingressgateway,2,0,0
ledger_handoff_rca,qwen3.8-27b,L_hyb,aiops2022,istio-ingressgateway-565bffd4d-4nr6v,2,0,0
ledger_handoff_rca,qwen3.8-27b,L_hyb,aiops2022,node-1,2,0,0.5
ledger_handoff_rca,qwen3.8-27b,L_hyb,aiops2022,frontend-1,2,1,0.625
ledger_handoff_rca,qwen3.8-27b,L_hyb,re2_ob,adservice,2,0,0.41666667
ledger_handoff_rca,qwen3.8-27b,L_hyb,aiops2025,paymentservice-0,2,1,0.6
ledger_handoff_rca,qwen3.8-27b,L_hyb,aiops2025,productcatalogservice,2,0,0.25
ledger_handoff_rca,qwen3.8-27b,L_hyb,aiops2025,shippingservice,2,0,0.125
ledger_handoff_rca,qwen3.8-27b,L_hyb,aiops2022,shippingservice,2,1,0.5
ledger_handoff_rca,qwen3.8-27b,L_hyb,aiops2025,adservice-2,2,1,0.5
ledger_handoff_rca,qwen3.8-27b,L_hyb,aiops2025,cartservice,2,0,0
ledger_handoff_rca,qwen3.8-27b,L_hyb,aiops2025,currencyservice,2,0,0
ledger_handoff_rca,qwen3.8-27b,L_hyb,aiops2022,paymentservice,2,0,0
ledger_handoff_rca,qwen3.8-27b,L_hyb,aiops2022,productcatalogservice-0,2,2,1
ledger_handoff_rca,qwen3.8-27b,L_hyb,aiops2022,productcatalogservice-2,2,1,0.5
ledger_handoff_rca,qwen3.8-27b,L_hyb,aiops2022,frontend-2,2,1,0.5
visual_counterfactual_rca,qwen3.6-27b,H_factual,aiops2025,node-1,2,0,0
visual_counterfactual_rca,qwen3.6-27b,H_factual,aiops2025,emailservice,2,0,0
visual_counterfactual_rca,qwen3.6-27b,H_factual,aiops2025,k8s-master1,2,0,0.25
direct_rca,qwen3.6-27b,H,aiops2025,redis-cart,2,0,0.16666667
direct_rca,qwen3.6-27b,H,aiops2025,node-5,2,1,0.5
direct_rca,qwen3.6-27b,H,aiops2025,node-8,2,0,0.25
direct_rca,qwen3.6-27b,H,aiops2025,paymentservice-2,2,0,0
visual_counterfactual_rca,qwen3.6-27b,H_neutral,aegislab,loadgenerator,2,0,0.125
matched_rca,qwen3.6-27b,F,aiops2025,frontend-0,2,1,0.6
matched_rca,qwen3.6-27b,F,aiops2022,productcatalogservice,2,0,0.16666667
matched_rca,qwen3.6-27b,F,aiops2022,shippingservice2-0,2,0,0.25
matched_rca,qwen3.6-27b,F,aiops2022,node-2,2,1,0.625
direct_rca,qwen3.6-27b,H,re2_tt,ts-preserve-other-service,2,0,0.125
direct_rca,qwen3.6-27b,H,re2_tt,gke-gke-cluster-tt-default-pool-ca598206-g5tp,2,0,0.16666667
direct_rca,qwen3.6-27b,H,re2_tt,gke-gke-cluster-tt-default-pool-ca598206-p3ch,2,0,0.5
visual_counterfactual_rca,qwen3.6-27b,H_factual,aiops2025,shippingservice,2,1,0.5
matched_rca,qwen3.6-27b,F,aiops2025,k8s-master2,2,0,0.1
matched_rca,qwen3.6-27b,F,aiops2025,k8s-master3,2,0,0.125
matched_rca,qwen3.6-27b,F,aiops2025,node-1,2,0,0
matched_rca,qwen3.6-27b,F,aiops2025,node-4,2,1,0.5
matched_rca,qwen3.6-27b,F,aiops2025,adservice-0,2,2,1
matched_rca,qwen3.6-27b,F,aiops2025,adservice-1,2,0,0
matched_rca,qwen3.6-27b,F,aiops2025,checkoutservice,2,2,1
matched_rca,qwen3.6-27b,F,aiops2025,emailservice,2,0,0
direct_rca,qwen3.6-27b,P,aegislab,ts-order-service,2,2,1
direct_rca,qwen3.6-27b,P,aegislab,ts-payment-service,2,0,0
direct_rca,qwen3.6-27b,P,aegislab,ts-consign-service,2,1,0.5
direct_rca,qwen3.6-27b,P,aegislab,ts-contacts-service,2,0,0.16666667
direct_rca,qwen3.6-27b,P,aiops2022,node-1,2,0,0.25
direct_rca,qwen3.6-27b,P,aiops2022,paymentservice,2,0,0.16666667
direct_rca,qwen3.6-27b,P,aiops2022,emailservice-1,2,2,1
ledger_handoff_rca,qwen3.8-27b,L_hyb,aiops2025,k8s-master3,2,0,0
matched_rca,qwen3.6-27b,F,aegislab,ts-user-service,2,1,0.625
direct_rca,qwen3.6-27b,H,aiops2022,emailservice-0,2,0,0.25
direct_rca,qwen3.6-27b,H,aiops2022,emailservice2-0,2,0,0
direct_rca,qwen3.6-27b,H,aiops2022,frontend,2,0,0
direct_rca,qwen3.6-27b,H,aiops2022,cartservice2-0,2,0,0.25
direct_rca,qwen3.6-27b,H,aiops2022,currencyservice,2,0,0.16666667
direct_rca,qwen3.6-27b,H,aiops2022,cartservice,2,0,0
direct_rca,qwen3.6-27b,H,aegislab,ts-travel-service,2,0,0.5
matched_rca,qwen3.6-27b,F,aiops2022,frontend-2,2,1,0.75
matched_rca,qwen3.6-27b,F,aiops2022,frontend2,2,0,0
matched_rca,qwen3.6-27b,F,aiops2022,frontend2-0,2,0,0.16666667
matched_rca,qwen3.6-27b,F,aiops2022,checkoutservice-2,2,0,0
matched_rca,qwen3.6-27b,F,aiops2022,emailservice-0,2,0,0
matched_rca,qwen3.6-27b,F,aiops2022,cartservice-0,2,0,0.25
matched_rca,qwen3.6-27b,F,aiops2022,checkoutservice,2,1,0.5
matched_rca,qwen3.6-27b,F,aegislab,ts-travel2-service,2,0,0
direct_rca,qwen3.6-27b,H,aiops2022,frontend2-0,2,0,0.125
visual_counterfactual_rca,qwen3.6-27b,H_neutral,aegislab,ts-route-plan-service,2,0,0.5
visual_counterfactual_rca,qwen3.6-27b,H_neutral,aegislab,ts-food-delivery-service,2,0,0.5
visual_counterfactual_rca,qwen3.6-27b,H_neutral,aegislab,ts-order-other-service,2,2,1
direct_rca,qwen3.6-27b,H,re2_ob,gke-gke-cluster-default-pool-2e1807ce-cx8g,2,0,0.5
ledger_handoff_rca,qwen3.8-27b,L_hyb,re2_tt,ts-route-service,2,2,1
ledger_handoff_rca,qwen3.8-27b,L_hyb,re2_tt,ts-admin-order-service,2,0,0.29166667
ledger_handoff_rca,qwen3.8-27b,L_hyb,re2_ob,gke-gke-cluster-default-pool-2e1807ce-0e4z,2,0,0.33333333
visual_counterfactual_rca,qwen3.6-27b,H_neutral,aegislab,ts-admin-travel-service,2,0,0.125
visual_counterfactual_rca,qwen3.6-27b,H_neutral,aegislab,ts-avatar-service,2,0,0.16666667
visual_counterfactual_rca,qwen3.6-27b,H_factual,re2_tt,ts-security-service,2,0,0.41666667
direct_rca,qwen3.6-27b,P,aegislab,loadgenerator,2,0,0
direct_rca,qwen3.6-27b,P,aegislab,rabbitmq,2,0,0.16666667
direct_rca,qwen3.6-27b,P,aegislab,ts-avatar-service,2,0,0
direct_rca,qwen3.6-27b,H,aiops2022,shippingservice,2,1,0.5
direct_rca,qwen3.6-27b,H,aiops2025,adservice-0,2,0,0
direct_rca,qwen3.6-27b,H,aegislab,ts-delivery-service,2,0,0
direct_rca,qwen3.6-27b,H,aegislab,ts-gateway-service,2,0,0
direct_rca,qwen3.6-27b,H,aegislab,ts-auth-service,2,2,1
direct_rca,qwen3.6-27b,H,aegislab,ts-avatar-service,2,0,0
visual_counterfactual_rca,qwen3.6-27b,H_neutral,aiops2025,shippingservice,2,1,0.5
visual_counterfactual_rca,qwen3.6-27b,H_neutral,aiops2025,k8s-master2,2,0,0.125
visual_counterfactual_rca,qwen3.6-27b,H_neutral,aiops2025,k8s-master3,2,0,0.16666667
visual_counterfactual_rca,qwen3.6-27b,H_neutral,aiops2025,node-1,2,0,0
ledger_handoff_rca,qwen3.8-27b,L_txt,aegislab,mysql,2,2,1
matched_rca,qwen3.6-27b,F,aegislab,ts-route-plan-service,2,1,0.625
matched_rca,qwen3.6-27b,F,aegislab,ts-train-food-service,2,0,0.26666667
matched_rca,qwen3.6-27b,F,aegislab,ts-train-service,2,0,0.16666667
matched_rca,qwen3.6-27b,F,aegislab,ts-order-service,2,1,0.75
matched_rca,qwen3.6-27b,F,aegislab,ts-food-delivery-service,2,0,0.1
matched_rca,gemma-4-26b-a4b,V,re2_tt,ts-user-mongo,2,0,0
matched_rca,qwen3.6-27b,F,aegislab,loadgenerator,2,0,0
direct_rca,qwen3.6-27b,H,aiops2025,k8s-master2,2,0,0
direct_rca,qwen3.6-27b,H,aiops2025,checkoutservice,2,2,1
ledger_handoff_rca,qwen3.8-27b,L_txt,aegislab,ts-order-service,2,1,0.75
ledger_handoff_rca,qwen3.8-27b,L_txt,aegislab,ts-payment-service,2,0,0
ledger_handoff_rca,qwen3.8-27b,L_txt,aegislab,ts-price-service,2,1,0.5
ledger_handoff_rca,qwen3.8-27b,L_txt,aegislab,ts-route-plan-service,2,1,0.75
ledger_handoff_rca,qwen3.8-27b,L_txt,aegislab,ts-food-service,2,0,0.16666667
ledger_handoff_rca,qwen3.8-27b,L_txt,aegislab,ts-admin-order-service,2,0,0.41666667
direct_rca,qwen3.6-27b,H,aegislab,ts-travel2-service,2,1,0.5
direct_rca,qwen3.6-27b,H,aegislab,ts-user-service,2,1,0.5
visual_counterfactual_rca,qwen3.6-27b,H_neutral,aiops2022,frontend-1,2,1,0.5
visual_counterfactual_rca,qwen3.6-27b,H_neutral,aiops2022,cartservice,2,1,0.625
visual_counterfactual_rca,qwen3.6-27b,H_neutral,aiops2022,checkoutservice,2,0,0.16666667
visual_counterfactual_rca,qwen3.6-27b,H_neutral,aiops2022,adservice,2,0,0
visual_counterfactual_rca,qwen3.6-27b,H_neutral,aiops2022,adservice-0,2,1,0.75
visual_counterfactual_rca,qwen3.6-27b,H_neutral,aiops2022,adservice-2,2,0,0.25
direct_rca,qwen3.6-27b,F,aiops2025,node-5,2,1,0.5
direct_rca,qwen3.6-27b,F,aiops2025,node-8,2,0,0.25
direct_rca,qwen3.6-27b,F,aiops2025,paymentservice-2,2,0,0
direct_rca,qwen3.6-27b,F,aiops2025,frontend-1,2,1,0.66666667
direct_rca,qwen3.6-27b,F,re2_tt,ts-travel2-service,2,0,0.5
direct_rca,qwen3.6-27b,H,aegislab,mysql,2,1,0.5
direct_rca,qwen3.6-27b,H,aegislab,rabbitmq,2,0,0.25
direct_rca,qwen3.6-27b,F,re2_tt,ts-preserve-other-service,2,0,0
ledger_handoff_rca,qwen3.8-27b,L_txt,aegislab,ts-travel2-service,2,0,0.16666667
ledger_handoff_rca,qwen3.8-27b,L_txt,aiops2022,adservice-1,2,1,0.5
matched_rca,gemma-4-26b-a4b,V,re2_tt,ts-preserve-other-mongo,2,0,0
matched_rca,gemma-4-26b-a4b,V,re2_tt,ts-preserve-other-service,2,0,0
matched_rca,gemma-4-26b-a4b,V,re2_tt,ts-seat-service,2,0,0
matched_rca,gemma-4-26b-a4b,V,re2_tt,ts-admin-order-service,2,0,0
direct_rca,qwen3.6-27b,F,aiops2025,productcatalogservice-1,2,2,1
direct_rca,qwen3.6-27b,F,aiops2025,productcatalogservice-2,2,0,0
visual_counterfactual_rca,qwen3.6-27b,H_neutral,re2_tt,ts-admin-user-service,2,0,0
direct_rca,qwen3.6-27b,H,aegislab,ts-seat-service,2,1,0.75
direct_rca,qwen3.6-27b,H,aegislab,ts-order-service,2,2,1
direct_rca,qwen3.6-27b,H,aegislab,ts-contacts-service,2,0,0.25
matched_rca,qwen3.6-27b,F,aegislab,rabbitmq,2,0,0.16666667
matched_rca,qwen3.6-27b,F,aegislab,ts-auth-service,2,2,1
matched_rca,qwen3.6-27b,F,aegislab,ts-avatar-service,2,0,0
ledger_handoff_rca,qwen3.8-27b,L_txt,aiops2022,cartservice-1,2,0,0.25
visual_counterfactual_rca,qwen3.6-27b,H_neutral,aiops2025,emailservice,2,0,0.16666667
visual_counterfactual_rca,qwen3.6-27b,H_neutral,aiops2025,hipstershop,2,0,0.41666667
visual_counterfactual_rca,qwen3.6-27b,H_neutral,aiops2022,shippingservice,2,1,0.5
visual_counterfactual_rca,qwen3.6-27b,H_neutral,aiops2022,shippingservice2-0,2,0,0.25
visual_counterfactual_rca,qwen3.6-27b,H_neutral,re2_tt,ts-ui-dashboard,2,0,0.29166667
visual_counterfactual_rca,qwen3.6-27b,H_placebo,aegislab,loadgenerator,2,0,0
visual_counterfactual_rca,qwen3.6-27b,H_neutral,re2_tt,ts-food-service,2,0,0.16666667
visual_counterfactual_rca,qwen3.6-27b,H_neutral,re2_ob,,2,0,0
visual_counterfactual_rca,qwen3.6-27b,H_placebo,aegislab,ts-order-other-service,2,2,1
visual_counterfactual_rca,qwen3.6-27b,H_placebo,aegislab,ts-order-service,2,1,0.5
visual_counterfactual_rca,qwen3.6-27b,H_placebo,aegislab,ts-food-service,2,0,0.25
visual_counterfactual_rca,qwen3.6-27b,H_placebo,aegislab,rabbitmq,2,0,0
visual_counterfactual_rca,qwen3.6-27b,H_placebo,aegislab,ts-avatar-service,2,0,0.16666667
direct_rca,qwen3.6-27b,F,aegislab,ts-station-food-service,2,0,0
visual_counterfactual_rca,qwen3.6-27b,H_placebo,aiops2025,node-5,2,1,0.5
visual_counterfactual_rca,qwen3.6-27b,H_placebo,aiops2025,k8s-master1,2,0,0.125
visual_counterfactual_rca,qwen3.6-27b,H_placebo,aiops2022,frontend2-0,2,0,0.1
visual_counterfactual_rca,qwen3.6-27b,H_placebo,aiops2022,adservice,2,0,0
visual_counterfactual_rca,qwen3.6-27b,H_placebo,aiops2022,adservice-2,2,0,0
visual_counterfactual_rca,qwen3.6-27b,H_placebo,aiops2022,adservice2,2,0,0.16666667
visual_counterfactual_rca,qwen3.6-27b,H_placebo,aiops2022,cartservice,2,1,0.66666667
visual_counterfactual_rca,qwen3.6-27b,H_placebo,aegislab,ts-user-service,2,1,0.625
visual_counterfactual_rca,qwen3.6-27b,H_placebo,aegislab,ts-route-plan-service,2,0,0.5
visual_counterfactual_rca,qwen3.6-27b,H_placebo,aegislab,ts-notification-service,2,0,0.125
ledger_handoff_rca,qwen3.8-27b,L_txt,aiops2022,productcatalogservice-0,2,2,1
ledger_handoff_rca,qwen3.8-27b,L_txt,aiops2022,productcatalogservice-2,2,1,0.5
ledger_handoff_rca,qwen3.8-27b,L_txt,aiops2022,istio-ingressgateway,2,0,0
ledger_handoff_rca,qwen3.8-27b,L_txt,aiops2022,node-2,2,1,0.75
ledger_handoff_rca,qwen3.8-27b,L_txt,re2_ob,adservice,2,0,0.41666667
ledger_handoff_rca,qwen3.8-27b,L_txt,aiops2025,node-3,2,2,1
direct_rca,qwen3.6-27b,F,aiops2022,paymentservice,2,0,0.16666667
direct_rca,qwen3.6-27b,F,aiops2022,paymentservice-0,2,0,0
direct_rca,qwen3.6-27b,F,re2_tt,ts-seat-service,2,0,0.33333333
matched_rca,gemma-4-26b-a4b,V,aiops2025,shippingservice-0,2,0,0
matched_rca,gemma-4-26b-a4b,V,aiops2025,tidb-pd,2,0,0
matched_rca,gemma-4-26b-a4b,V,re2_ob,adservice,2,0,0.25
ledger_handoff_rca,qwen3.8-27b,L_txt,aiops2025,cartservice,2,1,0.5
ledger_handoff_rca,qwen3.8-27b,L_txt,aiops2025,currencyservice,2,0,0
ledger_handoff_rca,qwen3.8-27b,L_txt,aiops2025,currencyservice-0,2,0,0
ledger_handoff_rca,qwen3.8-27b,L_txt,aiops2022,paymentservice,2,0,0
direct_rca,qwen3.6-27b,F,aegislab,ts-auth-service,2,1,0.66666667
direct_rca,qwen3.6-27b,F,aegislab,ts-cancel-service,2,0,0.41666667
direct_rca,qwen3.6-27b,F,aegislab,mysql,2,1,0.5
direct_rca,qwen3.6-27b,F,aegislab,ts-admin-travel-service,2,0,0.33333333
direct_rca,qwen3.6-27b,F,aiops2022,currencyservice,2,0,0
direct_rca,qwen3.6-27b,F,aiops2022,cartservice,2,1,0.5
direct_rca,qwen3.6-27b,F,aiops2022,cartservice-1,2,0,0.125
direct_rca,qwen3.6-27b,F,aiops2022,checkoutservice-1,2,1,0.5
matched_rca,gemma-4-26b-a4b,V,aiops2025,node-2,2,0,0.16666667
matched_rca,gemma-4-26b-a4b,V,aiops2025,node-7,2,1,0.5
matched_rca,gemma-4-26b-a4b,V,aiops2025,frontend-1,2,0,0
matched_rca,gemma-4-26b-a4b,V,aiops2025,cartservice-2,2,1,0.5
matched_rca,gemma-4-26b-a4b,V,aiops2025,emailservice,2,0,0
ledger_handoff_rca,qwen3.8-27b,L_txt,re2_tt,ts-seat-service,2,0,0.41666667
ledger_handoff_rca,qwen3.8-27b,L_txt,re2_tt,ts-admin-order-service,2,0,0.41666667
direct_rca,qwen3.6-27b,F,aegislab,ts-order-service,2,2,1
ledger_handoff_rca,qwen3.8-27b,L_txt,aiops2025,node-4,2,1,0.5
ledger_handoff_rca,qwen3.8-27b,L_txt,aiops2025,node-6,2,0,0.25
ledger_handoff_rca,qwen3.8-27b,L_txt,aiops2025,node-8,2,0,0.25
ledger_handoff_rca,qwen3.8-27b,L_txt,aiops2025,paymentservice-0,2,1,0.625
matched_rca,gemma-4-26b-a4b,V,aiops2025,node-8,2,0,0
matched_rca,gemma-4-26b-a4b,V,aiops2025,k8s-master2,2,0,0
matched_rca,gemma-4-26b-a4b,V,aiops2025,k8s-master3,2,0,0
matched_rca,gemma-4-26b-a4b,V,aiops2025,node-1,2,0,0
visual_counterfactual_rca,qwen3.6-27b,H_placebo,aiops2025,node-1,2,0,0.1
visual_counterfactual_rca,qwen3.6-27b,H_placebo,aiops2025,adservice-0,2,1,0.6
visual_counterfactual_rca,qwen3.6-27b,H_placebo,aiops2025,frontend-0,2,1,0.5
visual_counterfactual_rca,qwen3.6-27b,H_placebo,aiops2022,productcatalogservice,2,0,0.29166667
direct_rca,qwen3.6-27b,F,aiops2025,cartservice,2,0,0.1
direct_rca,qwen3.6-27b,F,aiops2025,checkoutservice,2,2,1
direct_rca,qwen3.6-27b,F,aiops2022,shippingservice2-0,2,0,0.25
direct_rca,qwen3.6-27b,F,aiops2022,node-2,2,1,0.5
visual_counterfactual_rca,qwen3.6-27b,H_targeted,aegislab,ts-notification-service,2,0,0.1
visual_counterfactual_rca,qwen3.6-27b,H_targeted,aegislab,ts-order-other-service,2,2,1
visual_counterfactual_rca,qwen3.6-27b,H_targeted,aegislab,ts-avatar-service,2,0,0.16666667
visual_counterfactual_rca,qwen3.6-27b,H_targeted,aegislab,ts-consign-price-service,2,0,0
visual_counterfactual_rca,qwen3.6-27b,H_targeted,aegislab,ts-consign-service,2,1,0.75
direct_rca,gemma-4-26b-a4b,V,aiops2022,paymentservice-0,2,0,0
direct_rca,gemma-4-26b-a4b,V,aiops2022,checkoutservice-2,2,1,0.5
direct_rca,gemma-4-26b-a4b,V,aiops2022,cartservice-2,2,0,0
ledger_handoff_rca,qwen3.8-27b,L_vis,aegislab,ts-payment-service,2,0,0
direct_rca,gemma-4-26b-a4b,V,aiops2025,productcatalogservice-0,2,1,0.5
direct_rca,gemma-4-26b-a4b,V,aiops2025,node-4,2,0,0.125
direct_rca,gemma-4-26b-a4b,V,aiops2025,checkoutservice-2,2,1,0.5
direct_rca,gemma-4-26b-a4b,V,aiops2025,currencyservice-0,2,0,0
direct_rca,gemma-4-26b-a4b,V,aiops2025,currencyservice-2,2,0,0
visual_counterfactual_rca,qwen3.6-27b,H_targeted,aegislab,ts-route-plan-service,2,0,0.41666667
visual_counterfactual_rca,qwen3.6-27b,H_targeted,aegislab,ts-contacts-service,2,0,0.16666667
visual_counterfactual_rca,qwen3.6-27b,H_placebo,aiops2025,shippingservice,2,1,0.5
ledger_handoff_rca,qwen3.8-27b,L_txt,re2_ob,gke-gke-cluster-default-pool-2e1807ce-0e4z,2,0,0.33333333
matched_rca,gemma-4-26b-a4b,V,aiops2022,node-3,2,1,0.75
matched_rca,gemma-4-26b-a4b,V,aiops2022,checkoutservice-2,2,0,0
matched_rca,gemma-4-26b-a4b,V,aiops2022,currencyservice-2,2,2,1
matched_rca,gemma-4-26b-a4b,V,aiops2022,adservice-1,2,2,1
matched_rca,gemma-4-26b-a4b,V,aiops2022,cartservice2-0,2,0,0
ledger_handoff_rca,qwen3.8-27b,L_vis,aegislab,ts-order-service,2,0,0.5
direct_rca,qwen3.6-27b,F,aegislab,ts-user-service,2,1,0.5
direct_rca,qwen3.6-27b,F,aiops2022,adservice-0,2,1,0.5
visual_counterfactual_rca,qwen3.6-27b,H_targeted,aegislab,rabbitmq,2,0,0
direct_rca,gemma-4-26b-a4b,V,re2_tt,gke-gke-cluster-tt-default-pool-ca598206-g5tp,2,0,0
direct_rca,gemma-4-26b-a4b,V,re2_ob,gke-gke-cluster-default-pool-9da84637-r1mb,2,0,0.41666667
visual_counterfactual_rca,qwen3.6-27b,H_placebo,re2_tt,ts-preserve-other-service,2,0,0.1
visual_counterfactual_rca,qwen3.6-27b,H_placebo,re2_tt,ts-security-service,2,0,0.41666667
visual_counterfactual_rca,qwen3.6-27b,H_placebo,re2_ob,,2,0,0
direct_rca,gemma-4-26b-a4b,V,aegislab,ts-delivery-service,2,0,0
direct_rca,gemma-4-26b-a4b,V,aegislab,ts-food-delivery-service,2,0,0
direct_rca,gemma-4-26b-a4b,V,aegislab,ts-gateway-service,2,0,0
visual_counterfactual_rca,qwen3.6-27b,H_targeted,aiops2025,shippingservice,2,1,0.5
visual_counterfactual_rca,qwen3.6-27b,H_targeted,aiops2025,k8s-master1,2,0,0.25
visual_counterfactual_rca,qwen3.6-27b,H_targeted,aiops2025,k8s-master3,2,0,0.1
visual_counterfactual_rca,qwen3.6-27b,H_targeted,aiops2025,node-1,2,0,0
visual_counterfactual_rca,qwen3.6-27b,H_targeted,aiops2025,emailservice,2,0,0.1
matched_rca,gemma-4-26b-a4b,V,aegislab,mysql,2,2,1
matched_rca,gemma-4-26b-a4b,V,aegislab,ts-assurance-service,2,2,1
ledger_handoff_rca,qwen3.8-27b,L_vis,aiops2022,currencyservice2,2,0,0
ledger_handoff_rca,qwen3.8-27b,L_vis,aiops2022,frontend-0,2,1,0.5
ledger_handoff_rca,qwen3.8-27b,L_vis,aiops2022,checkoutservice,2,0,0
direct_rca,gemma-4-26b-a4b,V,aegislab,ts-route-plan-service,2,1,0.5
direct_rca,gemma-4-26b-a4b,V,aegislab,ts-config-service,2,2,1
direct_rca,gemma-4-26b-a4b,V,aegislab,ts-consign-price-service,2,0,0
visual_counterfactual_rca,qwen3.6-27b,H_targeted,aegislab,ts-train-service,2,1,0.5
direct_rca,gemma-4-26b-a4b,V,aiops2025,shippingservice-0,2,1,0.5
ledger_handoff_rca,qwen3.8-27b,L_vis,aegislab,ts-config-service,2,1,0.5
ledger_handoff_rca,qwen3.8-27b,L_vis,aegislab,ts-admin-order-service,2,0,0.41666667
matched_rca,gemma-4-26b-a4b,V,aegislab,ts-security-service,2,2,1
matched_rca,gemma-4-26b-a4b,V,aegislab,ts-consign-service,2,1,0.5
matched_rca,gemma-4-26b-a4b,V,aegislab,ts-inside-payment-service,2,2,1
matched_rca,gemma-4-26b-a4b,T,re2_tt,ts-travel2-service,2,0,0
visual_counterfactual_rca,qwen3.6-27b,H_targeted,aiops2022,frontend2-0,2,0,0.16666667
visual_counterfactual_rca,qwen3.6-27b,H_targeted,aiops2022,node-1,2,0,0
visual_counterfactual_rca,qwen3.6-27b,H_targeted,aiops2022,node-2,2,1,0.5
visual_counterfactual_rca,qwen3.6-27b,H_targeted,aiops2022,adservice2,2,0,0.125
visual_counterfactual_rca,qwen3.6-27b,H_targeted,aiops2022,cartservice,2,1,0.5
visual_counterfactual_rca,qwen3.6-27b,H_targeted,aiops2022,checkoutservice-0,2,1,0.75
visual_counterfactual_rca,qwen3.6-27b,H_targeted,aegislab,ts-user-service,2,1,0.75
visual_counterfactual_rca,qwen3.6-27b,H_targeted,aegislab,ts-verification-code-service,2,0,0.41666667
direct_rca,gemma-4-26b-a4b,T,aiops2025,node-2,2,0,0
direct_rca,gemma-4-26b-a4b,T,aiops2025,node-4,2,1,0.5
visual_counterfactual_rca,qwen3.6-27b,H_targeted,re2_tt,ts-seat-service,2,0,0.41666667
visual_counterfactual_rca,qwen3.6-27b,H_targeted,re2_tt,ts-security-service,2,0,0.25
visual_counterfactual_rca,qwen3.6-27b,H_targeted,re2_tt,ts-avatar-service,2,0,0.41666667
direct_rca,gemma-4-26b-a4b,T,aiops2022,node-2,2,1,0.5
visual_counterfactual_rca,qwen3.8-27b,H_factual,aegislab,ts-security-service,2,0,0.25
visual_counterfactual_rca,qwen3.8-27b,H_factual,aegislab,ts-contacts-service,2,0,0.25
ledger_handoff_rca,qwen3.8-27b,L_vis,aiops2022,checkoutservice-2,2,1,0.5
ledger_handoff_rca,qwen3.8-27b,L_vis,aegislab,ts-user-service,2,0,0
ledger_handoff_rca,qwen3.8-27b,L_vis,aiops2022,adservice-1,2,1,0.5
matched_rca,gemma-4-26b-a4b,T,re2_tt,ts-preserve-other-service,2,0,0
ledger_handoff_rca,qwen3.8-27b,L_vis,aiops2025,currencyservice,2,0,0
direct_rca,gemma-4-26b-a4b,T,re2_ob,gke-gke-cluster-default-pool-2e1807ce-0e4z,2,0,0.25
direct_rca,gemma-4-26b-a4b,T,re2_ob,gke-gke-cluster-default-pool-2e1807ce-cx8g,2,0,0.5
direct_rca,gemma-4-26b-a4b,T,aiops2025,paymentservice,2,0,0.1
direct_rca,gemma-4-26b-a4b,T,re2_tt,gke-gke-cluster-tt-default-pool-ca598206-p3ch,2,0,0.25
direct_rca,gemma-4-26b-a4b,T,re2_tt,ts,2,0,0.25
direct_rca,gemma-4-26b-a4b,V,aegislab,ts-user-service,2,1,0.5
direct_rca,gemma-4-26b-a4b,V,aiops2022,adservice-0,2,0,0
direct_rca,gemma-4-26b-a4b,V,aiops2022,adservice-1,2,2,1
direct_rca,gemma-4-26b-a4b,V,aegislab,ts-route-service,2,2,1
direct_rca,gemma-4-26b-a4b,V,aegislab,ts-train-food-service,2,0,0
direct_rca,gemma-4-26b-a4b,V,aegislab,ts-news-service,2,0,0
visual_counterfactual_rca,qwen3.6-27b,H_targeted,aiops2022,paymentservice2,2,0,0
direct_rca,gemma-4-26b-a4b,V,aiops2025,adservice,2,1,0.5
direct_rca,gemma-4-26b-a4b,V,aiops2025,adservice-0,2,0,0
direct_rca,gemma-4-26b-a4b,V,aegislab,ts-cancel-service,2,0,0
direct_rca,gemma-4-26b-a4b,V,aegislab,mysql,2,1,0.5
direct_rca,gemma-4-26b-a4b,T,re2_tt,ts-auth-mongo,2,0,0
direct_rca,gemma-4-26b-a4b,T,re2_tt,ts-inside-payment-service,2,0,0.25
direct_rca,gemma-4-26b-a4b,T,re2_tt,ts-preserve-service,2,0,0.225
direct_rca,gemma-4-26b-a4b,T,aiops2025,checkoutservice,2,1,0.5
direct_rca,gemma-4-26b-a4b,T,aiops2025,frontend-0,2,1,0.5
direct_rca,gemma-4-26b-a4b,T,aiops2022,shippingservice2-0,2,0,0.25
direct_rca,gemma-4-26b-a4b,T,aiops2025,adservice-0,2,0,0.2
direct_rca,gemma-4-26b-a4b,T,aiops2022,productcatalogservice-1,2,2,1
direct_rca,gemma-4-26b-a4b,T,aiops2022,productcatalogservice-2,2,2,1
direct_rca,gemma-4-26b-a4b,T,aiops2022,node-1,2,0,0
ledger_handoff_rca,qwen3.8-27b,L_vis,aiops2025,paymentservice-2,2,0,0
ledger_handoff_rca,qwen3.8-27b,L_vis,aiops2025,recommendationservice,2,1,0.5
direct_rca,gemma-4-26b-a4b,T,aegislab,ts-user-service,2,1,0.625
visual_counterfactual_rca,qwen3.8-27b,H_factual,aiops2022,node-1,2,0,0
visual_counterfactual_rca,qwen3.8-27b,H_factual,aiops2022,node-6,2,0,0.41666667
visual_counterfactual_rca,qwen3.8-27b,H_factual,aiops2022,checkoutservice-0,2,1,0.5
visual_counterfactual_rca,qwen3.8-27b,H_factual,aiops2022,currencyservice2,2,0,0
visual_counterfactual_rca,qwen3.8-27b,H_factual,aiops2022,emailservice,2,0,0
visual_counterfactual_rca,qwen3.8-27b,H_factual,aegislab,ts-train-food-service,2,0,0.26666667
ledger_handoff_rca,qwen3.8-27b,L_vis,aiops2022,productcatalogservice-2,2,1,0.5
ledger_handoff_rca,qwen3.8-27b,L_vis,aiops2022,frontend-2,2,1,0.5
ledger_handoff_rca,qwen3.8-27b,L_vis,aiops2022,node-2,2,1,0.75
matched_rca,gemma-4-26b-a4b,T,aiops2025,node-7,2,1,0.625
matched_rca,gemma-4-26b-a4b,T,aiops2025,k8s-master1,2,0,0
matched_rca,gemma-4-26b-a4b,T,aiops2025,node-5,2,1,0.5
matched_rca,gemma-4-26b-a4b,T,aiops2025,emailservice,2,0,0
ledger_handoff_rca,qwen3.8-27b,L_vis,re2_ob,adservice,2,0,0.41666667
visual_counterfactual_rca,qwen3.8-27b,H_factual,aegislab,ts-inside-payment-service,2,2,1
visual_counterfactual_rca,qwen3.8-27b,H_factual,aegislab,ts-order-service,2,1,0.75
visual_counterfactual_rca,qwen3.8-27b,H_factual,aegislab,ts-consign-price-service,2,0,0.25
visual_counterfactual_rca,qwen3.8-27b,H_factual,aegislab,mysql,2,1,0.5
direct_rca,gemma-4-26b-a4b,T,re2_ob,gke-gke-cluster-default-pool-2e1807ce-w819,2,0,0.5
ledger_handoff_rca,qwen3.8-27b,L_vis,aiops2025,adservice-2,2,1,0.5
ledger_handoff_rca,qwen3.8-27b,L_vis,aiops2022,paymentservice2,2,0,0.25
ledger_handoff_rca,qwen3.8-27b,L_vis,aiops2022,productcatalogservice-0,2,2,1
direct_rca,gemma-4-26b-a4b,T,aiops2022,adservice-2,2,1,0.6
direct_rca,gemma-4-26b-a4b,T,aiops2022,cartservice-0,2,0,0.25
direct_rca,gemma-4-26b-a4b,T,aiops2022,cartservice-1,2,0,0.1
direct_rca,gemma-4-26b-a4b,T,aiops2022,checkoutservice,2,2,1
direct_rca,gemma-4-26b-a4b,R,re2_tt,ts-preserve-other-service,2,0,0
direct_rca,gemma-4-26b-a4b,R,re2_tt,gke-gke-cluster-tt-default-pool-ca598206-tj63,2,0,0
direct_rca,gemma-4-26b-a4b,R,re2_ob,gke-gke-cluster-default-pool-2e1807ce-cx8g,2,0,0.25
visual_counterfactual_rca,qwen3.8-27b,H_factual,aiops2025,shippingservice,2,0,0.1
direct_rca,gemma-4-26b-a4b,T,aegislab,ts-consign-price-service,2,0,0.33333333
direct_rca,gemma-4-26b-a4b,T,aegislab,ts-delivery-service,2,0,0.125
direct_rca,gemma-4-26b-a4b,T,aegislab,ts-inside-payment-service,2,2,1
direct_rca,gemma-4-26b-a4b,T,aegislab,ts-auth-service,2,2,1
direct_rca,gemma-4-26b-a4b,T,aiops2022,frontend-0,2,0,0
direct_rca,gemma-4-26b-a4b,T,aiops2022,frontend-1,2,0,0
direct_rca,gemma-4-26b-a4b,T,aiops2022,currencyservice-2,2,2,1
direct_rca,gemma-4-26b-a4b,T,aiops2022,emailservice-0,2,0,0
matched_rca,gemma-4-26b-a4b,T,aegislab,ts-train-food-service,2,0,0
direct_rca,gemma-4-26b-a4b,T,aegislab,ts-security-service,2,1,0.5
direct_rca,gemma-4-26b-a4b,T,aegislab,ts-station-food-service,2,1,0.5
direct_rca,gemma-4-26b-a4b,T,aegislab,ts-travel-service,2,0,0
direct_rca,gemma-4-26b-a4b,T,aegislab,ts-order-service,2,2,1
direct_rca,gemma-4-26b-a4b,T,aegislab,ts-price-service,2,2,1
direct_rca,gemma-4-26b-a4b,T,aegislab,ts-cancel-service,2,0,0
direct_rca,gemma-4-26b-a4b,T,aegislab,ts-config-service,2,2,1
matched_rca,gemma-4-26b-a4b,T,aiops2025,adservice-0,2,1,0.5
matched_rca,gemma-4-26b-a4b,T,aiops2025,checkoutservice,2,1,0.5
matched_rca,gemma-4-26b-a4b,T,aiops2022,shippingservice2-0,2,0,0
matched_rca,gemma-4-26b-a4b,T,aiops2022,node-4,2,1,0.5
matched_rca,gemma-4-26b-a4b,T,aiops2022,currencyservice-2,2,2,1
matched_rca,gemma-4-26b-a4b,T,aiops2022,checkoutservice2-0,2,0,0.25
matched_rca,gemma-4-26b-a4b,T,aegislab,ts-user-service,2,1,0.5
matched_rca,gemma-4-26b-a4b,T,aegislab,ts-station-food-service,2,1,0.5
visual_counterfactual_rca,qwen3.8-27b,H_factual,re2_tt,ts-food-map-mongo,2,0,0.25
visual_counterfactual_rca,qwen3.8-27b,H_factual,re2_ob,frontend-external,2,0,0.41666667
direct_rca,gemma-4-26b-a4b,T,aegislab,loadgenerator,2,0,0.35
direct_rca,gemma-4-26b-a4b,T,aegislab,rabbitmq,2,0,0.25
direct_rca,gemma-4-26b-a4b,T,aegislab,ts-admin-order-service,2,0,0.16666667
visual_counterfactual_rca,qwen3.8-27b,H_neutral,aegislab,ts-inside-payment-service,2,1,0.5
visual_counterfactual_rca,qwen3.8-27b,H_neutral,aegislab,ts-payment-service,2,0,0
visual_counterfactual_rca,qwen3.8-27b,H_neutral,aegislab,ts-assurance-service,2,1,0.6
ledger_handoff_rca,qwen3.8-27b,L_vis,re2_ob,gke-gke-cluster-default-pool-2e1807ce-w819,2,0,0.25
matched_rca,gemma-4-26b-a4b,F,aegislab,ts-order-service,2,1,0.75
matched_rca,gemma-4-26b-a4b,F,aegislab,ts-food-service,2,1,0.5
matched_rca,gemma-4-26b-a4b,F,aegislab,ts-inside-payment-service,2,2,1
matched_rca,gemma-4-26b-a4b,F,aegislab,mysql,2,1,0.5
matched_rca,gemma-4-26b-a4b,F,aegislab,ts-assurance-service,2,2,1
matched_rca,gemma-4-26b-a4b,F,aegislab,ts-avatar-service,2,0,0
direct_rca,gemma-4-26b-a4b,R,aiops2025,k8s-master2,2,0,0.33333333
matched_rca,gemma-4-26b-a4b,T,aegislab,ts-order-service,2,2,1
ledger_handoff_rca,qwen3.8-27b,L_vis,re2_tt,ts-preserve-service,2,0,0.33333333
ledger_handoff_rca,qwen3.8-27b,L_vis,re2_tt,ts-basic-service,2,0,0.41666667
ledger_handoff_rca,qwen3.8-27b,L_vis,re2_tt,gke-gke-cluster-tt-default-pool-ca598206-fipm,2,0,0.5
ledger_handoff_rca,qwen3.8-27b,L_vis,re2_tt,gke-gke-cluster-tt-default-pool-ca598206-p3ch,2,0,0.41666667
ledger_handoff_rca,qwen3.8-27b,L_vis,re2_tt,gke-gke-cluster-tt-default-pool-ca598206-tj63,2,0,0.41666667
ledger_handoff_rca,qwen3.8-27b,L_vis,re2_ob,gke-gke-cluster-default-pool-2e1807ce-0e4z,2,0,0.33333333
ledger_handoff_rca,qwen3.8-27b,L_vis,re2_ob,gke-gke-cluster-default-pool-2e1807ce-cx8g,2,0,0.125
visual_counterfactual_rca,qwen3.8-27b,H_factual,re2_ob,adservice,2,0,0.5
visual_counterfactual_rca,qwen3.8-27b,H_factual,aiops2025,k8s-master2,2,0,0
visual_counterfactual_rca,qwen3.8-27b,H_factual,aiops2025,k8s-master3,2,0,0.125
visual_counterfactual_rca,qwen3.8-27b,H_factual,aiops2025,node-1,2,0,0
visual_counterfactual_rca,qwen3.8-27b,H_factual,aiops2025,node-4,2,1,0.5
visual_counterfactual_rca,qwen3.8-27b,H_factual,aiops2025,adservice-2,2,1,0.5
visual_counterfactual_rca,qwen3.8-27b,H_factual,aiops2025,checkoutservice,2,1,0.66666667
matched_rca,gemma-4-26b-a4b,T,aegislab,ts-travel2-service,2,2,1
matched_rca,gemma-4-26b-a4b,F,aiops2022,cartservice2-0,2,0,0.1
visual_counterfactual_rca,qwen3.8-27b,H_neutral,aegislab,ts-station-service,2,1,0.5
visual_counterfactual_rca,qwen3.8-27b,H_neutral,aegislab,ts-train-food-service,2,0,0.16666667
direct_rca,gemma-4-26b-a4b,R,aiops2022,adservice2-0,2,1,0.5
direct_rca,gemma-4-26b-a4b,R,aiops2022,checkoutservice-2,2,1,0.5
direct_rca,gemma-4-26b-a4b,R,aiops2022,adservice-1,2,2,1
direct_rca,gemma-4-26b-a4b,R,aegislab,ts-route-service,2,2,1
direct_rca,gemma-4-26b-a4b,R,aegislab,ts-station-service,2,2,1
matched_rca,gemma-4-26b-a4b,R,re2_tt,ts-seat-service,2,0,0.41666667
matched_rca,gemma-4-26b-a4b,R,re2_tt,ts-preserve-other-mongo,2,0,0
matched_rca,gemma-4-26b-a4b,F,aiops2022,currencyservice-2,2,2,1
matched_rca,gemma-4-26b-a4b,F,aiops2022,emailservice-0,2,0,0
matched_rca,gemma-4-26b-a4b,F,aiops2022,emailservice-1,2,1,0.5
matched_rca,gemma-4-26b-a4b,F,aiops2022,frontend,2,0,0
matched_rca,gemma-4-26b-a4b,F,aiops2022,frontend-1,2,1,0.5
matched_rca,gemma-4-26b-a4b,F,aiops2022,cartservice-0,2,1,0.5
direct_rca,gemma-4-26b-a4b,R,aiops2025,node-1,2,0,0
ledger_handoff_rca,qwen3.8-27b,L_vis,re2_tt,ts-user-mongo,2,0,0
matched_rca,gemma-4-26b-a4b,F,aegislab,loadgenerator,2,0,0
matched_rca,gemma-4-26b-a4b,T,aegislab,ts-inside-payment-service,2,2,1
matched_rca,gemma-4-26b-a4b,T,aegislab,rabbitmq,2,0,0
matched_rca,gemma-4-26b-a4b,T,aegislab,ts-assurance-service,2,2,1
matched_rca,gemma-4-26b-a4b,T,aegislab,ts-auth-service,2,1,0.75
matched_rca,gemma-4-26b-a4b,T,aegislab,ts-avatar-service,2,0,0
visual_counterfactual_rca,qwen3.8-27b,H_neutral,aegislab,ts-avatar-service,2,0,0
visual_counterfactual_rca,qwen3.8-27b,H_neutral,aegislab,ts-consign-price-service,2,0,0
visual_counterfactual_rca,qwen3.8-27b,H_factual,re2_tt,ts-ui-dashboard,2,0,0.16666667
visual_counterfactual_rca,qwen3.8-27b,H_neutral,aegislab,mysql,2,1,0.5
visual_counterfactual_rca,qwen3.8-27b,H_neutral,aegislab,rabbitmq,2,0,0.29166667
visual_counterfactual_rca,qwen3.8-27b,H_factual,re2_tt,ts-seat-service,2,0,0.5
direct_rca,gemma-4-26b-a4b,R,re2_ob,gke-gke-cluster-default-pool-2e1807ce-0e4z,2,0,0.16666667
direct_rca,gemma-4-26b-a4b,R,aiops2025,productcatalogservice-2,2,0,0
visual_counterfactual_rca,qwen3.8-27b,H_neutral,aiops2022,currencyservice2,2,0,0
visual_counterfactual_rca,qwen3.8-27b,H_neutral,aiops2022,adservice-2,2,0,0.375
visual_counterfactual_rca,qwen3.8-27b,H_neutral,aegislab,ts-seat-service,2,1,0.5
visual_counterfactual_rca,qwen3.8-27b,H_neutral,aegislab,ts-station-food-service,2,0,0.25
direct_rca,gemma-4-26b-a4b,P,aiops2025,shippingservice,2,0,0
direct_rca,gemma-4-26b-a4b,P,re2_ob,adservice,2,0,0
direct_rca,gemma-4-26b-a4b,P,aiops2025,node-8,2,0,0
direct_rca,gemma-4-26b-a4b,P,aiops2025,productcatalogservice-2,2,0,0
visual_counterfactual_rca,qwen3.8-27b,H_neutral,aiops2022,paymentservice2,2,0,0
direct_rca,gemma-4-26b-a4b,R,aegislab,ts-basic-service,2,0,0.25
direct_rca,gemma-4-26b-a4b,R,aegislab,ts-delivery-service,2,0,0
direct_rca,gemma-4-26b-a4b,R,aegislab,mysql,2,1,0.5
direct_rca,gemma-4-26b-a4b,R,aegislab,ts-auth-service,2,2,1
direct_rca,gemma-4-26b-a4b,P,re2_tt,ts-preserve-service,2,0,0
direct_rca,gemma-4-26b-a4b,P,re2_tt,ts-seat-service,2,0,0
visual_counterfactual_rca,qwen3.8-27b,H_neutral,aiops2022,adservice2-0,2,1,0.5
matched_rca,gemma-4-26b-a4b,F,aegislab,ts-train-service,2,1,0.5
matched_rca,gemma-4-26b-a4b,R,re2_tt,gke-gke-cluster-tt-default-pool-ca598206-p3ch,2,0,0.25
matched_rca,gemma-4-26b-a4b,R,aiops2025,tidb-tidb,2,0,0.25
matched_rca,gemma-4-26b-a4b,R,re2_ob,adservice,2,0,0.375
matched_rca,gemma-4-26b-a4b,R,re2_ob,cartservice,2,0,0
matched_rca,gemma-4-26b-a4b,R,aiops2025,productcatalogservice-2,2,0,0
matched_rca,gemma-4-26b-a4b,R,aiops2025,recommendationservice,2,1,0.75
matched_rca,gemma-4-26b-a4b,R,aiops2025,recommendationservice-2,2,0,0
direct_rca,gemma-4-26b-a4b,R,aiops2025,adservice,2,1,0.5
direct_rca,gemma-4-26b-a4b,R,aiops2022,frontend-2,2,0,0.25
direct_rca,gemma-4-26b-a4b,R,aiops2022,frontend-1,2,1,0.5
matched_rca,gemma-4-26b-a4b,F,aiops2022,checkoutservice2-0,2,0,0.41666667
matched_rca,gemma-4-26b-a4b,F,aiops2022,adservice-1,2,2,1
matched_rca,gemma-4-26b-a4b,F,aiops2022,adservice2-0,2,1,0.75
matched_rca,gemma-4-26b-a4b,F,aegislab,ts-station-food-service,2,1,0.5
matched_rca,gemma-4-26b-a4b,F,aegislab,ts-station-service,2,1,0.5
direct_rca,gemma-4-26b-a4b,P,aiops2022,adservice-1,2,2,1
direct_rca,gemma-4-26b-a4b,P,aegislab,ts-payment-service,2,0,0
direct_rca,gemma-4-26b-a4b,P,aegislab,ts-preserve-service,2,0,0
visual_counterfactual_rca,qwen3.8-27b,H_placebo,aegislab,ts-auth-service,2,2,1
visual_counterfactual_rca,qwen3.8-27b,H_placebo,aegislab,ts-basic-service,2,1,0.5
visual_counterfactual_rca,qwen3.8-27b,H_placebo,aegislab,ts-consign-price-service,2,0,0.25
visual_counterfactual_rca,qwen3.8-27b,H_neutral,re2_tt,ts-travel2-service,2,0,0.5
visual_counterfactual_rca,qwen3.8-27b,H_neutral,re2_tt,ts-ui-dashboard,2,0,0.16666667
matched_rca,gemma-4-26b-a4b,F,aiops2025,adservice,2,0,0
matched_rca,gemma-4-26b-a4b,F,aiops2022,productcatalogservice-0,2,2,1
matched_rca,gemma-4-26b-a4b,F,aiops2022,productcatalogservice-2,2,2,1
matched_rca,gemma-4-26b-a4b,F,aiops2022,shippingservice2-0,2,1,0.5
matched_rca,gemma-4-26b-a4b,F,aiops2022,frontend2-0,2,1,0.75
matched_rca,gemma-4-26b-a4b,F,aiops2025,tidb-tidb,2,0,0
matched_rca,gemma-4-26b-a4b,F,aiops2025,productcatalogservice,2,1,0.5
matched_rca,gemma-4-26b-a4b,F,aiops2025,productcatalogservice-2,2,0,0
visual_counterfactual_rca,qwen3.8-27b,H_neutral,re2_ob,shippingservice,2,0,0.5
visual_counterfactual_rca,qwen3.8-27b,H_neutral,re2_ob,frontend-external,2,0,0.375
visual_counterfactual_rca,qwen3.8-27b,H_neutral,re2_ob,gke-gke-cluster-default-pool-2e1807ce-w819,2,0,0.41666667
visual_counterfactual_rca,qwen3.8-27b,H_neutral,aiops2025,shippingservice,2,0,0
direct_rca,gemma-4-26b-a4b,P,re2_tt,ts-contacts-service,2,0,0
matched_rca,gemma-4-26b-a4b,R,aiops2025,redis-cart-0,2,0,0
matched_rca,gemma-4-26b-a4b,F,aiops2025,hipstershop,2,0,0
matched_rca,gemma-4-26b-a4b,F,aiops2025,k8s-master3,2,0,0
visual_counterfactual_rca,qwen3.8-27b,H_neutral,aiops2025,node-4,2,1,0.5
visual_counterfactual_rca,qwen3.8-27b,H_neutral,aiops2025,k8s-master2,2,0,0.16666667
visual_counterfactual_rca,qwen3.8-27b,H_neutral,aiops2025,node-1,2,0,0
visual_counterfactual_rca,qwen3.8-27b,H_neutral,aiops2022,redis-cart,2,0,0
visual_counterfactual_rca,qwen3.8-27b,H_neutral,aiops2025,checkoutservice,2,1,0.66666667
direct_rca,gemma-4-26b-a4b,P,aiops2025,checkoutservice,2,1,0.5
direct_rca,gemma-4-26b-a4b,P,aiops2025,frontend-0,2,0,0
direct_rca,gemma-4-26b-a4b,P,aiops2025,k8s-master1,2,0,0
visual_counterfactual_rca,qwen3.8-27b,H_placebo,aegislab,ts-seat-service,2,1,0.5
visual_counterfactual_rca,qwen3.8-27b,H_placebo,aegislab,ts-security-service,2,0,0.25
visual_counterfactual_rca,qwen3.8-27b,H_placebo,aegislab,ts-contacts-service,2,0,0.25
visual_counterfactual_rca,qwen3.8-27b,H_placebo,aegislab,ts-delivery-service,2,0,0
visual_counterfactual_rca,qwen3.8-27b,H_placebo,aegislab,ts-inside-payment-service,2,2,1
visual_counterfactual_rca,qwen3.8-27b,H_placebo,aegislab,ts-order-service,2,1,0.75
direct_rca,gemma-4-26b-a4b,P,aiops2022,emailservice-1,2,1,0.5
direct_rca,gemma-4-26b-a4b,P,aiops2022,node-1,2,0,0
matched_rca,gemma-4-26b-a4b,R,aegislab,ts-travel2-service,2,2,1
direct_rca,gemma-4-26b-a4b,P,aegislab,ts-cancel-service,2,0,0
direct_rca,gemma-4-26b-a4b,P,aegislab,ts-config-service,2,2,1
direct_rca,gemma-4-26b-a4b,P,aegislab,ts-consign-service,2,0,0
direct_rca,gemma-4-26b-a4b,P,aegislab,mysql,2,1,0.5
direct_rca,gemma-4-26b-a4b,P,aegislab,rabbitmq,2,0,0
visual_counterfactual_rca,qwen3.8-27b,H_placebo,aiops2022,cartservice2,2,0,0.41666667
visual_counterfactual_rca,qwen3.8-27b,H_placebo,aegislab,ts-train-food-service,2,0,0
matched_rca,gemma-4-26b-a4b,R,aiops2025,emailservice-1,2,0,0
matched_rca,gemma-4-26b-a4b,R,aiops2025,hipstershop,2,0,0
matched_rca,gemma-4-26b-a4b,R,aiops2025,adservice-1,2,0,0.25
matched_rca,gemma-4-26b-a4b,R,aiops2025,cartservice-1,2,1,0.5
matched_rca,gemma-4-26b-a4b,R,aiops2025,adservice,2,0,0
matched_rca,gemma-4-26b-a4b,R,aiops2022,currencyservice2-0,2,0,0
matched_rca,gemma-4-26b-a4b,R,aiops2022,emailservice-0,2,0,0
matched_rca,gemma-4-26b-a4b,R,aiops2022,cartservice2-0,2,0,0
visual_counterfactual_rca,qwen3.8-27b,H_neutral,re2_tt,ts-food-map-mongo,2,0,0.25
visual_counterfactual_rca,qwen3.8-27b,H_neutral,re2_tt,ts-payment-service,2,0,0.25
direct_rca,gemma-4-26b-a4b,P,aiops2025,node-1,2,0,0
direct_rca,gemma-4-26b-a4b,P,aiops2025,node-3,2,1,0.5
matched_rca,gemma-4-26b-a4b,F,aiops2025,node-4,2,1,0.5
matched_rca,gemma-4-26b-a4b,F,aiops2025,node-7,2,1,0.5
matched_rca,gemma-4-26b-a4b,F,aiops2025,node-8,2,0,0.25
matched_rca,gemma-4-26b-a4b,R,aiops2025,emailservice,2,0,0
direct_rca,gemma-4-26b-a4b,H,aiops2025,node-4,2,1,0.5
direct_rca,gemma-4-26b-a4b,H,aiops2025,node-6,2,1,0.5
direct_rca,gemma-4-26b-a4b,H,aiops2025,paymentservice-1,2,0,0
direct_rca,gemma-4-26b-a4b,H,aiops2025,frontend-0,2,1,0.5
direct_rca,gemma-4-26b-a4b,H,aiops2025,hipstershop,2,0,0
direct_rca,gemma-4-26b-a4b,H,aiops2025,node-1,2,0,0
direct_rca,gemma-4-26b-a4b,H,aiops2025,currencyservice,2,0,0
direct_rca,gemma-4-26b-a4b,H,aiops2025,currencyservice-2,2,0,0.16666667
matched_rca,gemma-4-26b-a4b,F,re2_tt,ts-basic-service,2,0,0.25
matched_rca,gemma-4-26b-a4b,H,aiops2022,adservice-1,2,2,1
matched_rca,gemma-4-26b-a4b,H,aiops2022,adservice2-0,2,1,0.75
matched_rca,gemma-4-26b-a4b,H,aiops2022,cartservice-0,2,1,0.5
matched_rca,gemma-4-26b-a4b,H,aegislab,ts-travel2-service,2,1,0.75
matched_rca,gemma-4-26b-a4b,H,aegislab,ts-order-service,2,2,1
matched_rca,gemma-4-26b-a4b,H,aegislab,ts-price-service,2,2,1
visual_counterfactual_rca,qwen3.8-27b,H_placebo,aiops2025,node-4,2,1,0.5
visual_counterfactual_rca,qwen3.8-27b,H_placebo,aiops2022,checkoutservice-0,2,1,0.5
visual_counterfactual_rca,qwen3.8-27b,H_placebo,aiops2022,currencyservice-2,2,1,0.66666667
direct_rca,gemma-4-26b-a4b,P,aegislab,ts-order-service,2,0,0
direct_rca,gemma-4-26b-a4b,P,aegislab,ts-assurance-service,2,2,1
matched_rca,gemma-4-26b-a4b,R,aegislab,ts-user-service,2,1,0.75
matched_rca,gemma-4-26b-a4b,R,aiops2022,adservice-1,2,2,1
matched_rca,gemma-4-26b-a4b,F,re2_tt,ts-preserve-service,2,0,0
matched_rca,gemma-4-26b-a4b,F,re2_tt,gke-gke-cluster-tt-default-pool-ca598206-p3ch,2,0,0.25
direct_rca,gemma-4-26b-a4b,H,re2_ob,gke-gke-cluster-default-pool-2e1807ce-cx8g,2,0,0.5
visual_counterfactual_rca,qwen3.8-27b,H_placebo,aiops2025,checkoutservice,2,1,0.66666667
visual_counterfactual_rca,qwen3.8-27b,H_placebo,aiops2025,k8s-master2,2,0,0
visual_counterfactual_rca,qwen3.8-27b,H_placebo,aiops2022,redis-cart,2,0,0
visual_counterfactual_rca,qwen3.8-27b,H_placebo,aiops2022,shippingservice,2,1,0.66666667
visual_counterfactual_rca,qwen3.8-27b,H_placebo,aiops2022,node-1,2,0,0
visual_counterfactual_rca,qwen3.8-27b,H_placebo,aiops2022,node-2,2,2,1
visual_counterfactual_rca,qwen3.8-27b,H_placebo,aiops2022,node-6,2,0,0.41666667
direct_rca,gemma-4-26b-a4b,H,aiops2022,frontend2-0,2,1,0.5
direct_rca,gemma-4-26b-a4b,H,aiops2022,node-2,2,1,0.75
direct_rca,gemma-4-26b-a4b,H,aiops2022,cartservice-1,2,0,0
direct_rca,gemma-4-26b-a4b,H,aiops2022,cartservice2-0,2,0,0.375
direct_rca,gemma-4-26b-a4b,H,aiops2022,checkoutservice-1,2,2,1
direct_rca,gemma-4-26b-a4b,H,aiops2022,checkoutservice-2,2,1,0.5
visual_counterfactual_rca,qwen3.8-27b,H_placebo,re2_ob,frontend-external,2,0,0.41666667
visual_counterfactual_rca,qwen3.8-27b,H_placebo,aiops2025,shippingservice,2,0,0
matched_rca,gemma-4-26b-a4b,P,re2_tt,ts-security-service,2,0,0.25
matched_rca,gemma-4-26b-a4b,P,re2_tt,ts-ticketinfo-service,2,0,0
matched_rca,gemma-4-26b-a4b,H,aiops2025,adservice,2,1,0.5
matched_rca,gemma-4-26b-a4b,H,aiops2025,adservice-0,2,0,0
matched_rca,gemma-4-26b-a4b,H,aiops2022,emailservice-0,2,0,0
direct_rca,gemma-4-26b-a4b,H,aiops2022,productcatalogservice-1,2,2,1
direct_rca,gemma-4-26b-a4b,H,aiops2022,frontend,2,0,0
direct_rca,gemma-4-26b-a4b,H,aiops2022,frontend-0,2,1,0.5
matched_rca,gemma-4-26b-a4b,H,aegislab,ts-delivery-service,2,0,0
matched_rca,gemma-4-26b-a4b,H,aegislab,ts-inside-payment-service,2,2,1
matched_rca,gemma-4-26b-a4b,R,aegislab,ts-travel-service,2,1,0.5
matched_rca,gemma-4-26b-a4b,R,aegislab,ts-food-service,2,1,0.5
matched_rca,gemma-4-26b-a4b,R,aegislab,ts-order-service,2,2,1
matched_rca,gemma-4-26b-a4b,R,aegislab,ts-assurance-service,2,2,1
matched_rca,gemma-4-26b-a4b,R,aegislab,ts-avatar-service,2,0,0
matched_rca,gemma-4-26b-a4b,R,aegislab,ts-basic-service,2,1,0.75
direct_rca,gemma-4-26b-a4b,H,aiops2025,adservice-1,2,0,0.16666667
direct_rca,gemma-4-26b-a4b,H,aiops2025,adservice-2,2,0,0.125
direct_rca,gemma-4-26b-a4b,H,re2_tt,gke-gke-cluster-tt-default-pool-ca598206-tj63,2,0,0.25
direct_rca,gemma-4-26b-a4b,H,re2_tt,ts-auth-mongo,2,0,0.25
matched_rca,gemma-4-26b-a4b,H,aegislab,ts-route-service,2,2,1
matched_rca,gemma-4-26b-a4b,H,aegislab,ts-security-service,2,2,1
matched_rca,gemma-4-26b-a4b,H,aegislab,ts-station-food-service,2,1,0.5
matched_rca,gemma-4-26b-a4b,H,aegislab,ts-consign-service,2,0,0
visual_counterfactual_rca,qwen3.8-27b,H_targeted,aegislab,ts-admin-user-service,2,0,0.1
visual_counterfactual_rca,qwen3.8-27b,H_targeted,aegislab,ts-assurance-service,2,1,0.5
visual_counterfactual_rca,qwen3.8-27b,H_placebo,re2_tt,ts-seat-service,2,0,0.33333333
visual_counterfactual_rca,qwen3.8-27b,H_placebo,re2_tt,ts-food-map-mongo,2,0,0.25
visual_counterfactual_rca,qwen3.8-27b,H_placebo,re2_tt,gke-gke-cluster-tt-default-pool-ca598206-xvr3,2,0,0.41666667
visual_counterfactual_rca,qwen3.8-27b,H_targeted,aegislab,ts-consign-price-service,2,0,0.25
visual_counterfactual_rca,qwen3.8-27b,H_targeted,aegislab,ts-contacts-service,2,0,0.25
direct_rca,gemma-4-26b-a4b,H,aegislab,mysql,2,1,0.5
direct_rca,gemma-4-26b-a4b,H,aegislab,ts-payment-service,2,0,0
direct_rca,gemma-4-26b-a4b,H,aegislab,ts-config-service,2,1,0.5
direct_rca,gemma-4-26b-a4b,H,aegislab,ts-consign-price-service,2,0,0
direct_rca,gemma-4-26b-a4b,H,aegislab,ts-consign-service,2,0,0
direct_rca,gemma-4-26b-a4b,H,aegislab,ts-contacts-service,2,0,0
visual_counterfactual_rca,qwen3.8-27b,H_placebo,re2_tt,ts-travel2-service,2,0,0.375
visual_counterfactual_rca,qwen3.8-27b,H_placebo,re2_tt,ts-ui-dashboard,2,0,0.33333333
visual_counterfactual_rca,qwen3.8-27b,H_targeted,aegislab,mysql,2,1,0.5
matched_rca,gemma-4-26b-a4b,H,aiops2025,node-7,2,1,0.5
matched_rca,gemma-4-26b-a4b,H,aiops2025,paymentservice-0,2,0,0
matched_rca,gemma-4-26b-a4b,H,aiops2025,paymentservice-2,2,0,0
matched_rca,gemma-4-26b-a4b,H,aiops2025,productcatalogservice,2,1,0.5
matched_rca,gemma-4-26b-a4b,H,aiops2025,k8s-master2,2,0,0
matched_rca,gemma-4-26b-a4b,H,aiops2025,node-1,2,0,0
direct_rca,gemma-4-26b-a4b,H,aegislab,ts-train-food-service,2,0,0.25
direct_rca,gemma-4-26b-a4b,H,aegislab,ts-order-service,2,2,1
visual_counterfactual_rca,qwen3.8-27b,H_placebo,aiops2025,node-1,2,0,0
matched_rca,gemma-4-26b-a4b,H,aiops2022,frontend-1,2,0,0
matched_rca,gemma-4-26b-a4b,H,aiops2022,checkoutservice2-0,2,0,0.5
matched_rca,gemma-4-26b-a4b,P,re2_tt,ts-preserve-service,2,0,0.1
matched_rca,gemma-4-26b-a4b,P,re2_tt,ts-seat-service,2,0,0.5
matched_rca,gemma-4-26b-a4b,P,re2_tt,ts-admin-order-service,2,0,0
matched_rca,gemma-4-26b-a4b,P,aiops2025,productcatalogservice-2,2,0,0
matched_rca,gemma-4-26b-a4b,H,aiops2025,redis-cart-0,2,0,0
matched_rca,gemma-4-26b-a4b,P,aegislab,ts-travel-service,2,1,0.5
direct_rca,gemma-4-26b-a4b,F,aegislab,ts-inside-payment-service,2,2,1
direct_rca,gemma-4-26b-a4b,F,aegislab,ts-admin-travel-service,2,0,0.16666667
visual_counterfactual_rca,qwen3.8-27b,H_targeted,re2_ob,frontend-external,2,0,0.41666667
direct_rca,gemma-4-26b-a4b,F,aegislab,rabbitmq,2,0,0
direct_rca,gemma-4-26b-a4b,F,aegislab,ts-avatar-service,2,0,0
visual_counterfactual_rca,qwen3.8-27b,H_targeted,re2_tt,ts-travel2-service,2,0,0.375
direct_rca,gemma-4-26b-a4b,F,aegislab,ts-cancel-service,2,0,0
matched_rca,gemma-4-26b-a4b,P,aiops2022,paymentservice2-0,2,0,0
matched_rca,gemma-4-26b-a4b,P,aiops2022,frontend-1,2,0,0
matched_rca,gemma-4-26b-a4b,P,aiops2022,node-1,2,0,0.25
matched_rca,gemma-4-26b-a4b,P,aiops2022,currencyservice2-0,2,0,0
matched_rca,gemma-4-26b-a4b,P,aiops2022,emailservice-1,2,1,0.5
matched_rca,gemma-4-26b-a4b,P,aiops2022,cartservice-0,2,0,0.25
matched_rca,gemma-4-26b-a4b,P,aiops2022,cartservice-1,2,1,0.5
matched_rca,gemma-4-26b-a4b,P,aiops2022,checkoutservice-1,2,1,0.5
visual_counterfactual_rca,qwen3.8-27b,H_targeted,aiops2022,node-1,2,0,0
visual_counterfactual_rca,qwen3.8-27b,H_targeted,aiops2022,node-6,2,0,0.41666667
visual_counterfactual_rca,qwen3.8-27b,H_targeted,aiops2022,currencyservice2,2,0,0
visual_counterfactual_rca,qwen3.8-27b,H_targeted,aiops2022,emailservice,2,0,0
visual_counterfactual_rca,qwen3.8-27b,H_targeted,aiops2022,cartservice-0,2,1,0.5
visual_counterfactual_rca,qwen3.8-27b,H_targeted,aiops2022,checkoutservice-0,2,1,0.5
direct_rca,gemma-4-26b-a4b,F,re2_ob,gke-gke-cluster-default-pool-2e1807ce-0e4z,2,0,0.5
direct_rca,gemma-4-26b-a4b,F,re2_ob,gke-gke-cluster-default-pool-2e1807ce-w819,2,0,0.5
visual_counterfactual_rca,qwen3.8-27b,H_targeted,aegislab,ts-food-service,2,0,0.16666667
visual_counterfactual_rca,qwen3.8-27b,H_targeted,aegislab,ts-order-service,2,0,0.5
visual_counterfactual_rca,qwen3.8-27b,H_targeted,aegislab,ts-avatar-service,2,0,0.16666667
direct_rca,gemma-4-26b-a4b,F,aiops2025,cartservice,2,1,0.5
direct_rca,gemma-4-26b-a4b,F,aiops2022,frontend2-0,2,1,0.5
direct_rca,gemma-4-26b-a4b,F,aiops2022,node-2,2,1,0.5
visual_counterfactual_rca,qwen3.8-27b,H_targeted,aiops2025,adservice-2,2,1,0.66666667
visual_counterfactual_rca,qwen3.8-27b,H_targeted,aiops2025,checkoutservice,2,1,0.66666667
direct_rca,gemma-4-26b-a4b,F,aegislab,ts-station-food-service,2,1,0.5
direct_rca,gemma-4-26b-a4b,F,aegislab,ts-price-service,2,2,1
direct_rca,gemma-4-26b-a4b,F,aegislab,ts-route-plan-service,2,1,0.5
direct_rca,gemma-4-26b-a4b,F,aegislab,ts-config-service,2,1,0.5
direct_rca,gemma-4-26b-a4b,F,aegislab,ts-consign-price-service,2,0,0.16666667
direct_rca,qwen3.8-27b,V,re2_tt,ts-preserve-other-service,2,0,0
direct_rca,qwen3.8-27b,V,re2_tt,gke-gke-cluster-tt-default-pool-ca598206-tj63,2,0,0.375
direct_rca,qwen3.8-27b,V,re2_tt,ts-admin-user-service,2,0,0.16666667
matched_rca,gemma-4-26b-a4b,P,aegislab,ts-train-service,2,1,0.5
matched_rca,gemma-4-26b-a4b,P,aegislab,ts-config-service,2,1,0.66666667
matched_rca,gemma-4-26b-a4b,P,aegislab,ts-delivery-service,2,0,0
matched_rca,gemma-4-26b-a4b,P,aegislab,ts-food-service,2,0,0
matched_rca,gemma-4-26b-a4b,P,aegislab,loadgenerator,2,0,0
visual_counterfactual_rca,qwen3.8-27b,H_targeted,re2_tt,ts-seat-service,2,0,0.41666667
visual_counterfactual_rca,qwen3.8-27b,H_targeted,re2_tt,ts-food-map-mongo,2,0,0.25
visual_counterfactual_rca,qwen3.8-27b,H_targeted,re2_tt,gke-gke-cluster-tt-default-pool-ca598206-p3ch,2,0,0.41666667
direct_rca,gemma-4-26b-a4b,F,aiops2022,adservice-2,2,1,0.5
direct_rca,gemma-4-26b-a4b,F,aiops2022,adservice2-0,2,1,0.5
direct_rca,gemma-4-26b-a4b,F,aiops2022,cartservice,2,1,0.5
direct_rca,gemma-4-26b-a4b,F,aiops2022,cartservice-0,2,0,0.25
direct_rca,gemma-4-26b-a4b,F,aiops2022,cartservice-1,2,0,0.16666667
direct_rca,gemma-4-26b-a4b,F,aegislab,ts-user-service,2,1,0.66666667
direct_rca,gemma-4-26b-a4b,F,aiops2025,adservice-0,2,0,0.125
matched_rca,gemma-4-26b-a4b,P,aegislab,ts-security-service,2,1,0.5
visual_counterfactual_rca,qwen3.8-27b,H_targeted,aiops2025,shippingservice,2,0,0.2
visual_counterfactual_rca,qwen3.8-27b,H_targeted,aiops2025,k8s-master2,2,0,0
visual_counterfactual_rca,qwen3.8-27b,H_targeted,aiops2025,node-1,2,0,0
visual_counterfactual_rca,qwen3.8-27b,H_targeted,aiops2025,node-4,2,1,0.5
direct_rca,gemma-4-26b-a4b,F,aiops2022,currencyservice-2,2,2,1
direct_rca,gemma-4-26b-a4b,F,aiops2022,currencyservice2-0,2,0,0
direct_rca,gemma-4-26b-a4b,F,aiops2022,frontend,2,0,0
direct_rca,gemma-4-26b-a4b,F,aiops2022,frontend-0,2,1,0.5
visual_counterfactual_rca,qwen3.8-27b,H_targeted,re2_tt,ts-user-service,1,0,0.5
direct_rca,gemma-4-26b-a4b,F,aegislab,ts-admin-user-service,1,0,0
direct_rca,gemma-4-26b-a4b,F,aegislab,ts-auth-service-6477f4967c-l9mwz,1,1,1
direct_rca,gemma-4-26b-a4b,F,aegislab,ts-delivery-service,1,0,0.5
direct_rca,gemma-4-26b-a4b,F,aegislab,ts-gateway-service,1,0,0
direct_rca,gemma-4-26b-a4b,F,aegislab,ts-notification-service,1,0,0
direct_rca,gemma-4-26b-a4b,F,aegislab,ts-order-other-service,1,1,1
direct_rca,gemma-4-26b-a4b,F,aegislab,ts-order-service-668587b48c-jnkkc,1,1,1
direct_rca,gemma-4-26b-a4b,F,aegislab,ts-order-service-85b9979d59-x2sdc,1,1,1
direct_rca,gemma-4-26b-a4b,F,aegislab,ts-route-service,1,1,1
direct_rca,gemma-4-26b-a4b,F,aegislab,ts-route-service-757558799f-jzjhg,1,1,1
direct_rca,gemma-4-26b-a4b,F,aegislab,ts-seat-service,1,0,0
direct_rca,gemma-4-26b-a4b,F,aegislab,ts-seat-service-6c78b7d797-vrjmh,1,1,1
direct_rca,gemma-4-26b-a4b,F,aegislab,ts-station-service-685fd4985f-lxljn,1,1,1
direct_rca,gemma-4-26b-a4b,F,aiops2022,paymentservice-0,1,0,0
direct_rca,gemma-4-26b-a4b,F,aiops2022,productcatalogservice,1,0,0
direct_rca,gemma-4-26b-a4b,F,aiops2022,productcatalogservice-0,1,1,1
direct_rca,gemma-4-26b-a4b,F,aiops2022,productcatalogservice-1,1,1,1
direct_rca,gemma-4-26b-a4b,F,aiops2022,productcatalogservice2-0,1,1,1
direct_rca,gemma-4-26b-a4b,F,aiops2022,recommendationservice-2,1,1,1
direct_rca,gemma-4-26b-a4b,F,aiops2022,shippingservice,1,0,0.5
direct_rca,gemma-4-26b-a4b,F,aiops2025,checkoutservice,1,0,0.5
visual_counterfactual_rca,qwen3.8-27b,H_targeted,aiops2022,paymentservice2,1,0,0.33333333
visual_counterfactual_rca,qwen3.8-27b,H_targeted,aiops2022,redis-cart,1,0,0
visual_counterfactual_rca,qwen3.8-27b,H_targeted,aiops2025,adservice-0,1,0,0
visual_counterfactual_rca,qwen3.8-27b,H_targeted,aiops2025,emailservice,1,0,0
direct_rca,gemma-4-26b-a4b,F,aiops2022,istio-egressgateway-7bfdcc9d86-22q7z,1,0,0
direct_rca,gemma-4-26b-a4b,F,aiops2022,node-3,1,1,1
direct_rca,gemma-4-26b-a4b,F,aiops2022,node-4,1,1,1
direct_rca,gemma-4-26b-a4b,F,aiops2022,paymentservice,1,0,0.5
visual_counterfactual_rca,qwen3.8-27b,H_targeted,aiops2022,cartservice2,1,0,0.5
visual_counterfactual_rca,qwen3.8-27b,H_targeted,aiops2022,checkoutservice2,1,0,0.5
visual_counterfactual_rca,qwen3.8-27b,H_targeted,aiops2022,emailservice2,1,0,0
visual_counterfactual_rca,qwen3.8-27b,H_targeted,aiops2022,frontend2,1,0,0
visual_counterfactual_rca,qwen3.8-27b,H_targeted,aiops2022,istio-egressgateway,1,0,0
visual_counterfactual_rca,qwen3.8-27b,H_targeted,aiops2022,istio-ingressgateway,1,0,0.33333333
visual_counterfactual_rca,qwen3.8-27b,H_targeted,aiops2022,istio-ingressgateway-565bffd4d-4nr6v,1,0,0
visual_counterfactual_rca,qwen3.8-27b,H_targeted,aiops2022,node-2,1,1,1
direct_rca,gemma-4-26b-a4b,F,re2_ob,adservice,1,0,0.33333333
direct_rca,gemma-4-26b-a4b,F,re2_ob,cartservice,1,0,0.5
direct_rca,gemma-4-26b-a4b,F,re2_ob,frontend-external,1,0,0.33333333
direct_rca,gemma-4-26b-a4b,F,re2_ob,gke-gke-cluster-default-pool-2e1807ce-xte3,1,0,0.33333333
direct_rca,gemma-4-26b-a4b,F,re2_ob,gke-gke-cluster-default-pool-9da84637-r1mb,1,0,0.5
direct_rca,gemma-4-26b-a4b,F,re2_ob,gke-gke-cluster-default-pool-c49c2b06-vlhn,1,0,0.33333333
visual_counterfactual_rca,qwen3.8-27b,H_targeted,aiops2022,adservice2-0,1,0,0
visual_counterfactual_rca,qwen3.8-27b,H_targeted,aiops2022,cartservice-1,1,0,0
matched_rca,gemma-4-26b-a4b,H,re2_tt,gke-gke-cluster-tt-default-pool-ca598206-g5tp,1,0,0
matched_rca,gemma-4-26b-a4b,H,re2_tt,gke-gke-cluster-tt-default-pool-ca598206-g9jt,1,0,0.5
matched_rca,gemma-4-26b-a4b,H,re2_tt,ts-admin-route-service,1,0,0
matched_rca,gemma-4-26b-a4b,H,re2_tt,ts-execute-service,1,0,0
matched_rca,gemma-4-26b-a4b,H,re2_tt,ts-notification-mongo,1,0,0
matched_rca,gemma-4-26b-a4b,H,re2_tt,ts-notification-service,1,0,0
matched_rca,gemma-4-26b-a4b,H,re2_tt,ts-preserve-mongo,1,0,0
matched_rca,gemma-4-26b-a4b,H,re2_tt,ts-preserve-other-mongo,1,0,0
matched_rca,gemma-4-26b-a4b,P,aiops2022,paymentservice-0,1,0,0.33333333
matched_rca,gemma-4-26b-a4b,P,aiops2022,paymentservice-1,1,0,0
matched_rca,gemma-4-26b-a4b,P,aiops2022,productcatalogservice-0,1,1,1
matched_rca,gemma-4-26b-a4b,H,re2_ob,cartservice,1,0,0
matched_rca,gemma-4-26b-a4b,H,re2_ob,gke-gke-cluster-default-pool-2e1807ce-cx8g,1,0,0.5
matched_rca,gemma-4-26b-a4b,H,re2_ob,gke-gke-cluster-default-pool-2e1807ce-w819,1,0,0.5
matched_rca,gemma-4-26b-a4b,H,re2_ob,gke-gke-cluster-default-pool-2e1807ce-xte3,1,0,0.5
matched_rca,gemma-4-26b-a4b,H,re2_ob,gke-gke-cluster-default-pool-c49c2b06-vlhn,1,0,0.5
matched_rca,gemma-4-26b-a4b,P,aiops2022,emailservice2-0,1,0,0
matched_rca,gemma-4-26b-a4b,P,aiops2022,frontend,1,0,0
matched_rca,gemma-4-26b-a4b,P,aiops2022,frontend-2,1,0,0
matched_rca,gemma-4-26b-a4b,P,aiops2022,frontend2-0,1,0,0.5
matched_rca,gemma-4-26b-a4b,P,aiops2022,istio-ingressgateway-565bffd4d-rn678,1,0,0
matched_rca,gemma-4-26b-a4b,P,aiops2022,node-2,1,0,0
matched_rca,gemma-4-26b-a4b,P,aiops2022,node-3,1,0,0
matched_rca,gemma-4-26b-a4b,P,aiops2022,node-4,1,0,0
matched_rca,gemma-4-26b-a4b,P,aegislab,ts-payment-service,1,0,0
matched_rca,gemma-4-26b-a4b,P,aiops2022,adservice-1,1,1,1
matched_rca,gemma-4-26b-a4b,P,aiops2022,adservice-2,1,1,1
matched_rca,gemma-4-26b-a4b,P,aiops2022,adservice2-0,1,1,1
matched_rca,gemma-4-26b-a4b,P,aiops2022,checkoutservice2-0,1,0,0
matched_rca,gemma-4-26b-a4b,P,aiops2022,currencyservice-1,1,1,1
matched_rca,gemma-4-26b-a4b,P,aiops2022,currencyservice-2,1,1,1
matched_rca,gemma-4-26b-a4b,P,aiops2022,emailservice-0,1,0,0
matched_rca,gemma-4-26b-a4b,H,aiops2025,node-6,1,1,1
matched_rca,gemma-4-26b-a4b,H,aiops2025,paymentservice-1,1,0,0
matched_rca,gemma-4-26b-a4b,H,aiops2025,productcatalogservice-0,1,0,0
matched_rca,gemma-4-26b-a4b,H,aiops2025,productcatalogservice-2,1,0,0
matched_rca,gemma-4-26b-a4b,H,aiops2025,recommendationservice,1,0,0
matched_rca,gemma-4-26b-a4b,H,aiops2025,recommendationservice-2,1,0,0
matched_rca,gemma-4-26b-a4b,H,aiops2025,shippingservice,1,0,0
matched_rca,gemma-4-26b-a4b,H,aiops2025,shippingservice-0,1,0,0
matched_rca,gemma-4-26b-a4b,H,aiops2025,checkoutservice-2,1,1,1
matched_rca,gemma-4-26b-a4b,H,aiops2025,currencyservice-0,1,0,0.5
matched_rca,gemma-4-26b-a4b,H,aiops2025,emailservice-1,1,0,0
matched_rca,gemma-4-26b-a4b,H,aiops2025,hipstershop,1,0,0
matched_rca,gemma-4-26b-a4b,H,aiops2025,k8s-master1,1,0,0
matched_rca,gemma-4-26b-a4b,H,aiops2025,k8s-master3,1,0,0
matched_rca,gemma-4-26b-a4b,H,aiops2025,node-3,1,1,1
matched_rca,gemma-4-26b-a4b,H,aiops2025,node-4,1,1,1
matched_rca,gemma-4-26b-a4b,P,aiops2025,emailservice-2,1,0,0
matched_rca,gemma-4-26b-a4b,P,aiops2025,frontend-1,1,0,0
matched_rca,gemma-4-26b-a4b,P,aiops2025,hipstershop,1,0,0
matched_rca,gemma-4-26b-a4b,P,aiops2025,node-2,1,0,0
matched_rca,gemma-4-26b-a4b,P,aiops2025,node-6,1,1,1
matched_rca,gemma-4-26b-a4b,P,aiops2025,node-7,1,1,1
matched_rca,gemma-4-26b-a4b,P,aiops2025,paymentservice-2,1,0,0
matched_rca,gemma-4-26b-a4b,P,aiops2025,productcatalogservice-0,1,0,0
matched_rca,gemma-4-26b-a4b,P,aiops2022,productcatalogservice-2,1,1,1
matched_rca,gemma-4-26b-a4b,P,aiops2022,recommendationservice-2,1,1,1
matched_rca,gemma-4-26b-a4b,P,aiops2022,shippingservice-0,1,0,0
matched_rca,gemma-4-26b-a4b,P,aiops2022,shippingservice2-0,1,0,0
matched_rca,gemma-4-26b-a4b,P,aiops2025,cartservice,1,0,0
matched_rca,gemma-4-26b-a4b,P,aiops2025,currencyservice,1,0,0
matched_rca,gemma-4-26b-a4b,P,aiops2025,currencyservice-0,1,0,0
matched_rca,gemma-4-26b-a4b,P,aiops2025,emailservice-1,1,0,0
matched_rca,gemma-4-26b-a4b,H,aiops2022,frontend-2,1,0,0
matched_rca,gemma-4-26b-a4b,H,aiops2022,frontend2-0,1,0,0.5
matched_rca,gemma-4-26b-a4b,H,aiops2022,node-3,1,0,0.5
matched_rca,gemma-4-26b-a4b,H,aiops2022,node-4,1,1,1
matched_rca,gemma-4-26b-a4b,H,aiops2022,paymentservice-1,1,0,0
matched_rca,gemma-4-26b-a4b,H,aiops2022,productcatalogservice-0,1,1,1
matched_rca,gemma-4-26b-a4b,H,aiops2022,productcatalogservice-1,1,1,1
matched_rca,gemma-4-26b-a4b,H,aiops2022,productcatalogservice-2,1,1,1
matched_rca,gemma-4-26b-a4b,H,aiops2022,checkoutservice-1,1,1,1
matched_rca,gemma-4-26b-a4b,H,aiops2022,checkoutservice-2,1,0,0
matched_rca,gemma-4-26b-a4b,H,aiops2022,currencyservice-0,1,0,0
matched_rca,gemma-4-26b-a4b,H,aiops2022,currencyservice-1,1,1,1
matched_rca,gemma-4-26b-a4b,H,aiops2022,currencyservice-2,1,1,1
matched_rca,gemma-4-26b-a4b,H,aiops2022,currencyservice2-0,1,0,0
matched_rca,gemma-4-26b-a4b,H,aiops2022,emailservice2-0,1,0,0
matched_rca,gemma-4-26b-a4b,H,aiops2022,frontend,1,0,0
matched_rca,gemma-4-26b-a4b,P,re2_ob,gke-gke-cluster-default-pool-2e1807ce-w819,1,0,0
matched_rca,gemma-4-26b-a4b,P,re2_tt,ts-auth-mongo,1,0,0
matched_rca,gemma-4-26b-a4b,P,re2_tt,ts-basic-service,1,0,0.5
matched_rca,gemma-4-26b-a4b,P,re2_tt,ts-config-mongo,1,0,0
matched_rca,gemma-4-26b-a4b,P,re2_tt,ts-contacts-service,1,0,0
matched_rca,gemma-4-26b-a4b,P,re2_tt,ts-food-service,1,0,0.33333333
matched_rca,gemma-4-26b-a4b,P,re2_tt,ts-route-plan-service,1,0,0.33333333
matched_rca,gemma-4-26b-a4b,H,aiops2022,cartservice2-0,1,0,0
matched_rca,gemma-4-26b-a4b,H,aiops2025,tidb-pd,1,0,0
matched_rca,gemma-4-26b-a4b,P,aiops2025,recommendationservice,1,0,0
matched_rca,gemma-4-26b-a4b,P,aiops2025,redis,1,0,0
matched_rca,gemma-4-26b-a4b,P,aiops2025,redis-cart-0,1,0,0
matched_rca,gemma-4-26b-a4b,P,aiops2025,shippingservice,1,0,0
matched_rca,gemma-4-26b-a4b,P,aiops2025,shippingservice-1,1,1,1
matched_rca,gemma-4-26b-a4b,P,re2_ob,cartservice,1,0,0.5
matched_rca,gemma-4-26b-a4b,P,re2_ob,gke-gke-cluster-default-pool-2e1807ce-0e4z,1,0,0.5
matched_rca,gemma-4-26b-a4b,H,aegislab,ts-station-service,1,1,1
matched_rca,gemma-4-26b-a4b,H,aegislab,ts-train-food-service,1,0,0
matched_rca,gemma-4-26b-a4b,H,aegislab,ts-train-service,1,1,1
matched_rca,gemma-4-26b-a4b,H,aegislab,ts-travel-service,1,1,1
matched_rca,gemma-4-26b-a4b,H,aegislab,ts-user-service,1,0,0
matched_rca,gemma-4-26b-a4b,H,aiops2022,adservice-2,1,0,0
matched_rca,gemma-4-26b-a4b,F,re2_tt,gke-gke-cluster-tt-default-pool-ca598206-g9jt,1,0,0.5
matched_rca,gemma-4-26b-a4b,F,re2_tt,gke-gke-cluster-tt-default-pool-ca598206-tj63,1,0,0.5
matched_rca,gemma-4-26b-a4b,R,aegislab,ts-route-service,1,1,1
matched_rca,gemma-4-26b-a4b,R,aegislab,ts-security-service,1,0,0
matched_rca,gemma-4-26b-a4b,R,aegislab,ts-station-food-service,1,0,0.33333333
matched_rca,gemma-4-26b-a4b,R,aegislab,ts-train-service,1,1,1
matched_rca,gemma-4-26b-a4b,H,aegislab,ts-contacts-service,1,0,0
matched_rca,gemma-4-26b-a4b,H,aegislab,ts-food-service,1,1,1
matched_rca,gemma-4-26b-a4b,H,aegislab,ts-notification-service,1,0,0
matched_rca,gemma-4-26b-a4b,H,aegislab,ts-order-other-service,1,1,1
matched_rca,gemma-4-26b-a4b,R,aegislab,rabbitmq,1,0,0
matched_rca,gemma-4-26b-a4b,R,aegislab,ts-admin-travel-service,1,0,0
matched_rca,gemma-4-26b-a4b,R,aegislab,ts-auth-service,1,1,1
matched_rca,gemma-4-26b-a4b,R,aegislab,ts-config-service,1,1,1
matched_rca,gemma-4-26b-a4b,R,aegislab,ts-contacts-service,1,0,0
matched_rca,gemma-4-26b-a4b,R,aegislab,ts-notification-service,1,0,0
matched_rca,gemma-4-26b-a4b,R,aegislab,ts-order-other-service,1,1,1
matched_rca,gemma-4-26b-a4b,R,aegislab,ts-price-service,1,1,1
matched_rca,gemma-4-26b-a4b,H,aiops2022,productcatalogservice2-0,1,1,1
matched_rca,gemma-4-26b-a4b,H,aiops2022,recommendationservice-0,1,0,0
matched_rca,gemma-4-26b-a4b,H,aiops2022,shippingservice-0,1,0,0
matched_rca,gemma-4-26b-a4b,P,re2_tt,ts-station-service,1,0,0
matched_rca,gemma-4-26b-a4b,P,re2_tt,ts-travel2-service,1,0,0
matched_rca,gemma-4-26b-a4b,P,re2_tt,ts-user-service,1,0,0
matched_rca,gemma-4-26b-a4b,R,aegislab,loadgenerator,1,0,0
matched_rca,gemma-4-26b-a4b,R,aegislab,mysql,1,0,0
matched_rca,gemma-4-26b-a4b,R,aiops2022,frontend2-0,1,0,0.5
matched_rca,gemma-4-26b-a4b,R,aiops2022,node-3,1,0,0
matched_rca,gemma-4-26b-a4b,R,aiops2022,paymentservice-0,1,0,0
matched_rca,gemma-4-26b-a4b,R,aiops2022,paymentservice-1,1,0,0
matched_rca,gemma-4-26b-a4b,R,aiops2022,productcatalogservice-0,1,1,1
matched_rca,gemma-4-26b-a4b,R,aiops2022,productcatalogservice-1,1,1,1
matched_rca,gemma-4-26b-a4b,R,aiops2022,productcatalogservice-2,1,1,1
matched_rca,gemma-4-26b-a4b,R,aiops2022,recommendationservice-0,1,0,0
matched_rca,gemma-4-26b-a4b,H,aegislab,ts-basic-service,1,1,1
matched_rca,gemma-4-26b-a4b,R,aiops2022,adservice-2,1,0,0
matched_rca,gemma-4-26b-a4b,R,aiops2022,checkoutservice-1,1,1,1
matched_rca,gemma-4-26b-a4b,R,aiops2022,checkoutservice-2,1,0,0
matched_rca,gemma-4-26b-a4b,R,aiops2022,checkoutservice2-0,1,0,0.5
matched_rca,gemma-4-26b-a4b,R,aiops2022,currencyservice-1,1,1,1
matched_rca,gemma-4-26b-a4b,R,aiops2022,currencyservice-2,1,1,1
matched_rca,gemma-4-26b-a4b,R,aiops2022,emailservice2-0,1,0,0
matched_rca,gemma-4-26b-a4b,H,aegislab,mysql,1,1,1
matched_rca,gemma-4-26b-a4b,H,aegislab,rabbitmq,1,0,0
matched_rca,gemma-4-26b-a4b,H,aegislab,ts-admin-order-service,1,0,0
matched_rca,gemma-4-26b-a4b,H,aegislab,ts-admin-travel-service,1,0,0
matched_rca,gemma-4-26b-a4b,H,aegislab,ts-auth-service,1,1,1
matched_rca,gemma-4-26b-a4b,H,aegislab,ts-auth-service-54bd57586c-kk7wq,1,1,1
matched_rca,gemma-4-26b-a4b,H,aegislab,ts-auth-service-6477f4967c-l9mwz,1,1,1
matched_rca,gemma-4-26b-a4b,H,aegislab,ts-avatar-service,1,0,0
matched_rca,gemma-4-26b-a4b,F,re2_tt,ts-admin-order-service,1,0,0
matched_rca,gemma-4-26b-a4b,F,re2_tt,ts-auth-mongo,1,0,0
matched_rca,gemma-4-26b-a4b,F,re2_tt,ts-config-service,1,0,0
matched_rca,gemma-4-26b-a4b,F,re2_tt,ts-inside-payment-mongo,1,0,0.5
matched_rca,gemma-4-26b-a4b,F,re2_tt,ts-notification-mongo,1,0,0
matched_rca,gemma-4-26b-a4b,F,re2_tt,ts-preserve-other-mongo,1,0,0
matched_rca,gemma-4-26b-a4b,F,re2_tt,ts-user-mongo,1,0,0
matched_rca,gemma-4-26b-a4b,H,aegislab,loadgenerator,1,0,0
matched_rca,gemma-4-26b-a4b,F,aiops2025,tidb-pd,1,0,0
matched_rca,gemma-4-26b-a4b,F,re2_ob,cartservice,1,0,0
matched_rca,gemma-4-26b-a4b,F,re2_ob,gke-gke-cluster-default-pool-2e1807ce-0e4z,1,0,0.5
matched_rca,gemma-4-26b-a4b,F,re2_ob,gke-gke-cluster-default-pool-2e1807ce-cx8g,1,0,0.33333333
matched_rca,gemma-4-26b-a4b,F,re2_ob,gke-gke-cluster-default-pool-c49c2b06-vlhn,1,0,0.5
matched_rca,gemma-4-26b-a4b,F,re2_tt,gke-gke-cluster-tt-default-pool-448caaac-g8ts,1,0,0
matched_rca,gemma-4-26b-a4b,F,aiops2022,frontend-2,1,1,1
matched_rca,gemma-4-26b-a4b,F,aiops2022,istio-ingressgateway-565bffd4d-rn678,1,0,0
matched_rca,gemma-4-26b-a4b,F,aiops2025,node-3,1,0,0
matched_rca,gemma-4-26b-a4b,F,aiops2025,node-6,1,1,1
matched_rca,gemma-4-26b-a4b,F,aiops2025,paymentservice,1,0,0
matched_rca,gemma-4-26b-a4b,F,aiops2025,paymentservice-0,1,0,0
matched_rca,gemma-4-26b-a4b,F,aiops2025,paymentservice-2,1,0,0
matched_rca,gemma-4-26b-a4b,F,aiops2025,recommendationservice-2,1,0,0
matched_rca,gemma-4-26b-a4b,F,aiops2025,redis-cart-0,1,0,0
matched_rca,gemma-4-26b-a4b,F,aiops2025,shippingservice-0,1,0,0
matched_rca,gemma-4-26b-a4b,R,aiops2025,frontend-1,1,0,0
matched_rca,gemma-4-26b-a4b,R,aiops2025,k8s-master2,1,0,0
matched_rca,gemma-4-26b-a4b,R,aiops2025,k8s-master3,1,0,0
matched_rca,gemma-4-26b-a4b,R,aiops2025,node-1,1,0,0
matched_rca,gemma-4-26b-a4b,R,aiops2025,node-5,1,1,1
matched_rca,gemma-4-26b-a4b,R,aiops2025,node-7,1,1,1
matched_rca,gemma-4-26b-a4b,R,aiops2025,paymentservice,1,0,0
matched_rca,gemma-4-26b-a4b,F,aiops2025,node-2,1,0,0
matched_rca,gemma-4-26b-a4b,R,aiops2022,recommendationservice-2,1,1,1
matched_rca,gemma-4-26b-a4b,R,aiops2022,shippingservice-0,1,0,0
matched_rca,gemma-4-26b-a4b,R,aiops2022,shippingservice-1,1,0,0
matched_rca,gemma-4-26b-a4b,R,aiops2025,cartservice,1,0,0
matched_rca,gemma-4-26b-a4b,R,aiops2025,cartservice-2,1,1,1
matched_rca,gemma-4-26b-a4b,R,aiops2025,checkoutservice-2,1,0,0
matched_rca,gemma-4-26b-a4b,R,aiops2025,currencyservice-0,1,0,0
matched_rca,gemma-4-26b-a4b,R,aiops2025,currencyservice-2,1,0,0
matched_rca,gemma-4-26b-a4b,R,re2_tt,ts-consign-price-mongo,1,0,0
matched_rca,gemma-4-26b-a4b,F,aegislab,ts-travel-service,1,1,1
matched_rca,gemma-4-26b-a4b,F,aegislab,ts-user-service,1,0,0.5
matched_rca,gemma-4-26b-a4b,F,aiops2022,adservice-2,1,0,0
matched_rca,gemma-4-26b-a4b,F,aiops2022,checkoutservice-1,1,1,1
matched_rca,gemma-4-26b-a4b,F,aiops2022,currencyservice-0,1,0,0
matched_rca,gemma-4-26b-a4b,F,aiops2022,currencyservice-1,1,1,1
matched_rca,gemma-4-26b-a4b,F,aiops2022,currencyservice2-0,1,0,0
matched_rca,gemma-4-26b-a4b,R,re2_ob,gke-gke-cluster-default-pool-2e1807ce-w819,1,0,0.5
matched_rca,gemma-4-26b-a4b,R,re2_tt,gke-gke-cluster-tt-default-pool-448caaac-g8ts,1,0,0
matched_rca,gemma-4-26b-a4b,R,re2_tt,gke-gke-cluster-tt-default-pool-79112c30-647f,1,0,0
matched_rca,gemma-4-26b-a4b,R,re2_tt,gke-gke-cluster-tt-default-pool-ca598206-tj63,1,0,0
matched_rca,gemma-4-26b-a4b,R,re2_tt,ts-admin-order-service,1,0,0
matched_rca,gemma-4-26b-a4b,R,re2_tt,ts-basic-service,1,0,0.5
matched_rca,gemma-4-26b-a4b,R,re2_tt,ts-cancel-service,1,0,0
matched_rca,gemma-4-26b-a4b,R,re2_tt,ts-config-service,1,0,0
matched_rca,gemma-4-26b-a4b,F,aiops2025,currencyservice-0,1,0,0
matched_rca,gemma-4-26b-a4b,F,aiops2025,currencyservice-1,1,0,0.33333333
matched_rca,gemma-4-26b-a4b,F,aiops2025,emailservice,1,0,0
matched_rca,gemma-4-26b-a4b,F,aiops2025,emailservice-1,1,0,0
matched_rca,gemma-4-26b-a4b,F,aiops2025,k8s-master2,1,0,0
matched_rca,gemma-4-26b-a4b,R,aiops2025,shippingservice-0,1,0,0
matched_rca,gemma-4-26b-a4b,R,aiops2025,shippingservice-2,1,0,0
matched_rca,gemma-4-26b-a4b,R,aiops2025,tidb-pd,1,0,0
matched_rca,gemma-4-26b-a4b,F,aiops2022,node-3,1,0,0
matched_rca,gemma-4-26b-a4b,F,aiops2022,node-4,1,0,0
matched_rca,gemma-4-26b-a4b,F,aiops2022,paymentservice-0,1,0,0
matched_rca,gemma-4-26b-a4b,F,aiops2022,productcatalogservice-1,1,1,1
matched_rca,gemma-4-26b-a4b,F,aiops2022,recommendationservice-0,1,0,0
matched_rca,gemma-4-26b-a4b,F,aiops2022,recommendationservice-2,1,1,1
matched_rca,gemma-4-26b-a4b,F,aiops2022,shippingservice-1,1,1,1
matched_rca,gemma-4-26b-a4b,F,aiops2025,cartservice-2,1,1,1
matched_rca,gemma-4-26b-a4b,F,aegislab,ts-delivery-service,1,0,0
matched_rca,gemma-4-26b-a4b,F,aegislab,ts-notification-service,1,0,0
matched_rca,gemma-4-26b-a4b,F,aegislab,ts-order-other-service,1,1,1
matched_rca,gemma-4-26b-a4b,F,aegislab,ts-order-service-668587b48c-jnkkc,1,1,1
matched_rca,gemma-4-26b-a4b,F,aegislab,ts-order-service-85b9979d59-x2sdc,1,1,1
matched_rca,gemma-4-26b-a4b,F,aegislab,ts-price-service,1,1,1
matched_rca,gemma-4-26b-a4b,F,aegislab,ts-price-service-5b5cf4f8f7-7hqpq,1,1,1
matched_rca,gemma-4-26b-a4b,F,aegislab,ts-route-service,1,1,1
ledger_handoff_rca,qwen3.8-27b,L_vis,re2_tt,ts-user-service,1,0,0.5
matched_rca,gemma-4-26b-a4b,F,aegislab,ts-admin-order-service,1,0,0
matched_rca,gemma-4-26b-a4b,F,aegislab,ts-admin-route-service,1,0,0
matched_rca,gemma-4-26b-a4b,F,aegislab,ts-admin-travel-service,1,0,0
matched_rca,gemma-4-26b-a4b,F,aegislab,ts-admin-user-service,1,0,0
matched_rca,gemma-4-26b-a4b,F,aegislab,ts-auth-service,1,1,1
matched_rca,gemma-4-26b-a4b,F,aegislab,ts-basic-service,1,1,1
matched_rca,gemma-4-26b-a4b,F,aegislab,ts-contacts-service,1,0,0
matched_rca,gemma-4-26b-a4b,T,aegislab,ts-admin-user-service,1,0,0
matched_rca,gemma-4-26b-a4b,T,aegislab,ts-auth-service-54bd57586c-kk7wq,1,1,1
matched_rca,gemma-4-26b-a4b,T,aegislab,ts-basic-service,1,1,1
matched_rca,gemma-4-26b-a4b,T,aegislab,ts-contacts-service,1,0,0
matched_rca,gemma-4-26b-a4b,T,aegislab,ts-delivery-service,1,0,0
matched_rca,gemma-4-26b-a4b,T,aegislab,ts-notification-service,1,0,0
ledger_handoff_rca,qwen3.8-27b,L_vis,re2_tt,ts-security-service,1,0,0
ledger_handoff_rca,qwen3.8-27b,L_vis,re2_tt,ts-ui-dashboard,1,0,0
matched_rca,gemma-4-26b-a4b,R,re2_tt,ts-food-service,1,0,0
matched_rca,gemma-4-26b-a4b,R,re2_tt,ts-notification-mongo,1,0,0
matched_rca,gemma-4-26b-a4b,R,re2_tt,ts-preserve-service,1,0,0
matched_rca,gemma-4-26b-a4b,R,re2_tt,ts-ticketinfo-service,1,0,0
matched_rca,gemma-4-26b-a4b,R,re2_tt,ts-travel-plan-service,1,0,0.5
matched_rca,gemma-4-26b-a4b,R,re2_tt,ts-user-mongo,1,0,0
matched_rca,gemma-4-26b-a4b,T,aegislab,mysql,1,0,0
matched_rca,gemma-4-26b-a4b,T,aegislab,ts-admin-route-service,1,0,0
matched_rca,gemma-4-26b-a4b,T,aiops2022,cartservice2-0,1,0,0
matched_rca,gemma-4-26b-a4b,T,aiops2022,checkoutservice-1,1,1,1
matched_rca,gemma-4-26b-a4b,T,aiops2022,checkoutservice-2,1,0,0
matched_rca,gemma-4-26b-a4b,T,aiops2022,checkoutservice2,1,0,0
matched_rca,gemma-4-26b-a4b,T,aiops2022,currencyservice-0,1,0,0
matched_rca,gemma-4-26b-a4b,T,aiops2022,currencyservice-1,1,1,1
matched_rca,gemma-4-26b-a4b,T,aiops2022,currencyservice2-0,1,0,0
matched_rca,gemma-4-26b-a4b,T,aiops2022,emailservice,1,0,0.5
matched_rca,gemma-4-26b-a4b,T,aegislab,ts-order-service-85b9979d59-x2sdc,1,1,1
matched_rca,gemma-4-26b-a4b,T,aegislab,ts-price-service,1,1,1
matched_rca,gemma-4-26b-a4b,T,aegislab,ts-price-service-5b5cf4f8f7-7hqpq,1,1,1
matched_rca,gemma-4-26b-a4b,T,aegislab,ts-route-service,1,1,1
matched_rca,gemma-4-26b-a4b,T,aegislab,ts-station-service,1,1,1
matched_rca,gemma-4-26b-a4b,T,aegislab,ts-train-service,1,1,1
matched_rca,gemma-4-26b-a4b,T,aiops2022,adservice-1,1,1,1
matched_rca,gemma-4-26b-a4b,T,aiops2022,cartservice-0,1,0,0
ledger_handoff_rca,qwen3.8-27b,L_vis,re2_tt,ts-admin-user-service,1,0,0.5
ledger_handoff_rca,qwen3.8-27b,L_vis,re2_tt,ts-assurance-service,1,0,0
ledger_handoff_rca,qwen3.8-27b,L_vis,re2_tt,ts-auth-mongo,1,0,0.33333333
ledger_handoff_rca,qwen3.8-27b,L_vis,re2_tt,ts-contacts-mongo,1,0,0
ledger_handoff_rca,qwen3.8-27b,L_vis,re2_tt,ts-food-service,1,0,0
ledger_handoff_rca,qwen3.8-27b,L_vis,re2_tt,ts-notification-mongo,1,0,0
ledger_handoff_rca,qwen3.8-27b,L_vis,re2_tt,ts-order-other-service,1,0,0.5
ledger_handoff_rca,qwen3.8-27b,L_vis,re2_tt,ts-preserve-other-service,1,0,0.5
ledger_handoff_rca,qwen3.8-27b,L_vis,re2_ob,gke-gke-cluster-default-pool-2e1807ce-s8hw,1,0,0.5
ledger_handoff_rca,qwen3.8-27b,L_vis,re2_ob,shippingservice,1,0,0.5
ledger_handoff_rca,qwen3.8-27b,L_vis,re2_tt,gke-gke-cluster-tt-default-pool-448caaac-q7qg,1,0,0
ledger_handoff_rca,qwen3.8-27b,L_vis,re2_tt,gke-gke-cluster-tt-default-pool-ca598206-81xz,1,0,0.5
ledger_handoff_rca,qwen3.8-27b,L_vis,re2_tt,gke-gke-cluster-tt-default-pool-ca598206-g9jt,1,0,0.5
ledger_handoff_rca,qwen3.8-27b,L_vis,re2_tt,gke-gke-cluster-tt-default-pool-ca598206-xvr3,1,0,0.5
ledger_handoff_rca,qwen3.8-27b,L_vis,re2_tt,ts-admin-order-service,1,0,0.5
ledger_handoff_rca,qwen3.8-27b,L_vis,re2_tt,ts-admin-route-service,1,0,0
ledger_handoff_rca,qwen3.8-27b,L_vis,aiops2025,node-8,1,0,0
ledger_handoff_rca,qwen3.8-27b,L_vis,aiops2025,paymentservice-0,1,1,1
ledger_handoff_rca,qwen3.8-27b,L_vis,aiops2025,productcatalogservice,1,0,0.5
ledger_handoff_rca,qwen3.8-27b,L_vis,aiops2025,productcatalogservice-0,1,0,0
ledger_handoff_rca,qwen3.8-27b,L_vis,aiops2025,redis,1,0,0
ledger_handoff_rca,qwen3.8-27b,L_vis,aiops2025,shippingservice-1,1,1,1
ledger_handoff_rca,qwen3.8-27b,L_vis,aiops2025,shippingservice-2,1,0,0.2
ledger_handoff_rca,qwen3.8-27b,L_vis,aiops2025,tidb-pd,1,0,0
matched_rca,gemma-4-26b-a4b,T,aiops2025,currencyservice,1,0,0
ledger_handoff_rca,qwen3.8-27b,L_vis,aiops2025,hipstershop,1,0,0
ledger_handoff_rca,qwen3.8-27b,L_vis,aiops2025,k8s-master1,1,0,0.5
ledger_handoff_rca,qwen3.8-27b,L_vis,aiops2025,k8s-master2,1,0,0
ledger_handoff_rca,qwen3.8-27b,L_vis,aiops2025,k8s-master3,1,0,0
ledger_handoff_rca,qwen3.8-27b,L_vis,aiops2025,node-1,1,0,0
ledger_handoff_rca,qwen3.8-27b,L_vis,aiops2025,node-2,1,0,0
ledger_handoff_rca,qwen3.8-27b,L_vis,aiops2025,node-4,1,0,0
matched_rca,gemma-4-26b-a4b,T,aiops2022,productcatalogservice2-0,1,1,1
matched_rca,gemma-4-26b-a4b,T,aiops2022,recommendationservice-0,1,0,0
matched_rca,gemma-4-26b-a4b,T,aiops2022,redis-cart-0,1,0,0
matched_rca,gemma-4-26b-a4b,T,aiops2025,adservice,1,0,0
matched_rca,gemma-4-26b-a4b,T,aiops2025,cartservice,1,0,0
matched_rca,gemma-4-26b-a4b,T,aiops2025,cartservice-0,1,0,0
matched_rca,gemma-4-26b-a4b,T,aiops2025,checkoutservice-1,1,0,0
matched_rca,gemma-4-26b-a4b,T,aiops2025,checkoutservice-2,1,0,0
matched_rca,gemma-4-26b-a4b,T,aiops2022,emailservice-0,1,0,0
matched_rca,gemma-4-26b-a4b,T,aiops2022,frontend,1,0,0
matched_rca,gemma-4-26b-a4b,T,aiops2022,node-2,1,0,0.5
matched_rca,gemma-4-26b-a4b,T,aiops2022,node-3,1,0,0.5
matched_rca,gemma-4-26b-a4b,T,aiops2022,paymentservice-0,1,0,0
matched_rca,gemma-4-26b-a4b,T,aiops2022,productcatalogservice-0,1,1,1
matched_rca,gemma-4-26b-a4b,T,aiops2022,productcatalogservice-1,1,1,1
matched_rca,gemma-4-26b-a4b,T,aiops2022,productcatalogservice-2,1,1,1
ledger_handoff_rca,qwen3.8-27b,L_vis,aiops2022,istio-ingressgateway-565bffd4d-rn678,1,0,0
ledger_handoff_rca,qwen3.8-27b,L_vis,aiops2022,paymentservice-0,1,0,0
ledger_handoff_rca,qwen3.8-27b,L_vis,aiops2022,paymentservice-1,1,0,0
ledger_handoff_rca,qwen3.8-27b,L_vis,aiops2022,paymentservice-grpc,1,0,0
ledger_handoff_rca,qwen3.8-27b,L_vis,aiops2022,paymentservice2-0,1,0,0
ledger_handoff_rca,qwen3.8-27b,L_vis,aiops2022,productcatalogservice2-0,1,1,1
ledger_handoff_rca,qwen3.8-27b,L_vis,aiops2022,recommendationservice-0,1,0,0
ledger_handoff_rca,qwen3.8-27b,L_vis,aiops2022,recommendationservice2-0,1,0,0.33333333
matched_rca,gemma-4-26b-a4b,T,aiops2025,redis-cart,1,0,0
matched_rca,gemma-4-26b-a4b,T,aiops2025,redis-cart-0,1,0,0
matched_rca,gemma-4-26b-a4b,T,aiops2025,shippingservice,1,1,1
matched_rca,gemma-4-26b-a4b,T,aiops2025,shippingservice-0,1,0,0.25
matched_rca,gemma-4-26b-a4b,T,aiops2025,shippingservice-1,1,1,1
matched_rca,gemma-4-26b-a4b,T,aiops2025,shippingservice-2,1,0,0
ledger_handoff_rca,qwen3.8-27b,L_vis,aiops2022,frontend2-0,1,0,0
ledger_handoff_rca,qwen3.8-27b,L_vis,aiops2022,istio-ingressgateway-565bffd4d-4nr6v,1,0,0
matched_rca,gemma-4-26b-a4b,T,aiops2025,k8s-master2,1,0,0
matched_rca,gemma-4-26b-a4b,T,aiops2025,node-3,1,0,0
matched_rca,gemma-4-26b-a4b,T,aiops2025,node-4,1,1,1
matched_rca,gemma-4-26b-a4b,T,aiops2025,paymentservice,1,0,0
matched_rca,gemma-4-26b-a4b,T,aiops2025,paymentservice-2,1,0,0
matched_rca,gemma-4-26b-a4b,T,aiops2025,productcatalogservice-2,1,0,0
matched_rca,gemma-4-26b-a4b,T,aiops2025,recommendationservice,1,0,0
matched_rca,gemma-4-26b-a4b,T,aiops2025,recommendationservice-2,1,0,0
ledger_handoff_rca,qwen3.8-27b,L_vis,re2_ob,cartservice,1,0,0.5
ledger_handoff_rca,qwen3.8-27b,L_vis,re2_ob,frontend-external,1,0,0.25
matched_rca,gemma-4-26b-a4b,T,aiops2025,currencyservice-0,1,0,0
matched_rca,gemma-4-26b-a4b,T,aiops2025,currencyservice-2,1,0,0
matched_rca,gemma-4-26b-a4b,T,aiops2025,emailservice-2,1,0,0.5
matched_rca,gemma-4-26b-a4b,T,aiops2025,example-ant-29159520-w5hmd,1,0,0
matched_rca,gemma-4-26b-a4b,T,aiops2025,frontend-1,1,0,0
matched_rca,gemma-4-26b-a4b,T,aiops2025,hipstershop,1,0,0
ledger_handoff_rca,qwen3.8-27b,L_vis,aegislab,ts-station-food-service-cb9656f7b-nl4cb,1,1,1
ledger_handoff_rca,qwen3.8-27b,L_vis,aegislab,ts-station-service,1,1,1
ledger_handoff_rca,qwen3.8-27b,L_vis,aegislab,ts-travel-service-cbf9bf77c-knq2c,1,1,1
ledger_handoff_rca,qwen3.8-27b,L_vis,aegislab,ts-travel-service-fbbd88b6b-h64vn,1,1,1
ledger_handoff_rca,qwen3.8-27b,L_vis,aiops2022,adservice-2,1,0,0.2
ledger_handoff_rca,qwen3.8-27b,L_vis,aiops2022,cartservice-1,1,0,0.25
ledger_handoff_rca,qwen3.8-27b,L_vis,aiops2022,cartservice-grpc,1,0,0
ledger_handoff_rca,qwen3.8-27b,L_vis,aiops2022,cartservice2,1,0,0.25
matched_rca,gemma-4-26b-a4b,T,re2_tt,ts-config-service,1,0,0
matched_rca,gemma-4-26b-a4b,T,re2_tt,ts-consign-price-mongo,1,0,0
matched_rca,gemma-4-26b-a4b,T,re2_tt,ts-order-mongo,1,0,0.5
matched_rca,gemma-4-26b-a4b,T,re2_tt,ts-preserve-mongo,1,0,0
matched_rca,gemma-4-26b-a4b,T,re2_tt,ts-preserve-other-mongo,1,0,0
matched_rca,gemma-4-26b-a4b,T,re2_tt,ts-seat-service,1,0,0
matched_rca,gemma-4-26b-a4b,T,re2_tt,ts-security-mongo,1,0,0
ledger_handoff_rca,qwen3.8-27b,L_vis,aegislab,ts-station-food-service,1,0,0
matched_rca,gemma-4-26b-a4b,T,re2_ob,gke-gke-cluster-default-pool-2e1807ce-0e4z,1,0,0.5
matched_rca,gemma-4-26b-a4b,T,re2_ob,gke-gke-cluster-default-pool-2e1807ce-xte3,1,0,0.33333333
matched_rca,gemma-4-26b-a4b,T,re2_tt,gke-gke-cluster-tt-default-pool-79112c30-647f,1,0,0.33333333
matched_rca,gemma-4-26b-a4b,T,re2_tt,gke-gke-cluster-tt-default-pool-ca598206-g5tp,1,0,0
matched_rca,gemma-4-26b-a4b,T,re2_tt,gke-gke-cluster-tt-default-pool-ca598206-tj63,1,0,0.5
matched_rca,gemma-4-26b-a4b,T,re2_tt,ts-admin-user-service,1,0,0
matched_rca,gemma-4-26b-a4b,T,re2_tt,ts-assurance-mongo,1,0,0.5
matched_rca,gemma-4-26b-a4b,T,re2_tt,ts-auth-mongo,1,0,0.5
ledger_handoff_rca,qwen3.8-27b,L_vis,aiops2022,shippingservice,1,1,1
ledger_handoff_rca,qwen3.8-27b,L_vis,aiops2025,__UNKNOWN_ID_AT_RANK_1__,1,0,0.2
ledger_handoff_rca,qwen3.8-27b,L_vis,aiops2025,currencyservice-1,1,0,0
ledger_handoff_rca,qwen3.8-27b,L_vis,aiops2025,currencyservice-2,1,0,0
ledger_handoff_rca,qwen3.8-27b,L_vis,aiops2025,emailservice,1,0,0
ledger_handoff_rca,qwen3.8-27b,L_vis,aiops2025,frontend-1,1,0,0
matched_rca,gemma-4-26b-a4b,T,re2_ob,adservice,1,0,0.5
matched_rca,gemma-4-26b-a4b,T,re2_ob,cartservice,1,0,0
ledger_handoff_rca,qwen3.8-27b,L_vis,aegislab,mysql,1,0,0.5
ledger_handoff_rca,qwen3.8-27b,L_vis,aegislab,rabbitmq,1,0,0.33333333
ledger_handoff_rca,qwen3.8-27b,L_vis,aegislab,ts-admin-route-service,1,0,0.33333333
ledger_handoff_rca,qwen3.8-27b,L_vis,aegislab,ts-assurance-service,1,1,1
ledger_handoff_rca,qwen3.8-27b,L_vis,aegislab,ts-assurance-service-867778f676-vvvvd,1,1,1
ledger_handoff_rca,qwen3.8-27b,L_vis,aegislab,ts-avatar-service,1,0,0.5
ledger_handoff_rca,qwen3.8-27b,L_vis,aegislab,ts-config-service-7b97b98795-tpnjs,1,1,1
ledger_handoff_rca,qwen3.8-27b,L_vis,aegislab,ts-consign-service,1,1,1
matched_rca,gemma-4-26b-a4b,V,aegislab,ts-route-service-757558799f-jzjhg,1,1,1
matched_rca,gemma-4-26b-a4b,V,aegislab,ts-station-food-service,1,0,0
matched_rca,gemma-4-26b-a4b,V,aegislab,ts-station-service,1,1,1
matched_rca,gemma-4-26b-a4b,V,aegislab,ts-travel-service,1,1,1
matched_rca,gemma-4-26b-a4b,V,aegislab,ts-user-service,1,1,1
ledger_handoff_rca,qwen3.8-27b,L_txt,re2_tt,ts-user-mongo,1,0,0
ledger_handoff_rca,qwen3.8-27b,L_txt,re2_tt,ts-user-service,1,0,0.5
ledger_handoff_rca,qwen3.8-27b,L_txt,re2_tt,,1,0,0
matched_rca,gemma-4-26b-a4b,V,aegislab,ts-admin-order-service,1,0,0
matched_rca,gemma-4-26b-a4b,V,aegislab,ts-admin-user-service,1,0,0
matched_rca,gemma-4-26b-a4b,V,aegislab,ts-auth-service,1,1,1
matched_rca,gemma-4-26b-a4b,V,aegislab,ts-avatar-service,1,0,0
matched_rca,gemma-4-26b-a4b,V,aegislab,ts-notification-service,1,0,0
matched_rca,gemma-4-26b-a4b,V,aegislab,ts-order-other-service,1,1,1
matched_rca,gemma-4-26b-a4b,V,aegislab,ts-payment-service,1,0,0
matched_rca,gemma-4-26b-a4b,V,aegislab,ts-price-service,1,1,1
ledger_handoff_rca,qwen3.8-27b,L_vis,aiops2022,cartservice2-0,1,0,0.5
ledger_handoff_rca,qwen3.8-27b,L_vis,aiops2022,checkoutservice2-0,1,0,0
ledger_handoff_rca,qwen3.8-27b,L_vis,aiops2022,currencyservice-1,1,1,1
ledger_handoff_rca,qwen3.8-27b,L_vis,aiops2022,currencyservice2-0,1,0,0
ledger_handoff_rca,qwen3.8-27b,L_vis,aiops2022,emailservice-2,1,0,0
ledger_handoff_rca,qwen3.8-27b,L_vis,aiops2022,emailservice2,1,0,0.33333333
ledger_handoff_rca,qwen3.8-27b,L_vis,aiops2022,emailservice2-0,1,0,0.5
matched_rca,gemma-4-26b-a4b,V,aegislab,rabbitmq,1,0,0
ledger_handoff_rca,qwen3.8-27b,L_txt,re2_tt,gke-gke-cluster-tt-default-pool-ca598206-81xz,1,0,0.25
ledger_handoff_rca,qwen3.8-27b,L_txt,re2_tt,gke-gke-cluster-tt-default-pool-ca598206-g9jt,1,0,0.5
ledger_handoff_rca,qwen3.8-27b,L_txt,re2_tt,gke-gke-cluster-tt-default-pool-ca598206-xvr3,1,0,0.33333333
ledger_handoff_rca,qwen3.8-27b,L_txt,re2_tt,ts,1,0,0.33333333
ledger_handoff_rca,qwen3.8-27b,L_txt,re2_tt,ts-admin-route-service,1,0,0
ledger_handoff_rca,qwen3.8-27b,L_txt,re2_tt,ts-admin-user-service,1,0,0
ledger_handoff_rca,qwen3.8-27b,L_txt,re2_tt,ts-consign-service,1,0,0
ledger_handoff_rca,qwen3.8-27b,L_txt,re2_tt,ts-contacts-mongo,1,0,0.33333333
matched_rca,gemma-4-26b-a4b,V,aiops2022,recommendationservice-0,1,0,0
matched_rca,gemma-4-26b-a4b,V,aiops2022,shippingservice-0,1,0,0
ledger_handoff_rca,qwen3.8-27b,L_txt,re2_ob,frontend-external,1,0,0.33333333
ledger_handoff_rca,qwen3.8-27b,L_txt,re2_ob,gke-gke-cluster-default-pool-2e1807ce-w819,1,0,0.5
ledger_handoff_rca,qwen3.8-27b,L_txt,re2_ob,gke-gke-cluster-default-pool-c49c2b06-vlhn,1,0,0
ledger_handoff_rca,qwen3.8-27b,L_txt,re2_ob,shippingservice,1,0,0.5
ledger_handoff_rca,qwen3.8-27b,L_txt,re2_tt,gke-gke-cluster-tt-default-pool-448caaac-q7qg,1,0,0
ledger_handoff_rca,qwen3.8-27b,L_txt,re2_tt,gke-gke-cluster-tt-default-pool-79112c30-f9qk,1,0,0
matched_rca,gemma-4-26b-a4b,V,aiops2022,currencyservice-1,1,1,1
matched_rca,gemma-4-26b-a4b,V,aiops2022,emailservice-0,1,0,0
matched_rca,gemma-4-26b-a4b,V,aiops2022,emailservice2-0,1,0,0
matched_rca,gemma-4-26b-a4b,V,aiops2022,istio-egressgateway-7bfdcc9d86-22q7z,1,0,0
matched_rca,gemma-4-26b-a4b,V,aiops2022,productcatalogservice-0,1,1,1
matched_rca,gemma-4-26b-a4b,V,aiops2022,productcatalogservice-1,1,1,1
matched_rca,gemma-4-26b-a4b,V,aiops2022,productcatalogservice-2,1,1,1
matched_rca,gemma-4-26b-a4b,V,aiops2022,productcatalogservice2-0,1,1,1
ledger_handoff_rca,qwen3.8-27b,L_vis,aegislab,ts-contacts-service,1,0,0
ledger_handoff_rca,qwen3.8-27b,L_vis,aegislab,ts-gateway-service,1,0,0.5
ledger_handoff_rca,qwen3.8-27b,L_vis,aegislab,ts-inside-payment-service,1,1,1
ledger_handoff_rca,qwen3.8-27b,L_vis,aegislab,ts-news-service,1,0,0.25
ledger_handoff_rca,qwen3.8-27b,L_vis,aegislab,ts-price-service,1,1,1
ledger_handoff_rca,qwen3.8-27b,L_vis,aegislab,ts-route-service,1,1,1
matched_rca,gemma-4-26b-a4b,V,aiops2022,adservice-2,1,0,0
matched_rca,gemma-4-26b-a4b,V,aiops2022,checkoutservice-1,1,1,1
ledger_handoff_rca,qwen3.8-27b,L_txt,aiops2025,k8s-master3,1,0,0
ledger_handoff_rca,qwen3.8-27b,L_txt,aiops2025,node-2,1,0,0
ledger_handoff_rca,qwen3.8-27b,L_txt,aiops2025,paymentservice-2,1,0,0
ledger_handoff_rca,qwen3.8-27b,L_txt,aiops2025,productcatalogservice-0,1,0,0
ledger_handoff_rca,qwen3.8-27b,L_txt,aiops2025,redis-cart,1,0,0.5
ledger_handoff_rca,qwen3.8-27b,L_txt,aiops2025,shippingservice,1,0,0
ledger_handoff_rca,qwen3.8-27b,L_txt,aiops2025,shippingservice-0,1,0,0.25
ledger_handoff_rca,qwen3.8-27b,L_txt,aiops2025,shippingservice-1,1,1,1
matched_rca,gemma-4-26b-a4b,V,aiops2025,paymentservice-0,1,0,0
matched_rca,gemma-4-26b-a4b,V,aiops2025,productcatalogservice,1,1,1
matched_rca,gemma-4-26b-a4b,V,aiops2025,productcatalogservice-0,1,0,0
matched_rca,gemma-4-26b-a4b,V,aiops2025,recommendationservice-2,1,0,0
ledger_handoff_rca,qwen3.8-27b,L_txt,aiops2025,frontend-1,1,0,0
ledger_handoff_rca,qwen3.8-27b,L_txt,aiops2025,hipstershop,1,0,0
ledger_handoff_rca,qwen3.8-27b,L_txt,aiops2025,k8s-master1,1,0,0.5
ledger_handoff_rca,qwen3.8-27b,L_txt,aiops2025,k8s-master2,1,0,0
matched_rca,gemma-4-26b-a4b,V,aiops2025,emailservice-1,1,0,0
matched_rca,gemma-4-26b-a4b,V,aiops2025,emailservice-2,1,0,0.5
matched_rca,gemma-4-26b-a4b,V,aiops2025,hipstershop,1,0,0
matched_rca,gemma-4-26b-a4b,V,aiops2025,k8s-master1,1,0,0
matched_rca,gemma-4-26b-a4b,V,aiops2025,node-4,1,0,0
matched_rca,gemma-4-26b-a4b,V,aiops2025,node-5,1,1,1
matched_rca,gemma-4-26b-a4b,V,aiops2025,node-6,1,1,1
matched_rca,gemma-4-26b-a4b,V,aiops2025,paymentservice,1,0,0
ledger_handoff_rca,qwen3.8-27b,L_txt,re2_tt,ts-food-service,1,0,0
ledger_handoff_rca,qwen3.8-27b,L_txt,re2_tt,ts-notification-mongo,1,0,0.5
ledger_handoff_rca,qwen3.8-27b,L_txt,re2_tt,ts-station-service,1,0,0
matched_rca,gemma-4-26b-a4b,V,aiops2025,cartservice-1,1,1,1
matched_rca,gemma-4-26b-a4b,V,aiops2025,checkoutservice,1,1,1
matched_rca,gemma-4-26b-a4b,V,aiops2025,currencyservice-1,1,0,0
matched_rca,gemma-4-26b-a4b,V,aiops2025,currencyservice-2,1,0,0
matched_rca,gemma-4-26b-a4b,V,aiops2025,emailservice-0,1,0,0
matched_rca,gemma-4-26b-a4b,V,re2_tt,ts-consign-price-mongo,1,0,0
matched_rca,gemma-4-26b-a4b,V,re2_tt,ts-notification-mongo,1,0,0
ledger_handoff_rca,qwen3.8-27b,L_txt,aegislab,ts-route-service-757558799f-jzjhg,1,1,1
ledger_handoff_rca,qwen3.8-27b,L_txt,aegislab,ts-security-service,1,0,0.33333333
ledger_handoff_rca,qwen3.8-27b,L_txt,aegislab,ts-station-food-service,1,0,0
ledger_handoff_rca,qwen3.8-27b,L_txt,aegislab,ts-travel-plan-service-5b7fb74b4f-w8nlh,1,1,1
ledger_handoff_rca,qwen3.8-27b,L_txt,aegislab,ts-travel-service,1,1,1
ledger_handoff_rca,qwen3.8-27b,L_txt,aegislab,ts-travel-service-cbf9bf77c-knq2c,1,1,1
ledger_handoff_rca,qwen3.8-27b,L_txt,aiops2025,currencyservice-2,1,0,0
matched_rca,gemma-4-26b-a4b,V,aiops2025,shippingservice-1,1,1,1
matched_rca,gemma-4-26b-a4b,V,aiops2025,tidb-tidb,1,0,0
matched_rca,gemma-4-26b-a4b,V,re2_tt,gke-gke-cluster-tt-default-pool-448caaac-g8ts,1,0,0
matched_rca,gemma-4-26b-a4b,V,re2_tt,gke-gke-cluster-tt-default-pool-ca598206-p3ch,1,0,0
matched_rca,gemma-4-26b-a4b,V,re2_tt,gke-gke-cluster-tt-default-pool-ca598206-tj63,1,0,0
matched_rca,gemma-4-26b-a4b,V,re2_tt,ts-admin-route-service,1,0,0
matched_rca,gemma-4-26b-a4b,V,re2_tt,ts-config-mongo,1,0,0
ledger_handoff_rca,qwen3.8-27b,L_txt,aiops2022,frontend-2,1,1,1
ledger_handoff_rca,qwen3.8-27b,L_txt,aiops2022,frontend2,1,0,0.2
ledger_handoff_rca,qwen3.8-27b,L_txt,aiops2022,istio-ingressgateway-565bffd4d-4nr6v,1,0,0
ledger_handoff_rca,qwen3.8-27b,L_txt,aiops2022,node-1,1,0,0.5
ledger_handoff_rca,qwen3.8-27b,L_txt,aiops2022,node-4,1,0,0
ledger_handoff_rca,qwen3.8-27b,L_txt,aiops2022,paymentservice-1,1,0,0.5
ledger_handoff_rca,qwen3.8-27b,L_txt,aiops2022,paymentservice2,1,0,0.5
ledger_handoff_rca,qwen3.8-27b,L_txt,aiops2025,checkoutservice-2,1,0,0.2
ledger_handoff_rca,qwen3.8-27b,L_txt,aiops2025,shippingservice-2,1,0,0
ledger_handoff_rca,qwen3.8-27b,L_txt,aiops2025,tidb-pd,1,0,0
ledger_handoff_rca,qwen3.8-27b,L_txt,re2_ob,cartservice,1,0,0.5
ledger_handoff_rca,qwen3.8-27b,L_txt,aiops2022,emailservice-0,1,0,0
ledger_handoff_rca,qwen3.8-27b,L_txt,aiops2022,emailservice-1,1,1,1
ledger_handoff_rca,qwen3.8-27b,L_txt,aiops2022,emailservice2,1,0,0.33333333
ledger_handoff_rca,qwen3.8-27b,L_txt,aiops2022,emailservice2-0,1,0,0.5
ledger_handoff_rca,qwen3.8-27b,L_txt,aiops2022,frontend-0,1,0,0
ledger_handoff_rca,qwen3.8-27b,L_hyb,re2_tt,ts-ui-dashboard,1,0,0
ledger_handoff_rca,qwen3.8-27b,L_hyb,re2_tt,ts-user-mongo,1,0,0
ledger_handoff_rca,qwen3.8-27b,L_hyb,re2_tt,ts-user-service,1,0,0.5
ledger_handoff_rca,qwen3.8-27b,L_txt,aegislab,rabbitmq,1,0,0
ledger_handoff_rca,qwen3.8-27b,L_txt,aegislab,ts-admin-route-service,1,0,0.33333333
ledger_handoff_rca,qwen3.8-27b,L_txt,aegislab,ts-admin-travel-service,1,0,0.5
ledger_handoff_rca,qwen3.8-27b,L_txt,aegislab,ts-admin-user-service,1,0,0
ledger_handoff_rca,qwen3.8-27b,L_txt,aegislab,ts-assurance-service,1,1,1
matched_rca,qwen3.6-27b,F,aegislab,ts-consign-price-service,1,0,0.5
matched_rca,qwen3.6-27b,F,aegislab,ts-consign-service,1,1,1
matched_rca,qwen3.6-27b,F,aegislab,ts-inside-payment-service,1,1,1
matched_rca,qwen3.6-27b,F,aegislab,ts-notification-service,1,0,0.33333333
matched_rca,qwen3.6-27b,F,aegislab,ts-payment-service,1,0,0
matched_rca,qwen3.6-27b,F,aegislab,ts-price-service,1,1,1
matched_rca,qwen3.6-27b,F,aegislab,ts-station-food-service,1,0,0
matched_rca,qwen3.6-27b,F,aegislab,ts-station-service,1,0,0
ledger_handoff_rca,qwen3.8-27b,L_txt,aiops2022,checkoutservice-2,1,0,0
ledger_handoff_rca,qwen3.8-27b,L_txt,aiops2022,currencyservice,1,0,0
ledger_handoff_rca,qwen3.8-27b,L_txt,aiops2022,currencyservice-0,1,0,0
ledger_handoff_rca,qwen3.8-27b,L_txt,aiops2022,currencyservice-1,1,1,1
ledger_handoff_rca,qwen3.8-27b,L_txt,aiops2022,currencyservice-2,1,1,1
ledger_handoff_rca,qwen3.8-27b,L_txt,aiops2022,currencyservice2,1,0,0
matched_rca,qwen3.6-27b,F,aegislab,ts-assurance-service,1,0,0.2
matched_rca,qwen3.6-27b,F,aegislab,ts-config-service-55cffbf48b-dx8rc,1,1,1
ledger_handoff_rca,qwen3.8-27b,L_txt,aegislab,ts-travel-service-fbbd88b6b-h64vn,1,1,1
ledger_handoff_rca,qwen3.8-27b,L_txt,aegislab,ts-user-service,1,0,0.5
ledger_handoff_rca,qwen3.8-27b,L_txt,aegislab,ts-verification-code-service-6d775cd79-d54jg,1,1,1
ledger_handoff_rca,qwen3.8-27b,L_txt,aiops2022,adservice-2,1,0,0.33333333
ledger_handoff_rca,qwen3.8-27b,L_txt,aiops2022,cartservice,1,1,1
ledger_handoff_rca,qwen3.8-27b,L_txt,aiops2022,cartservice2,1,0,0
ledger_handoff_rca,qwen3.8-27b,L_txt,aiops2022,cartservice2-0,1,0,0.5
ledger_handoff_rca,qwen3.8-27b,L_txt,aiops2022,checkoutservice,1,0,0
matched_rca,qwen3.6-27b,F,aiops2022,emailservice2-0,1,0,0
matched_rca,qwen3.6-27b,F,aiops2022,istio-ingressgateway,1,0,0
ledger_handoff_rca,qwen3.8-27b,L_hyb,re2_ob,frontend-external,1,0,0.25
ledger_handoff_rca,qwen3.8-27b,L_hyb,re2_ob,gke-gke-cluster-default-pool-2e1807ce-w819,1,0,0.5
ledger_handoff_rca,qwen3.8-27b,L_hyb,re2_ob,shippingservice,1,0,0.5
ledger_handoff_rca,qwen3.8-27b,L_hyb,re2_tt,gke-gke-cluster-tt-default-pool-448caaac-q7qg,1,0,0
ledger_handoff_rca,qwen3.8-27b,L_hyb,re2_tt,gke-gke-cluster-tt-default-pool-79112c30-f9qk,1,0,0
ledger_handoff_rca,qwen3.8-27b,L_hyb,re2_tt,gke-gke-cluster-tt-default-pool-ca598206-g9jt,1,0,0.5
matched_rca,qwen3.6-27b,F,aiops2022,cartservice2,1,0,0.5
matched_rca,qwen3.6-27b,F,aiops2022,cartservice2-0,1,0,0.33333333
matched_rca,qwen3.6-27b,F,aiops2022,checkoutservice-1,1,1,1
matched_rca,qwen3.6-27b,F,aiops2022,currencyservice,1,0,0
matched_rca,qwen3.6-27b,F,aiops2022,currencyservice-1,1,1,1
matched_rca,qwen3.6-27b,F,aiops2022,currencyservice-2,1,1,1
matched_rca,qwen3.6-27b,F,aiops2022,currencyservice2,1,0,0
matched_rca,qwen3.6-27b,F,aiops2022,emailservice-1,1,1,1
ledger_handoff_rca,qwen3.8-27b,L_txt,aegislab,ts-inside-payment-service-6954f7c664-wt2xz,1,1,1
ledger_handoff_rca,qwen3.8-27b,L_txt,aegislab,ts-notification-service,1,0,0
ledger_handoff_rca,qwen3.8-27b,L_txt,aegislab,ts-order-other-service,1,0,0.33333333
matched_rca,qwen3.6-27b,F,aiops2022,adservice-1,1,1,1
matched_rca,qwen3.6-27b,F,aiops2022,adservice-2,1,1,1
matched_rca,qwen3.6-27b,F,aiops2022,adservice2-0,1,0,0
matched_rca,qwen3.6-27b,F,aiops2022,cartservice,1,0,0
matched_rca,qwen3.6-27b,F,aiops2022,cartservice-1,1,0,0
ledger_handoff_rca,qwen3.8-27b,L_txt,aegislab,ts-assurance-service-867778f676-vvvvd,1,1,1
ledger_handoff_rca,qwen3.8-27b,L_txt,aegislab,ts-auth-service-54bd57586c-kk7wq,1,1,1
ledger_handoff_rca,qwen3.8-27b,L_txt,aegislab,ts-auth-service-6477f4967c-l9mwz,1,1,1
ledger_handoff_rca,qwen3.8-27b,L_txt,aegislab,ts-config-service-55cffbf48b-dx8rc,1,1,1
ledger_handoff_rca,qwen3.8-27b,L_txt,aegislab,ts-config-service-7b97b98795-tpnjs,1,1,1
ledger_handoff_rca,qwen3.8-27b,L_txt,aegislab,ts-contacts-service,1,0,0
ledger_handoff_rca,qwen3.8-27b,L_txt,aegislab,ts-gateway-service,1,0,0.5
ledger_handoff_rca,qwen3.8-27b,L_txt,aegislab,ts-inside-payment-service,1,1,1
ledger_handoff_rca,qwen3.8-27b,L_hyb,aiops2025,productcatalogservice-0,1,0,0
ledger_handoff_rca,qwen3.8-27b,L_hyb,aiops2025,redis,1,0,0
ledger_handoff_rca,qwen3.8-27b,L_hyb,aiops2025,redis-cart,1,0,0.5
ledger_handoff_rca,qwen3.8-27b,L_hyb,aiops2025,shippingservice-0,1,0,0.25
ledger_handoff_rca,qwen3.8-27b,L_hyb,aiops2025,shippingservice-1,1,1,1
ledger_handoff_rca,qwen3.8-27b,L_hyb,aiops2025,shippingservice-2,1,0,0
ledger_handoff_rca,qwen3.8-27b,L_hyb,aiops2025,tidb-pd,1,0,0
ledger_handoff_rca,qwen3.8-27b,L_hyb,re2_ob,cartservice,1,0,0.5
matched_rca,qwen3.6-27b,F,aiops2022,redis-cart2,1,0,0
matched_rca,qwen3.6-27b,F,aiops2025,frontend-1,1,1,1
ledger_handoff_rca,qwen3.8-27b,L_hyb,aiops2025,frontend-1,1,0,0
ledger_handoff_rca,qwen3.8-27b,L_hyb,aiops2025,hipstershop,1,0,0
ledger_handoff_rca,qwen3.8-27b,L_hyb,aiops2025,k8s-master1,1,0,0.5
ledger_handoff_rca,qwen3.8-27b,L_hyb,aiops2025,k8s-master2,1,0,0
ledger_handoff_rca,qwen3.8-27b,L_hyb,aiops2025,node-2,1,0,0
ledger_handoff_rca,qwen3.8-27b,L_hyb,aiops2025,paymentservice-2,1,0,0
matched_rca,qwen3.6-27b,F,aiops2022,node-3,1,0,0
matched_rca,qwen3.6-27b,F,aiops2022,node-4,1,1,1
matched_rca,qwen3.6-27b,F,aiops2022,paymentservice,1,0,0
matched_rca,qwen3.6-27b,F,aiops2022,paymentservice-0,1,0,0
matched_rca,qwen3.6-27b,F,aiops2022,paymentservice2-0,1,0,0
matched_rca,qwen3.6-27b,F,aiops2022,productcatalogservice-0,1,1,1
matched_rca,qwen3.6-27b,F,aiops2022,productcatalogservice-1,1,1,1
matched_rca,qwen3.6-27b,F,aiops2022,recommendationservice2,1,0,0.5
ledger_handoff_rca,qwen3.8-27b,L_hyb,re2_tt,gke-gke-cluster-tt-default-pool-ca598206-xvr3,1,0,0.33333333
ledger_handoff_rca,qwen3.8-27b,L_hyb,re2_tt,ts,1,0,0.33333333
ledger_handoff_rca,qwen3.8-27b,L_hyb,re2_tt,ts-admin-route-service,1,0,0
ledger_handoff_rca,qwen3.8-27b,L_hyb,re2_tt,ts-admin-user-service,1,0,0.5
ledger_handoff_rca,qwen3.8-27b,L_hyb,re2_tt,ts-consign-service,1,0,0
ledger_handoff_rca,qwen3.8-27b,L_hyb,re2_tt,ts-food-service,1,0,0
ledger_handoff_rca,qwen3.8-27b,L_hyb,re2_tt,ts-notification-mongo,1,0,0.5
ledger_handoff_rca,qwen3.8-27b,L_hyb,re2_tt,ts-station-service,1,0,0.25
matched_rca,qwen3.6-27b,F,re2_tt,gke-gke-cluster-tt-default-pool-ca598206-xvr3,1,0,0.25
matched_rca,qwen3.6-27b,F,re2_tt,ts-assurance-service,1,0,0
ledger_handoff_rca,qwen3.8-27b,L_hyb,aegislab,ts-price-service,1,1,1
ledger_handoff_rca,qwen3.8-27b,L_hyb,aegislab,ts-station-food-service,1,0,0
ledger_handoff_rca,qwen3.8-27b,L_hyb,aegislab,ts-travel-plan-service-5b7fb74b4f-w8nlh,1,1,1
ledger_handoff_rca,qwen3.8-27b,L_hyb,aegislab,ts-travel-service-cbf9bf77c-knq2c,1,1,1
ledger_handoff_rca,qwen3.8-27b,L_hyb,aegislab,ts-user-service,1,0,0.5
ledger_handoff_rca,qwen3.8-27b,L_hyb,aegislab,ts-voucher-service,1,0,0
matched_rca,qwen3.6-27b,F,aiops2025,redis,1,0,0
matched_rca,qwen3.6-27b,F,aiops2025,tidb-pd,1,0,0
matched_rca,qwen3.6-27b,F,re2_ob,adservice,1,0,0.5
matched_rca,qwen3.6-27b,F,re2_ob,cartservice,1,0,0.5
matched_rca,qwen3.6-27b,F,re2_ob,gke-gke-cluster-default-pool-2e1807ce-cx8g,1,0,0.5
matched_rca,qwen3.6-27b,F,re2_ob,paymentservice,1,0,0
matched_rca,qwen3.6-27b,F,re2_tt,gke-gke-cluster-tt-default-pool-79112c30-f9qk,1,0,0
matched_rca,qwen3.6-27b,F,re2_tt,gke-gke-cluster-tt-default-pool-ca598206-g9jt,1,0,0.33333333
ledger_handoff_rca,qwen3.8-27b,L_hyb,aiops2022,istio-egressgateway-7bfdcc9d86-zpjpg,1,0,0
ledger_handoff_rca,qwen3.8-27b,L_hyb,aiops2022,node-2,1,1,1
ledger_handoff_rca,qwen3.8-27b,L_hyb,aiops2022,paymentservice-1,1,0,0
ledger_handoff_rca,qwen3.8-27b,L_hyb,aiops2022,paymentservice2,1,0,0.33333333
ledger_handoff_rca,qwen3.8-27b,L_hyb,aiops2022,recommendationservice-0,1,0,0
ledger_handoff_rca,qwen3.8-27b,L_hyb,aiops2025,currencyservice-2,1,0,0
ledger_handoff_rca,qwen3.8-27b,L_hyb,aiops2025,emailservice,1,0,0
matched_rca,qwen3.6-27b,F,aiops2025,productcatalogservice-1,1,1,1
ledger_handoff_rca,qwen3.8-27b,L_hyb,aiops2022,currencyservice2,1,0,0
ledger_handoff_rca,qwen3.8-27b,L_hyb,aiops2022,emailservice-0,1,0,0
ledger_handoff_rca,qwen3.8-27b,L_hyb,aiops2022,emailservice-1,1,1,1
ledger_handoff_rca,qwen3.8-27b,L_hyb,aiops2022,emailservice2,1,0,0.25
ledger_handoff_rca,qwen3.8-27b,L_hyb,aiops2022,emailservice2-0,1,0,0.5
ledger_handoff_rca,qwen3.8-27b,L_hyb,aiops2022,frontend-0,1,1,1
ledger_handoff_rca,qwen3.8-27b,L_hyb,aiops2022,frontend2,1,0,0
ledger_handoff_rca,qwen3.8-27b,L_hyb,aiops2022,frontend2-0,1,0,0
matched_rca,qwen3.6-27b,H,aegislab,ts-food-delivery-service,1,0,0
ledger_handoff_rca,qwen3.6-27b,L_vis,re2_tt,ts-order-other-mongo,1,0,0.5
ledger_handoff_rca,qwen3.6-27b,L_vis,re2_tt,ts-payment-service,1,0,0.5
ledger_handoff_rca,qwen3.6-27b,L_vis,re2_tt,ts-preserve-service,1,0,0.5
ledger_handoff_rca,qwen3.6-27b,L_vis,re2_tt,ts-ui-dashboard,1,0,0.2
ledger_handoff_rca,qwen3.8-27b,L_hyb,aegislab,rabbitmq,1,0,0
ledger_handoff_rca,qwen3.8-27b,L_hyb,aegislab,ts-admin-user-service,1,0,0
ledger_handoff_rca,qwen3.8-27b,L_hyb,aegislab,ts-assurance-service,1,1,1
matched_rca,qwen3.6-27b,F,re2_tt,ts-station-service,1,0,0
matched_rca,qwen3.6-27b,F,re2_tt,ts-ui-dashboard,1,0,0.25
matched_rca,qwen3.6-27b,H,aegislab,mysql,1,1,1
matched_rca,qwen3.6-27b,H,aegislab,rabbitmq,1,0,0.33333333
matched_rca,qwen3.6-27b,H,aegislab,ts-admin-user-service,1,0,0
matched_rca,qwen3.6-27b,H,aegislab,ts-avatar-service,1,0,0
matched_rca,qwen3.6-27b,H,aegislab,ts-consign-price-service,1,0,0.5
matched_rca,qwen3.6-27b,H,aegislab,ts-consign-service,1,1,1
ledger_handoff_rca,qwen3.8-27b,L_hyb,aiops2022,currencyservice-1,1,1,1
matched_rca,qwen3.6-27b,F,re2_tt,ts-food-map-mongo,1,0,0
matched_rca,qwen3.6-27b,F,re2_tt,ts-order-mongo,1,0,0.25
matched_rca,qwen3.6-27b,F,re2_tt,ts-order-other-mongo,1,0,0.5
matched_rca,qwen3.6-27b,F,re2_tt,ts-payment-service,1,0,0
matched_rca,qwen3.6-27b,F,re2_tt,ts-preserve-service,1,0,0
matched_rca,qwen3.6-27b,F,re2_tt,ts-price-mongo,1,0,0
matched_rca,qwen3.6-27b,F,re2_tt,ts-seat-service,1,0,0.33333333
ledger_handoff_rca,qwen3.8-27b,L_hyb,aiops2022,adservice-1,1,1,1
ledger_handoff_rca,qwen3.8-27b,L_hyb,aiops2022,adservice-2,1,0,0.2
ledger_handoff_rca,qwen3.8-27b,L_hyb,aiops2022,adservice2-0,1,0,0
ledger_handoff_rca,qwen3.8-27b,L_hyb,aiops2022,cartservice,1,1,1
ledger_handoff_rca,qwen3.8-27b,L_hyb,aiops2022,cartservice2,1,0,0.25
ledger_handoff_rca,qwen3.8-27b,L_hyb,aiops2022,cartservice2-0,1,0,0.5
ledger_handoff_rca,qwen3.8-27b,L_hyb,aiops2022,checkoutservice,1,0,0
ledger_handoff_rca,qwen3.8-27b,L_hyb,aiops2022,currencyservice-0,1,0,0
matched_rca,qwen3.6-27b,H,aiops2022,cartservice2-0,1,0,0.5
ledger_handoff_rca,qwen3.6-27b,L_vis,aiops2025,recommendationservice-2,1,0,0.5
ledger_handoff_rca,qwen3.6-27b,L_vis,aiops2025,redis,1,0,0
ledger_handoff_rca,qwen3.6-27b,L_vis,aiops2025,tidb-pd,1,0,0
ledger_handoff_rca,qwen3.6-27b,L_vis,aiops2025,,1,0,0
ledger_handoff_rca,qwen3.6-27b,L_vis,re2_ob,gke-gke-cluster-default-pool-c49c2b06-crhc,1,0,0.25
ledger_handoff_rca,qwen3.6-27b,L_vis,re2_ob,redis,1,0,0.5
ledger_handoff_rca,qwen3.6-27b,L_vis,re2_tt,gke-gke-cluster-tt-default-pool-448caaac-q7qg,1,0,0.5
matched_rca,qwen3.6-27b,H,aegislab,ts-wait-order-service,1,0,0
matched_rca,qwen3.6-27b,H,aiops2022,adservice-1,1,1,1
matched_rca,qwen3.6-27b,H,aiops2022,adservice2-0,1,0,0
matched_rca,qwen3.6-27b,H,aiops2022,cartservice,1,0,0.5
matched_rca,qwen3.6-27b,H,aiops2022,cartservice-0,1,0,0.33333333
matched_rca,qwen3.6-27b,H,aiops2022,cartservice-1,1,0,0
matched_rca,qwen3.6-27b,H,aiops2022,cartservice-2,1,0,0
matched_rca,qwen3.6-27b,H,aiops2022,cartservice2,1,0,0.5
ledger_handoff_rca,qwen3.8-27b,L_hyb,aegislab,ts-news-service,1,0,0
ledger_handoff_rca,qwen3.8-27b,L_hyb,aegislab,ts-notification-service,1,0,0
matched_rca,qwen3.6-27b,H,aegislab,ts-preserve-other-service,1,0,0.5
matched_rca,qwen3.6-27b,H,aegislab,ts-price-service,1,1,1
matched_rca,qwen3.6-27b,H,aegislab,ts-station-service,1,1,1
matched_rca,qwen3.6-27b,H,aegislab,ts-train-service,1,0,0
matched_rca,qwen3.6-27b,H,aegislab,ts-travel2-service,1,0,0.25
matched_rca,qwen3.6-27b,H,aegislab,ts-verification-code-service,1,0,0.33333333
ledger_handoff_rca,qwen3.8-27b,L_hyb,aegislab,ts-assurance-service-867778f676-vvvvd,1,1,1
ledger_handoff_rca,qwen3.8-27b,L_hyb,aegislab,ts-basic-service,1,0,0
ledger_handoff_rca,qwen3.8-27b,L_hyb,aegislab,ts-config-service-55cffbf48b-dx8rc,1,1,1
ledger_handoff_rca,qwen3.8-27b,L_hyb,aegislab,ts-config-service-7b97b98795-tpnjs,1,1,1
ledger_handoff_rca,qwen3.8-27b,L_hyb,aegislab,ts-food-service,1,0,0.33333333
ledger_handoff_rca,qwen3.8-27b,L_hyb,aegislab,ts-gateway-service,1,0,0.5
ledger_handoff_rca,qwen3.8-27b,L_hyb,aegislab,ts-inside-payment-service,1,1,1
ledger_handoff_rca,qwen3.8-27b,L_hyb,aegislab,ts-inside-payment-service-6954f7c664-wt2xz,1,1,1
matched_rca,qwen3.6-27b,H,aiops2022,redis-cart2,1,0,0
matched_rca,qwen3.6-27b,H,aiops2022,shippingservice2-0,1,0,0
ledger_handoff_rca,qwen3.6-27b,L_vis,aiops2025,adservice-2,1,1,1
ledger_handoff_rca,qwen3.6-27b,L_vis,aiops2025,cartservice,1,0,0.25
ledger_handoff_rca,qwen3.6-27b,L_vis,aiops2025,cartservice-0,1,0,0
ledger_handoff_rca,qwen3.6-27b,L_vis,aiops2025,cartservice-1,1,0,0.25
ledger_handoff_rca,qwen3.6-27b,L_vis,aiops2025,checkoutservice-2,1,0,0
ledger_handoff_rca,qwen3.6-27b,L_vis,aiops2025,currencyservice,1,0,0
matched_rca,qwen3.6-27b,H,aiops2022,istio-ingressgateway,1,0,0
matched_rca,qwen3.6-27b,H,aiops2022,node-3,1,0,0
matched_rca,qwen3.6-27b,H,aiops2022,node-4,1,1,1
matched_rca,qwen3.6-27b,H,aiops2022,paymentservice-0,1,0,0.5
matched_rca,qwen3.6-27b,H,aiops2022,paymentservice-2,1,0,0
matched_rca,qwen3.6-27b,H,aiops2022,productcatalogservice-0,1,1,1
matched_rca,qwen3.6-27b,H,aiops2022,recommendationservice,1,0,0
matched_rca,qwen3.6-27b,H,aiops2022,recommendationservice-0,1,0,0.5
matched_rca,qwen3.6-27b,H,aiops2022,checkoutservice-1,1,0,0
matched_rca,qwen3.6-27b,H,aiops2022,checkoutservice2,1,0,0.33333333
matched_rca,qwen3.6-27b,H,aiops2022,currencyservice-1,1,0,0
matched_rca,qwen3.6-27b,H,aiops2022,currencyservice-2,1,1,1
matched_rca,qwen3.6-27b,H,aiops2022,currencyservice2-0,1,0,0.5
matched_rca,qwen3.6-27b,H,aiops2022,emailservice2,1,0,0
matched_rca,qwen3.6-27b,H,aiops2022,emailservice2-0,1,0,0
matched_rca,qwen3.6-27b,H,aiops2022,frontend-1,1,0,0
ledger_handoff_rca,qwen3.6-27b,L_vis,re2_tt,gke-gke-cluster-tt-default-pool-ca598206-fipm,1,0,0
ledger_handoff_rca,qwen3.6-27b,L_vis,re2_tt,gke-gke-cluster-tt-default-pool-ca598206-g9jt,1,0,0.25
ledger_handoff_rca,qwen3.6-27b,L_vis,re2_tt,gke-gke-cluster-tt-default-pool-ca598206-p3ch,1,0,0
ledger_handoff_rca,qwen3.6-27b,L_vis,re2_tt,gke-gke-cluster-tt-default-pool-ca598206-xvr3,1,0,0.33333333
ledger_handoff_rca,qwen3.6-27b,L_vis,re2_tt,ts-assurance-service,1,0,0
ledger_handoff_rca,qwen3.6-27b,L_vis,re2_tt,ts-auth-mongo,1,0,0
ledger_handoff_rca,qwen3.6-27b,L_vis,re2_tt,ts-config-service,1,0,0
ledger_handoff_rca,qwen3.6-27b,L_vis,re2_tt,ts-food-map-mongo,1,0,0
ledger_handoff_rca,qwen3.6-27b,L_vis,aiops2022,currencyservice2-0,1,0,0.33333333
ledger_handoff_rca,qwen3.6-27b,L_vis,aiops2022,emailservice-2,1,0,0
ledger_handoff_rca,qwen3.6-27b,L_vis,aiops2022,emailservice2,1,0,0
ledger_handoff_rca,qwen3.6-27b,L_vis,aiops2022,emailservice2-0,1,0,0
ledger_handoff_rca,qwen3.6-27b,L_vis,aiops2022,frontend,1,0,0.25
ledger_handoff_rca,qwen3.6-27b,L_vis,aiops2022,frontend-1,1,0,0
ledger_handoff_rca,qwen3.6-27b,L_vis,aiops2022,istio-egressgateway-7bfdcc9d86-22q7z,1,0,0
ledger_handoff_rca,qwen3.6-27b,L_vis,aiops2022,istio-ingressgateway-565bffd4d-4nr6v,1,0,0.5
matched_rca,qwen3.6-27b,H,aiops2025,frontend-0,1,0,0.2
matched_rca,qwen3.6-27b,H,aiops2025,k8s-master2,1,0,0
matched_rca,qwen3.6-27b,H,aiops2025,k8s-master3,1,0,0
matched_rca,qwen3.6-27b,H,aiops2025,tidb-pd,1,0,0
matched_rca,qwen3.6-27b,H,re2_ob,frontend-external,1,0,0.25
ledger_handoff_rca,qwen3.6-27b,L_vis,aiops2022,checkoutservice2,1,0,0
ledger_handoff_rca,qwen3.6-27b,L_vis,aiops2022,checkoutservice2-0,1,0,0.2
ledger_handoff_rca,qwen3.6-27b,L_vis,aiops2022,currencyservice-2,1,0,0.33333333
ledger_handoff_rca,qwen3.6-27b,L_vis,aiops2025,node-7,1,0,0
ledger_handoff_rca,qwen3.6-27b,L_vis,aiops2025,paymentservice,1,0,0
ledger_handoff_rca,qwen3.6-27b,L_vis,aiops2025,paymentservice-0,1,0,0
ledger_handoff_rca,qwen3.6-27b,L_vis,aiops2025,paymentservice-2,1,0,0
matched_rca,qwen3.6-27b,H,aiops2025,adservice-1,1,0,0.5
matched_rca,qwen3.6-27b,H,aiops2025,adservice-2,1,1,1
matched_rca,qwen3.6-27b,H,aiops2025,checkoutservice,1,1,1
matched_rca,qwen3.6-27b,H,aiops2025,emailservice,1,0,0.2
ledger_handoff_rca,qwen3.6-27b,L_vis,aiops2025,currencyservice-2,1,0,0.2
ledger_handoff_rca,qwen3.6-27b,L_vis,aiops2025,emailservice-2,1,0,0.5
ledger_handoff_rca,qwen3.6-27b,L_vis,aiops2025,hipstershop,1,0,0
ledger_handoff_rca,qwen3.6-27b,L_vis,aiops2025,hmset,1,0,0.5
ledger_handoff_rca,qwen3.6-27b,L_vis,aiops2025,k8s-master3,1,0,0
ledger_handoff_rca,qwen3.6-27b,L_vis,aiops2025,node-2,1,0,0.33333333
ledger_handoff_rca,qwen3.6-27b,L_vis,aiops2025,node-4,1,0,0
ledger_handoff_rca,qwen3.6-27b,L_vis,aiops2025,node-6,1,1,1
matched_rca,qwen3.6-27b,H,re2_tt,ts-seat-service,1,0,0.5
matched_rca,qwen3.6-27b,H,re2_tt,ts-security-service,1,0,0.5
matched_rca,qwen3.6-27b,H,re2_tt,ts-station-service,1,0,0
matched_rca,qwen3.6-27b,P,aegislab,loadgenerator,1,0,0
matched_rca,qwen3.6-27b,P,aegislab,rabbitmq,1,0,0
matched_rca,qwen3.6-27b,P,aegislab,ts-assurance-service,1,0,0.33333333
matched_rca,qwen3.6-27b,P,aegislab,ts-cancel-service,1,0,0
matched_rca,qwen3.6-27b,P,aegislab,ts-config-service,1,0,0.2
matched_rca,qwen3.6-27b,H,re2_tt,ts-auth-mongo,1,0,0
matched_rca,qwen3.6-27b,H,re2_tt,ts-config-service,1,0,0
matched_rca,qwen3.6-27b,H,re2_tt,ts-consign-service,1,0,0.33333333
matched_rca,qwen3.6-27b,H,re2_tt,ts-food-map-mongo,1,0,0
matched_rca,qwen3.6-27b,H,re2_tt,ts-order-mongo,1,0,0.5
matched_rca,qwen3.6-27b,H,re2_tt,ts-order-other-mongo,1,0,0.5
matched_rca,qwen3.6-27b,H,re2_tt,ts-preserve-service,1,0,0
matched_rca,qwen3.6-27b,H,re2_tt,ts-price-mongo,1,0,0
ledger_handoff_rca,qwen3.6-27b,L_vis,aiops2022,redis-cart-0,1,0,0.25
ledger_handoff_rca,qwen3.6-27b,L_vis,aiops2022,shippingservice2-0,1,0,0
matched_rca,qwen3.6-27b,H,re2_ob,gke-gke-cluster-default-pool-2e1807ce-xte3,1,0,0.33333333
matched_rca,qwen3.6-27b,H,re2_ob,shippingservice,1,0,0.5
matched_rca,qwen3.6-27b,H,re2_tt,gke-gke-cluster-tt-default-pool-ca598206-g9jt,1,0,0
matched_rca,qwen3.6-27b,H,re2_tt,gke-gke-cluster-tt-default-pool-ca598206-p3ch,1,0,0.5
matched_rca,qwen3.6-27b,H,re2_tt,ts-admin-order-service,1,0,0.5
matched_rca,qwen3.6-27b,H,re2_tt,ts-admin-user-service,1,0,0
ledger_handoff_rca,qwen3.6-27b,L_vis,aiops2022,node-4,1,1,1
ledger_handoff_rca,qwen3.6-27b,L_vis,aiops2022,paymentservice-1,1,0,0
ledger_handoff_rca,qwen3.6-27b,L_vis,aiops2022,paymentservice-2,1,0,0.5
ledger_handoff_rca,qwen3.6-27b,L_vis,aiops2022,paymentservice2,1,0,0
ledger_handoff_rca,qwen3.6-27b,L_vis,aiops2022,productcatalogservice-0,1,1,1
ledger_handoff_rca,qwen3.6-27b,L_vis,aiops2022,productcatalogservice-2,1,0,0
ledger_handoff_rca,qwen3.6-27b,L_vis,aiops2022,productcatalogservice2-0,1,1,1
ledger_handoff_rca,qwen3.6-27b,L_vis,aiops2022,recommendationservice-2,1,0,0
ledger_handoff_rca,qwen3.6-27b,L_vis,aiops2022,adservice-1,1,1,1
ledger_handoff_rca,qwen3.6-27b,L_vis,aiops2022,cartservice,1,0,0
ledger_handoff_rca,qwen3.6-27b,L_vis,aiops2022,cartservice-0,1,0,0.5
ledger_handoff_rca,qwen3.6-27b,L_vis,aiops2022,cartservice-1,1,0,0
ledger_handoff_rca,qwen3.6-27b,L_vis,aiops2022,cartservice-2,1,0,0
ledger_handoff_rca,qwen3.6-27b,L_vis,aiops2022,cartservice2-0,1,0,0.33333333
ledger_handoff_rca,qwen3.6-27b,L_vis,aiops2022,checkoutservice,1,0,0.33333333
matched_rca,qwen3.6-27b,P,aiops2022,checkoutservice-1,1,0,0
ledger_handoff_rca,qwen3.6-27b,L_vis,aegislab,ts-route-plan-service,1,0,0.25
ledger_handoff_rca,qwen3.6-27b,L_vis,aegislab,ts-route-service,1,1,1
ledger_handoff_rca,qwen3.6-27b,L_vis,aegislab,ts-station-service,1,1,1
ledger_handoff_rca,qwen3.6-27b,L_vis,aegislab,ts-train-service,1,0,0
ledger_handoff_rca,qwen3.6-27b,L_vis,aegislab,ts-travel-service-cbf9bf77c-knq2c,1,1,1
ledger_handoff_rca,qwen3.6-27b,L_vis,aegislab,ts-travel2-service-6659b8fd5f-g4cbf,1,1,1
ledger_handoff_rca,qwen3.6-27b,L_vis,aegislab,ts-user-service,1,1,1
ledger_handoff_rca,qwen3.6-27b,L_vis,aegislab,ts-verification-code-service,1,0,0.5
matched_rca,qwen3.6-27b,P,aegislab,ts-travel-service,1,0,0
matched_rca,qwen3.6-27b,P,aiops2022,adservice-0,1,0,0
matched_rca,qwen3.6-27b,P,aiops2022,adservice2-0,1,0,0
matched_rca,qwen3.6-27b,P,aiops2022,cartservice-0,1,1,1
matched_rca,qwen3.6-27b,P,aiops2022,cartservice-2,1,0,0
matched_rca,qwen3.6-27b,P,aiops2022,cartservice2,1,0,0.5
ledger_handoff_rca,qwen3.6-27b,L_vis,aegislab,ts-order-service,1,1,1
ledger_handoff_rca,qwen3.6-27b,L_vis,aegislab,ts-payment-service,1,0,0
matched_rca,qwen3.6-27b,P,aegislab,ts-contacts-service,1,0,0.5
matched_rca,qwen3.6-27b,P,aegislab,ts-food-service,1,1,1
matched_rca,qwen3.6-27b,P,aegislab,ts-inside-payment-service,1,0,0.33333333
matched_rca,qwen3.6-27b,P,aegislab,ts-order-other-service,1,1,1
matched_rca,qwen3.6-27b,P,aegislab,ts-order-service,1,1,1
matched_rca,qwen3.6-27b,P,aegislab,ts-route-plan-service,1,0,0.33333333
matched_rca,qwen3.6-27b,P,aegislab,ts-route-service,1,1,1
matched_rca,qwen3.6-27b,P,aegislab,ts-security-service,1,0,0.5
ledger_handoff_rca,qwen3.6-27b,L_vis,aegislab,ts-cancel-service,1,0,0
ledger_handoff_rca,qwen3.6-27b,L_vis,aegislab,ts-config-service,1,1,1
ledger_handoff_rca,qwen3.6-27b,L_vis,aegislab,ts-config-service-7b97b98795-tpnjs,1,1,1
ledger_handoff_rca,qwen3.6-27b,L_vis,aegislab,ts-contacts-service,1,0,0.5
ledger_handoff_rca,qwen3.6-27b,L_vis,aegislab,ts-food-delivery-service,1,0,0.5
ledger_handoff_rca,qwen3.6-27b,L_vis,aegislab,ts-gateway-service,1,0,0
ledger_handoff_rca,qwen3.6-27b,L_vis,aegislab,ts-news-service,1,0,0
ledger_handoff_rca,qwen3.6-27b,L_txt,aiops2025,paymentservice-0,1,1,1
ledger_handoff_rca,qwen3.6-27b,L_txt,re2_tt,ts-security-service,1,0,0.5
ledger_handoff_rca,qwen3.6-27b,L_txt,re2_tt,ts-travel2-service,1,0,0.33333333
ledger_handoff_rca,qwen3.6-27b,L_txt,re2_tt,ts-ui-dashboard,1,0,0
ledger_handoff_rca,qwen3.6-27b,L_vis,aegislab,mysql,1,1,1
ledger_handoff_rca,qwen3.6-27b,L_vis,aegislab,ts-admin-order-service,1,0,0.5
ledger_handoff_rca,qwen3.6-27b,L_vis,aegislab,ts-admin-user-service,1,0,0
ledger_handoff_rca,qwen3.6-27b,L_vis,aegislab,ts-avatar-service,1,0,0
ledger_handoff_rca,qwen3.6-27b,L_vis,aegislab,ts-basic-service,1,1,1
matched_rca,qwen3.6-27b,P,aiops2022,productcatalogservice-2,1,0,0
matched_rca,qwen3.6-27b,P,aiops2022,recommendationservice-2,1,1,1
matched_rca,qwen3.6-27b,P,aiops2022,recommendationservice2,1,0,0.5
matched_rca,qwen3.6-27b,P,aiops2022,redis-cart,1,0,0
matched_rca,qwen3.6-27b,P,aiops2022,redis-cart2,1,0,0
matched_rca,qwen3.6-27b,P,aiops2022,shippingservice-0,1,1,1
ledger_handoff_rca,qwen3.6-27b,L_txt,re2_tt,ts-food-map-mongo,1,0,0
ledger_handoff_rca,qwen3.6-27b,L_txt,re2_tt,ts-order-other-mongo,1,0,0.5
matched_rca,qwen3.6-27b,P,aiops2022,checkoutservice2-0,1,0,0.33333333
matched_rca,qwen3.6-27b,P,aiops2022,currencyservice-1,1,1,1
matched_rca,qwen3.6-27b,P,aiops2022,currencyservice2,1,0,0
matched_rca,qwen3.6-27b,P,aiops2022,emailservice-1,1,1,1
matched_rca,qwen3.6-27b,P,aiops2022,emailservice-2,1,0,0
matched_rca,qwen3.6-27b,P,aiops2022,frontend-2,1,0,0
matched_rca,qwen3.6-27b,P,aiops2022,istio-ingressgateway,1,0,0
matched_rca,qwen3.6-27b,P,aiops2022,istio-ingressgateway-565bffd4d-rn678,1,0,0
ledger_handoff_rca,qwen3.6-27b,L_txt,aiops2025,adservice-2,1,1,1
ledger_handoff_rca,qwen3.6-27b,L_txt,aiops2025,cartservice,1,0,0
ledger_handoff_rca,qwen3.6-27b,L_txt,aiops2025,checkoutservice-2,1,0,0
ledger_handoff_rca,qwen3.6-27b,L_txt,aiops2025,currencyservice-0,1,0,0.33333333
ledger_handoff_rca,qwen3.6-27b,L_txt,aiops2025,emailservice,1,0,0
ledger_handoff_rca,qwen3.6-27b,L_txt,aiops2025,emailservice-0,1,0,0
ledger_handoff_rca,qwen3.6-27b,L_txt,aiops2025,emailservice-2,1,0,0.5
ledger_handoff_rca,qwen3.6-27b,L_txt,aiops2025,k8s-master2,1,0,0.25
matched_rca,qwen3.6-27b,P,aiops2025,paymentservice-2,1,0,0
matched_rca,qwen3.6-27b,P,aiops2025,redis,1,0,0
matched_rca,qwen3.6-27b,P,re2_ob,adservice,1,0,0.5
matched_rca,qwen3.6-27b,P,re2_ob,cartservice,1,0,0.5
ledger_handoff_rca,qwen3.6-27b,L_txt,aiops2022,productcatalogservice-0,1,1,1
ledger_handoff_rca,qwen3.6-27b,L_txt,aiops2022,redis-cart-0,1,0,0
ledger_handoff_rca,qwen3.6-27b,L_txt,aiops2022,shippingservice-0,1,0,0
ledger_handoff_rca,qwen3.6-27b,L_txt,aiops2022,shippingservice2-0,1,0,0
ledger_handoff_rca,qwen3.6-27b,L_txt,re2_tt,gke-gke-cluster-tt-default-pool-ca598206-fipm,1,0,0
ledger_handoff_rca,qwen3.6-27b,L_txt,re2_tt,gke-gke-cluster-tt-default-pool-ca598206-g9jt,1,0,0.25
ledger_handoff_rca,qwen3.6-27b,L_txt,re2_tt,ts-admin-route-service,1,0,0
ledger_handoff_rca,qwen3.6-27b,L_txt,re2_tt,ts-admin-user-service,1,0,0
ledger_handoff_rca,qwen3.6-27b,L_txt,re2_tt,ts-auth-mongo,1,0,0
ledger_handoff_rca,qwen3.6-27b,L_txt,re2_tt,ts-config-service,1,0,0
matched_rca,qwen3.6-27b,P,aiops2025,emailservice,1,0,0
matched_rca,qwen3.6-27b,P,aiops2025,frontend-1,1,1,1
ledger_handoff_rca,qwen3.6-27b,L_txt,aiops2025,productcatalogservice-1,1,1,1
ledger_handoff_rca,qwen3.6-27b,L_txt,aiops2025,redis,1,0,0
ledger_handoff_rca,qwen3.6-27b,L_txt,aiops2025,tidb-pd,1,0,0
ledger_handoff_rca,qwen3.6-27b,L_txt,re2_ob,gke-gke-cluster-default-pool-2e1807ce-w819,1,0,0.33333333
ledger_handoff_rca,qwen3.6-27b,L_txt,re2_ob,gke-gke-cluster-default-pool-c49c2b06-crhc,1,0,0
ledger_handoff_rca,qwen3.6-27b,L_txt,re2_ob,shippingservice,1,0,0.5
ledger_handoff_rca,qwen3.6-27b,L_txt,re2_tt,gke-gke-cluster-tt-default-pool-448caaac-q7qg,1,0,0.5
ledger_handoff_rca,qwen3.6-27b,L_txt,re2_tt,gke-gke-cluster-tt-default-pool-448caaac-rjxh,1,0,0.33333333
ledger_handoff_rca,qwen3.6-27b,L_txt,aiops2022,checkoutservice2,1,0,0
ledger_handoff_rca,qwen3.6-27b,L_txt,aiops2022,checkoutservice2-0,1,0,0.2
ledger_handoff_rca,qwen3.6-27b,L_txt,aiops2022,currencyservice2,1,0,0
ledger_handoff_rca,qwen3.6-27b,L_txt,aiops2022,emailservice-0,1,0,0
ledger_handoff_rca,qwen3.6-27b,L_txt,aiops2022,emailservice-2,1,0,0
ledger_handoff_rca,qwen3.6-27b,L_txt,aiops2022,emailservice2,1,0,0
ledger_handoff_rca,qwen3.6-27b,L_txt,aiops2022,frontend2,1,0,0
ledger_handoff_rca,qwen3.6-27b,L_txt,aiops2022,istio-egressgateway-7bfdcc9d86-22q7z,1,0,0
matched_rca,qwen3.6-27b,P,re2_tt,ts-security-service,1,0,0.5
matched_rca,qwen3.6-27b,P,re2_tt,ts-station-service,1,0,0
matched_rca,qwen3.6-27b,P,re2_tt,ts-ticketinfo-service,1,0,0.5
ledger_handoff_rca,qwen3.6-27b,L_txt,aiops2022,adservice-1,1,1,1
ledger_handoff_rca,qwen3.6-27b,L_txt,aiops2022,cartservice,1,1,1
ledger_handoff_rca,qwen3.6-27b,L_txt,aiops2022,cartservice2-0,1,0,0.2
ledger_handoff_rca,qwen3.6-27b,L_txt,aiops2022,checkoutservice-1,1,1,1
ledger_handoff_rca,qwen3.6-27b,L_txt,aiops2022,checkoutservice-2,1,0,0
matched_rca,qwen3.6-27b,P,re2_tt,ts-admin-order-service,1,0,0.5
matched_rca,qwen3.6-27b,P,re2_tt,ts-admin-user-service,1,0,0
matched_rca,qwen3.6-27b,P,re2_tt,ts-assurance-service,1,0,0
matched_rca,qwen3.6-27b,P,re2_tt,ts-auth-mongo,1,0,0
matched_rca,qwen3.6-27b,P,re2_tt,ts-consign-service,1,0,0.33333333
matched_rca,qwen3.6-27b,P,re2_tt,ts-order-other-mongo,1,0,0.5
matched_rca,qwen3.6-27b,P,re2_tt,ts-preserve-service,1,0,0
matched_rca,qwen3.6-27b,P,re2_tt,ts-price-mongo,1,0,0
ledger_handoff_rca,qwen3.6-27b,L_txt,aiops2025,k8s-master3,1,0,0
ledger_handoff_rca,qwen3.6-27b,L_txt,aiops2025,node-4,1,1,1
ledger_handoff_rca,qwen3.6-27b,L_txt,aiops2025,node-6,1,1,1
ledger_handoff_rca,qwen3.6-27b,L_txt,aiops2025,node-7,1,0,0
matched_rca,qwen3.6-27b,P,re2_ob,gke-gke-cluster-default-pool-2e1807ce-cx8g,1,0,0.5
matched_rca,qwen3.6-27b,P,re2_tt,gke-gke-cluster-tt-default-pool-ca598206-fipm,1,0,0
matched_rca,qwen3.6-27b,P,re2_tt,gke-gke-cluster-tt-default-pool-ca598206-g9jt,1,0,0.33333333
matched_rca,qwen3.6-27b,P,re2_tt,gke-gke-cluster-tt-default-pool-ca598206-xvr3,1,0,0
matched_rca,qwen3.6-27b,R,aegislab,ts-config-service-7b97b98795-tpnjs,1,1,1
matched_rca,qwen3.6-27b,R,aegislab,ts-gateway-service,1,0,0
matched_rca,qwen3.6-27b,R,aegislab,ts-inside-payment-service,1,1,1
matched_rca,qwen3.6-27b,R,aegislab,ts-news-service,1,0,0
matched_rca,qwen3.6-27b,R,aegislab,ts-payment-service,1,0,0
matched_rca,qwen3.6-27b,R,aiops2022,adservice2-0,1,0,0
matched_rca,qwen3.6-27b,R,aiops2022,cartservice-0,1,1,1
matched_rca,qwen3.6-27b,R,aiops2022,cartservice2-0,1,0,0.5
ledger_handoff_rca,qwen3.6-27b,L_txt,aegislab,ts-travel-service,1,1,1
matched_rca,qwen3.6-27b,P,re2_tt,ts-user-service,1,0,0.33333333
matched_rca,qwen3.6-27b,R,aegislab,ts-admin-user-service,1,0,0
matched_rca,qwen3.6-27b,R,aegislab,ts-auth-service-6477f4967c-l9mwz,1,1,1
matched_rca,qwen3.6-27b,R,aegislab,ts-avatar-service,1,0,0
matched_rca,qwen3.6-27b,R,aegislab,ts-cancel-service,1,0,0.2
matched_rca,qwen3.6-27b,R,aegislab,ts-config-service,1,0,0.33333333
matched_rca,qwen3.6-27b,R,aegislab,ts-config-service-55cffbf48b-dx8rc,1,1,1
ledger_handoff_rca,qwen3.6-27b,L_txt,aegislab,ts-food-delivery-service,1,0,0.5
ledger_handoff_rca,qwen3.6-27b,L_txt,aegislab,ts-gateway-service,1,0,0
ledger_handoff_rca,qwen3.6-27b,L_txt,aegislab,ts-news-service,1,0,0
ledger_handoff_rca,qwen3.6-27b,L_txt,aegislab,ts-order-service,1,0,0.5
ledger_handoff_rca,qwen3.6-27b,L_txt,aegislab,ts-payment-service,1,0,0
ledger_handoff_rca,qwen3.6-27b,L_txt,aegislab,ts-route-plan-service,1,0,0
ledger_handoff_rca,qwen3.6-27b,L_txt,aegislab,ts-route-service,1,1,1
ledger_handoff_rca,qwen3.6-27b,L_txt,aegislab,ts-station-food-service,1,0,0
ledger_handoff_rca,qwen3.6-27b,L_txt,aiops2022,node-3,1,1,1
ledger_handoff_rca,qwen3.6-27b,L_txt,aiops2022,paymentservice2,1,0,0
ledger_handoff_rca,qwen3.6-27b,L_txt,aegislab,ts-admin-travel-service,1,0,0.25
ledger_handoff_rca,qwen3.6-27b,L_txt,aegislab,ts-admin-user-service,1,0,0
ledger_handoff_rca,qwen3.6-27b,L_txt,aegislab,ts-auth-service,1,1,1
ledger_handoff_rca,qwen3.6-27b,L_txt,aegislab,ts-auth-service-6477f4967c-l9mwz,1,1,1
ledger_handoff_rca,qwen3.6-27b,L_txt,aegislab,ts-config-service,1,0,0.33333333
ledger_handoff_rca,qwen3.6-27b,L_txt,aegislab,ts-config-service-55cffbf48b-dx8rc,1,1,1
ledger_handoff_rca,qwen3.6-27b,L_hyb,re2_tt,ts-order-other-mongo,1,0,0.5
ledger_handoff_rca,qwen3.6-27b,L_hyb,re2_tt,ts-preserve-other-service,1,0,0.2
ledger_handoff_rca,qwen3.6-27b,L_hyb,re2_tt,ts-seat-service,1,0,0.33333333
ledger_handoff_rca,qwen3.6-27b,L_hyb,re2_tt,ts-security-service,1,0,0.5
ledger_handoff_rca,qwen3.6-27b,L_hyb,re2_tt,ts-travel2-service,1,0,0.33333333
ledger_handoff_rca,qwen3.6-27b,L_hyb,re2_tt,ts-ui-dashboard,1,0,0
ledger_handoff_rca,qwen3.6-27b,L_txt,aegislab,loadgenerator,1,0,0.5
ledger_handoff_rca,qwen3.6-27b,L_hyb,aiops2025,frontend-0,1,0,0.5
ledger_handoff_rca,qwen3.6-27b,L_hyb,re2_tt,gke-gke-cluster-tt-default-pool-ca598206-g9jt,1,0,0.25
ledger_handoff_rca,qwen3.6-27b,L_hyb,re2_tt,gke-gke-cluster-tt-default-pool-ca598206-p3ch,1,0,0
ledger_handoff_rca,qwen3.6-27b,L_hyb,re2_tt,ts-admin-user-service,1,0,0
ledger_handoff_rca,qwen3.6-27b,L_hyb,re2_tt,ts-auth-mongo,1,0,0
ledger_handoff_rca,qwen3.6-27b,L_hyb,re2_tt,ts-basic-service,1,0,0
ledger_handoff_rca,qwen3.6-27b,L_hyb,re2_tt,ts-config-service,1,0,0
ledger_handoff_rca,qwen3.6-27b,L_hyb,re2_tt,ts-food-map-mongo,1,0,0
ledger_handoff_rca,qwen3.6-27b,L_hyb,re2_tt,ts-notification-mongo,1,0,0.5
matched_rca,qwen3.6-27b,R,aiops2022,istio-egressgateway-7bfdcc9d86-22q7z,1,0,0
matched_rca,qwen3.6-27b,R,aiops2022,node-1,1,0,0
matched_rca,qwen3.6-27b,R,aiops2022,node-3,1,1,1
matched_rca,qwen3.6-27b,R,aiops2022,node-4,1,1,1
matched_rca,qwen3.6-27b,R,aiops2022,paymentservice-2,1,0,0.5
ledger_handoff_rca,qwen3.6-27b,L_hyb,re2_ob,gke-gke-cluster-default-pool-c49c2b06-vlhn,1,0,0.5
ledger_handoff_rca,qwen3.6-27b,L_hyb,re2_ob,shippingservice,1,0,0.5
ledger_handoff_rca,qwen3.6-27b,L_hyb,re2_tt,gke-gke-cluster-tt-default-pool-ca598206-fipm,1,0,0
matched_rca,qwen3.6-27b,R,aiops2022,checkoutservice-1,1,1,1
matched_rca,qwen3.6-27b,R,aiops2022,checkoutservice2,1,0,0
matched_rca,qwen3.6-27b,R,aiops2022,currencyservice2,1,0,0
matched_rca,qwen3.6-27b,R,aiops2022,emailservice-1,1,1,1
matched_rca,qwen3.6-27b,R,aiops2022,emailservice-2,1,0,0
matched_rca,qwen3.6-27b,R,aiops2022,emailservice2-0,1,0,0
matched_rca,qwen3.6-27b,R,aiops2022,frontend-1,1,0,0
matched_rca,qwen3.6-27b,R,aiops2022,frontend2,1,0,0
ledger_handoff_rca,qwen3.6-27b,L_hyb,aiops2022,frontend-2,1,1,1
ledger_handoff_rca,qwen3.6-27b,L_hyb,aiops2022,frontend2,1,0,0
ledger_handoff_rca,qwen3.6-27b,L_hyb,aiops2022,istio-egressgateway-7bfdcc9d86-22q7z,1,0,0
ledger_handoff_rca,qwen3.6-27b,L_hyb,aiops2022,node-3,1,1,1
ledger_handoff_rca,qwen3.6-27b,L_hyb,aiops2022,node-4,1,1,1
ledger_handoff_rca,qwen3.6-27b,L_hyb,aiops2022,paymentservice-1,1,0,0.25
ledger_handoff_rca,qwen3.6-27b,L_hyb,aiops2022,paymentservice2,1,0,0.33333333
ledger_handoff_rca,qwen3.6-27b,L_hyb,aiops2022,productcatalogservice,1,1,1
matched_rca,qwen3.6-27b,R,aiops2025,cartservice-0,1,0,0
matched_rca,qwen3.6-27b,R,aiops2025,currencyservice-1,1,0,0
matched_rca,qwen3.6-27b,R,aiops2025,frontend-0,1,1,1
matched_rca,qwen3.6-27b,R,aiops2025,frontend-1,1,0,0
matched_rca,qwen3.6-27b,R,aiops2025,hipstershop,1,0,0
matched_rca,qwen3.6-27b,R,aiops2025,node-2,1,0,0
matched_rca,qwen3.6-27b,R,aiops2025,node-6,1,1,1
matched_rca,qwen3.6-27b,R,aiops2025,paymentservice-0,1,1,1
ledger_handoff_rca,qwen3.6-27b,L_hyb,aiops2025,shippingservice-0,1,1,1
ledger_handoff_rca,qwen3.6-27b,L_hyb,aiops2025,shippingservice-1,1,0,0
ledger_handoff_rca,qwen3.6-27b,L_hyb,aiops2025,tidb-pd,1,0,0
ledger_handoff_rca,qwen3.6-27b,L_hyb,re2_ob,gke-gke-cluster-default-pool-c49c2b06-crhc,1,0,0
matched_rca,qwen3.6-27b,R,aiops2022,paymentservice2,1,0,0
matched_rca,qwen3.6-27b,R,aiops2022,productcatalogservice-0,1,1,1
matched_rca,qwen3.6-27b,R,aiops2022,shippingservice,1,0,0
matched_rca,qwen3.6-27b,R,aiops2025,adservice-2,1,1,1
ledger_handoff_rca,qwen3.6-27b,L_hyb,aiops2025,k8s-master3,1,0,0
ledger_handoff_rca,qwen3.6-27b,L_hyb,aiops2025,node-4,1,1,1
ledger_handoff_rca,qwen3.6-27b,L_hyb,aiops2025,node-6,1,1,1
ledger_handoff_rca,qwen3.6-27b,L_hyb,aiops2025,node-7,1,0,0
ledger_handoff_rca,qwen3.6-27b,L_hyb,aiops2025,paymentservice,1,0,0.5
ledger_handoff_rca,qwen3.6-27b,L_hyb,aiops2025,productcatalogservice-1,1,1,1
ledger_handoff_rca,qwen3.6-27b,L_hyb,aiops2025,recommendationservice-2,1,0,0
ledger_handoff_rca,qwen3.6-27b,L_hyb,aiops2025,redis,1,0,0.33333333
ledger_handoff_rca,qwen3.6-27b,L_hyb,aegislab,ts-travel2-service,1,0,0.33333333
ledger_handoff_rca,qwen3.6-27b,L_hyb,aegislab,ts-travel2-service-6659b8fd5f-g4cbf,1,1,1
ledger_handoff_rca,qwen3.6-27b,L_hyb,aiops2022,adservice-1,1,1,1
ledger_handoff_rca,qwen3.6-27b,L_hyb,aiops2022,cartservice-1,1,0,0
ledger_handoff_rca,qwen3.6-27b,L_hyb,aiops2022,checkoutservice-1,1,1,1
ledger_handoff_rca,qwen3.6-27b,L_hyb,aiops2022,checkoutservice-2,1,0,0
ledger_handoff_rca,qwen3.6-27b,L_hyb,aiops2022,currencyservice2-0,1,0,0.2
ledger_handoff_rca,qwen3.6-27b,L_hyb,aiops2022,emailservice-0,1,0,0
matched_rca,qwen3.6-27b,R,re2_tt,ts-admin-user-service,1,0,0
matched_rca,qwen3.6-27b,R,re2_tt,ts-auth-mongo,1,0,0
matched_rca,qwen3.6-27b,R,re2_tt,ts-basic-service,1,0,0
matched_rca,qwen3.6-27b,R,re2_tt,ts-food-map-mongo,1,0,0
matched_rca,qwen3.6-27b,R,re2_tt,ts-order-other-mongo,1,0,0.5
ledger_handoff_rca,qwen3.6-27b,L_hyb,aegislab,ts-route-service,1,1,1
ledger_handoff_rca,qwen3.6-27b,L_hyb,aegislab,ts-route-service-757558799f-jzjhg,1,1,1
ledger_handoff_rca,qwen3.6-27b,L_hyb,aegislab,ts-travel-service-cbf9bf77c-knq2c,1,1,1
matched_rca,qwen3.6-27b,R,aiops2025,recommendationservice,1,1,1
matched_rca,qwen3.6-27b,R,aiops2025,recommendationservice-2,1,0,0
matched_rca,qwen3.6-27b,R,aiops2025,redis-cart,1,0,0
matched_rca,qwen3.6-27b,R,re2_ob,gke-gke-cluster-default-pool-2e1807ce-cx8g,1,0,0.25
matched_rca,qwen3.6-27b,R,re2_ob,shippingservice,1,0,0.5
matched_rca,qwen3.6-27b,R,re2_tt,gke-gke-cluster-tt-default-pool-ca598206-fipm,1,0,0
matched_rca,qwen3.6-27b,R,re2_tt,gke-gke-cluster-tt-default-pool-ca598206-g9jt,1,0,0.25
matched_rca,qwen3.6-27b,R,re2_tt,gke-gke-cluster-tt-default-pool-ca598206-xvr3,1,0,0
ledger_handoff_rca,qwen3.6-27b,L_hyb,aiops2022,productcatalogservice-0,1,1,1
ledger_handoff_rca,qwen3.6-27b,L_hyb,aiops2022,productcatalogservice-1,1,1,1
ledger_handoff_rca,qwen3.6-27b,L_hyb,aiops2022,recommendationservice-2,1,1,1
ledger_handoff_rca,qwen3.6-27b,L_hyb,aiops2022,shippingservice2-0,1,0,0
ledger_handoff_rca,qwen3.6-27b,L_hyb,aiops2025,cartservice,1,0,0
ledger_handoff_rca,qwen3.6-27b,L_hyb,aiops2025,cartservice-0,1,0,0.25
ledger_handoff_rca,qwen3.6-27b,L_hyb,aiops2025,emailservice-0,1,0,0
matched_rca,qwen3.6-27b,R,aiops2025,productcatalogservice-1,1,1,1
matched_rca,qwen3.6-27b,T,aegislab,ts-consign-price-service,1,0,0.33333333
matched_rca,qwen3.6-27b,T,aegislab,ts-preserve-other-service,1,0,0
matched_rca,qwen3.6-27b,T,aegislab,ts-route-service-757558799f-jzjhg,1,1,1
ledger_handoff_rca,gemma-4-26b-a4b,L_vis,aiops2025,shippingservice-0,1,0,0
ledger_handoff_rca,gemma-4-26b-a4b,L_vis,aiops2025,shippingservice-2,1,1,1
ledger_handoff_rca,gemma-4-26b-a4b,L_vis,re2_ob,frontend-external,1,0,0
ledger_handoff_rca,gemma-4-26b-a4b,L_vis,re2_ob,gke-gke-cluster-default-pool-2e1807ce-0e4z,1,0,0
ledger_handoff_rca,gemma-4-26b-a4b,L_vis,re2_ob,gke-gke-cluster-default-pool-9da84637-r1mb,1,0,0
ledger_handoff_rca,qwen3.6-27b,L_hyb,aegislab,ts-order-service,1,0,0.5
ledger_handoff_rca,qwen3.6-27b,L_hyb,aegislab,ts-payment-service,1,0,0
matched_rca,qwen3.6-27b,R,re2_tt,ts-security-service,1,0,0.5
matched_rca,qwen3.6-27b,R,re2_tt,ts-user-service,1,0,0.5
matched_rca,qwen3.6-27b,T,aegislab,loadgenerator,1,0,0.2
matched_rca,qwen3.6-27b,T,aegislab,ts-admin-order-service,1,0,0.33333333
matched_rca,qwen3.6-27b,T,aegislab,ts-auth-service-6477f4967c-l9mwz,1,1,1
matched_rca,qwen3.6-27b,T,aegislab,ts-config-service-55cffbf48b-dx8rc,1,1,1
ledger_handoff_rca,qwen3.6-27b,L_hyb,aegislab,ts-admin-user-service,1,0,0
ledger_handoff_rca,qwen3.6-27b,L_hyb,aegislab,ts-auth-service-6477f4967c-l9mwz,1,1,1
ledger_handoff_rca,qwen3.6-27b,L_hyb,aegislab,ts-avatar-service,1,0,0
ledger_handoff_rca,qwen3.6-27b,L_hyb,aegislab,ts-cancel-service,1,0,0.5
ledger_handoff_rca,qwen3.6-27b,L_hyb,aegislab,ts-config-service-7b97b98795-tpnjs,1,1,1
ledger_handoff_rca,qwen3.6-27b,L_hyb,aegislab,ts-contacts-service,1,0,0.5
ledger_handoff_rca,qwen3.6-27b,L_hyb,aegislab,ts-news-service,1,0,0
ledger_handoff_rca,qwen3.6-27b,L_hyb,aegislab,ts-order-other-service,1,1,1
ledger_handoff_rca,qwen3.6-27b,L_hyb,aiops2022,emailservice2,1,0,0
ledger_handoff_rca,qwen3.6-27b,L_hyb,aiops2022,emailservice2-0,1,0,0
ledger_handoff_rca,gemma-4-26b-a4b,L_vis,re2_tt,ts-price-service,1,0,0
ledger_handoff_rca,gemma-4-26b-a4b,L_vis,re2_tt,ts-security-mongo,1,0,0
ledger_handoff_rca,gemma-4-26b-a4b,L_vis,re2_tt,ts-ticketinfo-service,1,0,0
ledger_handoff_rca,gemma-4-26b-a4b,L_vis,re2_tt,ts-user-mongo,1,0,0
ledger_handoff_rca,qwen3.6-27b,L_hyb,aegislab,mysql,1,0,0.33333333
ledger_handoff_rca,qwen3.6-27b,L_hyb,aegislab,rabbitmq,1,0,0
matched_rca,qwen3.6-27b,T,aiops2022,checkoutservice-1,1,1,1
matched_rca,qwen3.6-27b,T,aiops2022,currencyservice-grpc,1,0,0
matched_rca,qwen3.6-27b,T,aiops2022,currencyservice2-0,1,0,0
matched_rca,qwen3.6-27b,T,aiops2022,frontend-1,1,0,0.2
ledger_handoff_rca,gemma-4-26b-a4b,L_vis,aiops2022,checkoutservice-2,1,0,0
ledger_handoff_rca,gemma-4-26b-a4b,L_vis,aiops2022,currencyservice-0,1,0,0
ledger_handoff_rca,gemma-4-26b-a4b,L_vis,aiops2022,currencyservice-2,1,1,1
ledger_handoff_rca,gemma-4-26b-a4b,L_vis,aiops2022,emailservice-1,1,0,0
ledger_handoff_rca,gemma-4-26b-a4b,L_vis,aiops2025,paymentservice-1,1,0,0
ledger_handoff_rca,gemma-4-26b-a4b,L_vis,aiops2025,productcatalogservice-0,1,0,0
ledger_handoff_rca,gemma-4-26b-a4b,L_vis,aiops2025,recommendationservice-2,1,0,0
ledger_handoff_rca,gemma-4-26b-a4b,L_vis,aiops2025,redis-cart-0,1,0,0
matched_rca,qwen3.6-27b,T,aiops2022,adservice-1,1,1,1
matched_rca,qwen3.6-27b,T,aiops2022,cartservice,1,0,0.33333333
matched_rca,qwen3.6-27b,T,aiops2022,cartservice2,1,0,0.5
matched_rca,qwen3.6-27b,T,aiops2022,cartservice2-0,1,0,0.5
ledger_handoff_rca,gemma-4-26b-a4b,L_vis,aiops2025,checkoutservice-1,1,0,0
ledger_handoff_rca,gemma-4-26b-a4b,L_vis,aiops2025,checkoutservice-2,1,0,0
ledger_handoff_rca,gemma-4-26b-a4b,L_vis,aiops2025,currencyservice-0,1,0,0
ledger_handoff_rca,gemma-4-26b-a4b,L_vis,aiops2025,currencyservice-1,1,0,0.2
ledger_handoff_rca,gemma-4-26b-a4b,L_vis,aiops2025,emailservice-2,1,0,0.5
ledger_handoff_rca,gemma-4-26b-a4b,L_vis,aiops2025,hipstershop,1,0,0
ledger_handoff_rca,gemma-4-26b-a4b,L_vis,aiops2025,k8s-master3,1,0,0
ledger_handoff_rca,gemma-4-26b-a4b,L_vis,aiops2025,node-4,1,1,1
ledger_handoff_rca,gemma-4-26b-a4b,L_vis,re2_ob,shippingservice,1,0,0
ledger_handoff_rca,gemma-4-26b-a4b,L_vis,re2_tt,gke-gke-cluster-tt-default-pool-ca598206-p3ch,1,0,0
ledger_handoff_rca,gemma-4-26b-a4b,L_vis,re2_tt,ts-admin-basic-info-service,1,0,0
ledger_handoff_rca,gemma-4-26b-a4b,L_vis,re2_tt,ts-admin-route-service,1,0,0
ledger_handoff_rca,gemma-4-26b-a4b,L_vis,re2_tt,ts-auth-mongo,1,0,0
ledger_handoff_rca,gemma-4-26b-a4b,L_vis,re2_tt,ts-cancel-service,1,0,0
ledger_handoff_rca,gemma-4-26b-a4b,L_vis,re2_tt,ts-consign-price-mongo,1,0,0
ledger_handoff_rca,gemma-4-26b-a4b,L_vis,re2_tt,ts-payment-mongo,1,0,0
matched_rca,qwen3.6-27b,T,aiops2025,emailservice,1,0,0
matched_rca,qwen3.6-27b,T,aiops2025,frontend-1,1,1,1
ledger_handoff_rca,gemma-4-26b-a4b,L_vis,aegislab,ts-delivery-service,1,0,0
ledger_handoff_rca,gemma-4-26b-a4b,L_vis,aegislab,ts-inside-payment-service,1,0,0
ledger_handoff_rca,gemma-4-26b-a4b,L_vis,aegislab,ts-news-service,1,0,0
ledger_handoff_rca,gemma-4-26b-a4b,L_vis,aegislab,ts-notification-service,1,0,0
ledger_handoff_rca,gemma-4-26b-a4b,L_vis,aegislab,ts-order-other-service,1,1,1
ledger_handoff_rca,gemma-4-26b-a4b,L_vis,aegislab,ts-price-service,1,1,1
matched_rca,qwen3.6-27b,T,aiops2022,productcatalogservice-2,1,1,1
matched_rca,qwen3.6-27b,T,aiops2022,recommendationservice2,1,0,0.5
matched_rca,qwen3.6-27b,T,aiops2022,shippingservice,1,0,0
matched_rca,qwen3.6-27b,T,aiops2022,shippingservice2-0,1,0,0
matched_rca,qwen3.6-27b,T,aiops2025,adservice-1,1,1,1
matched_rca,qwen3.6-27b,T,aiops2025,cartservice-0,1,1,1
matched_rca,qwen3.6-27b,T,aiops2025,checkoutservice-2,1,0,0
matched_rca,qwen3.6-27b,T,aiops2025,currencyservice-2,1,0,0
ledger_handoff_rca,gemma-4-26b-a4b,L_vis,aiops2022,productcatalogservice-2,1,1,1
ledger_handoff_rca,gemma-4-26b-a4b,L_vis,aiops2022,recommendationservice-2,1,1,1
ledger_handoff_rca,gemma-4-26b-a4b,L_vis,aiops2025,adservice-1,1,0,0
ledger_handoff_rca,gemma-4-26b-a4b,L_vis,aiops2025,cartservice-2,1,1,1
matched_rca,qwen3.6-27b,T,aiops2022,istio-ingressgateway,1,0,0
matched_rca,qwen3.6-27b,T,aiops2022,paymentservice-0,1,0,0
matched_rca,qwen3.6-27b,T,aiops2022,paymentservice2-0,1,0,0
matched_rca,qwen3.6-27b,T,aiops2022,productcatalogservice-0,1,1,1
ledger_handoff_rca,gemma-4-26b-a4b,L_vis,aiops2022,emailservice2-0,1,0,0
ledger_handoff_rca,gemma-4-26b-a4b,L_vis,aiops2022,frontend-1,1,0,0
ledger_handoff_rca,gemma-4-26b-a4b,L_vis,aiops2022,frontend-2,1,0,0
ledger_handoff_rca,gemma-4-26b-a4b,L_vis,aiops2022,frontend2,1,0,0
ledger_handoff_rca,gemma-4-26b-a4b,L_vis,aiops2022,istio-ingressgateway-565bffd4d-6bl7m,1,0,0
ledger_handoff_rca,gemma-4-26b-a4b,L_vis,aiops2022,node-3,1,0,0
ledger_handoff_rca,gemma-4-26b-a4b,L_vis,aiops2022,paymentservice2-0,1,0,0
ledger_handoff_rca,gemma-4-26b-a4b,L_vis,aiops2022,productcatalogservice-0,1,1,1
ledger_handoff_rca,gemma-4-26b-a4b,L_txt,re2_tt,ts-execute-service,1,0,0
ledger_handoff_rca,gemma-4-26b-a4b,L_txt,re2_tt,ts-food-service,1,0,0
ledger_handoff_rca,gemma-4-26b-a4b,L_txt,re2_tt,ts-inside-payment-mongo,1,0,0
ledger_handoff_rca,gemma-4-26b-a4b,L_txt,re2_tt,ts-notification-mongo,1,0,0
ledger_handoff_rca,gemma-4-26b-a4b,L_txt,re2_tt,ts-preserve-service,1,0,0
ledger_handoff_rca,gemma-4-26b-a4b,L_txt,re2_tt,ts-seat-service,1,0,0.5
ledger_handoff_rca,gemma-4-26b-a4b,L_txt,re2_tt,ts-security-service,1,0,0
ledger_handoff_rca,gemma-4-26b-a4b,L_txt,re2_tt,ts-ticketinfo-service,1,0,0
matched_rca,qwen3.6-27b,T,re2_tt,gke-gke-cluster-tt-default-pool-79112c30-f9qk,1,0,0
matched_rca,qwen3.6-27b,T,re2_tt,gke-gke-cluster-tt-default-pool-ca598206-fipm,1,0,0.2
matched_rca,qwen3.6-27b,T,re2_tt,gke-gke-cluster-tt-default-pool-ca598206-g9jt,1,0,0.33333333
matched_rca,qwen3.6-27b,T,re2_tt,gke-gke-cluster-tt-default-pool-ca598206-p3ch,1,0,0.5
ledger_handoff_rca,gemma-4-26b-a4b,L_txt,re2_tt,gke-gke-cluster-tt-default-pool-ca598206-tj63,1,0,0
ledger_handoff_rca,gemma-4-26b-a4b,L_txt,re2_tt,ts-cancel-service,1,0,0.25
ledger_handoff_rca,gemma-4-26b-a4b,L_txt,re2_tt,ts-config-service,1,0,0
ledger_handoff_rca,gemma-4-26b-a4b,L_txt,re2_tt,ts-consign-price-mongo,1,0,0
ledger_handoff_rca,gemma-4-26b-a4b,L_vis,aiops2022,adservice-2,1,0,0
matched_rca,qwen3.6-27b,T,aiops2025,paymentservice-2,1,0,0
matched_rca,qwen3.6-27b,T,aiops2025,productcatalogservice-1,1,1,1
matched_rca,qwen3.6-27b,T,aiops2025,redis,1,0,0
matched_rca,qwen3.6-27b,T,aiops2025,redis-cart,1,0,0
matched_rca,qwen3.6-27b,T,re2_ob,gke-gke-cluster-default-pool-2e1807ce-w819,1,0,0.5
matched_rca,qwen3.6-27b,T,re2_ob,redis,1,0,0.5
matched_rca,qwen3.6-27b,T,re2_ob,,1,0,0
ledger_handoff_rca,gemma-4-26b-a4b,L_vis,aegislab,ts-seat-service-6c78b7d797-vrjmh,1,1,1
ledger_handoff_rca,gemma-4-26b-a4b,L_vis,aegislab,ts-station-food-service-cb9656f7b-nl4cb,1,1,1
ledger_handoff_rca,gemma-4-26b-a4b,L_vis,aegislab,ts-station-service-685fd4985f-lxljn,1,1,1
ledger_handoff_rca,gemma-4-26b-a4b,L_vis,aegislab,ts-ticket-office-service,1,0,0
ledger_handoff_rca,gemma-4-26b-a4b,L_vis,aegislab,ts-travel2-service,1,1,1
ledger_handoff_rca,gemma-4-26b-a4b,L_vis,aegislab,ts-wait-order-service,1,0,0
ledger_handoff_rca,gemma-4-26b-a4b,L_vis,aiops2022,adservice-0,1,0,0
ledger_handoff_rca,gemma-4-26b-a4b,L_vis,aiops2022,adservice-1,1,1,1
matched_rca,qwen3.6-27b,V,aegislab,ts-config-service,1,0,0
ledger_handoff_rca,gemma-4-26b-a4b,L_txt,aiops2025,node-4,1,0,0
ledger_handoff_rca,gemma-4-26b-a4b,L_txt,aiops2025,node-6,1,1,1
ledger_handoff_rca,gemma-4-26b-a4b,L_txt,aiops2025,node-7,1,1,1
ledger_handoff_rca,gemma-4-26b-a4b,L_txt,aiops2025,paymentservice,1,0,0
ledger_handoff_rca,gemma-4-26b-a4b,L_txt,aiops2025,recommendationservice-2,1,0,0
ledger_handoff_rca,gemma-4-26b-a4b,L_txt,aiops2025,redis,1,0,0
ledger_handoff_rca,gemma-4-26b-a4b,L_txt,aiops2025,redis-cart-0,1,0,0
matched_rca,qwen3.6-27b,T,re2_tt,ts-ticketinfo-service,1,0,0.25
matched_rca,qwen3.6-27b,V,aegislab,loadgenerator,1,0,0
matched_rca,qwen3.6-27b,V,aegislab,mysql,1,1,1
matched_rca,qwen3.6-27b,V,aegislab,rabbitmq,1,0,0.25
matched_rca,qwen3.6-27b,V,aegislab,ts-admin-order-service,1,0,0
matched_rca,qwen3.6-27b,V,aegislab,ts-admin-travel-service,1,0,0
matched_rca,qwen3.6-27b,V,aegislab,ts-assurance-service-5775844f55-jbm9r,1,1,1
matched_rca,qwen3.6-27b,V,aegislab,ts-avatar-service,1,0,0
matched_rca,qwen3.6-27b,T,re2_tt,ts-food-map-mongo,1,0,0
matched_rca,qwen3.6-27b,T,re2_tt,ts-order-mongo,1,0,0.5
matched_rca,qwen3.6-27b,T,re2_tt,ts-order-other-mongo,1,0,0.5
matched_rca,qwen3.6-27b,T,re2_tt,ts-preserve-mongo,1,0,0.5
matched_rca,qwen3.6-27b,T,re2_tt,ts-preserve-service,1,0,0
matched_rca,qwen3.6-27b,T,re2_tt,ts-seat-service,1,0,0.33333333
matched_rca,qwen3.6-27b,T,re2_tt,ts-security-service,1,0,0.5
matched_rca,qwen3.6-27b,T,re2_tt,ts-station-service,1,0,0.5
ledger_handoff_rca,gemma-4-26b-a4b,L_txt,re2_tt,ts-travel-plan-service,1,0,0.5
ledger_handoff_rca,gemma-4-26b-a4b,L_vis,aegislab,ts-admin-route-service,1,0,0
ledger_handoff_rca,gemma-4-26b-a4b,L_vis,aegislab,ts-avatar-service,1,0,0
ledger_handoff_rca,gemma-4-26b-a4b,L_vis,aegislab,ts-cancel-service,1,0,0
matched_rca,qwen3.6-27b,T,re2_tt,ts-admin-user-service,1,0,0
matched_rca,qwen3.6-27b,T,re2_tt,ts-assurance-service,1,0,0
matched_rca,qwen3.6-27b,T,re2_tt,ts-config-service,1,0,0.5
matched_rca,qwen3.6-27b,T,re2_tt,ts-consign-service,1,0,0.33333333
ledger_handoff_rca,gemma-4-26b-a4b,L_txt,aiops2022,productcatalogservice-0,1,1,1
ledger_handoff_rca,gemma-4-26b-a4b,L_txt,aiops2022,productcatalogservice-1,1,1,1
ledger_handoff_rca,gemma-4-26b-a4b,L_txt,aiops2022,productcatalogservice-2,1,1,1
ledger_handoff_rca,gemma-4-26b-a4b,L_txt,aiops2022,productcatalogservice2-0,1,1,1
ledger_handoff_rca,gemma-4-26b-a4b,L_txt,aiops2022,recommendationservice-2,1,1,1
ledger_handoff_rca,gemma-4-26b-a4b,L_txt,aiops2022,shippingservice-0,1,0,0
ledger_handoff_rca,gemma-4-26b-a4b,L_txt,aiops2022,shippingservice-2,1,0,0
ledger_handoff_rca,gemma-4-26b-a4b,L_txt,aiops2025,adservice,1,0,0
matched_rca,qwen3.6-27b,V,aegislab,ts-travel-service,1,0,0.33333333
matched_rca,qwen3.6-27b,V,aegislab,ts-travel2-service-6659b8fd5f-g4cbf,1,1,1
matched_rca,qwen3.6-27b,V,aiops2022,adservice-0,1,0,0
matched_rca,qwen3.6-27b,V,aiops2022,adservice2-0,1,0,0
matched_rca,qwen3.6-27b,V,aiops2022,cartservice-0,1,0,0.33333333
ledger_handoff_rca,gemma-4-26b-a4b,L_txt,aiops2022,node-2,1,0,0
ledger_handoff_rca,gemma-4-26b-a4b,L_txt,aiops2022,node-3,1,0,0.5
ledger_handoff_rca,gemma-4-26b-a4b,L_txt,aiops2022,paymentservice-0,1,0,0
matched_rca,qwen3.6-27b,V,aegislab,ts-delivery-service,1,0,0.2
matched_rca,qwen3.6-27b,V,aegislab,ts-food-delivery-service,1,0,0.33333333
matched_rca,qwen3.6-27b,V,aegislab,ts-food-service,1,0,0.2
matched_rca,qwen3.6-27b,V,aegislab,ts-inside-payment-service,1,1,1
matched_rca,qwen3.6-27b,V,aegislab,ts-payment-service,1,0,0
matched_rca,qwen3.6-27b,V,aegislab,ts-preserve-other-service,1,0,0.5
matched_rca,qwen3.6-27b,V,aegislab,ts-station-food-service,1,0,0
matched_rca,qwen3.6-27b,V,aegislab,ts-train-service,1,0,0.33333333
ledger_handoff_rca,gemma-4-26b-a4b,L_txt,aiops2025,tidb-pd,1,0,0
ledger_handoff_rca,gemma-4-26b-a4b,L_txt,re2_ob,adservice,1,0,0
ledger_handoff_rca,gemma-4-26b-a4b,L_txt,re2_ob,cartservice,1,0,0
ledger_handoff_rca,gemma-4-26b-a4b,L_txt,re2_ob,gke-gke-cluster-default-pool-c49c2b06-crhc,1,0,0
ledger_handoff_rca,gemma-4-26b-a4b,L_txt,re2_ob,paymentservice,1,0,0
ledger_handoff_rca,gemma-4-26b-a4b,L_txt,re2_tt,gke-gke-cluster-tt-default-pool-448caaac-g8ts,1,0,0
ledger_handoff_rca,gemma-4-26b-a4b,L_txt,re2_tt,gke-gke-cluster-tt-default-pool-79112c30-647f,1,0,0
matched_rca,qwen3.6-27b,V,aegislab,ts-config-service-55cffbf48b-dx8rc,1,1,1
matched_rca,qwen3.6-27b,V,aiops2022,node-1,1,0,0
matched_rca,qwen3.6-27b,V,aiops2022,paymentservice2,1,0,0.5
matched_rca,qwen3.6-27b,V,aiops2022,productcatalogservice-0,1,1,1
matched_rca,qwen3.6-27b,V,aiops2022,recommendationservice-2,1,1,1
matched_rca,qwen3.6-27b,V,aiops2022,shippingservice-1,1,0,0
ledger_handoff_rca,gemma-4-26b-a4b,L_hyb,re2_tt,ts-config-service,1,0,0
ledger_handoff_rca,gemma-4-26b-a4b,L_hyb,re2_tt,ts-consign-price-mongo,1,0,0
ledger_handoff_rca,gemma-4-26b-a4b,L_hyb,re2_tt,ts-inside-payment-mongo,1,0,0
ledger_handoff_rca,gemma-4-26b-a4b,L_txt,aiops2022,emailservice2-0,1,0,0
ledger_handoff_rca,gemma-4-26b-a4b,L_txt,aiops2022,frontend2-0,1,1,1
matched_rca,qwen3.6-27b,V,aiops2022,checkoutservice2,1,0,0.33333333
matched_rca,qwen3.6-27b,V,aiops2022,currencyservice2,1,0,0
matched_rca,qwen3.6-27b,V,aiops2022,emailservice,1,0,0
matched_rca,qwen3.6-27b,V,aiops2022,emailservice-0,1,0,0
matched_rca,qwen3.6-27b,V,aiops2022,emailservice2,1,0,0.5
matched_rca,qwen3.6-27b,V,aiops2022,frontend-2,1,1,1
ledger_handoff_rca,gemma-4-26b-a4b,L_txt,aegislab,ts-travel-plan-service-5b7fb74b4f-w8nlh,1,1,1
ledger_handoff_rca,gemma-4-26b-a4b,L_txt,aegislab,ts-travel-service,1,1,1
ledger_handoff_rca,gemma-4-26b-a4b,L_txt,aegislab,ts-travel2-service,1,1,1
ledger_handoff_rca,gemma-4-26b-a4b,L_txt,aegislab,ts-user-service,1,1,1
ledger_handoff_rca,gemma-4-26b-a4b,L_txt,aiops2022,checkoutservice-1,1,1,1
ledger_handoff_rca,gemma-4-26b-a4b,L_txt,aiops2022,currencyservice-1,1,1,1
ledger_handoff_rca,gemma-4-26b-a4b,L_txt,aiops2022,currencyservice-2,1,1,1
ledger_handoff_rca,gemma-4-26b-a4b,L_txt,aiops2022,currencyservice2-0,1,0,0
ledger_handoff_rca,gemma-4-26b-a4b,L_txt,aiops2025,cartservice-2,1,1,1
ledger_handoff_rca,gemma-4-26b-a4b,L_txt,aiops2025,currencyservice-1,1,0,0
ledger_handoff_rca,gemma-4-26b-a4b,L_txt,aiops2025,currencyservice-2,1,0,0
ledger_handoff_rca,gemma-4-26b-a4b,L_txt,aiops2025,emailservice-1,1,0,0
ledger_handoff_rca,gemma-4-26b-a4b,L_txt,aiops2025,emailservice-2,1,0,0
ledger_handoff_rca,gemma-4-26b-a4b,L_txt,aegislab,ts-price-service,1,1,1
ledger_handoff_rca,gemma-4-26b-a4b,L_txt,aegislab,ts-route-service-757558799f-jzjhg,1,1,1
ledger_handoff_rca,gemma-4-26b-a4b,L_txt,aegislab,ts-security-service,1,0,0
ledger_handoff_rca,gemma-4-26b-a4b,L_hyb,re2_ob,adservice,1,0,0
ledger_handoff_rca,gemma-4-26b-a4b,L_hyb,re2_ob,cartservice,1,0,0
ledger_handoff_rca,gemma-4-26b-a4b,L_hyb,re2_ob,gke-gke-cluster-default-pool-c49c2b06-crhc,1,0,0
ledger_handoff_rca,gemma-4-26b-a4b,L_hyb,re2_ob,gke-gke-cluster-default-pool-c49c2b06-vlhn,1,0,0
ledger_handoff_rca,gemma-4-26b-a4b,L_hyb,re2_tt,gke-gke-cluster-tt-default-pool-448caaac-g8ts,1,0,0
ledger_handoff_rca,gemma-4-26b-a4b,L_hyb,re2_tt,gke-gke-cluster-tt-default-pool-79112c30-647f,1,0,0.33333333
ledger_handoff_rca,gemma-4-26b-a4b,L_hyb,re2_tt,gke-gke-cluster-tt-default-pool-ca598206-g5tp,1,0,0
ledger_handoff_rca,gemma-4-26b-a4b,L_hyb,re2_tt,ts-admin-route-service,1,0,0
matched_rca,qwen3.6-27b,V,aiops2025,recommendationservice-1,1,0,0
matched_rca,qwen3.6-27b,V,aiops2025,redis-cart,1,0,0.5
matched_rca,qwen3.6-27b,V,aiops2025,tidb-pd,1,0,0
ledger_handoff_rca,gemma-4-26b-a4b,L_hyb,aiops2025,node-6,1,1,1
ledger_handoff_rca,gemma-4-26b-a4b,L_hyb,aiops2025,paymentservice-0,1,0,0
ledger_handoff_rca,gemma-4-26b-a4b,L_hyb,aiops2025,recommendationservice-2,1,0,0
ledger_handoff_rca,gemma-4-26b-a4b,L_hyb,aiops2025,shippingservice-0,1,0,0
ledger_handoff_rca,gemma-4-26b-a4b,L_hyb,aiops2025,shippingservice-2,1,0,0
ledger_handoff_rca,gemma-4-26b-a4b,L_txt,aegislab,ts-delivery-service,1,0,0.5
ledger_handoff_rca,gemma-4-26b-a4b,L_txt,aegislab,ts-inside-payment-service,1,1,1
ledger_handoff_rca,gemma-4-26b-a4b,L_txt,aegislab,ts-notification-service,1,0,0
matched_rca,qwen3.6-27b,V,aiops2025,checkoutservice,1,1,1
matched_rca,qwen3.6-27b,V,aiops2025,checkoutservice-2,1,0,0
matched_rca,qwen3.6-27b,V,aiops2025,k8s-master3,1,0,0.25
matched_rca,qwen3.6-27b,V,aiops2025,node-6,1,0,0
matched_rca,qwen3.6-27b,V,aiops2025,node-7,1,0,0.2
ledger_handoff_rca,gemma-4-26b-a4b,L_hyb,re2_tt,ts-payment-mongo,1,0,0.5
ledger_handoff_rca,gemma-4-26b-a4b,L_hyb,re2_tt,ts-preserve-other-mongo,1,0,0
ledger_handoff_rca,gemma-4-26b-a4b,L_hyb,re2_tt,ts-preserve-service,1,0,0
ledger_handoff_rca,gemma-4-26b-a4b,L_hyb,re2_tt,ts-ticketinfo-service,1,0,0
ledger_handoff_rca,gemma-4-26b-a4b,L_hyb,re2_tt,ts-user-mongo,1,0,0
ledger_handoff_rca,gemma-4-26b-a4b,L_txt,aegislab,ts-auth-service,1,1,1
ledger_handoff_rca,gemma-4-26b-a4b,L_txt,aegislab,ts-config-service,1,1,1
ledger_handoff_rca,gemma-4-26b-a4b,L_txt,aegislab,ts-contacts-service,1,0,0
ledger_handoff_rca,gemma-4-26b-a4b,L_hyb,aiops2025,cartservice-2,1,1,1
ledger_handoff_rca,gemma-4-26b-a4b,L_hyb,aiops2025,checkoutservice-1,1,0,0
ledger_handoff_rca,gemma-4-26b-a4b,L_hyb,aiops2025,currencyservice-1,1,0,0
ledger_handoff_rca,gemma-4-26b-a4b,L_hyb,aiops2025,emailservice-2,1,0,0
ledger_handoff_rca,gemma-4-26b-a4b,L_hyb,aiops2025,frontend-1,1,0,0
ledger_handoff_rca,gemma-4-26b-a4b,L_hyb,aiops2025,k8s-master3,1,0,0
ledger_handoff_rca,gemma-4-26b-a4b,L_hyb,aiops2025,node-4,1,1,1
ledger_handoff_rca,gemma-4-26b-a4b,L_hyb,aiops2025,node-5,1,1,1
matched_rca,qwen3.6-27b,V,re2_tt,ts-travel2-service,1,0,0
ledger_handoff_rca,gemma-4-26b-a4b,L_hyb,aiops2022,productcatalogservice-0,1,1,1
ledger_handoff_rca,gemma-4-26b-a4b,L_hyb,aiops2022,productcatalogservice-1,1,1,1
ledger_handoff_rca,gemma-4-26b-a4b,L_hyb,aiops2022,productcatalogservice-2,1,1,1
ledger_handoff_rca,gemma-4-26b-a4b,L_hyb,aiops2022,recommendationservice-0,1,0,0
ledger_handoff_rca,gemma-4-26b-a4b,L_hyb,aiops2022,recommendationservice-2,1,1,1
ledger_handoff_rca,gemma-4-26b-a4b,L_hyb,aiops2022,shippingservice-0,1,0,0
ledger_handoff_rca,gemma-4-26b-a4b,L_hyb,aiops2025,adservice,1,0,0
matched_rca,qwen3.6-27b,V,re2_tt,ts-config-service,1,0,0
matched_rca,qwen3.6-27b,V,re2_tt,ts-food-map-mongo,1,0,0
matched_rca,qwen3.6-27b,V,re2_tt,ts-food-map-service,1,0,0.25
matched_rca,qwen3.6-27b,V,re2_tt,ts-order-mongo,1,0,0.5
matched_rca,qwen3.6-27b,V,re2_tt,ts-order-other-mongo,1,0,0.5
matched_rca,qwen3.6-27b,V,re2_tt,ts-price-mongo,1,0,0
matched_rca,qwen3.6-27b,V,re2_tt,ts-station-service,1,0,0.5
matched_rca,qwen3.6-27b,V,re2_tt,ts-ticketinfo-service,1,0,0
matched_rca,qwen3.6-27b,V,re2_ob,gke-gke-cluster-default-pool-2e1807ce-cx8g,1,0,0.5
matched_rca,qwen3.6-27b,V,re2_ob,paymentservice,1,0,0.2
matched_rca,qwen3.6-27b,V,re2_ob,redis,1,0,0.25
matched_rca,qwen3.6-27b,V,re2_tt,gke-gke-cluster-tt-default-pool-79112c30-f9qk,1,0,0
matched_rca,qwen3.6-27b,V,re2_tt,gke-gke-cluster-tt-default-pool-ca598206-g9jt,1,0,0
matched_rca,qwen3.6-27b,V,re2_tt,gke-gke-cluster-tt-default-pool-ca598206-p3ch,1,0,0.5
matched_rca,qwen3.6-27b,V,re2_tt,ts-admin-user-service,1,0,0
matched_rca,qwen3.6-27b,V,re2_tt,ts-assurance-service,1,0,0
direct_rca,qwen3.8-27b,V,re2_tt,ts-user-mongo,1,0,0
direct_rca,qwen3.8-27b,V,re2_tt,ts-user-service,1,0,0
ledger_handoff_rca,gemma-4-26b-a4b,L_hyb,aegislab,loadgenerator,1,0,0
ledger_handoff_rca,gemma-4-26b-a4b,L_hyb,aegislab,mysql,1,1,1
ledger_handoff_rca,gemma-4-26b-a4b,L_hyb,aegislab,rabbitmq,1,0,0
ledger_handoff_rca,gemma-4-26b-a4b,L_hyb,aegislab,ts-admin-travel-service,1,0,0
ledger_handoff_rca,gemma-4-26b-a4b,L_hyb,aegislab,ts-avatar-service,1,0,0
ledger_handoff_rca,gemma-4-26b-a4b,L_hyb,aegislab,ts-config-service,1,1,1
matched_rca,qwen3.8-27b,F,aegislab,ts-consign-price-service,1,0,0.5
matched_rca,qwen3.8-27b,F,aegislab,ts-food-delivery-service,1,0,0
matched_rca,qwen3.8-27b,F,aegislab,ts-inside-payment-service,1,1,1
matched_rca,qwen3.8-27b,F,aegislab,ts-order-other-service,1,1,1
matched_rca,qwen3.8-27b,F,aegislab,ts-order-service,1,0,0.5
matched_rca,qwen3.8-27b,F,aegislab,ts-order-service-85b9979d59-x2sdc,1,1,1
matched_rca,qwen3.8-27b,F,aegislab,ts-preserve-other-service,1,0,0
matched_rca,qwen3.8-27b,F,aegislab,ts-price-service,1,1,1
ledger_handoff_rca,gemma-4-26b-a4b,L_hyb,aiops2022,frontend-2,1,0,0
ledger_handoff_rca,gemma-4-26b-a4b,L_hyb,aiops2022,frontend2-0,1,0,0
ledger_handoff_rca,gemma-4-26b-a4b,L_hyb,aiops2022,istio-egressgateway-7bfdcc9d86-22q7z,1,0,0
ledger_handoff_rca,gemma-4-26b-a4b,L_hyb,aiops2022,istio-ingressgateway-565bffd4d-4nr6v,1,0,0
ledger_handoff_rca,gemma-4-26b-a4b,L_hyb,aiops2022,node-2,1,0,0
ledger_handoff_rca,gemma-4-26b-a4b,L_hyb,aiops2022,node-3,1,0,0
matched_rca,qwen3.6-27b,V,re2_tt,ts-ui-dashboard,1,0,0.5
matched_rca,qwen3.6-27b,V,re2_tt,,1,0,0
ledger_handoff_rca,gemma-4-26b-a4b,L_hyb,aegislab,ts-travel-plan-service-5b7fb74b4f-w8nlh,1,1,1
ledger_handoff_rca,gemma-4-26b-a4b,L_hyb,aegislab,ts-user-service,1,1,1
ledger_handoff_rca,gemma-4-26b-a4b,L_hyb,aiops2022,adservice-1,1,1,1
ledger_handoff_rca,gemma-4-26b-a4b,L_hyb,aiops2022,checkoutservice-1,1,1,1
ledger_handoff_rca,gemma-4-26b-a4b,L_hyb,aiops2022,checkoutservice-2,1,0,0
ledger_handoff_rca,gemma-4-26b-a4b,L_hyb,aiops2022,currencyservice-0,1,0,0
ledger_handoff_rca,gemma-4-26b-a4b,L_hyb,aiops2022,currencyservice-1,1,1,1
ledger_handoff_rca,gemma-4-26b-a4b,L_hyb,aiops2022,currencyservice-2,1,1,1
matched_rca,qwen3.8-27b,F,aiops2022,node-3,1,0,0.5
direct_rca,qwen3.8-27b,V,re2_tt,gke-gke-cluster-tt-default-pool-448caaac-q7qg,1,0,0.25
direct_rca,qwen3.8-27b,V,re2_tt,gke-gke-cluster-tt-default-pool-448caaac-rjxh,1,0,0.33333333
direct_rca,qwen3.8-27b,V,re2_tt,gke-gke-cluster-tt-default-pool-79112c30-f9qk,1,0,0
direct_rca,qwen3.8-27b,V,re2_tt,gke-gke-cluster-tt-default-pool-ca598206-37xx,1,0,0.33333333
direct_rca,qwen3.8-27b,V,re2_tt,gke-gke-cluster-tt-default-pool-ca598206-fipm,1,0,0
direct_rca,qwen3.8-27b,V,re2_tt,gke-gke-cluster-tt-default-pool-ca598206-g9jt,1,0,0.33333333
direct_rca,qwen3.8-27b,V,re2_tt,ts-assurance-mongo,1,0,0
matched_rca,qwen3.8-27b,F,aiops2022,cartservice,1,1,1
matched_rca,qwen3.8-27b,F,aiops2022,cartservice-0,1,0,0
matched_rca,qwen3.8-27b,F,aiops2022,cartservice-1,1,0,0
matched_rca,qwen3.8-27b,F,aiops2022,currencyservice-1,1,1,1
matched_rca,qwen3.8-27b,F,aiops2022,frontend-1,1,1,1
matched_rca,qwen3.8-27b,F,aiops2022,frontend-2,1,1,1
matched_rca,qwen3.8-27b,F,aiops2022,istio-ingressgateway,1,0,0
matched_rca,qwen3.8-27b,F,aiops2022,node-1,1,0,0
ledger_handoff_rca,gemma-4-26b-a4b,L_hyb,aegislab,ts-train-food-service,1,0,0
ledger_handoff_rca,gemma-4-26b-a4b,L_hyb,aegislab,ts-train-service,1,1,1
matched_rca,qwen3.8-27b,F,aegislab,ts-travel2-service,1,0,0.25
matched_rca,qwen3.8-27b,F,aegislab,ts-verification-code-service,1,0,0.5
matched_rca,qwen3.8-27b,F,aiops2022,adservice-1,1,1,1
matched_rca,qwen3.8-27b,F,aiops2022,adservice-2,1,0,0.5
matched_rca,qwen3.8-27b,F,aiops2022,adservice-http,1,0,0
matched_rca,qwen3.8-27b,F,aiops2022,adservice2-0,1,0,0
ledger_handoff_rca,gemma-4-26b-a4b,L_hyb,aegislab,ts-config-service-55cffbf48b-dx8rc,1,1,1
ledger_handoff_rca,gemma-4-26b-a4b,L_hyb,aegislab,ts-food-delivery-service,1,0,0
ledger_handoff_rca,gemma-4-26b-a4b,L_hyb,aegislab,ts-gateway-service,1,0,0
ledger_handoff_rca,gemma-4-26b-a4b,L_hyb,aegislab,ts-notification-service,1,0,0
ledger_handoff_rca,gemma-4-26b-a4b,L_hyb,aegislab,ts-price-service,1,1,1
ledger_handoff_rca,gemma-4-26b-a4b,L_hyb,aegislab,ts-route-service-757558799f-jzjhg,1,1,1
ledger_handoff_rca,gemma-4-26b-a4b,L_hyb,aegislab,ts-station-food-service,1,0,0
ledger_handoff_rca,gemma-4-26b-a4b,L_hyb,aegislab,ts-station-service,1,1,1
direct_rca,qwen3.8-27b,V,aiops2025,productcatalogservice-2,1,0,0
direct_rca,qwen3.8-27b,V,aiops2025,redis,1,0,0.25
direct_rca,qwen3.8-27b,V,aiops2025,redis-cart-0,1,0,0.33333333
direct_rca,qwen3.8-27b,V,aiops2025,shippingservice-2,1,0,0
direct_rca,qwen3.8-27b,V,re2_ob,gke-gke-cluster-default-pool-2e1807ce-xte3,1,0,0.2
direct_rca,qwen3.8-27b,V,re2_ob,gke-gke-cluster-default-pool-9da84637-r1mb,1,0,0.5
direct_rca,qwen3.8-27b,V,re2_ob,gke-gke-cluster-default-pool-c49c2b06-crhc,1,0,0.5
direct_rca,qwen3.8-27b,V,re2_ob,gke-gke-cluster-default-pool-c49c2b06-vlhn,1,0,0.25
matched_rca,qwen3.8-27b,F,aiops2025,emailservice,1,0,0
matched_rca,qwen3.8-27b,F,aiops2025,frontend-0,1,0,0.5
matched_rca,qwen3.8-27b,F,aiops2025,node-2,1,0,0
direct_rca,qwen3.8-27b,V,aiops2025,node-5,1,1,1
direct_rca,qwen3.8-27b,V,aiops2025,node-7,1,0,0
direct_rca,qwen3.8-27b,V,aiops2025,paymentservice-0,1,0,0
direct_rca,qwen3.8-27b,V,aiops2025,productcatalogservice,1,0,0
direct_rca,qwen3.8-27b,V,aiops2025,productcatalogservice-1,1,1,1
matched_rca,qwen3.8-27b,F,aiops2022,paymentservice-0,1,0,0
matched_rca,qwen3.8-27b,F,aiops2022,productcatalogservice,1,0,0
matched_rca,qwen3.8-27b,F,aiops2022,productcatalogservice-2,1,0,0
matched_rca,qwen3.8-27b,F,aiops2022,redis-cart,1,0,0
matched_rca,qwen3.8-27b,F,aiops2022,shippingservice2-0,1,0,0
matched_rca,qwen3.8-27b,F,aiops2025,adservice-0,1,1,1
matched_rca,qwen3.8-27b,F,aiops2025,adservice-1,1,0,0
matched_rca,qwen3.8-27b,F,aiops2025,adservice-2,1,0,0
direct_rca,qwen3.8-27b,V,re2_tt,ts-contacts-mongo,1,0,0
direct_rca,qwen3.8-27b,V,re2_tt,ts-food-map-mongo,1,0,0.5
direct_rca,qwen3.8-27b,V,re2_tt,ts-inside-payment-mongo,1,0,0.25
direct_rca,qwen3.8-27b,V,re2_tt,ts-order-other-mongo,1,0,0.5
direct_rca,qwen3.8-27b,V,re2_tt,ts-price-service,1,0,0.25
direct_rca,qwen3.8-27b,V,re2_tt,ts-route-plan-service,1,0,0.25
direct_rca,qwen3.8-27b,V,re2_tt,ts-station-service,1,0,0
direct_rca,qwen3.8-27b,V,re2_tt,ts-travel-plan-service,1,0,0
direct_rca,qwen3.8-27b,V,aegislab,ts-wait-order-service,1,0,0
direct_rca,qwen3.8-27b,V,aiops2022,adservice-0,1,0,0
direct_rca,qwen3.8-27b,V,aiops2022,adservice2-0,1,0,0
direct_rca,qwen3.8-27b,V,aiops2022,cartservice,1,0,0.33333333
direct_rca,qwen3.8-27b,V,aiops2022,cartservice-0,1,0,0
direct_rca,qwen3.8-27b,V,aiops2022,checkoutservice-1,1,0,0
direct_rca,qwen3.8-27b,V,aiops2022,currencyservice,1,0,0
direct_rca,qwen3.8-27b,V,aiops2022,currencyservice-1,1,1,1
matched_rca,qwen3.8-27b,F,re2_tt,gke-gke-cluster-tt-default-pool-ca598206-g9jt,1,0,0.5
matched_rca,qwen3.8-27b,F,re2_tt,gke-gke-cluster-tt-default-pool-ca598206-p3ch,1,0,0.5
matched_rca,qwen3.8-27b,F,re2_tt,ts-assurance-service,1,0,0
matched_rca,qwen3.8-27b,F,re2_tt,ts-auth-mongo,1,0,0
matched_rca,qwen3.8-27b,F,re2_tt,ts-basic-service,1,0,0.5
matched_rca,qwen3.8-27b,F,re2_tt,ts-consign-service,1,0,0.5
matched_rca,qwen3.8-27b,F,re2_tt,ts-food-service,1,0,0
direct_rca,qwen3.8-27b,V,aegislab,ts-travel2-service-6659b8fd5f-g4cbf,1,1,1
direct_rca,qwen3.8-27b,V,aiops2025,cartservice-2,1,0,0
direct_rca,qwen3.8-27b,V,aiops2025,checkoutservice-2,1,0,0
direct_rca,qwen3.8-27b,V,aiops2025,currencyservice,1,0,0.25
direct_rca,qwen3.8-27b,V,aiops2025,currencyservice-2,1,0,0
direct_rca,qwen3.8-27b,V,aiops2025,k8s-master3,1,0,0
matched_rca,qwen3.8-27b,F,re2_ob,paymentservice,1,0,0
matched_rca,qwen3.8-27b,F,re2_ob,redis,1,0,0
matched_rca,qwen3.8-27b,F,re2_tt,gke-gke-cluster-tt-default-pool-448caaac-g8ts,1,0,0
direct_rca,qwen3.8-27b,V,re2_ob,paymentservice,1,0,0.2
direct_rca,qwen3.8-27b,V,aiops2022,istio-ingressgateway-565bffd4d-4nr6v,1,0,0.33333333
direct_rca,qwen3.8-27b,V,aiops2022,paymentservice-0,1,0,0
direct_rca,qwen3.8-27b,V,aiops2022,paymentservice-2,1,0,0.5
direct_rca,qwen3.8-27b,V,aiops2022,paymentservice2-0,1,0,0
direct_rca,qwen3.8-27b,V,aiops2022,productcatalogservice2-0,1,1,1
direct_rca,qwen3.8-27b,V,aiops2022,shippingservice2-0,1,0,0.25
direct_rca,qwen3.8-27b,V,aiops2025,cartservice-0,1,0,0
direct_rca,qwen3.8-27b,V,aegislab,ts-news-service,1,0,0
direct_rca,qwen3.8-27b,V,aegislab,ts-notification-service,1,0,0
direct_rca,qwen3.8-27b,V,aegislab,ts-order-other-service,1,0,0.33333333
direct_rca,qwen3.8-27b,V,aegislab,ts-order-service-668587b48c-jnkkc,1,1,1
direct_rca,qwen3.8-27b,V,aegislab,ts-payment-service,1,0,0.33333333
direct_rca,qwen3.8-27b,V,aegislab,ts-price-service,1,0,0
direct_rca,qwen3.8-27b,V,aegislab,ts-route-plan-service,1,0,0.25
direct_rca,qwen3.8-27b,V,aegislab,ts-route-service,1,0,0.33333333
matched_rca,qwen3.8-27b,H,aegislab,ts-assurance-service,1,1,1
matched_rca,qwen3.8-27b,H,aegislab,ts-consign-service,1,0,0
matched_rca,qwen3.8-27b,H,aegislab,ts-delivery-service,1,0,0
matched_rca,qwen3.8-27b,H,aegislab,ts-food-delivery-service,1,0,0
direct_rca,qwen3.8-27b,V,aegislab,ts-config-service,1,1,1
direct_rca,qwen3.8-27b,V,aegislab,ts-config-service-7b97b98795-tpnjs,1,1,1
direct_rca,qwen3.8-27b,V,aegislab,ts-food-delivery-service,1,0,0.5
direct_rca,qwen3.8-27b,V,aegislab,ts-food-service,1,1,1
matched_rca,qwen3.8-27b,F,re2_tt,ts-station-service,1,0,0
matched_rca,qwen3.8-27b,F,re2_tt,ts-ticketinfo-service,1,0,0.33333333
matched_rca,qwen3.8-27b,F,re2_tt,ts-train-mongo,1,0,0
matched_rca,qwen3.8-27b,F,re2_tt,ts-travel-mongo,1,0,0.5
matched_rca,qwen3.8-27b,F,re2_tt,ts-user-service,1,0,0.5
matched_rca,qwen3.8-27b,H,aegislab,mysql,1,0,0
matched_rca,qwen3.8-27b,H,aegislab,rabbitmq,1,0,0.33333333
matched_rca,qwen3.8-27b,H,aegislab,ts-admin-travel-service,1,0,0.5
direct_rca,qwen3.8-27b,V,aiops2022,currencyservice2,1,0,0
direct_rca,qwen3.8-27b,V,aiops2022,emailservice-1,1,0,0
direct_rca,qwen3.8-27b,V,aiops2022,frontend-0,1,0,0
direct_rca,qwen3.8-27b,V,aiops2022,frontend-1,1,0,0
matched_rca,qwen3.8-27b,F,re2_tt,ts-order-other-mongo,1,0,0.5
matched_rca,qwen3.8-27b,F,re2_tt,ts-payment-service,1,0,0
matched_rca,qwen3.8-27b,F,re2_tt,ts-price-mongo,1,0,0
matched_rca,qwen3.8-27b,F,re2_tt,ts-seat-service,1,0,0.33333333
direct_rca,qwen3.8-27b,T,re2_tt,ts-consign-service,1,0,0.25
direct_rca,qwen3.8-27b,T,re2_tt,ts-contacts-mongo,1,0,0
direct_rca,qwen3.8-27b,T,re2_tt,ts-food-map-mongo,1,0,0
direct_rca,qwen3.8-27b,T,re2_tt,ts-inside-payment-mongo,1,0,0.5
direct_rca,qwen3.8-27b,T,re2_tt,ts-order-mongo,1,0,0.5
direct_rca,qwen3.8-27b,T,re2_tt,ts-order-other-mongo,1,0,0.5
direct_rca,qwen3.8-27b,T,re2_tt,ts-payment-service,1,0,0
direct_rca,qwen3.8-27b,T,re2_tt,ts-preserve-mongo,1,0,0.33333333
matched_rca,qwen3.8-27b,H,aegislab,ts-verification-code-service,1,0,0.33333333
matched_rca,qwen3.8-27b,H,aiops2022,adservice-1,1,1,1
matched_rca,qwen3.8-27b,H,aiops2022,cartservice-0,1,1,1
matched_rca,qwen3.8-27b,H,aiops2022,cartservice-1,1,0,0
matched_rca,qwen3.8-27b,H,aiops2022,cartservice2,1,0,0
matched_rca,qwen3.8-27b,H,aiops2022,checkoutservice-2,1,0,0
matched_rca,qwen3.8-27b,H,aiops2022,currencyservice,1,0,0
direct_rca,qwen3.8-27b,T,re2_tt,ts-admin-user-service,1,0,0
matched_rca,qwen3.8-27b,H,aegislab,ts-payment-service,1,0,0
matched_rca,qwen3.8-27b,H,aegislab,ts-preserve-other-service,1,0,0.5
matched_rca,qwen3.8-27b,H,aegislab,ts-price-service,1,1,1
matched_rca,qwen3.8-27b,H,aegislab,ts-seat-service,1,0,0
matched_rca,qwen3.8-27b,H,aegislab,ts-station-food-service,1,0,0
matched_rca,qwen3.8-27b,H,aegislab,ts-station-food-service-cb9656f7b-nl4cb,1,1,1
matched_rca,qwen3.8-27b,H,aegislab,ts-station-service,1,0,0
matched_rca,qwen3.8-27b,H,aegislab,ts-travel2-service,1,0,0
direct_rca,qwen3.8-27b,V,aegislab,ts-seat-service-6c78b7d797-vrjmh,1,1,1
direct_rca,qwen3.8-27b,V,aegislab,ts-station-service,1,0,0
direct_rca,qwen3.8-27b,V,aegislab,ts-station-service-685fd4985f-lxljn,1,1,1
direct_rca,qwen3.8-27b,V,aegislab,ts-ticket-office-service,1,0,0.5
direct_rca,qwen3.8-27b,V,aegislab,ts-train-service,1,0,0.5
direct_rca,qwen3.8-27b,V,aegislab,ts-travel-service-cbf9bf77c-knq2c,1,1,1
direct_rca,qwen3.8-27b,V,aegislab,ts-travel-service-fbbd88b6b-h64vn,1,1,1
direct_rca,qwen3.8-27b,V,aegislab,ts-travel2-service,1,1,1
direct_rca,qwen3.8-27b,T,re2_ob,gke-gke-cluster-default-pool-2e1807ce-xte3,1,0,0.5
direct_rca,qwen3.8-27b,T,re2_ob,gke-gke-cluster-default-pool-9da84637-r1mb,1,0,0.5
direct_rca,qwen3.8-27b,T,re2_ob,gke-gke-cluster-default-pool-c49c2b06-crhc,1,0,0.5
direct_rca,qwen3.8-27b,T,re2_ob,gke-gke-cluster-default-pool-c49c2b06-vlhn,1,0,0.33333333
direct_rca,qwen3.8-27b,T,re2_ob,redis,1,0,0.5
direct_rca,qwen3.8-27b,T,re2_ob,,1,0,0
direct_rca,qwen3.8-27b,T,re2_tt,gke-gke-cluster-tt-default-pool-448caaac-q7qg,1,0,0.5
direct_rca,qwen3.8-27b,T,re2_tt,gke-gke-cluster-tt-default-pool-448caaac-rjxh,1,0,0.33333333
matched_rca,qwen3.8-27b,H,aiops2022,paymentservice-grpc,1,0,0
matched_rca,qwen3.8-27b,H,aiops2022,paymentservice2,1,0,0.33333333
matched_rca,qwen3.8-27b,H,aiops2022,redis-cart,1,0,0
matched_rca,qwen3.8-27b,H,aiops2022,shippingservice,1,0,0
matched_rca,qwen3.8-27b,H,aiops2022,shippingservice2-0,1,0,0.5
matched_rca,qwen3.8-27b,H,aiops2022,,1,0,0
matched_rca,qwen3.8-27b,H,aiops2025,emailservice,1,0,0
direct_rca,qwen3.8-27b,T,aiops2025,tidb-pd,1,0,0
matched_rca,qwen3.8-27b,H,aiops2022,currencyservice-1,1,1,1
matched_rca,qwen3.8-27b,H,aiops2022,currencyservice-2,1,1,1
matched_rca,qwen3.8-27b,H,aiops2022,currencyservice2,1,0,0
matched_rca,qwen3.8-27b,H,aiops2022,emailservice-1,1,1,1
matched_rca,qwen3.8-27b,H,aiops2022,emailservice2,1,0,0
matched_rca,qwen3.8-27b,H,aiops2022,frontend-0,1,0,0
matched_rca,qwen3.8-27b,H,aiops2022,istio-ingressgateway,1,0,0
matched_rca,qwen3.8-27b,H,aiops2022,paymentservice-1,1,0,0
direct_rca,qwen3.8-27b,T,re2_tt,ts-price-mongo,1,0,0
direct_rca,qwen3.8-27b,T,re2_tt,ts-price-service,1,0,0.33333333
direct_rca,qwen3.8-27b,T,re2_tt,ts-ui-dashboard,1,0,0.5
direct_rca,qwen3.8-27b,T,re2_tt,ts-user-service,1,0,0.5
direct_rca,qwen3.8-27b,V,aegislab,ts-admin-order-service,1,0,0.5
direct_rca,qwen3.8-27b,V,aegislab,ts-admin-user-service,1,0,0
direct_rca,qwen3.8-27b,V,aegislab,ts-auth-service-6477f4967c-l9mwz,1,1,1
direct_rca,qwen3.8-27b,V,aegislab,ts-basic-service,1,0,0.33333333
matched_rca,qwen3.8-27b,H,re2_ob,gke-gke-cluster-default-pool-2e1807ce-xte3,1,0,0.5
matched_rca,qwen3.8-27b,H,re2_ob,shippingservice,1,0,0.5
matched_rca,qwen3.8-27b,H,re2_tt,gke-gke-cluster-tt-default-pool-448caaac-g8ts,1,0,0
matched_rca,qwen3.8-27b,H,re2_tt,gke-gke-cluster-tt-default-pool-ca598206-g9jt,1,0,0.5
matched_rca,qwen3.8-27b,H,re2_tt,gke-gke-cluster-tt-default-pool-ca598206-p3ch,1,0,0.5
matched_rca,qwen3.8-27b,H,re2_tt,gke-gke-cluster-tt-default-pool-ca598206-tj63,1,0,0.5
matched_rca,qwen3.8-27b,H,re2_tt,gke-gke-cluster-tt-default-pool-ca598206-xvr3,1,0,0.33333333
matched_rca,qwen3.8-27b,H,re2_tt,ts-assurance-service,1,0,0
direct_rca,qwen3.8-27b,T,aiops2025,productcatalogservice-1,1,1,1
direct_rca,qwen3.8-27b,T,aiops2025,productcatalogservice-2,1,0,0
direct_rca,qwen3.8-27b,T,aiops2025,redis-cart-0,1,0,0.33333333
matched_rca,qwen3.8-27b,H,aiops2025,example-ant,1,0,0
matched_rca,qwen3.8-27b,H,aiops2025,frontend-0,1,0,0.5
matched_rca,qwen3.8-27b,H,aiops2025,node-2,1,0,0
matched_rca,qwen3.8-27b,H,re2_ob,adservice,1,0,0.5
matched_rca,qwen3.8-27b,H,re2_ob,gke-gke-cluster-default-pool-2e1807ce-s8hw,1,0,0.33333333
direct_rca,qwen3.8-27b,T,aiops2025,cartservice-0,1,1,1
direct_rca,qwen3.8-27b,T,aiops2025,cartservice-2,1,0,0
direct_rca,qwen3.8-27b,T,aiops2025,checkoutservice-2,1,0,0
direct_rca,qwen3.8-27b,T,aiops2025,emailservice,1,0,0
direct_rca,qwen3.8-27b,T,aiops2025,example-ant-29158080-drlxt,1,0,0
direct_rca,qwen3.8-27b,T,aiops2025,frontend-0,1,0,0.5
direct_rca,qwen3.8-27b,T,aiops2025,hipstershop,1,0,0
direct_rca,qwen3.8-27b,T,aiops2025,paymentservice-0,1,0,0
direct_rca,qwen3.8-27b,T,re2_tt,gke-gke-cluster-tt-default-pool-79112c30-f9qk,1,0,0
direct_rca,qwen3.8-27b,T,re2_tt,gke-gke-cluster-tt-default-pool-ca598206-37xx,1,0,0.5
direct_rca,qwen3.8-27b,T,re2_tt,gke-gke-cluster-tt-default-pool-ca598206-fipm,1,0,0.5
direct_rca,qwen3.8-27b,T,re2_tt,gke-gke-cluster-tt-default-pool-ca598206-g9jt,1,0,0.25
direct_rca,qwen3.8-27b,T,aiops2022,shippingservice2,1,0,0.5
direct_rca,qwen3.8-27b,T,aiops2022,shippingservice2-0,1,0,0
direct_rca,qwen3.8-27b,T,aiops2022,,1,0,0
direct_rca,qwen3.8-27b,T,aiops2025,cartservice,1,0,0.33333333
direct_rca,qwen3.8-27b,T,aiops2022,paymentservice-1,1,0,0
direct_rca,qwen3.8-27b,T,aiops2022,productcatalogservice-2,1,1,1
direct_rca,qwen3.8-27b,T,aiops2022,productcatalogservice2-0,1,1,1
direct_rca,qwen3.8-27b,T,aiops2022,recommendationservice-2,1,1,1
direct_rca,qwen3.8-27b,T,aiops2022,recommendationservice2,1,0,0
direct_rca,qwen3.8-27b,T,aiops2022,redis-cart,1,0,0
direct_rca,qwen3.8-27b,T,aiops2022,redis-cart2,1,0,0
direct_rca,qwen3.8-27b,T,aegislab,ts-order-other-service,1,1,1
direct_rca,qwen3.8-27b,T,aiops2022,emailservice-0,1,0,0
direct_rca,qwen3.8-27b,T,aiops2022,emailservice-1,1,1,1
direct_rca,qwen3.8-27b,T,aiops2022,emailservice-grpc,1,0,0
direct_rca,qwen3.8-27b,T,aiops2022,frontend-0,1,0,0
direct_rca,qwen3.8-27b,T,aiops2022,frontend2-0,1,0,0
direct_rca,qwen3.8-27b,T,aiops2022,node-3,1,0,0
direct_rca,qwen3.8-27b,T,aiops2022,node-4,1,1,1
direct_rca,qwen3.8-27b,T,aiops2022,paymentservice-0,1,0,0
matched_rca,qwen3.8-27b,H,re2_tt,ts-ticketinfo-service,1,0,0
matched_rca,qwen3.8-27b,H,re2_tt,ts-train-mongo,1,0,0
matched_rca,qwen3.8-27b,H,re2_tt,ts-travel-mongo,1,0,0.5
matched_rca,qwen3.8-27b,H,re2_tt,ts-travel2-service,1,0,0.5
direct_rca,qwen3.8-27b,T,aiops2022,checkoutservice-2,1,1,1
direct_rca,qwen3.8-27b,T,aiops2022,checkoutservice2,1,0,0
direct_rca,qwen3.8-27b,T,aiops2022,currencyservice-1,1,1,1
direct_rca,qwen3.8-27b,T,aiops2022,currencyservice2-0,1,0,0
matched_rca,qwen3.8-27b,H,re2_tt,ts-auth-mongo,1,0,0
matched_rca,qwen3.8-27b,H,re2_tt,ts-basic-service,1,0,0.5
matched_rca,qwen3.8-27b,H,re2_tt,ts-food-service,1,0,0
matched_rca,qwen3.8-27b,H,re2_tt,ts-inside-payment-service,1,0,0.5
matched_rca,qwen3.8-27b,H,re2_tt,ts-order-mongo,1,0,0.5
matched_rca,qwen3.8-27b,H,re2_tt,ts-order-other-mongo,1,0,0.5
matched_rca,qwen3.8-27b,H,re2_tt,ts-price-mongo,1,0,0
matched_rca,qwen3.8-27b,H,re2_tt,ts-station-service,1,0,0.33333333
direct_rca,qwen3.8-27b,R,re2_tt,ts-travel-plan-service,1,0,0
direct_rca,qwen3.8-27b,R,re2_tt,ts-user-mongo,1,0,0
direct_rca,qwen3.8-27b,T,aegislab,loadgenerator,1,0,0
direct_rca,qwen3.8-27b,T,aegislab,rabbitmq,1,0,0.5
direct_rca,qwen3.8-27b,T,aegislab,ts-admin-order-service,1,0,0.5
direct_rca,qwen3.8-27b,T,aegislab,ts-admin-travel-service,1,0,0.5
direct_rca,qwen3.8-27b,T,aegislab,ts-admin-user-service,1,0,0.25
direct_rca,qwen3.8-27b,T,aegislab,ts-auth-service-6477f4967c-l9mwz,1,1,1
matched_rca,qwen3.8-27b,P,aegislab,ts-auth-service,1,1,1
matched_rca,qwen3.8-27b,P,aegislab,ts-food-delivery-service,1,0,0
matched_rca,qwen3.8-27b,P,aegislab,ts-payment-service,1,0,0
matched_rca,qwen3.8-27b,P,aegislab,ts-preserve-other-service,1,0,0.5
matched_rca,qwen3.8-27b,P,aegislab,ts-station-food-service,1,0,0
matched_rca,qwen3.8-27b,P,aegislab,ts-station-service,1,0,0
direct_rca,qwen3.8-27b,R,re2_tt,ts-route-plan-service,1,0,0.25
direct_rca,qwen3.8-27b,R,re2_tt,ts-station-service,1,0,0
direct_rca,qwen3.8-27b,T,aiops2022,adservice-2,1,1,1
direct_rca,qwen3.8-27b,T,aiops2022,adservice2-0,1,0,0
direct_rca,qwen3.8-27b,T,aiops2022,cartservice-1,1,0,0
direct_rca,qwen3.8-27b,T,aiops2022,cartservice2,1,0,0.5
direct_rca,qwen3.8-27b,T,aiops2022,checkoutservice,1,0,0.25
matched_rca,qwen3.8-27b,P,aegislab,mysql,1,1,1
matched_rca,qwen3.8-27b,P,aegislab,rabbitmq,1,0,0.33333333
matched_rca,qwen3.8-27b,P,aegislab,ts-admin-travel-service,1,0,0.5
direct_rca,qwen3.8-27b,T,aegislab,ts-order-service-668587b48c-jnkkc,1,1,1
direct_rca,qwen3.8-27b,T,aegislab,ts-preserve-other-service,1,0,0.33333333
direct_rca,qwen3.8-27b,T,aegislab,ts-station-service-685fd4985f-lxljn,1,1,1
direct_rca,qwen3.8-27b,T,aegislab,ts-train-service,1,0,0
direct_rca,qwen3.8-27b,T,aegislab,ts-travel-service-cbf9bf77c-knq2c,1,1,1
direct_rca,qwen3.8-27b,T,aegislab,ts-travel2-service-6659b8fd5f-g4cbf,1,1,1
direct_rca,qwen3.8-27b,T,aegislab,,1,0,0
direct_rca,qwen3.8-27b,T,aiops2022,adservice-1,1,1,1
direct_rca,qwen3.8-27b,R,re2_tt,gke-gke-cluster-tt-default-pool-448caaac-rjxh,1,0,0.33333333
direct_rca,qwen3.8-27b,R,re2_tt,gke-gke-cluster-tt-default-pool-79112c30-f9qk,1,0,0
direct_rca,qwen3.8-27b,R,re2_tt,gke-gke-cluster-tt-default-pool-ca598206-37xx,1,0,0.33333333
direct_rca,qwen3.8-27b,R,re2_tt,gke-gke-cluster-tt-default-pool-ca598206-fipm,1,0,0
direct_rca,qwen3.8-27b,R,re2_tt,gke-gke-cluster-tt-default-pool-ca598206-g9jt,1,0,0.25
direct_rca,qwen3.8-27b,R,re2_tt,gke-gke-cluster-tt-default-pool-ca598206-xvr3,1,0,0.5
direct_rca,qwen3.8-27b,R,re2_tt,ts-assurance-mongo,1,0,0
direct_rca,qwen3.8-27b,R,re2_tt,ts-basic-service,1,0,0.33333333
matched_rca,qwen3.8-27b,P,aiops2022,emailservice2-0,1,0,0
matched_rca,qwen3.8-27b,P,aiops2022,istio-egressgateway,1,0,0.33333333
matched_rca,qwen3.8-27b,P,aiops2022,istio-egressgateway-7bfdcc9d86-22q7z,1,0,0
matched_rca,qwen3.8-27b,P,aiops2022,node-4,1,1,1
direct_rca,qwen3.8-27b,R,re2_ob,gke-gke-cluster-default-pool-2e1807ce-xte3,1,0,0.5
direct_rca,qwen3.8-27b,R,re2_ob,gke-gke-cluster-default-pool-9da84637-r1mb,1,0,0.5
direct_rca,qwen3.8-27b,R,re2_ob,gke-gke-cluster-default-pool-c49c2b06-crhc,1,0,0.25
direct_rca,qwen3.8-27b,R,re2_tt,gke-gke-cluster-tt-default-pool-448caaac-q7qg,1,0,0
matched_rca,qwen3.8-27b,P,aiops2022,adservice-2,1,0,0
matched_rca,qwen3.8-27b,P,aiops2022,cartservice-0,1,1,1
matched_rca,qwen3.8-27b,P,aiops2022,cartservice-1,1,0,0
matched_rca,qwen3.8-27b,P,aiops2022,checkoutservice-1,1,1,1
matched_rca,qwen3.8-27b,P,aiops2022,checkoutservice2,1,0,0
matched_rca,qwen3.8-27b,P,aiops2022,checkoutservice2-0,1,0,0.5
matched_rca,qwen3.8-27b,P,aiops2022,currencyservice,1,0,0
matched_rca,qwen3.8-27b,P,aiops2022,emailservice-grpc,1,0,0
direct_rca,qwen3.8-27b,T,aegislab,ts-config-service,1,0,0.33333333
direct_rca,qwen3.8-27b,T,aegislab,ts-config-service-55cffbf48b-dx8rc,1,1,1
direct_rca,qwen3.8-27b,T,aegislab,ts-config-service-7b97b98795-tpnjs,1,1,1
direct_rca,qwen3.8-27b,T,aegislab,ts-consign-service,1,1,1
direct_rca,qwen3.8-27b,T,aegislab,ts-delivery-service,1,0,0
direct_rca,qwen3.8-27b,T,aegislab,ts-food-delivery-service,1,0,0
matched_rca,qwen3.8-27b,P,aegislab,ts-verification-code-service,1,0,0.5
matched_rca,qwen3.8-27b,P,aegislab,,1,0,0
matched_rca,qwen3.8-27b,P,aiops2025,node-2,1,0,0
matched_rca,qwen3.8-27b,P,aiops2025,recommendationservice,1,0,0
matched_rca,qwen3.8-27b,P,aiops2025,redis-cart-0,1,0,0
direct_rca,qwen3.8-27b,R,aiops2022,frontend-1,1,0,0
direct_rca,qwen3.8-27b,R,aiops2022,istio-egressgateway-7bfdcc9d86-22q7z,1,0,0.5
direct_rca,qwen3.8-27b,R,aiops2022,istio-ingressgateway,1,0,0
direct_rca,qwen3.8-27b,R,aiops2022,istio-ingressgateway-565bffd4d-4nr6v,1,0,0.33333333
direct_rca,qwen3.8-27b,R,aiops2022,node-3,1,0,0
matched_rca,qwen3.8-27b,P,aiops2022,productcatalogservice-2,1,0,0
matched_rca,qwen3.8-27b,P,aiops2022,productcatalogservice2,1,0,0
matched_rca,qwen3.8-27b,P,aiops2022,recommendationservice2,1,0,0.5
matched_rca,qwen3.8-27b,P,aiops2022,redis-cart,1,0,0.25
matched_rca,qwen3.8-27b,P,aiops2022,redis-cart-0,1,0,0.33333333
matched_rca,qwen3.8-27b,P,aiops2025,adservice-2,1,0,0.33333333
matched_rca,qwen3.8-27b,P,aiops2025,currencyservice-0,1,0,0.33333333
matched_rca,qwen3.8-27b,P,aiops2025,currencyservice-2,1,0,0
direct_rca,qwen3.8-27b,R,aiops2025,node-7,1,0,0.25
direct_rca,qwen3.8-27b,R,aiops2025,paymentservice-0,1,0,0
direct_rca,qwen3.8-27b,R,aiops2025,paymentservice-2,1,0,0
direct_rca,qwen3.8-27b,R,aiops2025,productcatalogservice-1,1,1,1
direct_rca,qwen3.8-27b,R,aiops2025,productcatalogservice-2,1,0,0
direct_rca,qwen3.8-27b,R,aiops2025,redis,1,0,0
direct_rca,qwen3.8-27b,R,aiops2025,shippingservice-2,1,0,0
matched_rca,qwen3.8-27b,P,aiops2022,productcatalogservice,1,0,0
direct_rca,qwen3.8-27b,R,re2_tt,ts-contacts-mongo,1,0,0
direct_rca,qwen3.8-27b,R,re2_tt,ts-food-mongo,1,0,0.33333333
direct_rca,qwen3.8-27b,R,aiops2025,currencyservice-1,1,0,0
direct_rca,qwen3.8-27b,R,aiops2025,currencyservice-2,1,0,0
direct_rca,qwen3.8-27b,R,aiops2025,emailservice,1,0,0
direct_rca,qwen3.8-27b,R,aiops2025,frontend-0,1,0,0.5
direct_rca,qwen3.8-27b,R,aiops2025,frontend-1,1,0,0
direct_rca,qwen3.8-27b,R,aiops2025,node-5,1,1,1
matched_rca,qwen3.8-27b,P,re2_tt,ts-basic-service,1,0,0.5
direct_rca,qwen3.8-27b,R,aegislab,ts-travel-service-cbf9bf77c-knq2c,1,1,1
direct_rca,qwen3.8-27b,R,aegislab,ts-travel-service-fbbd88b6b-h64vn,1,1,1
direct_rca,qwen3.8-27b,R,aegislab,ts-travel2-service-6659b8fd5f-g4cbf,1,1,1
direct_rca,qwen3.8-27b,R,aegislab,ts-wait-order-service,1,0,0
direct_rca,qwen3.8-27b,R,aiops2022,__UNKNOWN_ID_AT_RANK_1__,1,0,0
direct_rca,qwen3.8-27b,R,aiops2022,adservice-1,1,1,1
direct_rca,qwen3.8-27b,R,aiops2022,adservice2-0,1,0,0
matched_rca,qwen3.8-27b,P,re2_ob,shippingservice,1,0,0.5
matched_rca,qwen3.8-27b,P,re2_tt,gke-gke-cluster-tt-default-pool-448caaac-g8ts,1,0,0.33333333
matched_rca,qwen3.8-27b,P,re2_tt,gke-gke-cluster-tt-default-pool-ca598206-g9jt,1,0,0.5
matched_rca,qwen3.8-27b,P,re2_tt,gke-gke-cluster-tt-default-pool-ca598206-p3ch,1,0,0.5
matched_rca,qwen3.8-27b,P,re2_tt,gke-gke-cluster-tt-default-pool-ca598206-xvr3,1,0,0.33333333
matched_rca,qwen3.8-27b,P,re2_tt,ts-assurance-mongo,1,0,0.33333333
matched_rca,qwen3.8-27b,P,re2_tt,ts-assurance-service,1,0,0
matched_rca,qwen3.8-27b,P,re2_tt,ts-auth-mongo,1,0,0
direct_rca,qwen3.8-27b,R,aiops2025,cartservice-0,1,0,0.33333333
direct_rca,qwen3.8-27b,R,aiops2025,cartservice-2,1,0,0
direct_rca,qwen3.8-27b,R,aiops2025,checkoutservice-2,1,0,0
direct_rca,qwen3.8-27b,R,aiops2025,currencyservice,1,0,0
matched_rca,qwen3.8-27b,P,aiops2025,shippingservice,1,0,0
matched_rca,qwen3.8-27b,P,aiops2025,tidb-pd,1,0,0.5
matched_rca,qwen3.8-27b,P,re2_ob,cartservice,1,0,0.33333333
matched_rca,qwen3.8-27b,P,re2_ob,gke-gke-cluster-default-pool-2e1807ce-xte3,1,0,0.5
direct_rca,qwen3.8-27b,R,aiops2022,paymentservice-0,1,0,0
direct_rca,qwen3.8-27b,R,aiops2022,paymentservice-2,1,0,0.5
direct_rca,qwen3.8-27b,R,aiops2022,productcatalogservice-0,1,1,1
direct_rca,qwen3.8-27b,R,aiops2022,productcatalogservice-1,1,1,1
direct_rca,qwen3.8-27b,R,aiops2022,productcatalogservice2-0,1,1,1
direct_rca,qwen3.8-27b,R,aiops2022,recommendationservice2-0,1,0,0
direct_rca,qwen3.8-27b,R,aiops2022,shippingservice,1,0,0
direct_rca,qwen3.8-27b,R,aiops2025,cartservice,1,1,1
matched_rca,qwen3.8-27b,R,aegislab,ts-admin-user-service,1,0,0
matched_rca,qwen3.8-27b,R,aegislab,ts-assurance-service-867778f676-vvvvd,1,1,1
matched_rca,qwen3.8-27b,R,aegislab,ts-auth-service-54bd57586c-kk7wq,1,1,1
matched_rca,qwen3.8-27b,R,aegislab,ts-basic-service,1,0,0
matched_rca,qwen3.8-27b,R,aegislab,ts-config-service,1,1,1
direct_rca,qwen3.8-27b,P,re2_tt,,1,0,0
direct_rca,qwen3.8-27b,R,aegislab,ts-admin-order-service,1,0,0.5
direct_rca,qwen3.8-27b,R,aegislab,ts-admin-user-service,1,0,0.33333333
matched_rca,qwen3.8-27b,P,re2_tt,ts-station-service,1,0,0
matched_rca,qwen3.8-27b,P,re2_tt,ts-ticketinfo-service,1,0,0.33333333
matched_rca,qwen3.8-27b,P,re2_tt,ts-train-mongo,1,0,0.33333333
matched_rca,qwen3.8-27b,P,re2_tt,ts-travel-mongo,1,0,0.5
matched_rca,qwen3.8-27b,P,re2_tt,ts-ui-dashboard,1,0,0
matched_rca,qwen3.8-27b,P,re2_tt,ts-user-service,1,0,0.5
matched_rca,qwen3.8-27b,R,aegislab,rabbitmq,1,0,0
matched_rca,qwen3.8-27b,R,aegislab,ts-admin-route-service,1,0,0
direct_rca,qwen3.8-27b,R,aiops2022,currencyservice2,1,0,0
direct_rca,qwen3.8-27b,R,aiops2022,emailservice,1,0,0
matched_rca,qwen3.8-27b,P,re2_tt,ts-food-map-service,1,0,0
matched_rca,qwen3.8-27b,P,re2_tt,ts-food-service,1,0,0
matched_rca,qwen3.8-27b,P,re2_tt,ts-inside-payment-service,1,0,0
matched_rca,qwen3.8-27b,P,re2_tt,ts-order-mongo,1,0,0.5
matched_rca,qwen3.8-27b,P,re2_tt,ts-order-other-mongo,1,0,0.5
matched_rca,qwen3.8-27b,P,re2_tt,ts-price-mongo,1,0,0
direct_rca,qwen3.8-27b,R,aiops2022,cartservice,1,0,0
direct_rca,qwen3.8-27b,R,aiops2022,cartservice-0,1,0,0.2
direct_rca,qwen3.8-27b,R,aiops2022,cartservice-1,1,0,0
direct_rca,qwen3.8-27b,R,aiops2022,cartservice-2,1,0,0.5
direct_rca,qwen3.8-27b,R,aiops2022,checkoutservice-1,1,0,0
direct_rca,qwen3.8-27b,R,aiops2022,checkoutservice2,1,0,0.5
direct_rca,qwen3.8-27b,R,aiops2022,checkoutservice2-0,1,0,0
direct_rca,qwen3.8-27b,R,aiops2022,currencyservice-1,1,1,1
matched_rca,qwen3.8-27b,R,aegislab,ts-travel-service-cbf9bf77c-knq2c,1,1,1
matched_rca,qwen3.8-27b,R,aiops2022,adservice-2,1,0,0.2
matched_rca,qwen3.8-27b,R,aiops2022,cartservice2-0,1,0,0.5
matched_rca,qwen3.8-27b,R,aiops2022,checkoutservice,1,0,0
matched_rca,qwen3.8-27b,R,aiops2022,checkoutservice2,1,0,0
matched_rca,qwen3.8-27b,R,aiops2022,currencyservice,1,0,0.25
matched_rca,qwen3.8-27b,R,aiops2022,currencyservice-0,1,0,0
matched_rca,qwen3.8-27b,R,aiops2022,currencyservice-1,1,1,1
matched_rca,qwen3.8-27b,R,aegislab,ts-news-service,1,0,0
matched_rca,qwen3.8-27b,R,aegislab,ts-notification-service,1,0,0
matched_rca,qwen3.8-27b,R,aegislab,ts-order-service,1,0,0.5
matched_rca,qwen3.8-27b,R,aegislab,ts-price-service,1,1,1
matched_rca,qwen3.8-27b,R,aegislab,ts-route-service,1,1,1
matched_rca,qwen3.8-27b,R,aegislab,ts-station-food-service,1,0,0
matched_rca,qwen3.8-27b,R,aegislab,ts-station-service,1,1,1
matched_rca,qwen3.8-27b,R,aegislab,ts-travel-plan-service-5b7fb74b4f-w8nlh,1,1,1
direct_rca,qwen3.8-27b,R,aegislab,ts-order-service-668587b48c-jnkkc,1,1,1
direct_rca,qwen3.8-27b,R,aegislab,ts-payment-service,1,0,0
direct_rca,qwen3.8-27b,R,aegislab,ts-seat-service-6c78b7d797-vrjmh,1,1,1
direct_rca,qwen3.8-27b,R,aegislab,ts-station-service,1,0,0
direct_rca,qwen3.8-27b,R,aegislab,ts-ticket-office-service,1,0,0.5
direct_rca,qwen3.8-27b,R,aegislab,ts-train-service,1,0,0.5
matched_rca,qwen3.8-27b,R,aegislab,ts-config-service-7b97b98795-tpnjs,1,1,1
matched_rca,qwen3.8-27b,R,aegislab,ts-gateway-service,1,0,0.5
direct_rca,qwen3.8-27b,R,aegislab,ts-assurance-service,1,1,1
direct_rca,qwen3.8-27b,R,aegislab,ts-auth-service,1,1,1
direct_rca,qwen3.8-27b,R,aegislab,ts-auth-service-6477f4967c-l9mwz,1,1,1
direct_rca,qwen3.8-27b,R,aegislab,ts-config-service-55cffbf48b-dx8rc,1,1,1
direct_rca,qwen3.8-27b,R,aegislab,ts-config-service-7b97b98795-tpnjs,1,1,1
direct_rca,qwen3.8-27b,R,aegislab,ts-gateway-service,1,0,0.5
direct_rca,qwen3.8-27b,R,aegislab,ts-news-service,1,0,0.33333333
direct_rca,qwen3.8-27b,R,aegislab,ts-order-other-service,1,1,1
direct_rca,qwen3.8-27b,P,re2_tt,ts-notification-service,1,0,0
direct_rca,qwen3.8-27b,P,re2_tt,ts-order-mongo,1,0,0
direct_rca,qwen3.8-27b,P,re2_tt,ts-payment-mongo,1,0,0
direct_rca,qwen3.8-27b,P,re2_tt,ts-price-mongo,1,0,0
direct_rca,qwen3.8-27b,P,re2_tt,ts-price-service,1,0,0.33333333
direct_rca,qwen3.8-27b,P,re2_tt,ts-station-service,1,0,0.33333333
direct_rca,qwen3.8-27b,P,aiops2025,productcatalogservice-1,1,1,1
direct_rca,qwen3.8-27b,P,aiops2025,productcatalogservice-2,1,0,0
direct_rca,qwen3.8-27b,P,re2_tt,gke-gke-cluster-tt-default-pool-ca598206-g9jt,1,0,0
direct_rca,qwen3.8-27b,P,re2_tt,gke-gke-cluster-tt-default-pool-ca598206-tj63,1,0,0.25
direct_rca,qwen3.8-27b,P,re2_tt,gke-gke-cluster-tt-default-pool-ca598206-xvr3,1,0,0
direct_rca,qwen3.8-27b,P,re2_tt,ts-admin-basic-info-service,1,0,0
direct_rca,qwen3.8-27b,P,re2_tt,ts-cancel-service,1,0,0
direct_rca,qwen3.8-27b,P,re2_tt,ts-consign-service,1,0,0.25
direct_rca,qwen3.8-27b,P,re2_tt,ts-food-service,1,0,0.2
direct_rca,qwen3.8-27b,P,re2_tt,ts-inside-payment-mongo,1,0,0.33333333
matched_rca,qwen3.8-27b,R,aiops2022,istio-ingressgateway-565bffd4d-4nr6v,1,0,0
matched_rca,qwen3.8-27b,R,aiops2022,node-1,1,0,0.5
matched_rca,qwen3.8-27b,R,aiops2022,node-3,1,0,0
matched_rca,qwen3.8-27b,R,aiops2022,node-4,1,0,0
matched_rca,qwen3.8-27b,R,aiops2022,paymentservice2,1,0,0.5
matched_rca,qwen3.8-27b,R,aiops2022,shippingservice,1,1,1
matched_rca,qwen3.8-27b,R,aiops2022,shippingservice-0,1,0,0
direct_rca,qwen3.8-27b,P,re2_tt,gke-gke-cluster-tt-default-pool-ca598206-g5tp,1,0,0.5
matched_rca,qwen3.8-27b,R,aiops2022,currencyservice2,1,0,0
matched_rca,qwen3.8-27b,R,aiops2022,emailservice,1,0,0.25
matched_rca,qwen3.8-27b,R,aiops2022,emailservice-0,1,0,0
matched_rca,qwen3.8-27b,R,aiops2022,emailservice2,1,0,0.33333333
matched_rca,qwen3.8-27b,R,aiops2022,emailservice2-0,1,0,0.5
matched_rca,qwen3.8-27b,R,aiops2022,frontend-1,1,1,1
matched_rca,qwen3.8-27b,R,aiops2022,frontend-2,1,1,1
matched_rca,qwen3.8-27b,R,aiops2022,istio-ingressgateway,1,0,0
direct_rca,qwen3.8-27b,P,aiops2025,adservice-0,1,0,0.25
direct_rca,qwen3.8-27b,P,aiops2025,adservice-2,1,1,1
direct_rca,qwen3.8-27b,P,aiops2025,cartservice-0,1,0,0
direct_rca,qwen3.8-27b,P,aiops2025,cartservice-1,1,0,0.25
direct_rca,qwen3.8-27b,P,aiops2025,cartservice-2,1,0,0
direct_rca,qwen3.8-27b,P,aiops2025,currencyservice,1,0,0.5
direct_rca,qwen3.8-27b,P,aiops2025,example-ant-29162400-cdnr4,1,0,0
direct_rca,qwen3.8-27b,P,aiops2025,frontend-0,1,0,0.33333333
matched_rca,qwen3.8-27b,R,aiops2025,node-2,1,0,0
matched_rca,qwen3.8-27b,R,aiops2025,node-6,1,0,0.2
matched_rca,qwen3.8-27b,R,aiops2025,productcatalogservice-0,1,0,0
matched_rca,qwen3.8-27b,R,aiops2025,redis,1,0,0
matched_rca,qwen3.8-27b,R,aiops2025,redis-cart,1,0,0.33333333
matched_rca,qwen3.8-27b,R,aiops2025,shippingservice-0,1,0,0.33333333
direct_rca,qwen3.8-27b,P,aiops2022,shippingservice-1,1,0,0.5
direct_rca,qwen3.8-27b,P,aiops2025,__UNKNOWN_ID_AT_RANK_1__,1,0,0
direct_rca,qwen3.8-27b,P,re2_tt,gke-gke-cluster-tt-default-pool-79112c30-f9qk,1,0,0
matched_rca,qwen3.8-27b,R,aiops2025,cartservice-0,1,1,1
matched_rca,qwen3.8-27b,R,aiops2025,currencyservice-0,1,0,0.33333333
matched_rca,qwen3.8-27b,R,aiops2025,currencyservice-2,1,0,0
matched_rca,qwen3.8-27b,R,aiops2025,frontend-1,1,0,0
matched_rca,qwen3.8-27b,R,aiops2025,hipstershop,1,0,0.5
matched_rca,qwen3.8-27b,R,aiops2025,k8s-master1,1,0,0.5
matched_rca,qwen3.8-27b,R,aiops2025,k8s-master3,1,0,0
direct_rca,qwen3.8-27b,P,aiops2025,redis,1,0,0.25
direct_rca,qwen3.8-27b,P,aiops2025,redis-cart-0,1,0,0
direct_rca,qwen3.8-27b,P,re2_ob,gke-gke-cluster-default-pool-2e1807ce-s8hw,1,0,0
direct_rca,qwen3.8-27b,P,re2_ob,gke-gke-cluster-default-pool-9da84637-r1mb,1,0,0.5
direct_rca,qwen3.8-27b,P,re2_ob,paymentservice,1,0,0.25
direct_rca,qwen3.8-27b,P,re2_ob,,1,0,0
direct_rca,qwen3.8-27b,P,re2_tt,gke-gke-cluster-tt-default-pool-448caaac-q7qg,1,0,0.5
direct_rca,qwen3.8-27b,P,re2_tt,gke-gke-cluster-tt-default-pool-448caaac-rjxh,1,0,0.33333333
direct_rca,qwen3.8-27b,P,aiops2022,frontend-1,1,0,0
direct_rca,qwen3.8-27b,P,aiops2022,frontend-2,1,0,0
direct_rca,qwen3.8-27b,P,aiops2022,istio-egressgateway,1,0,0
direct_rca,qwen3.8-27b,P,aiops2022,istio-egressgateway-7bfdcc9d86-22q7z,1,0,0
direct_rca,qwen3.8-27b,P,aiops2022,node-4,1,0,0.25
direct_rca,qwen3.8-27b,P,aiops2022,paymentservice-0,1,0,0
direct_rca,qwen3.8-27b,P,aiops2022,paymentservice-2,1,0,0.25
direct_rca,qwen3.8-27b,P,aiops2022,productcatalogservice,1,0,0.33333333
matched_rca,qwen3.8-27b,R,re2_tt,gke-gke-cluster-tt-default-pool-ca598206-xvr3,1,0,0.5
matched_rca,qwen3.8-27b,R,re2_tt,ts-admin-route-service,1,0,0
matched_rca,qwen3.8-27b,R,re2_tt,ts-admin-user-service,1,0,0
matched_rca,qwen3.8-27b,R,re2_tt,ts-assurance-mongo,1,0,0.5
matched_rca,qwen3.8-27b,R,re2_tt,ts-basic-service,1,0,0.5
matched_rca,qwen3.8-27b,R,re2_tt,ts-config-mongo,1,0,0
direct_rca,qwen3.8-27b,P,aiops2022,checkoutservice2-0,1,0,0
direct_rca,qwen3.8-27b,P,aiops2022,currencyservice2,1,0,0.25
matched_rca,qwen3.8-27b,R,re2_ob,gke-gke-cluster-default-pool-2e1807ce-0e4z,1,0,0.33333333
matched_rca,qwen3.8-27b,R,re2_ob,gke-gke-cluster-default-pool-2e1807ce-xte3,1,0,0.33333333
matched_rca,qwen3.8-27b,R,re2_ob,redis,1,0,0
matched_rca,qwen3.8-27b,R,re2_ob,shippingservice,1,0,0.5
matched_rca,qwen3.8-27b,R,re2_ob,,1,0,0
matched_rca,qwen3.8-27b,R,re2_tt,gke-gke-cluster-tt-default-pool-ca598206-81xz,1,0,0.5
matched_rca,qwen3.8-27b,R,re2_tt,gke-gke-cluster-tt-default-pool-ca598206-g9jt,1,0,0.5
matched_rca,qwen3.8-27b,R,re2_tt,gke-gke-cluster-tt-default-pool-ca598206-tj63,1,0,0.5
direct_rca,qwen3.8-27b,P,aiops2025,node-2,1,0,0.2
direct_rca,qwen3.8-27b,P,aiops2025,node-6,1,1,1
direct_rca,qwen3.8-27b,P,aiops2025,node-7,1,0,0.25
direct_rca,qwen3.8-27b,P,aiops2025,paymentservice-0,1,0,0
matched_rca,qwen3.8-27b,R,aiops2025,tidb-pd,1,0,0
matched_rca,qwen3.8-27b,R,re2_ob,adservice,1,0,0.33333333
matched_rca,qwen3.8-27b,R,re2_ob,cartservice,1,0,0.5
matched_rca,qwen3.8-27b,R,re2_ob,frontend-external,1,0,0.33333333
direct_rca,qwen3.8-27b,P,aegislab,ts-travel2-service-6659b8fd5f-g4cbf,1,1,1
direct_rca,qwen3.8-27b,P,aegislab,ts-user-service,1,1,1
direct_rca,qwen3.8-27b,P,aegislab,ts-verification-code-service,1,0,0.5
direct_rca,qwen3.8-27b,P,aegislab,ts-voucher-service,1,0,0
direct_rca,qwen3.8-27b,P,aegislab,ts-wait-order-service,1,0,0
direct_rca,qwen3.8-27b,P,aegislab,,1,0,0
direct_rca,qwen3.8-27b,P,aiops2022,adservice-0,1,0,0
direct_rca,qwen3.8-27b,P,aiops2022,adservice-2,1,0,0.33333333
matched_rca,qwen3.8-27b,T,aegislab,ts-assurance-service-867778f676-vvvvd,1,1,1
matched_rca,qwen3.8-27b,T,aegislab,ts-delivery-service,1,0,0
direct_rca,qwen3.8-27b,P,aegislab,ts-order-other-service,1,1,1
direct_rca,qwen3.8-27b,P,aegislab,ts-order-service-668587b48c-jnkkc,1,1,1
direct_rca,qwen3.8-27b,P,aegislab,ts-station-service,1,0,0.33333333
direct_rca,qwen3.8-27b,P,aegislab,ts-ticket-office-service,1,0,0.5
direct_rca,qwen3.8-27b,P,aegislab,ts-train-service,1,0,0
direct_rca,qwen3.8-27b,P,aegislab,ts-travel-service,1,0,0.2
matched_rca,qwen3.8-27b,R,re2_tt,ts-food-service,1,0,0
matched_rca,qwen3.8-27b,R,re2_tt,ts-notification-mongo,1,0,0.5
matched_rca,qwen3.8-27b,R,re2_tt,ts-preserve-service,1,0,0.33333333
matched_rca,qwen3.8-27b,R,re2_tt,ts-station-service,1,0,0
matched_rca,qwen3.8-27b,R,re2_tt,ts-ui-dashboard,1,0,0
matched_rca,qwen3.8-27b,R,re2_tt,ts-user-service,1,0,0.5
matched_rca,qwen3.8-27b,T,aegislab,mysql,1,1,1
matched_rca,qwen3.8-27b,T,aegislab,ts-admin-travel-service,1,0,0.5
direct_rca,qwen3.8-27b,P,aiops2022,productcatalogservice-0,1,1,1
direct_rca,qwen3.8-27b,P,aiops2022,recommendationservice2,1,0,0.25
direct_rca,qwen3.8-27b,P,aiops2022,redis-cart2,1,0,0
direct_rca,qwen3.8-27b,P,aiops2022,redis-cart2-0,1,0,0
direct_rca,qwen3.8-27b,P,aiops2022,shippingservice,1,0,0
direct_rca,qwen3.8-27b,P,aiops2022,shippingservice-0,1,0,0
matched_rca,qwen3.8-27b,R,re2_tt,ts-config-service,1,0,0
matched_rca,qwen3.8-27b,R,re2_tt,ts-contacts-mongo,1,0,0.33333333
direct_rca,qwen3.8-27b,P,aegislab,ts-admin-travel-service,1,0,0.2
direct_rca,qwen3.8-27b,P,aegislab,ts-admin-user-service,1,0,0.33333333
direct_rca,qwen3.8-27b,P,aegislab,ts-auth-service-6477f4967c-l9mwz,1,1,1
direct_rca,qwen3.8-27b,P,aegislab,ts-cancel-service,1,0,0.33333333
direct_rca,qwen3.8-27b,P,aegislab,ts-config-service-55cffbf48b-dx8rc,1,1,1
direct_rca,qwen3.8-27b,P,aegislab,ts-config-service-7b97b98795-tpnjs,1,1,1
direct_rca,qwen3.8-27b,P,aegislab,ts-consign-service,1,1,1
direct_rca,qwen3.8-27b,P,aegislab,ts-delivery-service,1,0,0
matched_rca,qwen3.8-27b,T,aiops2022,checkoutservice2,1,0,0.5
direct_rca,qwen3.8-27b,H,re2_tt,ts-payment-service,1,0,0
direct_rca,qwen3.8-27b,H,re2_tt,ts-preserve-mongo,1,0,0.33333333
direct_rca,qwen3.8-27b,H,re2_tt,ts-preserve-service,1,0,0
direct_rca,qwen3.8-27b,H,re2_tt,ts-price-mongo,1,0,0
direct_rca,qwen3.8-27b,H,re2_tt,ts-ticketinfo-service,1,0,0
direct_rca,qwen3.8-27b,H,re2_tt,ts-user-service,1,0,0.5
direct_rca,qwen3.8-27b,P,aegislab,ts-admin-order-service,1,0,0.5
matched_rca,qwen3.8-27b,T,aegislab,ts-station-service,1,0,0
matched_rca,qwen3.8-27b,T,aegislab,ts-travel2-service,1,0,0
matched_rca,qwen3.8-27b,T,aiops2022,adservice-1,1,1,1
matched_rca,qwen3.8-27b,T,aiops2022,adservice2-0,1,0,0
matched_rca,qwen3.8-27b,T,aiops2022,cartservice-0,1,0,0.5
matched_rca,qwen3.8-27b,T,aiops2022,cartservice-1,1,0,0.33333333
matched_rca,qwen3.8-27b,T,aiops2022,cartservice-2,1,0,0
matched_rca,qwen3.8-27b,T,aiops2022,cartservice2,1,0,0.5
direct_rca,qwen3.8-27b,P,aiops2022,cartservice,1,0,0
matched_rca,qwen3.8-27b,T,aegislab,ts-order-other-service,1,1,1
matched_rca,qwen3.8-27b,T,aegislab,ts-order-service,1,0,0.5
matched_rca,qwen3.8-27b,T,aegislab,ts-payment-service,1,0,0
matched_rca,qwen3.8-27b,T,aegislab,ts-preserve-other-service,1,0,0
matched_rca,qwen3.8-27b,T,aegislab,ts-price-service,1,1,1
matched_rca,qwen3.8-27b,T,aegislab,ts-security-service,1,0,0.33333333
matched_rca,qwen3.8-27b,T,aegislab,ts-station-food-service,1,0,0
direct_rca,qwen3.8-27b,H,re2_tt,gke-gke-cluster-tt-default-pool-ca598206-g9jt,1,0,0.25
direct_rca,qwen3.8-27b,H,re2_tt,ts-assurance-service,1,0,0
direct_rca,qwen3.8-27b,H,re2_tt,ts-basic-service,1,0,0.25
direct_rca,qwen3.8-27b,H,re2_tt,ts-consign-service,1,0,0.33333333
direct_rca,qwen3.8-27b,H,re2_tt,ts-order-mongo,1,0,0.5
direct_rca,qwen3.8-27b,H,re2_tt,ts-order-other-mongo,1,0,0.5
direct_rca,qwen3.8-27b,H,aiops2025,adservice-1,1,0,0
direct_rca,qwen3.8-27b,H,aiops2025,cartservice,1,0,0
direct_rca,qwen3.8-27b,H,re2_ob,gke-gke-cluster-default-pool-c49c2b06-vlhn,1,0,0.25
direct_rca,qwen3.8-27b,H,re2_ob,redis,1,0,0.5
direct_rca,qwen3.8-27b,H,re2_ob,shippingservice,1,0,0.5
direct_rca,qwen3.8-27b,H,re2_tt,gke-gke-cluster-tt-default-pool-448caaac-q7qg,1,0,0.25
direct_rca,qwen3.8-27b,H,re2_tt,gke-gke-cluster-tt-default-pool-448caaac-rjxh,1,0,0.33333333
direct_rca,qwen3.8-27b,H,re2_tt,gke-gke-cluster-tt-default-pool-79112c30-f9qk,1,0,0
direct_rca,qwen3.8-27b,H,re2_tt,gke-gke-cluster-tt-default-pool-ca598206-37xx,1,0,0.33333333
direct_rca,qwen3.8-27b,H,re2_tt,gke-gke-cluster-tt-default-pool-ca598206-fipm,1,0,0.5
matched_rca,qwen3.8-27b,T,aiops2022,paymentservice-1,1,0,0
matched_rca,qwen3.8-27b,T,aiops2022,paymentservice2,1,0,0.33333333
matched_rca,qwen3.8-27b,T,aiops2022,productcatalogservice-0,1,1,1
matched_rca,qwen3.8-27b,T,aiops2022,productcatalogservice-2,1,0,0
matched_rca,qwen3.8-27b,T,aiops2025,emailservice,1,0,0.2
matched_rca,qwen3.8-27b,T,aiops2025,frontend-0,1,0,0
direct_rca,qwen3.8-27b,H,re2_ob,gke-gke-cluster-default-pool-2e1807ce-xte3,1,0,0.5
direct_rca,qwen3.8-27b,H,re2_ob,gke-gke-cluster-default-pool-9da84637-r1mb,1,0,0.5
matched_rca,qwen3.8-27b,T,aiops2022,currencyservice-grpc,1,0,0
matched_rca,qwen3.8-27b,T,aiops2022,emailservice-1,1,1,1
matched_rca,qwen3.8-27b,T,aiops2022,frontend-0,1,0,0
matched_rca,qwen3.8-27b,T,aiops2022,frontend-1,1,1,1
matched_rca,qwen3.8-27b,T,aiops2022,frontend2-0,1,0,0
matched_rca,qwen3.8-27b,T,aiops2022,istio-ingressgateway,1,0,0
matched_rca,qwen3.8-27b,T,aiops2022,node-3,1,0,0.5
matched_rca,qwen3.8-27b,T,aiops2022,node-4,1,1,1
direct_rca,qwen3.8-27b,H,aiops2022,paymentservice-0,1,0,0
direct_rca,qwen3.8-27b,H,aiops2022,paymentservice-1,1,0,0
direct_rca,qwen3.8-27b,H,aiops2022,paymentservice2,1,0,0
direct_rca,qwen3.8-27b,H,aiops2022,productcatalogservice,1,0,0
direct_rca,qwen3.8-27b,H,aiops2022,productcatalogservice-0,1,1,1
direct_rca,qwen3.8-27b,H,aiops2022,productcatalogservice-1,1,0,0.33333333
direct_rca,qwen3.8-27b,H,aiops2022,productcatalogservice-2,1,1,1
direct_rca,qwen3.8-27b,H,aiops2022,productcatalogservice2-0,1,1,1
matched_rca,qwen3.8-27b,T,re2_tt,gke-gke-cluster-tt-default-pool-ca598206-g9jt,1,0,0.5
direct_rca,qwen3.8-27b,H,aiops2022,emailservice-0,1,0,0.5
direct_rca,qwen3.8-27b,H,aiops2022,emailservice-grpc,1,0,0
direct_rca,qwen3.8-27b,H,aiops2022,emailservice2-0,1,0,0
direct_rca,qwen3.8-27b,H,aiops2022,frontend-0,1,0,0
direct_rca,qwen3.8-27b,H,aiops2022,frontend2-0,1,0,0
direct_rca,qwen3.8-27b,H,aiops2022,istio-ingressgateway,1,0,0
direct_rca,qwen3.8-27b,H,aiops2022,node-4,1,1,1
direct_rca,qwen3.8-27b,H,aiops2025,redis,1,0,0
direct_rca,qwen3.8-27b,H,aiops2025,redis-cart-0,1,0,0.33333333
direct_rca,qwen3.8-27b,H,aiops2025,tidb-pd,1,0,0
direct_rca,qwen3.8-27b,H,re2_ob,adservice,1,0,0.5
matched_rca,qwen3.8-27b,T,aiops2025,node-2,1,0,0
matched_rca,qwen3.8-27b,T,aiops2025,node-6,1,1,1
matched_rca,qwen3.8-27b,T,re2_ob,redis,1,0,0.33333333
matched_rca,qwen3.8-27b,T,re2_tt,gke-gke-cluster-tt-default-pool-448caaac-g8ts,1,0,0.33333333
direct_rca,qwen3.8-27b,H,aiops2025,cartservice-2,1,0,0
direct_rca,qwen3.8-27b,H,aiops2025,checkoutservice-2,1,0,0
direct_rca,qwen3.8-27b,H,aiops2025,emailservice,1,0,0
direct_rca,qwen3.8-27b,H,aiops2025,frontend-0,1,0,0.5
direct_rca,qwen3.8-27b,H,aiops2025,frontend-1,1,1,1
direct_rca,qwen3.8-27b,H,aiops2025,node-1,1,0,0
direct_rca,qwen3.8-27b,H,aiops2025,productcatalogservice-1,1,1,1
direct_rca,qwen3.8-27b,H,aiops2025,productcatalogservice-2,1,0,0
direct_rca,qwen3.8-27b,H,aegislab,ts-station-service-685fd4985f-lxljn,1,1,1
direct_rca,qwen3.8-27b,H,aegislab,ts-travel-service-cbf9bf77c-knq2c,1,1,1
direct_rca,qwen3.8-27b,H,aegislab,ts-travel2-service-6659b8fd5f-g4cbf,1,1,1
direct_rca,qwen3.8-27b,H,aegislab,ts-verification-code-service,1,0,0
direct_rca,qwen3.8-27b,H,aiops2022,adservice-2,1,1,1
direct_rca,qwen3.8-27b,H,aiops2022,adservice2-0,1,0,0
direct_rca,qwen3.8-27b,H,aiops2022,cartservice-1,1,0,0
direct_rca,qwen3.8-27b,H,aiops2022,cartservice2,1,0,0.5
matched_rca,qwen3.8-27b,T,re2_tt,ts-travel-mongo,1,0,0.5
matched_rca,qwen3.8-27b,T,re2_tt,ts-user-service,1,0,0.5
matched_rca,qwen3.8-27b,T,re2_tt,,1,0,0
matched_rca,qwen3.8-27b,V,aegislab,rabbitmq,1,0,0.5
matched_rca,qwen3.8-27b,V,aegislab,ts-admin-order-service,1,0,0
matched_rca,qwen3.8-27b,V,aegislab,ts-admin-travel-service,1,0,0.5
direct_rca,qwen3.8-27b,H,aegislab,ts-seat-service-6c78b7d797-vrjmh,1,1,1
direct_rca,qwen3.8-27b,H,aegislab,ts-station-food-service,1,0,0
matched_rca,qwen3.8-27b,T,re2_tt,ts-food-map-service,1,0,0.33333333
matched_rca,qwen3.8-27b,T,re2_tt,ts-order-mongo,1,0,0
matched_rca,qwen3.8-27b,T,re2_tt,ts-order-other-mongo,1,0,0.5
matched_rca,qwen3.8-27b,T,re2_tt,ts-preserve-service,1,0,0
matched_rca,qwen3.8-27b,T,re2_tt,ts-price-mongo,1,0,0
matched_rca,qwen3.8-27b,T,re2_tt,ts-security-service,1,0,0.5
matched_rca,qwen3.8-27b,T,re2_tt,ts-station-service,1,0,0.25
matched_rca,qwen3.8-27b,T,re2_tt,ts-train-mongo,1,0,0.25
direct_rca,qwen3.8-27b,H,aiops2022,redis-cart,1,0,0
direct_rca,qwen3.8-27b,H,aiops2022,redis-cart2,1,0,0
direct_rca,qwen3.8-27b,H,aiops2025,adservice-0,1,0,0
matched_rca,qwen3.8-27b,T,re2_tt,gke-gke-cluster-tt-default-pool-ca598206-p3ch,1,0,0.5
matched_rca,qwen3.8-27b,T,re2_tt,gke-gke-cluster-tt-default-pool-ca598206-xvr3,1,0,0.33333333
matched_rca,qwen3.8-27b,T,re2_tt,ts-assurance-service,1,0,0
matched_rca,qwen3.8-27b,T,re2_tt,ts-auth-mongo,1,0,0
matched_rca,qwen3.8-27b,T,re2_tt,ts-basic-service,1,0,0.5
direct_rca,qwen3.8-27b,H,aegislab,ts-config-service-7b97b98795-tpnjs,1,1,1
direct_rca,qwen3.8-27b,H,aegislab,ts-consign-price-service,1,0,0
direct_rca,qwen3.8-27b,H,aegislab,ts-consign-service,1,1,1
direct_rca,qwen3.8-27b,H,aegislab,ts-contacts-service,1,0,0.5
direct_rca,qwen3.8-27b,H,aegislab,ts-delivery-service,1,0,0
direct_rca,qwen3.8-27b,H,aegislab,ts-food-delivery-service,1,0,0
direct_rca,qwen3.8-27b,H,aegislab,ts-notification-service,1,0,0
direct_rca,qwen3.8-27b,H,aegislab,ts-order-other-service,1,1,1
matched_rca,qwen3.8-27b,V,aegislab,ts-verification-code-service,1,0,0.33333333
direct_rca,qwen3.8-27b,F,re2_tt,ts-travel2-service,1,0,0.5
direct_rca,qwen3.8-27b,F,re2_tt,ts-user-service,1,0,0.33333333
direct_rca,qwen3.8-27b,H,aegislab,rabbitmq,1,0,0.5
direct_rca,qwen3.8-27b,H,aegislab,ts-admin-order-service,1,0,0.5
direct_rca,qwen3.8-27b,H,aegislab,ts-admin-travel-service,1,0,0.25
direct_rca,qwen3.8-27b,H,aegislab,ts-auth-service-6477f4967c-l9mwz,1,1,1
direct_rca,qwen3.8-27b,H,aegislab,ts-config-service-55cffbf48b-dx8rc,1,1,1
matched_rca,qwen3.8-27b,V,aegislab,ts-avatar-service,1,0,0
matched_rca,qwen3.8-27b,V,aegislab,ts-basic-service,1,1,1
matched_rca,qwen3.8-27b,V,aegislab,ts-cancel-service,1,0,0.33333333
matched_rca,qwen3.8-27b,V,aegislab,ts-consign-service,1,1,1
matched_rca,qwen3.8-27b,V,aegislab,ts-order-other-service,1,0,0
matched_rca,qwen3.8-27b,V,aegislab,ts-preserve-other-service,1,0,0
matched_rca,qwen3.8-27b,V,aegislab,ts-security-service,1,0,0
matched_rca,qwen3.8-27b,V,aegislab,ts-station-service,1,1,1
direct_rca,qwen3.8-27b,H,aiops2022,cartservice2-0,1,0,0.2
direct_rca,qwen3.8-27b,H,aiops2022,checkoutservice2,1,0,0
direct_rca,qwen3.8-27b,H,aiops2022,currencyservice-1,1,1,1
direct_rca,qwen3.8-27b,H,aiops2022,currencyservice2,1,0,0
matched_rca,qwen3.8-27b,V,aegislab,ts-assurance-service,1,1,1
matched_rca,qwen3.8-27b,V,aegislab,ts-assurance-service-5775844f55-jbm9r,1,1,1
matched_rca,qwen3.8-27b,V,aegislab,ts-assurance-service-867778f676-vvvvd,1,1,1
matched_rca,qwen3.8-27b,V,aegislab,ts-auth-service-6477f4967c-l9mwz,1,1,1
direct_rca,qwen3.8-27b,F,re2_tt,gke-gke-cluster-tt-default-pool-448caaac-rjxh,1,0,0.33333333
direct_rca,qwen3.8-27b,F,re2_tt,gke-gke-cluster-tt-default-pool-79112c30-f9qk,1,0,0
direct_rca,qwen3.8-27b,F,re2_tt,gke-gke-cluster-tt-default-pool-ca598206-37xx,1,0,0.5
direct_rca,qwen3.8-27b,F,re2_tt,gke-gke-cluster-tt-default-pool-ca598206-g9jt,1,0,0.25
direct_rca,qwen3.8-27b,F,re2_tt,gke-gke-cluster-tt-default-pool-ca598206-xvr3,1,0,0
direct_rca,qwen3.8-27b,F,re2_tt,ts-consign-service,1,0,0.33333333
direct_rca,qwen3.8-27b,F,re2_tt,ts-contacts-mongo,1,0,0
direct_rca,qwen3.8-27b,F,re2_tt,ts-food-map-mongo,1,0,0
matched_rca,qwen3.8-27b,V,aiops2022,frontend-1,1,1,1
matched_rca,qwen3.8-27b,V,aiops2022,frontend2,1,0,0
matched_rca,qwen3.8-27b,V,aiops2022,frontend2-0,1,1,1
matched_rca,qwen3.8-27b,V,aiops2022,istio-egressgateway,1,0,0.33333333
direct_rca,qwen3.8-27b,F,re2_ob,gke-gke-cluster-default-pool-2e1807ce-xte3,1,0,0.5
direct_rca,qwen3.8-27b,F,re2_ob,gke-gke-cluster-default-pool-9da84637-r1mb,1,0,0.5
direct_rca,qwen3.8-27b,F,re2_ob,gke-gke-cluster-default-pool-c49c2b06-vlhn,1,0,0.33333333
direct_rca,qwen3.8-27b,F,re2_ob,redis,1,0,0.5
matched_rca,qwen3.8-27b,V,aiops2022,cartservice-2,1,0,0
matched_rca,qwen3.8-27b,V,aiops2022,cartservice2,1,0,0
matched_rca,qwen3.8-27b,V,aiops2022,checkoutservice-2,1,0,0
matched_rca,qwen3.8-27b,V,aiops2022,currencyservice-0,1,0,0
matched_rca,qwen3.8-27b,V,aiops2022,currencyservice2,1,0,0
matched_rca,qwen3.8-27b,V,aiops2022,emailservice-0,1,0,0
matched_rca,qwen3.8-27b,V,aiops2022,emailservice-1,1,0,0
matched_rca,qwen3.8-27b,V,aiops2022,emailservice2-0,1,0,0.5
direct_rca,qwen3.8-27b,H,aegislab,ts-order-service-668587b48c-jnkkc,1,1,1
direct_rca,qwen3.8-27b,H,aegislab,ts-payment-service,1,0,0
direct_rca,qwen3.8-27b,H,aegislab,ts-preserve-other-service,1,0,0
matched_rca,qwen3.8-27b,V,aegislab,ts-voucher-service,1,0,0
matched_rca,qwen3.8-27b,V,aiops2022,adservice-1,1,1,1
matched_rca,qwen3.8-27b,V,aiops2022,adservice-2,1,0,0.33333333
matched_rca,qwen3.8-27b,V,aiops2022,adservice2-0,1,0,0
matched_rca,qwen3.8-27b,V,aiops2022,cartservice,1,1,1
matched_rca,qwen3.8-27b,V,aiops2025,currencyservice-0,1,0,0
matched_rca,qwen3.8-27b,V,aiops2025,emailservice-2,1,0,0
matched_rca,qwen3.8-27b,V,aiops2025,frontend-1,1,0,0
matched_rca,qwen3.8-27b,V,aiops2025,node-4,1,0,0
direct_rca,qwen3.8-27b,F,aiops2022,frontend2-0,1,0,0
direct_rca,qwen3.8-27b,F,aiops2022,istio-egressgateway,1,0,0.33333333
direct_rca,qwen3.8-27b,F,aiops2022,node-1,1,0,0
direct_rca,qwen3.8-27b,F,aiops2022,node-4,1,1,1
matched_rca,qwen3.8-27b,V,aiops2022,node-3,1,0,0
matched_rca,qwen3.8-27b,V,aiops2022,paymentservice-1,1,0,0
matched_rca,qwen3.8-27b,V,aiops2022,paymentservice-2,1,0,0.5
matched_rca,qwen3.8-27b,V,aiops2022,productcatalogservice2-0,1,0,0
matched_rca,qwen3.8-27b,V,aiops2022,redis-cart,1,0,0.25
matched_rca,qwen3.8-27b,V,aiops2022,redis-cart2,1,0,0.5
matched_rca,qwen3.8-27b,V,aiops2025,adservice-0,1,1,1
matched_rca,qwen3.8-27b,V,aiops2025,checkoutservice-2,1,1,1
direct_rca,qwen3.8-27b,F,aiops2025,node-1,1,0,0
direct_rca,qwen3.8-27b,F,aiops2025,node-8,1,0,0
direct_rca,qwen3.8-27b,F,aiops2025,paymentservice-0,1,0,0
direct_rca,qwen3.8-27b,F,aiops2025,paymentservice-2,1,0,0
direct_rca,qwen3.8-27b,F,aiops2025,productcatalogservice-2,1,0,0
direct_rca,qwen3.8-27b,F,aiops2025,redis-cart-0,1,0,0.5
direct_rca,qwen3.8-27b,F,aiops2025,shippingservice-2,1,1,1
direct_rca,qwen3.8-27b,F,aiops2025,tidb-pd,1,0,0
direct_rca,qwen3.8-27b,F,re2_tt,ts-order-mongo,1,0,0.5
direct_rca,qwen3.8-27b,F,re2_tt,ts-order-other-mongo,1,0,0.5
direct_rca,qwen3.8-27b,F,re2_tt,ts-preserve-mongo,1,0,0.33333333
direct_rca,qwen3.8-27b,F,re2_tt,ts-price-mongo,1,0,0
direct_rca,qwen3.8-27b,F,re2_tt,ts-price-service,1,0,0.33333333
direct_rca,qwen3.8-27b,F,re2_tt,ts-ticketinfo-service,1,0,0
direct_rca,qwen3.8-27b,F,aiops2025,hipstershop,1,0,0
direct_rca,qwen3.8-27b,F,aiops2025,k8s-master3,1,0,0
matched_rca,qwen3.8-27b,V,re2_ob,redis,1,0,0
matched_rca,qwen3.8-27b,V,re2_tt,gke-gke-cluster-tt-default-pool-448caaac-g8ts,1,0,0.33333333
matched_rca,qwen3.8-27b,V,re2_tt,gke-gke-cluster-tt-default-pool-ca598206-81xz,1,0,0.33333333
direct_rca,qwen3.8-27b,F,aegislab,ts-travel-service-cbf9bf77c-knq2c,1,1,1
direct_rca,qwen3.8-27b,F,aegislab,ts-travel2-service-6659b8fd5f-g4cbf,1,1,1
direct_rca,qwen3.8-27b,F,aiops2022,adservice-http,1,0,0
direct_rca,qwen3.8-27b,F,aiops2022,adservice2-0,1,0,0
direct_rca,qwen3.8-27b,F,aiops2022,cartservice-1,1,0,0
matched_rca,qwen3.8-27b,V,aiops2025,productcatalogservice-0,1,1,1
matched_rca,qwen3.8-27b,V,aiops2025,recommendationservice,1,0,0.25
matched_rca,qwen3.8-27b,V,aiops2025,redis-cart-0,1,0,0
matched_rca,qwen3.8-27b,V,aiops2025,shippingservice-0,1,0,0.2
matched_rca,qwen3.8-27b,V,aiops2025,,1,0,0
matched_rca,qwen3.8-27b,V,re2_ob,gke-gke-cluster-default-pool-9da84637-r1mb,1,0,0.33333333
matched_rca,qwen3.8-27b,V,re2_ob,gke-gke-cluster-default-pool-c49c2b06-vlhn,1,0,0.33333333
matched_rca,qwen3.8-27b,V,re2_ob,paymentservice,1,0,0
direct_rca,qwen3.8-27b,F,aiops2025,adservice-2,1,1,1
direct_rca,qwen3.8-27b,F,aiops2025,cartservice,1,0,0
direct_rca,qwen3.8-27b,F,aiops2025,cartservice-0,1,1,1
direct_rca,qwen3.8-27b,F,aiops2025,checkoutservice-2,1,0,0
direct_rca,qwen3.8-27b,F,aiops2025,currencyservice-2,1,0,0
direct_rca,qwen3.8-27b,F,aiops2025,emailservice,1,0,0
direct_rca,qwen3.8-27b,F,aiops2025,frontend-0,1,0,0.5
matched_rca,qwen3.8-27b,V,aiops2025,paymentservice-2,1,0,0
direct_rca,qwen3.8-27b,F,aiops2022,paymentservice-0,1,0,0
direct_rca,qwen3.8-27b,F,aiops2022,paymentservice-1,1,0,0
direct_rca,qwen3.8-27b,F,aiops2022,productcatalogservice2-0,1,1,1
direct_rca,qwen3.8-27b,F,aiops2022,recommendationservice-2,1,1,1
direct_rca,qwen3.8-27b,F,aiops2022,recommendationservice2,1,0,0
direct_rca,qwen3.8-27b,F,aiops2022,redis-cart2,1,0,0
direct_rca,qwen3.8-27b,F,aiops2022,shippingservice2,1,0,0
direct_rca,qwen3.8-27b,F,aiops2022,shippingservice2-0,1,0,0
matched_rca,qwen3.8-27b,V,re2_tt,ts-route-plan-service,1,0,0
matched_rca,qwen3.8-27b,V,re2_tt,ts-seat-service,1,0,0
matched_rca,qwen3.8-27b,V,re2_tt,ts-ui-dashboard,1,0,0
visual_counterfactual_rca,gemma-4-26b-a4b,H_factual,aegislab,mysql-0,1,1,1
visual_counterfactual_rca,gemma-4-26b-a4b,H_factual,aegislab,rabbitmq,1,0,0
direct_rca,qwen3.8-27b,F,aegislab,rabbitmq,1,0,0.5
direct_rca,qwen3.8-27b,F,aegislab,ts-admin-order-service,1,0,0.5
direct_rca,qwen3.8-27b,F,aegislab,ts-admin-travel-service,1,0,0.33333333
matched_rca,qwen3.8-27b,V,re2_tt,ts-auth-mongo,1,0,0
matched_rca,qwen3.8-27b,V,re2_tt,ts-cancel-service,1,0,0
matched_rca,qwen3.8-27b,V,re2_tt,ts-config-service,1,0,0.5
matched_rca,qwen3.8-27b,V,re2_tt,ts-food-service,1,0,0
matched_rca,qwen3.8-27b,V,re2_tt,ts-notification-mongo,1,0,0.33333333
matched_rca,qwen3.8-27b,V,re2_tt,ts-order-mongo,1,0,0.5
matched_rca,qwen3.8-27b,V,re2_tt,ts-payment-service,1,0,0.33333333
matched_rca,qwen3.8-27b,V,re2_tt,ts-preserve-service,1,0,0
direct_rca,qwen3.8-27b,F,aiops2022,emailservice-1,1,1,1
direct_rca,qwen3.8-27b,F,aiops2022,emailservice-grpc,1,0,0
direct_rca,qwen3.8-27b,F,aiops2022,emailservice2-0,1,0,0
direct_rca,qwen3.8-27b,F,aiops2022,frontend-0,1,0,0
matched_rca,qwen3.8-27b,V,re2_tt,gke-gke-cluster-tt-default-pool-ca598206-g9jt,1,0,0.5
matched_rca,qwen3.8-27b,V,re2_tt,gke-gke-cluster-tt-default-pool-ca598206-xvr3,1,0,0.5
matched_rca,qwen3.8-27b,V,re2_tt,ts-admin-user-service,1,0,0
matched_rca,qwen3.8-27b,V,re2_tt,ts-assurance-service,1,0,0
direct_rca,qwen3.8-27b,F,aiops2022,cartservice2,1,0,0
direct_rca,qwen3.8-27b,F,aiops2022,cartservice2-0,1,0,0.2
direct_rca,qwen3.8-27b,F,aiops2022,checkoutservice,1,0,0.33333333
direct_rca,qwen3.8-27b,F,aiops2022,checkoutservice-0,1,0,0.5
direct_rca,qwen3.8-27b,F,aiops2022,checkoutservice-2,1,1,1
direct_rca,qwen3.8-27b,F,aiops2022,checkoutservice2,1,0,0.2
direct_rca,qwen3.8-27b,F,aiops2022,currencyservice-1,1,1,1
direct_rca,qwen3.8-27b,F,aiops2022,currencyservice2,1,0,0
visual_counterfactual_rca,gemma-4-26b-a4b,H_factual,aegislab,ts-route-service,1,1,1
visual_counterfactual_rca,gemma-4-26b-a4b,H_factual,aegislab,ts-seat-service-6c78b7d797-dj98m,1,0,0
visual_counterfactual_rca,gemma-4-26b-a4b,H_factual,aegislab,ts-station-service-685fd4985f-lxljn,1,1,1
visual_counterfactual_rca,gemma-4-26b-a4b,H_factual,aegislab,ts-travel-service-fbbd88b6b-h64vn,1,1,1
visual_counterfactual_rca,gemma-4-26b-a4b,H_factual,aegislab,ts-ui-dashboard-677db5896c-lptds,1,1,1
visual_counterfactual_rca,gemma-4-26b-a4b,H_factual,aegislab,ts-ui-dashboard-68fff76764-pnt78,1,0,0
visual_counterfactual_rca,gemma-4-26b-a4b,H_factual,aegislab,ts-ui-dashboard-7b6fff4695-s6kj4,1,0,0
visual_counterfactual_rca,gemma-4-26b-a4b,H_factual,aiops2022,adservice-1,1,1,1
visual_counterfactual_rca,gemma-4-26b-a4b,H_factual,aegislab,ts-admin-travel-service,1,0,0
visual_counterfactual_rca,gemma-4-26b-a4b,H_factual,aegislab,ts-admin-user-service,1,0,0
visual_counterfactual_rca,gemma-4-26b-a4b,H_factual,aegislab,ts-contacts-service,1,0,0
visual_counterfactual_rca,gemma-4-26b-a4b,H_factual,aegislab,ts-food-service-5dd9757985-7vfpl,1,0,0.5
visual_counterfactual_rca,gemma-4-26b-a4b,H_factual,aegislab,ts-gateway-service,1,0,0.33333333
visual_counterfactual_rca,gemma-4-26b-a4b,H_factual,aegislab,ts-order-service-85b9979d59-x2sdc,1,1,1
visual_counterfactual_rca,gemma-4-26b-a4b,H_factual,aegislab,ts-payment-service,1,0,0
visual_counterfactual_rca,gemma-4-26b-a4b,H_factual,aegislab,ts-price-service,1,1,1
direct_rca,qwen3.8-27b,F,aegislab,ts-order-service,1,1,1
direct_rca,qwen3.8-27b,F,aegislab,ts-order-service-668587b48c-jnkkc,1,1,1
direct_rca,qwen3.8-27b,F,aegislab,ts-preserve-other-service,1,0,0.33333333
direct_rca,qwen3.8-27b,F,aegislab,ts-route-plan-service,1,0,0.25
direct_rca,qwen3.8-27b,F,aegislab,ts-station-service-685fd4985f-lxljn,1,1,1
visual_counterfactual_rca,gemma-4-26b-a4b,H_factual,aegislab,ts-admin-basic-info-service,1,0,0
visual_counterfactual_rca,gemma-4-26b-a4b,H_factual,aegislab,ts-admin-order-service,1,0,0
visual_counterfactual_rca,gemma-4-26b-a4b,H_factual,aegislab,ts-admin-route-service,1,0,0.25
direct_rca,qwen3.8-27b,F,aegislab,ts-admin-user-service,1,0,0
direct_rca,qwen3.8-27b,F,aegislab,ts-auth-service-6477f4967c-l9mwz,1,1,1
direct_rca,qwen3.8-27b,F,aegislab,ts-config-service-55cffbf48b-dx8rc,1,1,1
direct_rca,qwen3.8-27b,F,aegislab,ts-consign-price-service,1,0,0
direct_rca,qwen3.8-27b,F,aegislab,ts-delivery-service,1,0,0
direct_rca,qwen3.8-27b,F,aegislab,ts-food-delivery-service,1,0,0.2
direct_rca,qwen3.8-27b,F,aegislab,ts-notification-service,1,0,0
direct_rca,qwen3.8-27b,F,aegislab,ts-order-other-service,1,1,1
direct_rca,qwen3.6-27b,V,re2_tt,ts-contacts-mongo,1,0,0
direct_rca,qwen3.6-27b,V,re2_tt,ts-food-map-mongo,1,0,0
direct_rca,qwen3.6-27b,V,re2_tt,ts-inside-payment-mongo,1,0,0
direct_rca,qwen3.6-27b,V,re2_tt,ts-station-service,1,0,0
direct_rca,qwen3.6-27b,V,re2_tt,ts-ticketinfo-service,1,0,0
direct_rca,qwen3.6-27b,V,re2_tt,ts-travel-plan-service,1,0,0
direct_rca,qwen3.6-27b,V,re2_tt,ts-user-service,1,0,0
direct_rca,qwen3.8-27b,F,aegislab,loadgenerator,1,0,0
direct_rca,qwen3.6-27b,V,re2_tt,gke-gke-cluster-tt-default-pool-79112c30-f9qk,1,0,0
direct_rca,qwen3.6-27b,V,re2_tt,gke-gke-cluster-tt-default-pool-ca598206-37xx,1,0,0.33333333
direct_rca,qwen3.6-27b,V,re2_tt,gke-gke-cluster-tt-default-pool-ca598206-g5tp,1,0,0
direct_rca,qwen3.6-27b,V,re2_tt,gke-gke-cluster-tt-default-pool-ca598206-g9jt,1,0,0.25
direct_rca,qwen3.6-27b,V,re2_tt,gke-gke-cluster-tt-default-pool-ca598206-xvr3,1,0,0.5
direct_rca,qwen3.6-27b,V,re2_tt,ts-admin-basic-info-service,1,0,0.2
direct_rca,qwen3.6-27b,V,re2_tt,ts-basic-service,1,0,0.33333333
direct_rca,qwen3.6-27b,V,re2_tt,ts-cancel-service,1,0,0.33333333
visual_counterfactual_rca,gemma-4-26b-a4b,H_factual,aiops2022,frontend-0,1,1,1
visual_counterfactual_rca,gemma-4-26b-a4b,H_factual,aiops2022,frontend-1,1,0,0
visual_counterfactual_rca,gemma-4-26b-a4b,H_factual,aiops2022,frontend-http,1,0,0
visual_counterfactual_rca,gemma-4-26b-a4b,H_factual,aiops2022,node-3,1,0,0
visual_counterfactual_rca,gemma-4-26b-a4b,H_factual,aiops2022,node-6,1,0,0
visual_counterfactual_rca,gemma-4-26b-a4b,H_factual,aiops2022,productcatalogservice-1,1,1,1
visual_counterfactual_rca,gemma-4-26b-a4b,H_factual,aiops2022,productcatalogservice-2,1,1,1
direct_rca,qwen3.6-27b,V,re2_tt,gke-gke-cluster-tt-default-pool-448caaac-rjxh,1,0,0.33333333
visual_counterfactual_rca,gemma-4-26b-a4b,H_factual,aiops2022,adservice2-0,1,0,0.5
visual_counterfactual_rca,gemma-4-26b-a4b,H_factual,aiops2022,cartservice-0,1,0,0
visual_counterfactual_rca,gemma-4-26b-a4b,H_factual,aiops2022,cartservice-1,1,0,0
visual_counterfactual_rca,gemma-4-26b-a4b,H_factual,aiops2022,checkoutservice-0,1,1,1
visual_counterfactual_rca,gemma-4-26b-a4b,H_factual,aiops2022,checkoutservice-1,1,1,1
visual_counterfactual_rca,gemma-4-26b-a4b,H_factual,aiops2022,currencyservice-2,1,1,1
visual_counterfactual_rca,gemma-4-26b-a4b,H_factual,aiops2022,currencyservice2-0,1,0,0
visual_counterfactual_rca,gemma-4-26b-a4b,H_factual,aiops2022,emailservice-1,1,1,1
direct_rca,qwen3.6-27b,V,re2_ob,gke-gke-cluster-default-pool-2e1807ce-xte3,1,0,0.5
direct_rca,qwen3.6-27b,V,re2_ob,gke-gke-cluster-default-pool-9da84637-r1mb,1,0,0.5
direct_rca,qwen3.6-27b,V,re2_ob,gke-gke-cluster-default-pool-c49c2b06-crhc,1,0,0
direct_rca,qwen3.6-27b,V,re2_ob,gke-gke-cluster-default-pool-c49c2b06-vlhn,1,0,0.25
direct_rca,qwen3.6-27b,V,re2_ob,paymentservice,1,0,0.5
direct_rca,qwen3.6-27b,V,re2_ob,shippingservice,1,0,0.5
direct_rca,qwen3.6-27b,V,re2_tt,gke-gke-cluster-tt-default-pool-448caaac-q7qg,1,0,0
direct_rca,qwen3.6-27b,V,aiops2022,paymentservice-1,1,0,0.5
direct_rca,qwen3.6-27b,V,aiops2025,productcatalogservice-1,1,1,1
direct_rca,qwen3.6-27b,V,aiops2025,productcatalogservice-2,1,0,0
direct_rca,qwen3.6-27b,V,aiops2025,recommendationservice-2,1,0,0
direct_rca,qwen3.6-27b,V,aiops2025,redis,1,0,0
direct_rca,qwen3.6-27b,V,aiops2025,redis-cart,1,0,0.2
direct_rca,qwen3.6-27b,V,re2_ob,adservice,1,0,0.33333333
direct_rca,qwen3.6-27b,V,re2_ob,gke-gke-cluster-default-pool-2e1807ce-cx8g,1,0,0.5
direct_rca,qwen3.6-27b,V,re2_ob,gke-gke-cluster-default-pool-2e1807ce-s8hw,1,0,0.5
visual_counterfactual_rca,gemma-4-26b-a4b,H_factual,aiops2025,frontend-2,1,0,0
visual_counterfactual_rca,gemma-4-26b-a4b,H_factual,aiops2025,hmset,1,0,0
visual_counterfactual_rca,gemma-4-26b-a4b,H_factual,aiops2025,node-1,1,0,0
visual_counterfactual_rca,gemma-4-26b-a4b,H_factual,aiops2025,node-2,1,0,0
visual_counterfactual_rca,gemma-4-26b-a4b,H_factual,aiops2025,node-3,1,0,0
visual_counterfactual_rca,gemma-4-26b-a4b,H_factual,aiops2025,node-4,1,0,0
visual_counterfactual_rca,gemma-4-26b-a4b,H_factual,aiops2025,node-6,1,1,1
direct_rca,qwen3.6-27b,V,aiops2025,paymentservice-0,1,0,0
visual_counterfactual_rca,gemma-4-26b-a4b,H_factual,aiops2022,productcatalogservice2-0,1,0,0.5
visual_counterfactual_rca,gemma-4-26b-a4b,H_factual,aiops2022,shippingservice-0,1,1,1
visual_counterfactual_rca,gemma-4-26b-a4b,H_factual,aiops2025,cartservice,1,1,1
visual_counterfactual_rca,gemma-4-26b-a4b,H_factual,aiops2025,cartservice-1,1,1,1
visual_counterfactual_rca,gemma-4-26b-a4b,H_factual,aiops2025,checkoutservice-2,1,1,1
visual_counterfactual_rca,gemma-4-26b-a4b,H_factual,aiops2025,currencyservice,1,0,0
visual_counterfactual_rca,gemma-4-26b-a4b,H_factual,aiops2025,currencyservice-2,1,0,0
visual_counterfactual_rca,gemma-4-26b-a4b,H_factual,aiops2025,example-ant-29158080-drlxt,1,0,0
direct_rca,qwen3.6-27b,V,aegislab,ts-wait-order-service,1,0,0
direct_rca,qwen3.6-27b,V,aiops2022,cartservice,1,0,0.33333333
direct_rca,qwen3.6-27b,V,aiops2022,cartservice-0,1,0,0
direct_rca,qwen3.6-27b,V,aiops2022,cartservice-1,1,0,0
direct_rca,qwen3.6-27b,V,aiops2022,cartservice-2,1,0,0.2
direct_rca,qwen3.6-27b,V,aiops2022,checkoutservice2-0,1,0,0
direct_rca,qwen3.6-27b,V,aiops2022,currencyservice2,1,0,0
direct_rca,qwen3.6-27b,V,aiops2022,emailservice-0,1,0,0.25
visual_counterfactual_rca,gemma-4-26b-a4b,H_factual,aiops2025,productcatalogservice-2,1,0,0
visual_counterfactual_rca,gemma-4-26b-a4b,H_factual,aiops2025,recommendationservice-2,1,0,0
visual_counterfactual_rca,gemma-4-26b-a4b,H_factual,aiops2025,shippingservice,1,1,1
visual_counterfactual_rca,gemma-4-26b-a4b,H_factual,re2_ob,adservice,1,0,0.5
visual_counterfactual_rca,gemma-4-26b-a4b,H_factual,re2_tt,ts-admin-basic-info-service,1,0,0
visual_counterfactual_rca,gemma-4-26b-a4b,H_factual,re2_tt,ts-inside-payment-mongo,1,0,0
visual_counterfactual_rca,gemma-4-26b-a4b,H_factual,re2_tt,ts-notification-service,1,0,0
visual_counterfactual_rca,gemma-4-26b-a4b,H_factual,re2_tt,ts-route-plan-service,1,0,0
direct_rca,qwen3.6-27b,V,aiops2025,checkoutservice-2,1,0,0
direct_rca,qwen3.6-27b,V,aiops2025,currencyservice-2,1,0,0
direct_rca,qwen3.6-27b,V,aiops2025,example-ant-29158080-drlxt,1,0,0.2
direct_rca,qwen3.6-27b,V,aiops2025,node-5,1,1,1
direct_rca,qwen3.6-27b,V,aiops2025,node-7,1,0,0
visual_counterfactual_rca,gemma-4-26b-a4b,H_factual,aiops2025,paymentservice-0,1,0,0
visual_counterfactual_rca,gemma-4-26b-a4b,H_factual,aiops2025,productcatalogservice,1,1,1
visual_counterfactual_rca,gemma-4-26b-a4b,H_factual,aiops2025,productcatalogservice-0,1,0,0
direct_rca,qwen3.6-27b,V,aiops2022,paymentservice-2,1,0,0
direct_rca,qwen3.6-27b,V,aiops2022,productcatalogservice-1,1,1,1
direct_rca,qwen3.6-27b,V,aiops2022,productcatalogservice-2,1,1,1
direct_rca,qwen3.6-27b,V,aiops2022,productcatalogservice2-0,1,1,1
direct_rca,qwen3.6-27b,V,aiops2022,shippingservice2-0,1,0,0
direct_rca,qwen3.6-27b,V,aiops2025,adservice-1,1,0,0
direct_rca,qwen3.6-27b,V,aiops2025,cartservice,1,1,1
direct_rca,qwen3.6-27b,V,aiops2025,cartservice-1,1,0,0.2
direct_rca,qwen3.6-27b,V,aegislab,ts-contacts-service,1,0,0
direct_rca,qwen3.6-27b,V,aegislab,ts-delivery-service,1,0,0
direct_rca,qwen3.6-27b,V,aegislab,ts-inside-payment-service,1,1,1
direct_rca,qwen3.6-27b,V,aegislab,ts-notification-service,1,0,0
direct_rca,qwen3.6-27b,V,aegislab,ts-price-service,1,1,1
direct_rca,qwen3.6-27b,V,aegislab,ts-station-service,1,1,1
direct_rca,qwen3.6-27b,V,aegislab,ts-ticket-office-service,1,0,0.5
direct_rca,qwen3.6-27b,V,aegislab,ts-travel-service-fbbd88b6b-h64vn,1,1,1
visual_counterfactual_rca,gemma-4-26b-a4b,H_neutral,aegislab,ts-gateway-service,1,0,0.33333333
visual_counterfactual_rca,gemma-4-26b-a4b,H_neutral,aegislab,ts-order-service-85b9979d59-x2sdc,1,1,1
visual_counterfactual_rca,gemma-4-26b-a4b,H_neutral,aegislab,ts-payment-service,1,0,0
visual_counterfactual_rca,gemma-4-26b-a4b,H_neutral,aegislab,ts-price-service,1,1,1
visual_counterfactual_rca,gemma-4-26b-a4b,H_neutral,aegislab,ts-price-service-5b5cf4f8f7-7hqpq,1,1,1
direct_rca,qwen3.6-27b,V,aegislab,ts-auth-service,1,1,1
direct_rca,qwen3.6-27b,V,aegislab,ts-basic-service,1,0,0.5
direct_rca,qwen3.6-27b,V,aegislab,ts-cancel-service,1,0,0
visual_counterfactual_rca,gemma-4-26b-a4b,H_neutral,aegislab,rabbitmq,1,0,0
visual_counterfactual_rca,gemma-4-26b-a4b,H_neutral,aegislab,ts-admin-order-service,1,0,0
visual_counterfactual_rca,gemma-4-26b-a4b,H_neutral,aegislab,ts-admin-travel-service,1,0,0
visual_counterfactual_rca,gemma-4-26b-a4b,H_neutral,aegislab,ts-admin-user-service,1,0,0
visual_counterfactual_rca,gemma-4-26b-a4b,H_neutral,aegislab,ts-config-service,1,1,1
visual_counterfactual_rca,gemma-4-26b-a4b,H_neutral,aegislab,ts-contacts-service,1,0,0
visual_counterfactual_rca,gemma-4-26b-a4b,H_neutral,aegislab,ts-delivery-service,1,0,0
visual_counterfactual_rca,gemma-4-26b-a4b,H_neutral,aegislab,ts-food-delivery-service,1,0,0
direct_rca,qwen3.6-27b,V,aiops2022,frontend,1,0,0
direct_rca,qwen3.6-27b,V,aiops2022,frontend2-0,1,1,1
direct_rca,qwen3.6-27b,V,aiops2022,istio-ingressgateway-565bffd4d-4nr6v,1,0,0
direct_rca,qwen3.6-27b,V,aiops2022,node-1,1,0,0
visual_counterfactual_rca,gemma-4-26b-a4b,H_factual,re2_tt,ts-ticketinfo-service,1,0,0.33333333
visual_counterfactual_rca,gemma-4-26b-a4b,H_factual,re2_tt,ts-train-mongo,1,0,0.5
visual_counterfactual_rca,gemma-4-26b-a4b,H_factual,re2_tt,ts-travel2-service,1,0,0
visual_counterfactual_rca,gemma-4-26b-a4b,H_factual,re2_tt,ts-ui-dashboard,1,0,0
direct_rca,qwen3.6-27b,T,re2_tt,gke-gke-cluster-tt-default-pool-79112c30-f9qk,1,0,0
direct_rca,qwen3.6-27b,T,re2_tt,gke-gke-cluster-tt-default-pool-ca598206-g5tp,1,0,0.33333333
direct_rca,qwen3.6-27b,T,re2_tt,gke-gke-cluster-tt-default-pool-ca598206-g9jt,1,0,0
direct_rca,qwen3.6-27b,T,re2_tt,gke-gke-cluster-tt-default-pool-ca598206-xvr3,1,0,0.5
direct_rca,qwen3.6-27b,T,re2_tt,ts-admin-basic-info-service,1,0,0.5
direct_rca,qwen3.6-27b,T,re2_tt,ts-assurance-service,1,0,0
direct_rca,qwen3.6-27b,T,re2_tt,ts-consign-service,1,0,0.33333333
direct_rca,qwen3.6-27b,T,re2_tt,ts-food-map-mongo,1,0,0
visual_counterfactual_rca,gemma-4-26b-a4b,H_neutral,aiops2022,adservice-1,1,1,1
visual_counterfactual_rca,gemma-4-26b-a4b,H_neutral,aiops2022,adservice-2,1,0,0
visual_counterfactual_rca,gemma-4-26b-a4b,H_neutral,aiops2022,adservice2,1,0,0
visual_counterfactual_rca,gemma-4-26b-a4b,H_neutral,aiops2022,adservice2-0,1,0,0.5
visual_counterfactual_rca,gemma-4-26b-a4b,H_neutral,aiops2022,checkoutservice-1,1,1,1
visual_counterfactual_rca,gemma-4-26b-a4b,H_neutral,aiops2022,checkoutservice2-0,1,0,0.5
visual_counterfactual_rca,gemma-4-26b-a4b,H_neutral,aiops2022,currencyservice-2,1,1,1
direct_rca,qwen3.6-27b,T,re2_tt,gke-gke-cluster-tt-default-pool-448caaac-q7qg,1,0,0.5
visual_counterfactual_rca,gemma-4-26b-a4b,H_neutral,aegislab,ts-ui-dashboard-66d999878-t7d28,1,1,1
visual_counterfactual_rca,gemma-4-26b-a4b,H_neutral,aegislab,ts-ui-dashboard-677db5896c-lptds,1,1,1
visual_counterfactual_rca,gemma-4-26b-a4b,H_neutral,aegislab,ts-ui-dashboard-68fff76764-z6hw6,1,0,0
visual_counterfactual_rca,gemma-4-26b-a4b,H_neutral,aegislab,ts-ui-dashboard-7b6fff4695-pgs4n,1,0,0
visual_counterfactual_rca,gemma-4-26b-a4b,H_neutral,aegislab,ts-ui-dashboard-cdd95b86c-5gptf,1,0,0
visual_counterfactual_rca,gemma-4-26b-a4b,H_neutral,aegislab,ts-user-service,1,1,1
visual_counterfactual_rca,gemma-4-26b-a4b,H_neutral,aegislab,ts-verification-code-service,1,0,0
visual_counterfactual_rca,gemma-4-26b-a4b,H_neutral,aiops2022,adservice-0,1,1,1
direct_rca,qwen3.6-27b,V,aegislab,ts-travel2-service,1,0,0.33333333
direct_rca,qwen3.6-27b,V,aegislab,ts-travel2-service-6659b8fd5f-g4cbf,1,1,1
visual_counterfactual_rca,gemma-4-26b-a4b,H_neutral,aegislab,ts-route-service,1,1,1
visual_counterfactual_rca,gemma-4-26b-a4b,H_neutral,aegislab,ts-seat-service-5b448c748b-mrg4r,1,0,0
visual_counterfactual_rca,gemma-4-26b-a4b,H_neutral,aegislab,ts-seat-service-6c78b7d797-dj98m,1,0,0
visual_counterfactual_rca,gemma-4-26b-a4b,H_neutral,aegislab,ts-station-service,1,1,1
visual_counterfactual_rca,gemma-4-26b-a4b,H_neutral,aegislab,ts-travel-service,1,1,1
visual_counterfactual_rca,gemma-4-26b-a4b,H_neutral,aegislab,ts-ui-dashboard-64f6f55bb5-78qmz,1,1,1
visual_counterfactual_rca,gemma-4-26b-a4b,H_neutral,aiops2025,checkoutservice,1,0,0
visual_counterfactual_rca,gemma-4-26b-a4b,H_neutral,aiops2025,frontend-1,1,0,0
direct_rca,qwen3.6-27b,T,aiops2025,node-6,1,1,1
direct_rca,qwen3.6-27b,T,aiops2025,node-8,1,0,0.2
direct_rca,qwen3.6-27b,T,aiops2025,paymentservice,1,0,0
direct_rca,qwen3.6-27b,T,aiops2025,paymentservice-0,1,0,0
direct_rca,qwen3.6-27b,T,aiops2025,productcatalogservice-0,1,1,1
direct_rca,qwen3.6-27b,T,aiops2025,productcatalogservice-2,1,0,0
visual_counterfactual_rca,gemma-4-26b-a4b,H_neutral,aiops2022,productcatalogservice2-0,1,0,0.5
visual_counterfactual_rca,gemma-4-26b-a4b,H_neutral,aiops2022,shippingservice,1,0,0
visual_counterfactual_rca,gemma-4-26b-a4b,H_neutral,aiops2022,shippingservice-0,1,1,1
visual_counterfactual_rca,gemma-4-26b-a4b,H_neutral,aiops2022,shippingservice2-0,1,0,0
visual_counterfactual_rca,gemma-4-26b-a4b,H_neutral,aiops2025,adservice-0,1,1,1
visual_counterfactual_rca,gemma-4-26b-a4b,H_neutral,aiops2025,adservice-1,1,1,1
visual_counterfactual_rca,gemma-4-26b-a4b,H_neutral,aiops2025,cartservice-0,1,0,0
visual_counterfactual_rca,gemma-4-26b-a4b,H_neutral,aiops2025,cartservice-1,1,1,1
visual_counterfactual_rca,gemma-4-26b-a4b,H_neutral,aiops2022,currencyservice2-0,1,0,0
visual_counterfactual_rca,gemma-4-26b-a4b,H_neutral,aiops2022,emailservice-0,1,0,0
visual_counterfactual_rca,gemma-4-26b-a4b,H_neutral,aiops2022,frontend,1,0,0
visual_counterfactual_rca,gemma-4-26b-a4b,H_neutral,aiops2022,frontend-1,1,1,1
visual_counterfactual_rca,gemma-4-26b-a4b,H_neutral,aiops2022,frontend-http,1,0,0
visual_counterfactual_rca,gemma-4-26b-a4b,H_neutral,aiops2022,node-3,1,0,0
visual_counterfactual_rca,gemma-4-26b-a4b,H_neutral,aiops2022,productcatalogservice-1,1,1,1
visual_counterfactual_rca,gemma-4-26b-a4b,H_neutral,aiops2022,productcatalogservice-2,1,1,1
direct_rca,qwen3.6-27b,T,re2_tt,ts-order-mongo,1,0,0.5
direct_rca,qwen3.6-27b,T,re2_tt,ts-order-other-mongo,1,0,0.5
direct_rca,qwen3.6-27b,T,re2_tt,ts-payment-service,1,0,0
direct_rca,qwen3.6-27b,T,re2_tt,ts-preserve-mongo,1,0,0.33333333
direct_rca,qwen3.6-27b,T,re2_tt,ts-price-mongo,1,0,0
direct_rca,qwen3.6-27b,T,re2_tt,ts-ui-dashboard,1,0,0.33333333
direct_rca,qwen3.6-27b,T,re2_tt,ts-user-service,1,0,0.5
direct_rca,qwen3.6-27b,V,aegislab,loadgenerator,1,0,0
direct_rca,qwen3.6-27b,T,aiops2022,redis-cart,1,0,0
direct_rca,qwen3.6-27b,T,aiops2022,shippingservice2-0,1,0,0
direct_rca,qwen3.6-27b,T,aiops2025,adservice-2,1,1,1
direct_rca,qwen3.6-27b,T,aiops2025,cartservice-0,1,1,1
direct_rca,qwen3.6-27b,T,aiops2025,checkoutservice,1,1,1
direct_rca,qwen3.6-27b,T,aiops2025,checkoutservice-2,1,0,0
direct_rca,qwen3.6-27b,T,aiops2025,currencyservice-0,1,0,0.33333333
direct_rca,qwen3.6-27b,T,aiops2025,currencyservice-2,1,0,0
direct_rca,qwen3.6-27b,T,aiops2022,paymentservice,1,0,0.33333333
direct_rca,qwen3.6-27b,T,aiops2022,paymentservice-1,1,0,0
direct_rca,qwen3.6-27b,T,aiops2022,paymentservice-2,1,0,0.5
direct_rca,qwen3.6-27b,T,aiops2022,productcatalogservice,1,0,0
direct_rca,qwen3.6-27b,T,aiops2022,productcatalogservice-0,1,1,1
direct_rca,qwen3.6-27b,T,aiops2022,productcatalogservice-2,1,1,1
direct_rca,qwen3.6-27b,T,aiops2022,productcatalogservice2-0,1,1,1
direct_rca,qwen3.6-27b,T,aiops2022,recommendationservice-2,1,1,1
visual_counterfactual_rca,gemma-4-26b-a4b,H_neutral,aiops2025,productcatalogservice,1,1,1
visual_counterfactual_rca,gemma-4-26b-a4b,H_neutral,aiops2025,recommendationservice-2,1,0,0
visual_counterfactual_rca,gemma-4-26b-a4b,H_neutral,aiops2025,shippingservice,1,1,1
visual_counterfactual_rca,gemma-4-26b-a4b,H_neutral,aiops2025,shippingservice-0,1,0,0
visual_counterfactual_rca,gemma-4-26b-a4b,H_neutral,re2_ob,adservice,1,0,0.5
visual_counterfactual_rca,gemma-4-26b-a4b,H_neutral,re2_tt,ts-assurance-service,1,0,0
visual_counterfactual_rca,gemma-4-26b-a4b,H_neutral,re2_tt,ts-avatar-service,1,0,0.33333333
visual_counterfactual_rca,gemma-4-26b-a4b,H_neutral,re2_tt,ts-food-map-mongo,1,0,0
direct_rca,qwen3.6-27b,T,aiops2025,redis,1,0,0
direct_rca,qwen3.6-27b,T,aiops2025,tidb-pd,1,0,0
direct_rca,qwen3.6-27b,T,re2_ob,adservice,1,0,0.33333333
direct_rca,qwen3.6-27b,T,re2_ob,gke-gke-cluster-default-pool-2e1807ce-0e4z,1,0,0.5
direct_rca,qwen3.6-27b,T,re2_ob,gke-gke-cluster-default-pool-2e1807ce-cx8g,1,0,0.5
direct_rca,qwen3.6-27b,T,re2_ob,redis,1,0,0.5
direct_rca,qwen3.6-27b,T,re2_ob,shippingservice,1,0,0.5
visual_counterfactual_rca,gemma-4-26b-a4b,H_neutral,aiops2025,node-6,1,1,1
direct_rca,qwen3.6-27b,T,aiops2022,emailservice-0,1,0,0
direct_rca,qwen3.6-27b,T,aiops2022,emailservice-1,1,1,1
direct_rca,qwen3.6-27b,T,aiops2022,emailservice2-0,1,0,0
direct_rca,qwen3.6-27b,T,aiops2022,frontend-2,1,1,1
direct_rca,qwen3.6-27b,T,aiops2022,frontend2,1,0,0
direct_rca,qwen3.6-27b,T,aiops2022,istio-ingressgateway,1,0,0
direct_rca,qwen3.6-27b,T,aiops2022,node-1,1,0,0
direct_rca,qwen3.6-27b,T,aiops2022,node-3,1,0,0
direct_rca,qwen3.6-27b,T,aiops2022,adservice2-0,1,0,0
direct_rca,qwen3.6-27b,T,aiops2022,cartservice,1,0,0
direct_rca,qwen3.6-27b,T,aiops2022,cartservice-0,1,0,0
direct_rca,qwen3.6-27b,T,aiops2022,cartservice-1,1,0,0
direct_rca,qwen3.6-27b,T,aiops2022,checkoutservice,1,0,0.33333333
direct_rca,qwen3.6-27b,T,aiops2022,checkoutservice-1,1,1,1
direct_rca,qwen3.6-27b,T,aiops2022,checkoutservice2,1,0,0.2
direct_rca,qwen3.6-27b,T,aiops2022,currencyservice-1,1,1,1
visual_counterfactual_rca,gemma-4-26b-a4b,H_placebo,aegislab,ts-admin-route-service,1,0,0.25
visual_counterfactual_rca,gemma-4-26b-a4b,H_placebo,aegislab,ts-admin-user-service,1,0,0
visual_counterfactual_rca,gemma-4-26b-a4b,H_placebo,aegislab,ts-basic-service,1,0,0.5
visual_counterfactual_rca,gemma-4-26b-a4b,H_placebo,aegislab,ts-order-other-service,1,1,1
visual_counterfactual_rca,gemma-4-26b-a4b,H_placebo,aegislab,ts-order-service-85b9979d59-x2sdc,1,1,1
visual_counterfactual_rca,gemma-4-26b-a4b,H_placebo,aegislab,ts-payment-service,1,0,0
visual_counterfactual_rca,gemma-4-26b-a4b,H_placebo,aegislab,ts-route-service,1,1,1
direct_rca,qwen3.6-27b,T,aiops2022,adservice-1,1,1,1
direct_rca,qwen3.6-27b,T,aiops2025,emailservice,1,0,0
direct_rca,qwen3.6-27b,T,aiops2025,frontend-1,1,1,1
direct_rca,qwen3.6-27b,T,aiops2025,hipstershop,1,0,0
direct_rca,qwen3.6-27b,T,aiops2025,node-1,1,0,0
visual_counterfactual_rca,gemma-4-26b-a4b,H_neutral,re2_tt,ts-preserve-other-service,1,0,0
visual_counterfactual_rca,gemma-4-26b-a4b,H_neutral,re2_tt,ts-security-service,1,0,0
visual_counterfactual_rca,gemma-4-26b-a4b,H_neutral,re2_tt,ts-station-service,1,0,0
visual_counterfactual_rca,gemma-4-26b-a4b,H_placebo,aegislab,ts-admin-order-service,1,0,0
direct_rca,qwen3.6-27b,T,aegislab,ts-notification-service,1,0,0
direct_rca,qwen3.6-27b,T,aegislab,ts-order-other-service,1,1,1
direct_rca,qwen3.6-27b,T,aegislab,ts-order-service-668587b48c-jnkkc,1,1,1
direct_rca,qwen3.6-27b,T,aegislab,ts-payment-service,1,0,0
direct_rca,qwen3.6-27b,T,aegislab,ts-preserve-other-service,1,0,0.33333333
direct_rca,qwen3.6-27b,T,aegislab,ts-route-plan-service,1,1,1
direct_rca,qwen3.6-27b,T,aegislab,ts-seat-service-6c78b7d797-vrjmh,1,1,1
direct_rca,qwen3.6-27b,T,aegislab,ts-station-service-685fd4985f-lxljn,1,1,1
visual_counterfactual_rca,gemma-4-26b-a4b,H_placebo,aiops2022,currencyservice-2,1,1,1
visual_counterfactual_rca,gemma-4-26b-a4b,H_placebo,aiops2022,currencyservice2-0,1,0,0
visual_counterfactual_rca,gemma-4-26b-a4b,H_placebo,aiops2022,frontend-http,1,0,0
direct_rca,qwen3.6-27b,T,aegislab,ts-cancel-service,1,0,0.5
direct_rca,qwen3.6-27b,T,aegislab,ts-config-service,1,1,1
direct_rca,qwen3.6-27b,T,aegislab,ts-config-service-7b97b98795-tpnjs,1,1,1
direct_rca,qwen3.6-27b,T,aegislab,ts-delivery-service,1,0,0
direct_rca,qwen3.6-27b,T,aegislab,ts-gateway-service,1,0,0
visual_counterfactual_rca,gemma-4-26b-a4b,H_placebo,aiops2022,adservice2,1,0,0
visual_counterfactual_rca,gemma-4-26b-a4b,H_placebo,aiops2022,adservice2-0,1,0,0.5
visual_counterfactual_rca,gemma-4-26b-a4b,H_placebo,aiops2022,cartservice-1,1,0,0
visual_counterfactual_rca,gemma-4-26b-a4b,H_placebo,aiops2022,cartservice2-0,1,0,0.33333333
visual_counterfactual_rca,gemma-4-26b-a4b,H_placebo,aiops2022,checkoutservice-0,1,1,1
visual_counterfactual_rca,gemma-4-26b-a4b,H_placebo,aiops2022,checkoutservice-1,1,1,1
visual_counterfactual_rca,gemma-4-26b-a4b,H_placebo,aiops2022,checkoutservice-2,1,1,1
visual_counterfactual_rca,gemma-4-26b-a4b,H_placebo,aiops2022,checkoutservice2-0,1,0,0.5
visual_counterfactual_rca,gemma-4-26b-a4b,H_placebo,aegislab,ts-seat-service-5dddf49dfd-6hhgk,1,0,0
visual_counterfactual_rca,gemma-4-26b-a4b,H_placebo,aegislab,ts-seat-service-6c78b7d797-dj98m,1,0,0
visual_counterfactual_rca,gemma-4-26b-a4b,H_placebo,aegislab,ts-security-service,1,0,0.5
visual_counterfactual_rca,gemma-4-26b-a4b,H_placebo,aegislab,ts-station-service,1,0,0
visual_counterfactual_rca,gemma-4-26b-a4b,H_placebo,aegislab,ts-ui-dashboard-68fff76764-pnt78,1,0,0
visual_counterfactual_rca,gemma-4-26b-a4b,H_placebo,aegislab,ts-ui-dashboard-68fff76764-ztk6r,1,1,1
visual_counterfactual_rca,gemma-4-26b-a4b,H_placebo,aiops2022,adservice-1,1,1,1
visual_counterfactual_rca,gemma-4-26b-a4b,H_placebo,aiops2022,adservice-2,1,0,0
direct_rca,qwen3.6-27b,R,re2_tt,ts-ui-dashboard,1,0,0
direct_rca,qwen3.6-27b,R,re2_tt,ts-user-mongo,1,0,0
direct_rca,qwen3.6-27b,R,re2_tt,ts-user-service,1,0,0
direct_rca,qwen3.6-27b,T,aegislab,loadgenerator,1,0,0.2
direct_rca,qwen3.6-27b,T,aegislab,ts-admin-order-service,1,0,0.5
direct_rca,qwen3.6-27b,T,aegislab,ts-admin-user-service,1,0,0
direct_rca,qwen3.6-27b,T,aegislab,ts-auth-service,1,1,1
direct_rca,qwen3.6-27b,T,aegislab,ts-auth-service-54bd57586c-kk7wq,1,1,1
visual_counterfactual_rca,gemma-4-26b-a4b,H_placebo,aiops2025,frontend-1,1,0,0
visual_counterfactual_rca,gemma-4-26b-a4b,H_placebo,aiops2025,frontend-2,1,0,0
visual_counterfactual_rca,gemma-4-26b-a4b,H_placebo,aiops2025,k8s-master3,1,0,0
visual_counterfactual_rca,gemma-4-26b-a4b,H_placebo,aiops2025,node-2,1,0,0
direct_rca,qwen3.6-27b,R,re2_tt,ts-admin-user-service,1,0,0
direct_rca,qwen3.6-27b,R,re2_tt,ts-contacts-mongo,1,0,0.2
direct_rca,qwen3.6-27b,R,re2_tt,ts-order-other-mongo,1,0,0.5
direct_rca,qwen3.6-27b,R,re2_tt,ts-station-service,1,0,0
visual_counterfactual_rca,gemma-4-26b-a4b,H_placebo,aiops2022,shippingservice-0,1,0,0
visual_counterfactual_rca,gemma-4-26b-a4b,H_placebo,aiops2022,shippingservice-grpc,1,0,0
visual_counterfactual_rca,gemma-4-26b-a4b,H_placebo,aiops2025,cartservice,1,1,1
visual_counterfactual_rca,gemma-4-26b-a4b,H_placebo,aiops2025,checkoutservice-1,1,0,0
visual_counterfactual_rca,gemma-4-26b-a4b,H_placebo,aiops2025,currencyservice,1,0,0
visual_counterfactual_rca,gemma-4-26b-a4b,H_placebo,aiops2025,currencyservice-0,1,0,0
visual_counterfactual_rca,gemma-4-26b-a4b,H_placebo,aiops2025,currencyservice-2,1,0,0
visual_counterfactual_rca,gemma-4-26b-a4b,H_placebo,aiops2025,emailservice-2,1,0,0.33333333
direct_rca,qwen3.6-27b,T,aegislab,ts-train-service,1,0,0.5
direct_rca,qwen3.6-27b,T,aegislab,ts-travel-service-cbf9bf77c-knq2c,1,1,1
direct_rca,qwen3.6-27b,T,aegislab,ts-travel2-service,1,1,1
direct_rca,qwen3.6-27b,T,aegislab,ts-travel2-service-6659b8fd5f-g4cbf,1,1,1
visual_counterfactual_rca,gemma-4-26b-a4b,H_placebo,aiops2022,node-3,1,0,0
visual_counterfactual_rca,gemma-4-26b-a4b,H_placebo,aiops2022,productcatalogservice-1,1,1,1
visual_counterfactual_rca,gemma-4-26b-a4b,H_placebo,aiops2022,productcatalogservice-2,1,1,1
visual_counterfactual_rca,gemma-4-26b-a4b,H_placebo,aiops2022,productcatalogservice2-0,1,0,0.5
direct_rca,qwen3.6-27b,R,re2_tt,gke-gke-cluster-tt-default-pool-448caaac-q7qg,1,0,0
direct_rca,qwen3.6-27b,R,re2_tt,gke-gke-cluster-tt-default-pool-448caaac-rjxh,1,0,0.33333333
direct_rca,qwen3.6-27b,R,re2_tt,gke-gke-cluster-tt-default-pool-79112c30-f9qk,1,0,0
direct_rca,qwen3.6-27b,R,re2_tt,gke-gke-cluster-tt-default-pool-ca598206-37xx,1,0,0.5
direct_rca,qwen3.6-27b,R,re2_tt,gke-gke-cluster-tt-default-pool-ca598206-fipm,1,0,0
direct_rca,qwen3.6-27b,R,re2_tt,gke-gke-cluster-tt-default-pool-ca598206-g5tp,1,0,0
direct_rca,qwen3.6-27b,R,re2_tt,gke-gke-cluster-tt-default-pool-ca598206-g9jt,1,0,0.25
direct_rca,qwen3.6-27b,R,re2_tt,gke-gke-cluster-tt-default-pool-ca598206-p3ch,1,0,0.5
direct_rca,qwen3.6-27b,R,aiops2025,shippingservice-0,1,1,1
direct_rca,qwen3.6-27b,R,re2_ob,adservice,1,0,0.33333333
direct_rca,qwen3.6-27b,R,re2_ob,cartservice,1,0,0.5
direct_rca,qwen3.6-27b,R,re2_ob,frontend-external,1,0,0
direct_rca,qwen3.6-27b,R,re2_ob,gke-gke-cluster-default-pool-9da84637-r1mb,1,0,0.5
direct_rca,qwen3.6-27b,R,re2_ob,gke-gke-cluster-default-pool-c49c2b06-crhc,1,0,0.5
direct_rca,qwen3.6-27b,R,re2_ob,gke-gke-cluster-default-pool-c49c2b06-vlhn,1,0,0
direct_rca,qwen3.6-27b,R,re2_ob,redis,1,0,0
visual_counterfactual_rca,gemma-4-26b-a4b,H_placebo,aiops2025,productcatalogservice-1,1,0,0
visual_counterfactual_rca,gemma-4-26b-a4b,H_placebo,aiops2025,productcatalogservice-2,1,0,0
visual_counterfactual_rca,gemma-4-26b-a4b,H_placebo,aiops2025,tidb-pd,1,0,0
visual_counterfactual_rca,gemma-4-26b-a4b,H_placebo,re2_tt,ts-avatar-service,1,0,0.33333333
visual_counterfactual_rca,gemma-4-26b-a4b,H_placebo,re2_tt,ts-config-service,1,0,0
visual_counterfactual_rca,gemma-4-26b-a4b,H_placebo,re2_tt,ts-food-service,1,0,0.5
visual_counterfactual_rca,gemma-4-26b-a4b,H_placebo,re2_tt,ts-inside-payment-mongo,1,0,0
direct_rca,qwen3.6-27b,R,aiops2025,redis-cart,1,0,0.2
direct_rca,qwen3.6-27b,T,aegislab,ts-auth-service-6477f4967c-l9mwz,1,1,1
direct_rca,qwen3.6-27b,T,aegislab,ts-avatar-service,1,0,0
visual_counterfactual_rca,gemma-4-26b-a4b,H_placebo,aiops2025,node-3,1,0,0
visual_counterfactual_rca,gemma-4-26b-a4b,H_placebo,aiops2025,node-4,1,0,0
visual_counterfactual_rca,gemma-4-26b-a4b,H_placebo,aiops2025,node-6,1,1,1
visual_counterfactual_rca,gemma-4-26b-a4b,H_placebo,aiops2025,paymentservice,1,0,0
visual_counterfactual_rca,gemma-4-26b-a4b,H_placebo,aiops2025,paymentservice-0,1,1,1
visual_counterfactual_rca,gemma-4-26b-a4b,H_placebo,aiops2025,productcatalogservice,1,1,1
direct_rca,qwen3.6-27b,R,aiops2025,hipstershop,1,0,0
direct_rca,qwen3.6-27b,R,aiops2025,k8s-master3,1,0,0
direct_rca,qwen3.6-27b,R,aiops2025,node-1,1,0,0
direct_rca,qwen3.6-27b,R,aiops2025,node-2,1,0,0.25
direct_rca,qwen3.6-27b,R,aiops2025,node-7,1,0,0.25
direct_rca,qwen3.6-27b,R,aiops2025,paymentservice,1,0,0
direct_rca,qwen3.6-27b,R,aiops2025,paymentservice-0,1,0,0
direct_rca,qwen3.6-27b,R,aiops2025,productcatalogservice-0,1,1,1
direct_rca,qwen3.6-27b,R,aiops2025,adservice-2,1,1,1
direct_rca,qwen3.6-27b,R,aiops2025,cartservice,1,1,1
direct_rca,qwen3.6-27b,R,aiops2025,checkoutservice-2,1,0,0
direct_rca,qwen3.6-27b,R,aiops2025,currencyservice-0,1,0,0.33333333
direct_rca,qwen3.6-27b,R,aiops2025,currencyservice-1,1,0,0.2
direct_rca,qwen3.6-27b,R,aiops2025,example-ant-29158080-drlxt,1,0,0.33333333
direct_rca,qwen3.6-27b,R,aiops2025,example-ant-29159520-w5hmd,1,0,0
direct_rca,qwen3.6-27b,R,aiops2025,frontend-0,1,1,1
visual_counterfactual_rca,gemma-4-26b-a4b,H_targeted,aegislab,ts-admin-travel-service,1,0,0
visual_counterfactual_rca,gemma-4-26b-a4b,H_targeted,aegislab,ts-admin-user-service,1,0,0
visual_counterfactual_rca,gemma-4-26b-a4b,H_targeted,aegislab,ts-auth-service,1,1,1
visual_counterfactual_rca,gemma-4-26b-a4b,H_targeted,aegislab,ts-config-service,1,1,1
visual_counterfactual_rca,gemma-4-26b-a4b,H_targeted,aegislab,ts-delivery-service,1,0,0
visual_counterfactual_rca,gemma-4-26b-a4b,H_targeted,aegislab,ts-food-service,1,1,1
visual_counterfactual_rca,gemma-4-26b-a4b,H_targeted,aegislab,ts-food-service-5dd9757985-7vfpl,1,0,0.25
visual_counterfactual_rca,gemma-4-26b-a4b,H_targeted,aegislab,ts-notification-service,1,0,0
direct_rca,qwen3.6-27b,R,re2_tt,gke-gke-cluster-tt-default-pool-ca598206-tj63,1,0,0.5
direct_rca,qwen3.6-27b,R,re2_tt,gke-gke-cluster-tt-default-pool-ca598206-xvr3,1,0,0.5
visual_counterfactual_rca,gemma-4-26b-a4b,H_placebo,re2_tt,ts-notification-service,1,0,0
visual_counterfactual_rca,gemma-4-26b-a4b,H_placebo,re2_tt,ts-route-plan-service,1,0,0
visual_counterfactual_rca,gemma-4-26b-a4b,H_placebo,re2_tt,ts-security-service,1,0,0
visual_counterfactual_rca,gemma-4-26b-a4b,H_placebo,re2_tt,ts-ticketinfo-service,1,0,0
visual_counterfactual_rca,gemma-4-26b-a4b,H_placebo,re2_tt,ts-travel2-service,1,0,0
visual_counterfactual_rca,gemma-4-26b-a4b,H_targeted,aegislab,ts-admin-basic-info-service,1,0,0
direct_rca,qwen3.6-27b,R,aiops2022,currencyservice-grpc,1,0,0
direct_rca,qwen3.6-27b,R,aiops2022,currencyservice2-0,1,0,0
direct_rca,qwen3.6-27b,R,aiops2022,emailservice-0,1,0,0.25
direct_rca,qwen3.6-27b,R,aiops2022,emailservice-1,1,0,0
direct_rca,qwen3.6-27b,R,aiops2022,istio-egressgateway-7bfdcc9d86-22q7z,1,0,0
direct_rca,qwen3.6-27b,R,aiops2022,istio-ingressgateway-565bffd4d-4nr6v,1,0,0
direct_rca,qwen3.6-27b,R,aiops2022,node-4,1,0,0
direct_rca,qwen3.6-27b,R,aiops2022,paymentservice-2,1,0,0.5
visual_counterfactual_rca,gemma-4-26b-a4b,H_targeted,aegislab,ts-ui-dashboard-68fff76764-pnt78,1,0,0
visual_counterfactual_rca,gemma-4-26b-a4b,H_targeted,aegislab,ts-ui-dashboard-68fff76764-ztk6r,1,1,1
visual_counterfactual_rca,gemma-4-26b-a4b,H_targeted,aiops2022,adservice-1,1,1,1
visual_counterfactual_rca,gemma-4-26b-a4b,H_targeted,aiops2022,cartservice-1,1,0,0
direct_rca,qwen3.6-27b,R,aiops2022,cartservice,1,0,0.33333333
direct_rca,qwen3.6-27b,R,aiops2022,cartservice-1,1,0,0
direct_rca,qwen3.6-27b,R,aiops2022,checkoutservice,1,0,0.5
direct_rca,qwen3.6-27b,R,aiops2022,checkoutservice2-0,1,0,0
visual_counterfactual_rca,gemma-4-26b-a4b,H_targeted,aegislab,ts-seat-service-675c89f44-kf5bz,1,0,0.25
visual_counterfactual_rca,gemma-4-26b-a4b,H_targeted,aegislab,ts-seat-service-c656658c9-7rn78,1,0,0
visual_counterfactual_rca,gemma-4-26b-a4b,H_targeted,aegislab,ts-security-service,1,1,1
visual_counterfactual_rca,gemma-4-26b-a4b,H_targeted,aegislab,ts-station-food-service,1,1,1
visual_counterfactual_rca,gemma-4-26b-a4b,H_targeted,aegislab,ts-station-service,1,0,0
visual_counterfactual_rca,gemma-4-26b-a4b,H_targeted,aegislab,ts-train-food-service,1,0,0
visual_counterfactual_rca,gemma-4-26b-a4b,H_targeted,aegislab,ts-train-service,1,0,0.5
visual_counterfactual_rca,gemma-4-26b-a4b,H_targeted,aegislab,ts-ui-dashboard-677db5896c-lptds,1,1,1
direct_rca,qwen3.6-27b,R,aiops2025,recommendationservice-2,1,0,0
visual_counterfactual_rca,gemma-4-26b-a4b,H_targeted,aegislab,ts-order-other-service,1,1,1
visual_counterfactual_rca,gemma-4-26b-a4b,H_targeted,aegislab,ts-order-service-85b9979d59-x2sdc,1,1,1
visual_counterfactual_rca,gemma-4-26b-a4b,H_targeted,aegislab,ts-payment-service,1,0,0
visual_counterfactual_rca,gemma-4-26b-a4b,H_targeted,aegislab,ts-route-service,1,1,1
visual_counterfactual_rca,gemma-4-26b-a4b,H_targeted,aegislab,ts-seat-service-5b448c748b-mrg4r,1,0,0
visual_counterfactual_rca,gemma-4-26b-a4b,H_targeted,aegislab,ts-seat-service-5dddf49dfd-zq9bx,1,0,0
visual_counterfactual_rca,gemma-4-26b-a4b,H_targeted,aegislab,ts-seat-service-675c89f44-g46fm,1,0,0
direct_rca,qwen3.6-27b,R,aegislab,ts-gateway-service,1,0,0
direct_rca,qwen3.6-27b,R,aegislab,ts-news-service,1,0,0.2
direct_rca,qwen3.6-27b,R,aegislab,ts-notification-service,1,0,0
direct_rca,qwen3.6-27b,R,aegislab,ts-order-other-service,1,1,1
direct_rca,qwen3.6-27b,R,aegislab,ts-order-service-668587b48c-jnkkc,1,1,1
direct_rca,qwen3.6-27b,R,aegislab,ts-route-plan-service,1,0,0
direct_rca,qwen3.6-27b,R,aegislab,ts-ticket-office-service,1,0,0.5
direct_rca,qwen3.6-27b,R,aegislab,ts-train-service,1,0,0
visual_counterfactual_rca,gemma-4-26b-a4b,H_targeted,aiops2022,shippingservice-grpc,1,0,0
visual_counterfactual_rca,gemma-4-26b-a4b,H_targeted,aiops2025,cartservice,1,1,1
visual_counterfactual_rca,gemma-4-26b-a4b,H_targeted,aiops2025,cartservice-2,1,1,1
visual_counterfactual_rca,gemma-4-26b-a4b,H_targeted,aiops2025,checkoutservice-1,1,0,0
visual_counterfactual_rca,gemma-4-26b-a4b,H_targeted,aiops2025,currencyservice,1,0,0
visual_counterfactual_rca,gemma-4-26b-a4b,H_targeted,aiops2025,currencyservice-2,1,0,0
direct_rca,qwen3.6-27b,R,aegislab,ts-config-service,1,1,1
direct_rca,qwen3.6-27b,R,aegislab,ts-food-delivery-service,1,0,0.5
visual_counterfactual_rca,gemma-4-26b-a4b,H_targeted,aiops2022,frontend-1,1,0,0
visual_counterfactual_rca,gemma-4-26b-a4b,H_targeted,aiops2022,frontend-http,1,0,0
visual_counterfactual_rca,gemma-4-26b-a4b,H_targeted,aiops2022,frontend2-0,1,0,0.5
visual_counterfactual_rca,gemma-4-26b-a4b,H_targeted,aiops2022,node-2,1,1,1
visual_counterfactual_rca,gemma-4-26b-a4b,H_targeted,aiops2022,node-3,1,0,0
visual_counterfactual_rca,gemma-4-26b-a4b,H_targeted,aiops2022,productcatalogservice-2,1,1,1
visual_counterfactual_rca,gemma-4-26b-a4b,H_targeted,aiops2022,productcatalogservice2-0,1,0,0.5
visual_counterfactual_rca,gemma-4-26b-a4b,H_targeted,aiops2022,shippingservice-0,1,0,0
direct_rca,qwen3.6-27b,R,aiops2022,productcatalogservice-0,1,1,1
direct_rca,qwen3.6-27b,R,aiops2022,productcatalogservice-2,1,1,1
direct_rca,qwen3.6-27b,R,aiops2022,productcatalogservice2,1,0,0.5
direct_rca,qwen3.6-27b,R,aiops2022,productcatalogservice2-0,1,1,1
visual_counterfactual_rca,gemma-4-26b-a4b,H_targeted,aiops2022,checkoutservice-1,1,1,1
visual_counterfactual_rca,gemma-4-26b-a4b,H_targeted,aiops2022,checkoutservice2-0,1,0,0.5
visual_counterfactual_rca,gemma-4-26b-a4b,H_targeted,aiops2022,currencyservice-2,1,1,1
visual_counterfactual_rca,gemma-4-26b-a4b,H_targeted,aiops2022,currencyservice2-0,1,0,0
visual_counterfactual_rca,gemma-4-26b-a4b,H_targeted,aiops2025,shippingservice-0,1,0,0
visual_counterfactual_rca,gemma-4-26b-a4b,H_targeted,aiops2025,shippingservice-1,1,1,1
direct_rca,qwen3.6-27b,P,aiops2025,node-8,1,0,0
direct_rca,qwen3.6-27b,P,aiops2025,paymentservice,1,0,0
direct_rca,qwen3.6-27b,P,aiops2025,paymentservice-0,1,0,0
direct_rca,qwen3.6-27b,P,aiops2025,paymentservice-2,1,0,0
direct_rca,qwen3.6-27b,P,aiops2025,productcatalogservice-2,1,0,0
direct_rca,qwen3.6-27b,P,aiops2025,recommendationservice-2,1,0,0
visual_counterfactual_rca,gemma-4-26b-a4b,H_targeted,aiops2025,node-2,1,0,0
visual_counterfactual_rca,gemma-4-26b-a4b,H_targeted,aiops2025,node-4,1,0,0
visual_counterfactual_rca,gemma-4-26b-a4b,H_targeted,aiops2025,node-7,1,0,0
visual_counterfactual_rca,gemma-4-26b-a4b,H_targeted,aiops2025,paymentservice,1,0,0
visual_counterfactual_rca,gemma-4-26b-a4b,H_targeted,aiops2025,productcatalogservice-0,1,0,0
visual_counterfactual_rca,gemma-4-26b-a4b,H_targeted,aiops2025,productcatalogservice-2,1,0,0
visual_counterfactual_rca,gemma-4-26b-a4b,H_targeted,aiops2025,redis-cart-0,1,0,0
visual_counterfactual_rca,gemma-4-26b-a4b,H_targeted,aiops2025,shippingservice,1,1,1
direct_rca,qwen3.6-27b,P,re2_tt,ts-order-mongo,1,0,0
direct_rca,qwen3.6-27b,P,re2_tt,ts-preserve-other-service,1,0,0
direct_rca,qwen3.6-27b,P,re2_tt,ts-price-service,1,0,0.33333333
direct_rca,qwen3.6-27b,P,re2_tt,ts-user-service,1,0,0
direct_rca,qwen3.6-27b,R,aegislab,ts-admin-order-service,1,0,0.5
direct_rca,qwen3.6-27b,R,aegislab,ts-avatar-service,1,0,0
visual_counterfactual_rca,gemma-4-26b-a4b,H_targeted,aiops2025,emailservice-2,1,0,0.33333333
visual_counterfactual_rca,gemma-4-26b-a4b,H_targeted,aiops2025,node-1,1,0,0
direct_rca,qwen3.6-27b,R,aegislab,ts-travel-service-cbf9bf77c-knq2c,1,1,1
direct_rca,qwen3.6-27b,R,aegislab,ts-travel2-service-6659b8fd5f-g4cbf,1,1,1
direct_rca,qwen3.6-27b,R,aegislab,ts-wait-order-service,1,0,0.33333333
direct_rca,qwen3.6-27b,P,re2_tt,ts-auth-mongo,1,0,0
direct_rca,qwen3.6-27b,P,re2_tt,ts-consign-service,1,0,0.33333333
direct_rca,qwen3.6-27b,P,re2_tt,ts-food-map-mongo,1,0,0
direct_rca,qwen3.6-27b,P,re2_tt,ts-food-service,1,0,0
direct_rca,qwen3.6-27b,P,re2_tt,ts-inside-payment-mongo,1,0,0.33333333
direct_rca,qwen3.6-27b,P,aiops2022,productcatalogservice-2,1,0,0
direct_rca,qwen3.6-27b,P,aiops2022,productcatalogservice2-0,1,1,1
direct_rca,qwen3.6-27b,P,aiops2022,recommendationservice2,1,0,0.25
direct_rca,qwen3.6-27b,P,aiops2022,redis-cart2,1,0,0
direct_rca,qwen3.6-27b,P,aiops2025,adservice-0,1,0,0
direct_rca,qwen3.6-27b,P,aiops2025,adservice-1,1,0,0
direct_rca,qwen3.6-27b,P,aiops2025,adservice-2,1,1,1
direct_rca,qwen3.6-27b,P,aiops2025,cartservice-2,1,0,0
visual_counterfactual_rca,qwen3.6-27b,H_factual,aegislab,ts-admin-order-service,1,0,0.5
visual_counterfactual_rca,qwen3.6-27b,H_factual,aegislab,ts-auth-service-6477f4967c-l9mwz,1,1,1
visual_counterfactual_rca,qwen3.6-27b,H_factual,aegislab,ts-cancel-service,1,0,0
visual_counterfactual_rca,qwen3.6-27b,H_factual,aegislab,ts-config-service-55cffbf48b-dx8rc,1,1,1
visual_counterfactual_rca,qwen3.6-27b,H_factual,aegislab,ts-consign-price-service,1,0,0
direct_rca,qwen3.6-27b,P,aiops2022,paymentservice-2,1,0,0
direct_rca,qwen3.6-27b,P,aiops2022,paymentservice2-0,1,0,0
direct_rca,qwen3.6-27b,P,aiops2022,productcatalogservice-0,1,1,1
visual_counterfactual_rca,gemma-4-26b-a4b,H_targeted,re2_tt,ts-avatar-service,1,0,0.33333333
visual_counterfactual_rca,gemma-4-26b-a4b,H_targeted,re2_tt,ts-food-service,1,0,0.5
visual_counterfactual_rca,gemma-4-26b-a4b,H_targeted,re2_tt,ts-inside-payment-mongo,1,0,0
visual_counterfactual_rca,gemma-4-26b-a4b,H_targeted,re2_tt,ts-preserve-other-service,1,0,0
visual_counterfactual_rca,gemma-4-26b-a4b,H_targeted,re2_tt,ts-route-plan-service,1,0,0
visual_counterfactual_rca,gemma-4-26b-a4b,H_targeted,re2_tt,ts-station-service,1,0,0
visual_counterfactual_rca,gemma-4-26b-a4b,H_targeted,re2_tt,ts-travel2-mongo,1,0,0.5
visual_counterfactual_rca,gemma-4-26b-a4b,H_targeted,re2_tt,ts-travel2-service,1,0,0.5
direct_rca,qwen3.6-27b,P,aiops2025,redis-cart-0,1,0,0
direct_rca,qwen3.6-27b,P,re2_ob,adservice,1,0,0.33333333
direct_rca,qwen3.6-27b,P,re2_ob,cartservice,1,0,0.33333333
direct_rca,qwen3.6-27b,P,re2_ob,gke-gke-cluster-default-pool-2e1807ce-cx8g,1,0,0.5
direct_rca,qwen3.6-27b,P,re2_ob,gke-gke-cluster-default-pool-9da84637-r1mb,1,0,0.5
direct_rca,qwen3.6-27b,P,re2_tt,gke-gke-cluster-tt-default-pool-448caaac-q7qg,1,0,0.5
direct_rca,qwen3.6-27b,P,re2_tt,gke-gke-cluster-tt-default-pool-ca598206-g9jt,1,0,0
direct_rca,qwen3.6-27b,P,re2_tt,gke-gke-cluster-tt-default-pool-ca598206-tj63,1,0,0
direct_rca,qwen3.6-27b,P,aiops2022,cartservice-1,1,0,0
direct_rca,qwen3.6-27b,P,aiops2022,cartservice-2,1,0,0
direct_rca,qwen3.6-27b,P,aiops2022,checkoutservice-0,1,1,1
direct_rca,qwen3.6-27b,P,aiops2022,checkoutservice-1,1,0,0
direct_rca,qwen3.6-27b,P,aiops2022,checkoutservice2,1,0,0
direct_rca,qwen3.6-27b,P,aiops2022,currencyservice2,1,0,0
direct_rca,qwen3.6-27b,P,aiops2022,emailservice-0,1,0,0
direct_rca,qwen3.6-27b,P,aiops2022,emailservice2-0,1,0,0
visual_counterfactual_rca,qwen3.6-27b,H_factual,aegislab,ts-ui-dashboard-64f6f55bb5-nccps,1,0,0.33333333
visual_counterfactual_rca,qwen3.6-27b,H_factual,aegislab,ts-ui-dashboard-66d999878-t7d28,1,1,1
visual_counterfactual_rca,qwen3.6-27b,H_factual,aegislab,ts-ui-dashboard-68fff76764-8x6fp,1,0,0
visual_counterfactual_rca,qwen3.6-27b,H_factual,aegislab,ts-verification-code-service,1,0,0.5
visual_counterfactual_rca,qwen3.6-27b,H_factual,aiops2022,adservice-0,1,1,1
direct_rca,qwen3.6-27b,P,aiops2022,adservice-1,1,1,1
direct_rca,qwen3.6-27b,P,aiops2022,adservice-2,1,1,1
direct_rca,qwen3.6-27b,P,aiops2022,cartservice-0,1,1,1
visual_counterfactual_rca,qwen3.6-27b,H_factual,aegislab,ts-preserve-other-service,1,0,0.33333333
visual_counterfactual_rca,qwen3.6-27b,H_factual,aegislab,ts-price-service,1,1,1
visual_counterfactual_rca,qwen3.6-27b,H_factual,aegislab,ts-rebook-service,1,0,0
visual_counterfactual_rca,qwen3.6-27b,H_factual,aegislab,ts-route-service,1,1,1
visual_counterfactual_rca,qwen3.6-27b,H_factual,aegislab,ts-security-service,1,0,0.5
visual_counterfactual_rca,qwen3.6-27b,H_factual,aegislab,ts-station-food-service,1,0,0
visual_counterfactual_rca,qwen3.6-27b,H_factual,aegislab,ts-train-service,1,0,0.25
visual_counterfactual_rca,qwen3.6-27b,H_factual,aegislab,ts-ui-dashboard-5b4ff6488d-2bcbg,1,0,0.25
direct_rca,qwen3.6-27b,P,aiops2025,emailservice,1,0,0
direct_rca,qwen3.6-27b,P,aiops2025,frontend-1,1,1,1
direct_rca,qwen3.6-27b,P,aiops2025,k8s-master3,1,0,0
direct_rca,qwen3.6-27b,P,aiops2025,node-1,1,0,0
direct_rca,qwen3.6-27b,P,aiops2025,node-2,1,0,0
direct_rca,qwen3.6-27b,P,aiops2025,node-6,1,1,1
visual_counterfactual_rca,qwen3.6-27b,H_factual,aegislab,ts-delivery-service,1,0,0
visual_counterfactual_rca,qwen3.6-27b,H_factual,aegislab,ts-gateway-service,1,0,0.2
visual_counterfactual_rca,qwen3.6-27b,H_factual,aiops2022,shippingservice2-0,1,0,0
visual_counterfactual_rca,qwen3.6-27b,H_factual,aiops2025,adservice-0,1,1,1
visual_counterfactual_rca,qwen3.6-27b,H_factual,aiops2025,checkoutservice-2,1,0,0
direct_rca,qwen3.6-27b,P,aegislab,ts-cancel-service,1,0,0
direct_rca,qwen3.6-27b,P,aegislab,ts-config-service-55cffbf48b-dx8rc,1,1,1
direct_rca,qwen3.6-27b,P,aegislab,ts-delivery-service,1,0,0
direct_rca,qwen3.6-27b,P,aegislab,ts-news-service,1,0,0
direct_rca,qwen3.6-27b,P,aegislab,ts-order-service-668587b48c-jnkkc,1,1,1
visual_counterfactual_rca,qwen3.6-27b,H_factual,aiops2022,frontend-http,1,0,0
visual_counterfactual_rca,qwen3.6-27b,H_factual,aiops2022,node-1,1,0,0
visual_counterfactual_rca,qwen3.6-27b,H_factual,aiops2022,node-3,1,0,0.33333333
visual_counterfactual_rca,qwen3.6-27b,H_factual,aiops2022,paymentservice,1,0,0
visual_counterfactual_rca,qwen3.6-27b,H_factual,aiops2022,paymentservice-1,1,0,0
visual_counterfactual_rca,qwen3.6-27b,H_factual,aiops2022,productcatalogservice,1,0,0.33333333
visual_counterfactual_rca,qwen3.6-27b,H_factual,aiops2022,shippingservice,1,0,0
visual_counterfactual_rca,qwen3.6-27b,H_factual,aiops2022,shippingservice-0,1,1,1
visual_counterfactual_rca,qwen3.6-27b,H_factual,aiops2022,cartservice-1,1,0,0
visual_counterfactual_rca,qwen3.6-27b,H_factual,aiops2022,cartservice2-0,1,0,0.5
visual_counterfactual_rca,qwen3.6-27b,H_factual,aiops2022,checkoutservice-1,1,0,0.33333333
visual_counterfactual_rca,qwen3.6-27b,H_factual,aiops2022,checkoutservice-2,1,1,1
visual_counterfactual_rca,qwen3.6-27b,H_factual,aiops2022,currencyservice-2,1,1,1
visual_counterfactual_rca,qwen3.6-27b,H_factual,aiops2022,currencyservice2,1,0,0
visual_counterfactual_rca,qwen3.6-27b,H_factual,aiops2022,emailservice-0,1,0,0
visual_counterfactual_rca,qwen3.6-27b,H_factual,aiops2022,emailservice2-0,1,0,0.2
direct_rca,qwen3.6-27b,P,aiops2022,frontend-1,1,0,0.33333333
direct_rca,qwen3.6-27b,P,aiops2022,istio-ingressgateway,1,0,0
direct_rca,qwen3.6-27b,P,aiops2022,istio-ingressgateway-565bffd4d-rn678,1,0,0
direct_rca,qwen3.6-27b,P,aiops2022,node-3,1,0,0.5
direct_rca,qwen3.6-27b,P,aiops2022,paymentservice-0,1,0,0
visual_counterfactual_rca,qwen3.6-27b,H_factual,aiops2022,adservice-1,1,1,1
visual_counterfactual_rca,qwen3.6-27b,H_factual,aiops2022,adservice2,1,0,0
visual_counterfactual_rca,qwen3.6-27b,H_factual,aiops2022,cartservice,1,1,1
direct_rca,qwen3.6-27b,H,re2_tt,ts-consign-service,1,0,0.33333333
direct_rca,qwen3.6-27b,H,re2_tt,ts-order-mongo,1,0,0.5
direct_rca,qwen3.6-27b,H,re2_tt,ts-order-other-mongo,1,0,0.5
direct_rca,qwen3.6-27b,H,re2_tt,ts-payment-service,1,0,0
direct_rca,qwen3.6-27b,H,re2_tt,ts-price-mongo,1,0,0
direct_rca,qwen3.6-27b,H,re2_tt,ts-station-service,1,0,0
direct_rca,qwen3.6-27b,H,re2_tt,ts-ui-dashboard,1,0,0.33333333
direct_rca,qwen3.6-27b,H,re2_tt,ts-user-mongo,1,0,0
visual_counterfactual_rca,qwen3.6-27b,H_factual,aiops2025,node-4,1,0,0
visual_counterfactual_rca,qwen3.6-27b,H_factual,aiops2025,node-6,1,1,1
visual_counterfactual_rca,qwen3.6-27b,H_factual,aiops2025,productcatalogservice-0,1,0,0
visual_counterfactual_rca,qwen3.6-27b,H_factual,re2_ob,shippingservice,1,0,0
direct_rca,qwen3.6-27b,H,re2_tt,gke-gke-cluster-tt-default-pool-ca598206-g9jt,1,0,0
direct_rca,qwen3.6-27b,H,re2_tt,ts-assurance-service,1,0,0
direct_rca,qwen3.6-27b,H,re2_tt,ts-auth-mongo,1,0,0
direct_rca,qwen3.6-27b,H,re2_tt,ts-basic-service,1,0,0
direct_rca,qwen3.6-27b,P,aegislab,ts-user-service,1,1,1
direct_rca,qwen3.6-27b,P,aegislab,ts-verification-code-service,1,0,0.5
direct_rca,qwen3.6-27b,P,aegislab,ts-wait-order-service,1,0,0
visual_counterfactual_rca,qwen3.6-27b,H_factual,aiops2025,currencyservice-1,1,0,0
visual_counterfactual_rca,qwen3.6-27b,H_factual,aiops2025,hget,1,0,0
visual_counterfactual_rca,qwen3.6-27b,H_factual,aiops2025,hipstershop,1,0,0.33333333
visual_counterfactual_rca,qwen3.6-27b,H_factual,aiops2025,hmset,1,0,0
visual_counterfactual_rca,qwen3.6-27b,H_factual,aiops2025,k8s-master2,1,0,0
direct_rca,qwen3.6-27b,P,aegislab,ts-route-plan-service,1,0,0
direct_rca,qwen3.6-27b,P,aegislab,ts-security-service,1,0,0
direct_rca,qwen3.6-27b,P,aegislab,ts-station-food-service,1,0,0
direct_rca,qwen3.6-27b,P,aegislab,ts-station-service,1,0,0
direct_rca,qwen3.6-27b,P,aegislab,ts-ticket-office-service,1,0,0.5
direct_rca,qwen3.6-27b,P,aegislab,ts-train-service,1,0,0
direct_rca,qwen3.6-27b,P,aegislab,ts-travel-service,1,0,0
direct_rca,qwen3.6-27b,P,aegislab,ts-travel-service-cbf9bf77c-knq2c,1,1,1
direct_rca,qwen3.6-27b,H,aiops2025,productcatalogservice-1,1,1,1
direct_rca,qwen3.6-27b,H,aiops2025,productcatalogservice-2,1,0,0
direct_rca,qwen3.6-27b,H,aiops2025,redis,1,0,0
direct_rca,qwen3.6-27b,H,aiops2025,tidb-pd,1,0,0
direct_rca,qwen3.6-27b,H,re2_ob,adservice,1,0,0.33333333
direct_rca,qwen3.6-27b,H,re2_ob,cartservice,1,0,0.5
direct_rca,qwen3.6-27b,H,re2_ob,frontend-external,1,0,0
direct_rca,qwen3.6-27b,H,re2_ob,gke-gke-cluster-default-pool-2e1807ce-0e4z,1,0,0.5
visual_counterfactual_rca,qwen3.6-27b,H_factual,re2_tt,ts-seat-service,1,0,0.33333333
visual_counterfactual_rca,qwen3.6-27b,H_factual,re2_tt,ts-station-mongo,1,0,0
visual_counterfactual_rca,qwen3.6-27b,H_factual,re2_tt,ts-ticketinfo-service,1,0,0.25
visual_counterfactual_rca,qwen3.6-27b,H_factual,re2_tt,ts-travel2-service,1,0,0.33333333
visual_counterfactual_rca,qwen3.6-27b,H_neutral,aegislab,ts-admin-order-service,1,0,0.5
visual_counterfactual_rca,qwen3.6-27b,H_neutral,aegislab,ts-admin-user-service,1,0,0
visual_counterfactual_rca,qwen3.6-27b,H_neutral,aegislab,ts-auth-service-6477f4967c-l9mwz,1,1,1
direct_rca,qwen3.6-27b,H,aiops2025,paymentservice-0,1,0,0
visual_counterfactual_rca,qwen3.6-27b,H_factual,re2_tt,ts-basic-service,1,0,0.33333333
visual_counterfactual_rca,qwen3.6-27b,H_factual,re2_tt,ts-contacts-mongo,1,0,0
visual_counterfactual_rca,qwen3.6-27b,H_factual,re2_tt,ts-food-map-mongo,1,0,0
visual_counterfactual_rca,qwen3.6-27b,H_factual,re2_tt,ts-food-map-service,1,0,0.5
visual_counterfactual_rca,qwen3.6-27b,H_factual,re2_tt,ts-inside-payment-mongo,1,0,0
visual_counterfactual_rca,qwen3.6-27b,H_factual,re2_tt,ts-payment-mongo,1,0,0
visual_counterfactual_rca,qwen3.6-27b,H_factual,re2_tt,ts-preserve-other-service,1,0,0
visual_counterfactual_rca,qwen3.6-27b,H_factual,re2_tt,ts-route-plan-service,1,0,0.25
direct_rca,qwen3.6-27b,H,re2_tt,ts-user-service,1,0,0.5
direct_rca,qwen3.6-27b,P,aegislab,ts-admin-order-service,1,0,0.5
direct_rca,qwen3.6-27b,P,aegislab,ts-admin-travel-service,1,0,0.33333333
direct_rca,qwen3.6-27b,P,aegislab,ts-auth-service-6477f4967c-l9mwz,1,1,1
visual_counterfactual_rca,qwen3.6-27b,H_factual,re2_ob,,1,0,0
visual_counterfactual_rca,qwen3.6-27b,H_factual,re2_tt,ts-admin-user-service,1,0,0
visual_counterfactual_rca,qwen3.6-27b,H_factual,re2_tt,ts-auth-mongo,1,0,0
visual_counterfactual_rca,qwen3.6-27b,H_factual,re2_tt,ts-avatar-service,1,0,0.33333333
direct_rca,qwen3.6-27b,H,aiops2022,productcatalogservice,1,0,0
direct_rca,qwen3.6-27b,H,aiops2022,productcatalogservice-0,1,1,1
direct_rca,qwen3.6-27b,H,aiops2022,productcatalogservice-2,1,1,1
direct_rca,qwen3.6-27b,H,aiops2022,shippingservice2-0,1,0,0
direct_rca,qwen3.6-27b,H,aiops2025,adservice-2,1,1,1
direct_rca,qwen3.6-27b,H,aiops2025,cartservice,1,0,0
direct_rca,qwen3.6-27b,H,aiops2025,cartservice-2,1,1,1
direct_rca,qwen3.6-27b,H,aiops2025,checkoutservice-2,1,0,0
visual_counterfactual_rca,qwen3.6-27b,H_neutral,aegislab,ts-ticket-office-service,1,0,0.5
visual_counterfactual_rca,qwen3.6-27b,H_neutral,aegislab,ts-train-food-service,1,0,0.25
visual_counterfactual_rca,qwen3.6-27b,H_neutral,aegislab,ts-ui-dashboard-5b4ff6488d-2bcbg,1,0,0
visual_counterfactual_rca,qwen3.6-27b,H_neutral,aegislab,ts-ui-dashboard-64f6f55bb5-nccps,1,0,0.33333333
direct_rca,qwen3.6-27b,H,aiops2022,istio-ingressgateway,1,0,0
direct_rca,qwen3.6-27b,H,aiops2022,node-1,1,0,0
direct_rca,qwen3.6-27b,H,aiops2022,paymentservice,1,0,0
direct_rca,qwen3.6-27b,H,aiops2022,paymentservice-0,1,0,0
visual_counterfactual_rca,qwen3.6-27b,H_neutral,aegislab,ts-gateway-service,1,0,0
visual_counterfactual_rca,qwen3.6-27b,H_neutral,aegislab,ts-notification-service,1,0,0
visual_counterfactual_rca,qwen3.6-27b,H_neutral,aegislab,ts-preserve-other-service,1,0,0.25
visual_counterfactual_rca,qwen3.6-27b,H_neutral,aegislab,ts-price-service,1,1,1
visual_counterfactual_rca,qwen3.6-27b,H_neutral,aegislab,ts-rebook-service,1,0,0
visual_counterfactual_rca,qwen3.6-27b,H_neutral,aegislab,ts-route-service,1,1,1
visual_counterfactual_rca,qwen3.6-27b,H_neutral,aegislab,ts-security-service,1,0,0.5
visual_counterfactual_rca,qwen3.6-27b,H_neutral,aegislab,ts-station-food-service,1,0,0
direct_rca,qwen3.6-27b,H,re2_ob,gke-gke-cluster-default-pool-c49c2b06-vlhn,1,0,0.33333333
direct_rca,qwen3.6-27b,H,re2_ob,redis,1,0,0.5
direct_rca,qwen3.6-27b,H,re2_ob,shippingservice,1,0,0.5
visual_counterfactual_rca,qwen3.6-27b,H_neutral,aegislab,ts-cancel-service,1,0,0
visual_counterfactual_rca,qwen3.6-27b,H_neutral,aegislab,ts-config-service,1,0,0.25
visual_counterfactual_rca,qwen3.6-27b,H_neutral,aegislab,ts-config-service-55cffbf48b-dx8rc,1,1,1
visual_counterfactual_rca,qwen3.6-27b,H_neutral,aegislab,ts-consign-price-service,1,0,0
visual_counterfactual_rca,qwen3.6-27b,H_neutral,aegislab,ts-delivery-service,1,0,0
visual_counterfactual_rca,qwen3.6-27b,H_neutral,aiops2022,node-4,1,1,1
visual_counterfactual_rca,qwen3.6-27b,H_neutral,aiops2022,node-6,1,0,0.5
visual_counterfactual_rca,qwen3.6-27b,H_neutral,aiops2022,paymentservice-0,1,0,0
visual_counterfactual_rca,qwen3.6-27b,H_neutral,aiops2022,paymentservice-1,1,0,0
visual_counterfactual_rca,qwen3.6-27b,H_neutral,aiops2022,paymentservice2,1,0,0
direct_rca,qwen3.6-27b,H,aegislab,ts-travel-service-cbf9bf77c-knq2c,1,1,1
direct_rca,qwen3.6-27b,H,aegislab,ts-travel2-service-6659b8fd5f-g4cbf,1,1,1
direct_rca,qwen3.6-27b,H,aiops2022,adservice-0,1,0,0
visual_counterfactual_rca,qwen3.6-27b,H_neutral,aiops2022,emailservice-0,1,0,0
visual_counterfactual_rca,qwen3.6-27b,H_neutral,aiops2022,emailservice-1,1,1,1
visual_counterfactual_rca,qwen3.6-27b,H_neutral,aiops2022,emailservice2-0,1,0,0
visual_counterfactual_rca,qwen3.6-27b,H_neutral,aiops2022,frontend,1,0,0
visual_counterfactual_rca,qwen3.6-27b,H_neutral,aiops2022,frontend-2,1,0,0.33333333
visual_counterfactual_rca,qwen3.6-27b,H_neutral,aiops2022,frontend2-0,1,0,0.5
visual_counterfactual_rca,qwen3.6-27b,H_neutral,aiops2022,node-1,1,0,0
visual_counterfactual_rca,qwen3.6-27b,H_neutral,aiops2022,node-3,1,0,0.5
visual_counterfactual_rca,qwen3.6-27b,H_neutral,aegislab,ts-verification-code-service,1,0,0.33333333
visual_counterfactual_rca,qwen3.6-27b,H_neutral,aiops2022,adservice-1,1,1,1
visual_counterfactual_rca,qwen3.6-27b,H_neutral,aiops2022,adservice2,1,0,0
visual_counterfactual_rca,qwen3.6-27b,H_neutral,aiops2022,cartservice-0,1,0,0
visual_counterfactual_rca,qwen3.6-27b,H_neutral,aiops2022,checkoutservice-0,1,0,0
visual_counterfactual_rca,qwen3.6-27b,H_neutral,aiops2022,checkoutservice-1,1,0,0
visual_counterfactual_rca,qwen3.6-27b,H_neutral,aiops2022,currencyservice-grpc,1,0,0
visual_counterfactual_rca,qwen3.6-27b,H_neutral,aiops2022,currencyservice2-0,1,0,0.5
direct_rca,qwen3.6-27b,H,aiops2025,currencyservice-0,1,0,0.33333333
direct_rca,qwen3.6-27b,H,aiops2025,emailservice,1,0,0
direct_rca,qwen3.6-27b,H,aiops2025,example-ant-29158080-drlxt,1,0,0
direct_rca,qwen3.6-27b,H,aiops2025,frontend-1,1,1,1
direct_rca,qwen3.6-27b,H,aiops2025,hipstershop,1,0,0
visual_counterfactual_rca,qwen3.6-27b,H_neutral,aegislab,ts-ui-dashboard-677db5896c-lptds,1,1,1
visual_counterfactual_rca,qwen3.6-27b,H_neutral,aegislab,ts-ui-dashboard-68fff76764-8x6fp,1,0,0
visual_counterfactual_rca,qwen3.6-27b,H_neutral,aegislab,ts-user-service,1,1,1
direct_rca,qwen3.6-27b,H,aegislab,ts-config-service-7b97b98795-tpnjs,1,1,1
direct_rca,qwen3.6-27b,H,aegislab,ts-notification-service,1,0,0.2
direct_rca,qwen3.6-27b,H,aegislab,ts-order-other-service,1,1,1
direct_rca,qwen3.6-27b,H,aegislab,ts-order-service-668587b48c-jnkkc,1,1,1
direct_rca,qwen3.6-27b,H,aegislab,ts-payment-service,1,0,0
direct_rca,qwen3.6-27b,H,aegislab,ts-preserve-other-service,1,0,0.33333333
direct_rca,qwen3.6-27b,H,aegislab,ts-price-service,1,1,1
direct_rca,qwen3.6-27b,H,aegislab,ts-seat-service-6c78b7d797-vrjmh,1,1,1
visual_counterfactual_rca,qwen3.6-27b,H_neutral,aiops2025,frontend-0,1,0,0.5
visual_counterfactual_rca,qwen3.6-27b,H_neutral,aiops2025,node-4,1,0,0
visual_counterfactual_rca,qwen3.6-27b,H_neutral,aiops2025,node-6,1,1,1
visual_counterfactual_rca,qwen3.6-27b,H_neutral,aiops2025,productcatalogservice-0,1,0,0
direct_rca,qwen3.6-27b,H,aegislab,ts-admin-order-service,1,0,0.5
direct_rca,qwen3.6-27b,H,aegislab,ts-admin-travel-service,1,0,0.5
direct_rca,qwen3.6-27b,H,aegislab,ts-auth-service-6477f4967c-l9mwz,1,1,1
direct_rca,qwen3.6-27b,H,aegislab,ts-config-service-55cffbf48b-dx8rc,1,1,1
direct_rca,qwen3.6-27b,H,aiops2022,frontend-1,1,0,0
direct_rca,qwen3.6-27b,H,aiops2022,frontend-2,1,1,1
visual_counterfactual_rca,qwen3.6-27b,H_neutral,aiops2022,productcatalogservice-2,1,1,1
visual_counterfactual_rca,qwen3.6-27b,H_neutral,aiops2022,productcatalogservice2-0,1,0,0.5
visual_counterfactual_rca,qwen3.6-27b,H_neutral,aiops2022,recommendationservice-2,1,1,1
visual_counterfactual_rca,qwen3.6-27b,H_neutral,aiops2025,adservice-1,1,1,1
visual_counterfactual_rca,qwen3.6-27b,H_neutral,aiops2025,cartservice-0,1,0,0.25
visual_counterfactual_rca,qwen3.6-27b,H_neutral,aiops2025,example-ant-29159520-w5hmd,1,0,0
direct_rca,qwen3.6-27b,H,aiops2022,adservice-1,1,1,1
direct_rca,qwen3.6-27b,H,aiops2022,adservice2-0,1,0,0
direct_rca,qwen3.6-27b,H,aiops2022,cartservice-1,1,0,0
direct_rca,qwen3.6-27b,H,aiops2022,cartservice2,1,0,0.33333333
direct_rca,qwen3.6-27b,H,aiops2022,checkoutservice2,1,0,0.2
direct_rca,qwen3.6-27b,H,aiops2022,currencyservice-1,1,1,1
direct_rca,qwen3.6-27b,H,aiops2022,currencyservice2,1,0,0
direct_rca,qwen3.6-27b,H,aiops2022,emailservice-1,1,1,1
direct_rca,qwen3.6-27b,F,re2_tt,ts-auth-mongo,1,0,0
direct_rca,qwen3.6-27b,F,re2_tt,ts-consign-service,1,0,0.25
direct_rca,qwen3.6-27b,F,re2_tt,ts-food-map-mongo,1,0,0
direct_rca,qwen3.6-27b,F,re2_tt,ts-order-mongo,1,0,0.5
direct_rca,qwen3.6-27b,F,re2_tt,ts-payment-service,1,0,0
direct_rca,qwen3.6-27b,F,re2_tt,ts-preserve-mongo,1,0,0.33333333
direct_rca,qwen3.6-27b,F,re2_tt,ts-ticketinfo-service,1,0,0
direct_rca,qwen3.6-27b,F,re2_tt,ts-user-service,1,0,0.5
direct_rca,qwen3.6-27b,F,re2_ob,redis,1,0,0.5
direct_rca,qwen3.6-27b,F,re2_ob,shippingservice,1,0,0.5
direct_rca,qwen3.6-27b,F,re2_tt,gke-gke-cluster-tt-default-pool-ca598206-fipm,1,0,0
direct_rca,qwen3.6-27b,F,re2_tt,gke-gke-cluster-tt-default-pool-ca598206-g5tp,1,0,0.33333333
direct_rca,qwen3.6-27b,F,re2_tt,gke-gke-cluster-tt-default-pool-ca598206-g9jt,1,0,0.5
direct_rca,qwen3.6-27b,F,re2_tt,gke-gke-cluster-tt-default-pool-ca598206-p3ch,1,0,0.5
direct_rca,qwen3.6-27b,F,re2_tt,gke-gke-cluster-tt-default-pool-ca598206-tj63,1,0,0.5
direct_rca,qwen3.6-27b,F,re2_tt,ts-assurance-service,1,0,0
visual_counterfactual_rca,qwen3.6-27b,H_neutral,re2_tt,ts-food-map-mongo,1,0,0
visual_counterfactual_rca,qwen3.6-27b,H_neutral,re2_tt,ts-food-map-service,1,0,0
visual_counterfactual_rca,qwen3.6-27b,H_neutral,re2_tt,ts-inside-payment-service,1,0,0.5
visual_counterfactual_rca,qwen3.6-27b,H_neutral,re2_tt,ts-preserve-other-service,1,0,0
visual_counterfactual_rca,qwen3.6-27b,H_neutral,re2_tt,ts-preserve-service,1,0,0
visual_counterfactual_rca,qwen3.6-27b,H_neutral,re2_tt,ts-seat-service,1,0,0.33333333
visual_counterfactual_rca,qwen3.6-27b,H_neutral,re2_tt,ts-security-service,1,0,0.25
visual_counterfactual_rca,qwen3.6-27b,H_neutral,re2_tt,ts-travel2-mongo,1,0,0.5
direct_rca,qwen3.6-27b,H,aegislab,ts-station-food-service,1,0,0
direct_rca,qwen3.6-27b,H,aegislab,ts-station-service-685fd4985f-lxljn,1,1,1
direct_rca,qwen3.6-27b,H,aegislab,ts-train-service,1,0,0.5
visual_counterfactual_rca,qwen3.6-27b,H_neutral,re2_ob,cartservice,1,0,0.2
visual_counterfactual_rca,qwen3.6-27b,H_neutral,re2_tt,ts-auth-mongo,1,0,0
visual_counterfactual_rca,qwen3.6-27b,H_neutral,re2_tt,ts-avatar-service,1,0,0.33333333
visual_counterfactual_rca,qwen3.6-27b,H_neutral,re2_tt,ts-config-mongo,1,0,0.33333333
visual_counterfactual_rca,qwen3.6-27b,H_neutral,re2_tt,ts-contacts-mongo,1,0,0
visual_counterfactual_rca,qwen3.6-27b,H_placebo,aegislab,ts-security-service,1,0,0.5
visual_counterfactual_rca,qwen3.6-27b,H_placebo,aegislab,ts-station-food-service,1,0,0
visual_counterfactual_rca,qwen3.6-27b,H_placebo,aegislab,ts-station-service,1,0,0.33333333
visual_counterfactual_rca,qwen3.6-27b,H_placebo,aegislab,ts-train-food-service,1,0,0.25
visual_counterfactual_rca,qwen3.6-27b,H_placebo,aegislab,ts-train-service,1,0,0.2
visual_counterfactual_rca,qwen3.6-27b,H_placebo,aegislab,ts-ui-dashboard-5b4ff6488d-2bcbg,1,0,0.25
visual_counterfactual_rca,qwen3.6-27b,H_placebo,aegislab,ts-ui-dashboard-64f6f55bb5-nccps,1,0,0.33333333
visual_counterfactual_rca,qwen3.6-27b,H_placebo,aiops2022,adservice-0,1,1,1
visual_counterfactual_rca,qwen3.6-27b,H_placebo,aegislab,ts-config-service-55cffbf48b-dx8rc,1,1,1
visual_counterfactual_rca,qwen3.6-27b,H_placebo,aegislab,ts-consign-price-service,1,0,0
visual_counterfactual_rca,qwen3.6-27b,H_placebo,aegislab,ts-delivery-service,1,0,0
visual_counterfactual_rca,qwen3.6-27b,H_placebo,aegislab,ts-gateway-service,1,0,0.2
visual_counterfactual_rca,qwen3.6-27b,H_placebo,aegislab,ts-price-service,1,1,1
visual_counterfactual_rca,qwen3.6-27b,H_placebo,aegislab,ts-rebook-service,1,0,0
visual_counterfactual_rca,qwen3.6-27b,H_placebo,aegislab,ts-route-service,1,1,1
visual_counterfactual_rca,qwen3.6-27b,H_placebo,aegislab,ts-seat-service,1,1,1
direct_rca,qwen3.6-27b,F,re2_ob,adservice,1,0,0.33333333
direct_rca,qwen3.6-27b,F,re2_ob,frontend-external,1,0,0.33333333
direct_rca,qwen3.6-27b,F,re2_ob,gke-gke-cluster-default-pool-2e1807ce-0e4z,1,0,0.5
direct_rca,qwen3.6-27b,F,re2_ob,gke-gke-cluster-default-pool-2e1807ce-cx8g,1,0,0.5
visual_counterfactual_rca,qwen3.6-27b,H_placebo,aegislab,mysql-0,1,0,0.5
visual_counterfactual_rca,qwen3.6-27b,H_placebo,aegislab,ts-admin-order-service,1,0,0.5
visual_counterfactual_rca,qwen3.6-27b,H_placebo,aegislab,ts-admin-user-service,1,0,0
visual_counterfactual_rca,qwen3.6-27b,H_placebo,aegislab,ts-auth-service-6477f4967c-l9mwz,1,1,1
direct_rca,qwen3.6-27b,H,aegislab,loadgenerator,1,0,0.25
direct_rca,qwen3.6-27b,F,aiops2025,currencyservice-0,1,0,0.33333333
direct_rca,qwen3.6-27b,F,aiops2025,currencyservice-2,1,0,0
direct_rca,qwen3.6-27b,F,aiops2025,hipstershop,1,0,0
direct_rca,qwen3.6-27b,F,aiops2025,k8s-master2,1,0,0
direct_rca,qwen3.6-27b,F,aiops2025,node-6,1,1,1
direct_rca,qwen3.6-27b,F,aiops2025,paymentservice-0,1,0,0
direct_rca,qwen3.6-27b,F,aiops2025,tidb-pd,1,0,0
direct_rca,qwen3.6-27b,F,aiops2022,productcatalogservice,1,0,0
direct_rca,qwen3.6-27b,F,aiops2022,productcatalogservice-0,1,1,1
direct_rca,qwen3.6-27b,F,aiops2022,productcatalogservice-2,1,1,1
direct_rca,qwen3.6-27b,F,aiops2022,recommendationservice2,1,0,0
direct_rca,qwen3.6-27b,F,aiops2022,redis-cart2,1,0,0
direct_rca,qwen3.6-27b,F,aiops2025,adservice-1,1,0,0
direct_rca,qwen3.6-27b,F,aiops2025,adservice-2,1,1,1
direct_rca,qwen3.6-27b,F,aiops2025,cartservice-2,1,0,0
direct_rca,qwen3.6-27b,F,aiops2022,frontend,1,0,0
direct_rca,qwen3.6-27b,F,aiops2022,frontend-2,1,1,1
direct_rca,qwen3.6-27b,F,aiops2022,frontend2,1,0,0
direct_rca,qwen3.6-27b,F,aiops2022,istio-ingressgateway,1,0,0
direct_rca,qwen3.6-27b,F,aiops2022,node-1,1,0,0
direct_rca,qwen3.6-27b,F,aiops2022,node-3,1,0,0.2
direct_rca,qwen3.6-27b,F,aiops2022,paymentservice-1,1,0,0
direct_rca,qwen3.6-27b,F,aiops2022,paymentservice-2,1,0,0.5
visual_counterfactual_rca,qwen3.6-27b,H_placebo,aiops2022,frontend-1,1,0,0
visual_counterfactual_rca,qwen3.6-27b,H_placebo,aiops2022,frontend-2,1,0,0.5
visual_counterfactual_rca,qwen3.6-27b,H_placebo,aiops2022,node-1,1,0,0
visual_counterfactual_rca,qwen3.6-27b,H_placebo,aiops2022,node-2,1,1,1
visual_counterfactual_rca,qwen3.6-27b,H_placebo,aiops2022,node-3,1,0,0.33333333
visual_counterfactual_rca,qwen3.6-27b,H_placebo,aiops2022,node-4,1,1,1
visual_counterfactual_rca,qwen3.6-27b,H_placebo,aiops2022,node-6,1,0,0
direct_rca,qwen3.6-27b,F,aiops2022,emailservice2-0,1,0,0
visual_counterfactual_rca,qwen3.6-27b,H_placebo,aiops2022,adservice-1,1,1,1
visual_counterfactual_rca,qwen3.6-27b,H_placebo,aiops2022,cartservice-1,1,0,0
visual_counterfactual_rca,qwen3.6-27b,H_placebo,aiops2022,checkoutservice-1,1,1,1
visual_counterfactual_rca,qwen3.6-27b,H_placebo,aiops2022,checkoutservice-2,1,1,1
visual_counterfactual_rca,qwen3.6-27b,H_placebo,aiops2022,currencyservice2,1,0,0.25
visual_counterfactual_rca,qwen3.6-27b,H_placebo,aiops2022,emailservice,1,0,0
visual_counterfactual_rca,qwen3.6-27b,H_placebo,aiops2022,emailservice-0,1,0,0
visual_counterfactual_rca,qwen3.6-27b,H_placebo,aiops2022,emailservice-1,1,1,1
direct_rca,qwen3.6-27b,F,aiops2022,cartservice-0,1,0,0
direct_rca,qwen3.6-27b,F,aiops2022,cartservice2-0,1,0,0.5
direct_rca,qwen3.6-27b,F,aiops2022,checkoutservice,1,0,0.33333333
direct_rca,qwen3.6-27b,F,aiops2022,checkoutservice2,1,0,0.2
direct_rca,qwen3.6-27b,F,aiops2022,currencyservice-1,1,1,1
direct_rca,qwen3.6-27b,F,aiops2022,currencyservice-2,1,1,1
direct_rca,qwen3.6-27b,F,aiops2022,currencyservice2,1,0,0.2
direct_rca,qwen3.6-27b,F,aiops2022,emailservice-1,1,1,1
direct_rca,qwen3.6-27b,F,aegislab,ts-station-service-685fd4985f-lxljn,1,1,1
direct_rca,qwen3.6-27b,F,aegislab,ts-train-service,1,0,0.5
direct_rca,qwen3.6-27b,F,aegislab,ts-travel-service-cbf9bf77c-knq2c,1,1,1
direct_rca,qwen3.6-27b,F,aegislab,ts-travel2-service,1,1,1
direct_rca,qwen3.6-27b,F,aegislab,ts-travel2-service-6659b8fd5f-g4cbf,1,1,1
direct_rca,qwen3.6-27b,F,aegislab,ts-verification-code-service,1,0,0.5
direct_rca,qwen3.6-27b,F,aiops2022,adservice-1,1,1,1
direct_rca,qwen3.6-27b,F,aiops2022,adservice2-0,1,0,0
visual_counterfactual_rca,qwen3.6-27b,H_placebo,aiops2022,shippingservice2-0,1,0,0
visual_counterfactual_rca,qwen3.6-27b,H_placebo,aiops2025,emailservice,1,0,0
visual_counterfactual_rca,qwen3.6-27b,H_placebo,aiops2025,hget,1,0,0
visual_counterfactual_rca,qwen3.6-27b,H_placebo,aiops2025,hmset,1,0,0
visual_counterfactual_rca,qwen3.6-27b,H_placebo,aiops2025,k8s-master2,1,0,0
visual_counterfactual_rca,qwen3.6-27b,H_placebo,aiops2025,node-4,1,0,0
visual_counterfactual_rca,qwen3.6-27b,H_placebo,aiops2025,node-6,1,1,1
visual_counterfactual_rca,qwen3.6-27b,H_placebo,aiops2025,productcatalogservice-0,1,0,0
direct_rca,qwen3.6-27b,F,aiops2025,checkoutservice-2,1,0,0
visual_counterfactual_rca,qwen3.6-27b,H_placebo,aiops2022,paymentservice,1,0,0
visual_counterfactual_rca,qwen3.6-27b,H_placebo,aiops2022,paymentservice-0,1,0,0
visual_counterfactual_rca,qwen3.6-27b,H_placebo,aiops2022,paymentservice-1,1,0,0
visual_counterfactual_rca,qwen3.6-27b,H_placebo,aiops2022,paymentservice-2,1,0,0.5
visual_counterfactual_rca,qwen3.6-27b,H_placebo,aiops2022,paymentservice2,1,0,0
visual_counterfactual_rca,qwen3.6-27b,H_placebo,aiops2022,recommendationservice-2,1,1,1
visual_counterfactual_rca,qwen3.6-27b,H_placebo,aiops2022,shippingservice-0,1,1,1
visual_counterfactual_rca,qwen3.6-27b,H_placebo,re2_tt,ts-payment-service,1,0,0
visual_counterfactual_rca,qwen3.6-27b,H_placebo,re2_tt,ts-preserve-service,1,0,0
visual_counterfactual_rca,qwen3.6-27b,H_placebo,re2_tt,ts-route-plan-service,1,0,0.25
visual_counterfactual_rca,qwen3.6-27b,H_placebo,re2_tt,ts-seat-service,1,0,0.2
visual_counterfactual_rca,qwen3.6-27b,H_placebo,re2_tt,ts-station-mongo,1,0,0
direct_rca,gemma-4-26b-a4b,V,re2_ob,gke-gke-cluster-default-pool-c49c2b06-crhc,1,0,0
direct_rca,gemma-4-26b-a4b,V,re2_ob,gke-gke-cluster-default-pool-c49c2b06-vlhn,1,0,0
direct_rca,gemma-4-26b-a4b,V,re2_tt,gke-gke-cluster-tt-default-pool-448caaac-g8ts,1,0,0
visual_counterfactual_rca,qwen3.6-27b,H_placebo,re2_ob,shippingservice,1,0,0.2
visual_counterfactual_rca,qwen3.6-27b,H_placebo,re2_tt,ts-admin-user-service,1,0,0
visual_counterfactual_rca,qwen3.6-27b,H_placebo,re2_tt,ts-auth-mongo,1,0,0
visual_counterfactual_rca,qwen3.6-27b,H_placebo,re2_tt,ts-basic-service,1,0,0.5
visual_counterfactual_rca,qwen3.6-27b,H_placebo,re2_tt,ts-contacts-mongo,1,0,0
visual_counterfactual_rca,qwen3.6-27b,H_placebo,re2_tt,ts-food-map-mongo,1,0,0
visual_counterfactual_rca,qwen3.6-27b,H_placebo,re2_tt,ts-food-service,1,0,0.33333333
visual_counterfactual_rca,qwen3.6-27b,H_placebo,re2_tt,ts-inside-payment-mongo,1,0,0
direct_rca,qwen3.6-27b,F,aegislab,ts-gateway-service,1,0,0
direct_rca,qwen3.6-27b,F,aegislab,ts-notification-service,1,0,0
direct_rca,qwen3.6-27b,F,aegislab,ts-order-other-service,1,1,1
direct_rca,qwen3.6-27b,F,aegislab,ts-order-service-668587b48c-jnkkc,1,1,1
direct_rca,qwen3.6-27b,F,aegislab,ts-payment-service,1,0,0
direct_rca,qwen3.6-27b,F,aegislab,ts-preserve-other-service,1,0,0.33333333
direct_rca,qwen3.6-27b,F,aegislab,ts-price-service,1,1,1
visual_counterfactual_rca,qwen3.6-27b,H_placebo,re2_ob,cartservice,1,0,0
direct_rca,gemma-4-26b-a4b,V,re2_tt,ts-travel2-service,1,0,0
direct_rca,qwen3.6-27b,F,aegislab,loadgenerator,1,0,0.2
direct_rca,qwen3.6-27b,F,aegislab,rabbitmq,1,0,0.5
direct_rca,qwen3.6-27b,F,aegislab,ts-admin-order-service,1,0,0.5
direct_rca,qwen3.6-27b,F,aegislab,ts-admin-user-service,1,0,0
direct_rca,qwen3.6-27b,F,aegislab,ts-auth-service-6477f4967c-l9mwz,1,1,1
direct_rca,qwen3.6-27b,F,aegislab,ts-config-service,1,1,1
direct_rca,qwen3.6-27b,F,aegislab,ts-config-service-7b97b98795-tpnjs,1,1,1
visual_counterfactual_rca,qwen3.6-27b,H_targeted,aegislab,ts-rebook-service,1,0,0.25
visual_counterfactual_rca,qwen3.6-27b,H_targeted,aegislab,ts-route-service,1,1,1
visual_counterfactual_rca,qwen3.6-27b,H_targeted,aegislab,ts-security-service,1,0,0.5
visual_counterfactual_rca,qwen3.6-27b,H_targeted,aegislab,ts-station-food-service,1,0,0
direct_rca,gemma-4-26b-a4b,V,aiops2025,adservice-2,1,0,0
direct_rca,gemma-4-26b-a4b,V,aiops2025,checkoutservice,1,1,1
direct_rca,gemma-4-26b-a4b,V,aiops2025,emailservice,1,0,0
direct_rca,gemma-4-26b-a4b,V,aiops2025,example-ant-29158080-drlxt,1,0,0
visual_counterfactual_rca,qwen3.6-27b,H_targeted,aegislab,ts-admin-order-service,1,0,0.5
visual_counterfactual_rca,qwen3.6-27b,H_targeted,aegislab,ts-admin-user-service,1,0,0
visual_counterfactual_rca,qwen3.6-27b,H_targeted,aegislab,ts-auth-service,1,1,1
visual_counterfactual_rca,qwen3.6-27b,H_targeted,aegislab,ts-config-service,1,0,0
visual_counterfactual_rca,qwen3.6-27b,H_targeted,aegislab,ts-config-service-55cffbf48b-dx8rc,1,1,1
visual_counterfactual_rca,qwen3.6-27b,H_targeted,aegislab,ts-delivery-service,1,0,0
visual_counterfactual_rca,qwen3.6-27b,H_targeted,aegislab,ts-order-service,1,1,1
visual_counterfactual_rca,qwen3.6-27b,H_targeted,aegislab,ts-preserve-other-service,1,0,0.33333333
direct_rca,gemma-4-26b-a4b,V,re2_tt,ts-payment-service,1,0,0
direct_rca,gemma-4-26b-a4b,V,re2_tt,ts-preserve-other-service,1,0,0
direct_rca,gemma-4-26b-a4b,V,re2_tt,ts-preserve-service,1,0,0
direct_rca,gemma-4-26b-a4b,V,re2_tt,ts-price-mongo,1,0,0
direct_rca,gemma-4-26b-a4b,V,re2_tt,ts-price-service,1,0,0
direct_rca,gemma-4-26b-a4b,V,re2_tt,ts-rebook-service,1,0,0.2
direct_rca,gemma-4-26b-a4b,V,re2_tt,ts-train-mongo,1,0,0
visual_counterfactual_rca,qwen3.6-27b,H_placebo,re2_tt,ts-ticketinfo-service,1,0,0.25
direct_rca,gemma-4-26b-a4b,V,re2_tt,gke-gke-cluster-tt-default-pool-ca598206-81xz,1,0,0
direct_rca,gemma-4-26b-a4b,V,re2_tt,gke-gke-cluster-tt-default-pool-ca598206-fipm,1,0,0
direct_rca,gemma-4-26b-a4b,V,re2_tt,gke-gke-cluster-tt-default-pool-ca598206-g9jt,1,0,0.5
direct_rca,gemma-4-26b-a4b,V,re2_tt,gke-gke-cluster-tt-default-pool-ca598206-xvr3,1,0,0.5
direct_rca,gemma-4-26b-a4b,V,re2_tt,ts,1,0,0
direct_rca,gemma-4-26b-a4b,V,re2_tt,ts-admin-user-service,1,0,0
direct_rca,gemma-4-26b-a4b,V,re2_tt,ts-config-service,1,0,0
direct_rca,gemma-4-26b-a4b,V,re2_tt,ts-notification-mongo,1,0,0
direct_rca,gemma-4-26b-a4b,V,aiops2022,checkoutservice-1,1,1,1
direct_rca,gemma-4-26b-a4b,V,aiops2022,currencyservice-0,1,0,0
direct_rca,gemma-4-26b-a4b,V,aiops2022,currencyservice-1,1,1,1
direct_rca,gemma-4-26b-a4b,V,aiops2022,currencyservice-2,1,1,1
direct_rca,gemma-4-26b-a4b,V,aiops2022,emailservice-0,1,0,0
direct_rca,gemma-4-26b-a4b,V,aiops2022,frontend-1,1,1,1
direct_rca,gemma-4-26b-a4b,V,aiops2022,frontend-2,1,0,0
direct_rca,gemma-4-26b-a4b,V,aiops2022,istio-ingressgateway-565bffd4d-4nr6v,1,0,0
visual_counterfactual_rca,qwen3.6-27b,H_targeted,aiops2022,checkoutservice-2,1,1,1
visual_counterfactual_rca,qwen3.6-27b,H_targeted,aiops2022,checkoutservice2-0,1,0,0
visual_counterfactual_rca,qwen3.6-27b,H_targeted,aiops2022,currencyservice-2,1,1,1
visual_counterfactual_rca,qwen3.6-27b,H_targeted,aiops2022,currencyservice2,1,0,0
visual_counterfactual_rca,qwen3.6-27b,H_targeted,aiops2022,emailservice-0,1,0,0
visual_counterfactual_rca,qwen3.6-27b,H_targeted,aiops2022,frontend-2,1,0,0.5
direct_rca,gemma-4-26b-a4b,V,aiops2022,cartservice-1,1,0,0
direct_rca,gemma-4-26b-a4b,V,aiops2022,cartservice2-0,1,0,0
visual_counterfactual_rca,qwen3.6-27b,H_targeted,aegislab,ts-ui-dashboard-64f6f55bb5-nccps,1,0,0.33333333
visual_counterfactual_rca,qwen3.6-27b,H_targeted,aegislab,ts-ui-dashboard-78c8f55d5d-lh7br,1,0,0
visual_counterfactual_rca,qwen3.6-27b,H_targeted,aegislab,,1,0,0
visual_counterfactual_rca,qwen3.6-27b,H_targeted,aiops2022,adservice-0,1,0,0
visual_counterfactual_rca,qwen3.6-27b,H_targeted,aiops2022,adservice-1,1,1,1
visual_counterfactual_rca,qwen3.6-27b,H_targeted,aiops2022,adservice-2,1,0,0
visual_counterfactual_rca,qwen3.6-27b,H_targeted,aiops2022,cartservice-1,1,0,0.5
visual_counterfactual_rca,qwen3.6-27b,H_targeted,aiops2022,checkoutservice-1,1,1,1
direct_rca,gemma-4-26b-a4b,V,aiops2025,frontend,1,0,0
direct_rca,gemma-4-26b-a4b,V,aiops2025,node-1,1,0,0
direct_rca,gemma-4-26b-a4b,V,aiops2025,paymentservice-0,1,0,0
direct_rca,gemma-4-26b-a4b,V,aiops2025,paymentservice-1,1,0,0
direct_rca,gemma-4-26b-a4b,V,re2_ob,cartservice,1,0,0
visual_counterfactual_rca,qwen3.6-27b,H_targeted,aegislab,ts-train-food-service,1,0,0.25
visual_counterfactual_rca,qwen3.6-27b,H_targeted,aegislab,ts-travel2-service-6659b8fd5f-g4cbf,1,1,1
visual_counterfactual_rca,qwen3.6-27b,H_targeted,aegislab,ts-ui-dashboard-5b4ff6488d-2bcbg,1,0,0
direct_rca,gemma-4-26b-a4b,V,aegislab,ts-station-food-service,1,0,0
direct_rca,gemma-4-26b-a4b,V,aegislab,ts-station-food-service-cb9656f7b-nl4cb,1,1,1
direct_rca,gemma-4-26b-a4b,V,aegislab,ts-station-service,1,1,1
direct_rca,gemma-4-26b-a4b,V,aegislab,ts-travel-service,1,1,1
direct_rca,gemma-4-26b-a4b,V,aegislab,ts-travel-service-fbbd88b6b-h64vn,1,1,1
direct_rca,gemma-4-26b-a4b,V,aegislab,ts-travel2-service,1,1,1
direct_rca,gemma-4-26b-a4b,T,re2_tt,gke-gke-cluster-tt-default-pool-ca598206-g9jt,1,0,0.5
direct_rca,gemma-4-26b-a4b,T,re2_tt,ts-admin-route-service,1,0,0
visual_counterfactual_rca,qwen3.6-27b,H_targeted,aiops2025,hget,1,0,0
visual_counterfactual_rca,qwen3.6-27b,H_targeted,aiops2025,k8s-master2,1,0,0
visual_counterfactual_rca,qwen3.6-27b,H_targeted,aiops2025,node-4,1,0,0
visual_counterfactual_rca,qwen3.6-27b,H_targeted,aiops2025,productcatalogservice-0,1,0,0
visual_counterfactual_rca,qwen3.6-27b,H_targeted,aiops2025,redis-cart-0,1,0,0
direct_rca,gemma-4-26b-a4b,V,aegislab,ts-notification-service,1,0,0
direct_rca,gemma-4-26b-a4b,V,aegislab,ts-price-service,1,1,1
direct_rca,gemma-4-26b-a4b,V,aegislab,ts-price-service-7494fb49fc-dpjs9,1,1,1
visual_counterfactual_rca,qwen3.6-27b,H_targeted,aiops2022,paymentservice,1,0,0
visual_counterfactual_rca,qwen3.6-27b,H_targeted,aiops2022,productcatalogservice,1,0,0.33333333
visual_counterfactual_rca,qwen3.6-27b,H_targeted,aiops2022,shippingservice-0,1,1,1
visual_counterfactual_rca,qwen3.6-27b,H_targeted,aiops2022,shippingservice2-0,1,0,0
visual_counterfactual_rca,qwen3.6-27b,H_targeted,aiops2025,adservice-0,1,1,1
visual_counterfactual_rca,qwen3.6-27b,H_targeted,aiops2025,adservice-1,1,0,0.5
visual_counterfactual_rca,qwen3.6-27b,H_targeted,aiops2025,frontend-0,1,0,0
visual_counterfactual_rca,qwen3.6-27b,H_targeted,aiops2025,frontend-1,1,0,0.5
direct_rca,gemma-4-26b-a4b,V,aiops2022,node-3,1,0,0
direct_rca,gemma-4-26b-a4b,V,aiops2022,node-4,1,0,0
direct_rca,gemma-4-26b-a4b,V,aiops2022,productcatalogservice-0,1,1,1
direct_rca,gemma-4-26b-a4b,V,aiops2022,productcatalogservice-2,1,1,1
direct_rca,gemma-4-26b-a4b,V,aiops2022,recommendationservice-0,1,0,0
direct_rca,gemma-4-26b-a4b,V,aiops2022,recommendationservice-2,1,1,1
direct_rca,gemma-4-26b-a4b,V,aiops2022,shippingservice-0,1,1,1
direct_rca,gemma-4-26b-a4b,V,aiops2025,adservice-1,1,0,0
visual_counterfactual_rca,qwen3.6-27b,H_targeted,re2_tt,ts-station-mongo,1,0,0
direct_rca,gemma-4-26b-a4b,T,aiops2025,k8s-master2,1,0,0
direct_rca,gemma-4-26b-a4b,T,aiops2025,node-6,1,1,1
direct_rca,gemma-4-26b-a4b,T,aiops2025,paymentservice-0,1,0,0
direct_rca,gemma-4-26b-a4b,T,aiops2025,productcatalogservice,1,1,1
direct_rca,gemma-4-26b-a4b,T,aiops2025,productcatalogservice-0,1,0,0
direct_rca,gemma-4-26b-a4b,T,re2_ob,gke-gke-cluster-default-pool-c49c2b06-vlhn,1,0,0.33333333
direct_rca,gemma-4-26b-a4b,T,re2_tt,gke-gke-cluster-tt-default-pool-448caaac-g8ts,1,0,0.25
visual_counterfactual_rca,qwen3.6-27b,H_targeted,re2_tt,ts-contacts-mongo,1,0,0
visual_counterfactual_rca,qwen3.6-27b,H_targeted,re2_tt,ts-food-map-mongo,1,0,0
visual_counterfactual_rca,qwen3.6-27b,H_targeted,re2_tt,ts-food-service,1,0,0.33333333
visual_counterfactual_rca,qwen3.6-27b,H_targeted,re2_tt,ts-inside-payment-mongo,1,0,0
visual_counterfactual_rca,qwen3.6-27b,H_targeted,re2_tt,ts-payment-mongo,1,0,0
visual_counterfactual_rca,qwen3.6-27b,H_targeted,re2_tt,ts-preserve-other-service,1,0,0
visual_counterfactual_rca,qwen3.6-27b,H_targeted,re2_tt,ts-preserve-service,1,0,0
visual_counterfactual_rca,qwen3.6-27b,H_targeted,re2_tt,ts-route-plan-service,1,0,0.25
direct_rca,gemma-4-26b-a4b,V,aegislab,ts-assurance-service,1,1,1
direct_rca,gemma-4-26b-a4b,V,aegislab,ts-assurance-service-5775844f55-jbm9r,1,1,1
direct_rca,gemma-4-26b-a4b,V,aegislab,ts-avatar-service,1,0,0
visual_counterfactual_rca,qwen3.6-27b,H_targeted,re2_ob,shippingservice,1,0,0
visual_counterfactual_rca,qwen3.6-27b,H_targeted,re2_ob,,1,0,0
visual_counterfactual_rca,qwen3.6-27b,H_targeted,re2_tt,ts-admin-user-service,1,0,0
visual_counterfactual_rca,qwen3.6-27b,H_targeted,re2_tt,ts-auth-mongo,1,0,0
visual_counterfactual_rca,qwen3.6-27b,H_targeted,re2_tt,ts-basic-service,1,0,0.33333333
direct_rca,gemma-4-26b-a4b,T,re2_tt,ts-admin-user-service,1,0,0
direct_rca,gemma-4-26b-a4b,T,re2_tt,ts-assurance-mongo,1,0,0.5
direct_rca,gemma-4-26b-a4b,T,re2_tt,ts-payment-mongo,1,0,0.33333333
direct_rca,gemma-4-26b-a4b,T,re2_tt,ts-train-mongo,1,0,0.33333333
direct_rca,gemma-4-26b-a4b,T,re2_tt,ts-travel2-service,1,0,0
direct_rca,gemma-4-26b-a4b,T,re2_tt,ts-user-mongo,1,0,0
direct_rca,gemma-4-26b-a4b,V,aegislab,loadgenerator,1,0,0
direct_rca,gemma-4-26b-a4b,V,aegislab,ts-admin-user-service,1,0,0
direct_rca,gemma-4-26b-a4b,T,aiops2022,recommendationservice-2,1,1,1
direct_rca,gemma-4-26b-a4b,T,aiops2022,shippingservice,1,0,0.33333333
direct_rca,gemma-4-26b-a4b,T,aiops2025,cartservice,1,1,1
direct_rca,gemma-4-26b-a4b,T,aiops2025,currencyservice-0,1,0,0.33333333
direct_rca,gemma-4-26b-a4b,T,aiops2025,emailservice,1,0,0
direct_rca,gemma-4-26b-a4b,T,aiops2025,emailservice-0,1,0,0.33333333
direct_rca,gemma-4-26b-a4b,T,aiops2025,hipstershop,1,0,0
visual_counterfactual_rca,qwen3.8-27b,H_factual,aegislab,ts-station-food-service-cb9656f7b-nl4cb,1,1,1
direct_rca,gemma-4-26b-a4b,T,aiops2022,node-3,1,1,1
direct_rca,gemma-4-26b-a4b,T,aiops2022,node-4,1,1,1
direct_rca,gemma-4-26b-a4b,T,aiops2022,paymentservice,1,0,0.33333333
direct_rca,gemma-4-26b-a4b,T,aiops2022,paymentservice-0,1,0,0
direct_rca,gemma-4-26b-a4b,T,aiops2022,productcatalogservice-0,1,1,1
direct_rca,gemma-4-26b-a4b,T,aiops2022,productcatalogservice2,1,0,0.5
direct_rca,gemma-4-26b-a4b,T,aiops2022,productcatalogservice2-0,1,1,1
direct_rca,gemma-4-26b-a4b,T,aiops2022,recommendationservice-0,1,0,0.5
visual_counterfactual_rca,qwen3.8-27b,H_factual,aegislab,ts-food-delivery-service,1,0,0
visual_counterfactual_rca,qwen3.8-27b,H_factual,aegislab,ts-food-service,1,0,0.33333333
visual_counterfactual_rca,qwen3.8-27b,H_factual,aegislab,ts-payment-service,1,0,0
visual_counterfactual_rca,qwen3.8-27b,H_factual,aegislab,ts-preserve-other-service,1,0,0.5
visual_counterfactual_rca,qwen3.8-27b,H_factual,aegislab,ts-price-service,1,1,1
visual_counterfactual_rca,qwen3.8-27b,H_factual,aegislab,ts-station-food-service,1,0,0
direct_rca,gemma-4-26b-a4b,T,aiops2022,istio-egressgateway-7bfdcc9d86-22q7z,1,0,0
direct_rca,gemma-4-26b-a4b,T,aiops2022,istio-ingressgateway-565bffd4d-rn678,1,0,0
direct_rca,gemma-4-26b-a4b,T,re2_tt,gke-gke-cluster-tt-default-pool-448caaac-rjxh,1,0,0.2
visual_counterfactual_rca,qwen3.6-27b,H_targeted,re2_tt,ts-travel2-service,1,0,0.33333333
visual_counterfactual_rca,qwen3.6-27b,H_targeted,re2_tt,,1,0,0
visual_counterfactual_rca,qwen3.8-27b,H_factual,aegislab,rabbitmq,1,0,0.33333333
visual_counterfactual_rca,qwen3.8-27b,H_factual,aegislab,ts-admin-travel-service,1,0,0.5
visual_counterfactual_rca,qwen3.8-27b,H_factual,aegislab,ts-assurance-service,1,1,1
visual_counterfactual_rca,qwen3.8-27b,H_factual,aegislab,ts-consign-service,1,0,0
visual_counterfactual_rca,qwen3.8-27b,H_factual,aegislab,ts-delivery-service,1,0,0
direct_rca,gemma-4-26b-a4b,T,aiops2022,currencyservice-1,1,1,1
direct_rca,gemma-4-26b-a4b,T,aiops2022,currencyservice2-0,1,0,0.5
direct_rca,gemma-4-26b-a4b,T,aiops2022,emailservice-1,1,1,1
direct_rca,gemma-4-26b-a4b,T,aiops2022,emailservice2-0,1,0,0.33333333
direct_rca,gemma-4-26b-a4b,T,aiops2022,frontend-2,1,0,0.5
direct_rca,gemma-4-26b-a4b,T,aiops2022,frontend2,1,0,0
direct_rca,gemma-4-26b-a4b,T,aiops2022,frontend2-0,1,1,1
direct_rca,gemma-4-26b-a4b,T,aegislab,ts-admin-route-service,1,0,0
direct_rca,gemma-4-26b-a4b,T,aegislab,ts-travel2-service-6659b8fd5f-g4cbf,1,1,1
direct_rca,gemma-4-26b-a4b,T,aiops2022,adservice-0,1,1,1
direct_rca,gemma-4-26b-a4b,T,aiops2022,adservice-1,1,1,1
direct_rca,gemma-4-26b-a4b,T,aiops2022,cartservice,1,0,0
direct_rca,gemma-4-26b-a4b,T,aiops2022,cartservice2,1,0,0.33333333
direct_rca,gemma-4-26b-a4b,T,aiops2022,checkoutservice-1,1,1,1
direct_rca,gemma-4-26b-a4b,T,aiops2022,checkoutservice-2,1,0,0
direct_rca,gemma-4-26b-a4b,T,aiops2022,checkoutservice2,1,0,0
visual_counterfactual_rca,qwen3.8-27b,H_factual,aiops2022,checkoutservice-2,1,0,0
visual_counterfactual_rca,qwen3.8-27b,H_factual,aiops2022,checkoutservice2,1,0,0.5
visual_counterfactual_rca,qwen3.8-27b,H_factual,aiops2022,frontend-1,1,0,0.33333333
visual_counterfactual_rca,qwen3.8-27b,H_factual,aiops2022,frontend2,1,0,0.5
visual_counterfactual_rca,qwen3.8-27b,H_factual,aiops2022,istio-ingressgateway,1,0,0
visual_counterfactual_rca,qwen3.8-27b,H_factual,aiops2022,node-4,1,0,0
direct_rca,gemma-4-26b-a4b,T,aegislab,ts-travel-service-cbf9bf77c-knq2c,1,1,1
direct_rca,gemma-4-26b-a4b,T,aegislab,ts-travel2-service,1,0,0
visual_counterfactual_rca,qwen3.8-27b,H_factual,aegislab,ts-station-service,1,0,0
visual_counterfactual_rca,qwen3.8-27b,H_factual,aegislab,ts-travel2-service,1,0,0
visual_counterfactual_rca,qwen3.8-27b,H_factual,aiops2022,adservice-0,1,0,0.5
visual_counterfactual_rca,qwen3.8-27b,H_factual,aiops2022,adservice-1,1,1,1
visual_counterfactual_rca,qwen3.8-27b,H_factual,aiops2022,cartservice-0,1,1,1
visual_counterfactual_rca,qwen3.8-27b,H_factual,aiops2022,cartservice-1,1,0,0
visual_counterfactual_rca,qwen3.8-27b,H_factual,aiops2022,cartservice2,1,0,0
visual_counterfactual_rca,qwen3.8-27b,H_factual,aiops2022,checkoutservice-1,1,1,1
direct_rca,gemma-4-26b-a4b,R,re2_tt,gke-gke-cluster-tt-default-pool-448caaac-g8ts,1,0,0.25
direct_rca,gemma-4-26b-a4b,R,re2_tt,gke-gke-cluster-tt-default-pool-ca598206-fipm,1,0,0
direct_rca,gemma-4-26b-a4b,R,re2_tt,gke-gke-cluster-tt-default-pool-ca598206-g9jt,1,0,0.5
direct_rca,gemma-4-26b-a4b,R,re2_tt,gke-gke-cluster-tt-default-pool-ca598206-xvr3,1,0,0.5
direct_rca,gemma-4-26b-a4b,R,re2_tt,ts,1,0,0
direct_rca,gemma-4-26b-a4b,R,re2_tt,ts-admin-user-service,1,0,0
direct_rca,gemma-4-26b-a4b,R,re2_tt,ts-payment-service,1,0,0
direct_rca,gemma-4-26b-a4b,R,re2_tt,ts-preserve-service,1,0,0
visual_counterfactual_rca,qwen3.8-27b,H_factual,aiops2022,,1,0,0
visual_counterfactual_rca,qwen3.8-27b,H_factual,aiops2025,adservice-1,1,0,0
visual_counterfactual_rca,qwen3.8-27b,H_factual,aiops2025,emailservice,1,0,0
visual_counterfactual_rca,qwen3.8-27b,H_factual,aiops2025,node-2,1,0,0
direct_rca,gemma-4-26b-a4b,R,re2_ob,gke-gke-cluster-default-pool-2e1807ce-w819,1,0,0.33333333
direct_rca,gemma-4-26b-a4b,R,re2_ob,gke-gke-cluster-default-pool-2e1807ce-xte3,1,0,0.33333333
direct_rca,gemma-4-26b-a4b,R,re2_ob,gke-gke-cluster-default-pool-9da84637-r1mb,1,0,0.5
direct_rca,gemma-4-26b-a4b,R,re2_ob,gke-gke-cluster-default-pool-c49c2b06-vlhn,1,0,0.5
direct_rca,gemma-4-26b-a4b,T,aegislab,ts-route-service,1,1,1
direct_rca,gemma-4-26b-a4b,T,aegislab,ts-station-service-685fd4985f-lxljn,1,1,1
visual_counterfactual_rca,qwen3.8-27b,H_factual,aiops2022,paymentservice2,1,0,0.33333333
visual_counterfactual_rca,qwen3.8-27b,H_factual,aiops2022,productcatalogservice,1,0,0
visual_counterfactual_rca,qwen3.8-27b,H_factual,aiops2022,productcatalogservice-2,1,0,0
visual_counterfactual_rca,qwen3.8-27b,H_factual,aiops2022,redis-cart,1,0,0
visual_counterfactual_rca,qwen3.8-27b,H_factual,aiops2022,shippingservice,1,0,0
visual_counterfactual_rca,qwen3.8-27b,H_factual,aiops2022,shippingservice2-0,1,0,0.5
direct_rca,gemma-4-26b-a4b,T,aegislab,ts-auth-service-54bd57586c-kk7wq,1,1,1
direct_rca,gemma-4-26b-a4b,T,aegislab,ts-auth-service-6477f4967c-l9mwz,1,1,1
direct_rca,gemma-4-26b-a4b,T,aegislab,ts-contacts-service,1,0,0.5
direct_rca,gemma-4-26b-a4b,T,aegislab,ts-news-service,1,0,0
direct_rca,gemma-4-26b-a4b,T,aegislab,ts-notification-service,1,0,0
direct_rca,gemma-4-26b-a4b,T,aegislab,ts-order-other-service,1,1,1
direct_rca,gemma-4-26b-a4b,T,aegislab,ts-order-service-85b9979d59-x2sdc,1,1,1
direct_rca,gemma-4-26b-a4b,T,aegislab,ts-payment-service,1,0,0
direct_rca,gemma-4-26b-a4b,R,aiops2025,productcatalogservice,1,0,0
direct_rca,gemma-4-26b-a4b,R,aiops2025,productcatalogservice-0,1,0,0
direct_rca,gemma-4-26b-a4b,R,aiops2025,productcatalogservice-1,1,1,1
direct_rca,gemma-4-26b-a4b,R,aiops2025,redis-cart-0,1,0,0.2
direct_rca,gemma-4-26b-a4b,R,aiops2025,shippingservice-0,1,1,1
direct_rca,gemma-4-26b-a4b,R,re2_ob,cartservice,1,0,0
visual_counterfactual_rca,qwen3.8-27b,H_factual,re2_tt,ts-price-mongo,1,0,0
visual_counterfactual_rca,qwen3.8-27b,H_factual,re2_tt,ts-station-service,1,0,0.33333333
visual_counterfactual_rca,qwen3.8-27b,H_factual,re2_tt,ts-order-mongo,1,0,0.5
visual_counterfactual_rca,qwen3.8-27b,H_factual,re2_tt,ts-order-other-mongo,1,0,0.5
visual_counterfactual_rca,qwen3.8-27b,H_factual,re2_tt,ts-preserve-service,1,0,0.33333333
direct_rca,gemma-4-26b-a4b,R,aiops2025,emailservice,1,0,0
direct_rca,gemma-4-26b-a4b,R,aiops2025,example-ant-29158080-drlxt,1,0,0
direct_rca,gemma-4-26b-a4b,R,aiops2025,example-ant-29159520-w5hmd,1,0,0
direct_rca,gemma-4-26b-a4b,R,aiops2025,node-4,1,0,0
direct_rca,gemma-4-26b-a4b,R,aiops2025,paymentservice-1,1,0,0
visual_counterfactual_rca,qwen3.8-27b,H_factual,re2_tt,gke-gke-cluster-tt-default-pool-ca598206-g9jt,1,0,0.5
visual_counterfactual_rca,qwen3.8-27b,H_factual,re2_tt,gke-gke-cluster-tt-default-pool-ca598206-p3ch,1,0,0.5
visual_counterfactual_rca,qwen3.8-27b,H_factual,re2_tt,gke-gke-cluster-tt-default-pool-ca598206-tj63,1,0,0.5
visual_counterfactual_rca,qwen3.8-27b,H_factual,re2_tt,gke-gke-cluster-tt-default-pool-ca598206-xvr3,1,0,0.33333333
visual_counterfactual_rca,qwen3.8-27b,H_factual,re2_tt,ts-assurance-service,1,0,0
visual_counterfactual_rca,qwen3.8-27b,H_factual,re2_tt,ts-auth-mongo,1,0,0
visual_counterfactual_rca,qwen3.8-27b,H_factual,re2_tt,ts-basic-service,1,0,0.5
visual_counterfactual_rca,qwen3.8-27b,H_factual,re2_tt,ts-food-service,1,0,0
direct_rca,gemma-4-26b-a4b,R,re2_tt,ts-price-mongo,1,0,0
direct_rca,gemma-4-26b-a4b,R,re2_tt,ts-price-service,1,0,0
direct_rca,gemma-4-26b-a4b,T,aegislab,mysql,1,0,0
visual_counterfactual_rca,qwen3.8-27b,H_factual,re2_ob,gke-gke-cluster-default-pool-2e1807ce-s8hw,1,0,0.33333333
visual_counterfactual_rca,qwen3.8-27b,H_factual,re2_ob,gke-gke-cluster-default-pool-2e1807ce-xte3,1,0,0.5
visual_counterfactual_rca,qwen3.8-27b,H_factual,re2_ob,redis,1,0,0.33333333
visual_counterfactual_rca,qwen3.8-27b,H_factual,re2_ob,shippingservice,1,0,0.5
visual_counterfactual_rca,qwen3.8-27b,H_factual,re2_tt,gke-gke-cluster-tt-default-pool-448caaac-g8ts,1,0,0
direct_rca,gemma-4-26b-a4b,R,aiops2022,productcatalogservice-2,1,1,1
direct_rca,gemma-4-26b-a4b,R,aiops2022,recommendationservice-0,1,0,0
direct_rca,gemma-4-26b-a4b,R,aiops2022,shippingservice-0,1,1,1
direct_rca,gemma-4-26b-a4b,R,aiops2025,adservice-0,1,0,0
direct_rca,gemma-4-26b-a4b,R,aiops2025,adservice-1,1,0,0
direct_rca,gemma-4-26b-a4b,R,aiops2025,cartservice,1,0,0.25
direct_rca,gemma-4-26b-a4b,R,aiops2025,cartservice-2,1,1,1
direct_rca,gemma-4-26b-a4b,R,aiops2025,currencyservice,1,0,0
direct_rca,gemma-4-26b-a4b,R,aiops2022,istio-egressgateway-7bfdcc9d86-g2d4q,1,0,0
direct_rca,gemma-4-26b-a4b,R,aiops2022,istio-ingressgateway-565bffd4d-4nr6v,1,0,0
direct_rca,gemma-4-26b-a4b,R,aiops2022,node-2,1,0,0
direct_rca,gemma-4-26b-a4b,R,aiops2022,node-3,1,1,1
direct_rca,gemma-4-26b-a4b,R,aiops2022,node-4,1,0,0
direct_rca,gemma-4-26b-a4b,R,aiops2022,paymentservice-0,1,0,0.25
direct_rca,gemma-4-26b-a4b,R,aiops2022,paymentservice2,1,0,0
direct_rca,gemma-4-26b-a4b,R,aiops2022,productcatalogservice-0,1,1,1
visual_counterfactual_rca,qwen3.8-27b,H_neutral,aegislab,ts-order-service,1,0,0.5
visual_counterfactual_rca,qwen3.8-27b,H_neutral,aegislab,ts-price-service,1,1,1
direct_rca,gemma-4-26b-a4b,R,aiops2022,checkoutservice2-0,1,0,0.33333333
direct_rca,gemma-4-26b-a4b,R,aiops2022,currencyservice-1,1,1,1
direct_rca,gemma-4-26b-a4b,R,aiops2022,currencyservice-2,1,1,1
direct_rca,gemma-4-26b-a4b,R,aiops2022,currencyservice2-0,1,0,0.25
direct_rca,gemma-4-26b-a4b,R,aiops2022,emailservice-0,1,0,0
direct_rca,gemma-4-26b-a4b,R,aiops2022,emailservice2-0,1,0,0
visual_counterfactual_rca,qwen3.8-27b,H_factual,re2_tt,ts-ticketinfo-service,1,0,0
visual_counterfactual_rca,qwen3.8-27b,H_factual,re2_tt,ts-train-mongo,1,0,0
visual_counterfactual_rca,qwen3.8-27b,H_factual,re2_tt,ts-travel-mongo,1,0,0.5
visual_counterfactual_rca,qwen3.8-27b,H_factual,re2_tt,ts-travel2-service,1,0,0.5
visual_counterfactual_rca,qwen3.8-27b,H_neutral,aegislab,ts-admin-order-service,1,0,0.5
visual_counterfactual_rca,qwen3.8-27b,H_neutral,aegislab,ts-admin-travel-service,1,0,0
visual_counterfactual_rca,qwen3.8-27b,H_neutral,aegislab,ts-consign-service,1,0,0
visual_counterfactual_rca,qwen3.8-27b,H_neutral,aegislab,ts-contacts-service,1,0,0.5
visual_counterfactual_rca,qwen3.8-27b,H_neutral,aiops2022,emailservice2-0,1,0,0.5
visual_counterfactual_rca,qwen3.8-27b,H_neutral,aiops2022,frontend-1,1,0,0
visual_counterfactual_rca,qwen3.8-27b,H_neutral,aiops2022,frontend2,1,0,0
visual_counterfactual_rca,qwen3.8-27b,H_neutral,aiops2022,istio-egressgateway,1,0,0
visual_counterfactual_rca,qwen3.8-27b,H_neutral,aiops2022,istio-ingressgateway,1,0,0.5
direct_rca,gemma-4-26b-a4b,P,re2_tt,ts-order-other-mongo,1,0,0
direct_rca,gemma-4-26b-a4b,P,re2_tt,ts-order-other-service,1,0,0
direct_rca,gemma-4-26b-a4b,P,re2_tt,ts-payment-mongo,1,0,0
visual_counterfactual_rca,qwen3.8-27b,H_neutral,aiops2022,adservice-0,1,0,0.5
visual_counterfactual_rca,qwen3.8-27b,H_neutral,aiops2022,cartservice-0,1,0,0.5
visual_counterfactual_rca,qwen3.8-27b,H_neutral,aiops2022,cartservice2,1,0,0.5
visual_counterfactual_rca,qwen3.8-27b,H_neutral,aiops2022,checkoutservice-0,1,1,1
visual_counterfactual_rca,qwen3.8-27b,H_neutral,aiops2022,checkoutservice2,1,0,0.5
visual_counterfactual_rca,qwen3.8-27b,H_neutral,aiops2022,currencyservice,1,0,0.33333333
visual_counterfactual_rca,qwen3.8-27b,H_neutral,aiops2022,emailservice,1,0,0.5
visual_counterfactual_rca,qwen3.8-27b,H_neutral,aiops2022,emailservice2,1,0,0
direct_rca,gemma-4-26b-a4b,R,aegislab,ts-station-food-service-cb9656f7b-nl4cb,1,1,1
direct_rca,gemma-4-26b-a4b,R,aegislab,ts-travel-service,1,1,1
direct_rca,gemma-4-26b-a4b,R,aegislab,ts-travel2-service-6659b8fd5f-g4cbf,1,1,1
direct_rca,gemma-4-26b-a4b,R,aegislab,ts-user-service,1,1,1
direct_rca,gemma-4-26b-a4b,R,aiops2022,cartservice-1,1,0,0
direct_rca,gemma-4-26b-a4b,R,aiops2022,cartservice-2,1,0,0.33333333
visual_counterfactual_rca,qwen3.8-27b,H_neutral,aegislab,ts-seat-service-6c78b7d797-vrjmh,1,1,1
visual_counterfactual_rca,qwen3.8-27b,H_neutral,aegislab,ts-travel2-service,1,0,0.25
direct_rca,gemma-4-26b-a4b,R,aiops2025,currencyservice-2,1,0,0
direct_rca,gemma-4-26b-a4b,R,aegislab,ts-news-service,1,0,0
direct_rca,gemma-4-26b-a4b,R,aegislab,ts-notification-service,1,0,0
direct_rca,gemma-4-26b-a4b,R,aegislab,ts-order-other-service,1,1,1
direct_rca,gemma-4-26b-a4b,R,aegislab,ts-payment-service,1,0,0
direct_rca,gemma-4-26b-a4b,R,aegislab,ts-price-service,1,1,1
direct_rca,gemma-4-26b-a4b,R,aegislab,ts-price-service-7494fb49fc-dpjs9,1,1,1
direct_rca,gemma-4-26b-a4b,R,aegislab,ts-station-food-service,1,0,0
direct_rca,gemma-4-26b-a4b,P,aiops2025,paymentservice,1,0,0
direct_rca,gemma-4-26b-a4b,P,aiops2025,paymentservice-2,1,0,0
direct_rca,gemma-4-26b-a4b,P,aiops2025,recommendationservice-2,1,0,0
direct_rca,gemma-4-26b-a4b,P,aiops2025,redis,1,0,0
direct_rca,gemma-4-26b-a4b,P,aiops2025,redis-cart-0,1,0,0
direct_rca,gemma-4-26b-a4b,P,aiops2025,tidb-pd,1,0,0
direct_rca,gemma-4-26b-a4b,P,re2_ob,gke-gke-cluster-default-pool-2e1807ce-0e4z,1,0,0.33333333
direct_rca,gemma-4-26b-a4b,P,re2_ob,gke-gke-cluster-default-pool-2e1807ce-w819,1,0,0
visual_counterfactual_rca,qwen3.8-27b,H_neutral,aiops2022,node-3,1,0,0.5
visual_counterfactual_rca,qwen3.8-27b,H_neutral,aiops2022,paymentservice-1,1,0,0
visual_counterfactual_rca,qwen3.8-27b,H_neutral,aiops2022,productcatalogservice-2,1,0,0
visual_counterfactual_rca,qwen3.8-27b,H_neutral,aiops2022,redis-cart-0,1,0,0
visual_counterfactual_rca,qwen3.8-27b,H_neutral,aiops2022,shippingservice2,1,0,0.33333333
visual_counterfactual_rca,qwen3.8-27b,H_neutral,aiops2025,emailservice,1,0,0
visual_counterfactual_rca,qwen3.8-27b,H_neutral,aiops2025,node-2,1,0,0
visual_counterfactual_rca,qwen3.8-27b,H_neutral,aiops2025,productcatalogservice-2,1,0,0
direct_rca,gemma-4-26b-a4b,R,aegislab,ts-admin-order-service,1,0,0
direct_rca,gemma-4-26b-a4b,R,aegislab,ts-admin-travel-service,1,0,0
direct_rca,gemma-4-26b-a4b,R,aegislab,ts-avatar-service,1,0,0
direct_rca,gemma-4-26b-a4b,R,aegislab,ts-config-service,1,1,1
direct_rca,gemma-4-26b-a4b,R,aegislab,ts-consign-price-service,1,0,0
direct_rca,gemma-4-26b-a4b,R,aegislab,ts-food-delivery-service,1,0,0.33333333
visual_counterfactual_rca,qwen3.8-27b,H_neutral,aiops2022,node-1,1,0,0
visual_counterfactual_rca,qwen3.8-27b,H_neutral,aiops2022,node-2,1,1,1
direct_rca,gemma-4-26b-a4b,P,re2_tt,ts-payment-service,1,0,0
direct_rca,gemma-4-26b-a4b,P,re2_tt,ts-security-mongo,1,0,0
direct_rca,gemma-4-26b-a4b,P,re2_tt,ts-ticketinfo-service,1,0,0
direct_rca,gemma-4-26b-a4b,P,re2_tt,ts-travel-plan-service,1,0,0
direct_rca,gemma-4-26b-a4b,P,re2_tt,ts-travel2-service,1,0,0
direct_rca,gemma-4-26b-a4b,P,re2_tt,ts-ui-dashboard,1,0,0
direct_rca,gemma-4-26b-a4b,P,re2_tt,ts-user-service,1,0,0
direct_rca,gemma-4-26b-a4b,R,aegislab,loadgenerator,1,0,0
direct_rca,gemma-4-26b-a4b,P,aiops2022,productcatalogservice-0,1,1,1
direct_rca,gemma-4-26b-a4b,P,aiops2022,productcatalogservice-2,1,1,1
direct_rca,gemma-4-26b-a4b,P,aiops2022,productcatalogservice2-0,1,1,1
direct_rca,gemma-4-26b-a4b,P,aiops2022,recommendationservice-0,1,0,0
direct_rca,gemma-4-26b-a4b,P,aiops2022,recommendationservice-1,1,0,0
direct_rca,gemma-4-26b-a4b,P,aiops2022,recommendationservice-2,1,0,0
direct_rca,gemma-4-26b-a4b,P,aiops2022,shippingservice,1,1,1
direct_rca,gemma-4-26b-a4b,P,aiops2025,adservice-0,1,1,1
visual_counterfactual_rca,qwen3.8-27b,H_neutral,re2_tt,gke-gke-cluster-tt-default-pool-ca598206-xvr3,1,0,0.5
visual_counterfactual_rca,qwen3.8-27b,H_neutral,re2_tt,ts-admin-route-service,1,0,0
visual_counterfactual_rca,qwen3.8-27b,H_neutral,re2_tt,ts-assurance-mongo,1,0,0.5
visual_counterfactual_rca,qwen3.8-27b,H_neutral,re2_tt,ts-assurance-service,1,0,0
visual_counterfactual_rca,qwen3.8-27b,H_neutral,re2_tt,ts-auth-mongo,1,0,0
direct_rca,gemma-4-26b-a4b,P,aiops2022,paymentservice-0,1,0,0
direct_rca,gemma-4-26b-a4b,P,aiops2022,paymentservice-2,1,0,0.33333333
direct_rca,gemma-4-26b-a4b,P,aiops2022,paymentservice2-0,1,0,0
visual_counterfactual_rca,qwen3.8-27b,H_neutral,re2_ob,adservice,1,0,0.5
visual_counterfactual_rca,qwen3.8-27b,H_neutral,re2_ob,cartservice,1,0,0.33333333
visual_counterfactual_rca,qwen3.8-27b,H_neutral,re2_ob,gke-gke-cluster-default-pool-2e1807ce-xte3,1,0,0.5
visual_counterfactual_rca,qwen3.8-27b,H_neutral,re2_ob,redis,1,0,0.5
visual_counterfactual_rca,qwen3.8-27b,H_neutral,re2_tt,gke-gke-cluster-tt-default-pool-ca598206-81xz,1,0,0
visual_counterfactual_rca,qwen3.8-27b,H_neutral,re2_tt,gke-gke-cluster-tt-default-pool-ca598206-g9jt,1,0,0.5
visual_counterfactual_rca,qwen3.8-27b,H_neutral,re2_tt,gke-gke-cluster-tt-default-pool-ca598206-p3ch,1,0,0.5
visual_counterfactual_rca,qwen3.8-27b,H_neutral,re2_tt,gke-gke-cluster-tt-default-pool-ca598206-tj63,1,0,0.5
direct_rca,gemma-4-26b-a4b,P,re2_ob,productcatalogservice,1,1,1
direct_rca,gemma-4-26b-a4b,P,re2_tt,gke-gke-cluster-tt-default-pool-ca598206-fipm,1,0,0
direct_rca,gemma-4-26b-a4b,P,re2_tt,gke-gke-cluster-tt-default-pool-ca598206-g5tp,1,0,0
direct_rca,gemma-4-26b-a4b,P,re2_tt,gke-gke-cluster-tt-default-pool-ca598206-g9jt,1,0,0
direct_rca,gemma-4-26b-a4b,P,re2_tt,gke-gke-cluster-tt-default-pool-ca598206-p3ch,1,0,0
direct_rca,gemma-4-26b-a4b,P,re2_tt,ts-auth-mongo,1,0,0
direct_rca,gemma-4-26b-a4b,P,re2_tt,ts-basic-service,1,0,0
visual_counterfactual_rca,qwen3.8-27b,H_neutral,aiops2025,shippingservice-2,1,0,0
direct_rca,gemma-4-26b-a4b,P,aegislab,ts-security-service,1,0,0
direct_rca,gemma-4-26b-a4b,P,aegislab,ts-station-food-service,1,0,0
direct_rca,gemma-4-26b-a4b,P,aegislab,ts-train-food-service,1,0,0
direct_rca,gemma-4-26b-a4b,P,aegislab,ts-travel2-service-6659b8fd5f-g4cbf,1,1,1
direct_rca,gemma-4-26b-a4b,P,aegislab,ts-user-service,1,1,1
direct_rca,gemma-4-26b-a4b,P,aiops2022,adservice2-0,1,1,1
direct_rca,gemma-4-26b-a4b,P,aiops2022,cartservice-0,1,1,1
direct_rca,gemma-4-26b-a4b,P,aiops2022,cartservice-2,1,1,1
visual_counterfactual_rca,qwen3.8-27b,H_neutral,re2_tt,ts-train-mongo,1,0,0
visual_counterfactual_rca,qwen3.8-27b,H_neutral,re2_tt,ts-travel-mongo,1,0,0.5
visual_counterfactual_rca,qwen3.8-27b,H_neutral,re2_tt,ts-user-service,1,0,0.5
visual_counterfactual_rca,qwen3.8-27b,H_placebo,aegislab,mysql,1,0,0
visual_counterfactual_rca,qwen3.8-27b,H_placebo,aegislab,rabbitmq,1,0,0.33333333
visual_counterfactual_rca,qwen3.8-27b,H_placebo,aegislab,ts-admin-travel-service,1,0,0.5
visual_counterfactual_rca,qwen3.8-27b,H_placebo,aegislab,ts-assurance-service,1,1,1
visual_counterfactual_rca,qwen3.8-27b,H_placebo,aegislab,ts-consign-service,1,0,0
visual_counterfactual_rca,qwen3.8-27b,H_neutral,re2_tt,ts-food-service,1,0,0
visual_counterfactual_rca,qwen3.8-27b,H_neutral,re2_tt,ts-order-mongo,1,0,0.33333333
visual_counterfactual_rca,qwen3.8-27b,H_neutral,re2_tt,ts-order-other-mongo,1,0,0.5
visual_counterfactual_rca,qwen3.8-27b,H_neutral,re2_tt,ts-price-mongo,1,0,0
visual_counterfactual_rca,qwen3.8-27b,H_neutral,re2_tt,ts-seat-service,1,0,0.33333333
visual_counterfactual_rca,qwen3.8-27b,H_neutral,re2_tt,ts-security-service,1,0,0.5
visual_counterfactual_rca,qwen3.8-27b,H_neutral,re2_tt,ts-station-service,1,0,0.33333333
visual_counterfactual_rca,qwen3.8-27b,H_neutral,re2_tt,ts-ticketinfo-service,1,0,0.33333333
direct_rca,gemma-4-26b-a4b,P,aiops2025,adservice-1,1,1,1
direct_rca,gemma-4-26b-a4b,P,aiops2025,adservice-2,1,0,0
direct_rca,gemma-4-26b-a4b,P,aiops2025,cartservice,1,0,0
direct_rca,gemma-4-26b-a4b,P,aiops2025,emailservice,1,0,0
direct_rca,gemma-4-26b-a4b,P,aiops2025,node-2,1,0,0
direct_rca,gemma-4-26b-a4b,P,aiops2025,node-5,1,0,0
direct_rca,gemma-4-26b-a4b,P,aiops2025,node-6,1,1,1
visual_counterfactual_rca,qwen3.8-27b,H_neutral,re2_tt,ts-consign-service,1,0,0.5
direct_rca,gemma-4-26b-a4b,H,re2_tt,ts-preserve-service,1,0,0
direct_rca,gemma-4-26b-a4b,H,re2_tt,ts-price-mongo,1,0,0
direct_rca,gemma-4-26b-a4b,H,re2_tt,ts-seat-service,1,0,0.5
direct_rca,gemma-4-26b-a4b,H,re2_tt,ts-ui-dashboard,1,0,0.33333333
direct_rca,gemma-4-26b-a4b,P,aegislab,ts-admin-order-service,1,0,0
direct_rca,gemma-4-26b-a4b,P,aegislab,ts-admin-route-service,1,0,0
direct_rca,gemma-4-26b-a4b,P,aegislab,ts-auth-service,1,1,1
direct_rca,gemma-4-26b-a4b,P,aegislab,ts-basic-service,1,0,0
visual_counterfactual_rca,qwen3.8-27b,H_placebo,aiops2022,adservice-1,1,1,1
visual_counterfactual_rca,qwen3.8-27b,H_placebo,aiops2022,cartservice-0,1,1,1
visual_counterfactual_rca,qwen3.8-27b,H_placebo,aiops2022,cartservice-1,1,0,0
visual_counterfactual_rca,qwen3.8-27b,H_placebo,aiops2022,checkoutservice,1,0,0.25
direct_rca,gemma-4-26b-a4b,H,re2_tt,ts-consign-service,1,0,0.33333333
direct_rca,gemma-4-26b-a4b,H,re2_tt,ts-food-service,1,0,0
direct_rca,gemma-4-26b-a4b,H,re2_tt,ts-inside-payment-service,1,0,0.5
direct_rca,gemma-4-26b-a4b,H,re2_tt,ts-payment-service,1,0,0
visual_counterfactual_rca,qwen3.8-27b,H_placebo,aegislab,ts-payment-service,1,0,0
visual_counterfactual_rca,qwen3.8-27b,H_placebo,aegislab,ts-preserve-other-service,1,0,0.5
visual_counterfactual_rca,qwen3.8-27b,H_placebo,aegislab,ts-price-service,1,1,1
visual_counterfactual_rca,qwen3.8-27b,H_placebo,aegislab,ts-station-food-service,1,0,0
visual_counterfactual_rca,qwen3.8-27b,H_placebo,aegislab,ts-station-food-service-cb9656f7b-nl4cb,1,1,1
visual_counterfactual_rca,qwen3.8-27b,H_placebo,aegislab,ts-station-service,1,0,0
visual_counterfactual_rca,qwen3.8-27b,H_placebo,aegislab,ts-verification-code-service,1,0,0.33333333
visual_counterfactual_rca,qwen3.8-27b,H_placebo,aiops2022,adservice-0,1,0,0.5
direct_rca,gemma-4-26b-a4b,P,aiops2022,checkoutservice,1,0,0
direct_rca,gemma-4-26b-a4b,P,aiops2022,checkoutservice-1,1,1,1
direct_rca,gemma-4-26b-a4b,P,aiops2022,currencyservice2,1,0,0
direct_rca,gemma-4-26b-a4b,P,aiops2022,emailservice-0,1,0,0
direct_rca,gemma-4-26b-a4b,P,aiops2022,frontend-2,1,0,0
direct_rca,gemma-4-26b-a4b,P,aiops2022,istio-egressgateway-7bfdcc9d86-22q7z,1,0,0
visual_counterfactual_rca,qwen3.8-27b,H_placebo,aegislab,ts-food-delivery-service,1,0,0
visual_counterfactual_rca,qwen3.8-27b,H_placebo,aegislab,ts-news-service,1,0,0
direct_rca,gemma-4-26b-a4b,H,re2_ob,adservice,1,0,0
direct_rca,gemma-4-26b-a4b,H,re2_ob,frontend-external,1,0,0
direct_rca,gemma-4-26b-a4b,H,re2_ob,gke-gke-cluster-default-pool-2e1807ce-xte3,1,0,0.5
direct_rca,gemma-4-26b-a4b,H,re2_ob,gke-gke-cluster-default-pool-9da84637-r1mb,1,0,0.5
direct_rca,gemma-4-26b-a4b,H,re2_ob,gke-gke-cluster-default-pool-c49c2b06-vlhn,1,0,0.33333333
direct_rca,gemma-4-26b-a4b,H,re2_ob,shippingservice,1,0,0.33333333
direct_rca,gemma-4-26b-a4b,H,re2_tt,gke-gke-cluster-tt-default-pool-448caaac-g8ts,1,0,0.2
direct_rca,gemma-4-26b-a4b,H,re2_tt,gke-gke-cluster-tt-default-pool-ca598206-g9jt,1,0,0.5
visual_counterfactual_rca,qwen3.8-27b,H_placebo,aiops2022,productcatalogservice,1,0,0
visual_counterfactual_rca,qwen3.8-27b,H_placebo,aiops2025,adservice-1,1,1,1
visual_counterfactual_rca,qwen3.8-27b,H_placebo,aiops2025,emailservice,1,0,0
visual_counterfactual_rca,qwen3.8-27b,H_placebo,aiops2025,k8s-master3,1,0,0
direct_rca,gemma-4-26b-a4b,H,aiops2025,productcatalogservice,1,1,1
direct_rca,gemma-4-26b-a4b,H,aiops2025,productcatalogservice-2,1,0,0
direct_rca,gemma-4-26b-a4b,H,aiops2025,recommendationservice-2,1,0,0
direct_rca,gemma-4-26b-a4b,H,aiops2025,redis-cart,1,0,0.33333333
visual_counterfactual_rca,qwen3.8-27b,H_placebo,aiops2022,checkoutservice2,1,0,0.5
visual_counterfactual_rca,qwen3.8-27b,H_placebo,aiops2022,currencyservice2,1,0,0
visual_counterfactual_rca,qwen3.8-27b,H_placebo,aiops2022,emailservice2,1,0,0
visual_counterfactual_rca,qwen3.8-27b,H_placebo,aiops2022,frontend-1,1,0,0
visual_counterfactual_rca,qwen3.8-27b,H_placebo,aiops2022,frontend2,1,0,0
visual_counterfactual_rca,qwen3.8-27b,H_placebo,aiops2022,istio-egressgateway,1,0,0
visual_counterfactual_rca,qwen3.8-27b,H_placebo,aiops2022,istio-ingressgateway-565bffd4d-4nr6v,1,0,0
visual_counterfactual_rca,qwen3.8-27b,H_placebo,aiops2022,paymentservice2,1,0,0.33333333
direct_rca,gemma-4-26b-a4b,P,aegislab,ts-consign-price-service,1,0,0
direct_rca,gemma-4-26b-a4b,P,aegislab,ts-contacts-service,1,0,0
direct_rca,gemma-4-26b-a4b,P,aegislab,ts-gateway-service,1,0,0
direct_rca,gemma-4-26b-a4b,P,aegislab,ts-inside-payment-service,1,1,1
direct_rca,gemma-4-26b-a4b,P,aegislab,ts-news-service,1,0,0
direct_rca,gemma-4-26b-a4b,P,aegislab,ts-notification-service,1,0,0
direct_rca,gemma-4-26b-a4b,P,aegislab,ts-order-service-85b9979d59-x2sdc,1,1,1
visual_counterfactual_rca,qwen3.8-27b,H_placebo,aiops2022,checkoutservice-1,1,1,1
visual_counterfactual_rca,qwen3.8-27b,H_placebo,re2_tt,gke-gke-cluster-tt-default-pool-ca598206-g9jt,1,0,0.5
direct_rca,gemma-4-26b-a4b,H,aiops2022,checkoutservice2,1,0,0
direct_rca,gemma-4-26b-a4b,H,aiops2022,currencyservice-0,1,0,0
direct_rca,gemma-4-26b-a4b,H,aiops2022,currencyservice-1,1,1,1
direct_rca,gemma-4-26b-a4b,H,aiops2022,currencyservice-2,1,1,1
direct_rca,gemma-4-26b-a4b,H,aiops2022,currencyservice2-0,1,0,0.5
direct_rca,gemma-4-26b-a4b,H,aiops2022,emailservice-0,1,0,0
direct_rca,gemma-4-26b-a4b,H,aiops2022,emailservice-1,1,0,0
visual_counterfactual_rca,qwen3.8-27b,H_placebo,aiops2025,node-2,1,0,0
visual_counterfactual_rca,qwen3.8-27b,H_placebo,aiops2025,productcatalogservice-0,1,0,0
visual_counterfactual_rca,qwen3.8-27b,H_placebo,re2_ob,adservice,1,0,0.5
visual_counterfactual_rca,qwen3.8-27b,H_placebo,re2_ob,cartservice,1,0,0.5
visual_counterfactual_rca,qwen3.8-27b,H_placebo,re2_ob,gke-gke-cluster-default-pool-2e1807ce-xte3,1,0,0.5
visual_counterfactual_rca,qwen3.8-27b,H_placebo,re2_ob,redis,1,0,0.2
visual_counterfactual_rca,qwen3.8-27b,H_placebo,re2_ob,shippingservice,1,0,0.5
visual_counterfactual_rca,qwen3.8-27b,H_placebo,re2_tt,gke-gke-cluster-tt-default-pool-448caaac-g8ts,1,0,0.33333333
direct_rca,gemma-4-26b-a4b,H,aiops2025,cartservice,1,1,1
direct_rca,gemma-4-26b-a4b,H,aiops2025,checkoutservice,1,1,1
direct_rca,gemma-4-26b-a4b,H,aiops2025,checkoutservice-0,1,0,0
direct_rca,gemma-4-26b-a4b,H,aiops2025,checkoutservice-2,1,1,1
direct_rca,gemma-4-26b-a4b,H,aiops2025,currencyservice-0,1,0,0.33333333
direct_rca,gemma-4-26b-a4b,H,aiops2025,emailservice,1,0,0
direct_rca,gemma-4-26b-a4b,H,aiops2025,k8s-master3,1,0,0.2
direct_rca,gemma-4-26b-a4b,H,aiops2025,paymentservice-0,1,0,0
direct_rca,gemma-4-26b-a4b,H,re2_tt,gke-gke-cluster-tt-default-pool-ca598206-xvr3,1,0,0.5
direct_rca,gemma-4-26b-a4b,H,re2_tt,ts-assurance-mongo,1,0,0.25
direct_rca,gemma-4-26b-a4b,H,re2_tt,ts-assurance-service,1,0,0
direct_rca,gemma-4-26b-a4b,H,aiops2022,productcatalogservice-2,1,1,1
direct_rca,gemma-4-26b-a4b,H,aiops2022,recommendationservice,1,0,0.5
direct_rca,gemma-4-26b-a4b,H,aiops2022,recommendationservice-0,1,0,0.33333333
direct_rca,gemma-4-26b-a4b,H,aiops2022,recommendationservice-2,1,1,1
direct_rca,gemma-4-26b-a4b,H,aiops2022,shippingservice-1,1,1,1
visual_counterfactual_rca,qwen3.8-27b,H_targeted,aegislab,ts-admin-travel-service,1,0,0.33333333
direct_rca,gemma-4-26b-a4b,H,aegislab,ts-config-service-55cffbf48b-dx8rc,1,1,1
direct_rca,gemma-4-26b-a4b,H,aegislab,ts-notification-service,1,0,0
direct_rca,gemma-4-26b-a4b,H,aegislab,ts-preserve-other-service,1,0,0
direct_rca,gemma-4-26b-a4b,H,aegislab,ts-price-service,1,1,1
direct_rca,gemma-4-26b-a4b,H,aegislab,ts-price-service-7494fb49fc-dpjs9,1,1,1
direct_rca,gemma-4-26b-a4b,H,aegislab,ts-station-service-685fd4985f-lxljn,1,1,1
direct_rca,gemma-4-26b-a4b,H,aiops2022,adservice-2,1,0,0.2
visual_counterfactual_rca,qwen3.8-27b,H_placebo,re2_tt,ts-order-other-mongo,1,0,0.5
visual_counterfactual_rca,qwen3.8-27b,H_placebo,re2_tt,ts-preserve-service,1,0,0.33333333
visual_counterfactual_rca,qwen3.8-27b,H_placebo,re2_tt,ts-price-mongo,1,0,0
visual_counterfactual_rca,qwen3.8-27b,H_placebo,re2_tt,ts-station-service,1,0,0.33333333
visual_counterfactual_rca,qwen3.8-27b,H_placebo,re2_tt,ts-ticketinfo-service,1,0,0
visual_counterfactual_rca,qwen3.8-27b,H_placebo,re2_tt,ts-train-mongo,1,0,0
visual_counterfactual_rca,qwen3.8-27b,H_placebo,re2_tt,ts-travel-mongo,1,0,0.5
visual_counterfactual_rca,qwen3.8-27b,H_targeted,aegislab,rabbitmq,1,0,0.33333333
direct_rca,gemma-4-26b-a4b,H,aiops2022,productcatalogservice-0,1,1,1
visual_counterfactual_rca,qwen3.8-27b,H_placebo,re2_tt,gke-gke-cluster-tt-default-pool-ca598206-p3ch,1,0,0.5
visual_counterfactual_rca,qwen3.8-27b,H_placebo,re2_tt,gke-gke-cluster-tt-default-pool-ca598206-tj63,1,0,0.5
visual_counterfactual_rca,qwen3.8-27b,H_placebo,re2_tt,ts-assurance-service,1,0,0
visual_counterfactual_rca,qwen3.8-27b,H_placebo,re2_tt,ts-auth-mongo,1,0,0
visual_counterfactual_rca,qwen3.8-27b,H_placebo,re2_tt,ts-basic-service,1,0,0.5
visual_counterfactual_rca,qwen3.8-27b,H_placebo,re2_tt,ts-food-service,1,0,0
visual_counterfactual_rca,qwen3.8-27b,H_placebo,re2_tt,ts-order-mongo,1,0,0.5
direct_rca,gemma-4-26b-a4b,H,aiops2022,emailservice2-0,1,0,0
direct_rca,gemma-4-26b-a4b,H,aiops2022,frontend-1,1,1,1
direct_rca,gemma-4-26b-a4b,H,aiops2022,frontend-2,1,0,0.5
direct_rca,gemma-4-26b-a4b,H,aiops2022,istio-egressgateway-7bfdcc9d86-g2d4q,1,0,0
direct_rca,gemma-4-26b-a4b,H,aiops2022,node-3,1,1,1
direct_rca,gemma-4-26b-a4b,H,aiops2022,paymentservice-0,1,0,0
direct_rca,gemma-4-26b-a4b,H,aiops2022,paymentservice2-0,1,0,0.33333333
direct_rca,gemma-4-26b-a4b,H,aiops2022,productcatalogservice,1,1,1
visual_counterfactual_rca,qwen3.8-27b,H_targeted,aiops2022,adservice-1,1,1,1
direct_rca,gemma-4-26b-a4b,F,aiops2025,node-6,1,1,1
direct_rca,gemma-4-26b-a4b,F,aiops2025,paymentservice,1,0,0
direct_rca,gemma-4-26b-a4b,F,aiops2025,productcatalogservice-0,1,0,0
direct_rca,gemma-4-26b-a4b,F,aiops2025,productcatalogservice-2,1,0,0
direct_rca,gemma-4-26b-a4b,F,aiops2025,recommendationservice-2,1,0,0
direct_rca,gemma-4-26b-a4b,F,aiops2025,redis-cart-0,1,0,0.2
direct_rca,gemma-4-26b-a4b,F,aiops2025,tidb-pd,1,0,0
visual_counterfactual_rca,qwen3.8-27b,H_targeted,aegislab,ts-food-delivery-service,1,0,0
visual_counterfactual_rca,qwen3.8-27b,H_targeted,aegislab,ts-inside-payment-service,1,1,1
visual_counterfactual_rca,qwen3.8-27b,H_targeted,aegislab,ts-payment-service,1,0,0
visual_counterfactual_rca,qwen3.8-27b,H_targeted,aegislab,ts-preserve-other-service,1,0,0.5
visual_counterfactual_rca,qwen3.8-27b,H_targeted,aegislab,ts-station-food-service,1,0,0
visual_counterfactual_rca,qwen3.8-27b,H_targeted,aegislab,ts-station-food-service-cb9656f7b-nl4cb,1,1,1
visual_counterfactual_rca,qwen3.8-27b,H_targeted,aegislab,ts-train-service,1,0,0.33333333
visual_counterfactual_rca,qwen3.8-27b,H_targeted,aiops2022,adservice-0,1,0,0.33333333
direct_rca,gemma-4-26b-a4b,F,re2_tt,ts-preserve-service,1,0,0
direct_rca,gemma-4-26b-a4b,F,re2_tt,ts-price-mongo,1,0,0
direct_rca,gemma-4-26b-a4b,F,re2_tt,ts-seat-service,1,0,0.33333333
direct_rca,gemma-4-26b-a4b,F,re2_tt,ts-travel2-service,1,0,0
direct_rca,gemma-4-26b-a4b,H,aegislab,rabbitmq,1,0,0.5
direct_rca,gemma-4-26b-a4b,H,aegislab,ts-admin-order-service,1,0,0.25
visual_counterfactual_rca,qwen3.8-27b,H_targeted,aegislab,ts-consign-service,1,0,0
visual_counterfactual_rca,qwen3.8-27b,H_targeted,aegislab,ts-delivery-service,1,0,0
direct_rca,gemma-4-26b-a4b,F,re2_tt,gke-gke-cluster-tt-default-pool-448caaac-g8ts,1,0,0.33333333
direct_rca,gemma-4-26b-a4b,F,re2_tt,gke-gke-cluster-tt-default-pool-448caaac-rjxh,1,0,0
direct_rca,gemma-4-26b-a4b,F,re2_tt,gke-gke-cluster-tt-default-pool-ca598206-g9jt,1,0,0.5
direct_rca,gemma-4-26b-a4b,F,re2_tt,gke-gke-cluster-tt-default-pool-ca598206-xvr3,1,0,0.5
direct_rca,gemma-4-26b-a4b,F,re2_tt,ts,1,0,0
direct_rca,gemma-4-26b-a4b,F,re2_tt,ts-admin-route-service,1,0,0
direct_rca,gemma-4-26b-a4b,F,re2_tt,ts-auth-mongo,1,0,0
direct_rca,gemma-4-26b-a4b,F,re2_tt,ts-food-map-mongo,1,0,0
visual_counterfactual_rca,qwen3.8-27b,H_targeted,aiops2025,tidb-pd,1,0,0
visual_counterfactual_rca,qwen3.8-27b,H_targeted,re2_ob,adservice,1,0,0.5
visual_counterfactual_rca,qwen3.8-27b,H_targeted,re2_ob,cartservice,1,0,0.33333333
visual_counterfactual_rca,qwen3.8-27b,H_targeted,re2_ob,gke-gke-cluster-default-pool-c49c2b06-vlhn,1,0,0.33333333
visual_counterfactual_rca,qwen3.8-27b,H_targeted,re2_ob,paymentservice,1,0,0
direct_rca,gemma-4-26b-a4b,F,aegislab,mysql,1,0,0
visual_counterfactual_rca,qwen3.8-27b,H_targeted,re2_tt,ts-ui-dashboard,1,0,0.33333333
direct_rca,gemma-4-26b-a4b,F,aegislab,ts-train-food-service,1,0,0
direct_rca,gemma-4-26b-a4b,F,aiops2022,currencyservice,1,0,0
direct_rca,gemma-4-26b-a4b,F,aiops2022,currencyservice-0,1,0,0
direct_rca,gemma-4-26b-a4b,F,aiops2022,currencyservice-1,1,1,1
direct_rca,gemma-4-26b-a4b,F,aiops2022,emailservice2-0,1,0,0.33333333
direct_rca,gemma-4-26b-a4b,F,aiops2022,frontend-1,1,0,0
visual_counterfactual_rca,qwen3.8-27b,H_targeted,aiops2025,k8s-master3,1,0,0
visual_counterfactual_rca,qwen3.8-27b,H_targeted,aiops2025,node-2,1,0,0
visual_counterfactual_rca,qwen3.8-27b,H_targeted,aiops2025,redis-cart-0,1,0,0
direct_rca,gemma-4-26b-a4b,F,aiops2022,adservice-0,1,1,1
direct_rca,gemma-4-26b-a4b,F,aiops2022,adservice-1,1,1,1
direct_rca,gemma-4-26b-a4b,F,aiops2022,cartservice2,1,0,0
direct_rca,gemma-4-26b-a4b,F,aiops2022,cartservice2-0,1,0,0
direct_rca,gemma-4-26b-a4b,F,aiops2022,checkoutservice,1,1,1
direct_rca,gemma-4-26b-a4b,F,aiops2022,checkoutservice-1,1,1,1
direct_rca,gemma-4-26b-a4b,F,aiops2022,checkoutservice-2,1,0,0
direct_rca,gemma-4-26b-a4b,F,aiops2022,checkoutservice2,1,0,0
direct_rca,gemma-4-26b-a4b,F,aiops2025,checkoutservice-0,1,0,0
direct_rca,gemma-4-26b-a4b,F,aiops2025,emailservice-0,1,0,0.33333333
direct_rca,gemma-4-26b-a4b,F,aiops2025,k8s-master2,1,0,0
direct_rca,gemma-4-26b-a4b,F,aegislab,ts-travel-plan-service-5b7fb74b4f-w8nlh,1,1,1
direct_rca,gemma-4-26b-a4b,F,aegislab,ts-travel-service,1,0,0
direct_rca,gemma-4-26b-a4b,F,aegislab,ts-travel-service-cbf9bf77c-knq2c,1,1,1
direct_rca,gemma-4-26b-a4b,F,aegislab,ts-travel2-service,1,0,0
direct_rca,gemma-4-26b-a4b,F,aegislab,ts-travel2-service-6659b8fd5f-g4cbf,1,1,1
matched_rca,gemma-4-26b-a4b,P,aegislab,ts-avatar-service,1,0,0
matched_rca,gemma-4-26b-a4b,P,aegislab,ts-cancel-service,1,0,0
matched_rca,gemma-4-26b-a4b,P,aegislab,ts-contacts-service,1,0,0
matched_rca,gemma-4-26b-a4b,P,aegislab,ts-inside-payment-service,1,1,1
matched_rca,gemma-4-26b-a4b,P,aegislab,ts-notification-service,1,0,0
matched_rca,gemma-4-26b-a4b,P,aegislab,ts-order-other-service,1,1,1
matched_rca,gemma-4-26b-a4b,P,aegislab,ts-order-service,1,1,1
matched_rca,gemma-4-26b-a4b,P,aegislab,ts-order-service-85b9979d59-x2sdc,1,1,1
visual_counterfactual_rca,qwen3.8-27b,H_targeted,re2_tt,ts-ticket-office-mongo,1,0,0.5
visual_counterfactual_rca,qwen3.8-27b,H_targeted,re2_tt,ts-ticketinfo-service,1,0,0.25
visual_counterfactual_rca,qwen3.8-27b,H_targeted,re2_tt,ts-train-mongo,1,0,0.33333333
visual_counterfactual_rca,qwen3.8-27b,H_targeted,re2_tt,ts-travel-mongo,1,0,0.5
direct_rca,gemma-4-26b-a4b,F,aegislab,ts-admin-order-service,1,0,0
matched_rca,gemma-4-26b-a4b,P,aegislab,ts-admin-route-service,1,0,0
matched_rca,gemma-4-26b-a4b,P,aegislab,ts-assurance-service,1,1,1
matched_rca,gemma-4-26b-a4b,P,aegislab,ts-auth-service,1,1,1
visual_counterfactual_rca,qwen3.8-27b,H_targeted,re2_tt,ts-basic-service,1,0,0.5
visual_counterfactual_rca,qwen3.8-27b,H_targeted,re2_tt,ts-food-map-service,1,0,0.5
visual_counterfactual_rca,qwen3.8-27b,H_targeted,re2_tt,ts-order-mongo,1,0,0.33333333
visual_counterfactual_rca,qwen3.8-27b,H_targeted,re2_tt,ts-order-other-mongo,1,0,0.5
visual_counterfactual_rca,qwen3.8-27b,H_targeted,re2_tt,ts-preserve-service,1,0,0
visual_counterfactual_rca,qwen3.8-27b,H_targeted,re2_tt,ts-price-mongo,1,0,0.33333333
visual_counterfactual_rca,qwen3.8-27b,H_targeted,re2_tt,ts-security-service,1,0,0.5
visual_counterfactual_rca,qwen3.8-27b,H_targeted,re2_tt,ts-station-service,1,0,0
visual_counterfactual_rca,qwen3.8-27b,H_targeted,re2_ob,redis,1,0,0.33333333
visual_counterfactual_rca,qwen3.8-27b,H_targeted,re2_ob,shippingservice,1,0,0.5
visual_counterfactual_rca,qwen3.8-27b,H_targeted,re2_tt,gke-gke-cluster-tt-default-pool-448caaac-g8ts,1,0,0.33333333
visual_counterfactual_rca,qwen3.8-27b,H_targeted,re2_tt,gke-gke-cluster-tt-default-pool-ca598206-g9jt,1,0,0.5
visual_counterfactual_rca,qwen3.8-27b,H_targeted,re2_tt,gke-gke-cluster-tt-default-pool-ca598206-tj63,1,0,0.5
visual_counterfactual_rca,qwen3.8-27b,H_targeted,re2_tt,gke-gke-cluster-tt-default-pool-ca598206-xvr3,1,0,0.33333333
visual_counterfactual_rca,qwen3.8-27b,H_targeted,re2_tt,ts-assurance-service,1,0,0
visual_counterfactual_rca,qwen3.8-27b,H_targeted,re2_tt,ts-auth-mongo,1,0,0
