experiment,model,arm,dataset,root_service,n,ac1,mrr
direct_rca,gemma-4-26b-a4b,F,aegislab,mysql,6,0.66666667,0.80555556
direct_rca,gemma-4-26b-a4b,F,aegislab,ts-assurance-service,5,0.8,0.9
direct_rca,gemma-4-26b-a4b,F,aegislab,ts-auth-service,4,0.75,0.75
direct_rca,gemma-4-26b-a4b,F,aegislab,ts-basic-service,19,0.31578947,0.31578947
direct_rca,gemma-4-26b-a4b,F,aegislab,ts-config-service,6,0.16666667,0.25
direct_rca,gemma-4-26b-a4b,F,aegislab,ts-consign-service,2,0.5,0.5
direct_rca,gemma-4-26b-a4b,F,aegislab,ts-contacts-service,2,0.5,0.5
direct_rca,gemma-4-26b-a4b,F,aegislab,ts-food-service,3,0.66666667,0.66666667
direct_rca,gemma-4-26b-a4b,F,aegislab,ts-inside-payment-service,2,1,1
direct_rca,gemma-4-26b-a4b,F,aegislab,ts-order-other-service,4,0.25,0.375
direct_rca,gemma-4-26b-a4b,F,aegislab,ts-order-service,5,0.6,0.6
direct_rca,gemma-4-26b-a4b,F,aegislab,ts-preserve-service,5,0.4,0.4
direct_rca,gemma-4-26b-a4b,F,aegislab,ts-price-service,2,1,1
direct_rca,gemma-4-26b-a4b,F,aegislab,ts-route-plan-service,6,0.5,0.5
direct_rca,gemma-4-26b-a4b,F,aegislab,ts-route-service,4,0.25,0.45833333
direct_rca,gemma-4-26b-a4b,F,aegislab,ts-seat-service,6,0.16666667,0.25555556
direct_rca,gemma-4-26b-a4b,F,aegislab,ts-security-service,1,1,1
direct_rca,gemma-4-26b-a4b,F,aegislab,ts-station-food-service,1,1,1
direct_rca,gemma-4-26b-a4b,F,aegislab,ts-station-service,1,1,1
direct_rca,gemma-4-26b-a4b,F,aegislab,ts-train-service,2,0,0.25
direct_rca,gemma-4-26b-a4b,F,aegislab,ts-travel-plan-service,3,0.66666667,0.66666667
direct_rca,gemma-4-26b-a4b,F,aegislab,ts-travel-service,3,0.33333333,0.33333333
direct_rca,gemma-4-26b-a4b,F,aegislab,ts-travel2-service,2,0.5,0.5
direct_rca,gemma-4-26b-a4b,F,aegislab,ts-user-service,1,1,1
direct_rca,gemma-4-26b-a4b,F,aegislab,ts-verification-code-service,1,0,0.33333333
direct_rca,gemma-4-26b-a4b,F,aiops2022,adservice,2,0.5,0.6
direct_rca,gemma-4-26b-a4b,F,aiops2022,adservice-0,1,1,1
direct_rca,gemma-4-26b-a4b,F,aiops2022,adservice-1,3,0.33333333,0.44444444
direct_rca,gemma-4-26b-a4b,F,aiops2022,adservice2-0,1,1,1
direct_rca,gemma-4-26b-a4b,F,aiops2022,cartservice,5,0.2,0.4
direct_rca,gemma-4-26b-a4b,F,aiops2022,cartservice-0,2,0,0.25
direct_rca,gemma-4-26b-a4b,F,aiops2022,cartservice2-0,1,0,0
direct_rca,gemma-4-26b-a4b,F,aiops2022,checkoutservice,4,1,1
direct_rca,gemma-4-26b-a4b,F,aiops2022,checkoutservice-0,2,1,1
direct_rca,gemma-4-26b-a4b,F,aiops2022,checkoutservice-1,2,0.5,0.5
direct_rca,gemma-4-26b-a4b,F,aiops2022,currencyservice,2,0,0
direct_rca,gemma-4-26b-a4b,F,aiops2022,currencyservice-0,1,0,0
direct_rca,gemma-4-26b-a4b,F,aiops2022,currencyservice-1,2,0.5,0.5
direct_rca,gemma-4-26b-a4b,F,aiops2022,currencyservice-2,2,1,1
direct_rca,gemma-4-26b-a4b,F,aiops2022,emailservice,4,0,0.20833333
direct_rca,gemma-4-26b-a4b,F,aiops2022,emailservice-1,2,0,0.125
direct_rca,gemma-4-26b-a4b,F,aiops2022,frontend,3,0,0.11111111
direct_rca,gemma-4-26b-a4b,F,aiops2022,frontend-0,1,1,1
direct_rca,gemma-4-26b-a4b,F,aiops2022,frontend-1,1,0,0.25
direct_rca,gemma-4-26b-a4b,F,aiops2022,frontend-2,1,0,0
direct_rca,gemma-4-26b-a4b,F,aiops2022,frontend2-0,1,1,1
direct_rca,gemma-4-26b-a4b,F,aiops2022,node-1,3,0.33333333,0.33333333
direct_rca,gemma-4-26b-a4b,F,aiops2022,node-2,3,0.33333333,0.33333333
direct_rca,gemma-4-26b-a4b,F,aiops2022,node-3,4,0.25,0.25
direct_rca,gemma-4-26b-a4b,F,aiops2022,node-4,4,0.25,0.25
direct_rca,gemma-4-26b-a4b,F,aiops2022,node-5,8,0.375,0.375
direct_rca,gemma-4-26b-a4b,F,aiops2022,node-6,7,0.71428571,0.78571429
direct_rca,gemma-4-26b-a4b,F,aiops2022,paymentservice,1,0,0
direct_rca,gemma-4-26b-a4b,F,aiops2022,productcatalogservice,4,0,0
direct_rca,gemma-4-26b-a4b,F,aiops2022,productcatalogservice-0,3,0.33333333,0.33333333
direct_rca,gemma-4-26b-a4b,F,aiops2022,productcatalogservice-1,3,0.33333333,0.33333333
direct_rca,gemma-4-26b-a4b,F,aiops2022,productcatalogservice-2,2,1,1
direct_rca,gemma-4-26b-a4b,F,aiops2022,productcatalogservice2-0,1,1,1
direct_rca,gemma-4-26b-a4b,F,aiops2022,recommendationservice,4,0.25,0.25
direct_rca,gemma-4-26b-a4b,F,aiops2022,recommendationservice-2,1,0,0
direct_rca,gemma-4-26b-a4b,F,aiops2022,recommendationservice2-0,1,0,0
direct_rca,gemma-4-26b-a4b,F,aiops2022,shippingservice,4,0,0.20833333
direct_rca,gemma-4-26b-a4b,F,aiops2022,shippingservice-0,1,0,0
direct_rca,gemma-4-26b-a4b,F,aiops2022,shippingservice-1,2,0,0
direct_rca,gemma-4-26b-a4b,F,aiops2022,shippingservice2-0,1,1,1
direct_rca,gemma-4-26b-a4b,F,aiops2025,adservice,14,0.21428571,0.25238095
direct_rca,gemma-4-26b-a4b,F,aiops2025,cartservice,7,0.14285714,0.14285714
direct_rca,gemma-4-26b-a4b,F,aiops2025,checkoutservice,17,0.058823529,0.18137255
direct_rca,gemma-4-26b-a4b,F,aiops2025,currencyservice,4,0,0.20833333
direct_rca,gemma-4-26b-a4b,F,aiops2025,emailservice,2,0,0
direct_rca,gemma-4-26b-a4b,F,aiops2025,frontend,3,0.66666667,0.66666667
direct_rca,gemma-4-26b-a4b,F,aiops2025,node-1,3,0,0
direct_rca,gemma-4-26b-a4b,F,aiops2025,node-3,3,0,0.38888889
direct_rca,gemma-4-26b-a4b,F,aiops2025,node-4,1,1,1
direct_rca,gemma-4-26b-a4b,F,aiops2025,node-5,4,0.25,0.25
direct_rca,gemma-4-26b-a4b,F,aiops2025,node-6,5,0.2,0.2
direct_rca,gemma-4-26b-a4b,F,aiops2025,node-7,2,0,0.25
direct_rca,gemma-4-26b-a4b,F,aiops2025,node-8,4,0.25,0.3
direct_rca,gemma-4-26b-a4b,F,aiops2025,paymentservice,1,0,0
direct_rca,gemma-4-26b-a4b,F,aiops2025,productcatalogservice,4,0.25,0.25
direct_rca,gemma-4-26b-a4b,F,aiops2025,recommendationservice,1,0,0
direct_rca,gemma-4-26b-a4b,F,aiops2025,shippingservice,6,0,0.088888889
direct_rca,gemma-4-26b-a4b,F,aiops2025,tidb-tidb,2,0,0
direct_rca,gemma-4-26b-a4b,F,aiops2025,tidb-tikv,10,0.3,0.4
direct_rca,gemma-4-26b-a4b,F,re2_ob,checkoutservice,18,0.88888889,0.94444444
direct_rca,gemma-4-26b-a4b,F,re2_ob,currencyservice,18,0.55555556,0.69444444
direct_rca,gemma-4-26b-a4b,F,re2_ob,emailservice,18,0.88888889,0.92592593
direct_rca,gemma-4-26b-a4b,F,re2_ob,productcatalogservice,18,0.5,0.63425926
direct_rca,gemma-4-26b-a4b,F,re2_ob,recommendationservice,18,0.66666667,0.81481481
direct_rca,gemma-4-26b-a4b,F,re2_tt,ts-auth-service,18,0.66666667,0.69444444
direct_rca,gemma-4-26b-a4b,F,re2_tt,ts-order-service,18,0.61111111,0.74074074
direct_rca,gemma-4-26b-a4b,F,re2_tt,ts-route-service,18,0.5,0.625
direct_rca,gemma-4-26b-a4b,F,re2_tt,ts-train-service,18,0.77777778,0.7962963
direct_rca,gemma-4-26b-a4b,F,re2_tt,ts-travel-service,18,0.66666667,0.74074074
direct_rca,gemma-4-26b-a4b,H,aegislab,mysql,6,0.16666667,0.43055556
direct_rca,gemma-4-26b-a4b,H,aegislab,ts-assurance-service,5,0.6,0.7
direct_rca,gemma-4-26b-a4b,H,aegislab,ts-auth-service,4,0.75,0.75
direct_rca,gemma-4-26b-a4b,H,aegislab,ts-basic-service,19,0.21052632,0.21052632
direct_rca,gemma-4-26b-a4b,H,aegislab,ts-config-service,6,0.33333333,0.38888889
direct_rca,gemma-4-26b-a4b,H,aegislab,ts-consign-service,2,0,0
direct_rca,gemma-4-26b-a4b,H,aegislab,ts-contacts-service,2,1,1
direct_rca,gemma-4-26b-a4b,H,aegislab,ts-food-service,3,0.33333333,0.33333333
direct_rca,gemma-4-26b-a4b,H,aegislab,ts-inside-payment-service,2,0.5,0.66666667
direct_rca,gemma-4-26b-a4b,H,aegislab,ts-order-other-service,4,0.25,0.375
direct_rca,gemma-4-26b-a4b,H,aegislab,ts-order-service,5,0.4,0.46666667
direct_rca,gemma-4-26b-a4b,H,aegislab,ts-preserve-service,5,0.2,0.26666667
direct_rca,gemma-4-26b-a4b,H,aegislab,ts-price-service,2,1,1
direct_rca,gemma-4-26b-a4b,H,aegislab,ts-route-plan-service,6,0.5,0.5
direct_rca,gemma-4-26b-a4b,H,aegislab,ts-route-service,4,0.25,0.375
direct_rca,gemma-4-26b-a4b,H,aegislab,ts-seat-service,6,0.16666667,0.16666667
direct_rca,gemma-4-26b-a4b,H,aegislab,ts-security-service,1,0,0
direct_rca,gemma-4-26b-a4b,H,aegislab,ts-station-food-service,1,1,1
direct_rca,gemma-4-26b-a4b,H,aegislab,ts-station-service,1,1,1
direct_rca,gemma-4-26b-a4b,H,aegislab,ts-train-service,2,0,0
direct_rca,gemma-4-26b-a4b,H,aegislab,ts-travel-plan-service,3,0.66666667,0.66666667
direct_rca,gemma-4-26b-a4b,H,aegislab,ts-travel-service,3,0,0.066666667
direct_rca,gemma-4-26b-a4b,H,aegislab,ts-travel2-service,2,0.5,0.5
direct_rca,gemma-4-26b-a4b,H,aegislab,ts-user-service,1,1,1
direct_rca,gemma-4-26b-a4b,H,aegislab,ts-verification-code-service,1,0,0.5
direct_rca,gemma-4-26b-a4b,H,aiops2022,adservice,2,0,0.25
direct_rca,gemma-4-26b-a4b,H,aiops2022,adservice-0,1,1,1
direct_rca,gemma-4-26b-a4b,H,aiops2022,adservice-1,3,0.66666667,0.66666667
direct_rca,gemma-4-26b-a4b,H,aiops2022,adservice2-0,1,1,1
direct_rca,gemma-4-26b-a4b,H,aiops2022,cartservice,5,0,0.23333333
direct_rca,gemma-4-26b-a4b,H,aiops2022,cartservice-0,2,0,0.25
direct_rca,gemma-4-26b-a4b,H,aiops2022,cartservice2-0,1,0,0
direct_rca,gemma-4-26b-a4b,H,aiops2022,checkoutservice,4,0.75,0.75
direct_rca,gemma-4-26b-a4b,H,aiops2022,checkoutservice-0,2,1,1
direct_rca,gemma-4-26b-a4b,H,aiops2022,checkoutservice-1,2,0.5,0.5
direct_rca,gemma-4-26b-a4b,H,aiops2022,currencyservice,2,0,0.25
direct_rca,gemma-4-26b-a4b,H,aiops2022,currencyservice-0,1,0,0
direct_rca,gemma-4-26b-a4b,H,aiops2022,currencyservice-1,2,0.5,0.5
direct_rca,gemma-4-26b-a4b,H,aiops2022,currencyservice-2,2,0.5,0.66666667
direct_rca,gemma-4-26b-a4b,H,aiops2022,emailservice,4,0,0.175
direct_rca,gemma-4-26b-a4b,H,aiops2022,emailservice-1,2,0,0.375
direct_rca,gemma-4-26b-a4b,H,aiops2022,frontend,3,0,0.22222222
direct_rca,gemma-4-26b-a4b,H,aiops2022,frontend-0,1,1,1
direct_rca,gemma-4-26b-a4b,H,aiops2022,frontend-1,1,1,1
direct_rca,gemma-4-26b-a4b,H,aiops2022,frontend-2,1,0,0.5
direct_rca,gemma-4-26b-a4b,H,aiops2022,frontend2-0,1,1,1
direct_rca,gemma-4-26b-a4b,H,aiops2022,node-1,3,0,0.11111111
direct_rca,gemma-4-26b-a4b,H,aiops2022,node-2,3,0.33333333,0.33333333
direct_rca,gemma-4-26b-a4b,H,aiops2022,node-3,4,0.25,0.25
direct_rca,gemma-4-26b-a4b,H,aiops2022,node-4,4,0,0.1875
direct_rca,gemma-4-26b-a4b,H,aiops2022,node-5,8,0.25,0.3375
direct_rca,gemma-4-26b-a4b,H,aiops2022,node-6,7,0.57142857,0.64285714
direct_rca,gemma-4-26b-a4b,H,aiops2022,paymentservice,1,0,0
direct_rca,gemma-4-26b-a4b,H,aiops2022,productcatalogservice,4,0.25,0.25
direct_rca,gemma-4-26b-a4b,H,aiops2022,productcatalogservice-0,3,0.33333333,0.33333333
direct_rca,gemma-4-26b-a4b,H,aiops2022,productcatalogservice-1,3,0.66666667,0.66666667
direct_rca,gemma-4-26b-a4b,H,aiops2022,productcatalogservice-2,2,0.5,0.5
direct_rca,gemma-4-26b-a4b,H,aiops2022,productcatalogservice2-0,1,0,0.33333333
direct_rca,gemma-4-26b-a4b,H,aiops2022,recommendationservice,4,0.25,0.375
direct_rca,gemma-4-26b-a4b,H,aiops2022,recommendationservice-2,1,0,0
direct_rca,gemma-4-26b-a4b,H,aiops2022,recommendationservice2-0,1,0,0
direct_rca,gemma-4-26b-a4b,H,aiops2022,shippingservice,4,0.25,0.25
direct_rca,gemma-4-26b-a4b,H,aiops2022,shippingservice-0,1,0,0
direct_rca,gemma-4-26b-a4b,H,aiops2022,shippingservice-1,2,0,0
direct_rca,gemma-4-26b-a4b,H,aiops2022,shippingservice2-0,1,0,0.5
direct_rca,gemma-4-26b-a4b,H,aiops2025,adservice,14,0.14285714,0.2047619
direct_rca,gemma-4-26b-a4b,H,aiops2025,cartservice,7,0.14285714,0.14285714
direct_rca,gemma-4-26b-a4b,H,aiops2025,checkoutservice,17,0.17647059,0.27941176
direct_rca,gemma-4-26b-a4b,H,aiops2025,currencyservice,4,0.25,0.35
direct_rca,gemma-4-26b-a4b,H,aiops2025,emailservice,2,0,0
direct_rca,gemma-4-26b-a4b,H,aiops2025,frontend,3,0.66666667,0.66666667
direct_rca,gemma-4-26b-a4b,H,aiops2025,node-1,3,0,0
direct_rca,gemma-4-26b-a4b,H,aiops2025,node-3,3,0.33333333,0.44444444
direct_rca,gemma-4-26b-a4b,H,aiops2025,node-4,1,1,1
direct_rca,gemma-4-26b-a4b,H,aiops2025,node-5,4,0.25,0.25
direct_rca,gemma-4-26b-a4b,H,aiops2025,node-6,5,0.2,0.3
direct_rca,gemma-4-26b-a4b,H,aiops2025,node-7,2,0,0
direct_rca,gemma-4-26b-a4b,H,aiops2025,node-8,4,0.5,0.5
direct_rca,gemma-4-26b-a4b,H,aiops2025,paymentservice,1,0,0
direct_rca,gemma-4-26b-a4b,H,aiops2025,productcatalogservice,4,0,0.0625
direct_rca,gemma-4-26b-a4b,H,aiops2025,recommendationservice,1,0,0
direct_rca,gemma-4-26b-a4b,H,aiops2025,shippingservice,6,0,0.055555556
direct_rca,gemma-4-26b-a4b,H,aiops2025,tidb-tidb,2,0.5,0.5
direct_rca,gemma-4-26b-a4b,H,aiops2025,tidb-tikv,10,0.3,0.4
direct_rca,gemma-4-26b-a4b,H,re2_ob,checkoutservice,18,0.77777778,0.87037037
direct_rca,gemma-4-26b-a4b,H,re2_ob,currencyservice,18,0.33333333,0.52777778
direct_rca,gemma-4-26b-a4b,H,re2_ob,emailservice,18,0.77777778,0.87962963
direct_rca,gemma-4-26b-a4b,H,re2_ob,productcatalogservice,18,0.27777778,0.49537037
direct_rca,gemma-4-26b-a4b,H,re2_ob,recommendationservice,18,0.77777778,0.86111111
direct_rca,gemma-4-26b-a4b,H,re2_tt,ts-auth-service,18,0.55555556,0.63888889
direct_rca,gemma-4-26b-a4b,H,re2_tt,ts-order-service,18,0.61111111,0.71944444
direct_rca,gemma-4-26b-a4b,H,re2_tt,ts-route-service,18,0.5,0.63148148
direct_rca,gemma-4-26b-a4b,H,re2_tt,ts-train-service,18,0.72222222,0.79074074
direct_rca,gemma-4-26b-a4b,H,re2_tt,ts-travel-service,18,0.5,0.62037037
direct_rca,gemma-4-26b-a4b,P,aegislab,mysql,6,0.16666667,0.16666667
direct_rca,gemma-4-26b-a4b,P,aegislab,ts-assurance-service,5,0.6,0.6
direct_rca,gemma-4-26b-a4b,P,aegislab,ts-auth-service,4,0.25,0.25
direct_rca,gemma-4-26b-a4b,P,aegislab,ts-basic-service,19,0,0
direct_rca,gemma-4-26b-a4b,P,aegislab,ts-config-service,6,0.5,0.5
direct_rca,gemma-4-26b-a4b,P,aegislab,ts-consign-service,2,0,0
direct_rca,gemma-4-26b-a4b,P,aegislab,ts-contacts-service,2,0,0
direct_rca,gemma-4-26b-a4b,P,aegislab,ts-food-service,3,0.33333333,0.33333333
direct_rca,gemma-4-26b-a4b,P,aegislab,ts-inside-payment-service,2,0.5,0.5
direct_rca,gemma-4-26b-a4b,P,aegislab,ts-order-other-service,4,0,0
direct_rca,gemma-4-26b-a4b,P,aegislab,ts-order-service,5,0.4,0.4
direct_rca,gemma-4-26b-a4b,P,aegislab,ts-preserve-service,5,0.2,0.2
direct_rca,gemma-4-26b-a4b,P,aegislab,ts-price-service,2,0,0
direct_rca,gemma-4-26b-a4b,P,aegislab,ts-route-plan-service,6,0.16666667,0.16666667
direct_rca,gemma-4-26b-a4b,P,aegislab,ts-route-service,4,0.25,0.25
direct_rca,gemma-4-26b-a4b,P,aegislab,ts-seat-service,6,0.16666667,0.16666667
direct_rca,gemma-4-26b-a4b,P,aegislab,ts-security-service,1,0,0
direct_rca,gemma-4-26b-a4b,P,aegislab,ts-station-food-service,1,0,0
direct_rca,gemma-4-26b-a4b,P,aegislab,ts-station-service,1,0,0
direct_rca,gemma-4-26b-a4b,P,aegislab,ts-train-service,2,0.5,0.5
direct_rca,gemma-4-26b-a4b,P,aegislab,ts-travel-plan-service,3,1,1
direct_rca,gemma-4-26b-a4b,P,aegislab,ts-travel-service,3,0,0
direct_rca,gemma-4-26b-a4b,P,aegislab,ts-travel2-service,2,1,1
direct_rca,gemma-4-26b-a4b,P,aegislab,ts-user-service,1,1,1
direct_rca,gemma-4-26b-a4b,P,aegislab,ts-verification-code-service,1,0,0
direct_rca,gemma-4-26b-a4b,P,aiops2022,adservice,2,0,0.1
direct_rca,gemma-4-26b-a4b,P,aiops2022,adservice-0,1,0,0
direct_rca,gemma-4-26b-a4b,P,aiops2022,adservice-1,3,0.66666667,0.66666667
direct_rca,gemma-4-26b-a4b,P,aiops2022,adservice2-0,1,1,1
direct_rca,gemma-4-26b-a4b,P,aiops2022,cartservice,5,0.4,0.4
direct_rca,gemma-4-26b-a4b,P,aiops2022,cartservice-0,2,0,0
direct_rca,gemma-4-26b-a4b,P,aiops2022,cartservice2-0,1,0,0
direct_rca,gemma-4-26b-a4b,P,aiops2022,checkoutservice,4,0.75,0.75
direct_rca,gemma-4-26b-a4b,P,aiops2022,checkoutservice-0,2,1,1
direct_rca,gemma-4-26b-a4b,P,aiops2022,checkoutservice-1,2,0,0
direct_rca,gemma-4-26b-a4b,P,aiops2022,currencyservice,2,0,0
direct_rca,gemma-4-26b-a4b,P,aiops2022,currencyservice-0,1,0,0
direct_rca,gemma-4-26b-a4b,P,aiops2022,currencyservice-1,2,0,0
direct_rca,gemma-4-26b-a4b,P,aiops2022,currencyservice-2,2,0,0.16666667
direct_rca,gemma-4-26b-a4b,P,aiops2022,emailservice,4,0,0
direct_rca,gemma-4-26b-a4b,P,aiops2022,emailservice-1,2,0.5,0.5
direct_rca,gemma-4-26b-a4b,P,aiops2022,frontend,3,0,0
direct_rca,gemma-4-26b-a4b,P,aiops2022,frontend-0,1,1,1
direct_rca,gemma-4-26b-a4b,P,aiops2022,frontend-1,1,1,1
direct_rca,gemma-4-26b-a4b,P,aiops2022,frontend-2,1,0,0
direct_rca,gemma-4-26b-a4b,P,aiops2022,frontend2-0,1,0,0
direct_rca,gemma-4-26b-a4b,P,aiops2022,node-1,3,0,0
direct_rca,gemma-4-26b-a4b,P,aiops2022,node-2,3,0.33333333,0.33333333
direct_rca,gemma-4-26b-a4b,P,aiops2022,node-3,4,0.25,0.25
direct_rca,gemma-4-26b-a4b,P,aiops2022,node-4,4,0.25,0.25
direct_rca,gemma-4-26b-a4b,P,aiops2022,node-5,8,0.25,0.25
direct_rca,gemma-4-26b-a4b,P,aiops2022,node-6,7,0.57142857,0.57142857
direct_rca,gemma-4-26b-a4b,P,aiops2022,paymentservice,1,0,0
direct_rca,gemma-4-26b-a4b,P,aiops2022,productcatalogservice,4,0,0
direct_rca,gemma-4-26b-a4b,P,aiops2022,productcatalogservice-0,3,0.33333333,0.33333333
direct_rca,gemma-4-26b-a4b,P,aiops2022,productcatalogservice-1,3,0,0.083333333
direct_rca,gemma-4-26b-a4b,P,aiops2022,productcatalogservice-2,2,0.5,0.5
direct_rca,gemma-4-26b-a4b,P,aiops2022,productcatalogservice2-0,1,1,1
direct_rca,gemma-4-26b-a4b,P,aiops2022,recommendationservice,4,0,0
direct_rca,gemma-4-26b-a4b,P,aiops2022,recommendationservice-2,1,0,0.33333333
direct_rca,gemma-4-26b-a4b,P,aiops2022,recommendationservice2-0,1,0,0
direct_rca,gemma-4-26b-a4b,P,aiops2022,shippingservice,4,0.25,0.25
direct_rca,gemma-4-26b-a4b,P,aiops2022,shippingservice-0,1,0,0
direct_rca,gemma-4-26b-a4b,P,aiops2022,shippingservice-1,2,0,0
direct_rca,gemma-4-26b-a4b,P,aiops2022,shippingservice2-0,1,0,0
direct_rca,gemma-4-26b-a4b,P,aiops2025,adservice,14,0.14285714,0.14285714
direct_rca,gemma-4-26b-a4b,P,aiops2025,cartservice,7,0.14285714,0.14285714
direct_rca,gemma-4-26b-a4b,P,aiops2025,checkoutservice,17,0.11764706,0.11764706
direct_rca,gemma-4-26b-a4b,P,aiops2025,currencyservice,4,0.25,0.25
direct_rca,gemma-4-26b-a4b,P,aiops2025,emailservice,2,0,0
direct_rca,gemma-4-26b-a4b,P,aiops2025,frontend,3,0.66666667,0.66666667
direct_rca,gemma-4-26b-a4b,P,aiops2025,node-1,3,0,0
direct_rca,gemma-4-26b-a4b,P,aiops2025,node-3,3,0.33333333,0.33333333
direct_rca,gemma-4-26b-a4b,P,aiops2025,node-4,1,1,1
direct_rca,gemma-4-26b-a4b,P,aiops2025,node-5,4,0,0.125
direct_rca,gemma-4-26b-a4b,P,aiops2025,node-6,5,0.2,0.2
direct_rca,gemma-4-26b-a4b,P,aiops2025,node-7,2,0.5,0.5
direct_rca,gemma-4-26b-a4b,P,aiops2025,node-8,4,0,0
direct_rca,gemma-4-26b-a4b,P,aiops2025,paymentservice,1,0,0
direct_rca,gemma-4-26b-a4b,P,aiops2025,productcatalogservice,4,0,0
direct_rca,gemma-4-26b-a4b,P,aiops2025,recommendationservice,1,0,0
direct_rca,gemma-4-26b-a4b,P,aiops2025,shippingservice,6,0,0
direct_rca,gemma-4-26b-a4b,P,aiops2025,tidb-tidb,2,0,0
direct_rca,gemma-4-26b-a4b,P,aiops2025,tidb-tikv,10,0.2,0.2
direct_rca,gemma-4-26b-a4b,P,re2_ob,checkoutservice,18,0.72222222,0.74074074
direct_rca,gemma-4-26b-a4b,P,re2_ob,currencyservice,18,0.38888889,0.38888889
direct_rca,gemma-4-26b-a4b,P,re2_ob,emailservice,18,0.72222222,0.72222222
direct_rca,gemma-4-26b-a4b,P,re2_ob,productcatalogservice,18,0.055555556,0.055555556
direct_rca,gemma-4-26b-a4b,P,re2_ob,recommendationservice,18,0.83333333,0.83333333
direct_rca,gemma-4-26b-a4b,P,re2_tt,ts-auth-service,18,0.27777778,0.27777778
direct_rca,gemma-4-26b-a4b,P,re2_tt,ts-order-service,18,0.22222222,0.22222222
direct_rca,gemma-4-26b-a4b,P,re2_tt,ts-route-service,18,0.5,0.5
direct_rca,gemma-4-26b-a4b,P,re2_tt,ts-train-service,18,0.5,0.5
direct_rca,gemma-4-26b-a4b,P,re2_tt,ts-travel-service,18,0.16666667,0.16666667
direct_rca,gemma-4-26b-a4b,R,aegislab,mysql,6,0.5,0.5
direct_rca,gemma-4-26b-a4b,R,aegislab,ts-assurance-service,5,0.6,0.66666667
direct_rca,gemma-4-26b-a4b,R,aegislab,ts-auth-service,4,0.5,0.5
direct_rca,gemma-4-26b-a4b,R,aegislab,ts-basic-service,19,0.21052632,0.23859649
direct_rca,gemma-4-26b-a4b,R,aegislab,ts-config-service,6,0.16666667,0.25
direct_rca,gemma-4-26b-a4b,R,aegislab,ts-consign-service,2,0.5,0.5
direct_rca,gemma-4-26b-a4b,R,aegislab,ts-contacts-service,2,0,0
direct_rca,gemma-4-26b-a4b,R,aegislab,ts-food-service,3,0.33333333,0.33333333
direct_rca,gemma-4-26b-a4b,R,aegislab,ts-inside-payment-service,2,1,1
direct_rca,gemma-4-26b-a4b,R,aegislab,ts-order-other-service,4,0.5,0.5
direct_rca,gemma-4-26b-a4b,R,aegislab,ts-order-service,5,0.4,0.46666667
direct_rca,gemma-4-26b-a4b,R,aegislab,ts-preserve-service,5,0.4,0.6
direct_rca,gemma-4-26b-a4b,R,aegislab,ts-price-service,2,1,1
direct_rca,gemma-4-26b-a4b,R,aegislab,ts-route-plan-service,6,0.5,0.55555556
direct_rca,gemma-4-26b-a4b,R,aegislab,ts-route-service,4,0.5,0.5
direct_rca,gemma-4-26b-a4b,R,aegislab,ts-seat-service,6,0.33333333,0.38888889
direct_rca,gemma-4-26b-a4b,R,aegislab,ts-security-service,1,0,0.5
direct_rca,gemma-4-26b-a4b,R,aegislab,ts-station-food-service,1,1,1
direct_rca,gemma-4-26b-a4b,R,aegislab,ts-station-service,1,1,1
direct_rca,gemma-4-26b-a4b,R,aegislab,ts-train-service,2,0,0
direct_rca,gemma-4-26b-a4b,R,aegislab,ts-travel-plan-service,3,0.66666667,0.66666667
direct_rca,gemma-4-26b-a4b,R,aegislab,ts-travel-service,3,0.33333333,0.5
direct_rca,gemma-4-26b-a4b,R,aegislab,ts-travel2-service,2,1,1
direct_rca,gemma-4-26b-a4b,R,aegislab,ts-user-service,1,1,1
direct_rca,gemma-4-26b-a4b,R,aegislab,ts-verification-code-service,1,0,0
direct_rca,gemma-4-26b-a4b,R,aiops2022,adservice,2,0,0.16666667
direct_rca,gemma-4-26b-a4b,R,aiops2022,adservice-0,1,0,0
direct_rca,gemma-4-26b-a4b,R,aiops2022,adservice-1,3,0.66666667,0.66666667
direct_rca,gemma-4-26b-a4b,R,aiops2022,adservice2-0,1,1,1
direct_rca,gemma-4-26b-a4b,R,aiops2022,cartservice,5,0,0.2
direct_rca,gemma-4-26b-a4b,R,aiops2022,cartservice-0,2,0,0
direct_rca,gemma-4-26b-a4b,R,aiops2022,cartservice2-0,1,0,0
direct_rca,gemma-4-26b-a4b,R,aiops2022,checkoutservice,4,0.75,0.75
direct_rca,gemma-4-26b-a4b,R,aiops2022,checkoutservice-0,2,1,1
direct_rca,gemma-4-26b-a4b,R,aiops2022,checkoutservice-1,2,0,0.16666667
direct_rca,gemma-4-26b-a4b,R,aiops2022,currencyservice,2,0,0.125
direct_rca,gemma-4-26b-a4b,R,aiops2022,currencyservice-0,1,0,0
direct_rca,gemma-4-26b-a4b,R,aiops2022,currencyservice-1,2,0.5,0.5
direct_rca,gemma-4-26b-a4b,R,aiops2022,currencyservice-2,2,0.5,0.66666667
direct_rca,gemma-4-26b-a4b,R,aiops2022,emailservice,4,0,0.16666667
direct_rca,gemma-4-26b-a4b,R,aiops2022,emailservice-1,2,0,0.25
direct_rca,gemma-4-26b-a4b,R,aiops2022,frontend,3,0,0
direct_rca,gemma-4-26b-a4b,R,aiops2022,frontend-0,1,1,1
direct_rca,gemma-4-26b-a4b,R,aiops2022,frontend-1,1,1,1
direct_rca,gemma-4-26b-a4b,R,aiops2022,frontend-2,1,0,0
direct_rca,gemma-4-26b-a4b,R,aiops2022,frontend2-0,1,0,0
direct_rca,gemma-4-26b-a4b,R,aiops2022,node-1,3,0,0
direct_rca,gemma-4-26b-a4b,R,aiops2022,node-2,3,0,0
direct_rca,gemma-4-26b-a4b,R,aiops2022,node-3,4,0.25,0.25
direct_rca,gemma-4-26b-a4b,R,aiops2022,node-4,4,0,0.0625
direct_rca,gemma-4-26b-a4b,R,aiops2022,node-5,8,0.375,0.375
direct_rca,gemma-4-26b-a4b,R,aiops2022,node-6,7,0.42857143,0.5
direct_rca,gemma-4-26b-a4b,R,aiops2022,paymentservice,1,0,0
direct_rca,gemma-4-26b-a4b,R,aiops2022,productcatalogservice,4,0,0
direct_rca,gemma-4-26b-a4b,R,aiops2022,productcatalogservice-0,3,0.33333333,0.33333333
direct_rca,gemma-4-26b-a4b,R,aiops2022,productcatalogservice-1,3,0,0
direct_rca,gemma-4-26b-a4b,R,aiops2022,productcatalogservice-2,2,0.5,0.5
direct_rca,gemma-4-26b-a4b,R,aiops2022,productcatalogservice2-0,1,0,0.33333333
direct_rca,gemma-4-26b-a4b,R,aiops2022,recommendationservice,4,0,0.125
direct_rca,gemma-4-26b-a4b,R,aiops2022,recommendationservice-2,1,0,0
direct_rca,gemma-4-26b-a4b,R,aiops2022,recommendationservice2-0,1,0,0
direct_rca,gemma-4-26b-a4b,R,aiops2022,shippingservice,4,0.25,0.25
direct_rca,gemma-4-26b-a4b,R,aiops2022,shippingservice-0,1,0,0
direct_rca,gemma-4-26b-a4b,R,aiops2022,shippingservice-1,2,0,0
direct_rca,gemma-4-26b-a4b,R,aiops2022,shippingservice2-0,1,0,0.5
direct_rca,gemma-4-26b-a4b,R,aiops2025,adservice,14,0.071428571,0.13095238
direct_rca,gemma-4-26b-a4b,R,aiops2025,cartservice,7,0.14285714,0.19047619
direct_rca,gemma-4-26b-a4b,R,aiops2025,checkoutservice,17,0.29411765,0.33823529
direct_rca,gemma-4-26b-a4b,R,aiops2025,currencyservice,4,0.25,0.25
direct_rca,gemma-4-26b-a4b,R,aiops2025,emailservice,2,0,0
direct_rca,gemma-4-26b-a4b,R,aiops2025,frontend,3,0.66666667,0.66666667
direct_rca,gemma-4-26b-a4b,R,aiops2025,node-1,3,0,0
direct_rca,gemma-4-26b-a4b,R,aiops2025,node-3,3,0.66666667,0.66666667
direct_rca,gemma-4-26b-a4b,R,aiops2025,node-4,1,0,0.33333333
direct_rca,gemma-4-26b-a4b,R,aiops2025,node-5,4,0.25,0.25
direct_rca,gemma-4-26b-a4b,R,aiops2025,node-6,5,0.2,0.24
direct_rca,gemma-4-26b-a4b,R,aiops2025,node-7,2,0.5,0.5
direct_rca,gemma-4-26b-a4b,R,aiops2025,node-8,4,0.25,0.375
direct_rca,gemma-4-26b-a4b,R,aiops2025,paymentservice,1,0,0
direct_rca,gemma-4-26b-a4b,R,aiops2025,productcatalogservice,4,0,0
direct_rca,gemma-4-26b-a4b,R,aiops2025,recommendationservice,1,0,0
direct_rca,gemma-4-26b-a4b,R,aiops2025,shippingservice,6,0,0.055555556
direct_rca,gemma-4-26b-a4b,R,aiops2025,tidb-tidb,2,0,0
direct_rca,gemma-4-26b-a4b,R,aiops2025,tidb-tikv,10,0.2,0.2
direct_rca,gemma-4-26b-a4b,R,re2_ob,checkoutservice,18,0.83333333,0.87962963
direct_rca,gemma-4-26b-a4b,R,re2_ob,currencyservice,18,0.61111111,0.68518519
direct_rca,gemma-4-26b-a4b,R,re2_ob,emailservice,18,1,1
direct_rca,gemma-4-26b-a4b,R,re2_ob,productcatalogservice,18,0.44444444,0.54166667
direct_rca,gemma-4-26b-a4b,R,re2_ob,recommendationservice,18,0.88888889,0.90740741
direct_rca,gemma-4-26b-a4b,R,re2_tt,ts-auth-service,18,0.55555556,0.58333333
direct_rca,gemma-4-26b-a4b,R,re2_tt,ts-order-service,18,0.61111111,0.68055556
direct_rca,gemma-4-26b-a4b,R,re2_tt,ts-route-service,18,0.5,0.56666667
direct_rca,gemma-4-26b-a4b,R,re2_tt,ts-train-service,18,0.66666667,0.69444444
direct_rca,gemma-4-26b-a4b,R,re2_tt,ts-travel-service,18,0.61111111,0.71296296
direct_rca,gemma-4-26b-a4b,T,aegislab,mysql,6,0.16666667,0.43055556
direct_rca,gemma-4-26b-a4b,T,aegislab,ts-assurance-service,5,0.8,0.9
direct_rca,gemma-4-26b-a4b,T,aegislab,ts-auth-service,4,0.75,0.75
direct_rca,gemma-4-26b-a4b,T,aegislab,ts-basic-service,19,0.21052632,0.27368421
direct_rca,gemma-4-26b-a4b,T,aegislab,ts-config-service,6,0.5,0.5
direct_rca,gemma-4-26b-a4b,T,aegislab,ts-consign-service,2,0.5,0.5
direct_rca,gemma-4-26b-a4b,T,aegislab,ts-contacts-service,2,0.5,0.5
direct_rca,gemma-4-26b-a4b,T,aegislab,ts-food-service,3,0.33333333,0.5
direct_rca,gemma-4-26b-a4b,T,aegislab,ts-inside-payment-service,2,1,1
direct_rca,gemma-4-26b-a4b,T,aegislab,ts-order-other-service,4,0.5,0.5
direct_rca,gemma-4-26b-a4b,T,aegislab,ts-order-service,5,0.6,0.64
direct_rca,gemma-4-26b-a4b,T,aegislab,ts-preserve-service,5,0.4,0.51666667
direct_rca,gemma-4-26b-a4b,T,aegislab,ts-price-service,2,1,1
direct_rca,gemma-4-26b-a4b,T,aegislab,ts-route-plan-service,6,0.5,0.5
direct_rca,gemma-4-26b-a4b,T,aegislab,ts-route-service,4,0,0.33333333
direct_rca,gemma-4-26b-a4b,T,aegislab,ts-seat-service,6,0.16666667,0.22222222
direct_rca,gemma-4-26b-a4b,T,aegislab,ts-security-service,1,0,0.5
direct_rca,gemma-4-26b-a4b,T,aegislab,ts-station-food-service,1,1,1
direct_rca,gemma-4-26b-a4b,T,aegislab,ts-station-service,1,1,1
direct_rca,gemma-4-26b-a4b,T,aegislab,ts-train-service,2,0,0.25
direct_rca,gemma-4-26b-a4b,T,aegislab,ts-travel-plan-service,3,0.66666667,0.75
direct_rca,gemma-4-26b-a4b,T,aegislab,ts-travel-service,3,0.33333333,0.4
direct_rca,gemma-4-26b-a4b,T,aegislab,ts-travel2-service,2,0.5,0.5
direct_rca,gemma-4-26b-a4b,T,aegislab,ts-user-service,1,1,1
direct_rca,gemma-4-26b-a4b,T,aegislab,ts-verification-code-service,1,0,0
direct_rca,gemma-4-26b-a4b,T,aiops2022,adservice,2,0.5,0.75
direct_rca,gemma-4-26b-a4b,T,aiops2022,adservice-0,1,1,1
direct_rca,gemma-4-26b-a4b,T,aiops2022,adservice-1,3,0.33333333,0.44444444
direct_rca,gemma-4-26b-a4b,T,aiops2022,adservice2-0,1,1,1
direct_rca,gemma-4-26b-a4b,T,aiops2022,cartservice,5,0,0.3
direct_rca,gemma-4-26b-a4b,T,aiops2022,cartservice-0,2,0,0.25
direct_rca,gemma-4-26b-a4b,T,aiops2022,cartservice2-0,1,0,0
direct_rca,gemma-4-26b-a4b,T,aiops2022,checkoutservice,4,1,1
direct_rca,gemma-4-26b-a4b,T,aiops2022,checkoutservice-0,2,1,1
direct_rca,gemma-4-26b-a4b,T,aiops2022,checkoutservice-1,2,0.5,0.5
direct_rca,gemma-4-26b-a4b,T,aiops2022,currencyservice,2,0,0.25
direct_rca,gemma-4-26b-a4b,T,aiops2022,currencyservice-0,1,0,0
direct_rca,gemma-4-26b-a4b,T,aiops2022,currencyservice-1,2,0.5,0.5
direct_rca,gemma-4-26b-a4b,T,aiops2022,currencyservice-2,2,1,1
direct_rca,gemma-4-26b-a4b,T,aiops2022,emailservice,4,0,0.20833333
direct_rca,gemma-4-26b-a4b,T,aiops2022,emailservice-1,2,0.5,0.5
direct_rca,gemma-4-26b-a4b,T,aiops2022,frontend,3,0,0.11111111
direct_rca,gemma-4-26b-a4b,T,aiops2022,frontend-0,1,0,0
direct_rca,gemma-4-26b-a4b,T,aiops2022,frontend-1,1,0,0.25
direct_rca,gemma-4-26b-a4b,T,aiops2022,frontend-2,1,0,0
direct_rca,gemma-4-26b-a4b,T,aiops2022,frontend2-0,1,1,1
direct_rca,gemma-4-26b-a4b,T,aiops2022,node-1,3,0,0.16666667
direct_rca,gemma-4-26b-a4b,T,aiops2022,node-2,3,0.33333333,0.33333333
direct_rca,gemma-4-26b-a4b,T,aiops2022,node-3,4,0.25,0.25
direct_rca,gemma-4-26b-a4b,T,aiops2022,node-4,4,0.25,0.25
direct_rca,gemma-4-26b-a4b,T,aiops2022,node-5,8,0.375,0.4
direct_rca,gemma-4-26b-a4b,T,aiops2022,node-6,7,0.71428571,0.78571429
direct_rca,gemma-4-26b-a4b,T,aiops2022,paymentservice,1,0,0
direct_rca,gemma-4-26b-a4b,T,aiops2022,productcatalogservice,4,0,0.125
direct_rca,gemma-4-26b-a4b,T,aiops2022,productcatalogservice-0,3,0.33333333,0.33333333
direct_rca,gemma-4-26b-a4b,T,aiops2022,productcatalogservice-1,3,0.66666667,0.66666667
direct_rca,gemma-4-26b-a4b,T,aiops2022,productcatalogservice-2,2,1,1
direct_rca,gemma-4-26b-a4b,T,aiops2022,productcatalogservice2-0,1,1,1
direct_rca,gemma-4-26b-a4b,T,aiops2022,recommendationservice,4,0.25,0.25
direct_rca,gemma-4-26b-a4b,T,aiops2022,recommendationservice-2,1,0,0.33333333
direct_rca,gemma-4-26b-a4b,T,aiops2022,recommendationservice2-0,1,0,0
direct_rca,gemma-4-26b-a4b,T,aiops2022,shippingservice,4,0,0.175
direct_rca,gemma-4-26b-a4b,T,aiops2022,shippingservice-0,1,0,0
direct_rca,gemma-4-26b-a4b,T,aiops2022,shippingservice-1,2,0,0
direct_rca,gemma-4-26b-a4b,T,aiops2022,shippingservice2-0,1,0,0.5
direct_rca,gemma-4-26b-a4b,T,aiops2025,adservice,14,0.21428571,0.22857143
direct_rca,gemma-4-26b-a4b,T,aiops2025,cartservice,7,0.14285714,0.14285714
direct_rca,gemma-4-26b-a4b,T,aiops2025,checkoutservice,17,0.11764706,0.19509804
direct_rca,gemma-4-26b-a4b,T,aiops2025,currencyservice,4,0.25,0.33333333
direct_rca,gemma-4-26b-a4b,T,aiops2025,emailservice,2,0,0
direct_rca,gemma-4-26b-a4b,T,aiops2025,frontend,3,0.66666667,0.66666667
direct_rca,gemma-4-26b-a4b,T,aiops2025,node-1,3,0,0
direct_rca,gemma-4-26b-a4b,T,aiops2025,node-3,3,0.33333333,0.61111111
direct_rca,gemma-4-26b-a4b,T,aiops2025,node-4,1,1,1
direct_rca,gemma-4-26b-a4b,T,aiops2025,node-5,4,0.25,0.3
direct_rca,gemma-4-26b-a4b,T,aiops2025,node-6,5,0.2,0.2
direct_rca,gemma-4-26b-a4b,T,aiops2025,node-7,2,0,0.25
direct_rca,gemma-4-26b-a4b,T,aiops2025,node-8,4,0.5,0.5
direct_rca,gemma-4-26b-a4b,T,aiops2025,paymentservice,1,0,0
direct_rca,gemma-4-26b-a4b,T,aiops2025,productcatalogservice,4,0,0.125
direct_rca,gemma-4-26b-a4b,T,aiops2025,recommendationservice,1,0,0
direct_rca,gemma-4-26b-a4b,T,aiops2025,shippingservice,6,0,0.055555556
direct_rca,gemma-4-26b-a4b,T,aiops2025,tidb-tidb,2,0,0
direct_rca,gemma-4-26b-a4b,T,aiops2025,tidb-tikv,10,0.2,0.35
direct_rca,gemma-4-26b-a4b,T,re2_ob,checkoutservice,18,0.94444444,0.97222222
direct_rca,gemma-4-26b-a4b,T,re2_ob,currencyservice,18,0.5,0.66388889
direct_rca,gemma-4-26b-a4b,T,re2_ob,emailservice,18,0.83333333,0.90740741
direct_rca,gemma-4-26b-a4b,T,re2_ob,productcatalogservice,18,0.5,0.625
direct_rca,gemma-4-26b-a4b,T,re2_ob,recommendationservice,18,0.72222222,0.84259259
direct_rca,gemma-4-26b-a4b,T,re2_tt,ts-auth-service,18,0.66666667,0.69444444
direct_rca,gemma-4-26b-a4b,T,re2_tt,ts-order-service,18,0.61111111,0.73796296
direct_rca,gemma-4-26b-a4b,T,re2_tt,ts-route-service,18,0.55555556,0.67777778
direct_rca,gemma-4-26b-a4b,T,re2_tt,ts-train-service,18,0.72222222,0.775
direct_rca,gemma-4-26b-a4b,T,re2_tt,ts-travel-service,18,0.61111111,0.68240741
direct_rca,gemma-4-26b-a4b,V,aegislab,mysql,6,0.33333333,0.33333333
direct_rca,gemma-4-26b-a4b,V,aegislab,ts-assurance-service,5,0.4,0.5
direct_rca,gemma-4-26b-a4b,V,aegislab,ts-auth-service,4,0.75,0.75
direct_rca,gemma-4-26b-a4b,V,aegislab,ts-basic-service,19,0.15789474,0.15789474
direct_rca,gemma-4-26b-a4b,V,aegislab,ts-config-service,6,0.33333333,0.41666667
direct_rca,gemma-4-26b-a4b,V,aegislab,ts-consign-service,2,0,0
direct_rca,gemma-4-26b-a4b,V,aegislab,ts-contacts-service,2,1,1
direct_rca,gemma-4-26b-a4b,V,aegislab,ts-food-service,3,0.33333333,0.33333333
direct_rca,gemma-4-26b-a4b,V,aegislab,ts-inside-payment-service,2,1,1
direct_rca,gemma-4-26b-a4b,V,aegislab,ts-order-other-service,4,0.25,0.4375
direct_rca,gemma-4-26b-a4b,V,aegislab,ts-order-service,5,0.4,0.4
direct_rca,gemma-4-26b-a4b,V,aegislab,ts-preserve-service,5,0,0.1
direct_rca,gemma-4-26b-a4b,V,aegislab,ts-price-service,2,1,1
direct_rca,gemma-4-26b-a4b,V,aegislab,ts-route-plan-service,6,0.33333333,0.33333333
direct_rca,gemma-4-26b-a4b,V,aegislab,ts-route-service,4,0.25,0.25
direct_rca,gemma-4-26b-a4b,V,aegislab,ts-seat-service,6,0.16666667,0.16666667
direct_rca,gemma-4-26b-a4b,V,aegislab,ts-security-service,1,0,0.5
direct_rca,gemma-4-26b-a4b,V,aegislab,ts-station-food-service,1,1,1
direct_rca,gemma-4-26b-a4b,V,aegislab,ts-station-service,1,1,1
direct_rca,gemma-4-26b-a4b,V,aegislab,ts-train-service,2,0,0
direct_rca,gemma-4-26b-a4b,V,aegislab,ts-travel-plan-service,3,0.66666667,0.66666667
direct_rca,gemma-4-26b-a4b,V,aegislab,ts-travel-service,3,0.66666667,0.66666667
direct_rca,gemma-4-26b-a4b,V,aegislab,ts-travel2-service,2,0.5,0.5
direct_rca,gemma-4-26b-a4b,V,aegislab,ts-user-service,1,1,1
direct_rca,gemma-4-26b-a4b,V,aegislab,ts-verification-code-service,1,0,0
direct_rca,gemma-4-26b-a4b,V,aiops2022,adservice,2,0,0
direct_rca,gemma-4-26b-a4b,V,aiops2022,adservice-0,1,0,0
direct_rca,gemma-4-26b-a4b,V,aiops2022,adservice-1,3,0.66666667,0.66666667
direct_rca,gemma-4-26b-a4b,V,aiops2022,adservice2-0,1,1,1
direct_rca,gemma-4-26b-a4b,V,aiops2022,cartservice,5,0,0.066666667
direct_rca,gemma-4-26b-a4b,V,aiops2022,cartservice-0,2,0,0
direct_rca,gemma-4-26b-a4b,V,aiops2022,cartservice2-0,1,0,0
direct_rca,gemma-4-26b-a4b,V,aiops2022,checkoutservice,4,0.5,0.5
direct_rca,gemma-4-26b-a4b,V,aiops2022,checkoutservice-0,2,1,1
direct_rca,gemma-4-26b-a4b,V,aiops2022,checkoutservice-1,2,0.5,0.5
direct_rca,gemma-4-26b-a4b,V,aiops2022,currencyservice,2,0,0
direct_rca,gemma-4-26b-a4b,V,aiops2022,currencyservice-0,1,0,0
direct_rca,gemma-4-26b-a4b,V,aiops2022,currencyservice-1,2,0.5,0.5
direct_rca,gemma-4-26b-a4b,V,aiops2022,currencyservice-2,2,0.5,0.75
direct_rca,gemma-4-26b-a4b,V,aiops2022,emailservice,4,0,0
direct_rca,gemma-4-26b-a4b,V,aiops2022,emailservice-1,2,0,0.25
direct_rca,gemma-4-26b-a4b,V,aiops2022,frontend,3,0,0
direct_rca,gemma-4-26b-a4b,V,aiops2022,frontend-0,1,1,1
direct_rca,gemma-4-26b-a4b,V,aiops2022,frontend-1,1,1,1
direct_rca,gemma-4-26b-a4b,V,aiops2022,frontend-2,1,0,0.5
direct_rca,gemma-4-26b-a4b,V,aiops2022,frontend2-0,1,0,0
direct_rca,gemma-4-26b-a4b,V,aiops2022,node-1,3,0,0
direct_rca,gemma-4-26b-a4b,V,aiops2022,node-2,3,0,0
direct_rca,gemma-4-26b-a4b,V,aiops2022,node-3,4,0,0.125
direct_rca,gemma-4-26b-a4b,V,aiops2022,node-4,4,0,0
direct_rca,gemma-4-26b-a4b,V,aiops2022,node-5,8,0.25,0.3125
direct_rca,gemma-4-26b-a4b,V,aiops2022,node-6,7,0.42857143,0.42857143
direct_rca,gemma-4-26b-a4b,V,aiops2022,paymentservice,1,0,0
direct_rca,gemma-4-26b-a4b,V,aiops2022,productcatalogservice,4,0,0
direct_rca,gemma-4-26b-a4b,V,aiops2022,productcatalogservice-0,3,0.33333333,0.33333333
direct_rca,gemma-4-26b-a4b,V,aiops2022,productcatalogservice-1,3,0,0
direct_rca,gemma-4-26b-a4b,V,aiops2022,productcatalogservice-2,2,0.5,0.5
direct_rca,gemma-4-26b-a4b,V,aiops2022,productcatalogservice2-0,1,0,0.33333333
direct_rca,gemma-4-26b-a4b,V,aiops2022,recommendationservice,4,0.25,0.25
direct_rca,gemma-4-26b-a4b,V,aiops2022,recommendationservice-2,1,0,0
direct_rca,gemma-4-26b-a4b,V,aiops2022,recommendationservice2-0,1,0,0
direct_rca,gemma-4-26b-a4b,V,aiops2022,shippingservice,4,0.25,0.25
direct_rca,gemma-4-26b-a4b,V,aiops2022,shippingservice-0,1,0,0
direct_rca,gemma-4-26b-a4b,V,aiops2022,shippingservice-1,2,0,0
direct_rca,gemma-4-26b-a4b,V,aiops2022,shippingservice2-0,1,0,0
direct_rca,gemma-4-26b-a4b,V,aiops2025,adservice,14,0.071428571,0.089285714
direct_rca,gemma-4-26b-a4b,V,aiops2025,cartservice,7,0,0
direct_rca,gemma-4-26b-a4b,V,aiops2025,checkoutservice,17,0.23529412,0.25490196
direct_rca,gemma-4-26b-a4b,V,aiops2025,currencyservice,4,0,0.0625
direct_rca,gemma-4-26b-a4b,V,aiops2025,emailservice,2,0,0
direct_rca,gemma-4-26b-a4b,V,aiops2025,frontend,3,0.66666667,0.66666667
direct_rca,gemma-4-26b-a4b,V,aiops2025,node-1,3,0,0
direct_rca,gemma-4-26b-a4b,V,aiops2025,node-3,3,0.66666667,0.66666667
direct_rca,gemma-4-26b-a4b,V,aiops2025,node-4,1,0,0
direct_rca,gemma-4-26b-a4b,V,aiops2025,node-5,4,0.25,0.25
direct_rca,gemma-4-26b-a4b,V,aiops2025,node-6,5,0.2,0.25
direct_rca,gemma-4-26b-a4b,V,aiops2025,node-7,2,0.5,0.5
direct_rca,gemma-4-26b-a4b,V,aiops2025,node-8,4,0.5,0.5
direct_rca,gemma-4-26b-a4b,V,aiops2025,paymentservice,1,0,0
direct_rca,gemma-4-26b-a4b,V,aiops2025,productcatalogservice,4,0,0.0625
direct_rca,gemma-4-26b-a4b,V,aiops2025,recommendationservice,1,0,0
direct_rca,gemma-4-26b-a4b,V,aiops2025,shippingservice,6,0,0.083333333
direct_rca,gemma-4-26b-a4b,V,aiops2025,tidb-tidb,2,0,0
direct_rca,gemma-4-26b-a4b,V,aiops2025,tidb-tikv,10,0.2,0.2
direct_rca,gemma-4-26b-a4b,V,re2_ob,checkoutservice,18,0.55555556,0.62962963
direct_rca,gemma-4-26b-a4b,V,re2_ob,currencyservice,18,0.66666667,0.77777778
direct_rca,gemma-4-26b-a4b,V,re2_ob,emailservice,18,1,1
direct_rca,gemma-4-26b-a4b,V,re2_ob,productcatalogservice,18,0.5,0.56944444
direct_rca,gemma-4-26b-a4b,V,re2_ob,recommendationservice,18,0.66666667,0.73148148
direct_rca,gemma-4-26b-a4b,V,re2_tt,ts-auth-service,18,0.5,0.5
direct_rca,gemma-4-26b-a4b,V,re2_tt,ts-order-service,18,0.44444444,0.5462963
direct_rca,gemma-4-26b-a4b,V,re2_tt,ts-route-service,18,0.44444444,0.48333333
direct_rca,gemma-4-26b-a4b,V,re2_tt,ts-train-service,18,0.66666667,0.66666667
direct_rca,gemma-4-26b-a4b,V,re2_tt,ts-travel-service,18,0.61111111,0.62962963
direct_rca,qwen3.6-27b,F,aegislab,mysql,6,0.5,0.68055556
direct_rca,qwen3.6-27b,F,aegislab,ts-assurance-service,5,0.8,0.86666667
direct_rca,qwen3.6-27b,F,aegislab,ts-auth-service,4,0.5,0.625
direct_rca,qwen3.6-27b,F,aegislab,ts-basic-service,19,0.26315789,0.35087719
direct_rca,qwen3.6-27b,F,aegislab,ts-config-service,6,0.66666667,0.76388889
direct_rca,qwen3.6-27b,F,aegislab,ts-consign-service,2,0,0.25
direct_rca,qwen3.6-27b,F,aegislab,ts-contacts-service,2,0,0.25
direct_rca,qwen3.6-27b,F,aegislab,ts-food-service,3,0.66666667,0.66666667
direct_rca,qwen3.6-27b,F,aegislab,ts-inside-payment-service,2,1,1
direct_rca,qwen3.6-27b,F,aegislab,ts-order-other-service,4,0.25,0.375
direct_rca,qwen3.6-27b,F,aegislab,ts-order-service,5,0.4,0.54
direct_rca,qwen3.6-27b,F,aegislab,ts-preserve-service,5,0,0.28333333
direct_rca,qwen3.6-27b,F,aegislab,ts-price-service,2,0.5,0.5
direct_rca,qwen3.6-27b,F,aegislab,ts-route-plan-service,6,0.16666667,0.25
direct_rca,qwen3.6-27b,F,aegislab,ts-route-service,4,0.25,0.45833333
direct_rca,qwen3.6-27b,F,aegislab,ts-seat-service,6,0.16666667,0.47777778
direct_rca,qwen3.6-27b,F,aegislab,ts-security-service,1,0,0.33333333
direct_rca,qwen3.6-27b,F,aegislab,ts-station-food-service,1,0,0.33333333
direct_rca,qwen3.6-27b,F,aegislab,ts-station-service,1,1,1
direct_rca,qwen3.6-27b,F,aegislab,ts-train-service,2,0,0.16666667
direct_rca,qwen3.6-27b,F,aegislab,ts-travel-plan-service,3,0.66666667,0.77777778
direct_rca,qwen3.6-27b,F,aegislab,ts-travel-service,3,0.33333333,0.4
direct_rca,qwen3.6-27b,F,aegislab,ts-travel2-service,2,0.5,0.6
direct_rca,qwen3.6-27b,F,aegislab,ts-user-service,1,1,1
direct_rca,qwen3.6-27b,F,aegislab,ts-verification-code-service,1,0,0.33333333
direct_rca,qwen3.6-27b,F,aiops2022,adservice,2,0.5,0.6
direct_rca,qwen3.6-27b,F,aiops2022,adservice-0,1,1,1
direct_rca,qwen3.6-27b,F,aiops2022,adservice-1,3,0.33333333,0.41666667
direct_rca,qwen3.6-27b,F,aiops2022,adservice2-0,1,0,0
direct_rca,qwen3.6-27b,F,aiops2022,cartservice,5,0.2,0.34
direct_rca,qwen3.6-27b,F,aiops2022,cartservice-0,2,0,0.125
direct_rca,qwen3.6-27b,F,aiops2022,cartservice2-0,1,0,0
direct_rca,qwen3.6-27b,F,aiops2022,checkoutservice,4,0.25,0.375
direct_rca,qwen3.6-27b,F,aiops2022,checkoutservice-0,2,0,0.41666667
direct_rca,qwen3.6-27b,F,aiops2022,checkoutservice-1,2,0.5,0.5
direct_rca,qwen3.6-27b,F,aiops2022,currencyservice,2,0,0.2
direct_rca,qwen3.6-27b,F,aiops2022,currencyservice-0,1,0,0
direct_rca,qwen3.6-27b,F,aiops2022,currencyservice-1,2,0.5,0.5
direct_rca,qwen3.6-27b,F,aiops2022,currencyservice-2,2,0.5,0.5
direct_rca,qwen3.6-27b,F,aiops2022,emailservice,4,0,0.083333333
direct_rca,qwen3.6-27b,F,aiops2022,emailservice-1,2,0.5,0.625
direct_rca,qwen3.6-27b,F,aiops2022,frontend,3,0,0.33333333
direct_rca,qwen3.6-27b,F,aiops2022,frontend-0,1,0,0.2
direct_rca,qwen3.6-27b,F,aiops2022,frontend-1,1,0,0
direct_rca,qwen3.6-27b,F,aiops2022,frontend-2,1,1,1
direct_rca,qwen3.6-27b,F,aiops2022,frontend2-0,1,1,1
direct_rca,qwen3.6-27b,F,aiops2022,node-1,3,0,0
direct_rca,qwen3.6-27b,F,aiops2022,node-2,3,0.33333333,0.33333333
direct_rca,qwen3.6-27b,F,aiops2022,node-3,4,0,0.0625
direct_rca,qwen3.6-27b,F,aiops2022,node-4,4,0,0.25
direct_rca,qwen3.6-27b,F,aiops2022,node-5,8,0.25,0.3125
direct_rca,qwen3.6-27b,F,aiops2022,node-6,7,0.42857143,0.45714286
direct_rca,qwen3.6-27b,F,aiops2022,paymentservice,1,0,0
direct_rca,qwen3.6-27b,F,aiops2022,productcatalogservice,4,0,0.13333333
direct_rca,qwen3.6-27b,F,aiops2022,productcatalogservice-0,3,0.33333333,0.33333333
direct_rca,qwen3.6-27b,F,aiops2022,productcatalogservice-1,3,0,0.33333333
direct_rca,qwen3.6-27b,F,aiops2022,productcatalogservice-2,2,0.5,0.5
direct_rca,qwen3.6-27b,F,aiops2022,productcatalogservice2-0,1,0,0.33333333
direct_rca,qwen3.6-27b,F,aiops2022,recommendationservice,4,0,0.20833333
direct_rca,qwen3.6-27b,F,aiops2022,recommendationservice-2,1,0,0
direct_rca,qwen3.6-27b,F,aiops2022,recommendationservice2-0,1,0,0
direct_rca,qwen3.6-27b,F,aiops2022,shippingservice,4,0,0.1875
direct_rca,qwen3.6-27b,F,aiops2022,shippingservice-0,1,0,0
direct_rca,qwen3.6-27b,F,aiops2022,shippingservice-1,2,0,0
direct_rca,qwen3.6-27b,F,aiops2022,shippingservice2-0,1,0,0
direct_rca,qwen3.6-27b,F,aiops2025,adservice,14,0.28571429,0.375
direct_rca,qwen3.6-27b,F,aiops2025,cartservice,7,0.14285714,0.29761905
direct_rca,qwen3.6-27b,F,aiops2025,checkoutservice,17,0.23529412,0.34313725
direct_rca,qwen3.6-27b,F,aiops2025,currencyservice,4,0.25,0.33333333
direct_rca,qwen3.6-27b,F,aiops2025,emailservice,2,0,0
direct_rca,qwen3.6-27b,F,aiops2025,frontend,3,0.33333333,0.33333333
direct_rca,qwen3.6-27b,F,aiops2025,node-1,3,0,0
direct_rca,qwen3.6-27b,F,aiops2025,node-3,3,0.66666667,0.66666667
direct_rca,qwen3.6-27b,F,aiops2025,node-4,1,1,1
direct_rca,qwen3.6-27b,F,aiops2025,node-5,4,0.25,0.25
direct_rca,qwen3.6-27b,F,aiops2025,node-6,5,0.2,0.2
direct_rca,qwen3.6-27b,F,aiops2025,node-7,2,0,0.25
direct_rca,qwen3.6-27b,F,aiops2025,node-8,4,0,0.13333333
direct_rca,qwen3.6-27b,F,aiops2025,paymentservice,1,0,0
direct_rca,qwen3.6-27b,F,aiops2025,productcatalogservice,4,0.25,0.25
direct_rca,qwen3.6-27b,F,aiops2025,recommendationservice,1,0,0
direct_rca,qwen3.6-27b,F,aiops2025,shippingservice,6,0.16666667,0.25
direct_rca,qwen3.6-27b,F,aiops2025,tidb-tidb,2,0,0
direct_rca,qwen3.6-27b,F,aiops2025,tidb-tikv,10,0.1,0.275
direct_rca,qwen3.6-27b,F,re2_ob,checkoutservice,18,0.72222222,0.86111111
direct_rca,qwen3.6-27b,F,re2_ob,currencyservice,18,0.5,0.67592593
direct_rca,qwen3.6-27b,F,re2_ob,emailservice,18,0.77777778,0.88888889
direct_rca,qwen3.6-27b,F,re2_ob,productcatalogservice,18,0.44444444,0.66203704
direct_rca,qwen3.6-27b,F,re2_ob,recommendationservice,18,0.83333333,0.90740741
direct_rca,qwen3.6-27b,F,re2_tt,ts-auth-service,18,0.66666667,0.66666667
direct_rca,qwen3.6-27b,F,re2_tt,ts-order-service,18,0.61111111,0.74074074
direct_rca,qwen3.6-27b,F,re2_tt,ts-route-service,18,0.38888889,0.61111111
direct_rca,qwen3.6-27b,F,re2_tt,ts-train-service,18,0.72222222,0.81481481
direct_rca,qwen3.6-27b,F,re2_tt,ts-travel-service,18,0.61111111,0.70833333
direct_rca,qwen3.6-27b,H,aegislab,mysql,6,0.66666667,0.79166667
direct_rca,qwen3.6-27b,H,aegislab,ts-assurance-service,5,0.4,0.66666667
direct_rca,qwen3.6-27b,H,aegislab,ts-auth-service,4,0.5,0.625
direct_rca,qwen3.6-27b,H,aegislab,ts-basic-service,19,0.26315789,0.37719298
direct_rca,qwen3.6-27b,H,aegislab,ts-config-service,6,0.5,0.55555556
direct_rca,qwen3.6-27b,H,aegislab,ts-consign-service,2,0,0.16666667
direct_rca,qwen3.6-27b,H,aegislab,ts-contacts-service,2,0,0.5
direct_rca,qwen3.6-27b,H,aegislab,ts-food-service,3,0.66666667,0.66666667
direct_rca,qwen3.6-27b,H,aegislab,ts-inside-payment-service,2,1,1
direct_rca,qwen3.6-27b,H,aegislab,ts-order-other-service,4,0.25,0.375
direct_rca,qwen3.6-27b,H,aegislab,ts-order-service,5,0.4,0.65
direct_rca,qwen3.6-27b,H,aegislab,ts-preserve-service,5,0.2,0.26666667
direct_rca,qwen3.6-27b,H,aegislab,ts-price-service,2,0.5,0.5
direct_rca,qwen3.6-27b,H,aegislab,ts-route-plan-service,6,0.16666667,0.31666667
direct_rca,qwen3.6-27b,H,aegislab,ts-route-service,4,0.25,0.58333333
direct_rca,qwen3.6-27b,H,aegislab,ts-seat-service,6,0.16666667,0.31111111
direct_rca,qwen3.6-27b,H,aegislab,ts-security-service,1,0,0.5
direct_rca,qwen3.6-27b,H,aegislab,ts-station-food-service,1,0,0.25
direct_rca,qwen3.6-27b,H,aegislab,ts-station-service,1,1,1
direct_rca,qwen3.6-27b,H,aegislab,ts-train-service,2,0,0.25
direct_rca,qwen3.6-27b,H,aegislab,ts-travel-plan-service,3,1,1
direct_rca,qwen3.6-27b,H,aegislab,ts-travel-service,3,0.33333333,0.33333333
direct_rca,qwen3.6-27b,H,aegislab,ts-travel2-service,2,0.5,0.6
direct_rca,qwen3.6-27b,H,aegislab,ts-user-service,1,1,1
direct_rca,qwen3.6-27b,H,aegislab,ts-verification-code-service,1,0,0
direct_rca,qwen3.6-27b,H,aiops2022,adservice,2,0.5,0.625
direct_rca,qwen3.6-27b,H,aiops2022,adservice-0,1,0,0.5
direct_rca,qwen3.6-27b,H,aiops2022,adservice-1,3,0.33333333,0.33333333
direct_rca,qwen3.6-27b,H,aiops2022,adservice2-0,1,0,0
direct_rca,qwen3.6-27b,H,aiops2022,cartservice,5,0.2,0.26666667
direct_rca,qwen3.6-27b,H,aiops2022,cartservice-0,2,0,0.16666667
direct_rca,qwen3.6-27b,H,aiops2022,cartservice2-0,1,0,0
direct_rca,qwen3.6-27b,H,aiops2022,checkoutservice,4,0.75,0.75
direct_rca,qwen3.6-27b,H,aiops2022,checkoutservice-0,2,0.5,0.66666667
direct_rca,qwen3.6-27b,H,aiops2022,checkoutservice-1,2,0,0.25
direct_rca,qwen3.6-27b,H,aiops2022,currencyservice,2,0,0
direct_rca,qwen3.6-27b,H,aiops2022,currencyservice-0,1,0,0
direct_rca,qwen3.6-27b,H,aiops2022,currencyservice-1,2,0.5,0.5
direct_rca,qwen3.6-27b,H,aiops2022,currencyservice-2,2,0,0.41666667
direct_rca,qwen3.6-27b,H,aiops2022,emailservice,4,0,0
direct_rca,qwen3.6-27b,H,aiops2022,emailservice-1,2,0.5,0.5
direct_rca,qwen3.6-27b,H,aiops2022,frontend,3,0,0.33333333
direct_rca,qwen3.6-27b,H,aiops2022,frontend-0,1,1,1
direct_rca,qwen3.6-27b,H,aiops2022,frontend-1,1,0,0
direct_rca,qwen3.6-27b,H,aiops2022,frontend-2,1,1,1
direct_rca,qwen3.6-27b,H,aiops2022,frontend2-0,1,0,0
direct_rca,qwen3.6-27b,H,aiops2022,node-1,3,0,0
direct_rca,qwen3.6-27b,H,aiops2022,node-2,3,0.33333333,0.33333333
direct_rca,qwen3.6-27b,H,aiops2022,node-3,4,0,0
direct_rca,qwen3.6-27b,H,aiops2022,node-4,4,0,0.25
direct_rca,qwen3.6-27b,H,aiops2022,node-5,8,0.125,0.25
direct_rca,qwen3.6-27b,H,aiops2022,node-6,7,0.57142857,0.6547619
direct_rca,qwen3.6-27b,H,aiops2022,paymentservice,1,0,0
direct_rca,qwen3.6-27b,H,aiops2022,productcatalogservice,4,0,0.13333333
direct_rca,qwen3.6-27b,H,aiops2022,productcatalogservice-0,3,0.33333333,0.33333333
direct_rca,qwen3.6-27b,H,aiops2022,productcatalogservice-1,3,0,0.16666667
direct_rca,qwen3.6-27b,H,aiops2022,productcatalogservice-2,2,0.5,0.5
direct_rca,qwen3.6-27b,H,aiops2022,productcatalogservice2-0,1,0,0.25
direct_rca,qwen3.6-27b,H,aiops2022,recommendationservice,4,0,0.1875
direct_rca,qwen3.6-27b,H,aiops2022,recommendationservice-2,1,0,0
direct_rca,qwen3.6-27b,H,aiops2022,recommendationservice2-0,1,0,0
direct_rca,qwen3.6-27b,H,aiops2022,shippingservice,4,0.25,0.25
direct_rca,qwen3.6-27b,H,aiops2022,shippingservice-0,1,0,0
direct_rca,qwen3.6-27b,H,aiops2022,shippingservice-1,2,0,0
direct_rca,qwen3.6-27b,H,aiops2022,shippingservice2-0,1,0,0
direct_rca,qwen3.6-27b,H,aiops2025,adservice,14,0.28571429,0.30357143
direct_rca,qwen3.6-27b,H,aiops2025,cartservice,7,0.14285714,0.35
direct_rca,qwen3.6-27b,H,aiops2025,checkoutservice,17,0.17647059,0.30098039
direct_rca,qwen3.6-27b,H,aiops2025,currencyservice,4,0.25,0.25
direct_rca,qwen3.6-27b,H,aiops2025,emailservice,2,0,0
direct_rca,qwen3.6-27b,H,aiops2025,frontend,3,0.33333333,0.33333333
direct_rca,qwen3.6-27b,H,aiops2025,node-1,3,0,0
direct_rca,qwen3.6-27b,H,aiops2025,node-3,3,0.66666667,0.83333333
direct_rca,qwen3.6-27b,H,aiops2025,node-4,1,1,1
direct_rca,qwen3.6-27b,H,aiops2025,node-5,4,0.25,0.25
direct_rca,qwen3.6-27b,H,aiops2025,node-6,5,0,0.1
direct_rca,qwen3.6-27b,H,aiops2025,node-7,2,0,0.25
direct_rca,qwen3.6-27b,H,aiops2025,node-8,4,0,0.083333333
direct_rca,qwen3.6-27b,H,aiops2025,paymentservice,1,0,0
direct_rca,qwen3.6-27b,H,aiops2025,productcatalogservice,4,0,0.083333333
direct_rca,qwen3.6-27b,H,aiops2025,recommendationservice,1,0,0
direct_rca,qwen3.6-27b,H,aiops2025,shippingservice,6,0.16666667,0.25
direct_rca,qwen3.6-27b,H,aiops2025,tidb-tidb,2,0,0
direct_rca,qwen3.6-27b,H,aiops2025,tidb-tikv,10,0.2,0.32
direct_rca,qwen3.6-27b,H,re2_ob,checkoutservice,18,0.77777778,0.88888889
direct_rca,qwen3.6-27b,H,re2_ob,currencyservice,18,0.38888889,0.58333333
direct_rca,qwen3.6-27b,H,re2_ob,emailservice,18,0.66666667,0.83333333
direct_rca,qwen3.6-27b,H,re2_ob,productcatalogservice,18,0.22222222,0.48333333
direct_rca,qwen3.6-27b,H,re2_ob,recommendationservice,18,0.83333333,0.90740741
direct_rca,qwen3.6-27b,H,re2_tt,ts-auth-service,18,0.66666667,0.66666667
direct_rca,qwen3.6-27b,H,re2_tt,ts-order-service,18,0.55555556,0.7037037
direct_rca,qwen3.6-27b,H,re2_tt,ts-route-service,18,0.44444444,0.60648148
direct_rca,qwen3.6-27b,H,re2_tt,ts-train-service,18,0.72222222,0.78703704
direct_rca,qwen3.6-27b,H,re2_tt,ts-travel-service,18,0.44444444,0.625
direct_rca,qwen3.6-27b,P,aegislab,mysql,6,0.5,0.63888889
direct_rca,qwen3.6-27b,P,aegislab,ts-assurance-service,5,0.4,0.46666667
direct_rca,qwen3.6-27b,P,aegislab,ts-auth-service,4,0.25,0.5
direct_rca,qwen3.6-27b,P,aegislab,ts-basic-service,19,0.052631579,0.14912281
direct_rca,qwen3.6-27b,P,aegislab,ts-config-service,6,0.33333333,0.47222222
direct_rca,qwen3.6-27b,P,aegislab,ts-consign-service,2,0,0
direct_rca,qwen3.6-27b,P,aegislab,ts-contacts-service,2,0,0.5
direct_rca,qwen3.6-27b,P,aegislab,ts-food-service,3,0.66666667,0.77777778
direct_rca,qwen3.6-27b,P,aegislab,ts-inside-payment-service,2,1,1
direct_rca,qwen3.6-27b,P,aegislab,ts-order-other-service,4,0.25,0.375
direct_rca,qwen3.6-27b,P,aegislab,ts-order-service,5,0.4,0.56666667
direct_rca,qwen3.6-27b,P,aegislab,ts-preserve-service,5,0,0.16666667
direct_rca,qwen3.6-27b,P,aegislab,ts-price-service,2,0,0.25
direct_rca,qwen3.6-27b,P,aegislab,ts-route-plan-service,6,0.16666667,0.28333333
direct_rca,qwen3.6-27b,P,aegislab,ts-route-service,4,0.25,0.45833333
direct_rca,qwen3.6-27b,P,aegislab,ts-seat-service,6,0.16666667,0.42222222
direct_rca,qwen3.6-27b,P,aegislab,ts-security-service,1,0,0.33333333
direct_rca,qwen3.6-27b,P,aegislab,ts-station-food-service,1,0,0.25
direct_rca,qwen3.6-27b,P,aegislab,ts-station-service,1,0,0.5
direct_rca,qwen3.6-27b,P,aegislab,ts-train-service,2,0,0.16666667
direct_rca,qwen3.6-27b,P,aegislab,ts-travel-plan-service,3,1,1
direct_rca,qwen3.6-27b,P,aegislab,ts-travel-service,3,0.33333333,0.33333333
direct_rca,qwen3.6-27b,P,aegislab,ts-travel2-service,2,0.5,0.5
direct_rca,qwen3.6-27b,P,aegislab,ts-user-service,1,1,1
direct_rca,qwen3.6-27b,P,aegislab,ts-verification-code-service,1,0,0
direct_rca,qwen3.6-27b,P,aiops2022,adservice,2,0.5,0.75
direct_rca,qwen3.6-27b,P,aiops2022,adservice-0,1,0,0
direct_rca,qwen3.6-27b,P,aiops2022,adservice-1,3,0.33333333,0.33333333
direct_rca,qwen3.6-27b,P,aiops2022,adservice2-0,1,0,0
direct_rca,qwen3.6-27b,P,aiops2022,cartservice,5,0.2,0.3
direct_rca,qwen3.6-27b,P,aiops2022,cartservice-0,2,0,0
direct_rca,qwen3.6-27b,P,aiops2022,cartservice2-0,1,0,0
direct_rca,qwen3.6-27b,P,aiops2022,checkoutservice,4,0.25,0.4375
direct_rca,qwen3.6-27b,P,aiops2022,checkoutservice-0,2,0.5,0.625
direct_rca,qwen3.6-27b,P,aiops2022,checkoutservice-1,2,0,0
direct_rca,qwen3.6-27b,P,aiops2022,currencyservice,2,0,0.25
direct_rca,qwen3.6-27b,P,aiops2022,currencyservice-0,1,0,0
direct_rca,qwen3.6-27b,P,aiops2022,currencyservice-1,2,0,0
direct_rca,qwen3.6-27b,P,aiops2022,currencyservice-2,2,0,0.25
direct_rca,qwen3.6-27b,P,aiops2022,emailservice,4,0.25,0.33333333
direct_rca,qwen3.6-27b,P,aiops2022,emailservice-1,2,0.5,0.5
direct_rca,qwen3.6-27b,P,aiops2022,frontend,3,0.33333333,0.5
direct_rca,qwen3.6-27b,P,aiops2022,frontend-0,1,0,0
direct_rca,qwen3.6-27b,P,aiops2022,frontend-1,1,0,0
direct_rca,qwen3.6-27b,P,aiops2022,frontend-2,1,0,0
direct_rca,qwen3.6-27b,P,aiops2022,frontend2-0,1,0,0
direct_rca,qwen3.6-27b,P,aiops2022,node-1,3,0,0.11111111
direct_rca,qwen3.6-27b,P,aiops2022,node-2,3,0.33333333,0.33333333
direct_rca,qwen3.6-27b,P,aiops2022,node-3,4,0,0
direct_rca,qwen3.6-27b,P,aiops2022,node-4,4,0,0.25
direct_rca,qwen3.6-27b,P,aiops2022,node-5,8,0.125,0.20833333
direct_rca,qwen3.6-27b,P,aiops2022,node-6,7,0.14285714,0.26190476
direct_rca,qwen3.6-27b,P,aiops2022,paymentservice,1,0,0
direct_rca,qwen3.6-27b,P,aiops2022,productcatalogservice,4,0,0.0625
direct_rca,qwen3.6-27b,P,aiops2022,productcatalogservice-0,3,0.33333333,0.5
direct_rca,qwen3.6-27b,P,aiops2022,productcatalogservice-1,3,0,0
direct_rca,qwen3.6-27b,P,aiops2022,productcatalogservice-2,2,0,0.16666667
direct_rca,qwen3.6-27b,P,aiops2022,productcatalogservice2-0,1,1,1
direct_rca,qwen3.6-27b,P,aiops2022,recommendationservice,4,0,0.083333333
direct_rca,qwen3.6-27b,P,aiops2022,recommendationservice-2,1,0,0
direct_rca,qwen3.6-27b,P,aiops2022,recommendationservice2-0,1,0,0
direct_rca,qwen3.6-27b,P,aiops2022,shippingservice,4,0,0.125
direct_rca,qwen3.6-27b,P,aiops2022,shippingservice-0,1,0,0
direct_rca,qwen3.6-27b,P,aiops2022,shippingservice-1,2,0,0
direct_rca,qwen3.6-27b,P,aiops2022,shippingservice2-0,1,0,0
direct_rca,qwen3.6-27b,P,aiops2025,adservice,14,0.14285714,0.16071429
direct_rca,qwen3.6-27b,P,aiops2025,cartservice,7,0.42857143,0.5
direct_rca,qwen3.6-27b,P,aiops2025,checkoutservice,17,0.35294118,0.43137255
direct_rca,qwen3.6-27b,P,aiops2025,currencyservice,4,0.25,0.25
direct_rca,qwen3.6-27b,P,aiops2025,emailservice,2,0,0
direct_rca,qwen3.6-27b,P,aiops2025,frontend,3,0.33333333,0.33333333
direct_rca,qwen3.6-27b,P,aiops2025,node-1,3,0,0
direct_rca,qwen3.6-27b,P,aiops2025,node-3,3,0.66666667,0.83333333
direct_rca,qwen3.6-27b,P,aiops2025,node-4,1,1,1
direct_rca,qwen3.6-27b,P,aiops2025,node-5,4,0.25,0.25
direct_rca,qwen3.6-27b,P,aiops2025,node-6,5,0.2,0.26666667
direct_rca,qwen3.6-27b,P,aiops2025,node-7,2,0,0.25
direct_rca,qwen3.6-27b,P,aiops2025,node-8,4,0,0.083333333
direct_rca,qwen3.6-27b,P,aiops2025,paymentservice,1,0,0
direct_rca,qwen3.6-27b,P,aiops2025,productcatalogservice,4,0,0
direct_rca,qwen3.6-27b,P,aiops2025,recommendationservice,1,0,0
direct_rca,qwen3.6-27b,P,aiops2025,shippingservice,6,0.16666667,0.26388889
direct_rca,qwen3.6-27b,P,aiops2025,tidb-tidb,2,0,0
direct_rca,qwen3.6-27b,P,aiops2025,tidb-tikv,10,0.1,0.23333333
direct_rca,qwen3.6-27b,P,re2_ob,checkoutservice,18,0.66666667,0.78703704
direct_rca,qwen3.6-27b,P,re2_ob,currencyservice,18,0.22222222,0.38425926
direct_rca,qwen3.6-27b,P,re2_ob,emailservice,18,0.66666667,0.74074074
direct_rca,qwen3.6-27b,P,re2_ob,productcatalogservice,18,0.44444444,0.5
direct_rca,qwen3.6-27b,P,re2_ob,recommendationservice,18,0.61111111,0.66666667
direct_rca,qwen3.6-27b,P,re2_tt,ts-auth-service,18,0.5,0.5462963
direct_rca,qwen3.6-27b,P,re2_tt,ts-order-service,18,0.27777778,0.46296296
direct_rca,qwen3.6-27b,P,re2_tt,ts-route-service,18,0.27777778,0.37037037
direct_rca,qwen3.6-27b,P,re2_tt,ts-train-service,18,0.38888889,0.56481481
direct_rca,qwen3.6-27b,P,re2_tt,ts-travel-service,18,0.33333333,0.47222222
direct_rca,qwen3.6-27b,R,aegislab,mysql,6,0.5,0.63888889
direct_rca,qwen3.6-27b,R,aegislab,ts-assurance-service,5,0.8,0.86666667
direct_rca,qwen3.6-27b,R,aegislab,ts-auth-service,4,0.5,0.75
direct_rca,qwen3.6-27b,R,aegislab,ts-basic-service,19,0.10526316,0.23421053
direct_rca,qwen3.6-27b,R,aegislab,ts-config-service,6,0.16666667,0.28333333
direct_rca,qwen3.6-27b,R,aegislab,ts-consign-service,2,0,0.16666667
direct_rca,qwen3.6-27b,R,aegislab,ts-contacts-service,2,0.5,0.75
direct_rca,qwen3.6-27b,R,aegislab,ts-food-service,3,0.66666667,0.66666667
direct_rca,qwen3.6-27b,R,aegislab,ts-inside-payment-service,2,1,1
direct_rca,qwen3.6-27b,R,aegislab,ts-order-other-service,4,0.25,0.375
direct_rca,qwen3.6-27b,R,aegislab,ts-order-service,5,0.6,0.6
direct_rca,qwen3.6-27b,R,aegislab,ts-preserve-service,5,0.2,0.46666667
direct_rca,qwen3.6-27b,R,aegislab,ts-price-service,2,0,0.25
direct_rca,qwen3.6-27b,R,aegislab,ts-route-plan-service,6,0.16666667,0.25
direct_rca,qwen3.6-27b,R,aegislab,ts-route-service,4,0.25,0.45833333
direct_rca,qwen3.6-27b,R,aegislab,ts-seat-service,6,0.33333333,0.44444444
direct_rca,qwen3.6-27b,R,aegislab,ts-security-service,1,0,0.2
direct_rca,qwen3.6-27b,R,aegislab,ts-station-food-service,1,0,0
direct_rca,qwen3.6-27b,R,aegislab,ts-station-service,1,0,0
direct_rca,qwen3.6-27b,R,aegislab,ts-train-service,2,0,0.25
direct_rca,qwen3.6-27b,R,aegislab,ts-travel-plan-service,3,1,1
direct_rca,qwen3.6-27b,R,aegislab,ts-travel-service,3,0.33333333,0.33333333
direct_rca,qwen3.6-27b,R,aegislab,ts-travel2-service,2,1,1
direct_rca,qwen3.6-27b,R,aegislab,ts-user-service,1,1,1
direct_rca,qwen3.6-27b,R,aegislab,ts-verification-code-service,1,0,0
direct_rca,qwen3.6-27b,R,aiops2022,adservice,2,0.5,0.5
direct_rca,qwen3.6-27b,R,aiops2022,adservice-0,1,0,0
direct_rca,qwen3.6-27b,R,aiops2022,adservice-1,3,0.66666667,0.66666667
direct_rca,qwen3.6-27b,R,aiops2022,adservice2-0,1,1,1
direct_rca,qwen3.6-27b,R,aiops2022,cartservice,5,0.2,0.3
direct_rca,qwen3.6-27b,R,aiops2022,cartservice-0,2,0,0.25
direct_rca,qwen3.6-27b,R,aiops2022,cartservice2-0,1,0,0
direct_rca,qwen3.6-27b,R,aiops2022,checkoutservice,4,0.75,0.75
direct_rca,qwen3.6-27b,R,aiops2022,checkoutservice-0,2,0.5,0.5
direct_rca,qwen3.6-27b,R,aiops2022,checkoutservice-1,2,0,0.25
direct_rca,qwen3.6-27b,R,aiops2022,currencyservice,2,0,0.1
direct_rca,qwen3.6-27b,R,aiops2022,currencyservice-0,1,0,0
direct_rca,qwen3.6-27b,R,aiops2022,currencyservice-1,2,0,0
direct_rca,qwen3.6-27b,R,aiops2022,currencyservice-2,2,0,0
direct_rca,qwen3.6-27b,R,aiops2022,emailservice,4,0,0
direct_rca,qwen3.6-27b,R,aiops2022,emailservice-1,2,0,0.25
direct_rca,qwen3.6-27b,R,aiops2022,frontend,3,0,0.44444444
direct_rca,qwen3.6-27b,R,aiops2022,frontend-0,1,1,1
direct_rca,qwen3.6-27b,R,aiops2022,frontend-1,1,0,0
direct_rca,qwen3.6-27b,R,aiops2022,frontend-2,1,0,0.5
direct_rca,qwen3.6-27b,R,aiops2022,frontend2-0,1,1,1
direct_rca,qwen3.6-27b,R,aiops2022,node-1,3,0,0
direct_rca,qwen3.6-27b,R,aiops2022,node-2,3,0.33333333,0.33333333
direct_rca,qwen3.6-27b,R,aiops2022,node-3,4,0,0
direct_rca,qwen3.6-27b,R,aiops2022,node-4,4,0,0.3
direct_rca,qwen3.6-27b,R,aiops2022,node-5,8,0.375,0.40625
direct_rca,qwen3.6-27b,R,aiops2022,node-6,7,0.28571429,0.4047619
direct_rca,qwen3.6-27b,R,aiops2022,paymentservice,1,0,0
direct_rca,qwen3.6-27b,R,aiops2022,productcatalogservice,4,0,0.083333333
direct_rca,qwen3.6-27b,R,aiops2022,productcatalogservice-0,3,0.33333333,0.33333333
direct_rca,qwen3.6-27b,R,aiops2022,productcatalogservice-1,3,0,0.25
direct_rca,qwen3.6-27b,R,aiops2022,productcatalogservice-2,2,0.5,0.5
direct_rca,qwen3.6-27b,R,aiops2022,productcatalogservice2-0,1,1,1
direct_rca,qwen3.6-27b,R,aiops2022,recommendationservice,4,0,0.125
direct_rca,qwen3.6-27b,R,aiops2022,recommendationservice-2,1,0,0
direct_rca,qwen3.6-27b,R,aiops2022,recommendationservice2-0,1,0,0
direct_rca,qwen3.6-27b,R,aiops2022,shippingservice,4,0,0.125
direct_rca,qwen3.6-27b,R,aiops2022,shippingservice-0,1,0,0
direct_rca,qwen3.6-27b,R,aiops2022,shippingservice-1,2,0,0
direct_rca,qwen3.6-27b,R,aiops2022,shippingservice2-0,1,0,0
direct_rca,qwen3.6-27b,R,aiops2025,adservice,14,0.21428571,0.26071429
direct_rca,qwen3.6-27b,R,aiops2025,cartservice,7,0.28571429,0.47619048
direct_rca,qwen3.6-27b,R,aiops2025,checkoutservice,17,0.41176471,0.4872549
direct_rca,qwen3.6-27b,R,aiops2025,currencyservice,4,0.25,0.25
direct_rca,qwen3.6-27b,R,aiops2025,emailservice,2,0,0
direct_rca,qwen3.6-27b,R,aiops2025,frontend,3,0,0.16666667
direct_rca,qwen3.6-27b,R,aiops2025,node-1,3,0,0
direct_rca,qwen3.6-27b,R,aiops2025,node-3,3,1,1
direct_rca,qwen3.6-27b,R,aiops2025,node-4,1,1,1
direct_rca,qwen3.6-27b,R,aiops2025,node-5,4,0.25,0.25
direct_rca,qwen3.6-27b,R,aiops2025,node-6,5,0.2,0.26666667
direct_rca,qwen3.6-27b,R,aiops2025,node-7,2,0,0.25
direct_rca,qwen3.6-27b,R,aiops2025,node-8,4,0.25,0.25
direct_rca,qwen3.6-27b,R,aiops2025,paymentservice,1,0,0
direct_rca,qwen3.6-27b,R,aiops2025,productcatalogservice,4,0,0.2375
direct_rca,qwen3.6-27b,R,aiops2025,recommendationservice,1,0,0.33333333
direct_rca,qwen3.6-27b,R,aiops2025,shippingservice,6,0.16666667,0.24166667
direct_rca,qwen3.6-27b,R,aiops2025,tidb-tidb,2,0,0
direct_rca,qwen3.6-27b,R,aiops2025,tidb-tikv,10,0.2,0.33333333
direct_rca,qwen3.6-27b,R,re2_ob,checkoutservice,18,0.72222222,0.85185185
direct_rca,qwen3.6-27b,R,re2_ob,currencyservice,18,0.33333333,0.5
direct_rca,qwen3.6-27b,R,re2_ob,emailservice,18,0.72222222,0.85185185
direct_rca,qwen3.6-27b,R,re2_ob,productcatalogservice,18,0.16666667,0.33796296
direct_rca,qwen3.6-27b,R,re2_ob,recommendationservice,18,0.77777778,0.84722222
direct_rca,qwen3.6-27b,R,re2_tt,ts-auth-service,18,0.38888889,0.40277778
direct_rca,qwen3.6-27b,R,re2_tt,ts-order-service,18,0.38888889,0.56666667
direct_rca,qwen3.6-27b,R,re2_tt,ts-route-service,18,0.38888889,0.44166667
direct_rca,qwen3.6-27b,R,re2_tt,ts-train-service,18,0.66666667,0.75
direct_rca,qwen3.6-27b,R,re2_tt,ts-travel-service,18,0.33333333,0.48981481
direct_rca,qwen3.6-27b,T,aegislab,mysql,6,0.66666667,0.80555556
direct_rca,qwen3.6-27b,T,aegislab,ts-assurance-service,5,0.8,0.9
direct_rca,qwen3.6-27b,T,aegislab,ts-auth-service,4,0.5,0.625
direct_rca,qwen3.6-27b,T,aegislab,ts-basic-service,19,0.26315789,0.38596491
direct_rca,qwen3.6-27b,T,aegislab,ts-config-service,6,0.66666667,0.76388889
direct_rca,qwen3.6-27b,T,aegislab,ts-consign-service,2,0,0.25
direct_rca,qwen3.6-27b,T,aegislab,ts-contacts-service,2,0.5,0.66666667
direct_rca,qwen3.6-27b,T,aegislab,ts-food-service,3,0.66666667,0.66666667
direct_rca,qwen3.6-27b,T,aegislab,ts-inside-payment-service,2,1,1
direct_rca,qwen3.6-27b,T,aegislab,ts-order-other-service,4,0.25,0.425
direct_rca,qwen3.6-27b,T,aegislab,ts-order-service,5,0.4,0.54
direct_rca,qwen3.6-27b,T,aegislab,ts-preserve-service,5,0,0.30666667
direct_rca,qwen3.6-27b,T,aegislab,ts-price-service,2,1,1
direct_rca,qwen3.6-27b,T,aegislab,ts-route-plan-service,6,0.33333333,0.4
direct_rca,qwen3.6-27b,T,aegislab,ts-route-service,4,0.25,0.50833333
direct_rca,qwen3.6-27b,T,aegislab,ts-seat-service,6,0.33333333,0.56111111
direct_rca,qwen3.6-27b,T,aegislab,ts-security-service,1,0,0.33333333
direct_rca,qwen3.6-27b,T,aegislab,ts-station-food-service,1,0,0.33333333
direct_rca,qwen3.6-27b,T,aegislab,ts-station-service,1,1,1
direct_rca,qwen3.6-27b,T,aegislab,ts-train-service,2,0,0.16666667
direct_rca,qwen3.6-27b,T,aegislab,ts-travel-plan-service,3,1,1
direct_rca,qwen3.6-27b,T,aegislab,ts-travel-service,3,0.33333333,0.4
direct_rca,qwen3.6-27b,T,aegislab,ts-travel2-service,2,0.5,0.75
direct_rca,qwen3.6-27b,T,aegislab,ts-user-service,1,1,1
direct_rca,qwen3.6-27b,T,aegislab,ts-verification-code-service,1,0,0.5
direct_rca,qwen3.6-27b,T,aiops2022,adservice,2,0.5,0.6
direct_rca,qwen3.6-27b,T,aiops2022,adservice-0,1,1,1
direct_rca,qwen3.6-27b,T,aiops2022,adservice-1,3,0.33333333,0.4
direct_rca,qwen3.6-27b,T,aiops2022,adservice2-0,1,0,0
direct_rca,qwen3.6-27b,T,aiops2022,cartservice,5,0,0.1
direct_rca,qwen3.6-27b,T,aiops2022,cartservice-0,2,0,0.1
direct_rca,qwen3.6-27b,T,aiops2022,cartservice2-0,1,0,0
direct_rca,qwen3.6-27b,T,aiops2022,checkoutservice,4,0.5,0.625
direct_rca,qwen3.6-27b,T,aiops2022,checkoutservice-0,2,0.5,0.66666667
direct_rca,qwen3.6-27b,T,aiops2022,checkoutservice-1,2,0.5,0.5
direct_rca,qwen3.6-27b,T,aiops2022,currencyservice,2,0,0.1
direct_rca,qwen3.6-27b,T,aiops2022,currencyservice-0,1,0,0
direct_rca,qwen3.6-27b,T,aiops2022,currencyservice-1,2,0.5,0.5
direct_rca,qwen3.6-27b,T,aiops2022,currencyservice-2,2,1,1
direct_rca,qwen3.6-27b,T,aiops2022,emailservice,4,0,0.14583333
direct_rca,qwen3.6-27b,T,aiops2022,emailservice-1,2,0.5,0.625
direct_rca,qwen3.6-27b,T,aiops2022,frontend,3,0.33333333,0.5
direct_rca,qwen3.6-27b,T,aiops2022,frontend-0,1,0,0
direct_rca,qwen3.6-27b,T,aiops2022,frontend-1,1,0,0
direct_rca,qwen3.6-27b,T,aiops2022,frontend-2,1,1,1
direct_rca,qwen3.6-27b,T,aiops2022,frontend2-0,1,1,1
direct_rca,qwen3.6-27b,T,aiops2022,node-1,3,0,0
direct_rca,qwen3.6-27b,T,aiops2022,node-2,3,0.33333333,0.33333333
direct_rca,qwen3.6-27b,T,aiops2022,node-3,4,0,0
direct_rca,qwen3.6-27b,T,aiops2022,node-4,4,0,0.3125
direct_rca,qwen3.6-27b,T,aiops2022,node-5,8,0.25,0.3125
direct_rca,qwen3.6-27b,T,aiops2022,node-6,7,0.57142857,0.61904762
direct_rca,qwen3.6-27b,T,aiops2022,paymentservice,1,0,0
direct_rca,qwen3.6-27b,T,aiops2022,productcatalogservice,4,0,0.13333333
direct_rca,qwen3.6-27b,T,aiops2022,productcatalogservice-0,3,0.33333333,0.33333333
direct_rca,qwen3.6-27b,T,aiops2022,productcatalogservice-1,3,0,0.16666667
direct_rca,qwen3.6-27b,T,aiops2022,productcatalogservice-2,2,0.5,0.66666667
direct_rca,qwen3.6-27b,T,aiops2022,productcatalogservice2-0,1,1,1
direct_rca,qwen3.6-27b,T,aiops2022,recommendationservice,4,0.25,0.375
direct_rca,qwen3.6-27b,T,aiops2022,recommendationservice-2,1,0,0.2
direct_rca,qwen3.6-27b,T,aiops2022,recommendationservice2-0,1,0,0
direct_rca,qwen3.6-27b,T,aiops2022,shippingservice,4,0.25,0.25
direct_rca,qwen3.6-27b,T,aiops2022,shippingservice-0,1,0,0
direct_rca,qwen3.6-27b,T,aiops2022,shippingservice-1,2,0,0
direct_rca,qwen3.6-27b,T,aiops2022,shippingservice2-0,1,0,0
direct_rca,qwen3.6-27b,T,aiops2025,adservice,14,0.21428571,0.29404762
direct_rca,qwen3.6-27b,T,aiops2025,cartservice,7,0.28571429,0.39285714
direct_rca,qwen3.6-27b,T,aiops2025,checkoutservice,17,0.11764706,0.21568627
direct_rca,qwen3.6-27b,T,aiops2025,currencyservice,4,0.25,0.3
direct_rca,qwen3.6-27b,T,aiops2025,emailservice,2,0,0
direct_rca,qwen3.6-27b,T,aiops2025,frontend,3,0.33333333,0.33333333
direct_rca,qwen3.6-27b,T,aiops2025,node-1,3,0,0
direct_rca,qwen3.6-27b,T,aiops2025,node-3,3,0.33333333,0.44444444
direct_rca,qwen3.6-27b,T,aiops2025,node-4,1,1,1
direct_rca,qwen3.6-27b,T,aiops2025,node-5,4,0.25,0.25
direct_rca,qwen3.6-27b,T,aiops2025,node-6,5,0.2,0.2
direct_rca,qwen3.6-27b,T,aiops2025,node-7,2,0,0.25
direct_rca,qwen3.6-27b,T,aiops2025,node-8,4,0,0.13333333
direct_rca,qwen3.6-27b,T,aiops2025,paymentservice,1,0,0
direct_rca,qwen3.6-27b,T,aiops2025,productcatalogservice,4,0.5,0.5
direct_rca,qwen3.6-27b,T,aiops2025,recommendationservice,1,0,0
direct_rca,qwen3.6-27b,T,aiops2025,shippingservice,6,0.16666667,0.2
direct_rca,qwen3.6-27b,T,aiops2025,tidb-tidb,2,0,0
direct_rca,qwen3.6-27b,T,aiops2025,tidb-tikv,10,0.1,0.275
direct_rca,qwen3.6-27b,T,re2_ob,checkoutservice,18,0.77777778,0.88888889
direct_rca,qwen3.6-27b,T,re2_ob,currencyservice,18,0.55555556,0.67592593
direct_rca,qwen3.6-27b,T,re2_ob,emailservice,18,0.77777778,0.88888889
direct_rca,qwen3.6-27b,T,re2_ob,productcatalogservice,18,0.38888889,0.58981481
direct_rca,qwen3.6-27b,T,re2_ob,recommendationservice,18,0.83333333,0.90740741
direct_rca,qwen3.6-27b,T,re2_tt,ts-auth-service,18,0.72222222,0.72222222
direct_rca,qwen3.6-27b,T,re2_tt,ts-order-service,18,0.61111111,0.74074074
direct_rca,qwen3.6-27b,T,re2_tt,ts-route-service,18,0.5,0.64814815
direct_rca,qwen3.6-27b,T,re2_tt,ts-train-service,18,0.77777778,0.85648148
direct_rca,qwen3.6-27b,T,re2_tt,ts-travel-service,18,0.38888889,0.60185185
direct_rca,qwen3.6-27b,V,aegislab,mysql,6,0.66666667,0.75
direct_rca,qwen3.6-27b,V,aegislab,ts-assurance-service,5,0.8,0.86666667
direct_rca,qwen3.6-27b,V,aegislab,ts-auth-service,4,0.25,0.45833333
direct_rca,qwen3.6-27b,V,aegislab,ts-basic-service,19,0.052631579,0.23421053
direct_rca,qwen3.6-27b,V,aegislab,ts-config-service,6,0.33333333,0.38888889
direct_rca,qwen3.6-27b,V,aegislab,ts-consign-service,2,0,0
direct_rca,qwen3.6-27b,V,aegislab,ts-contacts-service,2,0,0.41666667
direct_rca,qwen3.6-27b,V,aegislab,ts-food-service,3,0.66666667,0.66666667
direct_rca,qwen3.6-27b,V,aegislab,ts-inside-payment-service,2,0.5,0.66666667
direct_rca,qwen3.6-27b,V,aegislab,ts-order-other-service,4,0.25,0.375
direct_rca,qwen3.6-27b,V,aegislab,ts-order-service,5,0.4,0.56666667
direct_rca,qwen3.6-27b,V,aegislab,ts-preserve-service,5,0,0.25
direct_rca,qwen3.6-27b,V,aegislab,ts-price-service,2,0.5,0.75
direct_rca,qwen3.6-27b,V,aegislab,ts-route-plan-service,6,0.33333333,0.33333333
direct_rca,qwen3.6-27b,V,aegislab,ts-route-service,4,0.25,0.375
direct_rca,qwen3.6-27b,V,aegislab,ts-seat-service,6,0.33333333,0.52777778
direct_rca,qwen3.6-27b,V,aegislab,ts-security-service,1,0,0
direct_rca,qwen3.6-27b,V,aegislab,ts-station-food-service,1,0,0
direct_rca,qwen3.6-27b,V,aegislab,ts-station-service,1,1,1
direct_rca,qwen3.6-27b,V,aegislab,ts-train-service,2,0.5,0.5
direct_rca,qwen3.6-27b,V,aegislab,ts-travel-plan-service,3,1,1
direct_rca,qwen3.6-27b,V,aegislab,ts-travel-service,3,0.66666667,0.66666667
direct_rca,qwen3.6-27b,V,aegislab,ts-travel2-service,2,1,1
direct_rca,qwen3.6-27b,V,aegislab,ts-user-service,1,1,1
direct_rca,qwen3.6-27b,V,aegislab,ts-verification-code-service,1,0,0
direct_rca,qwen3.6-27b,V,aiops2022,adservice,2,1,1
direct_rca,qwen3.6-27b,V,aiops2022,adservice-0,1,0,0.2
direct_rca,qwen3.6-27b,V,aiops2022,adservice-1,3,0.66666667,0.66666667
direct_rca,qwen3.6-27b,V,aiops2022,adservice2-0,1,1,1
direct_rca,qwen3.6-27b,V,aiops2022,cartservice,5,0,0.16666667
direct_rca,qwen3.6-27b,V,aiops2022,cartservice-0,2,0,0.25
direct_rca,qwen3.6-27b,V,aiops2022,cartservice2-0,1,0,0
direct_rca,qwen3.6-27b,V,aiops2022,checkoutservice,4,0.5,0.625
direct_rca,qwen3.6-27b,V,aiops2022,checkoutservice-0,2,0,0.16666667
direct_rca,qwen3.6-27b,V,aiops2022,checkoutservice-1,2,0,0.25
direct_rca,qwen3.6-27b,V,aiops2022,currencyservice,2,0,0.1
direct_rca,qwen3.6-27b,V,aiops2022,currencyservice-0,1,0,0
direct_rca,qwen3.6-27b,V,aiops2022,currencyservice-1,2,0,0
direct_rca,qwen3.6-27b,V,aiops2022,currencyservice-2,2,0,0.5
direct_rca,qwen3.6-27b,V,aiops2022,emailservice,4,0.25,0.25
direct_rca,qwen3.6-27b,V,aiops2022,emailservice-1,2,0,0.25
direct_rca,qwen3.6-27b,V,aiops2022,frontend,3,0,0.38888889
direct_rca,qwen3.6-27b,V,aiops2022,frontend-0,1,1,1
direct_rca,qwen3.6-27b,V,aiops2022,frontend-1,1,0,0
direct_rca,qwen3.6-27b,V,aiops2022,frontend-2,1,0,0.5
direct_rca,qwen3.6-27b,V,aiops2022,frontend2-0,1,1,1
direct_rca,qwen3.6-27b,V,aiops2022,node-1,3,0,0
direct_rca,qwen3.6-27b,V,aiops2022,node-2,3,0.33333333,0.33333333
direct_rca,qwen3.6-27b,V,aiops2022,node-3,4,0,0.083333333
direct_rca,qwen3.6-27b,V,aiops2022,node-4,4,0,0.25
direct_rca,qwen3.6-27b,V,aiops2022,node-5,8,0.125,0.19791667
direct_rca,qwen3.6-27b,V,aiops2022,node-6,7,0.28571429,0.38095238
direct_rca,qwen3.6-27b,V,aiops2022,paymentservice,1,0,0
direct_rca,qwen3.6-27b,V,aiops2022,productcatalogservice,4,0,0.083333333
direct_rca,qwen3.6-27b,V,aiops2022,productcatalogservice-0,3,0,0.16666667
direct_rca,qwen3.6-27b,V,aiops2022,productcatalogservice-1,3,0.33333333,0.41666667
direct_rca,qwen3.6-27b,V,aiops2022,productcatalogservice-2,2,0.5,0.5
direct_rca,qwen3.6-27b,V,aiops2022,productcatalogservice2-0,1,1,1
direct_rca,qwen3.6-27b,V,aiops2022,recommendationservice,4,0,0.175
direct_rca,qwen3.6-27b,V,aiops2022,recommendationservice-2,1,0,0
direct_rca,qwen3.6-27b,V,aiops2022,recommendationservice2-0,1,0,0
direct_rca,qwen3.6-27b,V,aiops2022,shippingservice,4,0,0.25
direct_rca,qwen3.6-27b,V,aiops2022,shippingservice-0,1,0,0
direct_rca,qwen3.6-27b,V,aiops2022,shippingservice-1,2,0,0
direct_rca,qwen3.6-27b,V,aiops2022,shippingservice2-0,1,0,0
direct_rca,qwen3.6-27b,V,aiops2025,adservice,14,0.21428571,0.25238095
direct_rca,qwen3.6-27b,V,aiops2025,cartservice,7,0.28571429,0.4047619
direct_rca,qwen3.6-27b,V,aiops2025,checkoutservice,17,0.23529412,0.35
direct_rca,qwen3.6-27b,V,aiops2025,currencyservice,4,0.25,0.25
direct_rca,qwen3.6-27b,V,aiops2025,emailservice,2,0,0
direct_rca,qwen3.6-27b,V,aiops2025,frontend,3,0.33333333,0.4
direct_rca,qwen3.6-27b,V,aiops2025,node-1,3,0,0
direct_rca,qwen3.6-27b,V,aiops2025,node-3,3,1,1
direct_rca,qwen3.6-27b,V,aiops2025,node-4,1,1,1
direct_rca,qwen3.6-27b,V,aiops2025,node-5,4,0.25,0.25
direct_rca,qwen3.6-27b,V,aiops2025,node-6,5,0.2,0.26666667
direct_rca,qwen3.6-27b,V,aiops2025,node-7,2,0,0.25
direct_rca,qwen3.6-27b,V,aiops2025,node-8,4,0.25,0.375
direct_rca,qwen3.6-27b,V,aiops2025,paymentservice,1,0,0
direct_rca,qwen3.6-27b,V,aiops2025,productcatalogservice,4,0,0.18333333
direct_rca,qwen3.6-27b,V,aiops2025,recommendationservice,1,0,0
direct_rca,qwen3.6-27b,V,aiops2025,shippingservice,6,0,0.125
direct_rca,qwen3.6-27b,V,aiops2025,tidb-tidb,2,0,0
direct_rca,qwen3.6-27b,V,aiops2025,tidb-tikv,10,0.2,0.31666667
direct_rca,qwen3.6-27b,V,re2_ob,checkoutservice,18,0.55555556,0.72222222
direct_rca,qwen3.6-27b,V,re2_ob,currencyservice,18,0.38888889,0.58333333
direct_rca,qwen3.6-27b,V,re2_ob,emailservice,18,0.72222222,0.83333333
direct_rca,qwen3.6-27b,V,re2_ob,productcatalogservice,18,0.16666667,0.37222222
direct_rca,qwen3.6-27b,V,re2_ob,recommendationservice,18,0.5,0.65740741
direct_rca,qwen3.6-27b,V,re2_tt,ts-auth-service,18,0.44444444,0.45555556
direct_rca,qwen3.6-27b,V,re2_tt,ts-order-service,18,0.33333333,0.46296296
direct_rca,qwen3.6-27b,V,re2_tt,ts-route-service,18,0.44444444,0.53888889
direct_rca,qwen3.6-27b,V,re2_tt,ts-train-service,18,0.61111111,0.68981481
direct_rca,qwen3.6-27b,V,re2_tt,ts-travel-service,18,0.33333333,0.47592593
direct_rca,qwen3.8-27b,F,aegislab,mysql,6,0.66666667,0.80555556
direct_rca,qwen3.8-27b,F,aegislab,ts-assurance-service,5,0.4,0.7
direct_rca,qwen3.8-27b,F,aegislab,ts-auth-service,4,0.5,0.675
direct_rca,qwen3.8-27b,F,aegislab,ts-basic-service,19,0.21052632,0.30263158
direct_rca,qwen3.8-27b,F,aegislab,ts-config-service,6,0.33333333,0.43055556
direct_rca,qwen3.8-27b,F,aegislab,ts-consign-service,2,0.5,0.5
direct_rca,qwen3.8-27b,F,aegislab,ts-contacts-service,2,0.5,0.625
direct_rca,qwen3.8-27b,F,aegislab,ts-food-service,3,0.66666667,0.66666667
direct_rca,qwen3.8-27b,F,aegislab,ts-inside-payment-service,2,0.5,0.75
direct_rca,qwen3.8-27b,F,aegislab,ts-order-other-service,4,0.25,0.425
direct_rca,qwen3.8-27b,F,aegislab,ts-order-service,5,0.2,0.26666667
direct_rca,qwen3.8-27b,F,aegislab,ts-preserve-service,5,0,0.20666667
direct_rca,qwen3.8-27b,F,aegislab,ts-price-service,2,0,0.125
direct_rca,qwen3.8-27b,F,aegislab,ts-route-plan-service,6,0.16666667,0.2
direct_rca,qwen3.8-27b,F,aegislab,ts-route-service,4,0.25,0.45833333
direct_rca,qwen3.8-27b,F,aegislab,ts-seat-service,6,0.16666667,0.33333333
direct_rca,qwen3.8-27b,F,aegislab,ts-security-service,1,0,0.33333333
direct_rca,qwen3.8-27b,F,aegislab,ts-station-food-service,1,0,0.25
direct_rca,qwen3.8-27b,F,aegislab,ts-station-service,1,1,1
direct_rca,qwen3.8-27b,F,aegislab,ts-train-service,2,0,0.25
direct_rca,qwen3.8-27b,F,aegislab,ts-travel-plan-service,3,1,1
direct_rca,qwen3.8-27b,F,aegislab,ts-travel-service,3,0.33333333,0.33333333
direct_rca,qwen3.8-27b,F,aegislab,ts-travel2-service,2,1,1
direct_rca,qwen3.8-27b,F,aegislab,ts-user-service,1,1,1
direct_rca,qwen3.8-27b,F,aegislab,ts-verification-code-service,1,0,0.33333333
direct_rca,qwen3.8-27b,F,aiops2022,adservice,2,0.5,0.75
direct_rca,qwen3.8-27b,F,aiops2022,adservice-0,1,1,1
direct_rca,qwen3.8-27b,F,aiops2022,adservice-1,3,0,0
direct_rca,qwen3.8-27b,F,aiops2022,adservice2-0,1,0,0
direct_rca,qwen3.8-27b,F,aiops2022,cartservice,5,0.2,0.34
direct_rca,qwen3.8-27b,F,aiops2022,cartservice-0,2,0,0.16666667
direct_rca,qwen3.8-27b,F,aiops2022,cartservice2-0,1,0,0
direct_rca,qwen3.8-27b,F,aiops2022,checkoutservice,4,0.25,0.375
direct_rca,qwen3.8-27b,F,aiops2022,checkoutservice-0,2,0,0.16666667
direct_rca,qwen3.8-27b,F,aiops2022,checkoutservice-1,2,0,0
direct_rca,qwen3.8-27b,F,aiops2022,currencyservice,2,0,0
direct_rca,qwen3.8-27b,F,aiops2022,currencyservice-0,1,0,0
direct_rca,qwen3.8-27b,F,aiops2022,currencyservice-1,2,0.5,0.5
direct_rca,qwen3.8-27b,F,aiops2022,currencyservice-2,2,1,1
direct_rca,qwen3.8-27b,F,aiops2022,emailservice,4,0,0
direct_rca,qwen3.8-27b,F,aiops2022,emailservice-1,2,0.5,0.5
direct_rca,qwen3.8-27b,F,aiops2022,frontend,3,0.33333333,0.5
direct_rca,qwen3.8-27b,F,aiops2022,frontend-0,1,0,0.33333333
direct_rca,qwen3.8-27b,F,aiops2022,frontend-1,1,0,0
direct_rca,qwen3.8-27b,F,aiops2022,frontend-2,1,0,0
direct_rca,qwen3.8-27b,F,aiops2022,frontend2-0,1,0,0
direct_rca,qwen3.8-27b,F,aiops2022,node-1,3,0,0
direct_rca,qwen3.8-27b,F,aiops2022,node-2,3,0.33333333,0.5
direct_rca,qwen3.8-27b,F,aiops2022,node-3,4,0,0
direct_rca,qwen3.8-27b,F,aiops2022,node-4,4,0.25,0.425
direct_rca,qwen3.8-27b,F,aiops2022,node-5,8,0.375,0.41666667
direct_rca,qwen3.8-27b,F,aiops2022,node-6,7,0.71428571,0.71428571
direct_rca,qwen3.8-27b,F,aiops2022,paymentservice,1,0,0.5
direct_rca,qwen3.8-27b,F,aiops2022,productcatalogservice,4,0,0.13333333
direct_rca,qwen3.8-27b,F,aiops2022,productcatalogservice-0,3,0,0.083333333
direct_rca,qwen3.8-27b,F,aiops2022,productcatalogservice-1,3,0.33333333,0.5
direct_rca,qwen3.8-27b,F,aiops2022,productcatalogservice-2,2,0,0.16666667
direct_rca,qwen3.8-27b,F,aiops2022,productcatalogservice2-0,1,1,1
direct_rca,qwen3.8-27b,F,aiops2022,recommendationservice,4,0.25,0.33333333
direct_rca,qwen3.8-27b,F,aiops2022,recommendationservice-2,1,0,0
direct_rca,qwen3.8-27b,F,aiops2022,recommendationservice2-0,1,0,0
direct_rca,qwen3.8-27b,F,aiops2022,shippingservice,4,0.25,0.25
direct_rca,qwen3.8-27b,F,aiops2022,shippingservice-0,1,0,0
direct_rca,qwen3.8-27b,F,aiops2022,shippingservice-1,2,0,0
direct_rca,qwen3.8-27b,F,aiops2022,shippingservice2-0,1,0,0
direct_rca,qwen3.8-27b,F,aiops2025,adservice,14,0.21428571,0.26428571
direct_rca,qwen3.8-27b,F,aiops2025,cartservice,7,0.42857143,0.54761905
direct_rca,qwen3.8-27b,F,aiops2025,checkoutservice,17,0.058823529,0.26176471
direct_rca,qwen3.8-27b,F,aiops2025,currencyservice,4,0.25,0.3
direct_rca,qwen3.8-27b,F,aiops2025,emailservice,2,0,0
direct_rca,qwen3.8-27b,F,aiops2025,frontend,3,0,0.33333333
direct_rca,qwen3.8-27b,F,aiops2025,node-1,3,0,0
direct_rca,qwen3.8-27b,F,aiops2025,node-3,3,0.33333333,0.55555556
direct_rca,qwen3.8-27b,F,aiops2025,node-4,1,1,1
direct_rca,qwen3.8-27b,F,aiops2025,node-5,4,0.25,0.25
direct_rca,qwen3.8-27b,F,aiops2025,node-6,5,0,0.1
direct_rca,qwen3.8-27b,F,aiops2025,node-7,2,0,0.25
direct_rca,qwen3.8-27b,F,aiops2025,node-8,4,0,0.083333333
direct_rca,qwen3.8-27b,F,aiops2025,paymentservice,1,0,0
direct_rca,qwen3.8-27b,F,aiops2025,productcatalogservice,4,0.25,0.25
direct_rca,qwen3.8-27b,F,aiops2025,recommendationservice,1,0,0
direct_rca,qwen3.8-27b,F,aiops2025,shippingservice,6,0.16666667,0.25
direct_rca,qwen3.8-27b,F,aiops2025,tidb-tidb,2,0,0
direct_rca,qwen3.8-27b,F,aiops2025,tidb-tikv,10,0.1,0.25333333
direct_rca,qwen3.8-27b,F,re2_ob,checkoutservice,18,0.66666667,0.80555556
direct_rca,qwen3.8-27b,F,re2_ob,currencyservice,18,0.44444444,0.64351852
direct_rca,qwen3.8-27b,F,re2_ob,emailservice,18,0.5,0.74074074
direct_rca,qwen3.8-27b,F,re2_ob,productcatalogservice,18,0.27777778,0.44444444
direct_rca,qwen3.8-27b,F,re2_ob,recommendationservice,18,0.5,0.69907407
direct_rca,qwen3.8-27b,F,re2_tt,ts-auth-service,18,0.61111111,0.65277778
direct_rca,qwen3.8-27b,F,re2_tt,ts-order-service,18,0.44444444,0.65
direct_rca,qwen3.8-27b,F,re2_tt,ts-route-service,18,0.38888889,0.56018519
direct_rca,qwen3.8-27b,F,re2_tt,ts-train-service,18,0.66666667,0.76388889
direct_rca,qwen3.8-27b,F,re2_tt,ts-travel-service,18,0.27777778,0.47685185
direct_rca,qwen3.8-27b,H,aegislab,mysql,6,0.66666667,0.80555556
direct_rca,qwen3.8-27b,H,aegislab,ts-assurance-service,5,0.6,0.8
direct_rca,qwen3.8-27b,H,aegislab,ts-auth-service,4,0.5,0.625
direct_rca,qwen3.8-27b,H,aegislab,ts-basic-service,19,0.26315789,0.33333333
direct_rca,qwen3.8-27b,H,aegislab,ts-config-service,6,0.5,0.55555556
direct_rca,qwen3.8-27b,H,aegislab,ts-consign-service,2,0,0.1
direct_rca,qwen3.8-27b,H,aegislab,ts-contacts-service,2,0.5,0.625
direct_rca,qwen3.8-27b,H,aegislab,ts-food-service,3,0.66666667,0.66666667
direct_rca,qwen3.8-27b,H,aegislab,ts-inside-payment-service,2,0.5,0.75
direct_rca,qwen3.8-27b,H,aegislab,ts-order-other-service,4,0.25,0.375
direct_rca,qwen3.8-27b,H,aegislab,ts-order-service,5,0.4,0.55
direct_rca,qwen3.8-27b,H,aegislab,ts-preserve-service,5,0,0.05
direct_rca,qwen3.8-27b,H,aegislab,ts-price-service,2,0,0
direct_rca,qwen3.8-27b,H,aegislab,ts-route-plan-service,6,0.16666667,0.16666667
direct_rca,qwen3.8-27b,H,aegislab,ts-route-service,4,0.25,0.5
direct_rca,qwen3.8-27b,H,aegislab,ts-seat-service,6,0.33333333,0.51111111
direct_rca,qwen3.8-27b,H,aegislab,ts-security-service,1,0,0.25
direct_rca,qwen3.8-27b,H,aegislab,ts-station-food-service,1,0,0.25
direct_rca,qwen3.8-27b,H,aegislab,ts-station-service,1,1,1
direct_rca,qwen3.8-27b,H,aegislab,ts-train-service,2,0,0.25
direct_rca,qwen3.8-27b,H,aegislab,ts-travel-plan-service,3,1,1
direct_rca,qwen3.8-27b,H,aegislab,ts-travel-service,3,0.33333333,0.33333333
direct_rca,qwen3.8-27b,H,aegislab,ts-travel2-service,2,1,1
direct_rca,qwen3.8-27b,H,aegislab,ts-user-service,1,1,1
direct_rca,qwen3.8-27b,H,aegislab,ts-verification-code-service,1,0,0.33333333
direct_rca,qwen3.8-27b,H,aiops2022,adservice,2,0.5,0.625
direct_rca,qwen3.8-27b,H,aiops2022,adservice-0,1,1,1
direct_rca,qwen3.8-27b,H,aiops2022,adservice-1,3,0,0
direct_rca,qwen3.8-27b,H,aiops2022,adservice2-0,1,0,0.2
direct_rca,qwen3.8-27b,H,aiops2022,cartservice,5,0.4,0.59
direct_rca,qwen3.8-27b,H,aiops2022,cartservice-0,2,0,0.16666667
direct_rca,qwen3.8-27b,H,aiops2022,cartservice2-0,1,0,0
direct_rca,qwen3.8-27b,H,aiops2022,checkoutservice,4,0.25,0.25
direct_rca,qwen3.8-27b,H,aiops2022,checkoutservice-0,2,0,0.16666667
direct_rca,qwen3.8-27b,H,aiops2022,checkoutservice-1,2,0,0
direct_rca,qwen3.8-27b,H,aiops2022,currencyservice,2,0,0
direct_rca,qwen3.8-27b,H,aiops2022,currencyservice-0,1,0,0
direct_rca,qwen3.8-27b,H,aiops2022,currencyservice-1,2,0.5,0.5
direct_rca,qwen3.8-27b,H,aiops2022,currencyservice-2,2,1,1
direct_rca,qwen3.8-27b,H,aiops2022,emailservice,4,0.25,0.33333333
direct_rca,qwen3.8-27b,H,aiops2022,emailservice-1,2,0.5,0.6
direct_rca,qwen3.8-27b,H,aiops2022,frontend,3,0.33333333,0.5
direct_rca,qwen3.8-27b,H,aiops2022,frontend-0,1,0,0.33333333
direct_rca,qwen3.8-27b,H,aiops2022,frontend-1,1,0,0
direct_rca,qwen3.8-27b,H,aiops2022,frontend-2,1,0,0.2
direct_rca,qwen3.8-27b,H,aiops2022,frontend2-0,1,0,0
direct_rca,qwen3.8-27b,H,aiops2022,node-1,3,0,0
direct_rca,qwen3.8-27b,H,aiops2022,node-2,3,0.33333333,0.33333333
direct_rca,qwen3.8-27b,H,aiops2022,node-3,4,0,0
direct_rca,qwen3.8-27b,H,aiops2022,node-4,4,0.25,0.375
direct_rca,qwen3.8-27b,H,aiops2022,node-5,8,0.125,0.29166667
direct_rca,qwen3.8-27b,H,aiops2022,node-6,7,0.57142857,0.61904762
direct_rca,qwen3.8-27b,H,aiops2022,paymentservice,1,0,0.2
direct_rca,qwen3.8-27b,H,aiops2022,productcatalogservice,4,0,0.083333333
direct_rca,qwen3.8-27b,H,aiops2022,productcatalogservice-0,3,0.33333333,0.33333333
direct_rca,qwen3.8-27b,H,aiops2022,productcatalogservice-1,3,0,0
direct_rca,qwen3.8-27b,H,aiops2022,productcatalogservice-2,2,0.5,0.5
direct_rca,qwen3.8-27b,H,aiops2022,productcatalogservice2-0,1,1,1
direct_rca,qwen3.8-27b,H,aiops2022,recommendationservice,4,0,0.083333333
direct_rca,qwen3.8-27b,H,aiops2022,recommendationservice-2,1,0,0
direct_rca,qwen3.8-27b,H,aiops2022,recommendationservice2-0,1,0,0
direct_rca,qwen3.8-27b,H,aiops2022,shippingservice,4,0,0.125
direct_rca,qwen3.8-27b,H,aiops2022,shippingservice-0,1,0,0
direct_rca,qwen3.8-27b,H,aiops2022,shippingservice-1,2,0,0
direct_rca,qwen3.8-27b,H,aiops2022,shippingservice2-0,1,0,0
direct_rca,qwen3.8-27b,H,aiops2025,adservice,14,0.071428571,0.14880952
direct_rca,qwen3.8-27b,H,aiops2025,cartservice,7,0.28571429,0.47619048
direct_rca,qwen3.8-27b,H,aiops2025,checkoutservice,17,0.17647059,0.24411765
direct_rca,qwen3.8-27b,H,aiops2025,currencyservice,4,0.25,0.25
direct_rca,qwen3.8-27b,H,aiops2025,emailservice,2,0,0
direct_rca,qwen3.8-27b,H,aiops2025,frontend,3,0.33333333,0.44444444
direct_rca,qwen3.8-27b,H,aiops2025,node-1,3,0,0
direct_rca,qwen3.8-27b,H,aiops2025,node-3,3,0.66666667,0.83333333
direct_rca,qwen3.8-27b,H,aiops2025,node-4,1,1,1
direct_rca,qwen3.8-27b,H,aiops2025,node-5,4,0.25,0.33333333
direct_rca,qwen3.8-27b,H,aiops2025,node-6,5,0,0.09
direct_rca,qwen3.8-27b,H,aiops2025,node-7,2,0,0.25
direct_rca,qwen3.8-27b,H,aiops2025,node-8,4,0,0.083333333
direct_rca,qwen3.8-27b,H,aiops2025,paymentservice,1,0,0
direct_rca,qwen3.8-27b,H,aiops2025,productcatalogservice,4,0,0.13333333
direct_rca,qwen3.8-27b,H,aiops2025,recommendationservice,1,0,0
direct_rca,qwen3.8-27b,H,aiops2025,shippingservice,6,0,0.125
direct_rca,qwen3.8-27b,H,aiops2025,tidb-tidb,2,0,0
direct_rca,qwen3.8-27b,H,aiops2025,tidb-tikv,10,0.2,0.31666667
direct_rca,qwen3.8-27b,H,re2_ob,checkoutservice,18,0.61111111,0.7962963
direct_rca,qwen3.8-27b,H,re2_ob,currencyservice,18,0.27777778,0.46296296
direct_rca,qwen3.8-27b,H,re2_ob,emailservice,18,0.55555556,0.77777778
direct_rca,qwen3.8-27b,H,re2_ob,productcatalogservice,18,0.22222222,0.44444444
direct_rca,qwen3.8-27b,H,re2_ob,recommendationservice,18,0.5,0.67592593
direct_rca,qwen3.8-27b,H,re2_tt,ts-auth-service,18,0.55555556,0.58333333
direct_rca,qwen3.8-27b,H,re2_tt,ts-order-service,18,0.22222222,0.50462963
direct_rca,qwen3.8-27b,H,re2_tt,ts-route-service,18,0.33333333,0.52314815
direct_rca,qwen3.8-27b,H,re2_tt,ts-train-service,18,0.55555556,0.64537037
direct_rca,qwen3.8-27b,H,re2_tt,ts-travel-service,18,0.38888889,0.59722222
direct_rca,qwen3.8-27b,P,aegislab,mysql,6,0.5,0.66666667
direct_rca,qwen3.8-27b,P,aegislab,ts-assurance-service,5,0.4,0.54666667
direct_rca,qwen3.8-27b,P,aegislab,ts-auth-service,4,0.5,0.625
direct_rca,qwen3.8-27b,P,aegislab,ts-basic-service,19,0.10526316,0.23421053
direct_rca,qwen3.8-27b,P,aegislab,ts-config-service,6,0.33333333,0.42222222
direct_rca,qwen3.8-27b,P,aegislab,ts-consign-service,2,0,0.16666667
direct_rca,qwen3.8-27b,P,aegislab,ts-contacts-service,2,0,0.375
direct_rca,qwen3.8-27b,P,aegislab,ts-food-service,3,0.66666667,0.66666667
direct_rca,qwen3.8-27b,P,aegislab,ts-inside-payment-service,2,1,1
direct_rca,qwen3.8-27b,P,aegislab,ts-order-other-service,4,0.25,0.375
direct_rca,qwen3.8-27b,P,aegislab,ts-order-service,5,0.4,0.46666667
direct_rca,qwen3.8-27b,P,aegislab,ts-preserve-service,5,0,0.16666667
direct_rca,qwen3.8-27b,P,aegislab,ts-price-service,2,0,0.25
direct_rca,qwen3.8-27b,P,aegislab,ts-route-plan-service,6,0.16666667,0.2
direct_rca,qwen3.8-27b,P,aegislab,ts-route-service,4,0.25,0.45833333
direct_rca,qwen3.8-27b,P,aegislab,ts-seat-service,6,0.16666667,0.44444444
direct_rca,qwen3.8-27b,P,aegislab,ts-security-service,1,0,0.2
direct_rca,qwen3.8-27b,P,aegislab,ts-station-food-service,1,0,0.2
direct_rca,qwen3.8-27b,P,aegislab,ts-station-service,1,0,0.5
direct_rca,qwen3.8-27b,P,aegislab,ts-train-service,2,0,0.16666667
direct_rca,qwen3.8-27b,P,aegislab,ts-travel-plan-service,3,1,1
direct_rca,qwen3.8-27b,P,aegislab,ts-travel-service,3,0,0
direct_rca,qwen3.8-27b,P,aegislab,ts-travel2-service,2,1,1
direct_rca,qwen3.8-27b,P,aegislab,ts-user-service,1,1,1
direct_rca,qwen3.8-27b,P,aegislab,ts-verification-code-service,1,0,0
direct_rca,qwen3.8-27b,P,aiops2022,adservice,2,0,0.16666667
direct_rca,qwen3.8-27b,P,aiops2022,adservice-0,1,0,0.5
direct_rca,qwen3.8-27b,P,aiops2022,adservice-1,3,0,0
direct_rca,qwen3.8-27b,P,aiops2022,adservice2-0,1,0,0
direct_rca,qwen3.8-27b,P,aiops2022,cartservice,5,0,0.31666667
direct_rca,qwen3.8-27b,P,aiops2022,cartservice-0,2,0,0.16666667
direct_rca,qwen3.8-27b,P,aiops2022,cartservice2-0,1,0,0
direct_rca,qwen3.8-27b,P,aiops2022,checkoutservice,4,0.25,0.375
direct_rca,qwen3.8-27b,P,aiops2022,checkoutservice-0,2,0,0.125
direct_rca,qwen3.8-27b,P,aiops2022,checkoutservice-1,2,0,0.25
direct_rca,qwen3.8-27b,P,aiops2022,currencyservice,2,0,0.225
direct_rca,qwen3.8-27b,P,aiops2022,currencyservice-0,1,0,0
direct_rca,qwen3.8-27b,P,aiops2022,currencyservice-1,2,0,0
direct_rca,qwen3.8-27b,P,aiops2022,currencyservice-2,2,0,0
direct_rca,qwen3.8-27b,P,aiops2022,emailservice,4,0.25,0.33333333
direct_rca,qwen3.8-27b,P,aiops2022,emailservice-1,2,0.5,0.5
direct_rca,qwen3.8-27b,P,aiops2022,frontend,3,0.33333333,0.41666667
direct_rca,qwen3.8-27b,P,aiops2022,frontend-0,1,0,0
direct_rca,qwen3.8-27b,P,aiops2022,frontend-1,1,0,0.2
direct_rca,qwen3.8-27b,P,aiops2022,frontend-2,1,0,0.25
direct_rca,qwen3.8-27b,P,aiops2022,frontend2-0,1,0,0
direct_rca,qwen3.8-27b,P,aiops2022,node-1,3,0,0.11111111
direct_rca,qwen3.8-27b,P,aiops2022,node-2,3,0.33333333,0.33333333
direct_rca,qwen3.8-27b,P,aiops2022,node-3,4,0,0.05
direct_rca,qwen3.8-27b,P,aiops2022,node-4,4,0,0.33333333
direct_rca,qwen3.8-27b,P,aiops2022,node-5,8,0,0.10416667
direct_rca,qwen3.8-27b,P,aiops2022,node-6,7,0.14285714,0.30952381
direct_rca,qwen3.8-27b,P,aiops2022,paymentservice,1,0,0
direct_rca,qwen3.8-27b,P,aiops2022,productcatalogservice,4,0,0.083333333
direct_rca,qwen3.8-27b,P,aiops2022,productcatalogservice-0,3,0.33333333,0.44444444
direct_rca,qwen3.8-27b,P,aiops2022,productcatalogservice-1,3,0,0.083333333
direct_rca,qwen3.8-27b,P,aiops2022,productcatalogservice-2,2,0,0.16666667
direct_rca,qwen3.8-27b,P,aiops2022,productcatalogservice2-0,1,0,0.25
direct_rca,qwen3.8-27b,P,aiops2022,recommendationservice,4,0,0.22916667
direct_rca,qwen3.8-27b,P,aiops2022,recommendationservice-2,1,0,0
direct_rca,qwen3.8-27b,P,aiops2022,recommendationservice2-0,1,0,0
direct_rca,qwen3.8-27b,P,aiops2022,shippingservice,4,0,0.083333333
direct_rca,qwen3.8-27b,P,aiops2022,shippingservice-0,1,0,0
direct_rca,qwen3.8-27b,P,aiops2022,shippingservice-1,2,0,0
direct_rca,qwen3.8-27b,P,aiops2022,shippingservice2-0,1,0,0
direct_rca,qwen3.8-27b,P,aiops2025,adservice,14,0.071428571,0.15714286
direct_rca,qwen3.8-27b,P,aiops2025,cartservice,7,0.14285714,0.38095238
direct_rca,qwen3.8-27b,P,aiops2025,checkoutservice,17,0.17647059,0.27647059
direct_rca,qwen3.8-27b,P,aiops2025,currencyservice,4,0.25,0.39583333
direct_rca,qwen3.8-27b,P,aiops2025,emailservice,2,0,0
direct_rca,qwen3.8-27b,P,aiops2025,frontend,3,0.33333333,0.41666667
direct_rca,qwen3.8-27b,P,aiops2025,node-1,3,0,0
direct_rca,qwen3.8-27b,P,aiops2025,node-3,3,0.66666667,0.83333333
direct_rca,qwen3.8-27b,P,aiops2025,node-4,1,0,0
direct_rca,qwen3.8-27b,P,aiops2025,node-5,4,0.25,0.3125
direct_rca,qwen3.8-27b,P,aiops2025,node-6,5,0.2,0.2
direct_rca,qwen3.8-27b,P,aiops2025,node-7,2,0,0.25
direct_rca,qwen3.8-27b,P,aiops2025,node-8,4,0,0
direct_rca,qwen3.8-27b,P,aiops2025,paymentservice,1,0,0.25
direct_rca,qwen3.8-27b,P,aiops2025,productcatalogservice,4,0.25,0.25
direct_rca,qwen3.8-27b,P,aiops2025,recommendationservice,1,0,0
direct_rca,qwen3.8-27b,P,aiops2025,shippingservice,6,0.16666667,0.20833333
direct_rca,qwen3.8-27b,P,aiops2025,tidb-tidb,2,0,0
direct_rca,qwen3.8-27b,P,aiops2025,tidb-tikv,10,0.3,0.37
direct_rca,qwen3.8-27b,P,re2_ob,checkoutservice,18,0.5,0.68518519
direct_rca,qwen3.8-27b,P,re2_ob,currencyservice,18,0.22222222,0.45555556
direct_rca,qwen3.8-27b,P,re2_ob,emailservice,18,0.16666667,0.43703704
direct_rca,qwen3.8-27b,P,re2_ob,productcatalogservice,18,0.11111111,0.27037037
direct_rca,qwen3.8-27b,P,re2_ob,recommendationservice,18,0.27777778,0.525
direct_rca,qwen3.8-27b,P,re2_tt,ts-auth-service,18,0.22222222,0.34444444
direct_rca,qwen3.8-27b,P,re2_tt,ts-order-service,18,0.22222222,0.41759259
direct_rca,qwen3.8-27b,P,re2_tt,ts-route-service,18,0.16666667,0.275
direct_rca,qwen3.8-27b,P,re2_tt,ts-train-service,18,0.27777778,0.46851852
direct_rca,qwen3.8-27b,P,re2_tt,ts-travel-service,18,0.16666667,0.3462963
direct_rca,qwen3.8-27b,R,aegislab,mysql,6,0.33333333,0.58333333
direct_rca,qwen3.8-27b,R,aegislab,ts-assurance-service,5,0.6,0.66666667
direct_rca,qwen3.8-27b,R,aegislab,ts-auth-service,4,0.5,0.6875
direct_rca,qwen3.8-27b,R,aegislab,ts-basic-service,19,0.052631579,0.25877193
direct_rca,qwen3.8-27b,R,aegislab,ts-config-service,6,0.33333333,0.43055556
direct_rca,qwen3.8-27b,R,aegislab,ts-consign-service,2,0.5,0.5
direct_rca,qwen3.8-27b,R,aegislab,ts-contacts-service,2,0.5,0.625
direct_rca,qwen3.8-27b,R,aegislab,ts-food-service,3,0.33333333,0.33333333
direct_rca,qwen3.8-27b,R,aegislab,ts-inside-payment-service,2,1,1
direct_rca,qwen3.8-27b,R,aegislab,ts-order-other-service,4,0.25,0.375
direct_rca,qwen3.8-27b,R,aegislab,ts-order-service,5,0.6,0.65
direct_rca,qwen3.8-27b,R,aegislab,ts-preserve-service,5,0,0.21666667
direct_rca,qwen3.8-27b,R,aegislab,ts-price-service,2,0,0.25
direct_rca,qwen3.8-27b,R,aegislab,ts-route-plan-service,6,0.16666667,0.16666667
direct_rca,qwen3.8-27b,R,aegislab,ts-route-service,4,0.5,0.70833333
direct_rca,qwen3.8-27b,R,aegislab,ts-seat-service,6,0.33333333,0.50555556
direct_rca,qwen3.8-27b,R,aegislab,ts-security-service,1,0,0.33333333
direct_rca,qwen3.8-27b,R,aegislab,ts-station-food-service,1,0,0.25
direct_rca,qwen3.8-27b,R,aegislab,ts-station-service,1,0,0.5
direct_rca,qwen3.8-27b,R,aegislab,ts-train-service,2,0,0.16666667
direct_rca,qwen3.8-27b,R,aegislab,ts-travel-plan-service,3,1,1
direct_rca,qwen3.8-27b,R,aegislab,ts-travel-service,3,0.66666667,0.66666667
direct_rca,qwen3.8-27b,R,aegislab,ts-travel2-service,2,1,1
direct_rca,qwen3.8-27b,R,aegislab,ts-user-service,1,1,1
direct_rca,qwen3.8-27b,R,aegislab,ts-verification-code-service,1,0,0.33333333
direct_rca,qwen3.8-27b,R,aiops2022,adservice,2,0,0
direct_rca,qwen3.8-27b,R,aiops2022,adservice-0,1,0,0.5
direct_rca,qwen3.8-27b,R,aiops2022,adservice-1,3,0.33333333,0.33333333
direct_rca,qwen3.8-27b,R,aiops2022,adservice2-0,1,0,0
direct_rca,qwen3.8-27b,R,aiops2022,cartservice,5,0,0.3
direct_rca,qwen3.8-27b,R,aiops2022,cartservice-0,2,0,0.25
direct_rca,qwen3.8-27b,R,aiops2022,cartservice2-0,1,0,0
direct_rca,qwen3.8-27b,R,aiops2022,checkoutservice,4,0.5,0.6875
direct_rca,qwen3.8-27b,R,aiops2022,checkoutservice-0,2,0,0.225
direct_rca,qwen3.8-27b,R,aiops2022,checkoutservice-1,2,0,0.25
direct_rca,qwen3.8-27b,R,aiops2022,currencyservice,2,0,0
direct_rca,qwen3.8-27b,R,aiops2022,currencyservice-0,1,0,0
direct_rca,qwen3.8-27b,R,aiops2022,currencyservice-1,2,0.5,0.5
direct_rca,qwen3.8-27b,R,aiops2022,currencyservice-2,2,0,0.25
direct_rca,qwen3.8-27b,R,aiops2022,emailservice,4,0.25,0.33333333
direct_rca,qwen3.8-27b,R,aiops2022,emailservice-1,2,0.5,0.6
direct_rca,qwen3.8-27b,R,aiops2022,frontend,3,0,0.16666667
direct_rca,qwen3.8-27b,R,aiops2022,frontend-0,1,0,0
direct_rca,qwen3.8-27b,R,aiops2022,frontend-1,1,0,0
direct_rca,qwen3.8-27b,R,aiops2022,frontend-2,1,0,0.5
direct_rca,qwen3.8-27b,R,aiops2022,frontend2-0,1,1,1
direct_rca,qwen3.8-27b,R,aiops2022,node-1,3,0,0
direct_rca,qwen3.8-27b,R,aiops2022,node-2,3,0.33333333,0.33333333
direct_rca,qwen3.8-27b,R,aiops2022,node-3,4,0,0
direct_rca,qwen3.8-27b,R,aiops2022,node-4,4,0,0.25
direct_rca,qwen3.8-27b,R,aiops2022,node-5,8,0.125,0.23958333
direct_rca,qwen3.8-27b,R,aiops2022,node-6,7,0.14285714,0.23809524
direct_rca,qwen3.8-27b,R,aiops2022,paymentservice,1,0,0
direct_rca,qwen3.8-27b,R,aiops2022,productcatalogservice,4,0.25,0.33333333
direct_rca,qwen3.8-27b,R,aiops2022,productcatalogservice-0,3,0.33333333,0.33333333
direct_rca,qwen3.8-27b,R,aiops2022,productcatalogservice-1,3,0.33333333,0.41666667
direct_rca,qwen3.8-27b,R,aiops2022,productcatalogservice-2,2,0,0.16666667
direct_rca,qwen3.8-27b,R,aiops2022,productcatalogservice2-0,1,1,1
direct_rca,qwen3.8-27b,R,aiops2022,recommendationservice,4,0,0.25
direct_rca,qwen3.8-27b,R,aiops2022,recommendationservice-2,1,0,0.33333333
direct_rca,qwen3.8-27b,R,aiops2022,recommendationservice2-0,1,0,0
direct_rca,qwen3.8-27b,R,aiops2022,shippingservice,4,0,0.25
direct_rca,qwen3.8-27b,R,aiops2022,shippingservice-0,1,0,0
direct_rca,qwen3.8-27b,R,aiops2022,shippingservice-1,2,0,0
direct_rca,qwen3.8-27b,R,aiops2022,shippingservice2-0,1,0,0
direct_rca,qwen3.8-27b,R,aiops2025,adservice,14,0.21428571,0.26428571
direct_rca,qwen3.8-27b,R,aiops2025,cartservice,7,0.42857143,0.57142857
direct_rca,qwen3.8-27b,R,aiops2025,checkoutservice,17,0.23529412,0.39215686
direct_rca,qwen3.8-27b,R,aiops2025,currencyservice,4,0.25,0.25
direct_rca,qwen3.8-27b,R,aiops2025,emailservice,2,0,0
direct_rca,qwen3.8-27b,R,aiops2025,frontend,3,0,0.16666667
direct_rca,qwen3.8-27b,R,aiops2025,node-1,3,0,0
direct_rca,qwen3.8-27b,R,aiops2025,node-3,3,1,1
direct_rca,qwen3.8-27b,R,aiops2025,node-4,1,1,1
direct_rca,qwen3.8-27b,R,aiops2025,node-5,4,0.25,0.3125
direct_rca,qwen3.8-27b,R,aiops2025,node-6,5,0,0.066666667
direct_rca,qwen3.8-27b,R,aiops2025,node-7,2,0,0.25
direct_rca,qwen3.8-27b,R,aiops2025,node-8,4,0.25,0.375
direct_rca,qwen3.8-27b,R,aiops2025,paymentservice,1,0,0
direct_rca,qwen3.8-27b,R,aiops2025,productcatalogservice,4,0,0.083333333
direct_rca,qwen3.8-27b,R,aiops2025,recommendationservice,1,0,0.5
direct_rca,qwen3.8-27b,R,aiops2025,shippingservice,6,0,0.13055556
direct_rca,qwen3.8-27b,R,aiops2025,tidb-tidb,2,0,0.16666667
direct_rca,qwen3.8-27b,R,aiops2025,tidb-tikv,10,0.2,0.25833333
direct_rca,qwen3.8-27b,R,re2_ob,checkoutservice,18,0.55555556,0.73611111
direct_rca,qwen3.8-27b,R,re2_ob,currencyservice,18,0.22222222,0.35185185
direct_rca,qwen3.8-27b,R,re2_ob,emailservice,18,0.27777778,0.51388889
direct_rca,qwen3.8-27b,R,re2_ob,productcatalogservice,18,0.11111111,0.31666667
direct_rca,qwen3.8-27b,R,re2_ob,recommendationservice,18,0.5,0.67314815
direct_rca,qwen3.8-27b,R,re2_tt,ts-auth-service,18,0.38888889,0.44444444
direct_rca,qwen3.8-27b,R,re2_tt,ts-order-service,18,0.33333333,0.5712963
direct_rca,qwen3.8-27b,R,re2_tt,ts-route-service,18,0.38888889,0.48796296
direct_rca,qwen3.8-27b,R,re2_tt,ts-train-service,18,0.38888889,0.48148148
direct_rca,qwen3.8-27b,R,re2_tt,ts-travel-service,18,0.22222222,0.33518519
direct_rca,qwen3.8-27b,T,aegislab,mysql,6,0.66666667,0.80555556
direct_rca,qwen3.8-27b,T,aegislab,ts-assurance-service,5,0.6,0.8
direct_rca,qwen3.8-27b,T,aegislab,ts-auth-service,4,0.5,0.625
direct_rca,qwen3.8-27b,T,aegislab,ts-basic-service,19,0.21052632,0.29824561
direct_rca,qwen3.8-27b,T,aegislab,ts-config-service,6,0.5,0.59722222
direct_rca,qwen3.8-27b,T,aegislab,ts-consign-service,2,0,0.1
direct_rca,qwen3.8-27b,T,aegislab,ts-contacts-service,2,0.5,0.625
direct_rca,qwen3.8-27b,T,aegislab,ts-food-service,3,0.66666667,0.66666667
direct_rca,qwen3.8-27b,T,aegislab,ts-inside-payment-service,2,1,1
direct_rca,qwen3.8-27b,T,aegislab,ts-order-other-service,4,0.25,0.375
direct_rca,qwen3.8-27b,T,aegislab,ts-order-service,5,0.4,0.46666667
direct_rca,qwen3.8-27b,T,aegislab,ts-preserve-service,5,0,0.21666667
direct_rca,qwen3.8-27b,T,aegislab,ts-price-service,2,0,0.125
direct_rca,qwen3.8-27b,T,aegislab,ts-route-plan-service,6,0.16666667,0.2
direct_rca,qwen3.8-27b,T,aegislab,ts-route-service,4,0.25,0.58333333
direct_rca,qwen3.8-27b,T,aegislab,ts-seat-service,6,0.16666667,0.34444444
direct_rca,qwen3.8-27b,T,aegislab,ts-security-service,1,0,0.5
direct_rca,qwen3.8-27b,T,aegislab,ts-station-food-service,1,0,0.25
direct_rca,qwen3.8-27b,T,aegislab,ts-station-service,1,1,1
direct_rca,qwen3.8-27b,T,aegislab,ts-train-service,2,0,0.25
direct_rca,qwen3.8-27b,T,aegislab,ts-travel-plan-service,3,0.66666667,0.66666667
direct_rca,qwen3.8-27b,T,aegislab,ts-travel-service,3,0.33333333,0.33333333
direct_rca,qwen3.8-27b,T,aegislab,ts-travel2-service,2,1,1
direct_rca,qwen3.8-27b,T,aegislab,ts-user-service,1,1,1
direct_rca,qwen3.8-27b,T,aegislab,ts-verification-code-service,1,0,0.33333333
direct_rca,qwen3.8-27b,T,aiops2022,adservice,2,0.5,0.75
direct_rca,qwen3.8-27b,T,aiops2022,adservice-0,1,1,1
direct_rca,qwen3.8-27b,T,aiops2022,adservice-1,3,0.33333333,0.41666667
direct_rca,qwen3.8-27b,T,aiops2022,adservice2-0,1,0,0
direct_rca,qwen3.8-27b,T,aiops2022,cartservice,5,0.4,0.5
direct_rca,qwen3.8-27b,T,aiops2022,cartservice-0,2,0,0.16666667
direct_rca,qwen3.8-27b,T,aiops2022,cartservice2-0,1,0,0
direct_rca,qwen3.8-27b,T,aiops2022,checkoutservice,4,0.25,0.4375
direct_rca,qwen3.8-27b,T,aiops2022,checkoutservice-0,2,0,0.125
direct_rca,qwen3.8-27b,T,aiops2022,checkoutservice-1,2,0,0
direct_rca,qwen3.8-27b,T,aiops2022,currencyservice,2,0,0
direct_rca,qwen3.8-27b,T,aiops2022,currencyservice-0,1,0,0
direct_rca,qwen3.8-27b,T,aiops2022,currencyservice-1,2,0.5,0.5
direct_rca,qwen3.8-27b,T,aiops2022,currencyservice-2,2,1,1
direct_rca,qwen3.8-27b,T,aiops2022,emailservice,4,0,0.0625
direct_rca,qwen3.8-27b,T,aiops2022,emailservice-1,2,0.5,0.6
direct_rca,qwen3.8-27b,T,aiops2022,frontend,3,0.33333333,0.5
direct_rca,qwen3.8-27b,T,aiops2022,frontend-0,1,0,0.33333333
direct_rca,qwen3.8-27b,T,aiops2022,frontend-1,1,0,0
direct_rca,qwen3.8-27b,T,aiops2022,frontend-2,1,0,0
direct_rca,qwen3.8-27b,T,aiops2022,frontend2-0,1,0,0
direct_rca,qwen3.8-27b,T,aiops2022,node-1,3,0,0
direct_rca,qwen3.8-27b,T,aiops2022,node-2,3,0.33333333,0.5
direct_rca,qwen3.8-27b,T,aiops2022,node-3,4,0,0
direct_rca,qwen3.8-27b,T,aiops2022,node-4,4,0.25,0.375
direct_rca,qwen3.8-27b,T,aiops2022,node-5,8,0.375,0.41666667
direct_rca,qwen3.8-27b,T,aiops2022,node-6,7,0.71428571,0.76190476
direct_rca,qwen3.8-27b,T,aiops2022,paymentservice,1,0,0
direct_rca,qwen3.8-27b,T,aiops2022,productcatalogservice,4,0,0.083333333
direct_rca,qwen3.8-27b,T,aiops2022,productcatalogservice-0,3,0,0
direct_rca,qwen3.8-27b,T,aiops2022,productcatalogservice-1,3,0.33333333,0.33333333
direct_rca,qwen3.8-27b,T,aiops2022,productcatalogservice-2,2,0.5,0.5
direct_rca,qwen3.8-27b,T,aiops2022,productcatalogservice2-0,1,1,1
direct_rca,qwen3.8-27b,T,aiops2022,recommendationservice,4,0.25,0.33333333
direct_rca,qwen3.8-27b,T,aiops2022,recommendationservice-2,1,0,0
direct_rca,qwen3.8-27b,T,aiops2022,recommendationservice2-0,1,0,0
direct_rca,qwen3.8-27b,T,aiops2022,shippingservice,4,0.25,0.375
direct_rca,qwen3.8-27b,T,aiops2022,shippingservice-0,1,0,0
direct_rca,qwen3.8-27b,T,aiops2022,shippingservice-1,2,0,0
direct_rca,qwen3.8-27b,T,aiops2022,shippingservice2-0,1,0,0
direct_rca,qwen3.8-27b,T,aiops2025,adservice,14,0.14285714,0.19880952
direct_rca,qwen3.8-27b,T,aiops2025,cartservice,7,0.42857143,0.57142857
direct_rca,qwen3.8-27b,T,aiops2025,checkoutservice,17,0.058823529,0.18823529
direct_rca,qwen3.8-27b,T,aiops2025,currencyservice,4,0.25,0.33333333
direct_rca,qwen3.8-27b,T,aiops2025,emailservice,2,0,0
direct_rca,qwen3.8-27b,T,aiops2025,frontend,3,0,0.33333333
direct_rca,qwen3.8-27b,T,aiops2025,node-1,3,0,0
direct_rca,qwen3.8-27b,T,aiops2025,node-3,3,0.66666667,0.77777778
direct_rca,qwen3.8-27b,T,aiops2025,node-4,1,1,1
direct_rca,qwen3.8-27b,T,aiops2025,node-5,4,0.25,0.25
direct_rca,qwen3.8-27b,T,aiops2025,node-6,5,0,0.1
direct_rca,qwen3.8-27b,T,aiops2025,node-7,2,0,0.25
direct_rca,qwen3.8-27b,T,aiops2025,node-8,4,0,0.16666667
direct_rca,qwen3.8-27b,T,aiops2025,paymentservice,1,0,0
direct_rca,qwen3.8-27b,T,aiops2025,productcatalogservice,4,0,0.083333333
direct_rca,qwen3.8-27b,T,aiops2025,recommendationservice,1,0,0
direct_rca,qwen3.8-27b,T,aiops2025,shippingservice,6,0.16666667,0.20833333
direct_rca,qwen3.8-27b,T,aiops2025,tidb-tidb,2,0,0
direct_rca,qwen3.8-27b,T,aiops2025,tidb-tikv,10,0.1,0.26666667
direct_rca,qwen3.8-27b,T,re2_ob,checkoutservice,18,0.61111111,0.77777778
direct_rca,qwen3.8-27b,T,re2_ob,currencyservice,18,0.38888889,0.57407407
direct_rca,qwen3.8-27b,T,re2_ob,emailservice,18,0.44444444,0.7037037
direct_rca,qwen3.8-27b,T,re2_ob,productcatalogservice,18,0.16666667,0.36574074
direct_rca,qwen3.8-27b,T,re2_ob,recommendationservice,18,0.5,0.68518519
direct_rca,qwen3.8-27b,T,re2_tt,ts-auth-service,18,0.61111111,0.65277778
direct_rca,qwen3.8-27b,T,re2_tt,ts-order-service,18,0.44444444,0.64537037
direct_rca,qwen3.8-27b,T,re2_tt,ts-route-service,18,0.33333333,0.54814815
direct_rca,qwen3.8-27b,T,re2_tt,ts-train-service,18,0.55555556,0.68981481
direct_rca,qwen3.8-27b,T,re2_tt,ts-travel-service,18,0.22222222,0.44444444
direct_rca,qwen3.8-27b,V,aegislab,mysql,6,0.5,0.63888889
direct_rca,qwen3.8-27b,V,aegislab,ts-assurance-service,5,0.8,0.86666667
direct_rca,qwen3.8-27b,V,aegislab,ts-auth-service,4,0.25,0.5
direct_rca,qwen3.8-27b,V,aegislab,ts-basic-service,19,0,0.17105263
direct_rca,qwen3.8-27b,V,aegislab,ts-config-service,6,0.33333333,0.38888889
direct_rca,qwen3.8-27b,V,aegislab,ts-consign-service,2,0,0
direct_rca,qwen3.8-27b,V,aegislab,ts-contacts-service,2,0.5,0.625
direct_rca,qwen3.8-27b,V,aegislab,ts-food-service,3,0.33333333,0.44444444
direct_rca,qwen3.8-27b,V,aegislab,ts-inside-payment-service,2,1,1
direct_rca,qwen3.8-27b,V,aegislab,ts-order-other-service,4,0,0.125
direct_rca,qwen3.8-27b,V,aegislab,ts-order-service,5,0.4,0.51666667
direct_rca,qwen3.8-27b,V,aegislab,ts-preserve-service,5,0.4,0.45
direct_rca,qwen3.8-27b,V,aegislab,ts-price-service,2,0,0.25
direct_rca,qwen3.8-27b,V,aegislab,ts-route-plan-service,6,0.16666667,0.16666667
direct_rca,qwen3.8-27b,V,aegislab,ts-route-service,4,0.5,0.70833333
direct_rca,qwen3.8-27b,V,aegislab,ts-seat-service,6,0.33333333,0.52777778
direct_rca,qwen3.8-27b,V,aegislab,ts-security-service,1,0,0
direct_rca,qwen3.8-27b,V,aegislab,ts-station-food-service,1,0,0.2
direct_rca,qwen3.8-27b,V,aegislab,ts-station-service,1,1,1
direct_rca,qwen3.8-27b,V,aegislab,ts-train-service,2,0,0.25
direct_rca,qwen3.8-27b,V,aegislab,ts-travel-plan-service,3,0.33333333,0.44444444
direct_rca,qwen3.8-27b,V,aegislab,ts-travel-service,3,0.66666667,0.66666667
direct_rca,qwen3.8-27b,V,aegislab,ts-travel2-service,2,1,1
direct_rca,qwen3.8-27b,V,aegislab,ts-user-service,1,1,1
direct_rca,qwen3.8-27b,V,aegislab,ts-verification-code-service,1,0,0
direct_rca,qwen3.8-27b,V,aiops2022,adservice,2,0.5,0.75
direct_rca,qwen3.8-27b,V,aiops2022,adservice-0,1,0,0.2
direct_rca,qwen3.8-27b,V,aiops2022,adservice-1,3,0,0
direct_rca,qwen3.8-27b,V,aiops2022,adservice2-0,1,0,0
direct_rca,qwen3.8-27b,V,aiops2022,cartservice,5,0,0.34
direct_rca,qwen3.8-27b,V,aiops2022,cartservice-0,2,0,0.16666667
direct_rca,qwen3.8-27b,V,aiops2022,cartservice2-0,1,0,0
direct_rca,qwen3.8-27b,V,aiops2022,checkoutservice,4,0.5,0.55
direct_rca,qwen3.8-27b,V,aiops2022,checkoutservice-0,2,0,0.225
direct_rca,qwen3.8-27b,V,aiops2022,checkoutservice-1,2,0,0.25
direct_rca,qwen3.8-27b,V,aiops2022,currencyservice,2,0,0.1
direct_rca,qwen3.8-27b,V,aiops2022,currencyservice-0,1,0,0
direct_rca,qwen3.8-27b,V,aiops2022,currencyservice-1,2,0.5,0.5
direct_rca,qwen3.8-27b,V,aiops2022,currencyservice-2,2,0,0.25
direct_rca,qwen3.8-27b,V,aiops2022,emailservice,4,0,0.083333333
direct_rca,qwen3.8-27b,V,aiops2022,emailservice-1,2,0,0.25
direct_rca,qwen3.8-27b,V,aiops2022,frontend,3,0,0.27777778
direct_rca,qwen3.8-27b,V,aiops2022,frontend-0,1,0,0.5
direct_rca,qwen3.8-27b,V,aiops2022,frontend-1,1,0,0
direct_rca,qwen3.8-27b,V,aiops2022,frontend-2,1,0,0.25
direct_rca,qwen3.8-27b,V,aiops2022,frontend2-0,1,1,1
direct_rca,qwen3.8-27b,V,aiops2022,node-1,3,0,0
direct_rca,qwen3.8-27b,V,aiops2022,node-2,3,0.33333333,0.33333333
direct_rca,qwen3.8-27b,V,aiops2022,node-3,4,0,0
direct_rca,qwen3.8-27b,V,aiops2022,node-4,4,0,0.25
direct_rca,qwen3.8-27b,V,aiops2022,node-5,8,0.125,0.29166667
direct_rca,qwen3.8-27b,V,aiops2022,node-6,7,0.28571429,0.42857143
direct_rca,qwen3.8-27b,V,aiops2022,paymentservice,1,0,0
direct_rca,qwen3.8-27b,V,aiops2022,productcatalogservice,4,0.25,0.33333333
direct_rca,qwen3.8-27b,V,aiops2022,productcatalogservice-0,3,0,0.16666667
direct_rca,qwen3.8-27b,V,aiops2022,productcatalogservice-1,3,0,0.083333333
direct_rca,qwen3.8-27b,V,aiops2022,productcatalogservice-2,2,0,0.41666667
direct_rca,qwen3.8-27b,V,aiops2022,productcatalogservice2-0,1,1,1
direct_rca,qwen3.8-27b,V,aiops2022,recommendationservice,4,0,0.1875
direct_rca,qwen3.8-27b,V,aiops2022,recommendationservice-2,1,0,0
direct_rca,qwen3.8-27b,V,aiops2022,recommendationservice2-0,1,0,0
direct_rca,qwen3.8-27b,V,aiops2022,shippingservice,4,0,0.25
direct_rca,qwen3.8-27b,V,aiops2022,shippingservice-0,1,0,0
direct_rca,qwen3.8-27b,V,aiops2022,shippingservice-1,2,0,0.125
direct_rca,qwen3.8-27b,V,aiops2022,shippingservice2-0,1,0,0
direct_rca,qwen3.8-27b,V,aiops2025,adservice,14,0.14285714,0.17857143
direct_rca,qwen3.8-27b,V,aiops2025,cartservice,7,0.14285714,0.38095238
direct_rca,qwen3.8-27b,V,aiops2025,checkoutservice,17,0.17647059,0.26666667
direct_rca,qwen3.8-27b,V,aiops2025,currencyservice,4,0.25,0.3125
direct_rca,qwen3.8-27b,V,aiops2025,emailservice,2,0,0
direct_rca,qwen3.8-27b,V,aiops2025,frontend,3,0.33333333,0.41666667
direct_rca,qwen3.8-27b,V,aiops2025,node-1,3,0,0
direct_rca,qwen3.8-27b,V,aiops2025,node-3,3,0.66666667,0.83333333
direct_rca,qwen3.8-27b,V,aiops2025,node-4,1,1,1
direct_rca,qwen3.8-27b,V,aiops2025,node-5,4,0.25,0.3125
direct_rca,qwen3.8-27b,V,aiops2025,node-6,5,0,0.16666667
direct_rca,qwen3.8-27b,V,aiops2025,node-7,2,0,0.25
direct_rca,qwen3.8-27b,V,aiops2025,node-8,4,0.25,0.25
direct_rca,qwen3.8-27b,V,aiops2025,paymentservice,1,0,0
direct_rca,qwen3.8-27b,V,aiops2025,productcatalogservice,4,0,0.16666667
direct_rca,qwen3.8-27b,V,aiops2025,recommendationservice,1,0,0
direct_rca,qwen3.8-27b,V,aiops2025,shippingservice,6,0.16666667,0.20833333
direct_rca,qwen3.8-27b,V,aiops2025,tidb-tidb,2,0,0
direct_rca,qwen3.8-27b,V,aiops2025,tidb-tikv,10,0.2,0.25833333
direct_rca,qwen3.8-27b,V,re2_ob,checkoutservice,18,0.55555556,0.76111111
direct_rca,qwen3.8-27b,V,re2_ob,currencyservice,18,0.33333333,0.52685185
direct_rca,qwen3.8-27b,V,re2_ob,emailservice,18,0.27777778,0.50185185
direct_rca,qwen3.8-27b,V,re2_ob,productcatalogservice,18,0.16666667,0.40462963
direct_rca,qwen3.8-27b,V,re2_ob,recommendationservice,18,0.38888889,0.5712963
direct_rca,qwen3.8-27b,V,re2_tt,ts-auth-service,18,0.38888889,0.42777778
direct_rca,qwen3.8-27b,V,re2_tt,ts-order-service,18,0.27777778,0.51111111
direct_rca,qwen3.8-27b,V,re2_tt,ts-route-service,18,0.33333333,0.48796296
direct_rca,qwen3.8-27b,V,re2_tt,ts-train-service,18,0.27777778,0.38425926
direct_rca,qwen3.8-27b,V,re2_tt,ts-travel-service,18,0.27777778,0.46944444
ledger_handoff_rca,gemma-4-26b-a4b,L_hyb,aegislab,mysql,6,0.5,0.5
ledger_handoff_rca,gemma-4-26b-a4b,L_hyb,aegislab,ts-assurance-service,5,0.8,0.8
ledger_handoff_rca,gemma-4-26b-a4b,L_hyb,aegislab,ts-auth-service,4,0.75,0.75
ledger_handoff_rca,gemma-4-26b-a4b,L_hyb,aegislab,ts-basic-service,19,0.10526316,0.12280702
ledger_handoff_rca,gemma-4-26b-a4b,L_hyb,aegislab,ts-config-service,6,0.33333333,0.38888889
ledger_handoff_rca,gemma-4-26b-a4b,L_hyb,aegislab,ts-consign-service,2,0,0
ledger_handoff_rca,gemma-4-26b-a4b,L_hyb,aegislab,ts-contacts-service,2,0.5,0.5
ledger_handoff_rca,gemma-4-26b-a4b,L_hyb,aegislab,ts-food-service,3,0,0
ledger_handoff_rca,gemma-4-26b-a4b,L_hyb,aegislab,ts-inside-payment-service,2,0,0
ledger_handoff_rca,gemma-4-26b-a4b,L_hyb,aegislab,ts-order-other-service,4,0.5,0.5
ledger_handoff_rca,gemma-4-26b-a4b,L_hyb,aegislab,ts-order-service,5,0.6,0.6
ledger_handoff_rca,gemma-4-26b-a4b,L_hyb,aegislab,ts-preserve-service,5,0.6,0.6
ledger_handoff_rca,gemma-4-26b-a4b,L_hyb,aegislab,ts-price-service,2,0.5,0.5
ledger_handoff_rca,gemma-4-26b-a4b,L_hyb,aegislab,ts-route-plan-service,6,0.33333333,0.33333333
ledger_handoff_rca,gemma-4-26b-a4b,L_hyb,aegislab,ts-route-service,4,0.5,0.5
ledger_handoff_rca,gemma-4-26b-a4b,L_hyb,aegislab,ts-seat-service,6,0.5,0.5
ledger_handoff_rca,gemma-4-26b-a4b,L_hyb,aegislab,ts-security-service,1,1,1
ledger_handoff_rca,gemma-4-26b-a4b,L_hyb,aegislab,ts-station-food-service,1,0,0
ledger_handoff_rca,gemma-4-26b-a4b,L_hyb,aegislab,ts-station-service,1,1,1
ledger_handoff_rca,gemma-4-26b-a4b,L_hyb,aegislab,ts-train-service,2,0.5,0.5
ledger_handoff_rca,gemma-4-26b-a4b,L_hyb,aegislab,ts-travel-plan-service,3,1,1
ledger_handoff_rca,gemma-4-26b-a4b,L_hyb,aegislab,ts-travel-service,3,0.33333333,0.33333333
ledger_handoff_rca,gemma-4-26b-a4b,L_hyb,aegislab,ts-travel2-service,2,1,1
ledger_handoff_rca,gemma-4-26b-a4b,L_hyb,aegislab,ts-user-service,1,1,1
ledger_handoff_rca,gemma-4-26b-a4b,L_hyb,aegislab,ts-verification-code-service,1,0,0
ledger_handoff_rca,gemma-4-26b-a4b,L_hyb,aiops2022,adservice,2,0.5,0.5
ledger_handoff_rca,gemma-4-26b-a4b,L_hyb,aiops2022,adservice-0,1,0,0
ledger_handoff_rca,gemma-4-26b-a4b,L_hyb,aiops2022,adservice-1,3,0.33333333,0.33333333
ledger_handoff_rca,gemma-4-26b-a4b,L_hyb,aiops2022,adservice2-0,1,1,1
ledger_handoff_rca,gemma-4-26b-a4b,L_hyb,aiops2022,cartservice,5,0.4,0.4
ledger_handoff_rca,gemma-4-26b-a4b,L_hyb,aiops2022,cartservice-0,2,0,0
ledger_handoff_rca,gemma-4-26b-a4b,L_hyb,aiops2022,cartservice2-0,1,0,0
ledger_handoff_rca,gemma-4-26b-a4b,L_hyb,aiops2022,checkoutservice,4,0.5,0.5
ledger_handoff_rca,gemma-4-26b-a4b,L_hyb,aiops2022,checkoutservice-0,2,1,1
ledger_handoff_rca,gemma-4-26b-a4b,L_hyb,aiops2022,checkoutservice-1,2,0.5,0.5
ledger_handoff_rca,gemma-4-26b-a4b,L_hyb,aiops2022,currencyservice,2,0,0
ledger_handoff_rca,gemma-4-26b-a4b,L_hyb,aiops2022,currencyservice-0,1,0,0
ledger_handoff_rca,gemma-4-26b-a4b,L_hyb,aiops2022,currencyservice-1,2,0.5,0.5
ledger_handoff_rca,gemma-4-26b-a4b,L_hyb,aiops2022,currencyservice-2,2,0.5,0.5
ledger_handoff_rca,gemma-4-26b-a4b,L_hyb,aiops2022,emailservice,4,0,0
ledger_handoff_rca,gemma-4-26b-a4b,L_hyb,aiops2022,emailservice-1,2,0.5,0.5
ledger_handoff_rca,gemma-4-26b-a4b,L_hyb,aiops2022,frontend,3,0.33333333,0.33333333
ledger_handoff_rca,gemma-4-26b-a4b,L_hyb,aiops2022,frontend-0,1,1,1
ledger_handoff_rca,gemma-4-26b-a4b,L_hyb,aiops2022,frontend-1,1,0,0
ledger_handoff_rca,gemma-4-26b-a4b,L_hyb,aiops2022,frontend-2,1,0,0
ledger_handoff_rca,gemma-4-26b-a4b,L_hyb,aiops2022,frontend2-0,1,0,0
ledger_handoff_rca,gemma-4-26b-a4b,L_hyb,aiops2022,node-1,3,0,0
ledger_handoff_rca,gemma-4-26b-a4b,L_hyb,aiops2022,node-2,3,0,0
ledger_handoff_rca,gemma-4-26b-a4b,L_hyb,aiops2022,node-3,4,0,0
ledger_handoff_rca,gemma-4-26b-a4b,L_hyb,aiops2022,node-4,4,0,0
ledger_handoff_rca,gemma-4-26b-a4b,L_hyb,aiops2022,node-5,8,0.375,0.375
ledger_handoff_rca,gemma-4-26b-a4b,L_hyb,aiops2022,node-6,7,0.57142857,0.57142857
ledger_handoff_rca,gemma-4-26b-a4b,L_hyb,aiops2022,paymentservice,1,0,0
ledger_handoff_rca,gemma-4-26b-a4b,L_hyb,aiops2022,productcatalogservice,4,0,0
ledger_handoff_rca,gemma-4-26b-a4b,L_hyb,aiops2022,productcatalogservice-0,3,0.33333333,0.33333333
ledger_handoff_rca,gemma-4-26b-a4b,L_hyb,aiops2022,productcatalogservice-1,3,0.33333333,0.33333333
ledger_handoff_rca,gemma-4-26b-a4b,L_hyb,aiops2022,productcatalogservice-2,2,0.5,0.5
ledger_handoff_rca,gemma-4-26b-a4b,L_hyb,aiops2022,productcatalogservice2-0,1,0,0
ledger_handoff_rca,gemma-4-26b-a4b,L_hyb,aiops2022,recommendationservice,4,0.25,0.25
ledger_handoff_rca,gemma-4-26b-a4b,L_hyb,aiops2022,recommendationservice-2,1,0,0
ledger_handoff_rca,gemma-4-26b-a4b,L_hyb,aiops2022,recommendationservice2-0,1,0,0
ledger_handoff_rca,gemma-4-26b-a4b,L_hyb,aiops2022,shippingservice,4,0,0
ledger_handoff_rca,gemma-4-26b-a4b,L_hyb,aiops2022,shippingservice-0,1,0,0
ledger_handoff_rca,gemma-4-26b-a4b,L_hyb,aiops2022,shippingservice-1,2,0,0
ledger_handoff_rca,gemma-4-26b-a4b,L_hyb,aiops2022,shippingservice2-0,1,0,0
ledger_handoff_rca,gemma-4-26b-a4b,L_hyb,aiops2025,adservice,14,0.21428571,0.25
ledger_handoff_rca,gemma-4-26b-a4b,L_hyb,aiops2025,cartservice,7,0.14285714,0.14285714
ledger_handoff_rca,gemma-4-26b-a4b,L_hyb,aiops2025,checkoutservice,17,0.11764706,0.14901961
ledger_handoff_rca,gemma-4-26b-a4b,L_hyb,aiops2025,currencyservice,4,0.25,0.25
ledger_handoff_rca,gemma-4-26b-a4b,L_hyb,aiops2025,emailservice,2,0,0
ledger_handoff_rca,gemma-4-26b-a4b,L_hyb,aiops2025,frontend,3,0.66666667,0.66666667
ledger_handoff_rca,gemma-4-26b-a4b,L_hyb,aiops2025,node-1,3,0,0
ledger_handoff_rca,gemma-4-26b-a4b,L_hyb,aiops2025,node-3,3,0,0
ledger_handoff_rca,gemma-4-26b-a4b,L_hyb,aiops2025,node-4,1,1,1
ledger_handoff_rca,gemma-4-26b-a4b,L_hyb,aiops2025,node-5,4,0.25,0.25
ledger_handoff_rca,gemma-4-26b-a4b,L_hyb,aiops2025,node-6,5,0.2,0.2
ledger_handoff_rca,gemma-4-26b-a4b,L_hyb,aiops2025,node-7,2,0.5,0.5
ledger_handoff_rca,gemma-4-26b-a4b,L_hyb,aiops2025,node-8,4,0.25,0.25
ledger_handoff_rca,gemma-4-26b-a4b,L_hyb,aiops2025,paymentservice,1,0,0
ledger_handoff_rca,gemma-4-26b-a4b,L_hyb,aiops2025,productcatalogservice,4,0,0
ledger_handoff_rca,gemma-4-26b-a4b,L_hyb,aiops2025,recommendationservice,1,0,0
ledger_handoff_rca,gemma-4-26b-a4b,L_hyb,aiops2025,shippingservice,6,0.16666667,0.16666667
ledger_handoff_rca,gemma-4-26b-a4b,L_hyb,aiops2025,tidb-tidb,2,0,0
ledger_handoff_rca,gemma-4-26b-a4b,L_hyb,aiops2025,tidb-tikv,10,0.1,0.1
ledger_handoff_rca,gemma-4-26b-a4b,L_hyb,re2_ob,checkoutservice,18,0.83333333,0.88888889
ledger_handoff_rca,gemma-4-26b-a4b,L_hyb,re2_ob,currencyservice,18,0.66666667,0.69444444
ledger_handoff_rca,gemma-4-26b-a4b,L_hyb,re2_ob,emailservice,18,0.94444444,0.94444444
ledger_handoff_rca,gemma-4-26b-a4b,L_hyb,re2_ob,productcatalogservice,18,0.66666667,0.66666667
ledger_handoff_rca,gemma-4-26b-a4b,L_hyb,re2_ob,recommendationservice,18,0.88888889,0.88888889
ledger_handoff_rca,gemma-4-26b-a4b,L_hyb,re2_tt,ts-auth-service,18,0.61111111,0.62962963
ledger_handoff_rca,gemma-4-26b-a4b,L_hyb,re2_tt,ts-order-service,18,0.66666667,0.66666667
ledger_handoff_rca,gemma-4-26b-a4b,L_hyb,re2_tt,ts-route-service,18,0.5,0.5
ledger_handoff_rca,gemma-4-26b-a4b,L_hyb,re2_tt,ts-train-service,18,0.55555556,0.55555556
ledger_handoff_rca,gemma-4-26b-a4b,L_hyb,re2_tt,ts-travel-service,18,0.33333333,0.37962963
ledger_handoff_rca,gemma-4-26b-a4b,L_txt,aegislab,mysql,6,0.33333333,0.33333333
ledger_handoff_rca,gemma-4-26b-a4b,L_txt,aegislab,ts-assurance-service,5,0.8,0.8
ledger_handoff_rca,gemma-4-26b-a4b,L_txt,aegislab,ts-auth-service,4,0.25,0.33333333
ledger_handoff_rca,gemma-4-26b-a4b,L_txt,aegislab,ts-basic-service,19,0.15789474,0.15789474
ledger_handoff_rca,gemma-4-26b-a4b,L_txt,aegislab,ts-config-service,6,0.33333333,0.41666667
ledger_handoff_rca,gemma-4-26b-a4b,L_txt,aegislab,ts-consign-service,2,0,0
ledger_handoff_rca,gemma-4-26b-a4b,L_txt,aegislab,ts-contacts-service,2,0.5,0.5
ledger_handoff_rca,gemma-4-26b-a4b,L_txt,aegislab,ts-food-service,3,0.33333333,0.33333333
ledger_handoff_rca,gemma-4-26b-a4b,L_txt,aegislab,ts-inside-payment-service,2,0.5,0.5
ledger_handoff_rca,gemma-4-26b-a4b,L_txt,aegislab,ts-order-other-service,4,0.25,0.33333333
ledger_handoff_rca,gemma-4-26b-a4b,L_txt,aegislab,ts-order-service,5,0.6,0.7
ledger_handoff_rca,gemma-4-26b-a4b,L_txt,aegislab,ts-preserve-service,5,0.6,0.6
ledger_handoff_rca,gemma-4-26b-a4b,L_txt,aegislab,ts-price-service,2,0.5,0.5
ledger_handoff_rca,gemma-4-26b-a4b,L_txt,aegislab,ts-route-plan-service,6,0.33333333,0.33333333
ledger_handoff_rca,gemma-4-26b-a4b,L_txt,aegislab,ts-route-service,4,0.5,0.5
ledger_handoff_rca,gemma-4-26b-a4b,L_txt,aegislab,ts-seat-service,6,0.66666667,0.66666667
ledger_handoff_rca,gemma-4-26b-a4b,L_txt,aegislab,ts-security-service,1,0,0.33333333
ledger_handoff_rca,gemma-4-26b-a4b,L_txt,aegislab,ts-station-food-service,1,0,0
ledger_handoff_rca,gemma-4-26b-a4b,L_txt,aegislab,ts-station-service,1,0,0
ledger_handoff_rca,gemma-4-26b-a4b,L_txt,aegislab,ts-train-service,2,0.5,0.5
ledger_handoff_rca,gemma-4-26b-a4b,L_txt,aegislab,ts-travel-plan-service,3,0.33333333,0.33333333
ledger_handoff_rca,gemma-4-26b-a4b,L_txt,aegislab,ts-travel-service,3,0.33333333,0.33333333
ledger_handoff_rca,gemma-4-26b-a4b,L_txt,aegislab,ts-travel2-service,2,1,1
ledger_handoff_rca,gemma-4-26b-a4b,L_txt,aegislab,ts-user-service,1,1,1
ledger_handoff_rca,gemma-4-26b-a4b,L_txt,aegislab,ts-verification-code-service,1,0,0
ledger_handoff_rca,gemma-4-26b-a4b,L_txt,aiops2022,adservice,2,0,0.35
ledger_handoff_rca,gemma-4-26b-a4b,L_txt,aiops2022,adservice-0,1,0,0
ledger_handoff_rca,gemma-4-26b-a4b,L_txt,aiops2022,adservice-1,3,0.66666667,0.66666667
ledger_handoff_rca,gemma-4-26b-a4b,L_txt,aiops2022,adservice2-0,1,1,1
ledger_handoff_rca,gemma-4-26b-a4b,L_txt,aiops2022,cartservice,5,0.2,0.36666667
ledger_handoff_rca,gemma-4-26b-a4b,L_txt,aiops2022,cartservice-0,2,0.5,0.5
ledger_handoff_rca,gemma-4-26b-a4b,L_txt,aiops2022,cartservice2-0,1,0,0
ledger_handoff_rca,gemma-4-26b-a4b,L_txt,aiops2022,checkoutservice,4,0.5,0.5
ledger_handoff_rca,gemma-4-26b-a4b,L_txt,aiops2022,checkoutservice-0,2,1,1
ledger_handoff_rca,gemma-4-26b-a4b,L_txt,aiops2022,checkoutservice-1,2,0.5,0.5
ledger_handoff_rca,gemma-4-26b-a4b,L_txt,aiops2022,currencyservice,2,0,0
ledger_handoff_rca,gemma-4-26b-a4b,L_txt,aiops2022,currencyservice-0,1,0,0
ledger_handoff_rca,gemma-4-26b-a4b,L_txt,aiops2022,currencyservice-1,2,0.5,0.5
ledger_handoff_rca,gemma-4-26b-a4b,L_txt,aiops2022,currencyservice-2,2,0.5,0.5
ledger_handoff_rca,gemma-4-26b-a4b,L_txt,aiops2022,emailservice,4,0,0
ledger_handoff_rca,gemma-4-26b-a4b,L_txt,aiops2022,emailservice-1,2,1,1
ledger_handoff_rca,gemma-4-26b-a4b,L_txt,aiops2022,frontend,3,0.33333333,0.33333333
ledger_handoff_rca,gemma-4-26b-a4b,L_txt,aiops2022,frontend-0,1,0,0
ledger_handoff_rca,gemma-4-26b-a4b,L_txt,aiops2022,frontend-1,1,1,1
ledger_handoff_rca,gemma-4-26b-a4b,L_txt,aiops2022,frontend-2,1,0,0
ledger_handoff_rca,gemma-4-26b-a4b,L_txt,aiops2022,frontend2-0,1,1,1
ledger_handoff_rca,gemma-4-26b-a4b,L_txt,aiops2022,node-1,3,0,0
ledger_handoff_rca,gemma-4-26b-a4b,L_txt,aiops2022,node-2,3,0,0
ledger_handoff_rca,gemma-4-26b-a4b,L_txt,aiops2022,node-3,4,0,0
ledger_handoff_rca,gemma-4-26b-a4b,L_txt,aiops2022,node-4,4,0,0.125
ledger_handoff_rca,gemma-4-26b-a4b,L_txt,aiops2022,node-5,8,0.125,0.1875
ledger_handoff_rca,gemma-4-26b-a4b,L_txt,aiops2022,node-6,7,0.57142857,0.57142857
ledger_handoff_rca,gemma-4-26b-a4b,L_txt,aiops2022,paymentservice,1,0,0
ledger_handoff_rca,gemma-4-26b-a4b,L_txt,aiops2022,productcatalogservice,4,0,0.05
ledger_handoff_rca,gemma-4-26b-a4b,L_txt,aiops2022,productcatalogservice-0,3,0.33333333,0.33333333
ledger_handoff_rca,gemma-4-26b-a4b,L_txt,aiops2022,productcatalogservice-1,3,0.33333333,0.33333333
ledger_handoff_rca,gemma-4-26b-a4b,L_txt,aiops2022,productcatalogservice-2,2,0.5,0.5
ledger_handoff_rca,gemma-4-26b-a4b,L_txt,aiops2022,productcatalogservice2-0,1,1,1
ledger_handoff_rca,gemma-4-26b-a4b,L_txt,aiops2022,recommendationservice,4,0.25,0.25
ledger_handoff_rca,gemma-4-26b-a4b,L_txt,aiops2022,recommendationservice-2,1,1,1
ledger_handoff_rca,gemma-4-26b-a4b,L_txt,aiops2022,recommendationservice2-0,1,0,0
ledger_handoff_rca,gemma-4-26b-a4b,L_txt,aiops2022,shippingservice,4,0,0
ledger_handoff_rca,gemma-4-26b-a4b,L_txt,aiops2022,shippingservice-0,1,0,0
ledger_handoff_rca,gemma-4-26b-a4b,L_txt,aiops2022,shippingservice-1,2,0,0
ledger_handoff_rca,gemma-4-26b-a4b,L_txt,aiops2022,shippingservice2-0,1,1,1
ledger_handoff_rca,gemma-4-26b-a4b,L_txt,aiops2025,adservice,14,0.28571429,0.28571429
ledger_handoff_rca,gemma-4-26b-a4b,L_txt,aiops2025,cartservice,7,0.14285714,0.19047619
ledger_handoff_rca,gemma-4-26b-a4b,L_txt,aiops2025,checkoutservice,17,0.35294118,0.37254902
ledger_handoff_rca,gemma-4-26b-a4b,L_txt,aiops2025,currencyservice,4,0,0.125
ledger_handoff_rca,gemma-4-26b-a4b,L_txt,aiops2025,emailservice,2,0,0
ledger_handoff_rca,gemma-4-26b-a4b,L_txt,aiops2025,frontend,3,0.33333333,0.33333333
ledger_handoff_rca,gemma-4-26b-a4b,L_txt,aiops2025,node-1,3,0,0
ledger_handoff_rca,gemma-4-26b-a4b,L_txt,aiops2025,node-3,3,0,0
ledger_handoff_rca,gemma-4-26b-a4b,L_txt,aiops2025,node-4,1,0,0
ledger_handoff_rca,gemma-4-26b-a4b,L_txt,aiops2025,node-5,4,0,0
ledger_handoff_rca,gemma-4-26b-a4b,L_txt,aiops2025,node-6,5,0.2,0.2
ledger_handoff_rca,gemma-4-26b-a4b,L_txt,aiops2025,node-7,2,0.5,0.5
ledger_handoff_rca,gemma-4-26b-a4b,L_txt,aiops2025,node-8,4,0.25,0.25
ledger_handoff_rca,gemma-4-26b-a4b,L_txt,aiops2025,paymentservice,1,0,0
ledger_handoff_rca,gemma-4-26b-a4b,L_txt,aiops2025,productcatalogservice,4,0,0.083333333
ledger_handoff_rca,gemma-4-26b-a4b,L_txt,aiops2025,recommendationservice,1,0,0
ledger_handoff_rca,gemma-4-26b-a4b,L_txt,aiops2025,shippingservice,6,0.33333333,0.33333333
ledger_handoff_rca,gemma-4-26b-a4b,L_txt,aiops2025,tidb-tidb,2,0,0
ledger_handoff_rca,gemma-4-26b-a4b,L_txt,aiops2025,tidb-tikv,10,0.1,0.1
ledger_handoff_rca,gemma-4-26b-a4b,L_txt,re2_ob,checkoutservice,18,0.83333333,0.86111111
ledger_handoff_rca,gemma-4-26b-a4b,L_txt,re2_ob,currencyservice,18,0.61111111,0.61111111
ledger_handoff_rca,gemma-4-26b-a4b,L_txt,re2_ob,emailservice,18,0.88888889,0.88888889
ledger_handoff_rca,gemma-4-26b-a4b,L_txt,re2_ob,productcatalogservice,18,0.55555556,0.55555556
ledger_handoff_rca,gemma-4-26b-a4b,L_txt,re2_ob,recommendationservice,18,0.88888889,0.91666667
ledger_handoff_rca,gemma-4-26b-a4b,L_txt,re2_tt,ts-auth-service,18,0.38888889,0.40277778
ledger_handoff_rca,gemma-4-26b-a4b,L_txt,re2_tt,ts-order-service,18,0.55555556,0.58333333
ledger_handoff_rca,gemma-4-26b-a4b,L_txt,re2_tt,ts-route-service,18,0.55555556,0.56666667
ledger_handoff_rca,gemma-4-26b-a4b,L_txt,re2_tt,ts-train-service,18,0.44444444,0.47222222
ledger_handoff_rca,gemma-4-26b-a4b,L_txt,re2_tt,ts-travel-service,18,0.5,0.51851852
ledger_handoff_rca,gemma-4-26b-a4b,L_vis,aegislab,mysql,6,0.33333333,0.33333333
ledger_handoff_rca,gemma-4-26b-a4b,L_vis,aegislab,ts-assurance-service,5,0.4,0.4
ledger_handoff_rca,gemma-4-26b-a4b,L_vis,aegislab,ts-auth-service,4,0.75,0.75
ledger_handoff_rca,gemma-4-26b-a4b,L_vis,aegislab,ts-basic-service,19,0.21052632,0.21052632
ledger_handoff_rca,gemma-4-26b-a4b,L_vis,aegislab,ts-config-service,6,0.5,0.5
ledger_handoff_rca,gemma-4-26b-a4b,L_vis,aegislab,ts-consign-service,2,0,0
ledger_handoff_rca,gemma-4-26b-a4b,L_vis,aegislab,ts-contacts-service,2,0.5,0.5
ledger_handoff_rca,gemma-4-26b-a4b,L_vis,aegislab,ts-food-service,3,0.33333333,0.33333333
ledger_handoff_rca,gemma-4-26b-a4b,L_vis,aegislab,ts-inside-payment-service,2,0,0
ledger_handoff_rca,gemma-4-26b-a4b,L_vis,aegislab,ts-order-other-service,4,0.5,0.5
ledger_handoff_rca,gemma-4-26b-a4b,L_vis,aegislab,ts-order-service,5,0.6,0.6
ledger_handoff_rca,gemma-4-26b-a4b,L_vis,aegislab,ts-preserve-service,5,0.2,0.2
ledger_handoff_rca,gemma-4-26b-a4b,L_vis,aegislab,ts-price-service,2,0.5,0.5
ledger_handoff_rca,gemma-4-26b-a4b,L_vis,aegislab,ts-route-plan-service,6,0.33333333,0.33333333
ledger_handoff_rca,gemma-4-26b-a4b,L_vis,aegislab,ts-route-service,4,0.5,0.5
ledger_handoff_rca,gemma-4-26b-a4b,L_vis,aegislab,ts-seat-service,6,0.5,0.5
ledger_handoff_rca,gemma-4-26b-a4b,L_vis,aegislab,ts-security-service,1,0,0
ledger_handoff_rca,gemma-4-26b-a4b,L_vis,aegislab,ts-station-food-service,1,1,1
ledger_handoff_rca,gemma-4-26b-a4b,L_vis,aegislab,ts-station-service,1,1,1
ledger_handoff_rca,gemma-4-26b-a4b,L_vis,aegislab,ts-train-service,2,0.5,0.5
ledger_handoff_rca,gemma-4-26b-a4b,L_vis,aegislab,ts-travel-plan-service,3,0.66666667,0.66666667
ledger_handoff_rca,gemma-4-26b-a4b,L_vis,aegislab,ts-travel-service,3,0.33333333,0.33333333
ledger_handoff_rca,gemma-4-26b-a4b,L_vis,aegislab,ts-travel2-service,2,1,1
ledger_handoff_rca,gemma-4-26b-a4b,L_vis,aegislab,ts-user-service,1,1,1
ledger_handoff_rca,gemma-4-26b-a4b,L_vis,aegislab,ts-verification-code-service,1,0,0
ledger_handoff_rca,gemma-4-26b-a4b,L_vis,aiops2022,adservice,2,0,0
ledger_handoff_rca,gemma-4-26b-a4b,L_vis,aiops2022,adservice-0,1,0,0
ledger_handoff_rca,gemma-4-26b-a4b,L_vis,aiops2022,adservice-1,3,0.33333333,0.33333333
ledger_handoff_rca,gemma-4-26b-a4b,L_vis,aiops2022,adservice2-0,1,1,1
ledger_handoff_rca,gemma-4-26b-a4b,L_vis,aiops2022,cartservice,5,0.2,0.2
ledger_handoff_rca,gemma-4-26b-a4b,L_vis,aiops2022,cartservice-0,2,0,0
ledger_handoff_rca,gemma-4-26b-a4b,L_vis,aiops2022,cartservice2-0,1,0,0
ledger_handoff_rca,gemma-4-26b-a4b,L_vis,aiops2022,checkoutservice,4,0.5,0.5
ledger_handoff_rca,gemma-4-26b-a4b,L_vis,aiops2022,checkoutservice-0,2,1,1
ledger_handoff_rca,gemma-4-26b-a4b,L_vis,aiops2022,checkoutservice-1,2,0.5,0.5
ledger_handoff_rca,gemma-4-26b-a4b,L_vis,aiops2022,currencyservice,2,0,0
ledger_handoff_rca,gemma-4-26b-a4b,L_vis,aiops2022,currencyservice-0,1,0,0
ledger_handoff_rca,gemma-4-26b-a4b,L_vis,aiops2022,currencyservice-1,2,0,0
ledger_handoff_rca,gemma-4-26b-a4b,L_vis,aiops2022,currencyservice-2,2,0.5,0.5
ledger_handoff_rca,gemma-4-26b-a4b,L_vis,aiops2022,emailservice,4,0,0
ledger_handoff_rca,gemma-4-26b-a4b,L_vis,aiops2022,emailservice-1,2,0,0
ledger_handoff_rca,gemma-4-26b-a4b,L_vis,aiops2022,frontend,3,0,0
ledger_handoff_rca,gemma-4-26b-a4b,L_vis,aiops2022,frontend-0,1,1,1
ledger_handoff_rca,gemma-4-26b-a4b,L_vis,aiops2022,frontend-1,1,0,0
ledger_handoff_rca,gemma-4-26b-a4b,L_vis,aiops2022,frontend-2,1,0,0
ledger_handoff_rca,gemma-4-26b-a4b,L_vis,aiops2022,frontend2-0,1,1,1
ledger_handoff_rca,gemma-4-26b-a4b,L_vis,aiops2022,node-1,3,0,0
ledger_handoff_rca,gemma-4-26b-a4b,L_vis,aiops2022,node-2,3,0,0
ledger_handoff_rca,gemma-4-26b-a4b,L_vis,aiops2022,node-3,4,0,0
ledger_handoff_rca,gemma-4-26b-a4b,L_vis,aiops2022,node-4,4,0,0
ledger_handoff_rca,gemma-4-26b-a4b,L_vis,aiops2022,node-5,8,0.375,0.375
ledger_handoff_rca,gemma-4-26b-a4b,L_vis,aiops2022,node-6,7,0.28571429,0.33333333
ledger_handoff_rca,gemma-4-26b-a4b,L_vis,aiops2022,paymentservice,1,0,0
ledger_handoff_rca,gemma-4-26b-a4b,L_vis,aiops2022,productcatalogservice,4,0,0
ledger_handoff_rca,gemma-4-26b-a4b,L_vis,aiops2022,productcatalogservice-0,3,0.33333333,0.33333333
ledger_handoff_rca,gemma-4-26b-a4b,L_vis,aiops2022,productcatalogservice-1,3,0,0
ledger_handoff_rca,gemma-4-26b-a4b,L_vis,aiops2022,productcatalogservice-2,2,0.5,0.5
ledger_handoff_rca,gemma-4-26b-a4b,L_vis,aiops2022,productcatalogservice2-0,1,0,0
ledger_handoff_rca,gemma-4-26b-a4b,L_vis,aiops2022,recommendationservice,4,0.25,0.25
ledger_handoff_rca,gemma-4-26b-a4b,L_vis,aiops2022,recommendationservice-2,1,0,0
ledger_handoff_rca,gemma-4-26b-a4b,L_vis,aiops2022,recommendationservice2-0,1,0,0
ledger_handoff_rca,gemma-4-26b-a4b,L_vis,aiops2022,shippingservice,4,0.25,0.25
ledger_handoff_rca,gemma-4-26b-a4b,L_vis,aiops2022,shippingservice-0,1,0,0
ledger_handoff_rca,gemma-4-26b-a4b,L_vis,aiops2022,shippingservice-1,2,0,0
ledger_handoff_rca,gemma-4-26b-a4b,L_vis,aiops2022,shippingservice2-0,1,0,0
ledger_handoff_rca,gemma-4-26b-a4b,L_vis,aiops2025,adservice,14,0.28571429,0.32142857
ledger_handoff_rca,gemma-4-26b-a4b,L_vis,aiops2025,cartservice,7,0.42857143,0.42857143
ledger_handoff_rca,gemma-4-26b-a4b,L_vis,aiops2025,checkoutservice,17,0.17647059,0.17647059
ledger_handoff_rca,gemma-4-26b-a4b,L_vis,aiops2025,currencyservice,4,0,0
ledger_handoff_rca,gemma-4-26b-a4b,L_vis,aiops2025,emailservice,2,0,0
ledger_handoff_rca,gemma-4-26b-a4b,L_vis,aiops2025,frontend,3,0.33333333,0.33333333
ledger_handoff_rca,gemma-4-26b-a4b,L_vis,aiops2025,node-1,3,0,0
ledger_handoff_rca,gemma-4-26b-a4b,L_vis,aiops2025,node-3,3,0.33333333,0.33333333
ledger_handoff_rca,gemma-4-26b-a4b,L_vis,aiops2025,node-4,1,1,1
ledger_handoff_rca,gemma-4-26b-a4b,L_vis,aiops2025,node-5,4,0,0
ledger_handoff_rca,gemma-4-26b-a4b,L_vis,aiops2025,node-6,5,0,0
ledger_handoff_rca,gemma-4-26b-a4b,L_vis,aiops2025,node-7,2,0,0
ledger_handoff_rca,gemma-4-26b-a4b,L_vis,aiops2025,node-8,4,0.25,0.25
ledger_handoff_rca,gemma-4-26b-a4b,L_vis,aiops2025,paymentservice,1,0,0
ledger_handoff_rca,gemma-4-26b-a4b,L_vis,aiops2025,productcatalogservice,4,0,0
ledger_handoff_rca,gemma-4-26b-a4b,L_vis,aiops2025,recommendationservice,1,0,0
ledger_handoff_rca,gemma-4-26b-a4b,L_vis,aiops2025,shippingservice,6,0.16666667,0.16666667
ledger_handoff_rca,gemma-4-26b-a4b,L_vis,aiops2025,tidb-tidb,2,0,0
ledger_handoff_rca,gemma-4-26b-a4b,L_vis,aiops2025,tidb-tikv,10,0.1,0.12
ledger_handoff_rca,gemma-4-26b-a4b,L_vis,re2_ob,checkoutservice,18,0.55555556,0.55555556
ledger_handoff_rca,gemma-4-26b-a4b,L_vis,re2_ob,currencyservice,18,0.61111111,0.61111111
ledger_handoff_rca,gemma-4-26b-a4b,L_vis,re2_ob,emailservice,18,0.88888889,0.88888889
ledger_handoff_rca,gemma-4-26b-a4b,L_vis,re2_ob,productcatalogservice,18,0.55555556,0.55555556
ledger_handoff_rca,gemma-4-26b-a4b,L_vis,re2_ob,recommendationservice,18,0.83333333,0.83333333
ledger_handoff_rca,gemma-4-26b-a4b,L_vis,re2_tt,ts-auth-service,18,0.38888889,0.38888889
ledger_handoff_rca,gemma-4-26b-a4b,L_vis,re2_tt,ts-order-service,18,0.44444444,0.44444444
ledger_handoff_rca,gemma-4-26b-a4b,L_vis,re2_tt,ts-route-service,18,0.55555556,0.55555556
ledger_handoff_rca,gemma-4-26b-a4b,L_vis,re2_tt,ts-train-service,18,0.44444444,0.44444444
ledger_handoff_rca,gemma-4-26b-a4b,L_vis,re2_tt,ts-travel-service,18,0.44444444,0.44444444
ledger_handoff_rca,qwen3.6-27b,L_hyb,aegislab,mysql,6,0.33333333,0.63888889
ledger_handoff_rca,qwen3.6-27b,L_hyb,aegislab,ts-assurance-service,5,0.6,0.8
ledger_handoff_rca,qwen3.6-27b,L_hyb,aegislab,ts-auth-service,4,0.75,0.875
ledger_handoff_rca,qwen3.6-27b,L_hyb,aegislab,ts-basic-service,19,0.052631579,0.15964912
ledger_handoff_rca,qwen3.6-27b,L_hyb,aegislab,ts-config-service,6,0.66666667,0.72222222
ledger_handoff_rca,qwen3.6-27b,L_hyb,aegislab,ts-consign-service,2,0.5,0.5
ledger_handoff_rca,qwen3.6-27b,L_hyb,aegislab,ts-contacts-service,2,0,0.5
ledger_handoff_rca,qwen3.6-27b,L_hyb,aegislab,ts-food-service,3,0.33333333,0.33333333
ledger_handoff_rca,qwen3.6-27b,L_hyb,aegislab,ts-inside-payment-service,2,1,1
ledger_handoff_rca,qwen3.6-27b,L_hyb,aegislab,ts-order-other-service,4,0.25,0.45833333
ledger_handoff_rca,qwen3.6-27b,L_hyb,aegislab,ts-order-service,5,0,0.30666667
ledger_handoff_rca,qwen3.6-27b,L_hyb,aegislab,ts-preserve-service,5,0.2,0.51666667
ledger_handoff_rca,qwen3.6-27b,L_hyb,aegislab,ts-price-service,2,0,0.125
ledger_handoff_rca,qwen3.6-27b,L_hyb,aegislab,ts-route-plan-service,6,0.16666667,0.38888889
ledger_handoff_rca,qwen3.6-27b,L_hyb,aegislab,ts-route-service,4,0.5,0.5
ledger_handoff_rca,qwen3.6-27b,L_hyb,aegislab,ts-seat-service,6,0.33333333,0.45833333
ledger_handoff_rca,qwen3.6-27b,L_hyb,aegislab,ts-security-service,1,0,0.33333333
ledger_handoff_rca,qwen3.6-27b,L_hyb,aegislab,ts-station-food-service,1,0,0.25
ledger_handoff_rca,qwen3.6-27b,L_hyb,aegislab,ts-station-service,1,0,0.5
ledger_handoff_rca,qwen3.6-27b,L_hyb,aegislab,ts-train-service,2,0,0.25
ledger_handoff_rca,qwen3.6-27b,L_hyb,aegislab,ts-travel-plan-service,3,1,1
ledger_handoff_rca,qwen3.6-27b,L_hyb,aegislab,ts-travel-service,3,0.33333333,0.33333333
ledger_handoff_rca,qwen3.6-27b,L_hyb,aegislab,ts-travel2-service,2,1,1
ledger_handoff_rca,qwen3.6-27b,L_hyb,aegislab,ts-user-service,1,1,1
ledger_handoff_rca,qwen3.6-27b,L_hyb,aegislab,ts-verification-code-service,1,0,0
ledger_handoff_rca,qwen3.6-27b,L_hyb,aiops2022,adservice,2,0.5,0.6
ledger_handoff_rca,qwen3.6-27b,L_hyb,aiops2022,adservice-0,1,0,0.25
ledger_handoff_rca,qwen3.6-27b,L_hyb,aiops2022,adservice-1,3,0.33333333,0.5
ledger_handoff_rca,qwen3.6-27b,L_hyb,aiops2022,adservice2-0,1,1,1
ledger_handoff_rca,qwen3.6-27b,L_hyb,aiops2022,cartservice,5,0.2,0.34
ledger_handoff_rca,qwen3.6-27b,L_hyb,aiops2022,cartservice-0,2,0,0.41666667
ledger_handoff_rca,qwen3.6-27b,L_hyb,aiops2022,cartservice2-0,1,0,0
ledger_handoff_rca,qwen3.6-27b,L_hyb,aiops2022,checkoutservice,4,0.5,0.70833333
ledger_handoff_rca,qwen3.6-27b,L_hyb,aiops2022,checkoutservice-0,2,1,1
ledger_handoff_rca,qwen3.6-27b,L_hyb,aiops2022,checkoutservice-1,2,0.5,0.5
ledger_handoff_rca,qwen3.6-27b,L_hyb,aiops2022,currencyservice,2,0,0.1
ledger_handoff_rca,qwen3.6-27b,L_hyb,aiops2022,currencyservice-0,1,0,0
ledger_handoff_rca,qwen3.6-27b,L_hyb,aiops2022,currencyservice-1,2,0,0
ledger_handoff_rca,qwen3.6-27b,L_hyb,aiops2022,currencyservice-2,2,0,0.125
ledger_handoff_rca,qwen3.6-27b,L_hyb,aiops2022,emailservice,4,0,0.14583333
ledger_handoff_rca,qwen3.6-27b,L_hyb,aiops2022,emailservice-1,2,0.5,0.75
ledger_handoff_rca,qwen3.6-27b,L_hyb,aiops2022,frontend,3,0.66666667,0.75
ledger_handoff_rca,qwen3.6-27b,L_hyb,aiops2022,frontend-0,1,1,1
ledger_handoff_rca,qwen3.6-27b,L_hyb,aiops2022,frontend-1,1,0,0
ledger_handoff_rca,qwen3.6-27b,L_hyb,aiops2022,frontend-2,1,1,1
ledger_handoff_rca,qwen3.6-27b,L_hyb,aiops2022,frontend2-0,1,1,1
ledger_handoff_rca,qwen3.6-27b,L_hyb,aiops2022,node-1,3,0,0
ledger_handoff_rca,qwen3.6-27b,L_hyb,aiops2022,node-2,3,0.33333333,0.33333333
ledger_handoff_rca,qwen3.6-27b,L_hyb,aiops2022,node-3,4,0.25,0.25
ledger_handoff_rca,qwen3.6-27b,L_hyb,aiops2022,node-4,4,0.25,0.39583333
ledger_handoff_rca,qwen3.6-27b,L_hyb,aiops2022,node-5,8,0.375,0.41666667
ledger_handoff_rca,qwen3.6-27b,L_hyb,aiops2022,node-6,7,0.42857143,0.42857143
ledger_handoff_rca,qwen3.6-27b,L_hyb,aiops2022,paymentservice,1,0,0
ledger_handoff_rca,qwen3.6-27b,L_hyb,aiops2022,productcatalogservice,4,0.25,0.33333333
ledger_handoff_rca,qwen3.6-27b,L_hyb,aiops2022,productcatalogservice-0,3,0.33333333,0.44444444
ledger_handoff_rca,qwen3.6-27b,L_hyb,aiops2022,productcatalogservice-1,3,0.33333333,0.55555556
ledger_handoff_rca,qwen3.6-27b,L_hyb,aiops2022,productcatalogservice-2,2,0.5,0.75
ledger_handoff_rca,qwen3.6-27b,L_hyb,aiops2022,productcatalogservice2-0,1,0,0.5
ledger_handoff_rca,qwen3.6-27b,L_hyb,aiops2022,recommendationservice,4,0.25,0.4375
ledger_handoff_rca,qwen3.6-27b,L_hyb,aiops2022,recommendationservice-2,1,0,0
ledger_handoff_rca,qwen3.6-27b,L_hyb,aiops2022,recommendationservice2-0,1,0,0
ledger_handoff_rca,qwen3.6-27b,L_hyb,aiops2022,shippingservice,4,0,0.125
ledger_handoff_rca,qwen3.6-27b,L_hyb,aiops2022,shippingservice-0,1,0,0
ledger_handoff_rca,qwen3.6-27b,L_hyb,aiops2022,shippingservice-1,2,0,0
ledger_handoff_rca,qwen3.6-27b,L_hyb,aiops2022,shippingservice2-0,1,0,0.25
ledger_handoff_rca,qwen3.6-27b,L_hyb,aiops2025,adservice,14,0.35714286,0.44642857
ledger_handoff_rca,qwen3.6-27b,L_hyb,aiops2025,cartservice,7,0.14285714,0.5
ledger_handoff_rca,qwen3.6-27b,L_hyb,aiops2025,checkoutservice,17,0.52941176,0.62254902
ledger_handoff_rca,qwen3.6-27b,L_hyb,aiops2025,currencyservice,4,0.25,0.33333333
ledger_handoff_rca,qwen3.6-27b,L_hyb,aiops2025,emailservice,2,0,0.16666667
ledger_handoff_rca,qwen3.6-27b,L_hyb,aiops2025,frontend,3,0,0.25
ledger_handoff_rca,qwen3.6-27b,L_hyb,aiops2025,node-1,3,0,0
ledger_handoff_rca,qwen3.6-27b,L_hyb,aiops2025,node-3,3,0.66666667,0.83333333
ledger_handoff_rca,qwen3.6-27b,L_hyb,aiops2025,node-4,1,1,1
ledger_handoff_rca,qwen3.6-27b,L_hyb,aiops2025,node-5,4,0.25,0.25
ledger_handoff_rca,qwen3.6-27b,L_hyb,aiops2025,node-6,5,0.2,0.3
ledger_handoff_rca,qwen3.6-27b,L_hyb,aiops2025,node-7,2,0,0.25
ledger_handoff_rca,qwen3.6-27b,L_hyb,aiops2025,node-8,4,0.25,0.25
ledger_handoff_rca,qwen3.6-27b,L_hyb,aiops2025,paymentservice,1,0,0
ledger_handoff_rca,qwen3.6-27b,L_hyb,aiops2025,productcatalogservice,4,0,0.125
ledger_handoff_rca,qwen3.6-27b,L_hyb,aiops2025,recommendationservice,1,0,0.33333333
ledger_handoff_rca,qwen3.6-27b,L_hyb,aiops2025,shippingservice,6,0.16666667,0.25
ledger_handoff_rca,qwen3.6-27b,L_hyb,aiops2025,tidb-tidb,2,0,0
ledger_handoff_rca,qwen3.6-27b,L_hyb,aiops2025,tidb-tikv,10,0.1,0.29166667
ledger_handoff_rca,qwen3.6-27b,L_hyb,re2_ob,checkoutservice,18,0.77777778,0.85185185
ledger_handoff_rca,qwen3.6-27b,L_hyb,re2_ob,currencyservice,18,0.55555556,0.66666667
ledger_handoff_rca,qwen3.6-27b,L_hyb,re2_ob,emailservice,18,0.77777778,0.87962963
ledger_handoff_rca,qwen3.6-27b,L_hyb,re2_ob,productcatalogservice,18,0.38888889,0.53888889
ledger_handoff_rca,qwen3.6-27b,L_hyb,re2_ob,recommendationservice,18,1,1
ledger_handoff_rca,qwen3.6-27b,L_hyb,re2_tt,ts-auth-service,18,0.44444444,0.49444444
ledger_handoff_rca,qwen3.6-27b,L_hyb,re2_tt,ts-order-service,18,0.5,0.70833333
ledger_handoff_rca,qwen3.6-27b,L_hyb,re2_tt,ts-route-service,18,0.38888889,0.50648148
ledger_handoff_rca,qwen3.6-27b,L_hyb,re2_tt,ts-train-service,18,0.61111111,0.62962963
ledger_handoff_rca,qwen3.6-27b,L_hyb,re2_tt,ts-travel-service,18,0.5,0.62037037
ledger_handoff_rca,qwen3.6-27b,L_txt,aegislab,mysql,6,0.5,0.72222222
ledger_handoff_rca,qwen3.6-27b,L_txt,aegislab,ts-assurance-service,5,0.6,0.8
ledger_handoff_rca,qwen3.6-27b,L_txt,aegislab,ts-auth-service,4,0.25,0.625
ledger_handoff_rca,qwen3.6-27b,L_txt,aegislab,ts-basic-service,19,0.15789474,0.23684211
ledger_handoff_rca,qwen3.6-27b,L_txt,aegislab,ts-config-service,6,0.5,0.61111111
ledger_handoff_rca,qwen3.6-27b,L_txt,aegislab,ts-consign-service,2,0,0.125
ledger_handoff_rca,qwen3.6-27b,L_txt,aegislab,ts-contacts-service,2,0,0.41666667
ledger_handoff_rca,qwen3.6-27b,L_txt,aegislab,ts-food-service,3,0.33333333,0.5
ledger_handoff_rca,qwen3.6-27b,L_txt,aegislab,ts-inside-payment-service,2,1,1
ledger_handoff_rca,qwen3.6-27b,L_txt,aegislab,ts-order-other-service,4,0.25,0.45833333
ledger_handoff_rca,qwen3.6-27b,L_txt,aegislab,ts-order-service,5,0,0.27333333
ledger_handoff_rca,qwen3.6-27b,L_txt,aegislab,ts-preserve-service,5,0.4,0.63333333
ledger_handoff_rca,qwen3.6-27b,L_txt,aegislab,ts-price-service,2,0,0
ledger_handoff_rca,qwen3.6-27b,L_txt,aegislab,ts-route-plan-service,6,0.16666667,0.43055556
ledger_handoff_rca,qwen3.6-27b,L_txt,aegislab,ts-route-service,4,0.25,0.4375
ledger_handoff_rca,qwen3.6-27b,L_txt,aegislab,ts-seat-service,6,0.33333333,0.59722222
ledger_handoff_rca,qwen3.6-27b,L_txt,aegislab,ts-security-service,1,1,1
ledger_handoff_rca,qwen3.6-27b,L_txt,aegislab,ts-station-food-service,1,0,0
ledger_handoff_rca,qwen3.6-27b,L_txt,aegislab,ts-station-service,1,0,0.5
ledger_handoff_rca,qwen3.6-27b,L_txt,aegislab,ts-train-service,2,0,0.25
ledger_handoff_rca,qwen3.6-27b,L_txt,aegislab,ts-travel-plan-service,3,1,1
ledger_handoff_rca,qwen3.6-27b,L_txt,aegislab,ts-travel-service,3,0.33333333,0.33333333
ledger_handoff_rca,qwen3.6-27b,L_txt,aegislab,ts-travel2-service,2,0.5,0.75
ledger_handoff_rca,qwen3.6-27b,L_txt,aegislab,ts-user-service,1,1,1
ledger_handoff_rca,qwen3.6-27b,L_txt,aegislab,ts-verification-code-service,1,0,0
ledger_handoff_rca,qwen3.6-27b,L_txt,aiops2022,adservice,2,0.5,0.625
ledger_handoff_rca,qwen3.6-27b,L_txt,aiops2022,adservice-0,1,1,1
ledger_handoff_rca,qwen3.6-27b,L_txt,aiops2022,adservice-1,3,0.33333333,0.5
ledger_handoff_rca,qwen3.6-27b,L_txt,aiops2022,adservice2-0,1,1,1
ledger_handoff_rca,qwen3.6-27b,L_txt,aiops2022,cartservice,5,0.2,0.34
ledger_handoff_rca,qwen3.6-27b,L_txt,aiops2022,cartservice-0,2,0,0.16666667
ledger_handoff_rca,qwen3.6-27b,L_txt,aiops2022,cartservice2-0,1,0,0
ledger_handoff_rca,qwen3.6-27b,L_txt,aiops2022,checkoutservice,4,0.5,0.70833333
ledger_handoff_rca,qwen3.6-27b,L_txt,aiops2022,checkoutservice-0,2,0.5,0.5
ledger_handoff_rca,qwen3.6-27b,L_txt,aiops2022,checkoutservice-1,2,0.5,0.5
ledger_handoff_rca,qwen3.6-27b,L_txt,aiops2022,currencyservice,2,0,0
ledger_handoff_rca,qwen3.6-27b,L_txt,aiops2022,currencyservice-0,1,0,0
ledger_handoff_rca,qwen3.6-27b,L_txt,aiops2022,currencyservice-1,2,0,0
ledger_handoff_rca,qwen3.6-27b,L_txt,aiops2022,currencyservice-2,2,0,0.125
ledger_handoff_rca,qwen3.6-27b,L_txt,aiops2022,emailservice,4,0,0.19583333
ledger_handoff_rca,qwen3.6-27b,L_txt,aiops2022,emailservice-1,2,0.5,0.75
ledger_handoff_rca,qwen3.6-27b,L_txt,aiops2022,frontend,3,0.33333333,0.56666667
ledger_handoff_rca,qwen3.6-27b,L_txt,aiops2022,frontend-0,1,1,1
ledger_handoff_rca,qwen3.6-27b,L_txt,aiops2022,frontend-1,1,0,0
ledger_handoff_rca,qwen3.6-27b,L_txt,aiops2022,frontend-2,1,1,1
ledger_handoff_rca,qwen3.6-27b,L_txt,aiops2022,frontend2-0,1,1,1
ledger_handoff_rca,qwen3.6-27b,L_txt,aiops2022,node-1,3,0,0
ledger_handoff_rca,qwen3.6-27b,L_txt,aiops2022,node-2,3,0.33333333,0.33333333
ledger_handoff_rca,qwen3.6-27b,L_txt,aiops2022,node-3,4,0.25,0.25
ledger_handoff_rca,qwen3.6-27b,L_txt,aiops2022,node-4,4,0.5,0.5
ledger_handoff_rca,qwen3.6-27b,L_txt,aiops2022,node-5,8,0.375,0.4
ledger_handoff_rca,qwen3.6-27b,L_txt,aiops2022,node-6,7,0.42857143,0.42857143
ledger_handoff_rca,qwen3.6-27b,L_txt,aiops2022,paymentservice,1,0,0
ledger_handoff_rca,qwen3.6-27b,L_txt,aiops2022,productcatalogservice,4,0,0.13333333
ledger_handoff_rca,qwen3.6-27b,L_txt,aiops2022,productcatalogservice-0,3,0.33333333,0.44444444
ledger_handoff_rca,qwen3.6-27b,L_txt,aiops2022,productcatalogservice-1,3,0,0.38888889
ledger_handoff_rca,qwen3.6-27b,L_txt,aiops2022,productcatalogservice-2,2,0.5,0.625
ledger_handoff_rca,qwen3.6-27b,L_txt,aiops2022,productcatalogservice2-0,1,0,0.5
ledger_handoff_rca,qwen3.6-27b,L_txt,aiops2022,recommendationservice,4,0,0.13333333
ledger_handoff_rca,qwen3.6-27b,L_txt,aiops2022,recommendationservice-2,1,0,0
ledger_handoff_rca,qwen3.6-27b,L_txt,aiops2022,recommendationservice2-0,1,0,0
ledger_handoff_rca,qwen3.6-27b,L_txt,aiops2022,shippingservice,4,0,0.125
ledger_handoff_rca,qwen3.6-27b,L_txt,aiops2022,shippingservice-0,1,0,0
ledger_handoff_rca,qwen3.6-27b,L_txt,aiops2022,shippingservice-1,2,0,0
ledger_handoff_rca,qwen3.6-27b,L_txt,aiops2022,shippingservice2-0,1,0,0.25
ledger_handoff_rca,qwen3.6-27b,L_txt,aiops2025,adservice,14,0.28571429,0.3952381
ledger_handoff_rca,qwen3.6-27b,L_txt,aiops2025,cartservice,7,0.28571429,0.57619048
ledger_handoff_rca,qwen3.6-27b,L_txt,aiops2025,checkoutservice,17,0.47058824,0.59019608
ledger_handoff_rca,qwen3.6-27b,L_txt,aiops2025,currencyservice,4,0.25,0.3
ledger_handoff_rca,qwen3.6-27b,L_txt,aiops2025,emailservice,2,0,0.1
ledger_handoff_rca,qwen3.6-27b,L_txt,aiops2025,frontend,3,0,0.16666667
ledger_handoff_rca,qwen3.6-27b,L_txt,aiops2025,node-1,3,0,0
ledger_handoff_rca,qwen3.6-27b,L_txt,aiops2025,node-3,3,0.66666667,0.83333333
ledger_handoff_rca,qwen3.6-27b,L_txt,aiops2025,node-4,1,1,1
ledger_handoff_rca,qwen3.6-27b,L_txt,aiops2025,node-5,4,0.25,0.25
ledger_handoff_rca,qwen3.6-27b,L_txt,aiops2025,node-6,5,0.2,0.3
ledger_handoff_rca,qwen3.6-27b,L_txt,aiops2025,node-7,2,0,0.25
ledger_handoff_rca,qwen3.6-27b,L_txt,aiops2025,node-8,4,0.25,0.25
ledger_handoff_rca,qwen3.6-27b,L_txt,aiops2025,paymentservice,1,0,0
ledger_handoff_rca,qwen3.6-27b,L_txt,aiops2025,productcatalogservice,4,0,0.125
ledger_handoff_rca,qwen3.6-27b,L_txt,aiops2025,recommendationservice,1,0,0.33333333
ledger_handoff_rca,qwen3.6-27b,L_txt,aiops2025,shippingservice,6,0.16666667,0.25
ledger_handoff_rca,qwen3.6-27b,L_txt,aiops2025,tidb-tidb,2,0,0.16666667
ledger_handoff_rca,qwen3.6-27b,L_txt,aiops2025,tidb-tikv,10,0.1,0.28666667
ledger_handoff_rca,qwen3.6-27b,L_txt,re2_ob,checkoutservice,18,0.83333333,0.875
ledger_handoff_rca,qwen3.6-27b,L_txt,re2_ob,currencyservice,18,0.55555556,0.68055556
ledger_handoff_rca,qwen3.6-27b,L_txt,re2_ob,emailservice,18,0.88888889,0.93518519
ledger_handoff_rca,qwen3.6-27b,L_txt,re2_ob,productcatalogservice,18,0.33333333,0.53611111
ledger_handoff_rca,qwen3.6-27b,L_txt,re2_ob,recommendationservice,18,0.88888889,0.94444444
ledger_handoff_rca,qwen3.6-27b,L_txt,re2_tt,ts-auth-service,18,0.44444444,0.50555556
ledger_handoff_rca,qwen3.6-27b,L_txt,re2_tt,ts-order-service,18,0.44444444,0.6712963
ledger_handoff_rca,qwen3.6-27b,L_txt,re2_tt,ts-route-service,18,0.38888889,0.54537037
ledger_handoff_rca,qwen3.6-27b,L_txt,re2_tt,ts-train-service,18,0.55555556,0.64259259
ledger_handoff_rca,qwen3.6-27b,L_txt,re2_tt,ts-travel-service,18,0.44444444,0.63425926
ledger_handoff_rca,qwen3.6-27b,L_vis,aegislab,mysql,6,0.33333333,0.45
ledger_handoff_rca,qwen3.6-27b,L_vis,aegislab,ts-assurance-service,5,0.8,0.9
ledger_handoff_rca,qwen3.6-27b,L_vis,aegislab,ts-auth-service,4,0,0.375
ledger_handoff_rca,qwen3.6-27b,L_vis,aegislab,ts-basic-service,19,0.21052632,0.34385965
ledger_handoff_rca,qwen3.6-27b,L_vis,aegislab,ts-config-service,6,0.33333333,0.5
ledger_handoff_rca,qwen3.6-27b,L_vis,aegislab,ts-consign-service,2,0,0
ledger_handoff_rca,qwen3.6-27b,L_vis,aegislab,ts-contacts-service,2,0.5,0.66666667
ledger_handoff_rca,qwen3.6-27b,L_vis,aegislab,ts-food-service,3,0.66666667,0.66666667
ledger_handoff_rca,qwen3.6-27b,L_vis,aegislab,ts-inside-payment-service,2,1,1
ledger_handoff_rca,qwen3.6-27b,L_vis,aegislab,ts-order-other-service,4,0.25,0.5
ledger_handoff_rca,qwen3.6-27b,L_vis,aegislab,ts-order-service,5,0.2,0.46666667
ledger_handoff_rca,qwen3.6-27b,L_vis,aegislab,ts-preserve-service,5,0.4,0.53333333
ledger_handoff_rca,qwen3.6-27b,L_vis,aegislab,ts-price-service,2,0,0.1
ledger_handoff_rca,qwen3.6-27b,L_vis,aegislab,ts-route-plan-service,6,0.16666667,0.29166667
ledger_handoff_rca,qwen3.6-27b,L_vis,aegislab,ts-route-service,4,0.25,0.375
ledger_handoff_rca,qwen3.6-27b,L_vis,aegislab,ts-seat-service,6,0.16666667,0.45833333
ledger_handoff_rca,qwen3.6-27b,L_vis,aegislab,ts-security-service,1,0,0.33333333
ledger_handoff_rca,qwen3.6-27b,L_vis,aegislab,ts-station-food-service,1,0,0
ledger_handoff_rca,qwen3.6-27b,L_vis,aegislab,ts-station-service,1,1,1
ledger_handoff_rca,qwen3.6-27b,L_vis,aegislab,ts-train-service,2,0,0.25
ledger_handoff_rca,qwen3.6-27b,L_vis,aegislab,ts-travel-plan-service,3,0.66666667,0.83333333
ledger_handoff_rca,qwen3.6-27b,L_vis,aegislab,ts-travel-service,3,0.33333333,0.33333333
ledger_handoff_rca,qwen3.6-27b,L_vis,aegislab,ts-travel2-service,2,1,1
ledger_handoff_rca,qwen3.6-27b,L_vis,aegislab,ts-user-service,1,1,1
ledger_handoff_rca,qwen3.6-27b,L_vis,aegislab,ts-verification-code-service,1,0,0
ledger_handoff_rca,qwen3.6-27b,L_vis,aiops2022,adservice,2,1,1
ledger_handoff_rca,qwen3.6-27b,L_vis,aiops2022,adservice-0,1,0,0
ledger_handoff_rca,qwen3.6-27b,L_vis,aiops2022,adservice-1,3,0.33333333,0.44444444
ledger_handoff_rca,qwen3.6-27b,L_vis,aiops2022,adservice2-0,1,1,1
ledger_handoff_rca,qwen3.6-27b,L_vis,aiops2022,cartservice,5,0,0.3
ledger_handoff_rca,qwen3.6-27b,L_vis,aiops2022,cartservice-0,2,0,0.25
ledger_handoff_rca,qwen3.6-27b,L_vis,aiops2022,cartservice2-0,1,0,0
ledger_handoff_rca,qwen3.6-27b,L_vis,aiops2022,checkoutservice,4,1,1
ledger_handoff_rca,qwen3.6-27b,L_vis,aiops2022,checkoutservice-0,2,0.5,0.5
ledger_handoff_rca,qwen3.6-27b,L_vis,aiops2022,checkoutservice-1,2,0.5,0.5
ledger_handoff_rca,qwen3.6-27b,L_vis,aiops2022,currencyservice,2,0,0.16666667
ledger_handoff_rca,qwen3.6-27b,L_vis,aiops2022,currencyservice-0,1,0,0
ledger_handoff_rca,qwen3.6-27b,L_vis,aiops2022,currencyservice-1,2,0,0
ledger_handoff_rca,qwen3.6-27b,L_vis,aiops2022,currencyservice-2,2,0,0.5
ledger_handoff_rca,qwen3.6-27b,L_vis,aiops2022,emailservice,4,0.25,0.39583333
ledger_handoff_rca,qwen3.6-27b,L_vis,aiops2022,emailservice-1,2,0.5,0.75
ledger_handoff_rca,qwen3.6-27b,L_vis,aiops2022,frontend,3,0,0.33333333
ledger_handoff_rca,qwen3.6-27b,L_vis,aiops2022,frontend-0,1,1,1
ledger_handoff_rca,qwen3.6-27b,L_vis,aiops2022,frontend-1,1,0,0.25
ledger_handoff_rca,qwen3.6-27b,L_vis,aiops2022,frontend-2,1,1,1
ledger_handoff_rca,qwen3.6-27b,L_vis,aiops2022,frontend2-0,1,1,1
ledger_handoff_rca,qwen3.6-27b,L_vis,aiops2022,node-1,3,0,0
ledger_handoff_rca,qwen3.6-27b,L_vis,aiops2022,node-2,3,0.33333333,0.33333333
ledger_handoff_rca,qwen3.6-27b,L_vis,aiops2022,node-3,4,0,0.083333333
ledger_handoff_rca,qwen3.6-27b,L_vis,aiops2022,node-4,4,0.25,0.41666667
ledger_handoff_rca,qwen3.6-27b,L_vis,aiops2022,node-5,8,0.125,0.19791667
ledger_handoff_rca,qwen3.6-27b,L_vis,aiops2022,node-6,7,0.14285714,0.23809524
ledger_handoff_rca,qwen3.6-27b,L_vis,aiops2022,paymentservice,1,0,0
ledger_handoff_rca,qwen3.6-27b,L_vis,aiops2022,productcatalogservice,4,0,0.13333333
ledger_handoff_rca,qwen3.6-27b,L_vis,aiops2022,productcatalogservice-0,3,0.33333333,0.5
ledger_handoff_rca,qwen3.6-27b,L_vis,aiops2022,productcatalogservice-1,3,0,0.11111111
ledger_handoff_rca,qwen3.6-27b,L_vis,aiops2022,productcatalogservice-2,2,0,0.41666667
ledger_handoff_rca,qwen3.6-27b,L_vis,aiops2022,productcatalogservice2-0,1,1,1
ledger_handoff_rca,qwen3.6-27b,L_vis,aiops2022,recommendationservice,4,0,0.27083333
ledger_handoff_rca,qwen3.6-27b,L_vis,aiops2022,recommendationservice-2,1,0,0
ledger_handoff_rca,qwen3.6-27b,L_vis,aiops2022,recommendationservice2-0,1,0,0
ledger_handoff_rca,qwen3.6-27b,L_vis,aiops2022,shippingservice,4,0,0.083333333
ledger_handoff_rca,qwen3.6-27b,L_vis,aiops2022,shippingservice-0,1,0,0
ledger_handoff_rca,qwen3.6-27b,L_vis,aiops2022,shippingservice-1,2,0,0
ledger_handoff_rca,qwen3.6-27b,L_vis,aiops2022,shippingservice2-0,1,0,0.5
ledger_handoff_rca,qwen3.6-27b,L_vis,aiops2025,adservice,14,0.21428571,0.30357143
ledger_handoff_rca,qwen3.6-27b,L_vis,aiops2025,cartservice,7,0.14285714,0.53571429
ledger_handoff_rca,qwen3.6-27b,L_vis,aiops2025,checkoutservice,17,0.29411765,0.3627451
ledger_handoff_rca,qwen3.6-27b,L_vis,aiops2025,currencyservice,4,0.25,0.25
ledger_handoff_rca,qwen3.6-27b,L_vis,aiops2025,emailservice,2,0,0.1
ledger_handoff_rca,qwen3.6-27b,L_vis,aiops2025,frontend,3,0.33333333,0.58333333
ledger_handoff_rca,qwen3.6-27b,L_vis,aiops2025,node-1,3,0,0
ledger_handoff_rca,qwen3.6-27b,L_vis,aiops2025,node-3,3,1,1
ledger_handoff_rca,qwen3.6-27b,L_vis,aiops2025,node-4,1,0,0
ledger_handoff_rca,qwen3.6-27b,L_vis,aiops2025,node-5,4,0.25,0.25
ledger_handoff_rca,qwen3.6-27b,L_vis,aiops2025,node-6,5,0.2,0.3
ledger_handoff_rca,qwen3.6-27b,L_vis,aiops2025,node-7,2,0,0.25
ledger_handoff_rca,qwen3.6-27b,L_vis,aiops2025,node-8,4,0.25,0.25
ledger_handoff_rca,qwen3.6-27b,L_vis,aiops2025,paymentservice,1,0,0
ledger_handoff_rca,qwen3.6-27b,L_vis,aiops2025,productcatalogservice,4,0,0.21666667
ledger_handoff_rca,qwen3.6-27b,L_vis,aiops2025,recommendationservice,1,0,0
ledger_handoff_rca,qwen3.6-27b,L_vis,aiops2025,shippingservice,6,0,0.20833333
ledger_handoff_rca,qwen3.6-27b,L_vis,aiops2025,tidb-tidb,2,0,0.1
ledger_handoff_rca,qwen3.6-27b,L_vis,aiops2025,tidb-tikv,10,0,0.19166667
ledger_handoff_rca,qwen3.6-27b,L_vis,re2_ob,checkoutservice,18,0.66666667,0.81018519
ledger_handoff_rca,qwen3.6-27b,L_vis,re2_ob,currencyservice,18,0.61111111,0.72222222
ledger_handoff_rca,qwen3.6-27b,L_vis,re2_ob,emailservice,18,0.88888889,0.94444444
ledger_handoff_rca,qwen3.6-27b,L_vis,re2_ob,productcatalogservice,18,0.38888889,0.56018519
ledger_handoff_rca,qwen3.6-27b,L_vis,re2_ob,recommendationservice,18,0.72222222,0.82407407
ledger_handoff_rca,qwen3.6-27b,L_vis,re2_tt,ts-auth-service,18,0.38888889,0.45555556
ledger_handoff_rca,qwen3.6-27b,L_vis,re2_tt,ts-order-service,18,0.44444444,0.64814815
ledger_handoff_rca,qwen3.6-27b,L_vis,re2_tt,ts-route-service,18,0.27777778,0.42592593
ledger_handoff_rca,qwen3.6-27b,L_vis,re2_tt,ts-train-service,18,0.5,0.64259259
ledger_handoff_rca,qwen3.6-27b,L_vis,re2_tt,ts-travel-service,18,0.33333333,0.53240741
ledger_handoff_rca,qwen3.8-27b,L_hyb,aegislab,mysql,6,0.66666667,0.83333333
ledger_handoff_rca,qwen3.8-27b,L_hyb,aegislab,ts-assurance-service,5,0.8,0.9
ledger_handoff_rca,qwen3.8-27b,L_hyb,aegislab,ts-auth-service,4,0,0.39583333
ledger_handoff_rca,qwen3.8-27b,L_hyb,aegislab,ts-basic-service,19,0,0.21491228
ledger_handoff_rca,qwen3.8-27b,L_hyb,aegislab,ts-config-service,6,0.5,0.625
ledger_handoff_rca,qwen3.8-27b,L_hyb,aegislab,ts-consign-service,2,0,0.25
ledger_handoff_rca,qwen3.8-27b,L_hyb,aegislab,ts-contacts-service,2,0,0.5
ledger_handoff_rca,qwen3.8-27b,L_hyb,aegislab,ts-food-service,3,0,0.19444444
ledger_handoff_rca,qwen3.8-27b,L_hyb,aegislab,ts-inside-payment-service,2,1,1
ledger_handoff_rca,qwen3.8-27b,L_hyb,aegislab,ts-order-other-service,4,0,0.25
ledger_handoff_rca,qwen3.8-27b,L_hyb,aegislab,ts-order-service,5,0,0.31666667
ledger_handoff_rca,qwen3.8-27b,L_hyb,aegislab,ts-preserve-service,5,0.8,0.9
ledger_handoff_rca,qwen3.8-27b,L_hyb,aegislab,ts-price-service,2,0.5,0.5
ledger_handoff_rca,qwen3.8-27b,L_hyb,aegislab,ts-route-plan-service,6,0.16666667,0.33333333
ledger_handoff_rca,qwen3.8-27b,L_hyb,aegislab,ts-route-service,4,0,0.375
ledger_handoff_rca,qwen3.8-27b,L_hyb,aegislab,ts-seat-service,6,0.5,0.63888889
ledger_handoff_rca,qwen3.8-27b,L_hyb,aegislab,ts-security-service,1,0,0.5
ledger_handoff_rca,qwen3.8-27b,L_hyb,aegislab,ts-station-food-service,1,0,0.33333333
ledger_handoff_rca,qwen3.8-27b,L_hyb,aegislab,ts-station-service,1,0,0.5
ledger_handoff_rca,qwen3.8-27b,L_hyb,aegislab,ts-train-service,2,0,0.25
ledger_handoff_rca,qwen3.8-27b,L_hyb,aegislab,ts-travel-plan-service,3,0.66666667,0.66666667
ledger_handoff_rca,qwen3.8-27b,L_hyb,aegislab,ts-travel-service,3,0.33333333,0.33333333
ledger_handoff_rca,qwen3.8-27b,L_hyb,aegislab,ts-travel2-service,2,0.5,0.5
ledger_handoff_rca,qwen3.8-27b,L_hyb,aegislab,ts-user-service,1,0,0.33333333
ledger_handoff_rca,qwen3.8-27b,L_hyb,aegislab,ts-verification-code-service,1,0,0.5
ledger_handoff_rca,qwen3.8-27b,L_hyb,aiops2022,adservice,2,0.5,0.75
ledger_handoff_rca,qwen3.8-27b,L_hyb,aiops2022,adservice-0,1,0,0
ledger_handoff_rca,qwen3.8-27b,L_hyb,aiops2022,adservice-1,3,0.33333333,0.44444444
ledger_handoff_rca,qwen3.8-27b,L_hyb,aiops2022,adservice2-0,1,0,0
ledger_handoff_rca,qwen3.8-27b,L_hyb,aiops2022,cartservice,5,0.4,0.46666667
ledger_handoff_rca,qwen3.8-27b,L_hyb,aiops2022,cartservice-0,2,0,0.25
ledger_handoff_rca,qwen3.8-27b,L_hyb,aiops2022,cartservice2-0,1,0,0
ledger_handoff_rca,qwen3.8-27b,L_hyb,aiops2022,checkoutservice,4,0.5,0.75
ledger_handoff_rca,qwen3.8-27b,L_hyb,aiops2022,checkoutservice-0,2,1,1
ledger_handoff_rca,qwen3.8-27b,L_hyb,aiops2022,checkoutservice-1,2,0.5,0.5
ledger_handoff_rca,qwen3.8-27b,L_hyb,aiops2022,currencyservice,2,0,0.125
ledger_handoff_rca,qwen3.8-27b,L_hyb,aiops2022,currencyservice-0,1,0,0
ledger_handoff_rca,qwen3.8-27b,L_hyb,aiops2022,currencyservice-1,2,0.5,0.5
ledger_handoff_rca,qwen3.8-27b,L_hyb,aiops2022,currencyservice-2,2,1,1
ledger_handoff_rca,qwen3.8-27b,L_hyb,aiops2022,emailservice,4,0,0.25
ledger_handoff_rca,qwen3.8-27b,L_hyb,aiops2022,emailservice-1,2,0.5,0.75
ledger_handoff_rca,qwen3.8-27b,L_hyb,aiops2022,frontend,3,0.66666667,0.83333333
ledger_handoff_rca,qwen3.8-27b,L_hyb,aiops2022,frontend-0,1,0,0.33333333
ledger_handoff_rca,qwen3.8-27b,L_hyb,aiops2022,frontend-1,1,1,1
ledger_handoff_rca,qwen3.8-27b,L_hyb,aiops2022,frontend-2,1,1,1
ledger_handoff_rca,qwen3.8-27b,L_hyb,aiops2022,frontend2-0,1,0,0
ledger_handoff_rca,qwen3.8-27b,L_hyb,aiops2022,node-1,3,0,0
ledger_handoff_rca,qwen3.8-27b,L_hyb,aiops2022,node-2,3,0.33333333,0.33333333
ledger_handoff_rca,qwen3.8-27b,L_hyb,aiops2022,node-3,4,0,0.05
ledger_handoff_rca,qwen3.8-27b,L_hyb,aiops2022,node-4,4,0,0.1875
ledger_handoff_rca,qwen3.8-27b,L_hyb,aiops2022,node-5,8,0.25,0.34375
ledger_handoff_rca,qwen3.8-27b,L_hyb,aiops2022,node-6,7,0.28571429,0.42142857
ledger_handoff_rca,qwen3.8-27b,L_hyb,aiops2022,paymentservice,1,0,0
ledger_handoff_rca,qwen3.8-27b,L_hyb,aiops2022,productcatalogservice,4,0.25,0.25
ledger_handoff_rca,qwen3.8-27b,L_hyb,aiops2022,productcatalogservice-0,3,0.33333333,0.44444444
ledger_handoff_rca,qwen3.8-27b,L_hyb,aiops2022,productcatalogservice-1,3,0,0.16666667
ledger_handoff_rca,qwen3.8-27b,L_hyb,aiops2022,productcatalogservice-2,2,0.5,0.75
ledger_handoff_rca,qwen3.8-27b,L_hyb,aiops2022,productcatalogservice2-0,1,0,0.33333333
ledger_handoff_rca,qwen3.8-27b,L_hyb,aiops2022,recommendationservice,4,0,0.13333333
ledger_handoff_rca,qwen3.8-27b,L_hyb,aiops2022,recommendationservice-2,1,0,0
ledger_handoff_rca,qwen3.8-27b,L_hyb,aiops2022,recommendationservice2-0,1,0,0
ledger_handoff_rca,qwen3.8-27b,L_hyb,aiops2022,shippingservice,4,0.25,0.25
ledger_handoff_rca,qwen3.8-27b,L_hyb,aiops2022,shippingservice-0,1,0,0
ledger_handoff_rca,qwen3.8-27b,L_hyb,aiops2022,shippingservice-1,2,0,0
ledger_handoff_rca,qwen3.8-27b,L_hyb,aiops2022,shippingservice2-0,1,0,0.2
ledger_handoff_rca,qwen3.8-27b,L_hyb,aiops2025,adservice,14,0.14285714,0.2702381
ledger_handoff_rca,qwen3.8-27b,L_hyb,aiops2025,cartservice,7,0.14285714,0.46904762
ledger_handoff_rca,qwen3.8-27b,L_hyb,aiops2025,checkoutservice,17,0.23529412,0.38235294
ledger_handoff_rca,qwen3.8-27b,L_hyb,aiops2025,currencyservice,4,0.25,0.3
ledger_handoff_rca,qwen3.8-27b,L_hyb,aiops2025,emailservice,2,0,0.16666667
ledger_handoff_rca,qwen3.8-27b,L_hyb,aiops2025,frontend,3,0.66666667,0.66666667
ledger_handoff_rca,qwen3.8-27b,L_hyb,aiops2025,node-1,3,0,0
ledger_handoff_rca,qwen3.8-27b,L_hyb,aiops2025,node-3,3,0.66666667,0.75
ledger_handoff_rca,qwen3.8-27b,L_hyb,aiops2025,node-4,1,1,1
ledger_handoff_rca,qwen3.8-27b,L_hyb,aiops2025,node-5,4,0.25,0.25
ledger_handoff_rca,qwen3.8-27b,L_hyb,aiops2025,node-6,5,0,0.1
ledger_handoff_rca,qwen3.8-27b,L_hyb,aiops2025,node-7,2,0.5,0.5
ledger_handoff_rca,qwen3.8-27b,L_hyb,aiops2025,node-8,4,0.25,0.375
ledger_handoff_rca,qwen3.8-27b,L_hyb,aiops2025,paymentservice,1,0,0
ledger_handoff_rca,qwen3.8-27b,L_hyb,aiops2025,productcatalogservice,4,0,0.14583333
ledger_handoff_rca,qwen3.8-27b,L_hyb,aiops2025,recommendationservice,1,0,0.2
ledger_handoff_rca,qwen3.8-27b,L_hyb,aiops2025,shippingservice,6,0.16666667,0.25
ledger_handoff_rca,qwen3.8-27b,L_hyb,aiops2025,tidb-tidb,2,0,0
ledger_handoff_rca,qwen3.8-27b,L_hyb,aiops2025,tidb-tikv,10,0,0.15
ledger_handoff_rca,qwen3.8-27b,L_hyb,re2_ob,checkoutservice,18,0.77777778,0.87037037
ledger_handoff_rca,qwen3.8-27b,L_hyb,re2_ob,currencyservice,18,0.27777778,0.50648148
ledger_handoff_rca,qwen3.8-27b,L_hyb,re2_ob,emailservice,18,0.77777778,0.88888889
ledger_handoff_rca,qwen3.8-27b,L_hyb,re2_ob,productcatalogservice,18,0.33333333,0.43055556
ledger_handoff_rca,qwen3.8-27b,L_hyb,re2_ob,recommendationservice,18,0.61111111,0.76388889
ledger_handoff_rca,qwen3.8-27b,L_hyb,re2_tt,ts-auth-service,18,0.38888889,0.51388889
ledger_handoff_rca,qwen3.8-27b,L_hyb,re2_tt,ts-order-service,18,0.38888889,0.58333333
ledger_handoff_rca,qwen3.8-27b,L_hyb,re2_tt,ts-route-service,18,0.11111111,0.38425926
ledger_handoff_rca,qwen3.8-27b,L_hyb,re2_tt,ts-train-service,18,0.44444444,0.59259259
ledger_handoff_rca,qwen3.8-27b,L_hyb,re2_tt,ts-travel-service,18,0.66666667,0.74074074
ledger_handoff_rca,qwen3.8-27b,L_txt,aegislab,mysql,6,0.5,0.66666667
ledger_handoff_rca,qwen3.8-27b,L_txt,aegislab,ts-assurance-service,5,0.6,0.76666667
ledger_handoff_rca,qwen3.8-27b,L_txt,aegislab,ts-auth-service,4,0.5,0.75
ledger_handoff_rca,qwen3.8-27b,L_txt,aegislab,ts-basic-service,19,0,0.18859649
ledger_handoff_rca,qwen3.8-27b,L_txt,aegislab,ts-config-service,6,0.5,0.58333333
ledger_handoff_rca,qwen3.8-27b,L_txt,aegislab,ts-consign-service,2,0,0.25
ledger_handoff_rca,qwen3.8-27b,L_txt,aegislab,ts-contacts-service,2,0,0.5
ledger_handoff_rca,qwen3.8-27b,L_txt,aegislab,ts-food-service,3,0,0.19444444
ledger_handoff_rca,qwen3.8-27b,L_txt,aegislab,ts-inside-payment-service,2,1,1
ledger_handoff_rca,qwen3.8-27b,L_txt,aegislab,ts-order-other-service,4,0,0.33333333
ledger_handoff_rca,qwen3.8-27b,L_txt,aegislab,ts-order-service,5,0.2,0.46666667
ledger_handoff_rca,qwen3.8-27b,L_txt,aegislab,ts-preserve-service,5,0.8,0.9
ledger_handoff_rca,qwen3.8-27b,L_txt,aegislab,ts-price-service,2,0.5,0.66666667
ledger_handoff_rca,qwen3.8-27b,L_txt,aegislab,ts-route-plan-service,6,0.33333333,0.41666667
ledger_handoff_rca,qwen3.8-27b,L_txt,aegislab,ts-route-service,4,0.25,0.45833333
ledger_handoff_rca,qwen3.8-27b,L_txt,aegislab,ts-seat-service,6,0.66666667,0.75
ledger_handoff_rca,qwen3.8-27b,L_txt,aegislab,ts-security-service,1,0,0.5
ledger_handoff_rca,qwen3.8-27b,L_txt,aegislab,ts-station-food-service,1,0,0.33333333
ledger_handoff_rca,qwen3.8-27b,L_txt,aegislab,ts-station-service,1,0,0.5
ledger_handoff_rca,qwen3.8-27b,L_txt,aegislab,ts-train-service,2,0,0.16666667
ledger_handoff_rca,qwen3.8-27b,L_txt,aegislab,ts-travel-plan-service,3,0.66666667,0.66666667
ledger_handoff_rca,qwen3.8-27b,L_txt,aegislab,ts-travel-service,3,0.66666667,0.77777778
ledger_handoff_rca,qwen3.8-27b,L_txt,aegislab,ts-travel2-service,2,0.5,0.66666667
ledger_handoff_rca,qwen3.8-27b,L_txt,aegislab,ts-user-service,1,0,0.33333333
ledger_handoff_rca,qwen3.8-27b,L_txt,aegislab,ts-verification-code-service,1,1,1
ledger_handoff_rca,qwen3.8-27b,L_txt,aiops2022,adservice,2,0.5,0.5
ledger_handoff_rca,qwen3.8-27b,L_txt,aiops2022,adservice-0,1,0,0
ledger_handoff_rca,qwen3.8-27b,L_txt,aiops2022,adservice-1,3,0.33333333,0.44444444
ledger_handoff_rca,qwen3.8-27b,L_txt,aiops2022,adservice2-0,1,0,0
ledger_handoff_rca,qwen3.8-27b,L_txt,aiops2022,cartservice,5,0.4,0.46666667
ledger_handoff_rca,qwen3.8-27b,L_txt,aiops2022,cartservice-0,2,0,0.25
ledger_handoff_rca,qwen3.8-27b,L_txt,aiops2022,cartservice2-0,1,0,0.2
ledger_handoff_rca,qwen3.8-27b,L_txt,aiops2022,checkoutservice,4,0.75,0.875
ledger_handoff_rca,qwen3.8-27b,L_txt,aiops2022,checkoutservice-0,2,1,1
ledger_handoff_rca,qwen3.8-27b,L_txt,aiops2022,checkoutservice-1,2,0.5,0.5
ledger_handoff_rca,qwen3.8-27b,L_txt,aiops2022,currencyservice,2,0,0
ledger_handoff_rca,qwen3.8-27b,L_txt,aiops2022,currencyservice-0,1,0,0
ledger_handoff_rca,qwen3.8-27b,L_txt,aiops2022,currencyservice-1,2,0.5,0.5
ledger_handoff_rca,qwen3.8-27b,L_txt,aiops2022,currencyservice-2,2,0.5,0.5
ledger_handoff_rca,qwen3.8-27b,L_txt,aiops2022,emailservice,4,0,0.25
ledger_handoff_rca,qwen3.8-27b,L_txt,aiops2022,emailservice-1,2,0.5,0.5
ledger_handoff_rca,qwen3.8-27b,L_txt,aiops2022,frontend,3,0.33333333,0.66666667
ledger_handoff_rca,qwen3.8-27b,L_txt,aiops2022,frontend-0,1,0,0
ledger_handoff_rca,qwen3.8-27b,L_txt,aiops2022,frontend-1,1,0,0.5
ledger_handoff_rca,qwen3.8-27b,L_txt,aiops2022,frontend-2,1,1,1
ledger_handoff_rca,qwen3.8-27b,L_txt,aiops2022,frontend2-0,1,0,0.2
ledger_handoff_rca,qwen3.8-27b,L_txt,aiops2022,node-1,3,0,0
ledger_handoff_rca,qwen3.8-27b,L_txt,aiops2022,node-2,3,0.33333333,0.33333333
ledger_handoff_rca,qwen3.8-27b,L_txt,aiops2022,node-3,4,0,0.083333333
ledger_handoff_rca,qwen3.8-27b,L_txt,aiops2022,node-4,4,0,0.20833333
ledger_handoff_rca,qwen3.8-27b,L_txt,aiops2022,node-5,8,0.125,0.25
ledger_handoff_rca,qwen3.8-27b,L_txt,aiops2022,node-6,7,0.42857143,0.54761905
ledger_handoff_rca,qwen3.8-27b,L_txt,aiops2022,paymentservice,1,0,0
ledger_handoff_rca,qwen3.8-27b,L_txt,aiops2022,productcatalogservice,4,0.25,0.25
ledger_handoff_rca,qwen3.8-27b,L_txt,aiops2022,productcatalogservice-0,3,0.33333333,0.44444444
ledger_handoff_rca,qwen3.8-27b,L_txt,aiops2022,productcatalogservice-1,3,0,0.16666667
ledger_handoff_rca,qwen3.8-27b,L_txt,aiops2022,productcatalogservice-2,2,0.5,0.75
ledger_handoff_rca,qwen3.8-27b,L_txt,aiops2022,productcatalogservice2-0,1,0,0.33333333
ledger_handoff_rca,qwen3.8-27b,L_txt,aiops2022,recommendationservice,4,0,0.175
ledger_handoff_rca,qwen3.8-27b,L_txt,aiops2022,recommendationservice-2,1,0,0
ledger_handoff_rca,qwen3.8-27b,L_txt,aiops2022,recommendationservice2-0,1,0,0
ledger_handoff_rca,qwen3.8-27b,L_txt,aiops2022,shippingservice,4,0.25,0.25
ledger_handoff_rca,qwen3.8-27b,L_txt,aiops2022,shippingservice-0,1,0,0
ledger_handoff_rca,qwen3.8-27b,L_txt,aiops2022,shippingservice-1,2,0,0
ledger_handoff_rca,qwen3.8-27b,L_txt,aiops2022,shippingservice2-0,1,0,0.5
ledger_handoff_rca,qwen3.8-27b,L_txt,aiops2025,adservice,14,0.14285714,0.28571429
ledger_handoff_rca,qwen3.8-27b,L_txt,aiops2025,cartservice,7,0.14285714,0.36190476
ledger_handoff_rca,qwen3.8-27b,L_txt,aiops2025,checkoutservice,17,0.23529412,0.35294118
ledger_handoff_rca,qwen3.8-27b,L_txt,aiops2025,currencyservice,4,0.25,0.25
ledger_handoff_rca,qwen3.8-27b,L_txt,aiops2025,emailservice,2,0.5,0.5
ledger_handoff_rca,qwen3.8-27b,L_txt,aiops2025,frontend,3,0.66666667,0.66666667
ledger_handoff_rca,qwen3.8-27b,L_txt,aiops2025,node-1,3,0,0
ledger_handoff_rca,qwen3.8-27b,L_txt,aiops2025,node-3,3,0.66666667,0.66666667
ledger_handoff_rca,qwen3.8-27b,L_txt,aiops2025,node-4,1,1,1
ledger_handoff_rca,qwen3.8-27b,L_txt,aiops2025,node-5,4,0.25,0.25
ledger_handoff_rca,qwen3.8-27b,L_txt,aiops2025,node-6,5,0,0.1
ledger_handoff_rca,qwen3.8-27b,L_txt,aiops2025,node-7,2,0.5,0.5
ledger_handoff_rca,qwen3.8-27b,L_txt,aiops2025,node-8,4,0,0.175
ledger_handoff_rca,qwen3.8-27b,L_txt,aiops2025,paymentservice,1,0,0
ledger_handoff_rca,qwen3.8-27b,L_txt,aiops2025,productcatalogservice,4,0,0.125
ledger_handoff_rca,qwen3.8-27b,L_txt,aiops2025,recommendationservice,1,0,0
ledger_handoff_rca,qwen3.8-27b,L_txt,aiops2025,shippingservice,6,0.16666667,0.25
ledger_handoff_rca,qwen3.8-27b,L_txt,aiops2025,tidb-tidb,2,0,0
ledger_handoff_rca,qwen3.8-27b,L_txt,aiops2025,tidb-tikv,10,0,0.15
ledger_handoff_rca,qwen3.8-27b,L_txt,re2_ob,checkoutservice,18,0.77777778,0.87037037
ledger_handoff_rca,qwen3.8-27b,L_txt,re2_ob,currencyservice,18,0.44444444,0.58333333
ledger_handoff_rca,qwen3.8-27b,L_txt,re2_ob,emailservice,18,0.83333333,0.91666667
ledger_handoff_rca,qwen3.8-27b,L_txt,re2_ob,productcatalogservice,18,0.44444444,0.55555556
ledger_handoff_rca,qwen3.8-27b,L_txt,re2_ob,recommendationservice,18,0.61111111,0.76851852
ledger_handoff_rca,qwen3.8-27b,L_txt,re2_tt,ts-auth-service,18,0.38888889,0.5
ledger_handoff_rca,qwen3.8-27b,L_txt,re2_tt,ts-order-service,18,0.61111111,0.73148148
ledger_handoff_rca,qwen3.8-27b,L_txt,re2_tt,ts-route-service,18,0.16666667,0.43981481
ledger_handoff_rca,qwen3.8-27b,L_txt,re2_tt,ts-train-service,18,0.44444444,0.61111111
ledger_handoff_rca,qwen3.8-27b,L_txt,re2_tt,ts-travel-service,18,0.61111111,0.6962963
ledger_handoff_rca,qwen3.8-27b,L_vis,aegislab,mysql,6,0.33333333,0.59722222
ledger_handoff_rca,qwen3.8-27b,L_vis,aegislab,ts-assurance-service,5,0.8,0.86666667
ledger_handoff_rca,qwen3.8-27b,L_vis,aegislab,ts-auth-service,4,0,0.39583333
ledger_handoff_rca,qwen3.8-27b,L_vis,aegislab,ts-basic-service,19,0,0.18859649
ledger_handoff_rca,qwen3.8-27b,L_vis,aegislab,ts-config-service,6,0.5,0.68055556
ledger_handoff_rca,qwen3.8-27b,L_vis,aegislab,ts-consign-service,2,0,0.125
ledger_handoff_rca,qwen3.8-27b,L_vis,aegislab,ts-contacts-service,2,0.5,0.66666667
ledger_handoff_rca,qwen3.8-27b,L_vis,aegislab,ts-food-service,3,0,0.30555556
ledger_handoff_rca,qwen3.8-27b,L_vis,aegislab,ts-inside-payment-service,2,0.5,0.75
ledger_handoff_rca,qwen3.8-27b,L_vis,aegislab,ts-order-other-service,4,0,0.22916667
ledger_handoff_rca,qwen3.8-27b,L_vis,aegislab,ts-order-service,5,0,0.21666667
ledger_handoff_rca,qwen3.8-27b,L_vis,aegislab,ts-preserve-service,5,0.4,0.56666667
ledger_handoff_rca,qwen3.8-27b,L_vis,aegislab,ts-price-service,2,0.5,0.66666667
ledger_handoff_rca,qwen3.8-27b,L_vis,aegislab,ts-route-plan-service,6,0.16666667,0.33333333
ledger_handoff_rca,qwen3.8-27b,L_vis,aegislab,ts-route-service,4,0.25,0.5
ledger_handoff_rca,qwen3.8-27b,L_vis,aegislab,ts-seat-service,6,0.33333333,0.54166667
ledger_handoff_rca,qwen3.8-27b,L_vis,aegislab,ts-security-service,1,1,1
ledger_handoff_rca,qwen3.8-27b,L_vis,aegislab,ts-station-food-service,1,1,1
ledger_handoff_rca,qwen3.8-27b,L_vis,aegislab,ts-station-service,1,1,1
ledger_handoff_rca,qwen3.8-27b,L_vis,aegislab,ts-train-service,2,0,0.16666667
ledger_handoff_rca,qwen3.8-27b,L_vis,aegislab,ts-travel-plan-service,3,0.33333333,0.5
ledger_handoff_rca,qwen3.8-27b,L_vis,aegislab,ts-travel-service,3,0.66666667,0.77777778
ledger_handoff_rca,qwen3.8-27b,L_vis,aegislab,ts-travel2-service,2,0.5,0.5
ledger_handoff_rca,qwen3.8-27b,L_vis,aegislab,ts-user-service,1,0,0.33333333
ledger_handoff_rca,qwen3.8-27b,L_vis,aegislab,ts-verification-code-service,1,0,0.5
ledger_handoff_rca,qwen3.8-27b,L_vis,aiops2022,adservice,2,0.5,0.75
ledger_handoff_rca,qwen3.8-27b,L_vis,aiops2022,adservice-0,1,0,0
ledger_handoff_rca,qwen3.8-27b,L_vis,aiops2022,adservice-1,3,0.33333333,0.44444444
ledger_handoff_rca,qwen3.8-27b,L_vis,aiops2022,adservice2-0,1,0,0
ledger_handoff_rca,qwen3.8-27b,L_vis,aiops2022,cartservice,5,0.2,0.36666667
ledger_handoff_rca,qwen3.8-27b,L_vis,aiops2022,cartservice-0,2,0,0
ledger_handoff_rca,qwen3.8-27b,L_vis,aiops2022,cartservice2-0,1,0,0
ledger_handoff_rca,qwen3.8-27b,L_vis,aiops2022,checkoutservice,4,0.5,0.70833333
ledger_handoff_rca,qwen3.8-27b,L_vis,aiops2022,checkoutservice-0,2,1,1
ledger_handoff_rca,qwen3.8-27b,L_vis,aiops2022,checkoutservice-1,2,0.5,0.5
ledger_handoff_rca,qwen3.8-27b,L_vis,aiops2022,currencyservice,2,0,0
ledger_handoff_rca,qwen3.8-27b,L_vis,aiops2022,currencyservice-0,1,0,0
ledger_handoff_rca,qwen3.8-27b,L_vis,aiops2022,currencyservice-1,2,0.5,0.5
ledger_handoff_rca,qwen3.8-27b,L_vis,aiops2022,currencyservice-2,2,0,0
ledger_handoff_rca,qwen3.8-27b,L_vis,aiops2022,emailservice,4,0,0.25
ledger_handoff_rca,qwen3.8-27b,L_vis,aiops2022,emailservice-1,2,0,0
ledger_handoff_rca,qwen3.8-27b,L_vis,aiops2022,frontend,3,0.66666667,0.83333333
ledger_handoff_rca,qwen3.8-27b,L_vis,aiops2022,frontend-0,1,0,0.5
ledger_handoff_rca,qwen3.8-27b,L_vis,aiops2022,frontend-1,1,0,0.2
ledger_handoff_rca,qwen3.8-27b,L_vis,aiops2022,frontend-2,1,1,1
ledger_handoff_rca,qwen3.8-27b,L_vis,aiops2022,frontend2-0,1,0,0
ledger_handoff_rca,qwen3.8-27b,L_vis,aiops2022,node-1,3,0,0
ledger_handoff_rca,qwen3.8-27b,L_vis,aiops2022,node-2,3,0.33333333,0.33333333
ledger_handoff_rca,qwen3.8-27b,L_vis,aiops2022,node-3,4,0,0.05
ledger_handoff_rca,qwen3.8-27b,L_vis,aiops2022,node-4,4,0,0
ledger_handoff_rca,qwen3.8-27b,L_vis,aiops2022,node-5,8,0,0.19791667
ledger_handoff_rca,qwen3.8-27b,L_vis,aiops2022,node-6,7,0.28571429,0.44047619
ledger_handoff_rca,qwen3.8-27b,L_vis,aiops2022,paymentservice,1,0,0
ledger_handoff_rca,qwen3.8-27b,L_vis,aiops2022,productcatalogservice,4,0.25,0.25
ledger_handoff_rca,qwen3.8-27b,L_vis,aiops2022,productcatalogservice-0,3,0.33333333,0.44444444
ledger_handoff_rca,qwen3.8-27b,L_vis,aiops2022,productcatalogservice-1,3,0,0.16666667
ledger_handoff_rca,qwen3.8-27b,L_vis,aiops2022,productcatalogservice-2,2,0.5,0.625
ledger_handoff_rca,qwen3.8-27b,L_vis,aiops2022,productcatalogservice2-0,1,1,1
ledger_handoff_rca,qwen3.8-27b,L_vis,aiops2022,recommendationservice,4,0,0.175
ledger_handoff_rca,qwen3.8-27b,L_vis,aiops2022,recommendationservice-2,1,0,0
ledger_handoff_rca,qwen3.8-27b,L_vis,aiops2022,recommendationservice2-0,1,0,0
ledger_handoff_rca,qwen3.8-27b,L_vis,aiops2022,shippingservice,4,0.25,0.25
ledger_handoff_rca,qwen3.8-27b,L_vis,aiops2022,shippingservice-0,1,0,0
ledger_handoff_rca,qwen3.8-27b,L_vis,aiops2022,shippingservice-1,2,0,0
ledger_handoff_rca,qwen3.8-27b,L_vis,aiops2022,shippingservice2-0,1,0,0.5
ledger_handoff_rca,qwen3.8-27b,L_vis,aiops2025,adservice,14,0.14285714,0.29047619
ledger_handoff_rca,qwen3.8-27b,L_vis,aiops2025,cartservice,7,0,0.4047619
ledger_handoff_rca,qwen3.8-27b,L_vis,aiops2025,checkoutservice,17,0.23529412,0.35294118
ledger_handoff_rca,qwen3.8-27b,L_vis,aiops2025,currencyservice,4,0.25,0.25
ledger_handoff_rca,qwen3.8-27b,L_vis,aiops2025,emailservice,2,0,0
ledger_handoff_rca,qwen3.8-27b,L_vis,aiops2025,frontend,3,0.33333333,0.44444444
ledger_handoff_rca,qwen3.8-27b,L_vis,aiops2025,node-1,3,0,0
ledger_handoff_rca,qwen3.8-27b,L_vis,aiops2025,node-3,3,0.66666667,0.66666667
ledger_handoff_rca,qwen3.8-27b,L_vis,aiops2025,node-4,1,0,0.5
ledger_handoff_rca,qwen3.8-27b,L_vis,aiops2025,node-5,4,0.25,0.25
ledger_handoff_rca,qwen3.8-27b,L_vis,aiops2025,node-6,5,0,0
ledger_handoff_rca,qwen3.8-27b,L_vis,aiops2025,node-7,2,0.5,0.5
ledger_handoff_rca,qwen3.8-27b,L_vis,aiops2025,node-8,4,0,0.20833333
ledger_handoff_rca,qwen3.8-27b,L_vis,aiops2025,paymentservice,1,0,0
ledger_handoff_rca,qwen3.8-27b,L_vis,aiops2025,productcatalogservice,4,0,0.125
ledger_handoff_rca,qwen3.8-27b,L_vis,aiops2025,recommendationservice,1,1,1
ledger_handoff_rca,qwen3.8-27b,L_vis,aiops2025,shippingservice,6,0.16666667,0.16666667
ledger_handoff_rca,qwen3.8-27b,L_vis,aiops2025,tidb-tidb,2,0,0
ledger_handoff_rca,qwen3.8-27b,L_vis,aiops2025,tidb-tikv,10,0,0.10333333
ledger_handoff_rca,qwen3.8-27b,L_vis,re2_ob,checkoutservice,18,0.61111111,0.7962963
ledger_handoff_rca,qwen3.8-27b,L_vis,re2_ob,currencyservice,18,0.16666667,0.41203704
ledger_handoff_rca,qwen3.8-27b,L_vis,re2_ob,emailservice,18,0.77777778,0.85185185
ledger_handoff_rca,qwen3.8-27b,L_vis,re2_ob,productcatalogservice,18,0.27777778,0.39814815
ledger_handoff_rca,qwen3.8-27b,L_vis,re2_ob,recommendationservice,18,0.38888889,0.60648148
ledger_handoff_rca,qwen3.8-27b,L_vis,re2_tt,ts-auth-service,18,0.27777778,0.46296296
ledger_handoff_rca,qwen3.8-27b,L_vis,re2_tt,ts-order-service,18,0.44444444,0.61111111
ledger_handoff_rca,qwen3.8-27b,L_vis,re2_tt,ts-route-service,18,0.16666667,0.41203704
ledger_handoff_rca,qwen3.8-27b,L_vis,re2_tt,ts-train-service,18,0.38888889,0.51388889
ledger_handoff_rca,qwen3.8-27b,L_vis,re2_tt,ts-travel-service,18,0.5,0.62037037
matched_rca,gemma-4-26b-a4b,F,aegislab,mysql,6,0.33333333,0.41666667
matched_rca,gemma-4-26b-a4b,F,aegislab,ts-assurance-service,5,0.8,0.9
matched_rca,gemma-4-26b-a4b,F,aegislab,ts-auth-service,4,0.25,0.25
matched_rca,gemma-4-26b-a4b,F,aegislab,ts-basic-service,19,0.21052632,0.22807018
matched_rca,gemma-4-26b-a4b,F,aegislab,ts-config-service,6,0.16666667,0.25
matched_rca,gemma-4-26b-a4b,F,aegislab,ts-consign-service,2,0.5,0.5
matched_rca,gemma-4-26b-a4b,F,aegislab,ts-contacts-service,2,0.5,0.5
matched_rca,gemma-4-26b-a4b,F,aegislab,ts-food-service,3,0.33333333,0.33333333
matched_rca,gemma-4-26b-a4b,F,aegislab,ts-inside-payment-service,2,1,1
matched_rca,gemma-4-26b-a4b,F,aegislab,ts-order-other-service,4,0.5,0.625
matched_rca,gemma-4-26b-a4b,F,aegislab,ts-order-service,5,0.6,0.6
matched_rca,gemma-4-26b-a4b,F,aegislab,ts-preserve-service,5,0.4,0.4
matched_rca,gemma-4-26b-a4b,F,aegislab,ts-price-service,2,1,1
matched_rca,gemma-4-26b-a4b,F,aegislab,ts-route-plan-service,6,0.33333333,0.33333333
matched_rca,gemma-4-26b-a4b,F,aegislab,ts-route-service,4,0.5,0.5
matched_rca,gemma-4-26b-a4b,F,aegislab,ts-seat-service,6,0.5,0.5
matched_rca,gemma-4-26b-a4b,F,aegislab,ts-security-service,1,1,1
matched_rca,gemma-4-26b-a4b,F,aegislab,ts-station-food-service,1,1,1
matched_rca,gemma-4-26b-a4b,F,aegislab,ts-station-service,1,1,1
matched_rca,gemma-4-26b-a4b,F,aegislab,ts-train-service,2,0.5,0.5
matched_rca,gemma-4-26b-a4b,F,aegislab,ts-travel-plan-service,3,1,1
matched_rca,gemma-4-26b-a4b,F,aegislab,ts-travel-service,3,0.33333333,0.33333333
matched_rca,gemma-4-26b-a4b,F,aegislab,ts-travel2-service,2,0.5,0.5
matched_rca,gemma-4-26b-a4b,F,aegislab,ts-user-service,1,0,0
matched_rca,gemma-4-26b-a4b,F,aegislab,ts-verification-code-service,1,0,0
matched_rca,gemma-4-26b-a4b,F,aiops2022,adservice,2,0.5,0.75
matched_rca,gemma-4-26b-a4b,F,aiops2022,adservice-0,1,0,0
matched_rca,gemma-4-26b-a4b,F,aiops2022,adservice-1,3,0.66666667,0.66666667
matched_rca,gemma-4-26b-a4b,F,aiops2022,adservice2-0,1,1,1
matched_rca,gemma-4-26b-a4b,F,aiops2022,cartservice,5,0.4,0.4
matched_rca,gemma-4-26b-a4b,F,aiops2022,cartservice-0,2,0,0
matched_rca,gemma-4-26b-a4b,F,aiops2022,cartservice2-0,1,0,0
matched_rca,gemma-4-26b-a4b,F,aiops2022,checkoutservice,4,0.5,0.625
matched_rca,gemma-4-26b-a4b,F,aiops2022,checkoutservice-0,2,1,1
matched_rca,gemma-4-26b-a4b,F,aiops2022,checkoutservice-1,2,0.5,0.5
matched_rca,gemma-4-26b-a4b,F,aiops2022,currencyservice,2,0,0
matched_rca,gemma-4-26b-a4b,F,aiops2022,currencyservice-0,1,0,0
matched_rca,gemma-4-26b-a4b,F,aiops2022,currencyservice-1,2,0.5,0.5
matched_rca,gemma-4-26b-a4b,F,aiops2022,currencyservice-2,2,1,1
matched_rca,gemma-4-26b-a4b,F,aiops2022,emailservice,4,0,0.083333333
matched_rca,gemma-4-26b-a4b,F,aiops2022,emailservice-1,2,0.5,0.5
matched_rca,gemma-4-26b-a4b,F,aiops2022,frontend,3,0,0.16666667
matched_rca,gemma-4-26b-a4b,F,aiops2022,frontend-0,1,1,1
matched_rca,gemma-4-26b-a4b,F,aiops2022,frontend-1,1,1,1
matched_rca,gemma-4-26b-a4b,F,aiops2022,frontend-2,1,1,1
matched_rca,gemma-4-26b-a4b,F,aiops2022,frontend2-0,1,1,1
matched_rca,gemma-4-26b-a4b,F,aiops2022,node-1,3,0,0
matched_rca,gemma-4-26b-a4b,F,aiops2022,node-2,3,0,0
matched_rca,gemma-4-26b-a4b,F,aiops2022,node-3,4,0,0
matched_rca,gemma-4-26b-a4b,F,aiops2022,node-4,4,0,0
matched_rca,gemma-4-26b-a4b,F,aiops2022,node-5,8,0.25,0.3375
matched_rca,gemma-4-26b-a4b,F,aiops2022,node-6,7,0.57142857,0.57142857
matched_rca,gemma-4-26b-a4b,F,aiops2022,paymentservice,1,0,0
matched_rca,gemma-4-26b-a4b,F,aiops2022,productcatalogservice,4,0,0
matched_rca,gemma-4-26b-a4b,F,aiops2022,productcatalogservice-0,3,0.66666667,0.66666667
matched_rca,gemma-4-26b-a4b,F,aiops2022,productcatalogservice-1,3,0.33333333,0.33333333
matched_rca,gemma-4-26b-a4b,F,aiops2022,productcatalogservice-2,2,1,1
matched_rca,gemma-4-26b-a4b,F,aiops2022,productcatalogservice2-0,1,0,0.5
matched_rca,gemma-4-26b-a4b,F,aiops2022,recommendationservice,4,0.25,0.25
matched_rca,gemma-4-26b-a4b,F,aiops2022,recommendationservice-2,1,0,0
matched_rca,gemma-4-26b-a4b,F,aiops2022,recommendationservice2-0,1,0,0
matched_rca,gemma-4-26b-a4b,F,aiops2022,shippingservice,4,0.25,0.25
matched_rca,gemma-4-26b-a4b,F,aiops2022,shippingservice-0,1,0,0
matched_rca,gemma-4-26b-a4b,F,aiops2022,shippingservice-1,2,0,0
matched_rca,gemma-4-26b-a4b,F,aiops2022,shippingservice2-0,1,1,1
matched_rca,gemma-4-26b-a4b,F,aiops2025,adservice,14,0.28571429,0.28571429
matched_rca,gemma-4-26b-a4b,F,aiops2025,cartservice,7,0.14285714,0.30952381
matched_rca,gemma-4-26b-a4b,F,aiops2025,checkoutservice,17,0.23529412,0.32352941
matched_rca,gemma-4-26b-a4b,F,aiops2025,currencyservice,4,0.25,0.25
matched_rca,gemma-4-26b-a4b,F,aiops2025,emailservice,2,0,0
matched_rca,gemma-4-26b-a4b,F,aiops2025,frontend,3,0.33333333,0.5
matched_rca,gemma-4-26b-a4b,F,aiops2025,node-1,3,0,0
matched_rca,gemma-4-26b-a4b,F,aiops2025,node-3,3,0,0
matched_rca,gemma-4-26b-a4b,F,aiops2025,node-4,1,1,1
matched_rca,gemma-4-26b-a4b,F,aiops2025,node-5,4,0.25,0.25
matched_rca,gemma-4-26b-a4b,F,aiops2025,node-6,5,0.2,0.3
matched_rca,gemma-4-26b-a4b,F,aiops2025,node-7,2,0.5,0.5
matched_rca,gemma-4-26b-a4b,F,aiops2025,node-8,4,0,0
matched_rca,gemma-4-26b-a4b,F,aiops2025,paymentservice,1,0,0
matched_rca,gemma-4-26b-a4b,F,aiops2025,productcatalogservice,4,0,0
matched_rca,gemma-4-26b-a4b,F,aiops2025,recommendationservice,1,0,0
matched_rca,gemma-4-26b-a4b,F,aiops2025,shippingservice,6,0,0.083333333
matched_rca,gemma-4-26b-a4b,F,aiops2025,tidb-tidb,2,0,0
matched_rca,gemma-4-26b-a4b,F,aiops2025,tidb-tikv,10,0.3,0.3
matched_rca,gemma-4-26b-a4b,F,re2_ob,checkoutservice,18,0.94444444,0.97222222
matched_rca,gemma-4-26b-a4b,F,re2_ob,currencyservice,18,0.55555556,0.62037037
matched_rca,gemma-4-26b-a4b,F,re2_ob,emailservice,18,0.88888889,0.93518519
matched_rca,gemma-4-26b-a4b,F,re2_ob,productcatalogservice,18,0.44444444,0.50925926
matched_rca,gemma-4-26b-a4b,F,re2_ob,recommendationservice,18,0.83333333,0.90740741
matched_rca,gemma-4-26b-a4b,F,re2_tt,ts-auth-service,18,0.55555556,0.55555556
matched_rca,gemma-4-26b-a4b,F,re2_tt,ts-order-service,18,0.72222222,0.77777778
matched_rca,gemma-4-26b-a4b,F,re2_tt,ts-route-service,18,0.44444444,0.57407407
matched_rca,gemma-4-26b-a4b,F,re2_tt,ts-train-service,18,0.61111111,0.67592593
matched_rca,gemma-4-26b-a4b,F,re2_tt,ts-travel-service,18,0.66666667,0.69444444
matched_rca,gemma-4-26b-a4b,H,aegislab,mysql,6,0.33333333,0.33333333
matched_rca,gemma-4-26b-a4b,H,aegislab,ts-assurance-service,5,0.8,0.9
matched_rca,gemma-4-26b-a4b,H,aegislab,ts-auth-service,4,0.75,0.75
matched_rca,gemma-4-26b-a4b,H,aegislab,ts-basic-service,19,0.10526316,0.10526316
matched_rca,gemma-4-26b-a4b,H,aegislab,ts-config-service,6,0.5,0.5
matched_rca,gemma-4-26b-a4b,H,aegislab,ts-consign-service,2,0,0
matched_rca,gemma-4-26b-a4b,H,aegislab,ts-contacts-service,2,0.5,0.66666667
matched_rca,gemma-4-26b-a4b,H,aegislab,ts-food-service,3,0.33333333,0.5
matched_rca,gemma-4-26b-a4b,H,aegislab,ts-inside-payment-service,2,1,1
matched_rca,gemma-4-26b-a4b,H,aegislab,ts-order-other-service,4,0.5,0.75
matched_rca,gemma-4-26b-a4b,H,aegislab,ts-order-service,5,0.4,0.4
matched_rca,gemma-4-26b-a4b,H,aegislab,ts-preserve-service,5,0.4,0.4
matched_rca,gemma-4-26b-a4b,H,aegislab,ts-price-service,2,1,1
matched_rca,gemma-4-26b-a4b,H,aegislab,ts-route-plan-service,6,0.33333333,0.33333333
matched_rca,gemma-4-26b-a4b,H,aegislab,ts-route-service,4,0.5,0.5
matched_rca,gemma-4-26b-a4b,H,aegislab,ts-seat-service,6,0.66666667,0.66666667
matched_rca,gemma-4-26b-a4b,H,aegislab,ts-security-service,1,1,1
matched_rca,gemma-4-26b-a4b,H,aegislab,ts-station-food-service,1,1,1
matched_rca,gemma-4-26b-a4b,H,aegislab,ts-station-service,1,1,1
matched_rca,gemma-4-26b-a4b,H,aegislab,ts-train-service,2,0.5,0.5
matched_rca,gemma-4-26b-a4b,H,aegislab,ts-travel-plan-service,3,1,1
matched_rca,gemma-4-26b-a4b,H,aegislab,ts-travel-service,3,0.33333333,0.33333333
matched_rca,gemma-4-26b-a4b,H,aegislab,ts-travel2-service,2,1,1
matched_rca,gemma-4-26b-a4b,H,aegislab,ts-user-service,1,0,0.33333333
matched_rca,gemma-4-26b-a4b,H,aegislab,ts-verification-code-service,1,0,0
matched_rca,gemma-4-26b-a4b,H,aiops2022,adservice,2,0,0.25
matched_rca,gemma-4-26b-a4b,H,aiops2022,adservice-0,1,0,0
matched_rca,gemma-4-26b-a4b,H,aiops2022,adservice-1,3,0.66666667,0.66666667
matched_rca,gemma-4-26b-a4b,H,aiops2022,adservice2-0,1,1,1
matched_rca,gemma-4-26b-a4b,H,aiops2022,cartservice,5,0.2,0.2
matched_rca,gemma-4-26b-a4b,H,aiops2022,cartservice-0,2,0.5,0.5
matched_rca,gemma-4-26b-a4b,H,aiops2022,cartservice2-0,1,0,0
matched_rca,gemma-4-26b-a4b,H,aiops2022,checkoutservice,4,0.75,0.875
matched_rca,gemma-4-26b-a4b,H,aiops2022,checkoutservice-0,2,1,1
matched_rca,gemma-4-26b-a4b,H,aiops2022,checkoutservice-1,2,0.5,0.5
matched_rca,gemma-4-26b-a4b,H,aiops2022,currencyservice,2,0,0
matched_rca,gemma-4-26b-a4b,H,aiops2022,currencyservice-0,1,0,0
matched_rca,gemma-4-26b-a4b,H,aiops2022,currencyservice-1,2,0.5,0.5
matched_rca,gemma-4-26b-a4b,H,aiops2022,currencyservice-2,2,0.5,0.5
matched_rca,gemma-4-26b-a4b,H,aiops2022,emailservice,4,0,0.20833333
matched_rca,gemma-4-26b-a4b,H,aiops2022,emailservice-1,2,1,1
matched_rca,gemma-4-26b-a4b,H,aiops2022,frontend,3,0.33333333,0.5
matched_rca,gemma-4-26b-a4b,H,aiops2022,frontend-0,1,1,1
matched_rca,gemma-4-26b-a4b,H,aiops2022,frontend-1,1,0,0
matched_rca,gemma-4-26b-a4b,H,aiops2022,frontend-2,1,0,0.5
matched_rca,gemma-4-26b-a4b,H,aiops2022,frontend2-0,1,0,0
matched_rca,gemma-4-26b-a4b,H,aiops2022,node-1,3,0,0
matched_rca,gemma-4-26b-a4b,H,aiops2022,node-2,3,0,0
matched_rca,gemma-4-26b-a4b,H,aiops2022,node-3,4,0,0
matched_rca,gemma-4-26b-a4b,H,aiops2022,node-4,4,0.25,0.375
matched_rca,gemma-4-26b-a4b,H,aiops2022,node-5,8,0.25,0.25
matched_rca,gemma-4-26b-a4b,H,aiops2022,node-6,7,0.57142857,0.57142857
matched_rca,gemma-4-26b-a4b,H,aiops2022,paymentservice,1,0,0
matched_rca,gemma-4-26b-a4b,H,aiops2022,productcatalogservice,4,0,0
matched_rca,gemma-4-26b-a4b,H,aiops2022,productcatalogservice-0,3,0.33333333,0.33333333
matched_rca,gemma-4-26b-a4b,H,aiops2022,productcatalogservice-1,3,0.33333333,0.33333333
matched_rca,gemma-4-26b-a4b,H,aiops2022,productcatalogservice-2,2,0.5,0.5
matched_rca,gemma-4-26b-a4b,H,aiops2022,productcatalogservice2-0,1,1,1
matched_rca,gemma-4-26b-a4b,H,aiops2022,recommendationservice,4,0,0
matched_rca,gemma-4-26b-a4b,H,aiops2022,recommendationservice-2,1,0,0
matched_rca,gemma-4-26b-a4b,H,aiops2022,recommendationservice2-0,1,0,0
matched_rca,gemma-4-26b-a4b,H,aiops2022,shippingservice,4,0,0.125
matched_rca,gemma-4-26b-a4b,H,aiops2022,shippingservice-0,1,0,0
matched_rca,gemma-4-26b-a4b,H,aiops2022,shippingservice-1,2,0,0
matched_rca,gemma-4-26b-a4b,H,aiops2022,shippingservice2-0,1,1,1
matched_rca,gemma-4-26b-a4b,H,aiops2025,adservice,14,0.21428571,0.21428571
matched_rca,gemma-4-26b-a4b,H,aiops2025,cartservice,7,0.28571429,0.39285714
matched_rca,gemma-4-26b-a4b,H,aiops2025,checkoutservice,17,0.23529412,0.35294118
matched_rca,gemma-4-26b-a4b,H,aiops2025,currencyservice,4,0.25,0.25
matched_rca,gemma-4-26b-a4b,H,aiops2025,emailservice,2,0,0
matched_rca,gemma-4-26b-a4b,H,aiops2025,frontend,3,0.33333333,0.5
matched_rca,gemma-4-26b-a4b,H,aiops2025,node-1,3,0,0
matched_rca,gemma-4-26b-a4b,H,aiops2025,node-3,3,0.33333333,0.33333333
matched_rca,gemma-4-26b-a4b,H,aiops2025,node-4,1,1,1
matched_rca,gemma-4-26b-a4b,H,aiops2025,node-5,4,0.25,0.25
matched_rca,gemma-4-26b-a4b,H,aiops2025,node-6,5,0.2,0.2
matched_rca,gemma-4-26b-a4b,H,aiops2025,node-7,2,0.5,0.5
matched_rca,gemma-4-26b-a4b,H,aiops2025,node-8,4,0.5,0.5
matched_rca,gemma-4-26b-a4b,H,aiops2025,paymentservice,1,0,0
matched_rca,gemma-4-26b-a4b,H,aiops2025,productcatalogservice,4,0,0
matched_rca,gemma-4-26b-a4b,H,aiops2025,recommendationservice,1,0,0
matched_rca,gemma-4-26b-a4b,H,aiops2025,shippingservice,6,0,0
matched_rca,gemma-4-26b-a4b,H,aiops2025,tidb-tidb,2,0,0
matched_rca,gemma-4-26b-a4b,H,aiops2025,tidb-tikv,10,0.1,0.15
matched_rca,gemma-4-26b-a4b,H,re2_ob,checkoutservice,18,1,1
matched_rca,gemma-4-26b-a4b,H,re2_ob,currencyservice,18,0.5,0.60648148
matched_rca,gemma-4-26b-a4b,H,re2_ob,emailservice,18,0.94444444,0.97222222
matched_rca,gemma-4-26b-a4b,H,re2_ob,productcatalogservice,18,0.5,0.58796296
matched_rca,gemma-4-26b-a4b,H,re2_ob,recommendationservice,18,0.88888889,0.93518519
matched_rca,gemma-4-26b-a4b,H,re2_tt,ts-auth-service,18,0.66666667,0.66666667
matched_rca,gemma-4-26b-a4b,H,re2_tt,ts-order-service,18,0.61111111,0.66666667
matched_rca,gemma-4-26b-a4b,H,re2_tt,ts-route-service,18,0.44444444,0.58518519
matched_rca,gemma-4-26b-a4b,H,re2_tt,ts-train-service,18,0.61111111,0.64351852
matched_rca,gemma-4-26b-a4b,H,re2_tt,ts-travel-service,18,0.61111111,0.63888889
matched_rca,gemma-4-26b-a4b,P,aegislab,mysql,6,0.66666667,0.66666667
matched_rca,gemma-4-26b-a4b,P,aegislab,ts-assurance-service,5,0.4,0.4
matched_rca,gemma-4-26b-a4b,P,aegislab,ts-auth-service,4,0.25,0.375
matched_rca,gemma-4-26b-a4b,P,aegislab,ts-basic-service,19,0,0.052631579
matched_rca,gemma-4-26b-a4b,P,aegislab,ts-config-service,6,0.5,0.5
matched_rca,gemma-4-26b-a4b,P,aegislab,ts-consign-service,2,0.5,0.5
matched_rca,gemma-4-26b-a4b,P,aegislab,ts-contacts-service,2,0,0.25
matched_rca,gemma-4-26b-a4b,P,aegislab,ts-food-service,3,0,0
matched_rca,gemma-4-26b-a4b,P,aegislab,ts-inside-payment-service,2,0.5,0.75
matched_rca,gemma-4-26b-a4b,P,aegislab,ts-order-other-service,4,0.25,0.375
matched_rca,gemma-4-26b-a4b,P,aegislab,ts-order-service,5,0.6,0.7
matched_rca,gemma-4-26b-a4b,P,aegislab,ts-preserve-service,5,0.2,0.3
matched_rca,gemma-4-26b-a4b,P,aegislab,ts-price-service,2,0,0
matched_rca,gemma-4-26b-a4b,P,aegislab,ts-route-plan-service,6,0.33333333,0.41666667
matched_rca,gemma-4-26b-a4b,P,aegislab,ts-route-service,4,0.25,0.25
matched_rca,gemma-4-26b-a4b,P,aegislab,ts-seat-service,6,0.66666667,0.66666667
matched_rca,gemma-4-26b-a4b,P,aegislab,ts-security-service,1,1,1
matched_rca,gemma-4-26b-a4b,P,aegislab,ts-station-food-service,1,0,0
matched_rca,gemma-4-26b-a4b,P,aegislab,ts-station-service,1,0,0
matched_rca,gemma-4-26b-a4b,P,aegislab,ts-train-service,2,0,0
matched_rca,gemma-4-26b-a4b,P,aegislab,ts-travel-plan-service,3,0.66666667,0.66666667
matched_rca,gemma-4-26b-a4b,P,aegislab,ts-travel-service,3,0.33333333,0.33333333
matched_rca,gemma-4-26b-a4b,P,aegislab,ts-travel2-service,2,0.5,0.66666667
matched_rca,gemma-4-26b-a4b,P,aegislab,ts-user-service,1,0,0
matched_rca,gemma-4-26b-a4b,P,aegislab,ts-verification-code-service,1,0,0
matched_rca,gemma-4-26b-a4b,P,aiops2022,adservice,2,0.5,0.5
matched_rca,gemma-4-26b-a4b,P,aiops2022,adservice-0,1,0,0
matched_rca,gemma-4-26b-a4b,P,aiops2022,adservice-1,3,0.33333333,0.33333333
matched_rca,gemma-4-26b-a4b,P,aiops2022,adservice2-0,1,1,1
matched_rca,gemma-4-26b-a4b,P,aiops2022,cartservice,5,0.2,0.2
matched_rca,gemma-4-26b-a4b,P,aiops2022,cartservice-0,2,0,0
matched_rca,gemma-4-26b-a4b,P,aiops2022,cartservice2-0,1,0,0
matched_rca,gemma-4-26b-a4b,P,aiops2022,checkoutservice,4,0.75,0.75
matched_rca,gemma-4-26b-a4b,P,aiops2022,checkoutservice-0,2,1,1
matched_rca,gemma-4-26b-a4b,P,aiops2022,checkoutservice-1,2,0,0
matched_rca,gemma-4-26b-a4b,P,aiops2022,currencyservice,2,0,0.16666667
matched_rca,gemma-4-26b-a4b,P,aiops2022,currencyservice-0,1,0,0
matched_rca,gemma-4-26b-a4b,P,aiops2022,currencyservice-1,2,0.5,0.5
matched_rca,gemma-4-26b-a4b,P,aiops2022,currencyservice-2,2,0.5,0.5
matched_rca,gemma-4-26b-a4b,P,aiops2022,emailservice,4,0,0.125
matched_rca,gemma-4-26b-a4b,P,aiops2022,emailservice-1,2,0.5,0.75
matched_rca,gemma-4-26b-a4b,P,aiops2022,frontend,3,0,0.16666667
matched_rca,gemma-4-26b-a4b,P,aiops2022,frontend-0,1,1,1
matched_rca,gemma-4-26b-a4b,P,aiops2022,frontend-1,1,0,0
matched_rca,gemma-4-26b-a4b,P,aiops2022,frontend-2,1,0,0
matched_rca,gemma-4-26b-a4b,P,aiops2022,frontend2-0,1,0,0
matched_rca,gemma-4-26b-a4b,P,aiops2022,node-1,3,0,0
matched_rca,gemma-4-26b-a4b,P,aiops2022,node-2,3,0,0
matched_rca,gemma-4-26b-a4b,P,aiops2022,node-3,4,0,0
matched_rca,gemma-4-26b-a4b,P,aiops2022,node-4,4,0,0.083333333
matched_rca,gemma-4-26b-a4b,P,aiops2022,node-5,8,0.125,0.1875
matched_rca,gemma-4-26b-a4b,P,aiops2022,node-6,7,0.28571429,0.28571429
matched_rca,gemma-4-26b-a4b,P,aiops2022,paymentservice,1,0,0
matched_rca,gemma-4-26b-a4b,P,aiops2022,productcatalogservice,4,0,0
matched_rca,gemma-4-26b-a4b,P,aiops2022,productcatalogservice-0,3,0.33333333,0.33333333
matched_rca,gemma-4-26b-a4b,P,aiops2022,productcatalogservice-1,3,0,0
matched_rca,gemma-4-26b-a4b,P,aiops2022,productcatalogservice-2,2,0.5,0.5
matched_rca,gemma-4-26b-a4b,P,aiops2022,productcatalogservice2-0,1,0,0
matched_rca,gemma-4-26b-a4b,P,aiops2022,recommendationservice,4,0.25,0.375
matched_rca,gemma-4-26b-a4b,P,aiops2022,recommendationservice-2,1,0,0
matched_rca,gemma-4-26b-a4b,P,aiops2022,recommendationservice2-0,1,0,0
matched_rca,gemma-4-26b-a4b,P,aiops2022,shippingservice,4,0,0.083333333
matched_rca,gemma-4-26b-a4b,P,aiops2022,shippingservice-0,1,0,0
matched_rca,gemma-4-26b-a4b,P,aiops2022,shippingservice-1,2,0,0
matched_rca,gemma-4-26b-a4b,P,aiops2022,shippingservice2-0,1,0,0
matched_rca,gemma-4-26b-a4b,P,aiops2025,adservice,14,0.35714286,0.35714286
matched_rca,gemma-4-26b-a4b,P,aiops2025,cartservice,7,0.42857143,0.52380952
matched_rca,gemma-4-26b-a4b,P,aiops2025,checkoutservice,17,0.23529412,0.26470588
matched_rca,gemma-4-26b-a4b,P,aiops2025,currencyservice,4,0.25,0.25
matched_rca,gemma-4-26b-a4b,P,aiops2025,emailservice,2,0,0
matched_rca,gemma-4-26b-a4b,P,aiops2025,frontend,3,0.66666667,0.66666667
matched_rca,gemma-4-26b-a4b,P,aiops2025,node-1,3,0,0
matched_rca,gemma-4-26b-a4b,P,aiops2025,node-3,3,0,0
matched_rca,gemma-4-26b-a4b,P,aiops2025,node-4,1,0,0
matched_rca,gemma-4-26b-a4b,P,aiops2025,node-5,4,0,0
matched_rca,gemma-4-26b-a4b,P,aiops2025,node-6,5,0.2,0.2
matched_rca,gemma-4-26b-a4b,P,aiops2025,node-7,2,0.5,0.5
matched_rca,gemma-4-26b-a4b,P,aiops2025,node-8,4,0,0
matched_rca,gemma-4-26b-a4b,P,aiops2025,paymentservice,1,0,0
matched_rca,gemma-4-26b-a4b,P,aiops2025,productcatalogservice,4,0,0
matched_rca,gemma-4-26b-a4b,P,aiops2025,recommendationservice,1,0,0
matched_rca,gemma-4-26b-a4b,P,aiops2025,shippingservice,6,0.16666667,0.16666667
matched_rca,gemma-4-26b-a4b,P,aiops2025,tidb-tidb,2,0,0
matched_rca,gemma-4-26b-a4b,P,aiops2025,tidb-tikv,10,0,0.1
matched_rca,gemma-4-26b-a4b,P,re2_ob,checkoutservice,18,0.83333333,0.86111111
matched_rca,gemma-4-26b-a4b,P,re2_ob,currencyservice,18,0.22222222,0.33333333
matched_rca,gemma-4-26b-a4b,P,re2_ob,emailservice,18,0.77777778,0.80555556
matched_rca,gemma-4-26b-a4b,P,re2_ob,productcatalogservice,18,0.27777778,0.35648148
matched_rca,gemma-4-26b-a4b,P,re2_ob,recommendationservice,18,0.94444444,0.97222222
matched_rca,gemma-4-26b-a4b,P,re2_tt,ts-auth-service,18,0.38888889,0.41666667
matched_rca,gemma-4-26b-a4b,P,re2_tt,ts-order-service,18,0.44444444,0.59444444
matched_rca,gemma-4-26b-a4b,P,re2_tt,ts-route-service,18,0.33333333,0.4537037
matched_rca,gemma-4-26b-a4b,P,re2_tt,ts-train-service,18,0.44444444,0.5
matched_rca,gemma-4-26b-a4b,P,re2_tt,ts-travel-service,18,0.33333333,0.40740741
matched_rca,gemma-4-26b-a4b,R,aegislab,mysql,6,0.16666667,0.25
matched_rca,gemma-4-26b-a4b,R,aegislab,ts-assurance-service,5,0.8,0.8
matched_rca,gemma-4-26b-a4b,R,aegislab,ts-auth-service,4,0.25,0.25
matched_rca,gemma-4-26b-a4b,R,aegislab,ts-basic-service,19,0.10526316,0.13157895
matched_rca,gemma-4-26b-a4b,R,aegislab,ts-config-service,6,0.16666667,0.25
matched_rca,gemma-4-26b-a4b,R,aegislab,ts-consign-service,2,0.5,0.5
matched_rca,gemma-4-26b-a4b,R,aegislab,ts-contacts-service,2,0.5,0.5
matched_rca,gemma-4-26b-a4b,R,aegislab,ts-food-service,3,0.66666667,0.66666667
matched_rca,gemma-4-26b-a4b,R,aegislab,ts-inside-payment-service,2,0,0.16666667
matched_rca,gemma-4-26b-a4b,R,aegislab,ts-order-other-service,4,0.5,0.58333333
matched_rca,gemma-4-26b-a4b,R,aegislab,ts-order-service,5,0.6,0.6
matched_rca,gemma-4-26b-a4b,R,aegislab,ts-preserve-service,5,0.6,0.7
matched_rca,gemma-4-26b-a4b,R,aegislab,ts-price-service,2,0.5,0.5
matched_rca,gemma-4-26b-a4b,R,aegislab,ts-route-plan-service,6,0.5,0.5
matched_rca,gemma-4-26b-a4b,R,aegislab,ts-route-service,4,0.5,0.5
matched_rca,gemma-4-26b-a4b,R,aegislab,ts-seat-service,6,0.5,0.5
matched_rca,gemma-4-26b-a4b,R,aegislab,ts-security-service,1,0,0
matched_rca,gemma-4-26b-a4b,R,aegislab,ts-station-food-service,1,0,0
matched_rca,gemma-4-26b-a4b,R,aegislab,ts-station-service,1,0,0
matched_rca,gemma-4-26b-a4b,R,aegislab,ts-train-service,2,0.5,0.5
matched_rca,gemma-4-26b-a4b,R,aegislab,ts-travel-plan-service,3,1,1
matched_rca,gemma-4-26b-a4b,R,aegislab,ts-travel-service,3,0.33333333,0.33333333
matched_rca,gemma-4-26b-a4b,R,aegislab,ts-travel2-service,2,1,1
matched_rca,gemma-4-26b-a4b,R,aegislab,ts-user-service,1,1,1
matched_rca,gemma-4-26b-a4b,R,aegislab,ts-verification-code-service,1,0,0
matched_rca,gemma-4-26b-a4b,R,aiops2022,adservice,2,0,0.5
matched_rca,gemma-4-26b-a4b,R,aiops2022,adservice-0,1,0,0
matched_rca,gemma-4-26b-a4b,R,aiops2022,adservice-1,3,0.66666667,0.66666667
matched_rca,gemma-4-26b-a4b,R,aiops2022,adservice2-0,1,1,1
matched_rca,gemma-4-26b-a4b,R,aiops2022,cartservice,5,0.2,0.2
matched_rca,gemma-4-26b-a4b,R,aiops2022,cartservice-0,2,0.5,0.5
matched_rca,gemma-4-26b-a4b,R,aiops2022,cartservice2-0,1,0,0
matched_rca,gemma-4-26b-a4b,R,aiops2022,checkoutservice,4,0.5,0.625
matched_rca,gemma-4-26b-a4b,R,aiops2022,checkoutservice-0,2,1,1
matched_rca,gemma-4-26b-a4b,R,aiops2022,checkoutservice-1,2,0.5,0.5
matched_rca,gemma-4-26b-a4b,R,aiops2022,currencyservice,2,0,0
matched_rca,gemma-4-26b-a4b,R,aiops2022,currencyservice-0,1,0,0
matched_rca,gemma-4-26b-a4b,R,aiops2022,currencyservice-1,2,0.5,0.5
matched_rca,gemma-4-26b-a4b,R,aiops2022,currencyservice-2,2,0.5,0.5
matched_rca,gemma-4-26b-a4b,R,aiops2022,emailservice,4,0,0
matched_rca,gemma-4-26b-a4b,R,aiops2022,emailservice-1,2,1,1
matched_rca,gemma-4-26b-a4b,R,aiops2022,frontend,3,0.33333333,0.33333333
matched_rca,gemma-4-26b-a4b,R,aiops2022,frontend-0,1,1,1
matched_rca,gemma-4-26b-a4b,R,aiops2022,frontend-1,1,0,0
matched_rca,gemma-4-26b-a4b,R,aiops2022,frontend-2,1,0,0.5
matched_rca,gemma-4-26b-a4b,R,aiops2022,frontend2-0,1,0,0
matched_rca,gemma-4-26b-a4b,R,aiops2022,node-1,3,0,0
matched_rca,gemma-4-26b-a4b,R,aiops2022,node-2,3,0,0
matched_rca,gemma-4-26b-a4b,R,aiops2022,node-3,4,0,0
matched_rca,gemma-4-26b-a4b,R,aiops2022,node-4,4,0,0
matched_rca,gemma-4-26b-a4b,R,aiops2022,node-5,8,0.125,0.1875
matched_rca,gemma-4-26b-a4b,R,aiops2022,node-6,7,0.57142857,0.57142857
matched_rca,gemma-4-26b-a4b,R,aiops2022,paymentservice,1,0,0
matched_rca,gemma-4-26b-a4b,R,aiops2022,productcatalogservice,4,0,0.083333333
matched_rca,gemma-4-26b-a4b,R,aiops2022,productcatalogservice-0,3,0.33333333,0.33333333
matched_rca,gemma-4-26b-a4b,R,aiops2022,productcatalogservice-1,3,0.33333333,0.33333333
matched_rca,gemma-4-26b-a4b,R,aiops2022,productcatalogservice-2,2,0.5,0.5
matched_rca,gemma-4-26b-a4b,R,aiops2022,productcatalogservice2-0,1,0,0.5
matched_rca,gemma-4-26b-a4b,R,aiops2022,recommendationservice,4,0,0
matched_rca,gemma-4-26b-a4b,R,aiops2022,recommendationservice-2,1,1,1
matched_rca,gemma-4-26b-a4b,R,aiops2022,recommendationservice2-0,1,0,0
matched_rca,gemma-4-26b-a4b,R,aiops2022,shippingservice,4,0,0
matched_rca,gemma-4-26b-a4b,R,aiops2022,shippingservice-0,1,0,0
matched_rca,gemma-4-26b-a4b,R,aiops2022,shippingservice-1,2,0,0
matched_rca,gemma-4-26b-a4b,R,aiops2022,shippingservice2-0,1,1,1
matched_rca,gemma-4-26b-a4b,R,aiops2025,adservice,14,0.21428571,0.21428571
matched_rca,gemma-4-26b-a4b,R,aiops2025,cartservice,7,0.28571429,0.32142857
matched_rca,gemma-4-26b-a4b,R,aiops2025,checkoutservice,17,0.23529412,0.29411765
matched_rca,gemma-4-26b-a4b,R,aiops2025,currencyservice,4,0,0.125
matched_rca,gemma-4-26b-a4b,R,aiops2025,emailservice,2,0,0
matched_rca,gemma-4-26b-a4b,R,aiops2025,frontend,3,0.33333333,0.5
matched_rca,gemma-4-26b-a4b,R,aiops2025,node-1,3,0,0
matched_rca,gemma-4-26b-a4b,R,aiops2025,node-3,3,0,0
matched_rca,gemma-4-26b-a4b,R,aiops2025,node-4,1,0,0
matched_rca,gemma-4-26b-a4b,R,aiops2025,node-5,4,0.25,0.25
matched_rca,gemma-4-26b-a4b,R,aiops2025,node-6,5,0,0.04
matched_rca,gemma-4-26b-a4b,R,aiops2025,node-7,2,0.5,0.5
matched_rca,gemma-4-26b-a4b,R,aiops2025,node-8,4,0.25,0.25
matched_rca,gemma-4-26b-a4b,R,aiops2025,paymentservice,1,0,0
matched_rca,gemma-4-26b-a4b,R,aiops2025,productcatalogservice,4,0.25,0.375
matched_rca,gemma-4-26b-a4b,R,aiops2025,recommendationservice,1,1,1
matched_rca,gemma-4-26b-a4b,R,aiops2025,shippingservice,6,0.16666667,0.25
matched_rca,gemma-4-26b-a4b,R,aiops2025,tidb-tidb,2,0,0
matched_rca,gemma-4-26b-a4b,R,aiops2025,tidb-tikv,10,0.2,0.25
matched_rca,gemma-4-26b-a4b,R,re2_ob,checkoutservice,18,1,1
matched_rca,gemma-4-26b-a4b,R,re2_ob,currencyservice,18,0.55555556,0.60185185
matched_rca,gemma-4-26b-a4b,R,re2_ob,emailservice,18,0.94444444,0.97222222
matched_rca,gemma-4-26b-a4b,R,re2_ob,productcatalogservice,18,0.5,0.53703704
matched_rca,gemma-4-26b-a4b,R,re2_ob,recommendationservice,18,0.94444444,0.95833333
matched_rca,gemma-4-26b-a4b,R,re2_tt,ts-auth-service,18,0.44444444,0.44444444
matched_rca,gemma-4-26b-a4b,R,re2_tt,ts-order-service,18,0.61111111,0.69444444
matched_rca,gemma-4-26b-a4b,R,re2_tt,ts-route-service,18,0.44444444,0.50185185
matched_rca,gemma-4-26b-a4b,R,re2_tt,ts-train-service,18,0.55555556,0.61111111
matched_rca,gemma-4-26b-a4b,R,re2_tt,ts-travel-service,18,0.44444444,0.48148148
matched_rca,gemma-4-26b-a4b,T,aegislab,mysql,6,0.5,0.55555556
matched_rca,gemma-4-26b-a4b,T,aegislab,ts-assurance-service,5,0.8,0.8
matched_rca,gemma-4-26b-a4b,T,aegislab,ts-auth-service,4,0.25,0.25
matched_rca,gemma-4-26b-a4b,T,aegislab,ts-basic-service,19,0.15789474,0.18421053
matched_rca,gemma-4-26b-a4b,T,aegislab,ts-config-service,6,0.66666667,0.66666667
matched_rca,gemma-4-26b-a4b,T,aegislab,ts-consign-service,2,0.5,0.5
matched_rca,gemma-4-26b-a4b,T,aegislab,ts-contacts-service,2,0.5,0.5
matched_rca,gemma-4-26b-a4b,T,aegislab,ts-food-service,3,0.66666667,0.66666667
matched_rca,gemma-4-26b-a4b,T,aegislab,ts-inside-payment-service,2,1,1
matched_rca,gemma-4-26b-a4b,T,aegislab,ts-order-other-service,4,0.5,0.5
matched_rca,gemma-4-26b-a4b,T,aegislab,ts-order-service,5,0.6,0.6
matched_rca,gemma-4-26b-a4b,T,aegislab,ts-preserve-service,5,0.4,0.4
matched_rca,gemma-4-26b-a4b,T,aegislab,ts-price-service,2,1,1
matched_rca,gemma-4-26b-a4b,T,aegislab,ts-route-plan-service,6,0.33333333,0.33333333
matched_rca,gemma-4-26b-a4b,T,aegislab,ts-route-service,4,0.5,0.5
matched_rca,gemma-4-26b-a4b,T,aegislab,ts-seat-service,6,0.33333333,0.41666667
matched_rca,gemma-4-26b-a4b,T,aegislab,ts-security-service,1,1,1
matched_rca,gemma-4-26b-a4b,T,aegislab,ts-station-food-service,1,1,1
matched_rca,gemma-4-26b-a4b,T,aegislab,ts-station-service,1,1,1
matched_rca,gemma-4-26b-a4b,T,aegislab,ts-train-service,2,0.5,0.5
matched_rca,gemma-4-26b-a4b,T,aegislab,ts-travel-plan-service,3,0.66666667,0.83333333
matched_rca,gemma-4-26b-a4b,T,aegislab,ts-travel-service,3,0.33333333,0.33333333
matched_rca,gemma-4-26b-a4b,T,aegislab,ts-travel2-service,2,0.5,0.5
matched_rca,gemma-4-26b-a4b,T,aegislab,ts-user-service,1,1,1
matched_rca,gemma-4-26b-a4b,T,aegislab,ts-verification-code-service,1,0,0
matched_rca,gemma-4-26b-a4b,T,aiops2022,adservice,2,0.5,0.75
matched_rca,gemma-4-26b-a4b,T,aiops2022,adservice-0,1,0,0
matched_rca,gemma-4-26b-a4b,T,aiops2022,adservice-1,3,0.33333333,0.33333333
matched_rca,gemma-4-26b-a4b,T,aiops2022,adservice2-0,1,1,1
matched_rca,gemma-4-26b-a4b,T,aiops2022,cartservice,5,0.2,0.2
matched_rca,gemma-4-26b-a4b,T,aiops2022,cartservice-0,2,0,0.25
matched_rca,gemma-4-26b-a4b,T,aiops2022,cartservice2-0,1,0,0
matched_rca,gemma-4-26b-a4b,T,aiops2022,checkoutservice,4,0.5,0.625
matched_rca,gemma-4-26b-a4b,T,aiops2022,checkoutservice-0,2,1,1
matched_rca,gemma-4-26b-a4b,T,aiops2022,checkoutservice-1,2,0.5,0.5
matched_rca,gemma-4-26b-a4b,T,aiops2022,currencyservice,2,0,0
matched_rca,gemma-4-26b-a4b,T,aiops2022,currencyservice-0,1,0,0
matched_rca,gemma-4-26b-a4b,T,aiops2022,currencyservice-1,2,0.5,0.5
matched_rca,gemma-4-26b-a4b,T,aiops2022,currencyservice-2,2,1,1
matched_rca,gemma-4-26b-a4b,T,aiops2022,emailservice,4,0,0
matched_rca,gemma-4-26b-a4b,T,aiops2022,emailservice-1,2,1,1
matched_rca,gemma-4-26b-a4b,T,aiops2022,frontend,3,0.33333333,0.33333333
matched_rca,gemma-4-26b-a4b,T,aiops2022,frontend-0,1,1,1
matched_rca,gemma-4-26b-a4b,T,aiops2022,frontend-1,1,1,1
matched_rca,gemma-4-26b-a4b,T,aiops2022,frontend-2,1,0,0
matched_rca,gemma-4-26b-a4b,T,aiops2022,frontend2-0,1,0,0
matched_rca,gemma-4-26b-a4b,T,aiops2022,node-1,3,0,0
matched_rca,gemma-4-26b-a4b,T,aiops2022,node-2,3,0,0
matched_rca,gemma-4-26b-a4b,T,aiops2022,node-3,4,0,0.125
matched_rca,gemma-4-26b-a4b,T,aiops2022,node-4,4,0.25,0.375
matched_rca,gemma-4-26b-a4b,T,aiops2022,node-5,8,0.25,0.25
matched_rca,gemma-4-26b-a4b,T,aiops2022,node-6,7,0.57142857,0.57142857
matched_rca,gemma-4-26b-a4b,T,aiops2022,paymentservice,1,0,0
matched_rca,gemma-4-26b-a4b,T,aiops2022,productcatalogservice,4,0,0
matched_rca,gemma-4-26b-a4b,T,aiops2022,productcatalogservice-0,3,0.33333333,0.33333333
matched_rca,gemma-4-26b-a4b,T,aiops2022,productcatalogservice-1,3,0.33333333,0.33333333
matched_rca,gemma-4-26b-a4b,T,aiops2022,productcatalogservice-2,2,0.5,0.75
matched_rca,gemma-4-26b-a4b,T,aiops2022,productcatalogservice2-0,1,1,1
matched_rca,gemma-4-26b-a4b,T,aiops2022,recommendationservice,4,0,0
matched_rca,gemma-4-26b-a4b,T,aiops2022,recommendationservice-2,1,0,0
matched_rca,gemma-4-26b-a4b,T,aiops2022,recommendationservice2-0,1,0,0
matched_rca,gemma-4-26b-a4b,T,aiops2022,shippingservice,4,0,0
matched_rca,gemma-4-26b-a4b,T,aiops2022,shippingservice-0,1,0,0
matched_rca,gemma-4-26b-a4b,T,aiops2022,shippingservice-1,2,0,0
matched_rca,gemma-4-26b-a4b,T,aiops2022,shippingservice2-0,1,0,0.5
matched_rca,gemma-4-26b-a4b,T,aiops2025,adservice,14,0.21428571,0.26785714
matched_rca,gemma-4-26b-a4b,T,aiops2025,cartservice,7,0.28571429,0.4047619
matched_rca,gemma-4-26b-a4b,T,aiops2025,checkoutservice,17,0.17647059,0.2254902
matched_rca,gemma-4-26b-a4b,T,aiops2025,currencyservice,4,0.25,0.25
matched_rca,gemma-4-26b-a4b,T,aiops2025,emailservice,2,0,0
matched_rca,gemma-4-26b-a4b,T,aiops2025,frontend,3,0.66666667,0.66666667
matched_rca,gemma-4-26b-a4b,T,aiops2025,node-1,3,0,0
matched_rca,gemma-4-26b-a4b,T,aiops2025,node-3,3,0,0
matched_rca,gemma-4-26b-a4b,T,aiops2025,node-4,1,1,1
matched_rca,gemma-4-26b-a4b,T,aiops2025,node-5,4,0.25,0.25
matched_rca,gemma-4-26b-a4b,T,aiops2025,node-6,5,0,0
matched_rca,gemma-4-26b-a4b,T,aiops2025,node-7,2,0.5,0.5
matched_rca,gemma-4-26b-a4b,T,aiops2025,node-8,4,0.25,0.25
matched_rca,gemma-4-26b-a4b,T,aiops2025,paymentservice,1,0,0
matched_rca,gemma-4-26b-a4b,T,aiops2025,productcatalogservice,4,0,0.0625
matched_rca,gemma-4-26b-a4b,T,aiops2025,recommendationservice,1,0,0
matched_rca,gemma-4-26b-a4b,T,aiops2025,shippingservice,6,0.16666667,0.22222222
matched_rca,gemma-4-26b-a4b,T,aiops2025,tidb-tidb,2,0,0
matched_rca,gemma-4-26b-a4b,T,aiops2025,tidb-tikv,10,0.3,0.35
matched_rca,gemma-4-26b-a4b,T,re2_ob,checkoutservice,18,0.88888889,0.94444444
matched_rca,gemma-4-26b-a4b,T,re2_ob,currencyservice,18,0.55555556,0.64351852
matched_rca,gemma-4-26b-a4b,T,re2_ob,emailservice,18,0.83333333,0.87962963
matched_rca,gemma-4-26b-a4b,T,re2_ob,productcatalogservice,18,0.55555556,0.60185185
matched_rca,gemma-4-26b-a4b,T,re2_ob,recommendationservice,18,0.94444444,0.97222222
matched_rca,gemma-4-26b-a4b,T,re2_tt,ts-auth-service,18,0.44444444,0.46296296
matched_rca,gemma-4-26b-a4b,T,re2_tt,ts-order-service,18,0.66666667,0.72222222
matched_rca,gemma-4-26b-a4b,T,re2_tt,ts-route-service,18,0.44444444,0.55740741
matched_rca,gemma-4-26b-a4b,T,re2_tt,ts-train-service,18,0.61111111,0.65277778
matched_rca,gemma-4-26b-a4b,T,re2_tt,ts-travel-service,18,0.72222222,0.75
matched_rca,gemma-4-26b-a4b,V,aegislab,mysql,6,0.33333333,0.33333333
matched_rca,gemma-4-26b-a4b,V,aegislab,ts-assurance-service,5,0.8,0.9
matched_rca,gemma-4-26b-a4b,V,aegislab,ts-auth-service,4,0.25,0.25
matched_rca,gemma-4-26b-a4b,V,aegislab,ts-basic-service,19,0.15789474,0.16842105
matched_rca,gemma-4-26b-a4b,V,aegislab,ts-config-service,6,0.16666667,0.16666667
matched_rca,gemma-4-26b-a4b,V,aegislab,ts-consign-service,2,0.5,0.5
matched_rca,gemma-4-26b-a4b,V,aegislab,ts-contacts-service,2,0.5,0.75
matched_rca,gemma-4-26b-a4b,V,aegislab,ts-food-service,3,0.66666667,0.66666667
matched_rca,gemma-4-26b-a4b,V,aegislab,ts-inside-payment-service,2,1,1
matched_rca,gemma-4-26b-a4b,V,aegislab,ts-order-other-service,4,0.5,0.625
matched_rca,gemma-4-26b-a4b,V,aegislab,ts-order-service,5,0.6,0.6
matched_rca,gemma-4-26b-a4b,V,aegislab,ts-preserve-service,5,0.4,0.51666667
matched_rca,gemma-4-26b-a4b,V,aegislab,ts-price-service,2,0.5,0.5
matched_rca,gemma-4-26b-a4b,V,aegislab,ts-route-plan-service,6,0.33333333,0.33333333
matched_rca,gemma-4-26b-a4b,V,aegislab,ts-route-service,4,0.5,0.5
matched_rca,gemma-4-26b-a4b,V,aegislab,ts-seat-service,6,0.66666667,0.66666667
matched_rca,gemma-4-26b-a4b,V,aegislab,ts-security-service,1,1,1
matched_rca,gemma-4-26b-a4b,V,aegislab,ts-station-food-service,1,0,0
matched_rca,gemma-4-26b-a4b,V,aegislab,ts-station-service,1,1,1
matched_rca,gemma-4-26b-a4b,V,aegislab,ts-train-service,2,0.5,0.5
matched_rca,gemma-4-26b-a4b,V,aegislab,ts-travel-plan-service,3,0.66666667,0.66666667
matched_rca,gemma-4-26b-a4b,V,aegislab,ts-travel-service,3,0.33333333,0.33333333
matched_rca,gemma-4-26b-a4b,V,aegislab,ts-travel2-service,2,0.5,0.5
matched_rca,gemma-4-26b-a4b,V,aegislab,ts-user-service,1,1,1
matched_rca,gemma-4-26b-a4b,V,aegislab,ts-verification-code-service,1,0,0
matched_rca,gemma-4-26b-a4b,V,aiops2022,adservice,2,0.5,0.75
matched_rca,gemma-4-26b-a4b,V,aiops2022,adservice-0,1,1,1
matched_rca,gemma-4-26b-a4b,V,aiops2022,adservice-1,3,0.66666667,0.66666667
matched_rca,gemma-4-26b-a4b,V,aiops2022,adservice2-0,1,1,1
matched_rca,gemma-4-26b-a4b,V,aiops2022,cartservice,5,0.4,0.4
matched_rca,gemma-4-26b-a4b,V,aiops2022,cartservice-0,2,0,0
matched_rca,gemma-4-26b-a4b,V,aiops2022,cartservice2-0,1,0,0
matched_rca,gemma-4-26b-a4b,V,aiops2022,checkoutservice,4,0.5,0.5
matched_rca,gemma-4-26b-a4b,V,aiops2022,checkoutservice-0,2,1,1
matched_rca,gemma-4-26b-a4b,V,aiops2022,checkoutservice-1,2,0.5,0.5
matched_rca,gemma-4-26b-a4b,V,aiops2022,currencyservice,2,0,0
matched_rca,gemma-4-26b-a4b,V,aiops2022,currencyservice-0,1,0,0
matched_rca,gemma-4-26b-a4b,V,aiops2022,currencyservice-1,2,0.5,0.5
matched_rca,gemma-4-26b-a4b,V,aiops2022,currencyservice-2,2,1,1
matched_rca,gemma-4-26b-a4b,V,aiops2022,emailservice,4,0,0
matched_rca,gemma-4-26b-a4b,V,aiops2022,emailservice-1,2,1,1
matched_rca,gemma-4-26b-a4b,V,aiops2022,frontend,3,0.33333333,0.33333333
matched_rca,gemma-4-26b-a4b,V,aiops2022,frontend-0,1,1,1
matched_rca,gemma-4-26b-a4b,V,aiops2022,frontend-1,1,0,0
matched_rca,gemma-4-26b-a4b,V,aiops2022,frontend-2,1,0,0.5
matched_rca,gemma-4-26b-a4b,V,aiops2022,frontend2-0,1,0,0
matched_rca,gemma-4-26b-a4b,V,aiops2022,node-1,3,0,0
matched_rca,gemma-4-26b-a4b,V,aiops2022,node-2,3,0,0
matched_rca,gemma-4-26b-a4b,V,aiops2022,node-3,4,0.25,0.25
matched_rca,gemma-4-26b-a4b,V,aiops2022,node-4,4,0,0.125
matched_rca,gemma-4-26b-a4b,V,aiops2022,node-5,8,0.125,0.1875
matched_rca,gemma-4-26b-a4b,V,aiops2022,node-6,7,0.57142857,0.57142857
matched_rca,gemma-4-26b-a4b,V,aiops2022,paymentservice,1,0,0
matched_rca,gemma-4-26b-a4b,V,aiops2022,productcatalogservice,4,0,0
matched_rca,gemma-4-26b-a4b,V,aiops2022,productcatalogservice-0,3,0.33333333,0.33333333
matched_rca,gemma-4-26b-a4b,V,aiops2022,productcatalogservice-1,3,0.33333333,0.33333333
matched_rca,gemma-4-26b-a4b,V,aiops2022,productcatalogservice-2,2,0.5,0.5
matched_rca,gemma-4-26b-a4b,V,aiops2022,productcatalogservice2-0,1,1,1
matched_rca,gemma-4-26b-a4b,V,aiops2022,recommendationservice,4,0,0
matched_rca,gemma-4-26b-a4b,V,aiops2022,recommendationservice-2,1,0,0
matched_rca,gemma-4-26b-a4b,V,aiops2022,recommendationservice2-0,1,0,0
matched_rca,gemma-4-26b-a4b,V,aiops2022,shippingservice,4,0,0
matched_rca,gemma-4-26b-a4b,V,aiops2022,shippingservice-0,1,0,0
matched_rca,gemma-4-26b-a4b,V,aiops2022,shippingservice-1,2,0,0
matched_rca,gemma-4-26b-a4b,V,aiops2022,shippingservice2-0,1,1,1
matched_rca,gemma-4-26b-a4b,V,aiops2025,adservice,14,0.071428571,0.10714286
matched_rca,gemma-4-26b-a4b,V,aiops2025,cartservice,7,0.42857143,0.47619048
matched_rca,gemma-4-26b-a4b,V,aiops2025,checkoutservice,17,0.11764706,0.17647059
matched_rca,gemma-4-26b-a4b,V,aiops2025,currencyservice,4,0,0
matched_rca,gemma-4-26b-a4b,V,aiops2025,emailservice,2,0,0
matched_rca,gemma-4-26b-a4b,V,aiops2025,frontend,3,0.33333333,0.5
matched_rca,gemma-4-26b-a4b,V,aiops2025,node-1,3,0,0
matched_rca,gemma-4-26b-a4b,V,aiops2025,node-3,3,0,0
matched_rca,gemma-4-26b-a4b,V,aiops2025,node-4,1,0,0
matched_rca,gemma-4-26b-a4b,V,aiops2025,node-5,4,0.25,0.25
matched_rca,gemma-4-26b-a4b,V,aiops2025,node-6,5,0.2,0.2
matched_rca,gemma-4-26b-a4b,V,aiops2025,node-7,2,0.5,0.5
matched_rca,gemma-4-26b-a4b,V,aiops2025,node-8,4,0,0
matched_rca,gemma-4-26b-a4b,V,aiops2025,paymentservice,1,0,0
matched_rca,gemma-4-26b-a4b,V,aiops2025,productcatalogservice,4,0.25,0.375
matched_rca,gemma-4-26b-a4b,V,aiops2025,recommendationservice,1,0,0
matched_rca,gemma-4-26b-a4b,V,aiops2025,shippingservice,6,0.16666667,0.16666667
matched_rca,gemma-4-26b-a4b,V,aiops2025,tidb-tidb,2,0,0
matched_rca,gemma-4-26b-a4b,V,aiops2025,tidb-tikv,10,0.3,0.33333333
matched_rca,gemma-4-26b-a4b,V,re2_ob,checkoutservice,18,1,1
matched_rca,gemma-4-26b-a4b,V,re2_ob,currencyservice,18,0.55555556,0.62037037
matched_rca,gemma-4-26b-a4b,V,re2_ob,emailservice,18,0.88888889,0.94444444
matched_rca,gemma-4-26b-a4b,V,re2_ob,productcatalogservice,18,0.44444444,0.51851852
matched_rca,gemma-4-26b-a4b,V,re2_ob,recommendationservice,18,0.83333333,0.88888889
matched_rca,gemma-4-26b-a4b,V,re2_tt,ts-auth-service,18,0.55555556,0.55555556
matched_rca,gemma-4-26b-a4b,V,re2_tt,ts-order-service,18,0.72222222,0.72222222
matched_rca,gemma-4-26b-a4b,V,re2_tt,ts-route-service,18,0.33333333,0.37222222
matched_rca,gemma-4-26b-a4b,V,re2_tt,ts-train-service,18,0.55555556,0.55555556
matched_rca,gemma-4-26b-a4b,V,re2_tt,ts-travel-service,18,0.44444444,0.44444444
matched_rca,qwen3.6-27b,F,aegislab,mysql,6,0.66666667,0.80555556
matched_rca,qwen3.6-27b,F,aegislab,ts-assurance-service,5,0,0.29
matched_rca,qwen3.6-27b,F,aegislab,ts-auth-service,4,0.25,0.375
matched_rca,qwen3.6-27b,F,aegislab,ts-basic-service,19,0.052631579,0.1622807
matched_rca,qwen3.6-27b,F,aegislab,ts-config-service,6,0.33333333,0.47222222
matched_rca,qwen3.6-27b,F,aegislab,ts-consign-service,2,0,0.25
matched_rca,qwen3.6-27b,F,aegislab,ts-contacts-service,2,0,0.375
matched_rca,qwen3.6-27b,F,aegislab,ts-food-service,3,0.33333333,0.5
matched_rca,qwen3.6-27b,F,aegislab,ts-inside-payment-service,2,0.5,0.66666667
matched_rca,qwen3.6-27b,F,aegislab,ts-order-other-service,4,0,0.20833333
matched_rca,qwen3.6-27b,F,aegislab,ts-order-service,5,0,0.18333333
matched_rca,qwen3.6-27b,F,aegislab,ts-preserve-service,5,0,0.14666667
matched_rca,qwen3.6-27b,F,aegislab,ts-price-service,2,0.5,0.75
matched_rca,qwen3.6-27b,F,aegislab,ts-route-plan-service,6,0.16666667,0.24166667
matched_rca,qwen3.6-27b,F,aegislab,ts-route-service,4,0.25,0.54166667
matched_rca,qwen3.6-27b,F,aegislab,ts-seat-service,6,0.16666667,0.375
matched_rca,qwen3.6-27b,F,aegislab,ts-security-service,1,1,1
matched_rca,qwen3.6-27b,F,aegislab,ts-station-food-service,1,0,0.33333333
matched_rca,qwen3.6-27b,F,aegislab,ts-station-service,1,0,0.5
matched_rca,qwen3.6-27b,F,aegislab,ts-train-service,2,0,0.25
matched_rca,qwen3.6-27b,F,aegislab,ts-travel-plan-service,3,0.33333333,0.5
matched_rca,qwen3.6-27b,F,aegislab,ts-travel-service,3,0,0.083333333
matched_rca,qwen3.6-27b,F,aegislab,ts-travel2-service,2,0.5,0.75
matched_rca,qwen3.6-27b,F,aegislab,ts-user-service,1,1,1
matched_rca,qwen3.6-27b,F,aegislab,ts-verification-code-service,1,0,0
matched_rca,qwen3.6-27b,F,aiops2022,adservice,2,0.5,0.5
matched_rca,qwen3.6-27b,F,aiops2022,adservice-0,1,0,0.2
matched_rca,qwen3.6-27b,F,aiops2022,adservice-1,3,0.33333333,0.4
matched_rca,qwen3.6-27b,F,aiops2022,adservice2-0,1,0,0
matched_rca,qwen3.6-27b,F,aiops2022,cartservice,5,0,0.16666667
matched_rca,qwen3.6-27b,F,aiops2022,cartservice-0,2,0,0
matched_rca,qwen3.6-27b,F,aiops2022,cartservice2-0,1,0,0
matched_rca,qwen3.6-27b,F,aiops2022,checkoutservice,4,0.75,0.8125
matched_rca,qwen3.6-27b,F,aiops2022,checkoutservice-0,2,1,1
matched_rca,qwen3.6-27b,F,aiops2022,checkoutservice-1,2,0.5,0.5
matched_rca,qwen3.6-27b,F,aiops2022,currencyservice,2,0,0
matched_rca,qwen3.6-27b,F,aiops2022,currencyservice-0,1,0,0
matched_rca,qwen3.6-27b,F,aiops2022,currencyservice-1,2,0.5,0.5
matched_rca,qwen3.6-27b,F,aiops2022,currencyservice-2,2,0.5,0.75
matched_rca,qwen3.6-27b,F,aiops2022,emailservice,4,0.25,0.25
matched_rca,qwen3.6-27b,F,aiops2022,emailservice-1,2,0.5,0.75
matched_rca,qwen3.6-27b,F,aiops2022,frontend,3,0.33333333,0.5
matched_rca,qwen3.6-27b,F,aiops2022,frontend-0,1,1,1
matched_rca,qwen3.6-27b,F,aiops2022,frontend-1,1,0,0
matched_rca,qwen3.6-27b,F,aiops2022,frontend-2,1,1,1
matched_rca,qwen3.6-27b,F,aiops2022,frontend2-0,1,0,0
matched_rca,qwen3.6-27b,F,aiops2022,node-1,3,0,0
matched_rca,qwen3.6-27b,F,aiops2022,node-2,3,0.33333333,0.33333333
matched_rca,qwen3.6-27b,F,aiops2022,node-3,4,0,0.0625
matched_rca,qwen3.6-27b,F,aiops2022,node-4,4,0.25,0.375
matched_rca,qwen3.6-27b,F,aiops2022,node-5,8,0.25,0.375
matched_rca,qwen3.6-27b,F,aiops2022,node-6,7,0.71428571,0.78571429
matched_rca,qwen3.6-27b,F,aiops2022,paymentservice,1,0,0.33333333
matched_rca,qwen3.6-27b,F,aiops2022,productcatalogservice,4,0,0.16666667
matched_rca,qwen3.6-27b,F,aiops2022,productcatalogservice-0,3,0.33333333,0.44444444
matched_rca,qwen3.6-27b,F,aiops2022,productcatalogservice-1,3,0.33333333,0.33333333
matched_rca,qwen3.6-27b,F,aiops2022,productcatalogservice-2,2,0,0
matched_rca,qwen3.6-27b,F,aiops2022,productcatalogservice2-0,1,0,0.33333333
matched_rca,qwen3.6-27b,F,aiops2022,recommendationservice,4,0,0.25
matched_rca,qwen3.6-27b,F,aiops2022,recommendationservice-2,1,0,0.2
matched_rca,qwen3.6-27b,F,aiops2022,recommendationservice2-0,1,0,0
matched_rca,qwen3.6-27b,F,aiops2022,shippingservice,4,0,0.125
matched_rca,qwen3.6-27b,F,aiops2022,shippingservice-0,1,0,0
matched_rca,qwen3.6-27b,F,aiops2022,shippingservice-1,2,0,0
matched_rca,qwen3.6-27b,F,aiops2022,shippingservice2-0,1,0,0.5
matched_rca,qwen3.6-27b,F,aiops2025,adservice,14,0.21428571,0.31666667
matched_rca,qwen3.6-27b,F,aiops2025,cartservice,7,0.28571429,0.36190476
matched_rca,qwen3.6-27b,F,aiops2025,checkoutservice,17,0.17647059,0.26862745
matched_rca,qwen3.6-27b,F,aiops2025,currencyservice,4,0.25,0.3125
matched_rca,qwen3.6-27b,F,aiops2025,emailservice,2,0,0.25
matched_rca,qwen3.6-27b,F,aiops2025,frontend,3,0.33333333,0.5
matched_rca,qwen3.6-27b,F,aiops2025,node-1,3,0,0
matched_rca,qwen3.6-27b,F,aiops2025,node-3,3,0.66666667,0.66666667
matched_rca,qwen3.6-27b,F,aiops2025,node-4,1,1,1
matched_rca,qwen3.6-27b,F,aiops2025,node-5,4,0.25,0.33333333
matched_rca,qwen3.6-27b,F,aiops2025,node-6,5,0,0.05
matched_rca,qwen3.6-27b,F,aiops2025,node-7,2,0,0.125
matched_rca,qwen3.6-27b,F,aiops2025,node-8,4,0.25,0.33333333
matched_rca,qwen3.6-27b,F,aiops2025,paymentservice,1,0,0
matched_rca,qwen3.6-27b,F,aiops2025,productcatalogservice,4,0.25,0.25
matched_rca,qwen3.6-27b,F,aiops2025,recommendationservice,1,0,0
matched_rca,qwen3.6-27b,F,aiops2025,shippingservice,6,0,0.13888889
matched_rca,qwen3.6-27b,F,aiops2025,tidb-tidb,2,0,0
matched_rca,qwen3.6-27b,F,aiops2025,tidb-tikv,10,0.1,0.25333333
matched_rca,qwen3.6-27b,F,re2_ob,checkoutservice,18,0.72222222,0.86111111
matched_rca,qwen3.6-27b,F,re2_ob,currencyservice,18,0.44444444,0.61296296
matched_rca,qwen3.6-27b,F,re2_ob,emailservice,18,0.61111111,0.78240741
matched_rca,qwen3.6-27b,F,re2_ob,productcatalogservice,18,0.38888889,0.59907407
matched_rca,qwen3.6-27b,F,re2_ob,recommendationservice,18,0.72222222,0.84722222
matched_rca,qwen3.6-27b,F,re2_tt,ts-auth-service,18,0.66666667,0.68518519
matched_rca,qwen3.6-27b,F,re2_tt,ts-order-service,18,0.61111111,0.75
matched_rca,qwen3.6-27b,F,re2_tt,ts-route-service,18,0.55555556,0.67592593
matched_rca,qwen3.6-27b,F,re2_tt,ts-train-service,18,0.66666667,0.79166667
matched_rca,qwen3.6-27b,F,re2_tt,ts-travel-service,18,0.5,0.63888889
matched_rca,qwen3.6-27b,H,aegislab,mysql,6,0.66666667,0.80555556
matched_rca,qwen3.6-27b,H,aegislab,ts-assurance-service,5,0.6,0.7
matched_rca,qwen3.6-27b,H,aegislab,ts-auth-service,4,0.25,0.45833333
matched_rca,qwen3.6-27b,H,aegislab,ts-basic-service,19,0.10526316,0.23245614
matched_rca,qwen3.6-27b,H,aegislab,ts-config-service,6,0.33333333,0.59722222
matched_rca,qwen3.6-27b,H,aegislab,ts-consign-service,2,0,0.16666667
matched_rca,qwen3.6-27b,H,aegislab,ts-contacts-service,2,0,0.41666667
matched_rca,qwen3.6-27b,H,aegislab,ts-food-service,3,0.33333333,0.5
matched_rca,qwen3.6-27b,H,aegislab,ts-inside-payment-service,2,0.5,0.75
matched_rca,qwen3.6-27b,H,aegislab,ts-order-other-service,4,0.25,0.45833333
matched_rca,qwen3.6-27b,H,aegislab,ts-order-service,5,0.2,0.36666667
matched_rca,qwen3.6-27b,H,aegislab,ts-preserve-service,5,0,0.23333333
matched_rca,qwen3.6-27b,H,aegislab,ts-price-service,2,0.5,0.75
matched_rca,qwen3.6-27b,H,aegislab,ts-route-plan-service,6,0.33333333,0.375
matched_rca,qwen3.6-27b,H,aegislab,ts-route-service,4,0.25,0.45833333
matched_rca,qwen3.6-27b,H,aegislab,ts-seat-service,6,0.16666667,0.36111111
matched_rca,qwen3.6-27b,H,aegislab,ts-security-service,1,1,1
matched_rca,qwen3.6-27b,H,aegislab,ts-station-food-service,1,0,0.5
matched_rca,qwen3.6-27b,H,aegislab,ts-station-service,1,1,1
matched_rca,qwen3.6-27b,H,aegislab,ts-train-service,2,0,0.25
matched_rca,qwen3.6-27b,H,aegislab,ts-travel-plan-service,3,1,1
matched_rca,qwen3.6-27b,H,aegislab,ts-travel-service,3,0,0
matched_rca,qwen3.6-27b,H,aegislab,ts-travel2-service,2,0,0.41666667
matched_rca,qwen3.6-27b,H,aegislab,ts-user-service,1,1,1
matched_rca,qwen3.6-27b,H,aegislab,ts-verification-code-service,1,0,0
matched_rca,qwen3.6-27b,H,aiops2022,adservice,2,0.5,0.5
matched_rca,qwen3.6-27b,H,aiops2022,adservice-0,1,0,0
matched_rca,qwen3.6-27b,H,aiops2022,adservice-1,3,0.33333333,0.44444444
matched_rca,qwen3.6-27b,H,aiops2022,adservice2-0,1,0,0.5
matched_rca,qwen3.6-27b,H,aiops2022,cartservice,5,0,0.2
matched_rca,qwen3.6-27b,H,aiops2022,cartservice-0,2,0,0.25
matched_rca,qwen3.6-27b,H,aiops2022,cartservice2-0,1,0,0.25
matched_rca,qwen3.6-27b,H,aiops2022,checkoutservice,4,1,1
matched_rca,qwen3.6-27b,H,aiops2022,checkoutservice-0,2,1,1
matched_rca,qwen3.6-27b,H,aiops2022,checkoutservice-1,2,0,0.25
matched_rca,qwen3.6-27b,H,aiops2022,currencyservice,2,0,0.25
matched_rca,qwen3.6-27b,H,aiops2022,currencyservice-0,1,0,0
matched_rca,qwen3.6-27b,H,aiops2022,currencyservice-1,2,0,0.25
matched_rca,qwen3.6-27b,H,aiops2022,currencyservice-2,2,0.5,0.75
matched_rca,qwen3.6-27b,H,aiops2022,emailservice,4,0,0.13333333
matched_rca,qwen3.6-27b,H,aiops2022,emailservice-1,2,0,0
matched_rca,qwen3.6-27b,H,aiops2022,frontend,3,0.33333333,0.66666667
matched_rca,qwen3.6-27b,H,aiops2022,frontend-0,1,0,0
matched_rca,qwen3.6-27b,H,aiops2022,frontend-1,1,0,0.33333333
matched_rca,qwen3.6-27b,H,aiops2022,frontend-2,1,1,1
matched_rca,qwen3.6-27b,H,aiops2022,frontend2-0,1,0,0
matched_rca,qwen3.6-27b,H,aiops2022,node-1,3,0,0.16666667
matched_rca,qwen3.6-27b,H,aiops2022,node-2,3,0.66666667,0.66666667
matched_rca,qwen3.6-27b,H,aiops2022,node-3,4,0,0.05
matched_rca,qwen3.6-27b,H,aiops2022,node-4,4,0.25,0.5
matched_rca,qwen3.6-27b,H,aiops2022,node-5,8,0.125,0.25
matched_rca,qwen3.6-27b,H,aiops2022,node-6,7,0.85714286,0.85714286
matched_rca,qwen3.6-27b,H,aiops2022,paymentservice,1,0,0
matched_rca,qwen3.6-27b,H,aiops2022,productcatalogservice,4,0,0.083333333
matched_rca,qwen3.6-27b,H,aiops2022,productcatalogservice-0,3,0.33333333,0.33333333
matched_rca,qwen3.6-27b,H,aiops2022,productcatalogservice-1,3,0,0
matched_rca,qwen3.6-27b,H,aiops2022,productcatalogservice-2,2,0,0.25
matched_rca,qwen3.6-27b,H,aiops2022,productcatalogservice2-0,1,0,0.33333333
matched_rca,qwen3.6-27b,H,aiops2022,recommendationservice,4,0,0.175
matched_rca,qwen3.6-27b,H,aiops2022,recommendationservice-2,1,0,0.33333333
matched_rca,qwen3.6-27b,H,aiops2022,recommendationservice2-0,1,0,0
matched_rca,qwen3.6-27b,H,aiops2022,shippingservice,4,0,0.25
matched_rca,qwen3.6-27b,H,aiops2022,shippingservice-0,1,0,0
matched_rca,qwen3.6-27b,H,aiops2022,shippingservice-1,2,0,0
matched_rca,qwen3.6-27b,H,aiops2022,shippingservice2-0,1,0,0.25
matched_rca,qwen3.6-27b,H,aiops2025,adservice,14,0.28571429,0.34166667
matched_rca,qwen3.6-27b,H,aiops2025,cartservice,7,0.28571429,0.38571429
matched_rca,qwen3.6-27b,H,aiops2025,checkoutservice,17,0.058823529,0.2745098
matched_rca,qwen3.6-27b,H,aiops2025,currencyservice,4,0.25,0.25
matched_rca,qwen3.6-27b,H,aiops2025,emailservice,2,0,0
matched_rca,qwen3.6-27b,H,aiops2025,frontend,3,0,0.4
matched_rca,qwen3.6-27b,H,aiops2025,node-1,3,0,0
matched_rca,qwen3.6-27b,H,aiops2025,node-3,3,0.66666667,0.66666667
matched_rca,qwen3.6-27b,H,aiops2025,node-4,1,1,1
matched_rca,qwen3.6-27b,H,aiops2025,node-5,4,0.25,0.33333333
matched_rca,qwen3.6-27b,H,aiops2025,node-6,5,0,0.04
matched_rca,qwen3.6-27b,H,aiops2025,node-7,2,0,0.25
matched_rca,qwen3.6-27b,H,aiops2025,node-8,4,0.25,0.3125
matched_rca,qwen3.6-27b,H,aiops2025,paymentservice,1,0,0.2
matched_rca,qwen3.6-27b,H,aiops2025,productcatalogservice,4,0.25,0.25
matched_rca,qwen3.6-27b,H,aiops2025,recommendationservice,1,0,0
matched_rca,qwen3.6-27b,H,aiops2025,shippingservice,6,0,0.13888889
matched_rca,qwen3.6-27b,H,aiops2025,tidb-tidb,2,0,0.1
matched_rca,qwen3.6-27b,H,aiops2025,tidb-tikv,10,0.1,0.28666667
matched_rca,qwen3.6-27b,H,re2_ob,checkoutservice,18,0.83333333,0.90277778
matched_rca,qwen3.6-27b,H,re2_ob,currencyservice,18,0.38888889,0.5787037
matched_rca,qwen3.6-27b,H,re2_ob,emailservice,18,0.66666667,0.82407407
matched_rca,qwen3.6-27b,H,re2_ob,productcatalogservice,18,0.22222222,0.48796296
matched_rca,qwen3.6-27b,H,re2_ob,recommendationservice,18,0.72222222,0.8287037
matched_rca,qwen3.6-27b,H,re2_tt,ts-auth-service,18,0.66666667,0.66666667
matched_rca,qwen3.6-27b,H,re2_tt,ts-order-service,18,0.61111111,0.74074074
matched_rca,qwen3.6-27b,H,re2_tt,ts-route-service,18,0.44444444,0.5787037
matched_rca,qwen3.6-27b,H,re2_tt,ts-train-service,18,0.61111111,0.74259259
matched_rca,qwen3.6-27b,H,re2_tt,ts-travel-service,18,0.55555556,0.66203704
matched_rca,qwen3.6-27b,P,aegislab,mysql,3,0.66666667,0.83333333
matched_rca,qwen3.6-27b,P,aegislab,ts-assurance-service,2,0.5,0.66666667
matched_rca,qwen3.6-27b,P,aegislab,ts-auth-service,1,0,0.5
matched_rca,qwen3.6-27b,P,aegislab,ts-basic-service,6,0.16666667,0.39444444
matched_rca,qwen3.6-27b,P,aegislab,ts-config-service,3,0.33333333,0.5
matched_rca,qwen3.6-27b,P,aegislab,ts-contacts-service,2,0,0.41666667
matched_rca,qwen3.6-27b,P,aegislab,ts-food-service,3,0.33333333,0.33333333
matched_rca,qwen3.6-27b,P,aegislab,ts-order-other-service,1,0,0.33333333
matched_rca,qwen3.6-27b,P,aegislab,ts-order-service,2,0,0.25
matched_rca,qwen3.6-27b,P,aegislab,ts-preserve-service,2,0,0.16666667
matched_rca,qwen3.6-27b,P,aegislab,ts-price-service,1,0,0.33333333
matched_rca,qwen3.6-27b,P,aegislab,ts-route-plan-service,4,0.25,0.375
matched_rca,qwen3.6-27b,P,aegislab,ts-route-service,3,0.66666667,0.83333333
matched_rca,qwen3.6-27b,P,aegislab,ts-seat-service,2,0,0.25
matched_rca,qwen3.6-27b,P,aegislab,ts-station-food-service,1,0,0.25
matched_rca,qwen3.6-27b,P,aegislab,ts-station-service,1,0,0.2
matched_rca,qwen3.6-27b,P,aegislab,ts-travel-service,2,0,0
matched_rca,qwen3.6-27b,P,aegislab,ts-travel2-service,2,0.5,0.75
matched_rca,qwen3.6-27b,P,aiops2022,adservice,2,0.5,0.5
matched_rca,qwen3.6-27b,P,aiops2022,adservice-0,1,0,0
matched_rca,qwen3.6-27b,P,aiops2022,adservice-1,3,0,0.17777778
matched_rca,qwen3.6-27b,P,aiops2022,adservice2-0,1,0,0
matched_rca,qwen3.6-27b,P,aiops2022,cartservice,5,0.4,0.6
matched_rca,qwen3.6-27b,P,aiops2022,cartservice-0,2,0,0
matched_rca,qwen3.6-27b,P,aiops2022,cartservice2-0,1,0,0
matched_rca,qwen3.6-27b,P,aiops2022,checkoutservice,4,1,1
matched_rca,qwen3.6-27b,P,aiops2022,checkoutservice-0,2,1,1
matched_rca,qwen3.6-27b,P,aiops2022,checkoutservice-1,2,0,0.25
matched_rca,qwen3.6-27b,P,aiops2022,currencyservice,2,0,0
matched_rca,qwen3.6-27b,P,aiops2022,currencyservice-0,1,0,0
matched_rca,qwen3.6-27b,P,aiops2022,currencyservice-1,2,0.5,0.5
matched_rca,qwen3.6-27b,P,aiops2022,currencyservice-2,2,0,0
matched_rca,qwen3.6-27b,P,aiops2022,emailservice,4,0,0
matched_rca,qwen3.6-27b,P,aiops2022,emailservice-1,2,0.5,0.66666667
matched_rca,qwen3.6-27b,P,aiops2022,frontend,3,0.66666667,0.83333333
matched_rca,qwen3.6-27b,P,aiops2022,frontend-0,1,1,1
matched_rca,qwen3.6-27b,P,aiops2022,frontend-1,1,0,0
matched_rca,qwen3.6-27b,P,aiops2022,frontend-2,1,0,0
matched_rca,qwen3.6-27b,P,aiops2022,frontend2-0,1,0,0
matched_rca,qwen3.6-27b,P,aiops2022,node-1,3,0,0.16666667
matched_rca,qwen3.6-27b,P,aiops2022,node-2,3,0.33333333,0.33333333
matched_rca,qwen3.6-27b,P,aiops2022,node-3,4,0,0
matched_rca,qwen3.6-27b,P,aiops2022,node-4,4,0,0
matched_rca,qwen3.6-27b,P,aiops2022,node-5,8,0.125,0.25
matched_rca,qwen3.6-27b,P,aiops2022,node-6,7,0.71428571,0.76190476
matched_rca,qwen3.6-27b,P,aiops2022,paymentservice,1,0,0
matched_rca,qwen3.6-27b,P,aiops2022,productcatalogservice,4,0,0.14583333
matched_rca,qwen3.6-27b,P,aiops2022,productcatalogservice-0,3,0,0.16666667
matched_rca,qwen3.6-27b,P,aiops2022,productcatalogservice-1,3,0,0
matched_rca,qwen3.6-27b,P,aiops2022,productcatalogservice-2,2,0,0
matched_rca,qwen3.6-27b,P,aiops2022,productcatalogservice2-0,1,0,0.33333333
matched_rca,qwen3.6-27b,P,aiops2022,recommendationservice,4,0.25,0.375
matched_rca,qwen3.6-27b,P,aiops2022,recommendationservice-2,1,0,0
matched_rca,qwen3.6-27b,P,aiops2022,recommendationservice2-0,1,0,0
matched_rca,qwen3.6-27b,P,aiops2022,shippingservice,4,0.25,0.25
matched_rca,qwen3.6-27b,P,aiops2022,shippingservice-0,1,0,0
matched_rca,qwen3.6-27b,P,aiops2022,shippingservice-1,2,0,0
matched_rca,qwen3.6-27b,P,aiops2022,shippingservice2-0,1,0,0
matched_rca,qwen3.6-27b,P,aiops2025,adservice,14,0.14285714,0.27619048
matched_rca,qwen3.6-27b,P,aiops2025,cartservice,7,0,0.31428571
matched_rca,qwen3.6-27b,P,aiops2025,checkoutservice,17,0.17647059,0.30294118
matched_rca,qwen3.6-27b,P,aiops2025,currencyservice,4,0.25,0.38333333
matched_rca,qwen3.6-27b,P,aiops2025,emailservice,2,0,0
matched_rca,qwen3.6-27b,P,aiops2025,frontend,3,0.33333333,0.5
matched_rca,qwen3.6-27b,P,aiops2025,node-1,3,0,0
matched_rca,qwen3.6-27b,P,aiops2025,node-3,3,0.66666667,0.66666667
matched_rca,qwen3.6-27b,P,aiops2025,node-4,1,1,1
matched_rca,qwen3.6-27b,P,aiops2025,node-5,4,0.25,0.25
matched_rca,qwen3.6-27b,P,aiops2025,node-6,5,0,0.08
matched_rca,qwen3.6-27b,P,aiops2025,node-7,2,0,0
matched_rca,qwen3.6-27b,P,aiops2025,node-8,4,0.25,0.33333333
matched_rca,qwen3.6-27b,P,aiops2025,paymentservice,1,0,0
matched_rca,qwen3.6-27b,P,aiops2025,productcatalogservice,4,0.25,0.25
matched_rca,qwen3.6-27b,P,aiops2025,recommendationservice,1,0,0
matched_rca,qwen3.6-27b,P,aiops2025,shippingservice,6,0,0.13055556
matched_rca,qwen3.6-27b,P,aiops2025,tidb-tidb,2,0,0
matched_rca,qwen3.6-27b,P,aiops2025,tidb-tikv,10,0.1,0.26666667
matched_rca,qwen3.6-27b,P,re2_ob,checkoutservice,18,0.66666667,0.81666667
matched_rca,qwen3.6-27b,P,re2_ob,currencyservice,18,0.38888889,0.56018519
matched_rca,qwen3.6-27b,P,re2_ob,emailservice,18,0.61111111,0.79166667
matched_rca,qwen3.6-27b,P,re2_ob,productcatalogservice,18,0.33333333,0.50833333
matched_rca,qwen3.6-27b,P,re2_ob,recommendationservice,18,0.72222222,0.84722222
matched_rca,qwen3.6-27b,P,re2_tt,ts-auth-service,18,0.55555556,0.59722222
matched_rca,qwen3.6-27b,P,re2_tt,ts-order-service,18,0.5,0.63888889
matched_rca,qwen3.6-27b,P,re2_tt,ts-route-service,18,0.33333333,0.46759259
matched_rca,qwen3.6-27b,P,re2_tt,ts-train-service,18,0.66666667,0.76111111
matched_rca,qwen3.6-27b,P,re2_tt,ts-travel-service,18,0.38888889,0.54166667
matched_rca,qwen3.6-27b,R,aegislab,mysql,6,0.5,0.72222222
matched_rca,qwen3.6-27b,R,aegislab,ts-assurance-service,5,0.8,0.9
matched_rca,qwen3.6-27b,R,aegislab,ts-auth-service,4,0.75,0.875
matched_rca,qwen3.6-27b,R,aegislab,ts-basic-service,19,0,0.16666667
matched_rca,qwen3.6-27b,R,aegislab,ts-config-service,6,0.5,0.58888889
matched_rca,qwen3.6-27b,R,aegislab,ts-consign-service,2,0,0.1
matched_rca,qwen3.6-27b,R,aegislab,ts-contacts-service,2,0,0.5
matched_rca,qwen3.6-27b,R,aegislab,ts-food-service,3,0.66666667,0.66666667
matched_rca,qwen3.6-27b,R,aegislab,ts-inside-payment-service,2,0.5,0.6
matched_rca,qwen3.6-27b,R,aegislab,ts-order-other-service,4,0.25,0.45833333
matched_rca,qwen3.6-27b,R,aegislab,ts-order-service,5,0,0.16666667
matched_rca,qwen3.6-27b,R,aegislab,ts-preserve-service,5,0.2,0.56666667
matched_rca,qwen3.6-27b,R,aegislab,ts-price-service,2,0,0
matched_rca,qwen3.6-27b,R,aegislab,ts-route-plan-service,6,0.16666667,0.30555556
matched_rca,qwen3.6-27b,R,aegislab,ts-route-service,4,0.25,0.4375
matched_rca,qwen3.6-27b,R,aegislab,ts-seat-service,6,0.33333333,0.47222222
matched_rca,qwen3.6-27b,R,aegislab,ts-security-service,1,1,1
matched_rca,qwen3.6-27b,R,aegislab,ts-station-food-service,1,0,0
matched_rca,qwen3.6-27b,R,aegislab,ts-station-service,1,0,0.5
matched_rca,qwen3.6-27b,R,aegislab,ts-train-service,2,0,0.25
matched_rca,qwen3.6-27b,R,aegislab,ts-travel-plan-service,3,0.66666667,0.66666667
matched_rca,qwen3.6-27b,R,aegislab,ts-travel-service,3,0,0.11111111
matched_rca,qwen3.6-27b,R,aegislab,ts-travel2-service,2,0.5,0.75
matched_rca,qwen3.6-27b,R,aegislab,ts-user-service,1,1,1
matched_rca,qwen3.6-27b,R,aegislab,ts-verification-code-service,1,0,0
matched_rca,qwen3.6-27b,R,aiops2022,adservice,2,0,0.25
matched_rca,qwen3.6-27b,R,aiops2022,adservice-0,1,0,0
matched_rca,qwen3.6-27b,R,aiops2022,adservice-1,3,0.66666667,0.66666667
matched_rca,qwen3.6-27b,R,aiops2022,adservice2-0,1,0,0
matched_rca,qwen3.6-27b,R,aiops2022,cartservice,5,0,0.2
matched_rca,qwen3.6-27b,R,aiops2022,cartservice-0,2,0.5,0.5
matched_rca,qwen3.6-27b,R,aiops2022,cartservice2-0,1,0,0
matched_rca,qwen3.6-27b,R,aiops2022,checkoutservice,4,1,1
matched_rca,qwen3.6-27b,R,aiops2022,checkoutservice-0,2,1,1
matched_rca,qwen3.6-27b,R,aiops2022,checkoutservice-1,2,0.5,0.5
matched_rca,qwen3.6-27b,R,aiops2022,currencyservice,2,0,0
matched_rca,qwen3.6-27b,R,aiops2022,currencyservice-0,1,0,0
matched_rca,qwen3.6-27b,R,aiops2022,currencyservice-1,2,0,0
matched_rca,qwen3.6-27b,R,aiops2022,currencyservice-2,2,0,0
matched_rca,qwen3.6-27b,R,aiops2022,emailservice,4,0.25,0.33333333
matched_rca,qwen3.6-27b,R,aiops2022,emailservice-1,2,0,0.29166667
matched_rca,qwen3.6-27b,R,aiops2022,frontend,3,0.33333333,0.66666667
matched_rca,qwen3.6-27b,R,aiops2022,frontend-0,1,1,1
matched_rca,qwen3.6-27b,R,aiops2022,frontend-1,1,0,0.2
matched_rca,qwen3.6-27b,R,aiops2022,frontend-2,1,1,1
matched_rca,qwen3.6-27b,R,aiops2022,frontend2-0,1,1,1
matched_rca,qwen3.6-27b,R,aiops2022,node-1,3,0,0
matched_rca,qwen3.6-27b,R,aiops2022,node-2,3,0.33333333,0.33333333
matched_rca,qwen3.6-27b,R,aiops2022,node-3,4,0.25,0.25
matched_rca,qwen3.6-27b,R,aiops2022,node-4,4,0.25,0.375
matched_rca,qwen3.6-27b,R,aiops2022,node-5,8,0.25,0.29166667
matched_rca,qwen3.6-27b,R,aiops2022,node-6,7,0.42857143,0.42857143
matched_rca,qwen3.6-27b,R,aiops2022,paymentservice,1,0,0
matched_rca,qwen3.6-27b,R,aiops2022,productcatalogservice,4,0,0.20833333
matched_rca,qwen3.6-27b,R,aiops2022,productcatalogservice-0,3,0.33333333,0.44444444
matched_rca,qwen3.6-27b,R,aiops2022,productcatalogservice-1,3,0,0.083333333
matched_rca,qwen3.6-27b,R,aiops2022,productcatalogservice-2,2,0.5,0.5
matched_rca,qwen3.6-27b,R,aiops2022,productcatalogservice2-0,1,0,0.33333333
matched_rca,qwen3.6-27b,R,aiops2022,recommendationservice,4,0,0.083333333
matched_rca,qwen3.6-27b,R,aiops2022,recommendationservice-2,1,0,0
matched_rca,qwen3.6-27b,R,aiops2022,recommendationservice2-0,1,0,0
matched_rca,qwen3.6-27b,R,aiops2022,shippingservice,4,0,0.125
matched_rca,qwen3.6-27b,R,aiops2022,shippingservice-0,1,0,0
matched_rca,qwen3.6-27b,R,aiops2022,shippingservice-1,2,0,0
matched_rca,qwen3.6-27b,R,aiops2022,shippingservice2-0,1,0,0.25
matched_rca,qwen3.6-27b,R,aiops2025,adservice,14,0.28571429,0.38333333
matched_rca,qwen3.6-27b,R,aiops2025,cartservice,7,0.14285714,0.38095238
matched_rca,qwen3.6-27b,R,aiops2025,checkoutservice,17,0.47058824,0.50196078
matched_rca,qwen3.6-27b,R,aiops2025,currencyservice,4,0.25,0.25
matched_rca,qwen3.6-27b,R,aiops2025,emailservice,2,0,0
matched_rca,qwen3.6-27b,R,aiops2025,frontend,3,0.33333333,0.33333333
matched_rca,qwen3.6-27b,R,aiops2025,node-1,3,0,0
matched_rca,qwen3.6-27b,R,aiops2025,node-3,3,0.66666667,0.66666667
matched_rca,qwen3.6-27b,R,aiops2025,node-4,1,1,1
matched_rca,qwen3.6-27b,R,aiops2025,node-5,4,0.25,0.25
matched_rca,qwen3.6-27b,R,aiops2025,node-6,5,0.2,0.3
matched_rca,qwen3.6-27b,R,aiops2025,node-7,2,0,0.25
matched_rca,qwen3.6-27b,R,aiops2025,node-8,4,0.25,0.375
matched_rca,qwen3.6-27b,R,aiops2025,paymentservice,1,0,0
matched_rca,qwen3.6-27b,R,aiops2025,productcatalogservice,4,0,0.25
matched_rca,qwen3.6-27b,R,aiops2025,recommendationservice,1,1,1
matched_rca,qwen3.6-27b,R,aiops2025,shippingservice,6,0,0.16666667
matched_rca,qwen3.6-27b,R,aiops2025,tidb-tidb,2,0,0
matched_rca,qwen3.6-27b,R,aiops2025,tidb-tikv,10,0.2,0.31666667
matched_rca,qwen3.6-27b,R,re2_ob,checkoutservice,18,0.83333333,0.90277778
matched_rca,qwen3.6-27b,R,re2_ob,currencyservice,18,0.55555556,0.68055556
matched_rca,qwen3.6-27b,R,re2_ob,emailservice,18,0.83333333,0.91666667
matched_rca,qwen3.6-27b,R,re2_ob,productcatalogservice,18,0.33333333,0.51388889
matched_rca,qwen3.6-27b,R,re2_ob,recommendationservice,18,0.88888889,0.94444444
matched_rca,qwen3.6-27b,R,re2_tt,ts-auth-service,18,0.5,0.51111111
matched_rca,qwen3.6-27b,R,re2_tt,ts-order-service,18,0.55555556,0.74074074
matched_rca,qwen3.6-27b,R,re2_tt,ts-route-service,18,0.33333333,0.51574074
matched_rca,qwen3.6-27b,R,re2_tt,ts-train-service,18,0.66666667,0.72222222
matched_rca,qwen3.6-27b,R,re2_tt,ts-travel-service,18,0.33333333,0.56666667
matched_rca,qwen3.6-27b,T,aegislab,mysql,6,0.33333333,0.59722222
matched_rca,qwen3.6-27b,T,aegislab,ts-assurance-service,5,0.6,0.7
matched_rca,qwen3.6-27b,T,aegislab,ts-auth-service,4,0.75,0.83333333
matched_rca,qwen3.6-27b,T,aegislab,ts-basic-service,19,0.10526316,0.24736842
matched_rca,qwen3.6-27b,T,aegislab,ts-config-service,6,0.5,0.5
matched_rca,qwen3.6-27b,T,aegislab,ts-consign-service,2,0,0.25
matched_rca,qwen3.6-27b,T,aegislab,ts-contacts-service,2,0,0.5
matched_rca,qwen3.6-27b,T,aegislab,ts-food-service,3,0,0.25
matched_rca,qwen3.6-27b,T,aegislab,ts-inside-payment-service,2,1,1
matched_rca,qwen3.6-27b,T,aegislab,ts-order-other-service,4,0,0.33333333
matched_rca,qwen3.6-27b,T,aegislab,ts-order-service,5,0,0.26333333
matched_rca,qwen3.6-27b,T,aegislab,ts-preserve-service,5,0,0.25
matched_rca,qwen3.6-27b,T,aegislab,ts-price-service,2,0,0.375
matched_rca,qwen3.6-27b,T,aegislab,ts-route-plan-service,6,0.16666667,0.33888889
matched_rca,qwen3.6-27b,T,aegislab,ts-route-service,4,0.5,0.625
matched_rca,qwen3.6-27b,T,aegislab,ts-seat-service,6,0,0.26388889
matched_rca,qwen3.6-27b,T,aegislab,ts-security-service,1,0,0.5
matched_rca,qwen3.6-27b,T,aegislab,ts-station-food-service,1,0,0.5
matched_rca,qwen3.6-27b,T,aegislab,ts-station-service,1,0,0.5
matched_rca,qwen3.6-27b,T,aegislab,ts-train-service,2,0,0.25
matched_rca,qwen3.6-27b,T,aegislab,ts-travel-plan-service,3,1,1
matched_rca,qwen3.6-27b,T,aegislab,ts-travel-service,3,0.33333333,0.33333333
matched_rca,qwen3.6-27b,T,aegislab,ts-travel2-service,2,1,1
matched_rca,qwen3.6-27b,T,aegislab,ts-user-service,1,1,1
matched_rca,qwen3.6-27b,T,aegislab,ts-verification-code-service,1,0,0
matched_rca,qwen3.6-27b,T,aiops2022,adservice,2,0.5,0.5
matched_rca,qwen3.6-27b,T,aiops2022,adservice-0,1,0,0
matched_rca,qwen3.6-27b,T,aiops2022,adservice-1,3,0.33333333,0.33333333
matched_rca,qwen3.6-27b,T,aiops2022,adservice2-0,1,0,0.2
matched_rca,qwen3.6-27b,T,aiops2022,cartservice,5,0.2,0.4
matched_rca,qwen3.6-27b,T,aiops2022,cartservice-0,2,0,0.25
matched_rca,qwen3.6-27b,T,aiops2022,cartservice2-0,1,0,0
matched_rca,qwen3.6-27b,T,aiops2022,checkoutservice,4,1,1
matched_rca,qwen3.6-27b,T,aiops2022,checkoutservice-0,2,1,1
matched_rca,qwen3.6-27b,T,aiops2022,checkoutservice-1,2,0.5,0.5
matched_rca,qwen3.6-27b,T,aiops2022,currencyservice,2,0,0.1
matched_rca,qwen3.6-27b,T,aiops2022,currencyservice-0,1,0,0
matched_rca,qwen3.6-27b,T,aiops2022,currencyservice-1,2,0,0.25
matched_rca,qwen3.6-27b,T,aiops2022,currencyservice-2,2,0,0.41666667
matched_rca,qwen3.6-27b,T,aiops2022,emailservice,4,0.25,0.25
matched_rca,qwen3.6-27b,T,aiops2022,emailservice-1,2,0.5,0.75
matched_rca,qwen3.6-27b,T,aiops2022,frontend,3,0.33333333,0.51111111
matched_rca,qwen3.6-27b,T,aiops2022,frontend-0,1,1,1
matched_rca,qwen3.6-27b,T,aiops2022,frontend-1,1,0,0
matched_rca,qwen3.6-27b,T,aiops2022,frontend-2,1,0,0.2
matched_rca,qwen3.6-27b,T,aiops2022,frontend2-0,1,0,0
matched_rca,qwen3.6-27b,T,aiops2022,node-1,3,0.33333333,0.33333333
matched_rca,qwen3.6-27b,T,aiops2022,node-2,3,0.66666667,0.77777778
matched_rca,qwen3.6-27b,T,aiops2022,node-3,4,0,0.0625
matched_rca,qwen3.6-27b,T,aiops2022,node-4,4,0,0.125
matched_rca,qwen3.6-27b,T,aiops2022,node-5,8,0.25,0.35416667
matched_rca,qwen3.6-27b,T,aiops2022,node-6,7,0.42857143,0.51190476
matched_rca,qwen3.6-27b,T,aiops2022,paymentservice,1,0,0
matched_rca,qwen3.6-27b,T,aiops2022,productcatalogservice,4,0,0.25
matched_rca,qwen3.6-27b,T,aiops2022,productcatalogservice-0,3,0.33333333,0.44444444
matched_rca,qwen3.6-27b,T,aiops2022,productcatalogservice-1,3,0,0
matched_rca,qwen3.6-27b,T,aiops2022,productcatalogservice-2,2,0.5,0.5
matched_rca,qwen3.6-27b,T,aiops2022,productcatalogservice2-0,1,0,0.33333333
matched_rca,qwen3.6-27b,T,aiops2022,recommendationservice,4,0,0.25
matched_rca,qwen3.6-27b,T,aiops2022,recommendationservice-2,1,0,0.33333333
matched_rca,qwen3.6-27b,T,aiops2022,recommendationservice2-0,1,0,0
matched_rca,qwen3.6-27b,T,aiops2022,shippingservice,4,0,0.125
matched_rca,qwen3.6-27b,T,aiops2022,shippingservice-0,1,0,0
matched_rca,qwen3.6-27b,T,aiops2022,shippingservice-1,2,0,0
matched_rca,qwen3.6-27b,T,aiops2022,shippingservice2-0,1,0,0
matched_rca,qwen3.6-27b,T,aiops2025,adservice,14,0.21428571,0.24642857
matched_rca,qwen3.6-27b,T,aiops2025,cartservice,7,0.42857143,0.5
matched_rca,qwen3.6-27b,T,aiops2025,checkoutservice,17,0.17647059,0.33039216
matched_rca,qwen3.6-27b,T,aiops2025,currencyservice,4,0.25,0.33333333
matched_rca,qwen3.6-27b,T,aiops2025,emailservice,2,0,0.25
matched_rca,qwen3.6-27b,T,aiops2025,frontend,3,0.66666667,0.66666667
matched_rca,qwen3.6-27b,T,aiops2025,node-1,3,0,0
matched_rca,qwen3.6-27b,T,aiops2025,node-3,3,0.66666667,0.66666667
matched_rca,qwen3.6-27b,T,aiops2025,node-4,1,1,1
matched_rca,qwen3.6-27b,T,aiops2025,node-5,4,0.25,0.33333333
matched_rca,qwen3.6-27b,T,aiops2025,node-6,5,0,0
matched_rca,qwen3.6-27b,T,aiops2025,node-7,2,0,0
matched_rca,qwen3.6-27b,T,aiops2025,node-8,4,0.25,0.33333333
matched_rca,qwen3.6-27b,T,aiops2025,paymentservice,1,0,0
matched_rca,qwen3.6-27b,T,aiops2025,productcatalogservice,4,0.25,0.25
matched_rca,qwen3.6-27b,T,aiops2025,recommendationservice,1,0,0
matched_rca,qwen3.6-27b,T,aiops2025,shippingservice,6,0,0.083333333
matched_rca,qwen3.6-27b,T,aiops2025,tidb-tidb,2,0,0
matched_rca,qwen3.6-27b,T,aiops2025,tidb-tikv,10,0.1,0.27333333
matched_rca,qwen3.6-27b,T,re2_ob,checkoutservice,18,0.72222222,0.82407407
matched_rca,qwen3.6-27b,T,re2_ob,currencyservice,18,0.33333333,0.52222222
matched_rca,qwen3.6-27b,T,re2_ob,emailservice,18,0.72222222,0.82407407
matched_rca,qwen3.6-27b,T,re2_ob,productcatalogservice,18,0.33333333,0.52037037
matched_rca,qwen3.6-27b,T,re2_ob,recommendationservice,18,0.77777778,0.84444444
matched_rca,qwen3.6-27b,T,re2_tt,ts-auth-service,18,0.66666667,0.69444444
matched_rca,qwen3.6-27b,T,re2_tt,ts-order-service,18,0.55555556,0.75
matched_rca,qwen3.6-27b,T,re2_tt,ts-route-service,18,0.38888889,0.59444444
matched_rca,qwen3.6-27b,T,re2_tt,ts-train-service,18,0.66666667,0.77962963
matched_rca,qwen3.6-27b,T,re2_tt,ts-travel-service,18,0.55555556,0.69444444
matched_rca,qwen3.6-27b,V,aegislab,mysql,6,0.33333333,0.58333333
matched_rca,qwen3.6-27b,V,aegislab,ts-assurance-service,5,0.8,0.9
matched_rca,qwen3.6-27b,V,aegislab,ts-auth-service,4,0,0.25833333
matched_rca,qwen3.6-27b,V,aegislab,ts-basic-service,19,0.21052632,0.35087719
matched_rca,qwen3.6-27b,V,aegislab,ts-config-service,6,0.33333333,0.47222222
matched_rca,qwen3.6-27b,V,aegislab,ts-consign-service,2,0,0.25
matched_rca,qwen3.6-27b,V,aegislab,ts-contacts-service,2,0,0.375
matched_rca,qwen3.6-27b,V,aegislab,ts-food-service,3,0,0.16666667
matched_rca,qwen3.6-27b,V,aegislab,ts-inside-payment-service,2,0.5,0.66666667
matched_rca,qwen3.6-27b,V,aegislab,ts-order-other-service,4,0.25,0.45833333
matched_rca,qwen3.6-27b,V,aegislab,ts-order-service,5,0.2,0.46666667
matched_rca,qwen3.6-27b,V,aegislab,ts-preserve-service,5,0,0.25666667
matched_rca,qwen3.6-27b,V,aegislab,ts-price-service,2,0,0.5
matched_rca,qwen3.6-27b,V,aegislab,ts-route-plan-service,6,0.16666667,0.25
matched_rca,qwen3.6-27b,V,aegislab,ts-route-service,4,0.25,0.5625
matched_rca,qwen3.6-27b,V,aegislab,ts-seat-service,6,0.33333333,0.51388889
matched_rca,qwen3.6-27b,V,aegislab,ts-security-service,1,1,1
matched_rca,qwen3.6-27b,V,aegislab,ts-station-food-service,1,0,0.33333333
matched_rca,qwen3.6-27b,V,aegislab,ts-station-service,1,1,1
matched_rca,qwen3.6-27b,V,aegislab,ts-train-service,2,0.5,0.5
matched_rca,qwen3.6-27b,V,aegislab,ts-travel-plan-service,3,1,1
matched_rca,qwen3.6-27b,V,aegislab,ts-travel-service,3,0,0.066666667
matched_rca,qwen3.6-27b,V,aegislab,ts-travel2-service,2,1,1
matched_rca,qwen3.6-27b,V,aegislab,ts-user-service,1,1,1
matched_rca,qwen3.6-27b,V,aegislab,ts-verification-code-service,1,0,0
matched_rca,qwen3.6-27b,V,aiops2022,adservice,2,0,0.16666667
matched_rca,qwen3.6-27b,V,aiops2022,adservice-0,1,0,0.5
matched_rca,qwen3.6-27b,V,aiops2022,adservice-1,3,0.66666667,0.66666667
matched_rca,qwen3.6-27b,V,aiops2022,adservice2-0,1,0,0
matched_rca,qwen3.6-27b,V,aiops2022,cartservice,5,0,0.24
matched_rca,qwen3.6-27b,V,aiops2022,cartservice-0,2,0,0
matched_rca,qwen3.6-27b,V,aiops2022,cartservice2-0,1,0,0.33333333
matched_rca,qwen3.6-27b,V,aiops2022,checkoutservice,4,0.75,0.83333333
matched_rca,qwen3.6-27b,V,aiops2022,checkoutservice-0,2,0.5,0.625
matched_rca,qwen3.6-27b,V,aiops2022,checkoutservice-1,2,0,0.25
matched_rca,qwen3.6-27b,V,aiops2022,currencyservice,2,0,0
matched_rca,qwen3.6-27b,V,aiops2022,currencyservice-0,1,0,0
matched_rca,qwen3.6-27b,V,aiops2022,currencyservice-1,2,0,0.25
matched_rca,qwen3.6-27b,V,aiops2022,currencyservice-2,2,0,0.25
matched_rca,qwen3.6-27b,V,aiops2022,emailservice,4,0,0.083333333
matched_rca,qwen3.6-27b,V,aiops2022,emailservice-1,2,0.5,0.625
matched_rca,qwen3.6-27b,V,aiops2022,frontend,3,0,0.5
matched_rca,qwen3.6-27b,V,aiops2022,frontend-0,1,1,1
matched_rca,qwen3.6-27b,V,aiops2022,frontend-1,1,0,0
matched_rca,qwen3.6-27b,V,aiops2022,frontend-2,1,1,1
matched_rca,qwen3.6-27b,V,aiops2022,frontend2-0,1,1,1
matched_rca,qwen3.6-27b,V,aiops2022,node-1,3,0,0
matched_rca,qwen3.6-27b,V,aiops2022,node-2,3,0.66666667,0.66666667
matched_rca,qwen3.6-27b,V,aiops2022,node-3,4,0,0
matched_rca,qwen3.6-27b,V,aiops2022,node-4,4,0,0.20833333
matched_rca,qwen3.6-27b,V,aiops2022,node-5,8,0.25,0.3125
matched_rca,qwen3.6-27b,V,aiops2022,node-6,7,0.42857143,0.5
matched_rca,qwen3.6-27b,V,aiops2022,paymentservice,1,0,0
matched_rca,qwen3.6-27b,V,aiops2022,productcatalogservice,4,0,0.14583333
matched_rca,qwen3.6-27b,V,aiops2022,productcatalogservice-0,3,0.33333333,0.33333333
matched_rca,qwen3.6-27b,V,aiops2022,productcatalogservice-1,3,0,0
matched_rca,qwen3.6-27b,V,aiops2022,productcatalogservice-2,2,1,1
matched_rca,qwen3.6-27b,V,aiops2022,productcatalogservice2-0,1,0,0
matched_rca,qwen3.6-27b,V,aiops2022,recommendationservice,4,0.25,0.5
matched_rca,qwen3.6-27b,V,aiops2022,recommendationservice-2,1,0,0.33333333
matched_rca,qwen3.6-27b,V,aiops2022,recommendationservice2-0,1,0,0
matched_rca,qwen3.6-27b,V,aiops2022,shippingservice,4,0.25,0.375
matched_rca,qwen3.6-27b,V,aiops2022,shippingservice-0,1,0,0
matched_rca,qwen3.6-27b,V,aiops2022,shippingservice-1,2,0,0
matched_rca,qwen3.6-27b,V,aiops2022,shippingservice2-0,1,1,1
matched_rca,qwen3.6-27b,V,aiops2025,adservice,14,0.14285714,0.2202381
matched_rca,qwen3.6-27b,V,aiops2025,cartservice,7,0.57142857,0.57142857
matched_rca,qwen3.6-27b,V,aiops2025,checkoutservice,17,0.17647059,0.35980392
matched_rca,qwen3.6-27b,V,aiops2025,currencyservice,4,0.25,0.33333333
matched_rca,qwen3.6-27b,V,aiops2025,emailservice,2,0,0
matched_rca,qwen3.6-27b,V,aiops2025,frontend,3,0.33333333,0.5
matched_rca,qwen3.6-27b,V,aiops2025,node-1,3,0,0
matched_rca,qwen3.6-27b,V,aiops2025,node-3,3,0.66666667,0.66666667
matched_rca,qwen3.6-27b,V,aiops2025,node-4,1,1,1
matched_rca,qwen3.6-27b,V,aiops2025,node-5,4,0.25,0.25
matched_rca,qwen3.6-27b,V,aiops2025,node-6,5,0,0.1
matched_rca,qwen3.6-27b,V,aiops2025,node-7,2,0,0.16666667
matched_rca,qwen3.6-27b,V,aiops2025,node-8,4,0.25,0.25
matched_rca,qwen3.6-27b,V,aiops2025,paymentservice,1,0,0
matched_rca,qwen3.6-27b,V,aiops2025,productcatalogservice,4,0,0.1875
matched_rca,qwen3.6-27b,V,aiops2025,recommendationservice,1,0,0.5
matched_rca,qwen3.6-27b,V,aiops2025,shippingservice,6,0,0.19444444
matched_rca,qwen3.6-27b,V,aiops2025,tidb-tidb,2,0,0
matched_rca,qwen3.6-27b,V,aiops2025,tidb-tikv,10,0.2,0.28333333
matched_rca,qwen3.6-27b,V,re2_ob,checkoutservice,18,0.72222222,0.83796296
matched_rca,qwen3.6-27b,V,re2_ob,currencyservice,18,0.61111111,0.73611111
matched_rca,qwen3.6-27b,V,re2_ob,emailservice,18,0.83333333,0.90740741
matched_rca,qwen3.6-27b,V,re2_ob,productcatalogservice,18,0.22222222,0.525
matched_rca,qwen3.6-27b,V,re2_ob,recommendationservice,18,0.83333333,0.91666667
matched_rca,qwen3.6-27b,V,re2_tt,ts-auth-service,18,0.55555556,0.56666667
matched_rca,qwen3.6-27b,V,re2_tt,ts-order-service,18,0.55555556,0.71296296
matched_rca,qwen3.6-27b,V,re2_tt,ts-route-service,18,0.44444444,0.56666667
matched_rca,qwen3.6-27b,V,re2_tt,ts-train-service,18,0.5,0.60185185
matched_rca,qwen3.6-27b,V,re2_tt,ts-travel-service,18,0.44444444,0.61111111
matched_rca,qwen3.8-27b,F,aegislab,mysql,6,0.33333333,0.52777778
matched_rca,qwen3.8-27b,F,aegislab,ts-assurance-service,5,0.4,0.6
matched_rca,qwen3.8-27b,F,aegislab,ts-auth-service,4,0.25,0.58333333
matched_rca,qwen3.8-27b,F,aegislab,ts-basic-service,19,0.10526316,0.20614035
matched_rca,qwen3.8-27b,F,aegislab,ts-config-service,6,0.33333333,0.38888889
matched_rca,qwen3.8-27b,F,aegislab,ts-consign-service,2,0.5,0.5
matched_rca,qwen3.8-27b,F,aegislab,ts-contacts-service,2,0,0.41666667
matched_rca,qwen3.8-27b,F,aegislab,ts-food-service,3,0,0.16666667
matched_rca,qwen3.8-27b,F,aegislab,ts-inside-payment-service,2,0.5,0.75
matched_rca,qwen3.8-27b,F,aegislab,ts-order-other-service,4,0.25,0.38333333
matched_rca,qwen3.8-27b,F,aegislab,ts-order-service,5,0.2,0.31666667
matched_rca,qwen3.8-27b,F,aegislab,ts-preserve-service,5,0.4,0.5
matched_rca,qwen3.8-27b,F,aegislab,ts-price-service,2,0.5,0.75
matched_rca,qwen3.8-27b,F,aegislab,ts-route-plan-service,6,0,0.125
matched_rca,qwen3.8-27b,F,aegislab,ts-route-service,4,0,0.125
matched_rca,qwen3.8-27b,F,aegislab,ts-seat-service,6,0.16666667,0.41666667
matched_rca,qwen3.8-27b,F,aegislab,ts-security-service,1,1,1
matched_rca,qwen3.8-27b,F,aegislab,ts-station-food-service,1,0,0.33333333
matched_rca,qwen3.8-27b,F,aegislab,ts-station-service,1,1,1
matched_rca,qwen3.8-27b,F,aegislab,ts-train-service,2,0,0.25
matched_rca,qwen3.8-27b,F,aegislab,ts-travel-plan-service,3,0.66666667,0.66666667
matched_rca,qwen3.8-27b,F,aegislab,ts-travel-service,3,0,0
matched_rca,qwen3.8-27b,F,aegislab,ts-travel2-service,2,0,0.375
matched_rca,qwen3.8-27b,F,aegislab,ts-user-service,1,1,1
matched_rca,qwen3.8-27b,F,aegislab,ts-verification-code-service,1,0,0.33333333
matched_rca,qwen3.8-27b,F,aiops2022,adservice,2,0,0.16666667
matched_rca,qwen3.8-27b,F,aiops2022,adservice-0,1,0,0.5
matched_rca,qwen3.8-27b,F,aiops2022,adservice-1,3,0.33333333,0.44444444
matched_rca,qwen3.8-27b,F,aiops2022,adservice2-0,1,0,0
matched_rca,qwen3.8-27b,F,aiops2022,cartservice,5,0.2,0.4
matched_rca,qwen3.8-27b,F,aiops2022,cartservice-0,2,0,0
matched_rca,qwen3.8-27b,F,aiops2022,cartservice2-0,1,0,0
matched_rca,qwen3.8-27b,F,aiops2022,checkoutservice,4,0.5,0.625
matched_rca,qwen3.8-27b,F,aiops2022,checkoutservice-0,2,1,1
matched_rca,qwen3.8-27b,F,aiops2022,checkoutservice-1,2,0.5,0.5
matched_rca,qwen3.8-27b,F,aiops2022,currencyservice,2,0,0
matched_rca,qwen3.8-27b,F,aiops2022,currencyservice-0,1,0,0
matched_rca,qwen3.8-27b,F,aiops2022,currencyservice-1,2,0.5,0.5
matched_rca,qwen3.8-27b,F,aiops2022,currencyservice-2,2,0,0.25
matched_rca,qwen3.8-27b,F,aiops2022,emailservice,4,0,0.125
matched_rca,qwen3.8-27b,F,aiops2022,emailservice-1,2,0,0
matched_rca,qwen3.8-27b,F,aiops2022,frontend,3,0.33333333,0.66666667
matched_rca,qwen3.8-27b,F,aiops2022,frontend-0,1,0,0.5
matched_rca,qwen3.8-27b,F,aiops2022,frontend-1,1,1,1
matched_rca,qwen3.8-27b,F,aiops2022,frontend-2,1,0,0
matched_rca,qwen3.8-27b,F,aiops2022,frontend2-0,1,1,1
matched_rca,qwen3.8-27b,F,aiops2022,node-1,3,0,0.11111111
matched_rca,qwen3.8-27b,F,aiops2022,node-2,3,0.66666667,0.66666667
matched_rca,qwen3.8-27b,F,aiops2022,node-3,4,0,0
matched_rca,qwen3.8-27b,F,aiops2022,node-4,4,0.5,0.625
matched_rca,qwen3.8-27b,F,aiops2022,node-5,8,0.375,0.4375
matched_rca,qwen3.8-27b,F,aiops2022,node-6,7,0.71428571,0.71428571
matched_rca,qwen3.8-27b,F,aiops2022,paymentservice,1,0,0
matched_rca,qwen3.8-27b,F,aiops2022,productcatalogservice,4,0,0
matched_rca,qwen3.8-27b,F,aiops2022,productcatalogservice-0,3,0,0.27777778
matched_rca,qwen3.8-27b,F,aiops2022,productcatalogservice-1,3,0,0.16666667
matched_rca,qwen3.8-27b,F,aiops2022,productcatalogservice-2,2,0,0.16666667
matched_rca,qwen3.8-27b,F,aiops2022,productcatalogservice2-0,1,0,0.5
matched_rca,qwen3.8-27b,F,aiops2022,recommendationservice,4,0,0.125
matched_rca,qwen3.8-27b,F,aiops2022,recommendationservice-2,1,0,0
matched_rca,qwen3.8-27b,F,aiops2022,recommendationservice2-0,1,0,0
matched_rca,qwen3.8-27b,F,aiops2022,shippingservice,4,0,0
matched_rca,qwen3.8-27b,F,aiops2022,shippingservice-0,1,0,0
matched_rca,qwen3.8-27b,F,aiops2022,shippingservice-1,2,0,0
matched_rca,qwen3.8-27b,F,aiops2022,shippingservice2-0,1,0,0
matched_rca,qwen3.8-27b,F,aiops2025,adservice,14,0.14285714,0.1952381
matched_rca,qwen3.8-27b,F,aiops2025,cartservice,7,0.14285714,0.38571429
matched_rca,qwen3.8-27b,F,aiops2025,checkoutservice,17,0.11764706,0.2254902
matched_rca,qwen3.8-27b,F,aiops2025,currencyservice,4,0.25,0.33333333
matched_rca,qwen3.8-27b,F,aiops2025,emailservice,2,0,0
matched_rca,qwen3.8-27b,F,aiops2025,frontend,3,0.33333333,0.5
matched_rca,qwen3.8-27b,F,aiops2025,node-1,3,0,0
matched_rca,qwen3.8-27b,F,aiops2025,node-3,3,0.66666667,0.66666667
matched_rca,qwen3.8-27b,F,aiops2025,node-4,1,1,1
matched_rca,qwen3.8-27b,F,aiops2025,node-5,4,0.25,0.33333333
matched_rca,qwen3.8-27b,F,aiops2025,node-6,5,0,0.1
matched_rca,qwen3.8-27b,F,aiops2025,node-7,2,0,0
matched_rca,qwen3.8-27b,F,aiops2025,node-8,4,0.25,0.39583333
matched_rca,qwen3.8-27b,F,aiops2025,paymentservice,1,0,0
matched_rca,qwen3.8-27b,F,aiops2025,productcatalogservice,4,0,0.125
matched_rca,qwen3.8-27b,F,aiops2025,recommendationservice,1,0,0
matched_rca,qwen3.8-27b,F,aiops2025,shippingservice,6,0,0.125
matched_rca,qwen3.8-27b,F,aiops2025,tidb-tidb,2,0.5,0.5
matched_rca,qwen3.8-27b,F,aiops2025,tidb-tikv,10,0.1,0.26666667
matched_rca,qwen3.8-27b,F,re2_ob,checkoutservice,18,0.72222222,0.81481481
matched_rca,qwen3.8-27b,F,re2_ob,currencyservice,18,0.27777778,0.43703704
matched_rca,qwen3.8-27b,F,re2_ob,emailservice,18,0.72222222,0.85185185
matched_rca,qwen3.8-27b,F,re2_ob,productcatalogservice,18,0.33333333,0.46759259
matched_rca,qwen3.8-27b,F,re2_ob,recommendationservice,18,0.66666667,0.81944444
matched_rca,qwen3.8-27b,F,re2_tt,ts-auth-service,18,0.66666667,0.69444444
matched_rca,qwen3.8-27b,F,re2_tt,ts-order-service,18,0.55555556,0.65740741
matched_rca,qwen3.8-27b,F,re2_tt,ts-route-service,18,0.38888889,0.56018519
matched_rca,qwen3.8-27b,F,re2_tt,ts-train-service,18,0.5,0.66388889
matched_rca,qwen3.8-27b,F,re2_tt,ts-travel-service,18,0.44444444,0.61111111
matched_rca,qwen3.8-27b,H,aegislab,mysql,6,0.33333333,0.47222222
matched_rca,qwen3.8-27b,H,aegislab,ts-assurance-service,5,0.6,0.7
matched_rca,qwen3.8-27b,H,aegislab,ts-auth-service,4,0.25,0.45833333
matched_rca,qwen3.8-27b,H,aegislab,ts-basic-service,19,0.10526316,0.20175439
matched_rca,qwen3.8-27b,H,aegislab,ts-config-service,6,0,0.19444444
matched_rca,qwen3.8-27b,H,aegislab,ts-consign-service,2,0,0.25
matched_rca,qwen3.8-27b,H,aegislab,ts-contacts-service,2,0,0.33333333
matched_rca,qwen3.8-27b,H,aegislab,ts-food-service,3,0,0.27777778
matched_rca,qwen3.8-27b,H,aegislab,ts-inside-payment-service,2,1,1
matched_rca,qwen3.8-27b,H,aegislab,ts-order-other-service,4,0,0.25
matched_rca,qwen3.8-27b,H,aegislab,ts-order-service,5,0,0.25
matched_rca,qwen3.8-27b,H,aegislab,ts-preserve-service,5,0,0.38333333
matched_rca,qwen3.8-27b,H,aegislab,ts-price-service,2,0.5,0.75
matched_rca,qwen3.8-27b,H,aegislab,ts-route-plan-service,6,0.16666667,0.31111111
matched_rca,qwen3.8-27b,H,aegislab,ts-route-service,4,0,0.33333333
matched_rca,qwen3.8-27b,H,aegislab,ts-seat-service,6,0,0.36111111
matched_rca,qwen3.8-27b,H,aegislab,ts-security-service,1,0,0.5
matched_rca,qwen3.8-27b,H,aegislab,ts-station-food-service,1,1,1
matched_rca,qwen3.8-27b,H,aegislab,ts-station-service,1,0,0
matched_rca,qwen3.8-27b,H,aegislab,ts-train-service,2,0,0.25
matched_rca,qwen3.8-27b,H,aegislab,ts-travel-plan-service,3,0.66666667,0.66666667
matched_rca,qwen3.8-27b,H,aegislab,ts-travel-service,3,0,0
matched_rca,qwen3.8-27b,H,aegislab,ts-travel2-service,2,0,0.25
matched_rca,qwen3.8-27b,H,aegislab,ts-user-service,1,1,1
matched_rca,qwen3.8-27b,H,aegislab,ts-verification-code-service,1,0,0.25
matched_rca,qwen3.8-27b,H,aiops2022,adservice,2,0,0.41666667
matched_rca,qwen3.8-27b,H,aiops2022,adservice-0,1,0,0.5
matched_rca,qwen3.8-27b,H,aiops2022,adservice-1,3,0.33333333,0.4
matched_rca,qwen3.8-27b,H,aiops2022,adservice2-0,1,0,0.5
matched_rca,qwen3.8-27b,H,aiops2022,cartservice,5,0.2,0.2
matched_rca,qwen3.8-27b,H,aiops2022,cartservice-0,2,0,0
matched_rca,qwen3.8-27b,H,aiops2022,cartservice2-0,1,0,0
matched_rca,qwen3.8-27b,H,aiops2022,checkoutservice,4,0.75,0.75
matched_rca,qwen3.8-27b,H,aiops2022,checkoutservice-0,2,1,1
matched_rca,qwen3.8-27b,H,aiops2022,checkoutservice-1,2,0.5,0.5
matched_rca,qwen3.8-27b,H,aiops2022,currencyservice,2,0,0.16666667
matched_rca,qwen3.8-27b,H,aiops2022,currencyservice-0,1,0,0
matched_rca,qwen3.8-27b,H,aiops2022,currencyservice-1,2,0.5,0.5
matched_rca,qwen3.8-27b,H,aiops2022,currencyservice-2,2,0.5,0.66666667
matched_rca,qwen3.8-27b,H,aiops2022,emailservice,4,0,0.0625
matched_rca,qwen3.8-27b,H,aiops2022,emailservice-1,2,0.5,0.5
matched_rca,qwen3.8-27b,H,aiops2022,frontend,3,0,0.5
matched_rca,qwen3.8-27b,H,aiops2022,frontend-0,1,0,0.5
matched_rca,qwen3.8-27b,H,aiops2022,frontend-1,1,1,1
matched_rca,qwen3.8-27b,H,aiops2022,frontend-2,1,0,0
matched_rca,qwen3.8-27b,H,aiops2022,frontend2-0,1,0,0
matched_rca,qwen3.8-27b,H,aiops2022,node-1,3,0.33333333,0.33333333
matched_rca,qwen3.8-27b,H,aiops2022,node-2,3,1,1
matched_rca,qwen3.8-27b,H,aiops2022,node-3,4,0,0
matched_rca,qwen3.8-27b,H,aiops2022,node-4,4,0.25,0.5
matched_rca,qwen3.8-27b,H,aiops2022,node-5,8,0.25,0.3125
matched_rca,qwen3.8-27b,H,aiops2022,node-6,7,0.57142857,0.57142857
matched_rca,qwen3.8-27b,H,aiops2022,paymentservice,1,0,0
matched_rca,qwen3.8-27b,H,aiops2022,productcatalogservice,4,0,0
matched_rca,qwen3.8-27b,H,aiops2022,productcatalogservice-0,3,0,0
matched_rca,qwen3.8-27b,H,aiops2022,productcatalogservice-1,3,0,0
matched_rca,qwen3.8-27b,H,aiops2022,productcatalogservice-2,2,0,0.1
matched_rca,qwen3.8-27b,H,aiops2022,productcatalogservice2-0,1,0,0.33333333
matched_rca,qwen3.8-27b,H,aiops2022,recommendationservice,4,0,0.20833333
matched_rca,qwen3.8-27b,H,aiops2022,recommendationservice-2,1,0,0
matched_rca,qwen3.8-27b,H,aiops2022,recommendationservice2-0,1,0,0
matched_rca,qwen3.8-27b,H,aiops2022,shippingservice,4,0,0.25
matched_rca,qwen3.8-27b,H,aiops2022,shippingservice-0,1,0,0
matched_rca,qwen3.8-27b,H,aiops2022,shippingservice-1,2,0,0
matched_rca,qwen3.8-27b,H,aiops2022,shippingservice2-0,1,0,0
matched_rca,qwen3.8-27b,H,aiops2025,adservice,14,0.28571429,0.36309524
matched_rca,qwen3.8-27b,H,aiops2025,cartservice,7,0.14285714,0.31428571
matched_rca,qwen3.8-27b,H,aiops2025,checkoutservice,17,0.11764706,0.28921569
matched_rca,qwen3.8-27b,H,aiops2025,currencyservice,4,0.25,0.25
matched_rca,qwen3.8-27b,H,aiops2025,emailservice,2,0,0
matched_rca,qwen3.8-27b,H,aiops2025,frontend,3,0.33333333,0.5
matched_rca,qwen3.8-27b,H,aiops2025,node-1,3,0,0
matched_rca,qwen3.8-27b,H,aiops2025,node-3,3,0.66666667,0.66666667
matched_rca,qwen3.8-27b,H,aiops2025,node-4,1,1,1
matched_rca,qwen3.8-27b,H,aiops2025,node-5,4,0.25,0.33333333
matched_rca,qwen3.8-27b,H,aiops2025,node-6,5,0,0.04
matched_rca,qwen3.8-27b,H,aiops2025,node-7,2,0,0.25
matched_rca,qwen3.8-27b,H,aiops2025,node-8,4,0.25,0.39583333
matched_rca,qwen3.8-27b,H,aiops2025,paymentservice,1,0,0
matched_rca,qwen3.8-27b,H,aiops2025,productcatalogservice,4,0.25,0.25
matched_rca,qwen3.8-27b,H,aiops2025,recommendationservice,1,0,0
matched_rca,qwen3.8-27b,H,aiops2025,shippingservice,6,0,0.083333333
matched_rca,qwen3.8-27b,H,aiops2025,tidb-tidb,2,0,0
matched_rca,qwen3.8-27b,H,aiops2025,tidb-tikv,10,0,0.18333333
matched_rca,qwen3.8-27b,H,re2_ob,checkoutservice,18,0.77777778,0.87037037
matched_rca,qwen3.8-27b,H,re2_ob,currencyservice,18,0.27777778,0.44444444
matched_rca,qwen3.8-27b,H,re2_ob,emailservice,18,0.77777778,0.87037037
matched_rca,qwen3.8-27b,H,re2_ob,productcatalogservice,18,0.38888889,0.5462963
matched_rca,qwen3.8-27b,H,re2_ob,recommendationservice,18,0.61111111,0.7962963
matched_rca,qwen3.8-27b,H,re2_tt,ts-auth-service,18,0.66666667,0.69444444
matched_rca,qwen3.8-27b,H,re2_tt,ts-order-service,18,0.38888889,0.54166667
matched_rca,qwen3.8-27b,H,re2_tt,ts-route-service,18,0.33333333,0.52314815
matched_rca,qwen3.8-27b,H,re2_tt,ts-train-service,18,0.61111111,0.73148148
matched_rca,qwen3.8-27b,H,re2_tt,ts-travel-service,18,0.5,0.66666667
matched_rca,qwen3.8-27b,P,aegislab,mysql,6,0.5,0.61111111
matched_rca,qwen3.8-27b,P,aegislab,ts-assurance-service,5,0.4,0.5
matched_rca,qwen3.8-27b,P,aegislab,ts-auth-service,4,0,0.16666667
matched_rca,qwen3.8-27b,P,aegislab,ts-basic-service,19,0.10526316,0.20175439
matched_rca,qwen3.8-27b,P,aegislab,ts-config-service,6,0.16666667,0.33333333
matched_rca,qwen3.8-27b,P,aegislab,ts-consign-service,2,0,0.16666667
matched_rca,qwen3.8-27b,P,aegislab,ts-contacts-service,2,0,0.25
matched_rca,qwen3.8-27b,P,aegislab,ts-food-service,3,0,0.11111111
matched_rca,qwen3.8-27b,P,aegislab,ts-inside-payment-service,2,0.5,0.5
matched_rca,qwen3.8-27b,P,aegislab,ts-order-other-service,4,0,0.083333333
matched_rca,qwen3.8-27b,P,aegislab,ts-order-service,5,0,0.2
matched_rca,qwen3.8-27b,P,aegislab,ts-preserve-service,5,0,0
matched_rca,qwen3.8-27b,P,aegislab,ts-price-service,2,1,1
matched_rca,qwen3.8-27b,P,aegislab,ts-route-plan-service,6,0.16666667,0.22222222
matched_rca,qwen3.8-27b,P,aegislab,ts-route-service,4,0.25,0.58333333
matched_rca,qwen3.8-27b,P,aegislab,ts-seat-service,6,0,0.33333333
matched_rca,qwen3.8-27b,P,aegislab,ts-security-service,1,0,0.5
matched_rca,qwen3.8-27b,P,aegislab,ts-station-food-service,1,0,0.5
matched_rca,qwen3.8-27b,P,aegislab,ts-station-service,1,0,0.25
matched_rca,qwen3.8-27b,P,aegislab,ts-train-service,2,0,0.25
matched_rca,qwen3.8-27b,P,aegislab,ts-travel-plan-service,3,0.66666667,0.66666667
matched_rca,qwen3.8-27b,P,aegislab,ts-travel-service,3,0,0
matched_rca,qwen3.8-27b,P,aegislab,ts-travel2-service,2,0,0.1
matched_rca,qwen3.8-27b,P,aegislab,ts-user-service,1,0,0.5
matched_rca,qwen3.8-27b,P,aegislab,ts-verification-code-service,1,0,0.33333333
matched_rca,qwen3.8-27b,P,aiops2022,adservice,2,0,0.25
matched_rca,qwen3.8-27b,P,aiops2022,adservice-0,1,0,0
matched_rca,qwen3.8-27b,P,aiops2022,adservice-1,3,0,0
matched_rca,qwen3.8-27b,P,aiops2022,adservice2-0,1,0,0.25
matched_rca,qwen3.8-27b,P,aiops2022,cartservice,5,0.2,0.40666667
matched_rca,qwen3.8-27b,P,aiops2022,cartservice-0,2,0,0.25
matched_rca,qwen3.8-27b,P,aiops2022,cartservice2-0,1,0,0
matched_rca,qwen3.8-27b,P,aiops2022,checkoutservice,4,0.75,0.75
matched_rca,qwen3.8-27b,P,aiops2022,checkoutservice-0,2,0.5,0.5
matched_rca,qwen3.8-27b,P,aiops2022,checkoutservice-1,2,0,0
matched_rca,qwen3.8-27b,P,aiops2022,currencyservice,2,0,0
matched_rca,qwen3.8-27b,P,aiops2022,currencyservice-0,1,0,0
matched_rca,qwen3.8-27b,P,aiops2022,currencyservice-1,2,0,0
matched_rca,qwen3.8-27b,P,aiops2022,currencyservice-2,2,0,0.16666667
matched_rca,qwen3.8-27b,P,aiops2022,emailservice,4,0,0.125
matched_rca,qwen3.8-27b,P,aiops2022,emailservice-1,2,0,0.25
matched_rca,qwen3.8-27b,P,aiops2022,frontend,3,0.33333333,0.5
matched_rca,qwen3.8-27b,P,aiops2022,frontend-0,1,0,0
matched_rca,qwen3.8-27b,P,aiops2022,frontend-1,1,1,1
matched_rca,qwen3.8-27b,P,aiops2022,frontend-2,1,0,0
matched_rca,qwen3.8-27b,P,aiops2022,frontend2-0,1,1,1
matched_rca,qwen3.8-27b,P,aiops2022,node-1,3,0.33333333,0.33333333
matched_rca,qwen3.8-27b,P,aiops2022,node-2,3,0.66666667,0.66666667
matched_rca,qwen3.8-27b,P,aiops2022,node-3,4,0,0.083333333
matched_rca,qwen3.8-27b,P,aiops2022,node-4,4,0.25,0.375
matched_rca,qwen3.8-27b,P,aiops2022,node-5,8,0.375,0.375
matched_rca,qwen3.8-27b,P,aiops2022,node-6,7,0.57142857,0.57142857
matched_rca,qwen3.8-27b,P,aiops2022,paymentservice,1,0,0
matched_rca,qwen3.8-27b,P,aiops2022,productcatalogservice,4,0,0
matched_rca,qwen3.8-27b,P,aiops2022,productcatalogservice-0,3,0,0.083333333
matched_rca,qwen3.8-27b,P,aiops2022,productcatalogservice-1,3,0,0.083333333
matched_rca,qwen3.8-27b,P,aiops2022,productcatalogservice-2,2,0,0.16666667
matched_rca,qwen3.8-27b,P,aiops2022,productcatalogservice2-0,1,0,0
matched_rca,qwen3.8-27b,P,aiops2022,recommendationservice,4,0,0.125
matched_rca,qwen3.8-27b,P,aiops2022,recommendationservice-2,1,0,0.33333333
matched_rca,qwen3.8-27b,P,aiops2022,recommendationservice2-0,1,0,0
matched_rca,qwen3.8-27b,P,aiops2022,shippingservice,4,0.25,0.25
matched_rca,qwen3.8-27b,P,aiops2022,shippingservice-0,1,0,0
matched_rca,qwen3.8-27b,P,aiops2022,shippingservice-1,2,0,0
matched_rca,qwen3.8-27b,P,aiops2022,shippingservice2-0,1,0,0
matched_rca,qwen3.8-27b,P,aiops2025,adservice,14,0.14285714,0.225
matched_rca,qwen3.8-27b,P,aiops2025,cartservice,7,0.14285714,0.27857143
matched_rca,qwen3.8-27b,P,aiops2025,checkoutservice,17,0.17647059,0.31568627
matched_rca,qwen3.8-27b,P,aiops2025,currencyservice,4,0.25,0.39583333
matched_rca,qwen3.8-27b,P,aiops2025,emailservice,2,0,0
matched_rca,qwen3.8-27b,P,aiops2025,frontend,3,0.66666667,0.66666667
matched_rca,qwen3.8-27b,P,aiops2025,node-1,3,0,0
matched_rca,qwen3.8-27b,P,aiops2025,node-3,3,0.66666667,0.66666667
matched_rca,qwen3.8-27b,P,aiops2025,node-4,1,1,1
matched_rca,qwen3.8-27b,P,aiops2025,node-5,4,0.25,0.33333333
matched_rca,qwen3.8-27b,P,aiops2025,node-6,5,0,0.1
matched_rca,qwen3.8-27b,P,aiops2025,node-7,2,0,0.25
matched_rca,qwen3.8-27b,P,aiops2025,node-8,4,0.25,0.33333333
matched_rca,qwen3.8-27b,P,aiops2025,paymentservice,1,0,0
matched_rca,qwen3.8-27b,P,aiops2025,productcatalogservice,4,0,0.083333333
matched_rca,qwen3.8-27b,P,aiops2025,recommendationservice,1,0,0
matched_rca,qwen3.8-27b,P,aiops2025,shippingservice,6,0,0.11666667
matched_rca,qwen3.8-27b,P,aiops2025,tidb-tidb,2,0,0
matched_rca,qwen3.8-27b,P,aiops2025,tidb-tikv,10,0,0.18333333
matched_rca,qwen3.8-27b,P,re2_ob,checkoutservice,18,0.72222222,0.82407407
matched_rca,qwen3.8-27b,P,re2_ob,currencyservice,18,0.11111111,0.37037037
matched_rca,qwen3.8-27b,P,re2_ob,emailservice,18,0.61111111,0.79166667
matched_rca,qwen3.8-27b,P,re2_ob,productcatalogservice,18,0.33333333,0.5
matched_rca,qwen3.8-27b,P,re2_ob,recommendationservice,18,0.61111111,0.78240741
matched_rca,qwen3.8-27b,P,re2_tt,ts-auth-service,18,0.61111111,0.65740741
matched_rca,qwen3.8-27b,P,re2_tt,ts-order-service,18,0.38888889,0.53703704
matched_rca,qwen3.8-27b,P,re2_tt,ts-route-service,18,0.27777778,0.5
matched_rca,qwen3.8-27b,P,re2_tt,ts-train-service,18,0.55555556,0.66666667
matched_rca,qwen3.8-27b,P,re2_tt,ts-travel-service,18,0.44444444,0.64814815
matched_rca,qwen3.8-27b,R,aegislab,mysql,6,0.5,0.58333333
matched_rca,qwen3.8-27b,R,aegislab,ts-assurance-service,5,0.6,0.7
matched_rca,qwen3.8-27b,R,aegislab,ts-auth-service,4,0.25,0.5
matched_rca,qwen3.8-27b,R,aegislab,ts-basic-service,19,0,0.13596491
matched_rca,qwen3.8-27b,R,aegislab,ts-config-service,6,0.5,0.69444444
matched_rca,qwen3.8-27b,R,aegislab,ts-consign-service,2,0,0.1
matched_rca,qwen3.8-27b,R,aegislab,ts-contacts-service,2,0.5,0.66666667
matched_rca,qwen3.8-27b,R,aegislab,ts-food-service,3,0.33333333,0.33333333
matched_rca,qwen3.8-27b,R,aegislab,ts-inside-payment-service,2,1,1
matched_rca,qwen3.8-27b,R,aegislab,ts-order-other-service,4,0,0.41666667
matched_rca,qwen3.8-27b,R,aegislab,ts-order-service,5,0,0.36666667
matched_rca,qwen3.8-27b,R,aegislab,ts-preserve-service,5,0.6,0.76666667
matched_rca,qwen3.8-27b,R,aegislab,ts-price-service,2,0.5,0.75
matched_rca,qwen3.8-27b,R,aegislab,ts-route-plan-service,6,0.33333333,0.41666667
matched_rca,qwen3.8-27b,R,aegislab,ts-route-service,4,0.25,0.375
matched_rca,qwen3.8-27b,R,aegislab,ts-seat-service,6,0.5,0.63888889
matched_rca,qwen3.8-27b,R,aegislab,ts-security-service,1,0,0.5
matched_rca,qwen3.8-27b,R,aegislab,ts-station-food-service,1,0,0.33333333
matched_rca,qwen3.8-27b,R,aegislab,ts-station-service,1,1,1
matched_rca,qwen3.8-27b,R,aegislab,ts-train-service,2,0,0
matched_rca,qwen3.8-27b,R,aegislab,ts-travel-plan-service,3,0.66666667,0.66666667
matched_rca,qwen3.8-27b,R,aegislab,ts-travel-service,3,0.33333333,0.44444444
matched_rca,qwen3.8-27b,R,aegislab,ts-travel2-service,2,0.5,0.5
matched_rca,qwen3.8-27b,R,aegislab,ts-user-service,1,0,0.5
matched_rca,qwen3.8-27b,R,aegislab,ts-verification-code-service,1,0,0.5
matched_rca,qwen3.8-27b,R,aiops2022,adservice,2,0.5,0.75
matched_rca,qwen3.8-27b,R,aiops2022,adservice-0,1,0,0
matched_rca,qwen3.8-27b,R,aiops2022,adservice-1,3,0,0.27777778
matched_rca,qwen3.8-27b,R,aiops2022,adservice2-0,1,0,0
matched_rca,qwen3.8-27b,R,aiops2022,cartservice,5,0.2,0.30666667
matched_rca,qwen3.8-27b,R,aiops2022,cartservice-0,2,0,0.25
matched_rca,qwen3.8-27b,R,aiops2022,cartservice2-0,1,0,0.2
matched_rca,qwen3.8-27b,R,aiops2022,checkoutservice,4,0.75,0.875
matched_rca,qwen3.8-27b,R,aiops2022,checkoutservice-0,2,1,1
matched_rca,qwen3.8-27b,R,aiops2022,checkoutservice-1,2,0.5,0.5
matched_rca,qwen3.8-27b,R,aiops2022,currencyservice,2,0,0.1
matched_rca,qwen3.8-27b,R,aiops2022,currencyservice-0,1,0,0
matched_rca,qwen3.8-27b,R,aiops2022,currencyservice-1,2,0.5,0.5
matched_rca,qwen3.8-27b,R,aiops2022,currencyservice-2,2,0,0.29166667
matched_rca,qwen3.8-27b,R,aiops2022,emailservice,4,0,0.25
matched_rca,qwen3.8-27b,R,aiops2022,emailservice-1,2,0.5,0.5
matched_rca,qwen3.8-27b,R,aiops2022,frontend,3,0.66666667,0.83333333
matched_rca,qwen3.8-27b,R,aiops2022,frontend-0,1,0,0
matched_rca,qwen3.8-27b,R,aiops2022,frontend-1,1,1,1
matched_rca,qwen3.8-27b,R,aiops2022,frontend-2,1,1,1
matched_rca,qwen3.8-27b,R,aiops2022,frontend2-0,1,0,0.5
matched_rca,qwen3.8-27b,R,aiops2022,node-1,3,0,0
matched_rca,qwen3.8-27b,R,aiops2022,node-2,3,0.33333333,0.33333333
matched_rca,qwen3.8-27b,R,aiops2022,node-3,4,0,0.05
matched_rca,qwen3.8-27b,R,aiops2022,node-4,4,0,0.20833333
matched_rca,qwen3.8-27b,R,aiops2022,node-5,8,0.25,0.35416667
matched_rca,qwen3.8-27b,R,aiops2022,node-6,7,0.42857143,0.54761905
matched_rca,qwen3.8-27b,R,aiops2022,paymentservice,1,0,0
matched_rca,qwen3.8-27b,R,aiops2022,productcatalogservice,4,0.25,0.25
matched_rca,qwen3.8-27b,R,aiops2022,productcatalogservice-0,3,0.33333333,0.44444444
matched_rca,qwen3.8-27b,R,aiops2022,productcatalogservice-1,3,0,0.27777778
matched_rca,qwen3.8-27b,R,aiops2022,productcatalogservice-2,2,0.5,0.75
matched_rca,qwen3.8-27b,R,aiops2022,productcatalogservice2-0,1,0,0.33333333
matched_rca,qwen3.8-27b,R,aiops2022,recommendationservice,4,0,0.2375
matched_rca,qwen3.8-27b,R,aiops2022,recommendationservice-2,1,0,0
matched_rca,qwen3.8-27b,R,aiops2022,recommendationservice2-0,1,0,0
matched_rca,qwen3.8-27b,R,aiops2022,shippingservice,4,0.25,0.25
matched_rca,qwen3.8-27b,R,aiops2022,shippingservice-0,1,0,0
matched_rca,qwen3.8-27b,R,aiops2022,shippingservice-1,2,0,0
matched_rca,qwen3.8-27b,R,aiops2022,shippingservice2-0,1,0,0.5
matched_rca,qwen3.8-27b,R,aiops2025,adservice,14,0.21428571,0.32619048
matched_rca,qwen3.8-27b,R,aiops2025,cartservice,7,0.28571429,0.57142857
matched_rca,qwen3.8-27b,R,aiops2025,checkoutservice,17,0.23529412,0.37254902
matched_rca,qwen3.8-27b,R,aiops2025,currencyservice,4,0.25,0.25
matched_rca,qwen3.8-27b,R,aiops2025,emailservice,2,0.5,0.5
matched_rca,qwen3.8-27b,R,aiops2025,frontend,3,0.66666667,0.66666667
matched_rca,qwen3.8-27b,R,aiops2025,node-1,3,0,0
matched_rca,qwen3.8-27b,R,aiops2025,node-3,3,0.66666667,0.66666667
matched_rca,qwen3.8-27b,R,aiops2025,node-4,1,1,1
matched_rca,qwen3.8-27b,R,aiops2025,node-5,4,0.25,0.25
matched_rca,qwen3.8-27b,R,aiops2025,node-6,5,0,0.1
matched_rca,qwen3.8-27b,R,aiops2025,node-7,2,0.5,0.5
matched_rca,qwen3.8-27b,R,aiops2025,node-8,4,0.25,0.375
matched_rca,qwen3.8-27b,R,aiops2025,paymentservice,1,0,0
matched_rca,qwen3.8-27b,R,aiops2025,productcatalogservice,4,0,0.125
matched_rca,qwen3.8-27b,R,aiops2025,recommendationservice,1,0,0.33333333
matched_rca,qwen3.8-27b,R,aiops2025,shippingservice,6,0,0.16666667
matched_rca,qwen3.8-27b,R,aiops2025,tidb-tidb,2,0,0
matched_rca,qwen3.8-27b,R,aiops2025,tidb-tikv,10,0,0.21666667
matched_rca,qwen3.8-27b,R,re2_ob,checkoutservice,18,0.77777778,0.87962963
matched_rca,qwen3.8-27b,R,re2_ob,currencyservice,18,0.33333333,0.46296296
matched_rca,qwen3.8-27b,R,re2_ob,emailservice,18,0.83333333,0.91666667
matched_rca,qwen3.8-27b,R,re2_ob,productcatalogservice,18,0.38888889,0.48148148
matched_rca,qwen3.8-27b,R,re2_ob,recommendationservice,18,0.66666667,0.76851852
matched_rca,qwen3.8-27b,R,re2_tt,ts-auth-service,18,0.44444444,0.52777778
matched_rca,qwen3.8-27b,R,re2_tt,ts-order-service,18,0.61111111,0.74074074
matched_rca,qwen3.8-27b,R,re2_tt,ts-route-service,18,0.33333333,0.5462963
matched_rca,qwen3.8-27b,R,re2_tt,ts-train-service,18,0.38888889,0.58796296
matched_rca,qwen3.8-27b,R,re2_tt,ts-travel-service,18,0.61111111,0.67592593
matched_rca,qwen3.8-27b,T,aegislab,mysql,6,0.33333333,0.61111111
matched_rca,qwen3.8-27b,T,aegislab,ts-assurance-service,5,0.8,0.9
matched_rca,qwen3.8-27b,T,aegislab,ts-auth-service,4,0.25,0.39583333
matched_rca,qwen3.8-27b,T,aegislab,ts-basic-service,19,0.052631579,0.15350877
matched_rca,qwen3.8-27b,T,aegislab,ts-config-service,6,0.16666667,0.33333333
matched_rca,qwen3.8-27b,T,aegislab,ts-consign-service,2,0.5,0.5
matched_rca,qwen3.8-27b,T,aegislab,ts-contacts-service,2,0,0.16666667
matched_rca,qwen3.8-27b,T,aegislab,ts-food-service,3,0.33333333,0.5
matched_rca,qwen3.8-27b,T,aegislab,ts-inside-payment-service,2,1,1
matched_rca,qwen3.8-27b,T,aegislab,ts-order-other-service,4,0.25,0.3125
matched_rca,qwen3.8-27b,T,aegislab,ts-order-service,5,0,0.05
matched_rca,qwen3.8-27b,T,aegislab,ts-preserve-service,5,0.2,0.24
matched_rca,qwen3.8-27b,T,aegislab,ts-price-service,2,0.5,0.66666667
matched_rca,qwen3.8-27b,T,aegislab,ts-route-plan-service,6,0.16666667,0.26388889
matched_rca,qwen3.8-27b,T,aegislab,ts-route-service,4,0,0.20833333
matched_rca,qwen3.8-27b,T,aegislab,ts-seat-service,6,0.16666667,0.33333333
matched_rca,qwen3.8-27b,T,aegislab,ts-security-service,1,0,0.5
matched_rca,qwen3.8-27b,T,aegislab,ts-station-food-service,1,0,0.33333333
matched_rca,qwen3.8-27b,T,aegislab,ts-station-service,1,0,0
matched_rca,qwen3.8-27b,T,aegislab,ts-train-service,2,0,0.25
matched_rca,qwen3.8-27b,T,aegislab,ts-travel-plan-service,3,0.66666667,0.66666667
matched_rca,qwen3.8-27b,T,aegislab,ts-travel-service,3,0,0
matched_rca,qwen3.8-27b,T,aegislab,ts-travel2-service,2,0.5,0.5
matched_rca,qwen3.8-27b,T,aegislab,ts-user-service,1,0,0.5
matched_rca,qwen3.8-27b,T,aegislab,ts-verification-code-service,1,0,0
matched_rca,qwen3.8-27b,T,aiops2022,adservice,2,0,0.33333333
matched_rca,qwen3.8-27b,T,aiops2022,adservice-0,1,0,0
matched_rca,qwen3.8-27b,T,aiops2022,adservice-1,3,0.33333333,0.44444444
matched_rca,qwen3.8-27b,T,aiops2022,adservice2-0,1,0,0
matched_rca,qwen3.8-27b,T,aiops2022,cartservice,5,0,0.2
matched_rca,qwen3.8-27b,T,aiops2022,cartservice-0,2,0,0.16666667
matched_rca,qwen3.8-27b,T,aiops2022,cartservice2-0,1,0,0
matched_rca,qwen3.8-27b,T,aiops2022,checkoutservice,4,0.5,0.625
matched_rca,qwen3.8-27b,T,aiops2022,checkoutservice-0,2,1,1
matched_rca,qwen3.8-27b,T,aiops2022,checkoutservice-1,2,0.5,0.5
matched_rca,qwen3.8-27b,T,aiops2022,currencyservice,2,0,0.16666667
matched_rca,qwen3.8-27b,T,aiops2022,currencyservice-0,1,0,0
matched_rca,qwen3.8-27b,T,aiops2022,currencyservice-1,2,0,0
matched_rca,qwen3.8-27b,T,aiops2022,currencyservice-2,2,0,0.41666667
matched_rca,qwen3.8-27b,T,aiops2022,emailservice,4,0.25,0.45833333
matched_rca,qwen3.8-27b,T,aiops2022,emailservice-1,2,0.5,0.625
matched_rca,qwen3.8-27b,T,aiops2022,frontend,3,0,0.11111111
matched_rca,qwen3.8-27b,T,aiops2022,frontend-0,1,0,0
matched_rca,qwen3.8-27b,T,aiops2022,frontend-1,1,1,1
matched_rca,qwen3.8-27b,T,aiops2022,frontend-2,1,0,0
matched_rca,qwen3.8-27b,T,aiops2022,frontend2-0,1,0,0
matched_rca,qwen3.8-27b,T,aiops2022,node-1,3,0,0.11111111
matched_rca,qwen3.8-27b,T,aiops2022,node-2,3,0.66666667,0.66666667
matched_rca,qwen3.8-27b,T,aiops2022,node-3,4,0,0.0625
matched_rca,qwen3.8-27b,T,aiops2022,node-4,4,0.25,0.5
matched_rca,qwen3.8-27b,T,aiops2022,node-5,8,0.25,0.375
matched_rca,qwen3.8-27b,T,aiops2022,node-6,7,0.71428571,0.71428571
matched_rca,qwen3.8-27b,T,aiops2022,paymentservice,1,0,0
matched_rca,qwen3.8-27b,T,aiops2022,productcatalogservice,4,0.25,0.25
matched_rca,qwen3.8-27b,T,aiops2022,productcatalogservice-0,3,0,0.16666667
matched_rca,qwen3.8-27b,T,aiops2022,productcatalogservice-1,3,0,0.11111111
matched_rca,qwen3.8-27b,T,aiops2022,productcatalogservice-2,2,0,0.25
matched_rca,qwen3.8-27b,T,aiops2022,productcatalogservice2-0,1,0,0.5
matched_rca,qwen3.8-27b,T,aiops2022,recommendationservice,4,0,0.20833333
matched_rca,qwen3.8-27b,T,aiops2022,recommendationservice-2,1,0,0
matched_rca,qwen3.8-27b,T,aiops2022,recommendationservice2-0,1,0,0
matched_rca,qwen3.8-27b,T,aiops2022,shippingservice,4,0.25,0.375
matched_rca,qwen3.8-27b,T,aiops2022,shippingservice-0,1,0,0
matched_rca,qwen3.8-27b,T,aiops2022,shippingservice-1,2,0,0
matched_rca,qwen3.8-27b,T,aiops2022,shippingservice2-0,1,0,0
matched_rca,qwen3.8-27b,T,aiops2025,adservice,14,0.14285714,0.23452381
matched_rca,qwen3.8-27b,T,aiops2025,cartservice,7,0.28571429,0.51190476
matched_rca,qwen3.8-27b,T,aiops2025,checkoutservice,17,0.17647059,0.32352941
matched_rca,qwen3.8-27b,T,aiops2025,currencyservice,4,0.25,0.33333333
matched_rca,qwen3.8-27b,T,aiops2025,emailservice,2,0,0.25
matched_rca,qwen3.8-27b,T,aiops2025,frontend,3,0.33333333,0.5
matched_rca,qwen3.8-27b,T,aiops2025,node-1,3,0,0
matched_rca,qwen3.8-27b,T,aiops2025,node-3,3,0.66666667,0.66666667
matched_rca,qwen3.8-27b,T,aiops2025,node-4,1,1,1
matched_rca,qwen3.8-27b,T,aiops2025,node-5,4,0.25,0.3
matched_rca,qwen3.8-27b,T,aiops2025,node-6,5,0.2,0.2
matched_rca,qwen3.8-27b,T,aiops2025,node-7,2,0,0.25
matched_rca,qwen3.8-27b,T,aiops2025,node-8,4,0.25,0.33333333
matched_rca,qwen3.8-27b,T,aiops2025,paymentservice,1,0,0.2
matched_rca,qwen3.8-27b,T,aiops2025,productcatalogservice,4,0,0.125
matched_rca,qwen3.8-27b,T,aiops2025,recommendationservice,1,0,0
matched_rca,qwen3.8-27b,T,aiops2025,shippingservice,6,0,0.083333333
matched_rca,qwen3.8-27b,T,aiops2025,tidb-tidb,2,0.5,0.5
matched_rca,qwen3.8-27b,T,aiops2025,tidb-tikv,10,0,0.23666667
matched_rca,qwen3.8-27b,T,re2_ob,checkoutservice,18,0.77777778,0.88888889
matched_rca,qwen3.8-27b,T,re2_ob,currencyservice,18,0.33333333,0.51851852
matched_rca,qwen3.8-27b,T,re2_ob,emailservice,18,0.72222222,0.84722222
matched_rca,qwen3.8-27b,T,re2_ob,productcatalogservice,18,0.33333333,0.50925926
matched_rca,qwen3.8-27b,T,re2_ob,recommendationservice,18,0.66666667,0.81944444
matched_rca,qwen3.8-27b,T,re2_tt,ts-auth-service,18,0.66666667,0.69444444
matched_rca,qwen3.8-27b,T,re2_tt,ts-order-service,18,0.5,0.62962963
matched_rca,qwen3.8-27b,T,re2_tt,ts-route-service,18,0.33333333,0.51851852
matched_rca,qwen3.8-27b,T,re2_tt,ts-train-service,18,0.55555556,0.72222222
matched_rca,qwen3.8-27b,T,re2_tt,ts-travel-service,18,0.38888889,0.60185185
matched_rca,qwen3.8-27b,V,aegislab,mysql,6,0.33333333,0.44444444
matched_rca,qwen3.8-27b,V,aegislab,ts-assurance-service,5,0.8,0.85
matched_rca,qwen3.8-27b,V,aegislab,ts-auth-service,4,0.75,0.75
matched_rca,qwen3.8-27b,V,aegislab,ts-basic-service,19,0.052631579,0.15789474
matched_rca,qwen3.8-27b,V,aegislab,ts-config-service,6,0.16666667,0.30555556
matched_rca,qwen3.8-27b,V,aegislab,ts-consign-service,2,0,0.16666667
matched_rca,qwen3.8-27b,V,aegislab,ts-contacts-service,2,0.5,0.5
matched_rca,qwen3.8-27b,V,aegislab,ts-food-service,3,0,0.38888889
matched_rca,qwen3.8-27b,V,aegislab,ts-inside-payment-service,2,1,1
matched_rca,qwen3.8-27b,V,aegislab,ts-order-other-service,4,0,0.25
matched_rca,qwen3.8-27b,V,aegislab,ts-order-service,5,0,0.2
matched_rca,qwen3.8-27b,V,aegislab,ts-preserve-service,5,0.2,0.4
matched_rca,qwen3.8-27b,V,aegislab,ts-price-service,2,1,1
matched_rca,qwen3.8-27b,V,aegislab,ts-route-plan-service,6,0,0.17222222
matched_rca,qwen3.8-27b,V,aegislab,ts-route-service,4,0,0.25
matched_rca,qwen3.8-27b,V,aegislab,ts-seat-service,6,0.5,0.59722222
matched_rca,qwen3.8-27b,V,aegislab,ts-security-service,1,0,0.5
matched_rca,qwen3.8-27b,V,aegislab,ts-station-food-service,1,1,1
matched_rca,qwen3.8-27b,V,aegislab,ts-station-service,1,1,1
matched_rca,qwen3.8-27b,V,aegislab,ts-train-service,2,0.5,0.5
matched_rca,qwen3.8-27b,V,aegislab,ts-travel-plan-service,3,0.66666667,0.73333333
matched_rca,qwen3.8-27b,V,aegislab,ts-travel-service,3,0.33333333,0.33333333
matched_rca,qwen3.8-27b,V,aegislab,ts-travel2-service,2,0,0
matched_rca,qwen3.8-27b,V,aegislab,ts-user-service,1,0,0.5
matched_rca,qwen3.8-27b,V,aegislab,ts-verification-code-service,1,0,0.33333333
matched_rca,qwen3.8-27b,V,aiops2022,adservice,2,0.5,0.625
matched_rca,qwen3.8-27b,V,aiops2022,adservice-0,1,0,0
matched_rca,qwen3.8-27b,V,aiops2022,adservice-1,3,0.33333333,0.33333333
matched_rca,qwen3.8-27b,V,aiops2022,adservice2-0,1,0,0
matched_rca,qwen3.8-27b,V,aiops2022,cartservice,5,0.4,0.56666667
matched_rca,qwen3.8-27b,V,aiops2022,cartservice-0,2,0,0.25
matched_rca,qwen3.8-27b,V,aiops2022,cartservice2-0,1,0,0
matched_rca,qwen3.8-27b,V,aiops2022,checkoutservice,4,0.25,0.41666667
matched_rca,qwen3.8-27b,V,aiops2022,checkoutservice-0,2,0.5,0.66666667
matched_rca,qwen3.8-27b,V,aiops2022,checkoutservice-1,2,0,0
matched_rca,qwen3.8-27b,V,aiops2022,currencyservice,2,0,0
matched_rca,qwen3.8-27b,V,aiops2022,currencyservice-0,1,0,0
matched_rca,qwen3.8-27b,V,aiops2022,currencyservice-1,2,0,0
matched_rca,qwen3.8-27b,V,aiops2022,currencyservice-2,2,0,0.16666667
matched_rca,qwen3.8-27b,V,aiops2022,emailservice,4,0,0.1875
matched_rca,qwen3.8-27b,V,aiops2022,emailservice-1,2,0,0
matched_rca,qwen3.8-27b,V,aiops2022,frontend,3,0,0.33333333
matched_rca,qwen3.8-27b,V,aiops2022,frontend-0,1,1,1
matched_rca,qwen3.8-27b,V,aiops2022,frontend-1,1,1,1
matched_rca,qwen3.8-27b,V,aiops2022,frontend-2,1,1,1
matched_rca,qwen3.8-27b,V,aiops2022,frontend2-0,1,1,1
matched_rca,qwen3.8-27b,V,aiops2022,node-1,3,0,0
matched_rca,qwen3.8-27b,V,aiops2022,node-2,3,0.66666667,0.66666667
matched_rca,qwen3.8-27b,V,aiops2022,node-3,4,0,0.083333333
matched_rca,qwen3.8-27b,V,aiops2022,node-4,4,0,0.083333333
matched_rca,qwen3.8-27b,V,aiops2022,node-5,8,0.125,0.1875
matched_rca,qwen3.8-27b,V,aiops2022,node-6,7,0.42857143,0.5
matched_rca,qwen3.8-27b,V,aiops2022,paymentservice,1,0,0
matched_rca,qwen3.8-27b,V,aiops2022,productcatalogservice,4,0,0.05
matched_rca,qwen3.8-27b,V,aiops2022,productcatalogservice-0,3,0,0.083333333
matched_rca,qwen3.8-27b,V,aiops2022,productcatalogservice-1,3,0,0.19444444
matched_rca,qwen3.8-27b,V,aiops2022,productcatalogservice-2,2,0,0.16666667
matched_rca,qwen3.8-27b,V,aiops2022,productcatalogservice2-0,1,0,0.33333333
matched_rca,qwen3.8-27b,V,aiops2022,recommendationservice,4,0,0.3125
matched_rca,qwen3.8-27b,V,aiops2022,recommendationservice-2,1,0,0.33333333
matched_rca,qwen3.8-27b,V,aiops2022,recommendationservice2-0,1,0,0
matched_rca,qwen3.8-27b,V,aiops2022,shippingservice,4,0.25,0.375
matched_rca,qwen3.8-27b,V,aiops2022,shippingservice-0,1,0,0
matched_rca,qwen3.8-27b,V,aiops2022,shippingservice-1,2,0,0
matched_rca,qwen3.8-27b,V,aiops2022,shippingservice2-0,1,0,0.5
matched_rca,qwen3.8-27b,V,aiops2025,adservice,14,0.28571429,0.34761905
matched_rca,qwen3.8-27b,V,aiops2025,cartservice,7,0,0.25
matched_rca,qwen3.8-27b,V,aiops2025,checkoutservice,17,0.17647059,0.31372549
matched_rca,qwen3.8-27b,V,aiops2025,currencyservice,4,0.25,0.3125
matched_rca,qwen3.8-27b,V,aiops2025,emailservice,2,0,0
matched_rca,qwen3.8-27b,V,aiops2025,frontend,3,0.66666667,0.75
matched_rca,qwen3.8-27b,V,aiops2025,node-1,3,0,0
matched_rca,qwen3.8-27b,V,aiops2025,node-3,3,0.66666667,0.77777778
matched_rca,qwen3.8-27b,V,aiops2025,node-4,1,0,0
matched_rca,qwen3.8-27b,V,aiops2025,node-5,4,0.25,0.25
matched_rca,qwen3.8-27b,V,aiops2025,node-6,5,0,0.16666667
matched_rca,qwen3.8-27b,V,aiops2025,node-7,2,0.5,0.5
matched_rca,qwen3.8-27b,V,aiops2025,node-8,4,0.25,0.25
matched_rca,qwen3.8-27b,V,aiops2025,paymentservice,1,0,0.5
matched_rca,qwen3.8-27b,V,aiops2025,productcatalogservice,4,0.25,0.375
matched_rca,qwen3.8-27b,V,aiops2025,recommendationservice,1,0,0
matched_rca,qwen3.8-27b,V,aiops2025,shippingservice,6,0,0.088888889
matched_rca,qwen3.8-27b,V,aiops2025,tidb-tidb,2,0.5,0.5
matched_rca,qwen3.8-27b,V,aiops2025,tidb-tikv,10,0.1,0.25
matched_rca,qwen3.8-27b,V,re2_ob,checkoutservice,18,0.5,0.66203704
matched_rca,qwen3.8-27b,V,re2_ob,currencyservice,18,0.27777778,0.48333333
matched_rca,qwen3.8-27b,V,re2_ob,emailservice,18,0.55555556,0.73611111
matched_rca,qwen3.8-27b,V,re2_ob,productcatalogservice,18,0.38888889,0.53703704
matched_rca,qwen3.8-27b,V,re2_ob,recommendationservice,18,0.55555556,0.7287037
matched_rca,qwen3.8-27b,V,re2_tt,ts-auth-service,18,0.38888889,0.5
matched_rca,qwen3.8-27b,V,re2_tt,ts-order-service,18,0.5,0.63888889
matched_rca,qwen3.8-27b,V,re2_tt,ts-route-service,18,0.33333333,0.53703704
matched_rca,qwen3.8-27b,V,re2_tt,ts-train-service,18,0.33333333,0.51851852
matched_rca,qwen3.8-27b,V,re2_tt,ts-travel-service,18,0.44444444,0.50925926
visual_counterfactual_rca,gemma-4-26b-a4b,H_factual,aegislab,mysql,6,0.33333333,0.33333333
visual_counterfactual_rca,gemma-4-26b-a4b,H_factual,aegislab,ts-assurance-service,5,1,1
visual_counterfactual_rca,gemma-4-26b-a4b,H_factual,aegislab,ts-auth-service,4,0.75,0.75
visual_counterfactual_rca,gemma-4-26b-a4b,H_factual,aegislab,ts-basic-service,19,0.052631579,0.10526316
visual_counterfactual_rca,gemma-4-26b-a4b,H_factual,aegislab,ts-config-service,6,0.5,0.58333333
visual_counterfactual_rca,gemma-4-26b-a4b,H_factual,aegislab,ts-consign-service,2,0.5,0.5
visual_counterfactual_rca,gemma-4-26b-a4b,H_factual,aegislab,ts-contacts-service,2,1,1
visual_counterfactual_rca,gemma-4-26b-a4b,H_factual,aegislab,ts-food-service,3,0.66666667,0.66666667
visual_counterfactual_rca,gemma-4-26b-a4b,H_factual,aegislab,ts-inside-payment-service,2,1,1
visual_counterfactual_rca,gemma-4-26b-a4b,H_factual,aegislab,ts-order-other-service,4,0.5,0.5
visual_counterfactual_rca,gemma-4-26b-a4b,H_factual,aegislab,ts-order-service,5,0.6,0.6
visual_counterfactual_rca,gemma-4-26b-a4b,H_factual,aegislab,ts-preserve-service,5,0.8,0.8
visual_counterfactual_rca,gemma-4-26b-a4b,H_factual,aegislab,ts-price-service,2,0.5,0.75
visual_counterfactual_rca,gemma-4-26b-a4b,H_factual,aegislab,ts-route-plan-service,6,0.5,0.5
visual_counterfactual_rca,gemma-4-26b-a4b,H_factual,aegislab,ts-route-service,4,0.25,0.375
visual_counterfactual_rca,gemma-4-26b-a4b,H_factual,aegislab,ts-seat-service,6,0.16666667,0.16666667
visual_counterfactual_rca,gemma-4-26b-a4b,H_factual,aegislab,ts-security-service,1,0,0
visual_counterfactual_rca,gemma-4-26b-a4b,H_factual,aegislab,ts-station-food-service,1,1,1
visual_counterfactual_rca,gemma-4-26b-a4b,H_factual,aegislab,ts-station-service,1,1,1
visual_counterfactual_rca,gemma-4-26b-a4b,H_factual,aegislab,ts-train-service,2,0,0
visual_counterfactual_rca,gemma-4-26b-a4b,H_factual,aegislab,ts-travel-plan-service,3,0.66666667,0.66666667
visual_counterfactual_rca,gemma-4-26b-a4b,H_factual,aegislab,ts-travel-service,3,0.66666667,0.77777778
visual_counterfactual_rca,gemma-4-26b-a4b,H_factual,aegislab,ts-travel2-service,2,0.5,0.5
visual_counterfactual_rca,gemma-4-26b-a4b,H_factual,aegislab,ts-user-service,1,0,0.5
visual_counterfactual_rca,gemma-4-26b-a4b,H_factual,aegislab,ts-verification-code-service,1,0,0
visual_counterfactual_rca,gemma-4-26b-a4b,H_factual,aiops2022,adservice,1,0,0.5
visual_counterfactual_rca,gemma-4-26b-a4b,H_factual,aiops2022,adservice-0,1,0,0
visual_counterfactual_rca,gemma-4-26b-a4b,H_factual,aiops2022,adservice-1,1,1,1
visual_counterfactual_rca,gemma-4-26b-a4b,H_factual,aiops2022,cartservice,3,0,0
visual_counterfactual_rca,gemma-4-26b-a4b,H_factual,aiops2022,cartservice-0,1,0,0
visual_counterfactual_rca,gemma-4-26b-a4b,H_factual,aiops2022,checkoutservice,2,0,0.5
visual_counterfactual_rca,gemma-4-26b-a4b,H_factual,aiops2022,checkoutservice-0,1,1,1
visual_counterfactual_rca,gemma-4-26b-a4b,H_factual,aiops2022,checkoutservice-1,1,1,1
visual_counterfactual_rca,gemma-4-26b-a4b,H_factual,aiops2022,currencyservice,2,0,0
visual_counterfactual_rca,gemma-4-26b-a4b,H_factual,aiops2022,currencyservice-2,1,1,1
visual_counterfactual_rca,gemma-4-26b-a4b,H_factual,aiops2022,emailservice,3,0.33333333,0.33333333
visual_counterfactual_rca,gemma-4-26b-a4b,H_factual,aiops2022,frontend,3,0.33333333,0.33333333
visual_counterfactual_rca,gemma-4-26b-a4b,H_factual,aiops2022,node-1,1,0,0
visual_counterfactual_rca,gemma-4-26b-a4b,H_factual,aiops2022,node-2,3,0.33333333,0.33333333
visual_counterfactual_rca,gemma-4-26b-a4b,H_factual,aiops2022,node-3,1,0,0
visual_counterfactual_rca,gemma-4-26b-a4b,H_factual,aiops2022,node-4,2,0,0
visual_counterfactual_rca,gemma-4-26b-a4b,H_factual,aiops2022,node-5,6,0.16666667,0.25
visual_counterfactual_rca,gemma-4-26b-a4b,H_factual,aiops2022,paymentservice,1,0,0
visual_counterfactual_rca,gemma-4-26b-a4b,H_factual,aiops2022,productcatalogservice,1,0,0.5
visual_counterfactual_rca,gemma-4-26b-a4b,H_factual,aiops2022,productcatalogservice-1,1,1,1
visual_counterfactual_rca,gemma-4-26b-a4b,H_factual,aiops2022,productcatalogservice-2,2,0.5,0.5
visual_counterfactual_rca,gemma-4-26b-a4b,H_factual,aiops2022,recommendationservice,3,0,0.16666667
visual_counterfactual_rca,gemma-4-26b-a4b,H_factual,aiops2022,recommendationservice-2,1,0,0
visual_counterfactual_rca,gemma-4-26b-a4b,H_factual,aiops2022,shippingservice,3,0.33333333,0.33333333
visual_counterfactual_rca,gemma-4-26b-a4b,H_factual,aiops2022,shippingservice-1,1,0,0
visual_counterfactual_rca,gemma-4-26b-a4b,H_factual,aiops2022,shippingservice2-0,1,1,1
visual_counterfactual_rca,gemma-4-26b-a4b,H_factual,aiops2025,adservice,14,0.35714286,0.38095238
visual_counterfactual_rca,gemma-4-26b-a4b,H_factual,aiops2025,cartservice,7,0.28571429,0.38095238
visual_counterfactual_rca,gemma-4-26b-a4b,H_factual,aiops2025,checkoutservice,17,0.17647059,0.20588235
visual_counterfactual_rca,gemma-4-26b-a4b,H_factual,aiops2025,currencyservice,4,0.25,0.25
visual_counterfactual_rca,gemma-4-26b-a4b,H_factual,aiops2025,emailservice,2,0,0
visual_counterfactual_rca,gemma-4-26b-a4b,H_factual,aiops2025,frontend,3,0,0.27777778
visual_counterfactual_rca,gemma-4-26b-a4b,H_factual,aiops2025,node-1,3,0,0
visual_counterfactual_rca,gemma-4-26b-a4b,H_factual,aiops2025,node-3,3,0,0
visual_counterfactual_rca,gemma-4-26b-a4b,H_factual,aiops2025,node-4,1,0,0
visual_counterfactual_rca,gemma-4-26b-a4b,H_factual,aiops2025,node-5,4,0.25,0.25
visual_counterfactual_rca,gemma-4-26b-a4b,H_factual,aiops2025,node-6,5,0.2,0.2
visual_counterfactual_rca,gemma-4-26b-a4b,H_factual,aiops2025,node-7,2,0,0.25
visual_counterfactual_rca,gemma-4-26b-a4b,H_factual,aiops2025,node-8,4,0.5,0.5
visual_counterfactual_rca,gemma-4-26b-a4b,H_factual,aiops2025,paymentservice,1,0,0
visual_counterfactual_rca,gemma-4-26b-a4b,H_factual,aiops2025,productcatalogservice,4,0.25,0.25
visual_counterfactual_rca,gemma-4-26b-a4b,H_factual,aiops2025,recommendationservice,1,0,0
visual_counterfactual_rca,gemma-4-26b-a4b,H_factual,aiops2025,shippingservice,6,0.16666667,0.25
visual_counterfactual_rca,gemma-4-26b-a4b,H_factual,aiops2025,tidb-tidb,2,0,0
visual_counterfactual_rca,gemma-4-26b-a4b,H_factual,aiops2025,tidb-tikv,10,0.1,0.15
visual_counterfactual_rca,gemma-4-26b-a4b,H_factual,re2_ob,checkoutservice,18,0.94444444,0.97222222
visual_counterfactual_rca,gemma-4-26b-a4b,H_factual,re2_ob,currencyservice,18,0.66666667,0.7037037
visual_counterfactual_rca,gemma-4-26b-a4b,H_factual,re2_ob,emailservice,18,0.94444444,0.94444444
visual_counterfactual_rca,gemma-4-26b-a4b,H_factual,re2_ob,productcatalogservice,18,0.55555556,0.63888889
visual_counterfactual_rca,gemma-4-26b-a4b,H_factual,re2_ob,recommendationservice,18,0.94444444,0.97222222
visual_counterfactual_rca,gemma-4-26b-a4b,H_factual,re2_tt,ts-auth-service,18,0.5,0.52777778
visual_counterfactual_rca,gemma-4-26b-a4b,H_factual,re2_tt,ts-order-service,18,0.38888889,0.52777778
visual_counterfactual_rca,gemma-4-26b-a4b,H_factual,re2_tt,ts-route-service,18,0.61111111,0.62962963
visual_counterfactual_rca,gemma-4-26b-a4b,H_factual,re2_tt,ts-train-service,18,0.66666667,0.74259259
visual_counterfactual_rca,gemma-4-26b-a4b,H_factual,re2_tt,ts-travel-service,18,0.66666667,0.66666667
visual_counterfactual_rca,gemma-4-26b-a4b,H_neutral,aegislab,mysql,6,0.33333333,0.33333333
visual_counterfactual_rca,gemma-4-26b-a4b,H_neutral,aegislab,ts-assurance-service,5,1,1
visual_counterfactual_rca,gemma-4-26b-a4b,H_neutral,aegislab,ts-auth-service,4,0.5,0.5
visual_counterfactual_rca,gemma-4-26b-a4b,H_neutral,aegislab,ts-basic-service,19,0.21052632,0.23859649
visual_counterfactual_rca,gemma-4-26b-a4b,H_neutral,aegislab,ts-config-service,6,0.33333333,0.33333333
visual_counterfactual_rca,gemma-4-26b-a4b,H_neutral,aegislab,ts-consign-service,2,0.5,0.5
visual_counterfactual_rca,gemma-4-26b-a4b,H_neutral,aegislab,ts-contacts-service,2,0.5,0.5
visual_counterfactual_rca,gemma-4-26b-a4b,H_neutral,aegislab,ts-food-service,3,0.66666667,0.66666667
visual_counterfactual_rca,gemma-4-26b-a4b,H_neutral,aegislab,ts-inside-payment-service,2,1,1
visual_counterfactual_rca,gemma-4-26b-a4b,H_neutral,aegislab,ts-order-other-service,4,0.5,0.5
visual_counterfactual_rca,gemma-4-26b-a4b,H_neutral,aegislab,ts-order-service,5,0.6,0.6
visual_counterfactual_rca,gemma-4-26b-a4b,H_neutral,aegislab,ts-preserve-service,5,0.6,0.6
visual_counterfactual_rca,gemma-4-26b-a4b,H_neutral,aegislab,ts-price-service,2,1,1
visual_counterfactual_rca,gemma-4-26b-a4b,H_neutral,aegislab,ts-route-plan-service,6,0.16666667,0.16666667
visual_counterfactual_rca,gemma-4-26b-a4b,H_neutral,aegislab,ts-route-service,4,0.25,0.375
visual_counterfactual_rca,gemma-4-26b-a4b,H_neutral,aegislab,ts-seat-service,6,0.33333333,0.41666667
visual_counterfactual_rca,gemma-4-26b-a4b,H_neutral,aegislab,ts-security-service,1,1,1
visual_counterfactual_rca,gemma-4-26b-a4b,H_neutral,aegislab,ts-station-food-service,1,1,1
visual_counterfactual_rca,gemma-4-26b-a4b,H_neutral,aegislab,ts-station-service,1,1,1
visual_counterfactual_rca,gemma-4-26b-a4b,H_neutral,aegislab,ts-train-service,2,0,0
visual_counterfactual_rca,gemma-4-26b-a4b,H_neutral,aegislab,ts-travel-plan-service,3,1,1
visual_counterfactual_rca,gemma-4-26b-a4b,H_neutral,aegislab,ts-travel-service,3,0.33333333,0.44444444
visual_counterfactual_rca,gemma-4-26b-a4b,H_neutral,aegislab,ts-travel2-service,2,0.5,0.5
visual_counterfactual_rca,gemma-4-26b-a4b,H_neutral,aegislab,ts-user-service,1,1,1
visual_counterfactual_rca,gemma-4-26b-a4b,H_neutral,aegislab,ts-verification-code-service,1,0,0
visual_counterfactual_rca,gemma-4-26b-a4b,H_neutral,aiops2022,adservice,1,0,0.5
visual_counterfactual_rca,gemma-4-26b-a4b,H_neutral,aiops2022,adservice-0,1,1,1
visual_counterfactual_rca,gemma-4-26b-a4b,H_neutral,aiops2022,adservice-1,1,1,1
visual_counterfactual_rca,gemma-4-26b-a4b,H_neutral,aiops2022,cartservice,3,0.66666667,0.66666667
visual_counterfactual_rca,gemma-4-26b-a4b,H_neutral,aiops2022,cartservice-0,1,0,0
visual_counterfactual_rca,gemma-4-26b-a4b,H_neutral,aiops2022,checkoutservice,2,0.5,0.75
visual_counterfactual_rca,gemma-4-26b-a4b,H_neutral,aiops2022,checkoutservice-0,1,1,1
visual_counterfactual_rca,gemma-4-26b-a4b,H_neutral,aiops2022,checkoutservice-1,1,1,1
visual_counterfactual_rca,gemma-4-26b-a4b,H_neutral,aiops2022,currencyservice,2,0,0
visual_counterfactual_rca,gemma-4-26b-a4b,H_neutral,aiops2022,currencyservice-2,1,1,1
visual_counterfactual_rca,gemma-4-26b-a4b,H_neutral,aiops2022,emailservice,3,0,0
visual_counterfactual_rca,gemma-4-26b-a4b,H_neutral,aiops2022,frontend,3,0.33333333,0.33333333
visual_counterfactual_rca,gemma-4-26b-a4b,H_neutral,aiops2022,node-1,1,0,0
visual_counterfactual_rca,gemma-4-26b-a4b,H_neutral,aiops2022,node-2,3,0,0
visual_counterfactual_rca,gemma-4-26b-a4b,H_neutral,aiops2022,node-3,1,0,0
visual_counterfactual_rca,gemma-4-26b-a4b,H_neutral,aiops2022,node-4,2,0,0
visual_counterfactual_rca,gemma-4-26b-a4b,H_neutral,aiops2022,node-5,6,0.33333333,0.33333333
visual_counterfactual_rca,gemma-4-26b-a4b,H_neutral,aiops2022,paymentservice,1,0,0
visual_counterfactual_rca,gemma-4-26b-a4b,H_neutral,aiops2022,productcatalogservice,1,0,0.5
visual_counterfactual_rca,gemma-4-26b-a4b,H_neutral,aiops2022,productcatalogservice-1,1,1,1
visual_counterfactual_rca,gemma-4-26b-a4b,H_neutral,aiops2022,productcatalogservice-2,2,0.5,0.5
visual_counterfactual_rca,gemma-4-26b-a4b,H_neutral,aiops2022,recommendationservice,3,0,0
visual_counterfactual_rca,gemma-4-26b-a4b,H_neutral,aiops2022,recommendationservice-2,1,0,0
visual_counterfactual_rca,gemma-4-26b-a4b,H_neutral,aiops2022,shippingservice,3,0.33333333,0.33333333
visual_counterfactual_rca,gemma-4-26b-a4b,H_neutral,aiops2022,shippingservice-1,1,0,0
visual_counterfactual_rca,gemma-4-26b-a4b,H_neutral,aiops2022,shippingservice2-0,1,0,0
visual_counterfactual_rca,gemma-4-26b-a4b,H_neutral,aiops2025,adservice,14,0.28571429,0.3452381
visual_counterfactual_rca,gemma-4-26b-a4b,H_neutral,aiops2025,cartservice,7,0.28571429,0.38095238
visual_counterfactual_rca,gemma-4-26b-a4b,H_neutral,aiops2025,checkoutservice,17,0.11764706,0.14705882
visual_counterfactual_rca,gemma-4-26b-a4b,H_neutral,aiops2025,currencyservice,4,0.25,0.25
visual_counterfactual_rca,gemma-4-26b-a4b,H_neutral,aiops2025,emailservice,2,0,0
visual_counterfactual_rca,gemma-4-26b-a4b,H_neutral,aiops2025,frontend,3,0.66666667,0.66666667
visual_counterfactual_rca,gemma-4-26b-a4b,H_neutral,aiops2025,node-1,3,0,0
visual_counterfactual_rca,gemma-4-26b-a4b,H_neutral,aiops2025,node-3,3,0.33333333,0.33333333
visual_counterfactual_rca,gemma-4-26b-a4b,H_neutral,aiops2025,node-4,1,0,0
visual_counterfactual_rca,gemma-4-26b-a4b,H_neutral,aiops2025,node-5,4,0.25,0.25
visual_counterfactual_rca,gemma-4-26b-a4b,H_neutral,aiops2025,node-6,5,0.2,0.2
visual_counterfactual_rca,gemma-4-26b-a4b,H_neutral,aiops2025,node-7,2,0.5,0.5
visual_counterfactual_rca,gemma-4-26b-a4b,H_neutral,aiops2025,node-8,4,0.5,0.5
visual_counterfactual_rca,gemma-4-26b-a4b,H_neutral,aiops2025,paymentservice,1,0,0
visual_counterfactual_rca,gemma-4-26b-a4b,H_neutral,aiops2025,productcatalogservice,4,0.25,0.25
visual_counterfactual_rca,gemma-4-26b-a4b,H_neutral,aiops2025,recommendationservice,1,0,0
visual_counterfactual_rca,gemma-4-26b-a4b,H_neutral,aiops2025,shippingservice,6,0.16666667,0.16666667
visual_counterfactual_rca,gemma-4-26b-a4b,H_neutral,aiops2025,tidb-tidb,2,0,0
visual_counterfactual_rca,gemma-4-26b-a4b,H_neutral,aiops2025,tidb-tikv,10,0.2,0.3
visual_counterfactual_rca,gemma-4-26b-a4b,H_neutral,re2_ob,checkoutservice,18,1,1
visual_counterfactual_rca,gemma-4-26b-a4b,H_neutral,re2_ob,currencyservice,18,0.61111111,0.67592593
visual_counterfactual_rca,gemma-4-26b-a4b,H_neutral,re2_ob,emailservice,18,0.83333333,0.91666667
visual_counterfactual_rca,gemma-4-26b-a4b,H_neutral,re2_ob,productcatalogservice,18,0.5,0.5462963
visual_counterfactual_rca,gemma-4-26b-a4b,H_neutral,re2_ob,recommendationservice,18,0.94444444,0.97222222
visual_counterfactual_rca,gemma-4-26b-a4b,H_neutral,re2_tt,ts-auth-service,18,0.55555556,0.58333333
visual_counterfactual_rca,gemma-4-26b-a4b,H_neutral,re2_tt,ts-order-service,18,0.38888889,0.51851852
visual_counterfactual_rca,gemma-4-26b-a4b,H_neutral,re2_tt,ts-route-service,18,0.66666667,0.71296296
visual_counterfactual_rca,gemma-4-26b-a4b,H_neutral,re2_tt,ts-train-service,18,0.61111111,0.62962963
visual_counterfactual_rca,gemma-4-26b-a4b,H_neutral,re2_tt,ts-travel-service,18,0.5,0.59259259
visual_counterfactual_rca,gemma-4-26b-a4b,H_placebo,aegislab,mysql,6,0.33333333,0.52777778
visual_counterfactual_rca,gemma-4-26b-a4b,H_placebo,aegislab,ts-assurance-service,5,1,1
visual_counterfactual_rca,gemma-4-26b-a4b,H_placebo,aegislab,ts-auth-service,4,0.75,0.875
visual_counterfactual_rca,gemma-4-26b-a4b,H_placebo,aegislab,ts-basic-service,19,0.10526316,0.12894737
visual_counterfactual_rca,gemma-4-26b-a4b,H_placebo,aegislab,ts-config-service,6,0.83333333,0.83333333
visual_counterfactual_rca,gemma-4-26b-a4b,H_placebo,aegislab,ts-consign-service,2,0.5,0.5
visual_counterfactual_rca,gemma-4-26b-a4b,H_placebo,aegislab,ts-contacts-service,2,1,1
visual_counterfactual_rca,gemma-4-26b-a4b,H_placebo,aegislab,ts-food-service,3,0.66666667,0.66666667
visual_counterfactual_rca,gemma-4-26b-a4b,H_placebo,aegislab,ts-inside-payment-service,2,1,1
visual_counterfactual_rca,gemma-4-26b-a4b,H_placebo,aegislab,ts-order-other-service,4,0.25,0.25
visual_counterfactual_rca,gemma-4-26b-a4b,H_placebo,aegislab,ts-order-service,5,0.6,0.6
visual_counterfactual_rca,gemma-4-26b-a4b,H_placebo,aegislab,ts-preserve-service,5,0.4,0.6
visual_counterfactual_rca,gemma-4-26b-a4b,H_placebo,aegislab,ts-price-service,2,1,1
visual_counterfactual_rca,gemma-4-26b-a4b,H_placebo,aegislab,ts-route-plan-service,6,0.5,0.5
visual_counterfactual_rca,gemma-4-26b-a4b,H_placebo,aegislab,ts-route-service,4,0.25,0.375
visual_counterfactual_rca,gemma-4-26b-a4b,H_placebo,aegislab,ts-seat-service,6,0.16666667,0.30555556
visual_counterfactual_rca,gemma-4-26b-a4b,H_placebo,aegislab,ts-security-service,1,0,0
visual_counterfactual_rca,gemma-4-26b-a4b,H_placebo,aegislab,ts-station-food-service,1,1,1
visual_counterfactual_rca,gemma-4-26b-a4b,H_placebo,aegislab,ts-station-service,1,0,0
visual_counterfactual_rca,gemma-4-26b-a4b,H_placebo,aegislab,ts-train-service,2,0,0
visual_counterfactual_rca,gemma-4-26b-a4b,H_placebo,aegislab,ts-travel-plan-service,3,0.66666667,0.66666667
visual_counterfactual_rca,gemma-4-26b-a4b,H_placebo,aegislab,ts-travel-service,3,0.66666667,0.83333333
visual_counterfactual_rca,gemma-4-26b-a4b,H_placebo,aegislab,ts-travel2-service,2,1,1
visual_counterfactual_rca,gemma-4-26b-a4b,H_placebo,aegislab,ts-user-service,1,0,0.5
visual_counterfactual_rca,gemma-4-26b-a4b,H_placebo,aegislab,ts-verification-code-service,1,0,0
visual_counterfactual_rca,gemma-4-26b-a4b,H_placebo,aiops2022,adservice,1,0,0.5
visual_counterfactual_rca,gemma-4-26b-a4b,H_placebo,aiops2022,adservice-0,1,1,1
visual_counterfactual_rca,gemma-4-26b-a4b,H_placebo,aiops2022,adservice-1,1,1,1
visual_counterfactual_rca,gemma-4-26b-a4b,H_placebo,aiops2022,cartservice,3,0,0.11111111
visual_counterfactual_rca,gemma-4-26b-a4b,H_placebo,aiops2022,cartservice-0,1,0,0
visual_counterfactual_rca,gemma-4-26b-a4b,H_placebo,aiops2022,checkoutservice,2,0.5,0.75
visual_counterfactual_rca,gemma-4-26b-a4b,H_placebo,aiops2022,checkoutservice-0,1,1,1
visual_counterfactual_rca,gemma-4-26b-a4b,H_placebo,aiops2022,checkoutservice-1,1,1,1
visual_counterfactual_rca,gemma-4-26b-a4b,H_placebo,aiops2022,currencyservice,2,0,0
visual_counterfactual_rca,gemma-4-26b-a4b,H_placebo,aiops2022,currencyservice-2,1,1,1
visual_counterfactual_rca,gemma-4-26b-a4b,H_placebo,aiops2022,emailservice,3,0,0
visual_counterfactual_rca,gemma-4-26b-a4b,H_placebo,aiops2022,frontend,3,0,0
visual_counterfactual_rca,gemma-4-26b-a4b,H_placebo,aiops2022,node-1,1,0,0
visual_counterfactual_rca,gemma-4-26b-a4b,H_placebo,aiops2022,node-2,3,0.33333333,0.33333333
visual_counterfactual_rca,gemma-4-26b-a4b,H_placebo,aiops2022,node-3,1,0,0
visual_counterfactual_rca,gemma-4-26b-a4b,H_placebo,aiops2022,node-4,2,0,0
visual_counterfactual_rca,gemma-4-26b-a4b,H_placebo,aiops2022,node-5,6,0.33333333,0.33333333
visual_counterfactual_rca,gemma-4-26b-a4b,H_placebo,aiops2022,paymentservice,1,0,0
visual_counterfactual_rca,gemma-4-26b-a4b,H_placebo,aiops2022,productcatalogservice,1,0,0.5
visual_counterfactual_rca,gemma-4-26b-a4b,H_placebo,aiops2022,productcatalogservice-1,1,1,1
visual_counterfactual_rca,gemma-4-26b-a4b,H_placebo,aiops2022,productcatalogservice-2,2,0.5,0.5
visual_counterfactual_rca,gemma-4-26b-a4b,H_placebo,aiops2022,recommendationservice,3,0,0.16666667
visual_counterfactual_rca,gemma-4-26b-a4b,H_placebo,aiops2022,recommendationservice-2,1,0,0
visual_counterfactual_rca,gemma-4-26b-a4b,H_placebo,aiops2022,shippingservice,3,0,0
visual_counterfactual_rca,gemma-4-26b-a4b,H_placebo,aiops2022,shippingservice-1,1,0,0
visual_counterfactual_rca,gemma-4-26b-a4b,H_placebo,aiops2022,shippingservice2-0,1,0,0
visual_counterfactual_rca,gemma-4-26b-a4b,H_placebo,aiops2025,adservice,14,0.28571429,0.32738095
visual_counterfactual_rca,gemma-4-26b-a4b,H_placebo,aiops2025,cartservice,7,0.28571429,0.33333333
visual_counterfactual_rca,gemma-4-26b-a4b,H_placebo,aiops2025,checkoutservice,17,0.11764706,0.18823529
visual_counterfactual_rca,gemma-4-26b-a4b,H_placebo,aiops2025,currencyservice,4,0.25,0.25
visual_counterfactual_rca,gemma-4-26b-a4b,H_placebo,aiops2025,emailservice,2,0,0
visual_counterfactual_rca,gemma-4-26b-a4b,H_placebo,aiops2025,frontend,3,0.33333333,0.5
visual_counterfactual_rca,gemma-4-26b-a4b,H_placebo,aiops2025,node-1,3,0,0
visual_counterfactual_rca,gemma-4-26b-a4b,H_placebo,aiops2025,node-3,3,0,0
visual_counterfactual_rca,gemma-4-26b-a4b,H_placebo,aiops2025,node-4,1,0,0
visual_counterfactual_rca,gemma-4-26b-a4b,H_placebo,aiops2025,node-5,4,0.25,0.25
visual_counterfactual_rca,gemma-4-26b-a4b,H_placebo,aiops2025,node-6,5,0.2,0.2
visual_counterfactual_rca,gemma-4-26b-a4b,H_placebo,aiops2025,node-7,2,0,0
visual_counterfactual_rca,gemma-4-26b-a4b,H_placebo,aiops2025,node-8,4,0.5,0.5
visual_counterfactual_rca,gemma-4-26b-a4b,H_placebo,aiops2025,paymentservice,1,0,0
visual_counterfactual_rca,gemma-4-26b-a4b,H_placebo,aiops2025,productcatalogservice,4,0.5,0.5
visual_counterfactual_rca,gemma-4-26b-a4b,H_placebo,aiops2025,recommendationservice,1,0,0
visual_counterfactual_rca,gemma-4-26b-a4b,H_placebo,aiops2025,shippingservice,6,0,0.083333333
visual_counterfactual_rca,gemma-4-26b-a4b,H_placebo,aiops2025,tidb-tidb,2,0,0
visual_counterfactual_rca,gemma-4-26b-a4b,H_placebo,aiops2025,tidb-tikv,10,0.1,0.15
visual_counterfactual_rca,gemma-4-26b-a4b,H_placebo,re2_ob,checkoutservice,18,0.88888889,0.94444444
visual_counterfactual_rca,gemma-4-26b-a4b,H_placebo,re2_ob,currencyservice,18,0.72222222,0.75
visual_counterfactual_rca,gemma-4-26b-a4b,H_placebo,re2_ob,emailservice,18,0.83333333,0.86111111
visual_counterfactual_rca,gemma-4-26b-a4b,H_placebo,re2_ob,productcatalogservice,18,0.55555556,0.69444444
visual_counterfactual_rca,gemma-4-26b-a4b,H_placebo,re2_ob,recommendationservice,18,0.94444444,0.97222222
visual_counterfactual_rca,gemma-4-26b-a4b,H_placebo,re2_tt,ts-auth-service,18,0.5,0.52777778
visual_counterfactual_rca,gemma-4-26b-a4b,H_placebo,re2_tt,ts-order-service,18,0.44444444,0.52777778
visual_counterfactual_rca,gemma-4-26b-a4b,H_placebo,re2_tt,ts-route-service,18,0.72222222,0.74074074
visual_counterfactual_rca,gemma-4-26b-a4b,H_placebo,re2_tt,ts-train-service,18,0.66666667,0.70833333
visual_counterfactual_rca,gemma-4-26b-a4b,H_placebo,re2_tt,ts-travel-service,18,0.5,0.56481481
visual_counterfactual_rca,gemma-4-26b-a4b,H_targeted,aegislab,mysql,6,0.16666667,0.30555556
visual_counterfactual_rca,gemma-4-26b-a4b,H_targeted,aegislab,ts-assurance-service,5,1,1
visual_counterfactual_rca,gemma-4-26b-a4b,H_targeted,aegislab,ts-auth-service,4,0.25,0.3125
visual_counterfactual_rca,gemma-4-26b-a4b,H_targeted,aegislab,ts-basic-service,19,0.10526316,0.16842105
visual_counterfactual_rca,gemma-4-26b-a4b,H_targeted,aegislab,ts-config-service,6,0.33333333,0.33333333
visual_counterfactual_rca,gemma-4-26b-a4b,H_targeted,aegislab,ts-consign-service,2,0.5,0.5
visual_counterfactual_rca,gemma-4-26b-a4b,H_targeted,aegislab,ts-contacts-service,2,1,1
visual_counterfactual_rca,gemma-4-26b-a4b,H_targeted,aegislab,ts-food-service,3,0.33333333,0.33333333
visual_counterfactual_rca,gemma-4-26b-a4b,H_targeted,aegislab,ts-inside-payment-service,2,1,1
visual_counterfactual_rca,gemma-4-26b-a4b,H_targeted,aegislab,ts-order-other-service,4,0.5,0.5625
visual_counterfactual_rca,gemma-4-26b-a4b,H_targeted,aegislab,ts-order-service,5,0.6,0.6
visual_counterfactual_rca,gemma-4-26b-a4b,H_targeted,aegislab,ts-preserve-service,5,0.6,0.8
visual_counterfactual_rca,gemma-4-26b-a4b,H_targeted,aegislab,ts-price-service,2,1,1
visual_counterfactual_rca,gemma-4-26b-a4b,H_targeted,aegislab,ts-route-plan-service,6,0.5,0.5
visual_counterfactual_rca,gemma-4-26b-a4b,H_targeted,aegislab,ts-route-service,4,0.25,0.25
visual_counterfactual_rca,gemma-4-26b-a4b,H_targeted,aegislab,ts-seat-service,6,0.33333333,0.33333333
visual_counterfactual_rca,gemma-4-26b-a4b,H_targeted,aegislab,ts-security-service,1,0,0
visual_counterfactual_rca,gemma-4-26b-a4b,H_targeted,aegislab,ts-station-food-service,1,1,1
visual_counterfactual_rca,gemma-4-26b-a4b,H_targeted,aegislab,ts-station-service,1,0,0
visual_counterfactual_rca,gemma-4-26b-a4b,H_targeted,aegislab,ts-train-service,2,0,0
visual_counterfactual_rca,gemma-4-26b-a4b,H_targeted,aegislab,ts-travel-plan-service,3,0.33333333,0.41666667
visual_counterfactual_rca,gemma-4-26b-a4b,H_targeted,aegislab,ts-travel-service,3,0.66666667,0.66666667
visual_counterfactual_rca,gemma-4-26b-a4b,H_targeted,aegislab,ts-travel2-service,2,1,1
visual_counterfactual_rca,gemma-4-26b-a4b,H_targeted,aegislab,ts-user-service,1,0,0.25
visual_counterfactual_rca,gemma-4-26b-a4b,H_targeted,aegislab,ts-verification-code-service,1,0,0.5
visual_counterfactual_rca,gemma-4-26b-a4b,H_targeted,aiops2022,adservice,1,1,1
visual_counterfactual_rca,gemma-4-26b-a4b,H_targeted,aiops2022,adservice-0,1,0,0
visual_counterfactual_rca,gemma-4-26b-a4b,H_targeted,aiops2022,adservice-1,1,1,1
visual_counterfactual_rca,gemma-4-26b-a4b,H_targeted,aiops2022,cartservice,3,0.33333333,0.44444444
visual_counterfactual_rca,gemma-4-26b-a4b,H_targeted,aiops2022,cartservice-0,1,0,0
visual_counterfactual_rca,gemma-4-26b-a4b,H_targeted,aiops2022,checkoutservice,2,0.5,0.75
visual_counterfactual_rca,gemma-4-26b-a4b,H_targeted,aiops2022,checkoutservice-0,1,1,1
visual_counterfactual_rca,gemma-4-26b-a4b,H_targeted,aiops2022,checkoutservice-1,1,1,1
visual_counterfactual_rca,gemma-4-26b-a4b,H_targeted,aiops2022,currencyservice,2,0,0
visual_counterfactual_rca,gemma-4-26b-a4b,H_targeted,aiops2022,currencyservice-2,1,1,1
visual_counterfactual_rca,gemma-4-26b-a4b,H_targeted,aiops2022,emailservice,3,0.33333333,0.44444444
visual_counterfactual_rca,gemma-4-26b-a4b,H_targeted,aiops2022,frontend,3,0,0.16666667
visual_counterfactual_rca,gemma-4-26b-a4b,H_targeted,aiops2022,node-1,1,0,0
visual_counterfactual_rca,gemma-4-26b-a4b,H_targeted,aiops2022,node-2,3,0.33333333,0.33333333
visual_counterfactual_rca,gemma-4-26b-a4b,H_targeted,aiops2022,node-3,1,0,0
visual_counterfactual_rca,gemma-4-26b-a4b,H_targeted,aiops2022,node-4,2,0,0
visual_counterfactual_rca,gemma-4-26b-a4b,H_targeted,aiops2022,node-5,6,0.16666667,0.25
visual_counterfactual_rca,gemma-4-26b-a4b,H_targeted,aiops2022,paymentservice,1,0,0
visual_counterfactual_rca,gemma-4-26b-a4b,H_targeted,aiops2022,productcatalogservice,1,0,0.5
visual_counterfactual_rca,gemma-4-26b-a4b,H_targeted,aiops2022,productcatalogservice-1,1,0,0
visual_counterfactual_rca,gemma-4-26b-a4b,H_targeted,aiops2022,productcatalogservice-2,2,0.5,0.5
visual_counterfactual_rca,gemma-4-26b-a4b,H_targeted,aiops2022,recommendationservice,3,0,0
visual_counterfactual_rca,gemma-4-26b-a4b,H_targeted,aiops2022,recommendationservice-2,1,0,0
visual_counterfactual_rca,gemma-4-26b-a4b,H_targeted,aiops2022,shippingservice,3,0,0
visual_counterfactual_rca,gemma-4-26b-a4b,H_targeted,aiops2022,shippingservice-1,1,0,0
visual_counterfactual_rca,gemma-4-26b-a4b,H_targeted,aiops2022,shippingservice2-0,1,0,0
visual_counterfactual_rca,gemma-4-26b-a4b,H_targeted,aiops2025,adservice,14,0.28571429,0.32738095
visual_counterfactual_rca,gemma-4-26b-a4b,H_targeted,aiops2025,cartservice,7,0.57142857,0.60714286
visual_counterfactual_rca,gemma-4-26b-a4b,H_targeted,aiops2025,checkoutservice,17,0.058823529,0.1372549
visual_counterfactual_rca,gemma-4-26b-a4b,H_targeted,aiops2025,currencyservice,4,0.25,0.25
visual_counterfactual_rca,gemma-4-26b-a4b,H_targeted,aiops2025,emailservice,2,0,0
visual_counterfactual_rca,gemma-4-26b-a4b,H_targeted,aiops2025,frontend,3,0.33333333,0.5
visual_counterfactual_rca,gemma-4-26b-a4b,H_targeted,aiops2025,node-1,3,0,0
visual_counterfactual_rca,gemma-4-26b-a4b,H_targeted,aiops2025,node-3,3,0,0
visual_counterfactual_rca,gemma-4-26b-a4b,H_targeted,aiops2025,node-4,1,0,0
visual_counterfactual_rca,gemma-4-26b-a4b,H_targeted,aiops2025,node-5,4,0.25,0.25
visual_counterfactual_rca,gemma-4-26b-a4b,H_targeted,aiops2025,node-6,5,0,0.1
visual_counterfactual_rca,gemma-4-26b-a4b,H_targeted,aiops2025,node-7,2,0,0
visual_counterfactual_rca,gemma-4-26b-a4b,H_targeted,aiops2025,node-8,4,0.25,0.25
visual_counterfactual_rca,gemma-4-26b-a4b,H_targeted,aiops2025,paymentservice,1,0,0
visual_counterfactual_rca,gemma-4-26b-a4b,H_targeted,aiops2025,productcatalogservice,4,0.25,0.25
visual_counterfactual_rca,gemma-4-26b-a4b,H_targeted,aiops2025,recommendationservice,1,0,0
visual_counterfactual_rca,gemma-4-26b-a4b,H_targeted,aiops2025,shippingservice,6,0.33333333,0.33333333
visual_counterfactual_rca,gemma-4-26b-a4b,H_targeted,aiops2025,tidb-tidb,2,0,0
visual_counterfactual_rca,gemma-4-26b-a4b,H_targeted,aiops2025,tidb-tikv,10,0.2,0.3
visual_counterfactual_rca,gemma-4-26b-a4b,H_targeted,re2_ob,checkoutservice,18,0.83333333,0.88888889
visual_counterfactual_rca,gemma-4-26b-a4b,H_targeted,re2_ob,currencyservice,18,0.61111111,0.63888889
visual_counterfactual_rca,gemma-4-26b-a4b,H_targeted,re2_ob,emailservice,18,0.83333333,0.85185185
visual_counterfactual_rca,gemma-4-26b-a4b,H_targeted,re2_ob,productcatalogservice,18,0.61111111,0.69907407
visual_counterfactual_rca,gemma-4-26b-a4b,H_targeted,re2_ob,recommendationservice,18,0.94444444,0.94444444
visual_counterfactual_rca,gemma-4-26b-a4b,H_targeted,re2_tt,ts-auth-service,18,0.55555556,0.57407407
visual_counterfactual_rca,gemma-4-26b-a4b,H_targeted,re2_tt,ts-order-service,18,0.5,0.58333333
visual_counterfactual_rca,gemma-4-26b-a4b,H_targeted,re2_tt,ts-route-service,18,0.77777778,0.7962963
visual_counterfactual_rca,gemma-4-26b-a4b,H_targeted,re2_tt,ts-train-service,18,0.66666667,0.73611111
visual_counterfactual_rca,gemma-4-26b-a4b,H_targeted,re2_tt,ts-travel-service,18,0.44444444,0.51851852
visual_counterfactual_rca,qwen3.6-27b,H_factual,aegislab,mysql,6,0.5,0.625
visual_counterfactual_rca,qwen3.6-27b,H_factual,aegislab,ts-assurance-service,5,0.8,0.8
visual_counterfactual_rca,qwen3.6-27b,H_factual,aegislab,ts-auth-service,4,0.25,0.44583333
visual_counterfactual_rca,qwen3.6-27b,H_factual,aegislab,ts-basic-service,19,0.15789474,0.28947368
visual_counterfactual_rca,qwen3.6-27b,H_factual,aegislab,ts-config-service,6,0.33333333,0.45555556
visual_counterfactual_rca,qwen3.6-27b,H_factual,aegislab,ts-consign-service,2,0,0.16666667
visual_counterfactual_rca,qwen3.6-27b,H_factual,aegislab,ts-contacts-service,2,0,0.375
visual_counterfactual_rca,qwen3.6-27b,H_factual,aegislab,ts-food-service,3,0,0.19444444
visual_counterfactual_rca,qwen3.6-27b,H_factual,aegislab,ts-inside-payment-service,2,0.5,0.625
visual_counterfactual_rca,qwen3.6-27b,H_factual,aegislab,ts-order-other-service,4,0.25,0.33333333
visual_counterfactual_rca,qwen3.6-27b,H_factual,aegislab,ts-order-service,5,0.2,0.30666667
visual_counterfactual_rca,qwen3.6-27b,H_factual,aegislab,ts-preserve-service,5,0,0.38333333
visual_counterfactual_rca,qwen3.6-27b,H_factual,aegislab,ts-price-service,2,0.5,0.75
visual_counterfactual_rca,qwen3.6-27b,H_factual,aegislab,ts-route-plan-service,6,0.16666667,0.23333333
visual_counterfactual_rca,qwen3.6-27b,H_factual,aegislab,ts-route-service,4,0.25,0.50833333
visual_counterfactual_rca,qwen3.6-27b,H_factual,aegislab,ts-seat-service,6,0.16666667,0.33333333
visual_counterfactual_rca,qwen3.6-27b,H_factual,aegislab,ts-security-service,1,0,0.33333333
visual_counterfactual_rca,qwen3.6-27b,H_factual,aegislab,ts-station-food-service,1,0,0.5
visual_counterfactual_rca,qwen3.6-27b,H_factual,aegislab,ts-station-service,1,0,0.25
visual_counterfactual_rca,qwen3.6-27b,H_factual,aegislab,ts-train-service,2,0,0.25
visual_counterfactual_rca,qwen3.6-27b,H_factual,aegislab,ts-travel-plan-service,3,0.33333333,0.5
visual_counterfactual_rca,qwen3.6-27b,H_factual,aegislab,ts-travel-service,3,0.33333333,0.41666667
visual_counterfactual_rca,qwen3.6-27b,H_factual,aegislab,ts-travel2-service,2,0,0.25
visual_counterfactual_rca,qwen3.6-27b,H_factual,aegislab,ts-user-service,1,1,1
visual_counterfactual_rca,qwen3.6-27b,H_factual,aegislab,ts-verification-code-service,1,0,0.33333333
visual_counterfactual_rca,qwen3.6-27b,H_factual,aiops2022,adservice,1,0,0
visual_counterfactual_rca,qwen3.6-27b,H_factual,aiops2022,adservice-0,1,1,1
visual_counterfactual_rca,qwen3.6-27b,H_factual,aiops2022,adservice-1,1,1,1
visual_counterfactual_rca,qwen3.6-27b,H_factual,aiops2022,cartservice,3,0.33333333,0.44444444
visual_counterfactual_rca,qwen3.6-27b,H_factual,aiops2022,cartservice-0,1,0,0
visual_counterfactual_rca,qwen3.6-27b,H_factual,aiops2022,checkoutservice,2,0.5,0.75
visual_counterfactual_rca,qwen3.6-27b,H_factual,aiops2022,checkoutservice-0,1,0,0.2
visual_counterfactual_rca,qwen3.6-27b,H_factual,aiops2022,checkoutservice-1,1,0,0.5
visual_counterfactual_rca,qwen3.6-27b,H_factual,aiops2022,currencyservice,2,0,0
visual_counterfactual_rca,qwen3.6-27b,H_factual,aiops2022,currencyservice-2,1,1,1
visual_counterfactual_rca,qwen3.6-27b,H_factual,aiops2022,emailservice,3,0,0.17777778
visual_counterfactual_rca,qwen3.6-27b,H_factual,aiops2022,frontend,3,0.33333333,0.5
visual_counterfactual_rca,qwen3.6-27b,H_factual,aiops2022,node-1,1,0,0
visual_counterfactual_rca,qwen3.6-27b,H_factual,aiops2022,node-2,3,0.66666667,0.66666667
visual_counterfactual_rca,qwen3.6-27b,H_factual,aiops2022,node-3,1,0,0
visual_counterfactual_rca,qwen3.6-27b,H_factual,aiops2022,node-4,2,0,0.25
visual_counterfactual_rca,qwen3.6-27b,H_factual,aiops2022,node-5,6,0.5,0.5
visual_counterfactual_rca,qwen3.6-27b,H_factual,aiops2022,paymentservice,1,0,0
visual_counterfactual_rca,qwen3.6-27b,H_factual,aiops2022,productcatalogservice,1,0,0
visual_counterfactual_rca,qwen3.6-27b,H_factual,aiops2022,productcatalogservice-1,1,0,0.33333333
visual_counterfactual_rca,qwen3.6-27b,H_factual,aiops2022,productcatalogservice-2,2,0,0.16666667
visual_counterfactual_rca,qwen3.6-27b,H_factual,aiops2022,recommendationservice,3,0,0.16666667
visual_counterfactual_rca,qwen3.6-27b,H_factual,aiops2022,recommendationservice-2,1,0,0
visual_counterfactual_rca,qwen3.6-27b,H_factual,aiops2022,shippingservice,3,0.33333333,0.33333333
visual_counterfactual_rca,qwen3.6-27b,H_factual,aiops2022,shippingservice-1,1,0,0
visual_counterfactual_rca,qwen3.6-27b,H_factual,aiops2022,shippingservice2-0,1,0,0
visual_counterfactual_rca,qwen3.6-27b,H_factual,aiops2025,adservice,14,0.14285714,0.2047619
visual_counterfactual_rca,qwen3.6-27b,H_factual,aiops2025,cartservice,7,0.28571429,0.35714286
visual_counterfactual_rca,qwen3.6-27b,H_factual,aiops2025,checkoutservice,17,0.11764706,0.22254902
visual_counterfactual_rca,qwen3.6-27b,H_factual,aiops2025,currencyservice,4,0.25,0.3125
visual_counterfactual_rca,qwen3.6-27b,H_factual,aiops2025,emailservice,2,0,0
visual_counterfactual_rca,qwen3.6-27b,H_factual,aiops2025,frontend,3,0.33333333,0.4
visual_counterfactual_rca,qwen3.6-27b,H_factual,aiops2025,node-1,3,0,0
visual_counterfactual_rca,qwen3.6-27b,H_factual,aiops2025,node-3,3,0.66666667,0.66666667
visual_counterfactual_rca,qwen3.6-27b,H_factual,aiops2025,node-4,1,0,0.5
visual_counterfactual_rca,qwen3.6-27b,H_factual,aiops2025,node-5,4,0.25,0.33333333
visual_counterfactual_rca,qwen3.6-27b,H_factual,aiops2025,node-6,5,0.2,0.2
visual_counterfactual_rca,qwen3.6-27b,H_factual,aiops2025,node-7,2,0,0.125
visual_counterfactual_rca,qwen3.6-27b,H_factual,aiops2025,node-8,4,0.25,0.39583333
visual_counterfactual_rca,qwen3.6-27b,H_factual,aiops2025,paymentservice,1,0,0
visual_counterfactual_rca,qwen3.6-27b,H_factual,aiops2025,productcatalogservice,4,0.25,0.25
visual_counterfactual_rca,qwen3.6-27b,H_factual,aiops2025,recommendationservice,1,0,0
visual_counterfactual_rca,qwen3.6-27b,H_factual,aiops2025,shippingservice,6,0.16666667,0.25
visual_counterfactual_rca,qwen3.6-27b,H_factual,aiops2025,tidb-tidb,2,0,0
visual_counterfactual_rca,qwen3.6-27b,H_factual,aiops2025,tidb-tikv,10,0,0.18333333
visual_counterfactual_rca,qwen3.6-27b,H_factual,re2_ob,checkoutservice,18,0.83333333,0.90277778
visual_counterfactual_rca,qwen3.6-27b,H_factual,re2_ob,currencyservice,18,0.38888889,0.58333333
visual_counterfactual_rca,qwen3.6-27b,H_factual,re2_ob,emailservice,18,0.72222222,0.83333333
visual_counterfactual_rca,qwen3.6-27b,H_factual,re2_ob,productcatalogservice,18,0.5,0.62962963
visual_counterfactual_rca,qwen3.6-27b,H_factual,re2_ob,recommendationservice,18,0.94444444,0.97222222
visual_counterfactual_rca,qwen3.6-27b,H_factual,re2_tt,ts-auth-service,18,0.72222222,0.75
visual_counterfactual_rca,qwen3.6-27b,H_factual,re2_tt,ts-order-service,18,0.5,0.64074074
visual_counterfactual_rca,qwen3.6-27b,H_factual,re2_tt,ts-route-service,18,0.66666667,0.78240741
visual_counterfactual_rca,qwen3.6-27b,H_factual,re2_tt,ts-train-service,18,0.55555556,0.68981481
visual_counterfactual_rca,qwen3.6-27b,H_factual,re2_tt,ts-travel-service,18,0.55555556,0.67592593
visual_counterfactual_rca,qwen3.6-27b,H_neutral,aegislab,mysql,6,0.5,0.70833333
visual_counterfactual_rca,qwen3.6-27b,H_neutral,aegislab,ts-assurance-service,5,0.8,0.9
visual_counterfactual_rca,qwen3.6-27b,H_neutral,aegislab,ts-auth-service,4,0.25,0.45833333
visual_counterfactual_rca,qwen3.6-27b,H_neutral,aegislab,ts-basic-service,19,0.10526316,0.23421053
visual_counterfactual_rca,qwen3.6-27b,H_neutral,aegislab,ts-config-service,6,0.33333333,0.375
visual_counterfactual_rca,qwen3.6-27b,H_neutral,aegislab,ts-consign-service,2,0,0.16666667
visual_counterfactual_rca,qwen3.6-27b,H_neutral,aegislab,ts-contacts-service,2,0,0.5
visual_counterfactual_rca,qwen3.6-27b,H_neutral,aegislab,ts-food-service,3,0.33333333,0.33333333
visual_counterfactual_rca,qwen3.6-27b,H_neutral,aegislab,ts-inside-payment-service,2,1,1
visual_counterfactual_rca,qwen3.6-27b,H_neutral,aegislab,ts-order-other-service,4,0.25,0.3125
visual_counterfactual_rca,qwen3.6-27b,H_neutral,aegislab,ts-order-service,5,0,0.21666667
visual_counterfactual_rca,qwen3.6-27b,H_neutral,aegislab,ts-preserve-service,5,0.2,0.36666667
visual_counterfactual_rca,qwen3.6-27b,H_neutral,aegislab,ts-price-service,2,0.5,0.75
visual_counterfactual_rca,qwen3.6-27b,H_neutral,aegislab,ts-route-plan-service,6,0.16666667,0.25555556
visual_counterfactual_rca,qwen3.6-27b,H_neutral,aegislab,ts-route-service,4,0.25,0.55
visual_counterfactual_rca,qwen3.6-27b,H_neutral,aegislab,ts-seat-service,6,0.33333333,0.45
visual_counterfactual_rca,qwen3.6-27b,H_neutral,aegislab,ts-security-service,1,0,0.33333333
visual_counterfactual_rca,qwen3.6-27b,H_neutral,aegislab,ts-station-food-service,1,0,0.5
visual_counterfactual_rca,qwen3.6-27b,H_neutral,aegislab,ts-station-service,1,0,0.33333333
visual_counterfactual_rca,qwen3.6-27b,H_neutral,aegislab,ts-train-service,2,0,0
visual_counterfactual_rca,qwen3.6-27b,H_neutral,aegislab,ts-travel-plan-service,3,0.33333333,0.5
visual_counterfactual_rca,qwen3.6-27b,H_neutral,aegislab,ts-travel-service,3,0,0.19444444
visual_counterfactual_rca,qwen3.6-27b,H_neutral,aegislab,ts-travel2-service,2,0,0.41666667
visual_counterfactual_rca,qwen3.6-27b,H_neutral,aegislab,ts-user-service,1,1,1
visual_counterfactual_rca,qwen3.6-27b,H_neutral,aegislab,ts-verification-code-service,1,0,0
visual_counterfactual_rca,qwen3.6-27b,H_neutral,aiops2022,adservice,1,0,0
visual_counterfactual_rca,qwen3.6-27b,H_neutral,aiops2022,adservice-0,1,1,1
visual_counterfactual_rca,qwen3.6-27b,H_neutral,aiops2022,adservice-1,1,1,1
visual_counterfactual_rca,qwen3.6-27b,H_neutral,aiops2022,cartservice,3,0.33333333,0.5
visual_counterfactual_rca,qwen3.6-27b,H_neutral,aiops2022,cartservice-0,1,0,0
visual_counterfactual_rca,qwen3.6-27b,H_neutral,aiops2022,checkoutservice,2,0,0.5
visual_counterfactual_rca,qwen3.6-27b,H_neutral,aiops2022,checkoutservice-0,1,0,0
visual_counterfactual_rca,qwen3.6-27b,H_neutral,aiops2022,checkoutservice-1,1,0,0
visual_counterfactual_rca,qwen3.6-27b,H_neutral,aiops2022,currencyservice,2,0,0.25
visual_counterfactual_rca,qwen3.6-27b,H_neutral,aiops2022,currencyservice-2,1,0,0
visual_counterfactual_rca,qwen3.6-27b,H_neutral,aiops2022,emailservice,3,0.33333333,0.44444444
visual_counterfactual_rca,qwen3.6-27b,H_neutral,aiops2022,frontend,3,0.33333333,0.58333333
visual_counterfactual_rca,qwen3.6-27b,H_neutral,aiops2022,node-1,1,0,0
visual_counterfactual_rca,qwen3.6-27b,H_neutral,aiops2022,node-2,3,0.66666667,0.77777778
visual_counterfactual_rca,qwen3.6-27b,H_neutral,aiops2022,node-3,1,0,0.5
visual_counterfactual_rca,qwen3.6-27b,H_neutral,aiops2022,node-4,2,0.5,0.5
visual_counterfactual_rca,qwen3.6-27b,H_neutral,aiops2022,node-5,6,0.33333333,0.33333333
visual_counterfactual_rca,qwen3.6-27b,H_neutral,aiops2022,paymentservice,1,0,0
visual_counterfactual_rca,qwen3.6-27b,H_neutral,aiops2022,productcatalogservice,1,0,0.5
visual_counterfactual_rca,qwen3.6-27b,H_neutral,aiops2022,productcatalogservice-1,1,0,0
visual_counterfactual_rca,qwen3.6-27b,H_neutral,aiops2022,productcatalogservice-2,2,0.5,0.5
visual_counterfactual_rca,qwen3.6-27b,H_neutral,aiops2022,recommendationservice,3,0.33333333,0.5
visual_counterfactual_rca,qwen3.6-27b,H_neutral,aiops2022,recommendationservice-2,1,0,0.5
visual_counterfactual_rca,qwen3.6-27b,H_neutral,aiops2022,shippingservice,3,0.33333333,0.5
visual_counterfactual_rca,qwen3.6-27b,H_neutral,aiops2022,shippingservice-1,1,0,0
visual_counterfactual_rca,qwen3.6-27b,H_neutral,aiops2022,shippingservice2-0,1,0,0
visual_counterfactual_rca,qwen3.6-27b,H_neutral,aiops2025,adservice,14,0.21428571,0.32738095
visual_counterfactual_rca,qwen3.6-27b,H_neutral,aiops2025,cartservice,7,0.28571429,0.46428571
visual_counterfactual_rca,qwen3.6-27b,H_neutral,aiops2025,checkoutservice,17,0.11764706,0.2245098
visual_counterfactual_rca,qwen3.6-27b,H_neutral,aiops2025,currencyservice,4,0.25,0.3125
visual_counterfactual_rca,qwen3.6-27b,H_neutral,aiops2025,emailservice,2,0,0
visual_counterfactual_rca,qwen3.6-27b,H_neutral,aiops2025,frontend,3,0,0.27777778
visual_counterfactual_rca,qwen3.6-27b,H_neutral,aiops2025,node-1,3,0,0
visual_counterfactual_rca,qwen3.6-27b,H_neutral,aiops2025,node-3,3,0.33333333,0.61111111
visual_counterfactual_rca,qwen3.6-27b,H_neutral,aiops2025,node-4,1,0,0.5
visual_counterfactual_rca,qwen3.6-27b,H_neutral,aiops2025,node-5,4,0.25,0.25
visual_counterfactual_rca,qwen3.6-27b,H_neutral,aiops2025,node-6,5,0.2,0.25
visual_counterfactual_rca,qwen3.6-27b,H_neutral,aiops2025,node-7,2,0,0
visual_counterfactual_rca,qwen3.6-27b,H_neutral,aiops2025,node-8,4,0.25,0.3125
visual_counterfactual_rca,qwen3.6-27b,H_neutral,aiops2025,paymentservice,1,0,0
visual_counterfactual_rca,qwen3.6-27b,H_neutral,aiops2025,productcatalogservice,4,0,0.125
visual_counterfactual_rca,qwen3.6-27b,H_neutral,aiops2025,recommendationservice,1,0,0
visual_counterfactual_rca,qwen3.6-27b,H_neutral,aiops2025,shippingservice,6,0.16666667,0.25
visual_counterfactual_rca,qwen3.6-27b,H_neutral,aiops2025,tidb-tidb,2,0,0
visual_counterfactual_rca,qwen3.6-27b,H_neutral,aiops2025,tidb-tikv,10,0,0.19166667
visual_counterfactual_rca,qwen3.6-27b,H_neutral,re2_ob,checkoutservice,18,0.83333333,0.90277778
visual_counterfactual_rca,qwen3.6-27b,H_neutral,re2_ob,currencyservice,18,0.33333333,0.56203704
visual_counterfactual_rca,qwen3.6-27b,H_neutral,re2_ob,emailservice,18,0.66666667,0.77777778
visual_counterfactual_rca,qwen3.6-27b,H_neutral,re2_ob,productcatalogservice,18,0.5,0.72685185
visual_counterfactual_rca,qwen3.6-27b,H_neutral,re2_ob,recommendationservice,18,0.94444444,0.97222222
visual_counterfactual_rca,qwen3.6-27b,H_neutral,re2_tt,ts-auth-service,18,0.77777778,0.77777778
visual_counterfactual_rca,qwen3.6-27b,H_neutral,re2_tt,ts-order-service,18,0.72222222,0.7962963
visual_counterfactual_rca,qwen3.6-27b,H_neutral,re2_tt,ts-route-service,18,0.83333333,0.85185185
visual_counterfactual_rca,qwen3.6-27b,H_neutral,re2_tt,ts-train-service,18,0.66666667,0.77777778
visual_counterfactual_rca,qwen3.6-27b,H_neutral,re2_tt,ts-travel-service,18,0.5,0.61296296
visual_counterfactual_rca,qwen3.6-27b,H_placebo,aegislab,mysql,6,0.5,0.63888889
visual_counterfactual_rca,qwen3.6-27b,H_placebo,aegislab,ts-assurance-service,5,0.6,0.75
visual_counterfactual_rca,qwen3.6-27b,H_placebo,aegislab,ts-auth-service,4,0.25,0.4875
visual_counterfactual_rca,qwen3.6-27b,H_placebo,aegislab,ts-basic-service,19,0.10526316,0.24473684
visual_counterfactual_rca,qwen3.6-27b,H_placebo,aegislab,ts-config-service,6,0.33333333,0.47222222
visual_counterfactual_rca,qwen3.6-27b,H_placebo,aegislab,ts-consign-service,2,0,0.16666667
visual_counterfactual_rca,qwen3.6-27b,H_placebo,aegislab,ts-contacts-service,2,0,0.5
visual_counterfactual_rca,qwen3.6-27b,H_placebo,aegislab,ts-food-service,3,0,0
visual_counterfactual_rca,qwen3.6-27b,H_placebo,aegislab,ts-inside-payment-service,2,0.5,0.75
visual_counterfactual_rca,qwen3.6-27b,H_placebo,aegislab,ts-order-other-service,4,0.25,0.35
visual_counterfactual_rca,qwen3.6-27b,H_placebo,aegislab,ts-order-service,5,0,0.21666667
visual_counterfactual_rca,qwen3.6-27b,H_placebo,aegislab,ts-preserve-service,5,0,0.21666667
visual_counterfactual_rca,qwen3.6-27b,H_placebo,aegislab,ts-price-service,2,0.5,0.75
visual_counterfactual_rca,qwen3.6-27b,H_placebo,aegislab,ts-route-plan-service,6,0,0.055555556
visual_counterfactual_rca,qwen3.6-27b,H_placebo,aegislab,ts-route-service,4,0.25,0.425
visual_counterfactual_rca,qwen3.6-27b,H_placebo,aegislab,ts-seat-service,6,0,0.21388889
visual_counterfactual_rca,qwen3.6-27b,H_placebo,aegislab,ts-security-service,1,0,0.33333333
visual_counterfactual_rca,qwen3.6-27b,H_placebo,aegislab,ts-station-food-service,1,0,0.5
visual_counterfactual_rca,qwen3.6-27b,H_placebo,aegislab,ts-station-service,1,0,0.25
visual_counterfactual_rca,qwen3.6-27b,H_placebo,aegislab,ts-train-service,2,0,0.125
visual_counterfactual_rca,qwen3.6-27b,H_placebo,aegislab,ts-travel-plan-service,3,0.33333333,0.5
visual_counterfactual_rca,qwen3.6-27b,H_placebo,aegislab,ts-travel-service,3,0,0.25
visual_counterfactual_rca,qwen3.6-27b,H_placebo,aegislab,ts-travel2-service,2,0,0.25
visual_counterfactual_rca,qwen3.6-27b,H_placebo,aegislab,ts-user-service,1,1,1
visual_counterfactual_rca,qwen3.6-27b,H_placebo,aegislab,ts-verification-code-service,1,0,0.33333333
visual_counterfactual_rca,qwen3.6-27b,H_placebo,aiops2022,adservice,1,0,0.2
visual_counterfactual_rca,qwen3.6-27b,H_placebo,aiops2022,adservice-0,1,1,1
visual_counterfactual_rca,qwen3.6-27b,H_placebo,aiops2022,adservice-1,1,1,1
visual_counterfactual_rca,qwen3.6-27b,H_placebo,aiops2022,cartservice,3,0.33333333,0.44444444
visual_counterfactual_rca,qwen3.6-27b,H_placebo,aiops2022,cartservice-0,1,0,0
visual_counterfactual_rca,qwen3.6-27b,H_placebo,aiops2022,checkoutservice,2,0.5,0.625
visual_counterfactual_rca,qwen3.6-27b,H_placebo,aiops2022,checkoutservice-0,1,0,0.25
visual_counterfactual_rca,qwen3.6-27b,H_placebo,aiops2022,checkoutservice-1,1,1,1
visual_counterfactual_rca,qwen3.6-27b,H_placebo,aiops2022,currencyservice,2,0,0.125
visual_counterfactual_rca,qwen3.6-27b,H_placebo,aiops2022,currencyservice-2,1,0,0.5
visual_counterfactual_rca,qwen3.6-27b,H_placebo,aiops2022,emailservice,3,0.33333333,0.44444444
visual_counterfactual_rca,qwen3.6-27b,H_placebo,aiops2022,frontend,3,0.66666667,0.77777778
visual_counterfactual_rca,qwen3.6-27b,H_placebo,aiops2022,node-1,1,0,0
visual_counterfactual_rca,qwen3.6-27b,H_placebo,aiops2022,node-2,3,0.33333333,0.5
visual_counterfactual_rca,qwen3.6-27b,H_placebo,aiops2022,node-3,1,0,0
visual_counterfactual_rca,qwen3.6-27b,H_placebo,aiops2022,node-4,2,0.5,0.5
visual_counterfactual_rca,qwen3.6-27b,H_placebo,aiops2022,node-5,6,0.33333333,0.33333333
visual_counterfactual_rca,qwen3.6-27b,H_placebo,aiops2022,paymentservice,1,0,0
visual_counterfactual_rca,qwen3.6-27b,H_placebo,aiops2022,productcatalogservice,1,0,0.33333333
visual_counterfactual_rca,qwen3.6-27b,H_placebo,aiops2022,productcatalogservice-1,1,0,0
visual_counterfactual_rca,qwen3.6-27b,H_placebo,aiops2022,productcatalogservice-2,2,0,0.16666667
visual_counterfactual_rca,qwen3.6-27b,H_placebo,aiops2022,recommendationservice,3,0.33333333,0.4
visual_counterfactual_rca,qwen3.6-27b,H_placebo,aiops2022,recommendationservice-2,1,0,0
visual_counterfactual_rca,qwen3.6-27b,H_placebo,aiops2022,shippingservice,3,0.33333333,0.33333333
visual_counterfactual_rca,qwen3.6-27b,H_placebo,aiops2022,shippingservice-1,1,0,0
visual_counterfactual_rca,qwen3.6-27b,H_placebo,aiops2022,shippingservice2-0,1,0,0
visual_counterfactual_rca,qwen3.6-27b,H_placebo,aiops2025,adservice,14,0.14285714,0.23095238
visual_counterfactual_rca,qwen3.6-27b,H_placebo,aiops2025,cartservice,7,0.28571429,0.36904762
visual_counterfactual_rca,qwen3.6-27b,H_placebo,aiops2025,checkoutservice,17,0.17647059,0.26960784
visual_counterfactual_rca,qwen3.6-27b,H_placebo,aiops2025,currencyservice,4,0.25,0.33333333
visual_counterfactual_rca,qwen3.6-27b,H_placebo,aiops2025,emailservice,2,0,0
visual_counterfactual_rca,qwen3.6-27b,H_placebo,aiops2025,frontend,3,0.33333333,0.44444444
visual_counterfactual_rca,qwen3.6-27b,H_placebo,aiops2025,node-1,3,0,0
visual_counterfactual_rca,qwen3.6-27b,H_placebo,aiops2025,node-3,3,0.66666667,0.66666667
visual_counterfactual_rca,qwen3.6-27b,H_placebo,aiops2025,node-4,1,0,0.5
visual_counterfactual_rca,qwen3.6-27b,H_placebo,aiops2025,node-5,4,0.25,0.3
visual_counterfactual_rca,qwen3.6-27b,H_placebo,aiops2025,node-6,5,0.2,0.2
visual_counterfactual_rca,qwen3.6-27b,H_placebo,aiops2025,node-7,2,0,0
visual_counterfactual_rca,qwen3.6-27b,H_placebo,aiops2025,node-8,4,0.25,0.375
visual_counterfactual_rca,qwen3.6-27b,H_placebo,aiops2025,paymentservice,1,0,0
visual_counterfactual_rca,qwen3.6-27b,H_placebo,aiops2025,productcatalogservice,4,0.25,0.25
visual_counterfactual_rca,qwen3.6-27b,H_placebo,aiops2025,recommendationservice,1,0,0
visual_counterfactual_rca,qwen3.6-27b,H_placebo,aiops2025,shippingservice,6,0.16666667,0.28333333
visual_counterfactual_rca,qwen3.6-27b,H_placebo,aiops2025,tidb-tidb,2,0,0
visual_counterfactual_rca,qwen3.6-27b,H_placebo,aiops2025,tidb-tikv,10,0,0.18333333
visual_counterfactual_rca,qwen3.6-27b,H_placebo,re2_ob,checkoutservice,18,0.83333333,0.90277778
visual_counterfactual_rca,qwen3.6-27b,H_placebo,re2_ob,currencyservice,18,0.33333333,0.47222222
visual_counterfactual_rca,qwen3.6-27b,H_placebo,re2_ob,emailservice,18,0.66666667,0.77777778
visual_counterfactual_rca,qwen3.6-27b,H_placebo,re2_ob,productcatalogservice,18,0.44444444,0.59907407
visual_counterfactual_rca,qwen3.6-27b,H_placebo,re2_ob,recommendationservice,18,0.94444444,0.97222222
visual_counterfactual_rca,qwen3.6-27b,H_placebo,re2_tt,ts-auth-service,18,0.55555556,0.59444444
visual_counterfactual_rca,qwen3.6-27b,H_placebo,re2_tt,ts-order-service,18,0.55555556,0.66851852
visual_counterfactual_rca,qwen3.6-27b,H_placebo,re2_tt,ts-route-service,18,0.77777778,0.84722222
visual_counterfactual_rca,qwen3.6-27b,H_placebo,re2_tt,ts-train-service,18,0.5,0.68703704
visual_counterfactual_rca,qwen3.6-27b,H_placebo,re2_tt,ts-travel-service,18,0.55555556,0.68518519
visual_counterfactual_rca,qwen3.6-27b,H_targeted,aegislab,mysql,6,0.66666667,0.79166667
visual_counterfactual_rca,qwen3.6-27b,H_targeted,aegislab,ts-assurance-service,5,0.6,0.74
visual_counterfactual_rca,qwen3.6-27b,H_targeted,aegislab,ts-auth-service,4,0.25,0.33333333
visual_counterfactual_rca,qwen3.6-27b,H_targeted,aegislab,ts-basic-service,19,0.15789474,0.26315789
visual_counterfactual_rca,qwen3.6-27b,H_targeted,aegislab,ts-config-service,6,0.33333333,0.46388889
visual_counterfactual_rca,qwen3.6-27b,H_targeted,aegislab,ts-consign-service,2,0,0.16666667
visual_counterfactual_rca,qwen3.6-27b,H_targeted,aegislab,ts-contacts-service,2,0,0.41666667
visual_counterfactual_rca,qwen3.6-27b,H_targeted,aegislab,ts-food-service,3,0,0.083333333
visual_counterfactual_rca,qwen3.6-27b,H_targeted,aegislab,ts-inside-payment-service,2,0.5,0.625
visual_counterfactual_rca,qwen3.6-27b,H_targeted,aegislab,ts-order-other-service,4,0.25,0.33333333
visual_counterfactual_rca,qwen3.6-27b,H_targeted,aegislab,ts-order-service,5,0,0.18333333
visual_counterfactual_rca,qwen3.6-27b,H_targeted,aegislab,ts-preserve-service,5,0,0.13333333
visual_counterfactual_rca,qwen3.6-27b,H_targeted,aegislab,ts-price-service,2,0,0.25
visual_counterfactual_rca,qwen3.6-27b,H_targeted,aegislab,ts-route-plan-service,6,0.16666667,0.28333333
visual_counterfactual_rca,qwen3.6-27b,H_targeted,aegislab,ts-route-service,4,0.25,0.425
visual_counterfactual_rca,qwen3.6-27b,H_targeted,aegislab,ts-seat-service,6,0.16666667,0.34722222
visual_counterfactual_rca,qwen3.6-27b,H_targeted,aegislab,ts-security-service,1,0,0.33333333
visual_counterfactual_rca,qwen3.6-27b,H_targeted,aegislab,ts-station-food-service,1,0,0.5
visual_counterfactual_rca,qwen3.6-27b,H_targeted,aegislab,ts-station-service,1,0,0.33333333
visual_counterfactual_rca,qwen3.6-27b,H_targeted,aegislab,ts-train-service,2,0,0.16666667
visual_counterfactual_rca,qwen3.6-27b,H_targeted,aegislab,ts-travel-plan-service,3,0.33333333,0.5
visual_counterfactual_rca,qwen3.6-27b,H_targeted,aegislab,ts-travel-service,3,0,0.25
visual_counterfactual_rca,qwen3.6-27b,H_targeted,aegislab,ts-travel2-service,2,0.5,0.5
visual_counterfactual_rca,qwen3.6-27b,H_targeted,aegislab,ts-user-service,1,1,1
visual_counterfactual_rca,qwen3.6-27b,H_targeted,aegislab,ts-verification-code-service,1,0,0
visual_counterfactual_rca,qwen3.6-27b,H_targeted,aiops2022,adservice,1,0,0.33333333
visual_counterfactual_rca,qwen3.6-27b,H_targeted,aiops2022,adservice-0,1,0,0.2
visual_counterfactual_rca,qwen3.6-27b,H_targeted,aiops2022,adservice-1,1,1,1
visual_counterfactual_rca,qwen3.6-27b,H_targeted,aiops2022,cartservice,3,0.33333333,0.5
visual_counterfactual_rca,qwen3.6-27b,H_targeted,aiops2022,cartservice-0,1,0,0
visual_counterfactual_rca,qwen3.6-27b,H_targeted,aiops2022,checkoutservice,2,1,1
visual_counterfactual_rca,qwen3.6-27b,H_targeted,aiops2022,checkoutservice-0,1,0,0
visual_counterfactual_rca,qwen3.6-27b,H_targeted,aiops2022,checkoutservice-1,1,1,1
visual_counterfactual_rca,qwen3.6-27b,H_targeted,aiops2022,currencyservice,2,0,0
visual_counterfactual_rca,qwen3.6-27b,H_targeted,aiops2022,currencyservice-2,1,1,1
visual_counterfactual_rca,qwen3.6-27b,H_targeted,aiops2022,emailservice,3,0,0
visual_counterfactual_rca,qwen3.6-27b,H_targeted,aiops2022,frontend,3,0.33333333,0.5
visual_counterfactual_rca,qwen3.6-27b,H_targeted,aiops2022,node-1,1,0,0.5
visual_counterfactual_rca,qwen3.6-27b,H_targeted,aiops2022,node-2,3,0.33333333,0.5
visual_counterfactual_rca,qwen3.6-27b,H_targeted,aiops2022,node-3,1,0,0.5
visual_counterfactual_rca,qwen3.6-27b,H_targeted,aiops2022,node-4,2,0,0.375
visual_counterfactual_rca,qwen3.6-27b,H_targeted,aiops2022,node-5,6,0.33333333,0.41666667
visual_counterfactual_rca,qwen3.6-27b,H_targeted,aiops2022,paymentservice,1,0,0
visual_counterfactual_rca,qwen3.6-27b,H_targeted,aiops2022,productcatalogservice,1,0,0.25
visual_counterfactual_rca,qwen3.6-27b,H_targeted,aiops2022,productcatalogservice-1,1,0,0.5
visual_counterfactual_rca,qwen3.6-27b,H_targeted,aiops2022,productcatalogservice-2,2,0,0.16666667
visual_counterfactual_rca,qwen3.6-27b,H_targeted,aiops2022,recommendationservice,3,0,0.16666667
visual_counterfactual_rca,qwen3.6-27b,H_targeted,aiops2022,recommendationservice-2,1,0,0
visual_counterfactual_rca,qwen3.6-27b,H_targeted,aiops2022,shippingservice,3,0.33333333,0.5
visual_counterfactual_rca,qwen3.6-27b,H_targeted,aiops2022,shippingservice-1,1,0,0
visual_counterfactual_rca,qwen3.6-27b,H_targeted,aiops2022,shippingservice2-0,1,0,0
visual_counterfactual_rca,qwen3.6-27b,H_targeted,aiops2025,adservice,14,0.14285714,0.27619048
visual_counterfactual_rca,qwen3.6-27b,H_targeted,aiops2025,cartservice,7,0.14285714,0.39285714
visual_counterfactual_rca,qwen3.6-27b,H_targeted,aiops2025,checkoutservice,17,0.11764706,0.31372549
visual_counterfactual_rca,qwen3.6-27b,H_targeted,aiops2025,currencyservice,4,0.25,0.3125
visual_counterfactual_rca,qwen3.6-27b,H_targeted,aiops2025,emailservice,2,0,0
visual_counterfactual_rca,qwen3.6-27b,H_targeted,aiops2025,frontend,3,0,0.27777778
visual_counterfactual_rca,qwen3.6-27b,H_targeted,aiops2025,node-1,3,0,0
visual_counterfactual_rca,qwen3.6-27b,H_targeted,aiops2025,node-3,3,0.66666667,0.66666667
visual_counterfactual_rca,qwen3.6-27b,H_targeted,aiops2025,node-4,1,0,0.5
visual_counterfactual_rca,qwen3.6-27b,H_targeted,aiops2025,node-5,4,0.25,0.33333333
visual_counterfactual_rca,qwen3.6-27b,H_targeted,aiops2025,node-6,5,0,0.05
visual_counterfactual_rca,qwen3.6-27b,H_targeted,aiops2025,node-7,2,0,0.125
visual_counterfactual_rca,qwen3.6-27b,H_targeted,aiops2025,node-8,4,0.25,0.39583333
visual_counterfactual_rca,qwen3.6-27b,H_targeted,aiops2025,paymentservice,1,0,0.2
visual_counterfactual_rca,qwen3.6-27b,H_targeted,aiops2025,productcatalogservice,4,0.25,0.25
visual_counterfactual_rca,qwen3.6-27b,H_targeted,aiops2025,recommendationservice,1,0,0
visual_counterfactual_rca,qwen3.6-27b,H_targeted,aiops2025,shippingservice,6,0.16666667,0.25
visual_counterfactual_rca,qwen3.6-27b,H_targeted,aiops2025,tidb-tidb,2,0,0
visual_counterfactual_rca,qwen3.6-27b,H_targeted,aiops2025,tidb-tikv,10,0.1,0.25333333
visual_counterfactual_rca,qwen3.6-27b,H_targeted,re2_ob,checkoutservice,18,0.83333333,0.91666667
visual_counterfactual_rca,qwen3.6-27b,H_targeted,re2_ob,currencyservice,18,0.22222222,0.48611111
visual_counterfactual_rca,qwen3.6-27b,H_targeted,re2_ob,emailservice,18,0.77777778,0.84722222
visual_counterfactual_rca,qwen3.6-27b,H_targeted,re2_ob,productcatalogservice,18,0.27777778,0.48518519
visual_counterfactual_rca,qwen3.6-27b,H_targeted,re2_ob,recommendationservice,18,0.94444444,0.97222222
visual_counterfactual_rca,qwen3.6-27b,H_targeted,re2_tt,ts-auth-service,18,0.72222222,0.75
visual_counterfactual_rca,qwen3.6-27b,H_targeted,re2_tt,ts-order-service,18,0.5,0.62685185
visual_counterfactual_rca,qwen3.6-27b,H_targeted,re2_tt,ts-route-service,18,0.77777778,0.87037037
visual_counterfactual_rca,qwen3.6-27b,H_targeted,re2_tt,ts-train-service,18,0.5,0.67592593
visual_counterfactual_rca,qwen3.6-27b,H_targeted,re2_tt,ts-travel-service,18,0.5,0.57407407
visual_counterfactual_rca,qwen3.8-27b,H_factual,aegislab,mysql,6,0.5,0.61111111
visual_counterfactual_rca,qwen3.8-27b,H_factual,aegislab,ts-assurance-service,5,0.4,0.55
visual_counterfactual_rca,qwen3.8-27b,H_factual,aegislab,ts-auth-service,4,0.25,0.375
visual_counterfactual_rca,qwen3.8-27b,H_factual,aegislab,ts-basic-service,19,0.10526316,0.16666667
visual_counterfactual_rca,qwen3.8-27b,H_factual,aegislab,ts-config-service,6,0.33333333,0.47777778
visual_counterfactual_rca,qwen3.8-27b,H_factual,aegislab,ts-consign-service,2,0,0.25
visual_counterfactual_rca,qwen3.8-27b,H_factual,aegislab,ts-contacts-service,2,0,0.33333333
visual_counterfactual_rca,qwen3.8-27b,H_factual,aegislab,ts-food-service,3,0,0.27777778
visual_counterfactual_rca,qwen3.8-27b,H_factual,aegislab,ts-inside-payment-service,2,1,1
visual_counterfactual_rca,qwen3.8-27b,H_factual,aegislab,ts-order-other-service,4,0,0.25
visual_counterfactual_rca,qwen3.8-27b,H_factual,aegislab,ts-order-service,5,0,0.25
visual_counterfactual_rca,qwen3.8-27b,H_factual,aegislab,ts-preserve-service,5,0.2,0.46666667
visual_counterfactual_rca,qwen3.8-27b,H_factual,aegislab,ts-price-service,2,0.5,0.75
visual_counterfactual_rca,qwen3.8-27b,H_factual,aegislab,ts-route-plan-service,6,0.16666667,0.31111111
visual_counterfactual_rca,qwen3.8-27b,H_factual,aegislab,ts-route-service,4,0,0.33333333
visual_counterfactual_rca,qwen3.8-27b,H_factual,aegislab,ts-seat-service,6,0.16666667,0.47222222
visual_counterfactual_rca,qwen3.8-27b,H_factual,aegislab,ts-security-service,1,0,0.5
visual_counterfactual_rca,qwen3.8-27b,H_factual,aegislab,ts-station-food-service,1,1,1
visual_counterfactual_rca,qwen3.8-27b,H_factual,aegislab,ts-station-service,1,0,0
visual_counterfactual_rca,qwen3.8-27b,H_factual,aegislab,ts-train-service,2,0,0.25
visual_counterfactual_rca,qwen3.8-27b,H_factual,aegislab,ts-travel-plan-service,3,0.66666667,0.66666667
visual_counterfactual_rca,qwen3.8-27b,H_factual,aegislab,ts-travel-service,3,0,0
visual_counterfactual_rca,qwen3.8-27b,H_factual,aegislab,ts-travel2-service,2,0.5,0.5
visual_counterfactual_rca,qwen3.8-27b,H_factual,aegislab,ts-user-service,1,1,1
visual_counterfactual_rca,qwen3.8-27b,H_factual,aegislab,ts-verification-code-service,1,0,0
visual_counterfactual_rca,qwen3.8-27b,H_factual,aiops2022,adservice,1,0,0.5
visual_counterfactual_rca,qwen3.8-27b,H_factual,aiops2022,adservice-0,1,0,0.5
visual_counterfactual_rca,qwen3.8-27b,H_factual,aiops2022,adservice-1,1,1,1
visual_counterfactual_rca,qwen3.8-27b,H_factual,aiops2022,adservice2-0,1,0,0.5
visual_counterfactual_rca,qwen3.8-27b,H_factual,aiops2022,cartservice,4,0.25,0.375
visual_counterfactual_rca,qwen3.8-27b,H_factual,aiops2022,cartservice-0,1,0,0
visual_counterfactual_rca,qwen3.8-27b,H_factual,aiops2022,cartservice2-0,1,0,0
visual_counterfactual_rca,qwen3.8-27b,H_factual,aiops2022,checkoutservice,2,0.5,0.5
visual_counterfactual_rca,qwen3.8-27b,H_factual,aiops2022,checkoutservice-0,1,1,1
visual_counterfactual_rca,qwen3.8-27b,H_factual,aiops2022,checkoutservice-1,2,0.5,0.5
visual_counterfactual_rca,qwen3.8-27b,H_factual,aiops2022,currencyservice,2,0,0.16666667
visual_counterfactual_rca,qwen3.8-27b,H_factual,aiops2022,currencyservice-1,1,0,0
visual_counterfactual_rca,qwen3.8-27b,H_factual,aiops2022,currencyservice-2,1,0,0
visual_counterfactual_rca,qwen3.8-27b,H_factual,aiops2022,emailservice,3,0,0.083333333
visual_counterfactual_rca,qwen3.8-27b,H_factual,aiops2022,frontend,3,0,0.5
visual_counterfactual_rca,qwen3.8-27b,H_factual,aiops2022,node-1,1,0,0
visual_counterfactual_rca,qwen3.8-27b,H_factual,aiops2022,node-2,3,1,1
visual_counterfactual_rca,qwen3.8-27b,H_factual,aiops2022,node-3,2,0,0
visual_counterfactual_rca,qwen3.8-27b,H_factual,aiops2022,node-4,3,0,0.33333333
visual_counterfactual_rca,qwen3.8-27b,H_factual,aiops2022,node-5,7,0.14285714,0.21428571
visual_counterfactual_rca,qwen3.8-27b,H_factual,aiops2022,node-6,1,0,0
visual_counterfactual_rca,qwen3.8-27b,H_factual,aiops2022,paymentservice,1,0,0
visual_counterfactual_rca,qwen3.8-27b,H_factual,aiops2022,productcatalogservice,1,0,0
visual_counterfactual_rca,qwen3.8-27b,H_factual,aiops2022,productcatalogservice-0,1,0,0
visual_counterfactual_rca,qwen3.8-27b,H_factual,aiops2022,productcatalogservice-1,2,0,0
visual_counterfactual_rca,qwen3.8-27b,H_factual,aiops2022,productcatalogservice-2,2,0,0
visual_counterfactual_rca,qwen3.8-27b,H_factual,aiops2022,productcatalogservice2-0,1,0,0.33333333
visual_counterfactual_rca,qwen3.8-27b,H_factual,aiops2022,recommendationservice,3,0,0.27777778
visual_counterfactual_rca,qwen3.8-27b,H_factual,aiops2022,recommendationservice-2,1,0,0
visual_counterfactual_rca,qwen3.8-27b,H_factual,aiops2022,shippingservice,4,0,0.25
visual_counterfactual_rca,qwen3.8-27b,H_factual,aiops2022,shippingservice-0,1,0,0
visual_counterfactual_rca,qwen3.8-27b,H_factual,aiops2022,shippingservice-1,1,0,0
visual_counterfactual_rca,qwen3.8-27b,H_factual,aiops2022,shippingservice2-0,1,0,0
visual_counterfactual_rca,qwen3.8-27b,H_factual,aiops2025,adservice,14,0.21428571,0.30357143
visual_counterfactual_rca,qwen3.8-27b,H_factual,aiops2025,cartservice,7,0.14285714,0.35714286
visual_counterfactual_rca,qwen3.8-27b,H_factual,aiops2025,checkoutservice,17,0.11764706,0.28921569
visual_counterfactual_rca,qwen3.8-27b,H_factual,aiops2025,currencyservice,4,0.25,0.25
visual_counterfactual_rca,qwen3.8-27b,H_factual,aiops2025,emailservice,2,0,0
visual_counterfactual_rca,qwen3.8-27b,H_factual,aiops2025,frontend,3,0.33333333,0.5
visual_counterfactual_rca,qwen3.8-27b,H_factual,aiops2025,node-1,3,0,0
visual_counterfactual_rca,qwen3.8-27b,H_factual,aiops2025,node-3,3,0.66666667,0.73333333
visual_counterfactual_rca,qwen3.8-27b,H_factual,aiops2025,node-4,1,1,1
visual_counterfactual_rca,qwen3.8-27b,H_factual,aiops2025,node-5,4,0.25,0.33333333
visual_counterfactual_rca,qwen3.8-27b,H_factual,aiops2025,node-6,5,0,0.1
visual_counterfactual_rca,qwen3.8-27b,H_factual,aiops2025,node-7,2,0,0.25
visual_counterfactual_rca,qwen3.8-27b,H_factual,aiops2025,node-8,4,0.25,0.39583333
visual_counterfactual_rca,qwen3.8-27b,H_factual,aiops2025,paymentservice,1,0,0
visual_counterfactual_rca,qwen3.8-27b,H_factual,aiops2025,productcatalogservice,4,0.25,0.25
visual_counterfactual_rca,qwen3.8-27b,H_factual,aiops2025,recommendationservice,1,0,0
visual_counterfactual_rca,qwen3.8-27b,H_factual,aiops2025,shippingservice,6,0,0.083333333
visual_counterfactual_rca,qwen3.8-27b,H_factual,aiops2025,tidb-tidb,2,0,0
visual_counterfactual_rca,qwen3.8-27b,H_factual,aiops2025,tidb-tikv,10,0,0.18333333
visual_counterfactual_rca,qwen3.8-27b,H_factual,re2_ob,checkoutservice,18,0.77777778,0.87037037
visual_counterfactual_rca,qwen3.8-27b,H_factual,re2_ob,currencyservice,18,0.22222222,0.40740741
visual_counterfactual_rca,qwen3.8-27b,H_factual,re2_ob,emailservice,18,0.66666667,0.80555556
visual_counterfactual_rca,qwen3.8-27b,H_factual,re2_ob,productcatalogservice,18,0.33333333,0.50925926
visual_counterfactual_rca,qwen3.8-27b,H_factual,re2_ob,recommendationservice,18,0.66666667,0.82407407
visual_counterfactual_rca,qwen3.8-27b,H_factual,re2_tt,ts-auth-service,18,0.66666667,0.69444444
visual_counterfactual_rca,qwen3.8-27b,H_factual,re2_tt,ts-order-service,18,0.44444444,0.58333333
visual_counterfactual_rca,qwen3.8-27b,H_factual,re2_tt,ts-route-service,18,0.38888889,0.55092593
visual_counterfactual_rca,qwen3.8-27b,H_factual,re2_tt,ts-train-service,18,0.66666667,0.76388889
visual_counterfactual_rca,qwen3.8-27b,H_factual,re2_tt,ts-travel-service,18,0.5,0.66666667
visual_counterfactual_rca,qwen3.8-27b,H_neutral,aegislab,mysql,6,0.33333333,0.52777778
visual_counterfactual_rca,qwen3.8-27b,H_neutral,aegislab,ts-assurance-service,5,0.6,0.7
visual_counterfactual_rca,qwen3.8-27b,H_neutral,aegislab,ts-auth-service,4,0.25,0.625
visual_counterfactual_rca,qwen3.8-27b,H_neutral,aegislab,ts-basic-service,19,0.15789474,0.23245614
visual_counterfactual_rca,qwen3.8-27b,H_neutral,aegislab,ts-config-service,6,0.16666667,0.31944444
visual_counterfactual_rca,qwen3.8-27b,H_neutral,aegislab,ts-consign-service,2,0,0.25
visual_counterfactual_rca,qwen3.8-27b,H_neutral,aegislab,ts-contacts-service,2,0,0.41666667
visual_counterfactual_rca,qwen3.8-27b,H_neutral,aegislab,ts-food-service,3,0,0.41666667
visual_counterfactual_rca,qwen3.8-27b,H_neutral,aegislab,ts-inside-payment-service,2,0.5,0.75
visual_counterfactual_rca,qwen3.8-27b,H_neutral,aegislab,ts-order-other-service,4,0,0.25
visual_counterfactual_rca,qwen3.8-27b,H_neutral,aegislab,ts-order-service,5,0,0.1
visual_counterfactual_rca,qwen3.8-27b,H_neutral,aegislab,ts-preserve-service,5,0.2,0.24
visual_counterfactual_rca,qwen3.8-27b,H_neutral,aegislab,ts-price-service,2,0.5,0.75
visual_counterfactual_rca,qwen3.8-27b,H_neutral,aegislab,ts-route-plan-service,6,0.16666667,0.27777778
visual_counterfactual_rca,qwen3.8-27b,H_neutral,aegislab,ts-route-service,4,0,0.29166667
visual_counterfactual_rca,qwen3.8-27b,H_neutral,aegislab,ts-seat-service,6,0.16666667,0.33333333
visual_counterfactual_rca,qwen3.8-27b,H_neutral,aegislab,ts-security-service,1,1,1
visual_counterfactual_rca,qwen3.8-27b,H_neutral,aegislab,ts-station-food-service,1,0,0.5
visual_counterfactual_rca,qwen3.8-27b,H_neutral,aegislab,ts-station-service,1,1,1
visual_counterfactual_rca,qwen3.8-27b,H_neutral,aegislab,ts-train-service,2,0,0.25
visual_counterfactual_rca,qwen3.8-27b,H_neutral,aegislab,ts-travel-plan-service,3,0.66666667,0.66666667
visual_counterfactual_rca,qwen3.8-27b,H_neutral,aegislab,ts-travel-service,3,0,0
visual_counterfactual_rca,qwen3.8-27b,H_neutral,aegislab,ts-travel2-service,2,0,0.25
visual_counterfactual_rca,qwen3.8-27b,H_neutral,aegislab,ts-user-service,1,1,1
visual_counterfactual_rca,qwen3.8-27b,H_neutral,aegislab,ts-verification-code-service,1,0,0
visual_counterfactual_rca,qwen3.8-27b,H_neutral,aiops2022,adservice,1,0,0.33333333
visual_counterfactual_rca,qwen3.8-27b,H_neutral,aiops2022,adservice-0,1,0,0
visual_counterfactual_rca,qwen3.8-27b,H_neutral,aiops2022,adservice-1,1,0,0.5
visual_counterfactual_rca,qwen3.8-27b,H_neutral,aiops2022,adservice2-0,1,1,1
visual_counterfactual_rca,qwen3.8-27b,H_neutral,aiops2022,cartservice,4,0,0.25
visual_counterfactual_rca,qwen3.8-27b,H_neutral,aiops2022,cartservice-0,1,0,0
visual_counterfactual_rca,qwen3.8-27b,H_neutral,aiops2022,cartservice2-0,1,0,0
visual_counterfactual_rca,qwen3.8-27b,H_neutral,aiops2022,checkoutservice,2,0.5,0.5
visual_counterfactual_rca,qwen3.8-27b,H_neutral,aiops2022,checkoutservice-0,1,1,1
visual_counterfactual_rca,qwen3.8-27b,H_neutral,aiops2022,checkoutservice-1,2,0,0
visual_counterfactual_rca,qwen3.8-27b,H_neutral,aiops2022,currencyservice,2,0,0
visual_counterfactual_rca,qwen3.8-27b,H_neutral,aiops2022,currencyservice-1,1,0,0
visual_counterfactual_rca,qwen3.8-27b,H_neutral,aiops2022,currencyservice-2,1,0,0.5
visual_counterfactual_rca,qwen3.8-27b,H_neutral,aiops2022,emailservice,3,0,0.33333333
visual_counterfactual_rca,qwen3.8-27b,H_neutral,aiops2022,frontend,3,0,0.44444444
visual_counterfactual_rca,qwen3.8-27b,H_neutral,aiops2022,node-1,1,0,0
visual_counterfactual_rca,qwen3.8-27b,H_neutral,aiops2022,node-2,3,0.33333333,0.66666667
visual_counterfactual_rca,qwen3.8-27b,H_neutral,aiops2022,node-3,2,0,0.125
visual_counterfactual_rca,qwen3.8-27b,H_neutral,aiops2022,node-4,3,0,0.33333333
visual_counterfactual_rca,qwen3.8-27b,H_neutral,aiops2022,node-5,7,0.14285714,0.28571429
visual_counterfactual_rca,qwen3.8-27b,H_neutral,aiops2022,node-6,1,1,1
visual_counterfactual_rca,qwen3.8-27b,H_neutral,aiops2022,paymentservice,1,0,0
visual_counterfactual_rca,qwen3.8-27b,H_neutral,aiops2022,productcatalogservice,1,0,0
visual_counterfactual_rca,qwen3.8-27b,H_neutral,aiops2022,productcatalogservice-0,1,0,0
visual_counterfactual_rca,qwen3.8-27b,H_neutral,aiops2022,productcatalogservice-1,2,0,0
visual_counterfactual_rca,qwen3.8-27b,H_neutral,aiops2022,productcatalogservice-2,2,0,0
visual_counterfactual_rca,qwen3.8-27b,H_neutral,aiops2022,productcatalogservice2-0,1,0,0
visual_counterfactual_rca,qwen3.8-27b,H_neutral,aiops2022,recommendationservice,3,0,0.16666667
visual_counterfactual_rca,qwen3.8-27b,H_neutral,aiops2022,recommendationservice-2,1,0,0.33333333
visual_counterfactual_rca,qwen3.8-27b,H_neutral,aiops2022,shippingservice,4,0.25,0.375
visual_counterfactual_rca,qwen3.8-27b,H_neutral,aiops2022,shippingservice-0,1,0,0
visual_counterfactual_rca,qwen3.8-27b,H_neutral,aiops2022,shippingservice-1,1,0,0
visual_counterfactual_rca,qwen3.8-27b,H_neutral,aiops2022,shippingservice2-0,1,0,0.33333333
visual_counterfactual_rca,qwen3.8-27b,H_neutral,aiops2025,adservice,14,0.14285714,0.24404762
visual_counterfactual_rca,qwen3.8-27b,H_neutral,aiops2025,cartservice,7,0.28571429,0.4047619
visual_counterfactual_rca,qwen3.8-27b,H_neutral,aiops2025,checkoutservice,17,0.11764706,0.2745098
visual_counterfactual_rca,qwen3.8-27b,H_neutral,aiops2025,currencyservice,4,0.25,0.25
visual_counterfactual_rca,qwen3.8-27b,H_neutral,aiops2025,emailservice,2,0,0
visual_counterfactual_rca,qwen3.8-27b,H_neutral,aiops2025,frontend,3,0.33333333,0.5
visual_counterfactual_rca,qwen3.8-27b,H_neutral,aiops2025,node-1,3,0,0
visual_counterfactual_rca,qwen3.8-27b,H_neutral,aiops2025,node-3,3,0.66666667,0.66666667
visual_counterfactual_rca,qwen3.8-27b,H_neutral,aiops2025,node-4,1,1,1
visual_counterfactual_rca,qwen3.8-27b,H_neutral,aiops2025,node-5,4,0.25,0.33333333
visual_counterfactual_rca,qwen3.8-27b,H_neutral,aiops2025,node-6,5,0,0.05
visual_counterfactual_rca,qwen3.8-27b,H_neutral,aiops2025,node-7,2,0,0.25
visual_counterfactual_rca,qwen3.8-27b,H_neutral,aiops2025,node-8,4,0.25,0.39583333
visual_counterfactual_rca,qwen3.8-27b,H_neutral,aiops2025,paymentservice,1,0,0
visual_counterfactual_rca,qwen3.8-27b,H_neutral,aiops2025,productcatalogservice,4,0,0
visual_counterfactual_rca,qwen3.8-27b,H_neutral,aiops2025,recommendationservice,1,0,0
visual_counterfactual_rca,qwen3.8-27b,H_neutral,aiops2025,shippingservice,6,0,0.083333333
visual_counterfactual_rca,qwen3.8-27b,H_neutral,aiops2025,tidb-tidb,2,0.5,0.5
visual_counterfactual_rca,qwen3.8-27b,H_neutral,aiops2025,tidb-tikv,10,0,0.24166667
visual_counterfactual_rca,qwen3.8-27b,H_neutral,re2_ob,checkoutservice,18,0.72222222,0.83333333
visual_counterfactual_rca,qwen3.8-27b,H_neutral,re2_ob,currencyservice,18,0.33333333,0.52777778
visual_counterfactual_rca,qwen3.8-27b,H_neutral,re2_ob,emailservice,18,0.72222222,0.8287037
visual_counterfactual_rca,qwen3.8-27b,H_neutral,re2_ob,productcatalogservice,18,0.38888889,0.51851852
visual_counterfactual_rca,qwen3.8-27b,H_neutral,re2_ob,recommendationservice,18,0.66666667,0.81018519
visual_counterfactual_rca,qwen3.8-27b,H_neutral,re2_tt,ts-auth-service,18,0.66666667,0.69444444
visual_counterfactual_rca,qwen3.8-27b,H_neutral,re2_tt,ts-order-service,18,0.5,0.67592593
visual_counterfactual_rca,qwen3.8-27b,H_neutral,re2_tt,ts-route-service,18,0.33333333,0.5462963
visual_counterfactual_rca,qwen3.8-27b,H_neutral,re2_tt,ts-train-service,18,0.66666667,0.74074074
visual_counterfactual_rca,qwen3.8-27b,H_neutral,re2_tt,ts-travel-service,18,0.44444444,0.62962963
visual_counterfactual_rca,qwen3.8-27b,H_placebo,aegislab,mysql,6,0.33333333,0.47222222
visual_counterfactual_rca,qwen3.8-27b,H_placebo,aegislab,ts-assurance-service,5,0.6,0.7
visual_counterfactual_rca,qwen3.8-27b,H_placebo,aegislab,ts-auth-service,4,0.25,0.375
visual_counterfactual_rca,qwen3.8-27b,H_placebo,aegislab,ts-basic-service,19,0.052631579,0.17982456
visual_counterfactual_rca,qwen3.8-27b,H_placebo,aegislab,ts-config-service,6,0.16666667,0.22222222
visual_counterfactual_rca,qwen3.8-27b,H_placebo,aegislab,ts-consign-service,2,0,0.25
visual_counterfactual_rca,qwen3.8-27b,H_placebo,aegislab,ts-contacts-service,2,0.5,0.66666667
visual_counterfactual_rca,qwen3.8-27b,H_placebo,aegislab,ts-food-service,3,0,0.33333333
visual_counterfactual_rca,qwen3.8-27b,H_placebo,aegislab,ts-inside-payment-service,2,1,1
visual_counterfactual_rca,qwen3.8-27b,H_placebo,aegislab,ts-order-other-service,4,0,0.3125
visual_counterfactual_rca,qwen3.8-27b,H_placebo,aegislab,ts-order-service,5,0,0.15
visual_counterfactual_rca,qwen3.8-27b,H_placebo,aegislab,ts-preserve-service,5,0.2,0.46666667
visual_counterfactual_rca,qwen3.8-27b,H_placebo,aegislab,ts-price-service,2,0.5,0.75
visual_counterfactual_rca,qwen3.8-27b,H_placebo,aegislab,ts-route-plan-service,6,0.16666667,0.25555556
visual_counterfactual_rca,qwen3.8-27b,H_placebo,aegislab,ts-route-service,4,0,0.45833333
visual_counterfactual_rca,qwen3.8-27b,H_placebo,aegislab,ts-seat-service,6,0,0.30555556
visual_counterfactual_rca,qwen3.8-27b,H_placebo,aegislab,ts-security-service,1,0,0.5
visual_counterfactual_rca,qwen3.8-27b,H_placebo,aegislab,ts-station-food-service,1,1,1
visual_counterfactual_rca,qwen3.8-27b,H_placebo,aegislab,ts-station-service,1,0,0.25
visual_counterfactual_rca,qwen3.8-27b,H_placebo,aegislab,ts-train-service,2,0,0.25
visual_counterfactual_rca,qwen3.8-27b,H_placebo,aegislab,ts-travel-plan-service,3,0.66666667,0.66666667
visual_counterfactual_rca,qwen3.8-27b,H_placebo,aegislab,ts-travel-service,3,0,0
visual_counterfactual_rca,qwen3.8-27b,H_placebo,aegislab,ts-travel2-service,2,0,0.25
visual_counterfactual_rca,qwen3.8-27b,H_placebo,aegislab,ts-user-service,1,1,1
visual_counterfactual_rca,qwen3.8-27b,H_placebo,aegislab,ts-verification-code-service,1,0,0
visual_counterfactual_rca,qwen3.8-27b,H_placebo,aiops2022,adservice,1,0,0.5
visual_counterfactual_rca,qwen3.8-27b,H_placebo,aiops2022,adservice-0,1,0,0.5
visual_counterfactual_rca,qwen3.8-27b,H_placebo,aiops2022,adservice-1,1,1,1
visual_counterfactual_rca,qwen3.8-27b,H_placebo,aiops2022,adservice2-0,1,0,0.5
visual_counterfactual_rca,qwen3.8-27b,H_placebo,aiops2022,cartservice,4,0.25,0.45833333
visual_counterfactual_rca,qwen3.8-27b,H_placebo,aiops2022,cartservice-0,1,0,0
visual_counterfactual_rca,qwen3.8-27b,H_placebo,aiops2022,cartservice2-0,1,0,0
visual_counterfactual_rca,qwen3.8-27b,H_placebo,aiops2022,checkoutservice,2,0,0.25
visual_counterfactual_rca,qwen3.8-27b,H_placebo,aiops2022,checkoutservice-0,1,1,1
visual_counterfactual_rca,qwen3.8-27b,H_placebo,aiops2022,checkoutservice-1,2,0.5,0.5
visual_counterfactual_rca,qwen3.8-27b,H_placebo,aiops2022,currencyservice,2,0,0
visual_counterfactual_rca,qwen3.8-27b,H_placebo,aiops2022,currencyservice-1,1,0,0
visual_counterfactual_rca,qwen3.8-27b,H_placebo,aiops2022,currencyservice-2,1,1,1
visual_counterfactual_rca,qwen3.8-27b,H_placebo,aiops2022,emailservice,3,0.33333333,0.41666667
visual_counterfactual_rca,qwen3.8-27b,H_placebo,aiops2022,frontend,3,0,0.44444444
visual_counterfactual_rca,qwen3.8-27b,H_placebo,aiops2022,node-1,1,0,0
visual_counterfactual_rca,qwen3.8-27b,H_placebo,aiops2022,node-2,3,0.66666667,0.77777778
visual_counterfactual_rca,qwen3.8-27b,H_placebo,aiops2022,node-3,2,0,0
visual_counterfactual_rca,qwen3.8-27b,H_placebo,aiops2022,node-4,3,0,0.16666667
visual_counterfactual_rca,qwen3.8-27b,H_placebo,aiops2022,node-5,7,0.14285714,0.19047619
visual_counterfactual_rca,qwen3.8-27b,H_placebo,aiops2022,node-6,1,0,0
visual_counterfactual_rca,qwen3.8-27b,H_placebo,aiops2022,paymentservice,1,0,0
visual_counterfactual_rca,qwen3.8-27b,H_placebo,aiops2022,productcatalogservice,1,0,0
visual_counterfactual_rca,qwen3.8-27b,H_placebo,aiops2022,productcatalogservice-0,1,0,0
visual_counterfactual_rca,qwen3.8-27b,H_placebo,aiops2022,productcatalogservice-1,2,0,0
visual_counterfactual_rca,qwen3.8-27b,H_placebo,aiops2022,productcatalogservice-2,2,0,0
visual_counterfactual_rca,qwen3.8-27b,H_placebo,aiops2022,productcatalogservice2-0,1,0,0.33333333
visual_counterfactual_rca,qwen3.8-27b,H_placebo,aiops2022,recommendationservice,3,0,0.22222222
visual_counterfactual_rca,qwen3.8-27b,H_placebo,aiops2022,recommendationservice-2,1,0,0
visual_counterfactual_rca,qwen3.8-27b,H_placebo,aiops2022,shippingservice,4,0.25,0.375
visual_counterfactual_rca,qwen3.8-27b,H_placebo,aiops2022,shippingservice-0,1,0,0
visual_counterfactual_rca,qwen3.8-27b,H_placebo,aiops2022,shippingservice-1,1,0,0
visual_counterfactual_rca,qwen3.8-27b,H_placebo,aiops2022,shippingservice2-0,1,0,0
visual_counterfactual_rca,qwen3.8-27b,H_placebo,aiops2025,adservice,14,0.35714286,0.3952381
visual_counterfactual_rca,qwen3.8-27b,H_placebo,aiops2025,cartservice,7,0.14285714,0.33333333
visual_counterfactual_rca,qwen3.8-27b,H_placebo,aiops2025,checkoutservice,17,0.11764706,0.26470588
visual_counterfactual_rca,qwen3.8-27b,H_placebo,aiops2025,currencyservice,4,0.25,0.25
visual_counterfactual_rca,qwen3.8-27b,H_placebo,aiops2025,emailservice,2,0,0
visual_counterfactual_rca,qwen3.8-27b,H_placebo,aiops2025,frontend,3,0.33333333,0.5
visual_counterfactual_rca,qwen3.8-27b,H_placebo,aiops2025,node-1,3,0,0
visual_counterfactual_rca,qwen3.8-27b,H_placebo,aiops2025,node-3,3,0.66666667,0.66666667
visual_counterfactual_rca,qwen3.8-27b,H_placebo,aiops2025,node-4,1,1,1
visual_counterfactual_rca,qwen3.8-27b,H_placebo,aiops2025,node-5,4,0.25,0.33333333
visual_counterfactual_rca,qwen3.8-27b,H_placebo,aiops2025,node-6,5,0,0.04
visual_counterfactual_rca,qwen3.8-27b,H_placebo,aiops2025,node-7,2,0,0.25
visual_counterfactual_rca,qwen3.8-27b,H_placebo,aiops2025,node-8,4,0.25,0.25
visual_counterfactual_rca,qwen3.8-27b,H_placebo,aiops2025,paymentservice,1,0,0
visual_counterfactual_rca,qwen3.8-27b,H_placebo,aiops2025,productcatalogservice,4,0.25,0.25
visual_counterfactual_rca,qwen3.8-27b,H_placebo,aiops2025,recommendationservice,1,0,0
visual_counterfactual_rca,qwen3.8-27b,H_placebo,aiops2025,shippingservice,6,0,0.11666667
visual_counterfactual_rca,qwen3.8-27b,H_placebo,aiops2025,tidb-tidb,2,0,0
visual_counterfactual_rca,qwen3.8-27b,H_placebo,aiops2025,tidb-tikv,10,0,0.21666667
visual_counterfactual_rca,qwen3.8-27b,H_placebo,re2_ob,checkoutservice,18,0.77777778,0.87037037
visual_counterfactual_rca,qwen3.8-27b,H_placebo,re2_ob,currencyservice,18,0.27777778,0.47222222
visual_counterfactual_rca,qwen3.8-27b,H_placebo,re2_ob,emailservice,18,0.77777778,0.87037037
visual_counterfactual_rca,qwen3.8-27b,H_placebo,re2_ob,productcatalogservice,18,0.33333333,0.48333333
visual_counterfactual_rca,qwen3.8-27b,H_placebo,re2_ob,recommendationservice,18,0.61111111,0.7962963
visual_counterfactual_rca,qwen3.8-27b,H_placebo,re2_tt,ts-auth-service,18,0.66666667,0.69444444
visual_counterfactual_rca,qwen3.8-27b,H_placebo,re2_tt,ts-order-service,18,0.38888889,0.56944444
visual_counterfactual_rca,qwen3.8-27b,H_placebo,re2_tt,ts-route-service,18,0.27777778,0.46759259
visual_counterfactual_rca,qwen3.8-27b,H_placebo,re2_tt,ts-train-service,18,0.66666667,0.75925926
visual_counterfactual_rca,qwen3.8-27b,H_placebo,re2_tt,ts-travel-service,18,0.55555556,0.68518519
visual_counterfactual_rca,qwen3.8-27b,H_targeted,aegislab,mysql,6,0.33333333,0.44444444
visual_counterfactual_rca,qwen3.8-27b,H_targeted,aegislab,ts-assurance-service,5,0.4,0.55
visual_counterfactual_rca,qwen3.8-27b,H_targeted,aegislab,ts-auth-service,4,0.25,0.425
visual_counterfactual_rca,qwen3.8-27b,H_targeted,aegislab,ts-basic-service,19,0.15789474,0.22807018
visual_counterfactual_rca,qwen3.8-27b,H_targeted,aegislab,ts-config-service,6,0.16666667,0.36111111
visual_counterfactual_rca,qwen3.8-27b,H_targeted,aegislab,ts-consign-service,2,0,0.25
visual_counterfactual_rca,qwen3.8-27b,H_targeted,aegislab,ts-contacts-service,2,0,0.41666667
visual_counterfactual_rca,qwen3.8-27b,H_targeted,aegislab,ts-food-service,3,0,0.27777778
visual_counterfactual_rca,qwen3.8-27b,H_targeted,aegislab,ts-inside-payment-service,2,0.5,0.66666667
visual_counterfactual_rca,qwen3.8-27b,H_targeted,aegislab,ts-order-other-service,4,0,0.27083333
visual_counterfactual_rca,qwen3.8-27b,H_targeted,aegislab,ts-order-service,5,0,0.21666667
visual_counterfactual_rca,qwen3.8-27b,H_targeted,aegislab,ts-preserve-service,5,0,0.26666667
visual_counterfactual_rca,qwen3.8-27b,H_targeted,aegislab,ts-price-service,2,0,0.35
visual_counterfactual_rca,qwen3.8-27b,H_targeted,aegislab,ts-route-plan-service,6,0.16666667,0.27777778
visual_counterfactual_rca,qwen3.8-27b,H_targeted,aegislab,ts-route-service,4,0,0.45833333
visual_counterfactual_rca,qwen3.8-27b,H_targeted,aegislab,ts-seat-service,6,0.16666667,0.47222222
visual_counterfactual_rca,qwen3.8-27b,H_targeted,aegislab,ts-security-service,1,0,0.33333333
visual_counterfactual_rca,qwen3.8-27b,H_targeted,aegislab,ts-station-food-service,1,1,1
visual_counterfactual_rca,qwen3.8-27b,H_targeted,aegislab,ts-station-service,1,0,0.5
visual_counterfactual_rca,qwen3.8-27b,H_targeted,aegislab,ts-train-service,2,0,0.25
visual_counterfactual_rca,qwen3.8-27b,H_targeted,aegislab,ts-travel-plan-service,3,0.66666667,0.77777778
visual_counterfactual_rca,qwen3.8-27b,H_targeted,aegislab,ts-travel-service,3,0.33333333,0.33333333
visual_counterfactual_rca,qwen3.8-27b,H_targeted,aegislab,ts-travel2-service,2,0,0.125
visual_counterfactual_rca,qwen3.8-27b,H_targeted,aegislab,ts-user-service,1,1,1
visual_counterfactual_rca,qwen3.8-27b,H_targeted,aegislab,ts-verification-code-service,1,0,0
visual_counterfactual_rca,qwen3.8-27b,H_targeted,aiops2022,adservice,1,0,0.5
visual_counterfactual_rca,qwen3.8-27b,H_targeted,aiops2022,adservice-0,1,0,0.5
visual_counterfactual_rca,qwen3.8-27b,H_targeted,aiops2022,adservice-1,1,1,1
visual_counterfactual_rca,qwen3.8-27b,H_targeted,aiops2022,adservice2-0,1,0,0.5
visual_counterfactual_rca,qwen3.8-27b,H_targeted,aiops2022,cartservice,4,0.25,0.375
visual_counterfactual_rca,qwen3.8-27b,H_targeted,aiops2022,cartservice-0,1,0,0
visual_counterfactual_rca,qwen3.8-27b,H_targeted,aiops2022,cartservice2-0,1,0,0
visual_counterfactual_rca,qwen3.8-27b,H_targeted,aiops2022,checkoutservice,2,0.5,0.5
visual_counterfactual_rca,qwen3.8-27b,H_targeted,aiops2022,checkoutservice-0,1,1,1
visual_counterfactual_rca,qwen3.8-27b,H_targeted,aiops2022,checkoutservice-1,2,0,0
visual_counterfactual_rca,qwen3.8-27b,H_targeted,aiops2022,currencyservice,2,0,0
visual_counterfactual_rca,qwen3.8-27b,H_targeted,aiops2022,currencyservice-1,1,0,0
visual_counterfactual_rca,qwen3.8-27b,H_targeted,aiops2022,currencyservice-2,1,0,0.33333333
visual_counterfactual_rca,qwen3.8-27b,H_targeted,aiops2022,emailservice,3,0,0.16666667
visual_counterfactual_rca,qwen3.8-27b,H_targeted,aiops2022,frontend,3,0,0.38888889
visual_counterfactual_rca,qwen3.8-27b,H_targeted,aiops2022,node-1,1,0,0
visual_counterfactual_rca,qwen3.8-27b,H_targeted,aiops2022,node-2,3,0.33333333,0.33333333
visual_counterfactual_rca,qwen3.8-27b,H_targeted,aiops2022,node-3,2,0,0
visual_counterfactual_rca,qwen3.8-27b,H_targeted,aiops2022,node-4,3,0,0.33333333
visual_counterfactual_rca,qwen3.8-27b,H_targeted,aiops2022,node-5,7,0.28571429,0.28571429
visual_counterfactual_rca,qwen3.8-27b,H_targeted,aiops2022,node-6,1,0,0.33333333
visual_counterfactual_rca,qwen3.8-27b,H_targeted,aiops2022,paymentservice,1,0,0
visual_counterfactual_rca,qwen3.8-27b,H_targeted,aiops2022,productcatalogservice,1,0,0
visual_counterfactual_rca,qwen3.8-27b,H_targeted,aiops2022,productcatalogservice-0,1,0,0
visual_counterfactual_rca,qwen3.8-27b,H_targeted,aiops2022,productcatalogservice-1,2,0,0
visual_counterfactual_rca,qwen3.8-27b,H_targeted,aiops2022,productcatalogservice-2,2,0,0
visual_counterfactual_rca,qwen3.8-27b,H_targeted,aiops2022,productcatalogservice2-0,1,0,0.33333333
visual_counterfactual_rca,qwen3.8-27b,H_targeted,aiops2022,recommendationservice,3,0,0.11111111
visual_counterfactual_rca,qwen3.8-27b,H_targeted,aiops2022,recommendationservice-2,1,0,0
visual_counterfactual_rca,qwen3.8-27b,H_targeted,aiops2022,shippingservice,4,0.25,0.375
visual_counterfactual_rca,qwen3.8-27b,H_targeted,aiops2022,shippingservice-0,1,0,0
visual_counterfactual_rca,qwen3.8-27b,H_targeted,aiops2022,shippingservice-1,1,0,0
visual_counterfactual_rca,qwen3.8-27b,H_targeted,aiops2022,shippingservice2-0,1,0,0
visual_counterfactual_rca,qwen3.8-27b,H_targeted,aiops2025,adservice,14,0.28571429,0.30952381
visual_counterfactual_rca,qwen3.8-27b,H_targeted,aiops2025,cartservice,7,0.14285714,0.31428571
visual_counterfactual_rca,qwen3.8-27b,H_targeted,aiops2025,checkoutservice,17,0.11764706,0.22254902
visual_counterfactual_rca,qwen3.8-27b,H_targeted,aiops2025,currencyservice,4,0.25,0.25
visual_counterfactual_rca,qwen3.8-27b,H_targeted,aiops2025,emailservice,2,0,0
visual_counterfactual_rca,qwen3.8-27b,H_targeted,aiops2025,frontend,3,0.33333333,0.5
visual_counterfactual_rca,qwen3.8-27b,H_targeted,aiops2025,node-1,3,0,0
visual_counterfactual_rca,qwen3.8-27b,H_targeted,aiops2025,node-3,3,0.33333333,0.4
visual_counterfactual_rca,qwen3.8-27b,H_targeted,aiops2025,node-4,1,1,1
visual_counterfactual_rca,qwen3.8-27b,H_targeted,aiops2025,node-5,4,0.25,0.33333333
visual_counterfactual_rca,qwen3.8-27b,H_targeted,aiops2025,node-6,5,0,0
visual_counterfactual_rca,qwen3.8-27b,H_targeted,aiops2025,node-7,2,0,0.25
visual_counterfactual_rca,qwen3.8-27b,H_targeted,aiops2025,node-8,4,0.25,0.3125
visual_counterfactual_rca,qwen3.8-27b,H_targeted,aiops2025,paymentservice,1,0,0
visual_counterfactual_rca,qwen3.8-27b,H_targeted,aiops2025,productcatalogservice,4,0,0.125
visual_counterfactual_rca,qwen3.8-27b,H_targeted,aiops2025,recommendationservice,1,0,0
visual_counterfactual_rca,qwen3.8-27b,H_targeted,aiops2025,shippingservice,6,0,0.17222222
visual_counterfactual_rca,qwen3.8-27b,H_targeted,aiops2025,tidb-tidb,2,0,0
visual_counterfactual_rca,qwen3.8-27b,H_targeted,aiops2025,tidb-tikv,10,0,0.21666667
visual_counterfactual_rca,qwen3.8-27b,H_targeted,re2_ob,checkoutservice,18,0.72222222,0.83796296
visual_counterfactual_rca,qwen3.8-27b,H_targeted,re2_ob,currencyservice,18,0.27777778,0.47222222
visual_counterfactual_rca,qwen3.8-27b,H_targeted,re2_ob,emailservice,18,0.77777778,0.87962963
visual_counterfactual_rca,qwen3.8-27b,H_targeted,re2_ob,productcatalogservice,18,0.27777778,0.45833333
visual_counterfactual_rca,qwen3.8-27b,H_targeted,re2_ob,recommendationservice,18,0.61111111,0.77777778
visual_counterfactual_rca,qwen3.8-27b,H_targeted,re2_tt,ts-auth-service,18,0.66666667,0.69444444
visual_counterfactual_rca,qwen3.8-27b,H_targeted,re2_tt,ts-order-service,18,0.27777778,0.53240741
visual_counterfactual_rca,qwen3.8-27b,H_targeted,re2_tt,ts-route-service,18,0.27777778,0.54166667
visual_counterfactual_rca,qwen3.8-27b,H_targeted,re2_tt,ts-train-service,18,0.55555556,0.71296296
visual_counterfactual_rca,qwen3.8-27b,H_targeted,re2_tt,ts-travel-service,18,0.44444444,0.60648148
